season,team,conference,statName,statValue,fetched_at
2020,Air Force,Mountain West,firstDowns,128,2026-09-29T20:11:17Z
2020,Air Force,Mountain West,firstDownsOpponent,106,2026-09-29T20:11:17Z
2020,Air Force,Mountain West,fourthDownConversions,8,2026-09-29T20:11:17Z
2020,Air Force,Mountain West,fourthDownConversionsOpponent,3,2026-09-29T20:11:17Z
2020,Air Force,Mountain West,fourthDowns,11,2026-09-29T20:11:17Z
2020,Air Force,Mountain West,fourthDownsOpponent,10,2026-09-29T20:11:17Z
2020,Air Force,Mountain West,fumblesLost,5,2026-09-29T20:11:17Z
2020,Air Force,Mountain West,fumblesLostOpponent,3,2026-09-29T20:11:17Z
2020,Air Force,Mountain West,fumblesRecovered,3,2026-09-29T20:11:17Z
2020,Air Force,Mountain West,fumblesRecoveredOpponent,5,2026-09-29T20:11:17Z
2020,Air Force,Mountain West,games,6,2026-09-29T20:11:17Z
2020,Air Force,Mountain West,interceptions,3,2026-09-29T20:11:17Z
2020,Air Force,Mountain West,interceptionsOpponent,5,2026-09-29T20:11:17Z
2020,Air Force,Mountain West,interceptionTDs,0,2026-09-29T20:11:17Z
2020,Air Force,Mountain West,interceptionTDsOpponent,0,2026-09-29T20:11:17Z
2020,Air Force,Mountain West,interceptionYards,88,2026-09-29T20:11:17Z
2020,Air Force,Mountain West,interceptionYardsOpponent,0,2026-09-29T20:11:17Z
2020,Air Force,Mountain West,kickReturns,1,2026-09-29T20:11:17Z
2020,Air Force,Mountain West,kickReturnsOpponent,12,2026-09-29T20:11:17Z
2020,Air Force,Mountain West,kickReturnTDs,0,2026-09-29T20:11:17Z
2020,Air Force,Mountain West,kickReturnTDsOpponent,1,2026-09-29T20:11:17Z
2020,Air Force,Mountain West,kickReturnYards,32,2026-09-29T20:11:17Z
2020,Air Force,Mountain West,kickReturnYardsOpponent,297,2026-09-29T20:11:17Z
2020,Air Force,Mountain West,netPassingYards,502,2026-09-29T20:11:17Z
2020,Air Force,Mountain West,netPassingYardsOpponent,1001,2026-09-29T20:11:17Z
2020,Air Force,Mountain West,passAttempts,61,2026-09-29T20:11:17Z
2020,Air Force,Mountain West,passAttemptsOpponent,143,2026-09-29T20:11:17Z
2020,Air Force,Mountain West,passCompletions,34,2026-09-29T20:11:17Z
2020,Air Force,Mountain West,passCompletionsOpponent,88,2026-09-29T20:11:17Z
2020,Air Force,Mountain West,passesIntercepted,5,2026-09-29T20:11:17Z
2020,Air Force,Mountain West,passesInterceptedOpponent,1,2026-09-29T20:11:17Z
2020,Air Force,Mountain West,passingTDs,3,2026-09-29T20:11:17Z
2020,Air Force,Mountain West,passingTDsOpponent,7,2026-09-29T20:11:17Z
2020,Air Force,Mountain West,penalties,27,2026-09-29T20:11:17Z
2020,Air Force,Mountain West,penaltiesOpponent,29,2026-09-29T20:11:17Z
2020,Air Force,Mountain West,penaltyYards,245,2026-09-29T20:11:17Z
2020,Air Force,Mountain West,penaltyYardsOpponent,265,2026-09-29T20:11:17Z
2020,Air Force,Mountain West,possessionTime,11700,2026-09-29T20:11:17Z
2020,Air Force,Mountain West,possessionTimeOpponent,9900,2026-09-29T20:11:17Z
2020,Air Force,Mountain West,puntReturns,1,2026-09-29T20:11:17Z
2020,Air Force,Mountain West,puntReturnsOpponent,4,2026-09-29T20:11:17Z
2020,Air Force,Mountain West,puntReturnTDs,0,2026-09-29T20:11:17Z
2020,Air Force,Mountain West,puntReturnTDsOpponent,0,2026-09-29T20:11:17Z
2020,Air Force,Mountain West,puntReturnYards,5,2026-09-29T20:11:17Z
2020,Air Force,Mountain West,puntReturnYardsOpponent,15,2026-09-29T20:11:17Z
2020,Air Force,Mountain West,rushingAttempts,312,2026-09-29T20:11:17Z
2020,Air Force,Mountain West,rushingAttemptsOpponent,217,2026-09-29T20:11:17Z
2020,Air Force,Mountain West,rushingTDs,16,2026-09-29T20:11:17Z
2020,Air Force,Mountain West,rushingTDsOpponent,4,2026-09-29T20:11:17Z
2020,Air Force,Mountain West,rushingYards,1834,2026-09-29T20:11:17Z
2020,Air Force,Mountain West,rushingYardsOpponent,819,2026-09-29T20:11:17Z
2020,Air Force,Mountain West,sacks,7,2026-09-29T20:11:17Z
2020,Air Force,Mountain West,sacksOpponent,2,2026-09-29T20:11:17Z
2020,Air Force,Mountain West,tacklesForLoss,17,2026-09-29T20:11:17Z
2020,Air Force,Mountain West,tacklesForLossOpponent,16,2026-09-29T20:11:17Z
2020,Air Force,Mountain West,thirdDownConversions,33,2026-09-29T20:11:17Z
2020,Air Force,Mountain West,thirdDownConversionsOpponent,34,2026-09-29T20:11:17Z
2020,Air Force,Mountain West,thirdDowns,68,2026-09-29T20:11:17Z
2020,Air Force,Mountain West,thirdDownsOpponent,73,2026-09-29T20:11:17Z
2020,Air Force,Mountain West,totalYards,2336,2026-09-29T20:11:17Z
2020,Air Force,Mountain West,totalYardsOpponent,1820,2026-09-29T20:11:17Z
2020,Air Force,Mountain West,turnovers,8,2026-09-29T20:11:17Z
2020,Air Force,Mountain West,turnoversOpponent,8,2026-09-29T20:11:17Z
2020,Akron,Mid-American,firstDowns,95,2026-09-29T20:11:17Z
2020,Akron,Mid-American,firstDownsOpponent,124,2026-09-29T20:11:17Z
2020,Akron,Mid-American,fourthDownConversions,4,2026-09-29T20:11:17Z
2020,Akron,Mid-American,fourthDownConversionsOpponent,4,2026-09-29T20:11:17Z
2020,Akron,Mid-American,fourthDowns,9,2026-09-29T20:11:17Z
2020,Akron,Mid-American,fourthDownsOpponent,7,2026-09-29T20:11:17Z
2020,Akron,Mid-American,fumblesLost,3,2026-09-29T20:11:17Z
2020,Akron,Mid-American,fumblesLostOpponent,4,2026-09-29T20:11:17Z
2020,Akron,Mid-American,fumblesRecovered,4,2026-09-29T20:11:17Z
2020,Akron,Mid-American,fumblesRecoveredOpponent,3,2026-09-29T20:11:17Z
2020,Akron,Mid-American,games,6,2026-09-29T20:11:17Z
2020,Akron,Mid-American,interceptions,6,2026-09-29T20:11:17Z
2020,Akron,Mid-American,interceptionsOpponent,2,2026-09-29T20:11:17Z
2020,Akron,Mid-American,interceptionTDs,0,2026-09-29T20:11:17Z
2020,Akron,Mid-American,interceptionTDsOpponent,2,2026-09-29T20:11:17Z
2020,Akron,Mid-American,interceptionYards,44,2026-09-29T20:11:17Z
2020,Akron,Mid-American,interceptionYardsOpponent,179,2026-09-29T20:11:17Z
2020,Akron,Mid-American,kickReturns,25,2026-09-29T20:11:17Z
2020,Akron,Mid-American,kickReturnsOpponent,16,2026-09-29T20:11:17Z
2020,Akron,Mid-American,kickReturnTDs,0,2026-09-29T20:11:17Z
2020,Akron,Mid-American,kickReturnTDsOpponent,0,2026-09-29T20:11:17Z
2020,Akron,Mid-American,kickReturnYards,496,2026-09-29T20:11:17Z
2020,Akron,Mid-American,kickReturnYardsOpponent,340,2026-09-29T20:11:17Z
2020,Akron,Mid-American,netPassingYards,838,2026-09-29T20:11:17Z
2020,Akron,Mid-American,netPassingYardsOpponent,1270,2026-09-29T20:11:17Z
2020,Akron,Mid-American,passAttempts,148,2026-09-29T20:11:17Z
2020,Akron,Mid-American,passAttemptsOpponent,127,2026-09-29T20:11:17Z
2020,Akron,Mid-American,passCompletions,83,2026-09-29T20:11:17Z
2020,Akron,Mid-American,passCompletionsOpponent,85,2026-09-29T20:11:17Z
2020,Akron,Mid-American,passesIntercepted,2,2026-09-29T20:11:17Z
2020,Akron,Mid-American,passesInterceptedOpponent,6,2026-09-29T20:11:17Z
2020,Akron,Mid-American,passingTDs,4,2026-09-29T20:11:17Z
2020,Akron,Mid-American,passingTDsOpponent,12,2026-09-29T20:11:17Z
2020,Akron,Mid-American,penalties,23,2026-09-29T20:11:17Z
2020,Akron,Mid-American,penaltiesOpponent,38,2026-09-29T20:11:17Z
2020,Akron,Mid-American,penaltyYards,185,2026-09-29T20:11:17Z
2020,Akron,Mid-American,penaltyYardsOpponent,374,2026-09-29T20:11:17Z
2020,Akron,Mid-American,possessionTime,10800,2026-09-29T20:11:17Z
2020,Akron,Mid-American,possessionTimeOpponent,10424,2026-09-29T20:11:17Z
2020,Akron,Mid-American,puntReturns,3,2026-09-29T20:11:17Z
2020,Akron,Mid-American,puntReturnsOpponent,19,2026-09-29T20:11:17Z
2020,Akron,Mid-American,puntReturnTDs,1,2026-09-29T20:11:17Z
2020,Akron,Mid-American,puntReturnTDsOpponent,0,2026-09-29T20:11:17Z
2020,Akron,Mid-American,puntReturnYards,-8,2026-09-29T20:11:17Z
2020,Akron,Mid-American,puntReturnYardsOpponent,141,2026-09-29T20:11:17Z
2020,Akron,Mid-American,rushingAttempts,211,2026-09-29T20:11:17Z
2020,Akron,Mid-American,rushingAttemptsOpponent,238,2026-09-29T20:11:17Z
2020,Akron,Mid-American,rushingTDs,7,2026-09-29T20:11:17Z
2020,Akron,Mid-American,rushingTDsOpponent,19,2026-09-29T20:11:17Z
2020,Akron,Mid-American,rushingYards,842,2026-09-29T20:11:17Z
2020,Akron,Mid-American,rushingYardsOpponent,1489,2026-09-29T20:11:17Z
2020,Akron,Mid-American,sacks,9,2026-09-29T20:11:17Z
2020,Akron,Mid-American,sacksOpponent,26,2026-09-29T20:11:17Z
2020,Akron,Mid-American,tacklesForLoss,15,2026-09-29T20:11:17Z
2020,Akron,Mid-American,tacklesForLossOpponent,41,2026-09-29T20:11:17Z
2020,Akron,Mid-American,thirdDownConversions,26,2026-09-29T20:11:17Z
2020,Akron,Mid-American,thirdDownConversionsOpponent,39,2026-09-29T20:11:17Z
2020,Akron,Mid-American,thirdDowns,77,2026-09-29T20:11:17Z
2020,Akron,Mid-American,thirdDownsOpponent,73,2026-09-29T20:11:17Z
2020,Akron,Mid-American,totalYards,1680,2026-09-29T20:11:17Z
2020,Akron,Mid-American,totalYardsOpponent,2759,2026-09-29T20:11:17Z
2020,Akron,Mid-American,turnovers,9,2026-09-29T20:11:17Z
2020,Akron,Mid-American,turnoversOpponent,6,2026-09-29T20:11:17Z
2020,Alabama,SEC,firstDowns,365,2026-09-29T20:11:17Z
2020,Alabama,SEC,firstDownsOpponent,259,2026-09-29T20:11:17Z
2020,Alabama,SEC,fourthDownConversions,6,2026-09-29T20:11:17Z
2020,Alabama,SEC,fourthDownConversionsOpponent,13,2026-09-29T20:11:17Z
2020,Alabama,SEC,fourthDowns,9,2026-09-29T20:11:17Z
2020,Alabama,SEC,fourthDownsOpponent,24,2026-09-29T20:11:17Z
2020,Alabama,SEC,fumblesLost,8,2026-09-29T20:11:17Z
2020,Alabama,SEC,fumblesLostOpponent,10,2026-09-29T20:11:17Z
2020,Alabama,SEC,fumblesRecovered,10,2026-09-29T20:11:17Z
2020,Alabama,SEC,fumblesRecoveredOpponent,8,2026-09-29T20:11:17Z
2020,Alabama,SEC,games,13,2026-09-29T20:11:17Z
2020,Alabama,SEC,interceptions,4,2026-09-29T20:11:17Z
2020,Alabama,SEC,interceptionsOpponent,12,2026-09-29T20:11:17Z
2020,Alabama,SEC,interceptionTDs,3,2026-09-29T20:11:17Z
2020,Alabama,SEC,interceptionTDsOpponent,0,2026-09-29T20:11:17Z
2020,Alabama,SEC,interceptionYards,212,2026-09-29T20:11:17Z
2020,Alabama,SEC,interceptionYardsOpponent,83,2026-09-29T20:11:17Z
2020,Alabama,SEC,kickReturns,18,2026-09-29T20:11:17Z
2020,Alabama,SEC,kickReturnsOpponent,34,2026-09-29T20:11:17Z
2020,Alabama,SEC,kickReturnTDs,0,2026-09-29T20:11:17Z
2020,Alabama,SEC,kickReturnTDsOpponent,0,2026-09-29T20:11:17Z
2020,Alabama,SEC,kickReturnYards,276,2026-09-29T20:11:17Z
2020,Alabama,SEC,kickReturnYardsOpponent,618,2026-09-29T20:11:17Z
2020,Alabama,SEC,netPassingYards,4656,2026-09-29T20:11:17Z
2020,Alabama,SEC,netPassingYardsOpponent,3109,2026-09-29T20:11:17Z
2020,Alabama,SEC,passAttempts,425,2026-09-29T20:11:17Z
2020,Alabama,SEC,passAttemptsOpponent,468,2026-09-29T20:11:17Z
2020,Alabama,SEC,passCompletions,324,2026-09-29T20:11:17Z
2020,Alabama,SEC,passCompletionsOpponent,272,2026-09-29T20:11:17Z
2020,Alabama,SEC,passesIntercepted,12,2026-09-29T20:11:17Z
2020,Alabama,SEC,passesInterceptedOpponent,4,2026-09-29T20:11:17Z
2020,Alabama,SEC,passingTDs,42,2026-09-29T20:11:17Z
2020,Alabama,SEC,passingTDsOpponent,15,2026-09-29T20:11:17Z
2020,Alabama,SEC,penalties,78,2026-09-29T20:11:17Z
2020,Alabama,SEC,penaltiesOpponent,76,2026-09-29T20:11:17Z
2020,Alabama,SEC,penaltyYards,625,2026-09-29T20:11:17Z
2020,Alabama,SEC,penaltyYardsOpponent,592,2026-09-29T20:11:17Z
2020,Alabama,SEC,possessionTime,24032,2026-09-29T20:11:17Z
2020,Alabama,SEC,possessionTimeOpponent,22639,2026-09-29T20:11:17Z
2020,Alabama,SEC,puntReturns,20,2026-09-29T20:11:17Z
2020,Alabama,SEC,puntReturnsOpponent,5,2026-09-29T20:11:17Z
2020,Alabama,SEC,puntReturnTDs,1,2026-09-29T20:11:17Z
2020,Alabama,SEC,puntReturnTDsOpponent,0,2026-09-29T20:11:17Z
2020,Alabama,SEC,puntReturnYards,299,2026-09-29T20:11:17Z
2020,Alabama,SEC,puntReturnYardsOpponent,22,2026-09-29T20:11:17Z
2020,Alabama,SEC,rushingAttempts,475,2026-09-29T20:11:17Z
2020,Alabama,SEC,rushingAttemptsOpponent,440,2026-09-29T20:11:17Z
2020,Alabama,SEC,rushingTDs,37,2026-09-29T20:11:17Z
2020,Alabama,SEC,rushingTDsOpponent,15,2026-09-29T20:11:17Z
2020,Alabama,SEC,rushingYards,2378,2026-09-29T20:11:17Z
2020,Alabama,SEC,rushingYardsOpponent,1480,2026-09-29T20:11:17Z
2020,Alabama,SEC,sacks,27,2026-09-29T20:11:17Z
2020,Alabama,SEC,sacksOpponent,18,2026-09-29T20:11:17Z
2020,Alabama,SEC,tacklesForLoss,71,2026-09-29T20:11:17Z
2020,Alabama,SEC,tacklesForLossOpponent,51,2026-09-29T20:11:17Z
2020,Alabama,SEC,thirdDownConversions,87,2026-09-29T20:11:17Z
2020,Alabama,SEC,thirdDownConversionsOpponent,83,2026-09-29T20:11:17Z
2020,Alabama,SEC,thirdDowns,145,2026-09-29T20:11:17Z
2020,Alabama,SEC,thirdDownsOpponent,201,2026-09-29T20:11:17Z
2020,Alabama,SEC,totalYards,7034,2026-09-29T20:11:17Z
2020,Alabama,SEC,totalYardsOpponent,4589,2026-09-29T20:11:17Z
2020,Alabama,SEC,turnovers,12,2026-09-29T20:11:17Z
2020,Alabama,SEC,turnoversOpponent,22,2026-09-29T20:11:17Z
2020,App State,Sun Belt,firstDowns,281,2026-09-29T20:11:17Z
2020,App State,Sun Belt,firstDownsOpponent,223,2026-09-29T20:11:17Z
2020,App State,Sun Belt,fourthDownConversions,11,2026-09-29T20:11:17Z
2020,App State,Sun Belt,fourthDownConversionsOpponent,13,2026-09-29T20:11:17Z
2020,App State,Sun Belt,fourthDowns,20,2026-09-29T20:11:17Z
2020,App State,Sun Belt,fourthDownsOpponent,28,2026-09-29T20:11:17Z
2020,App State,Sun Belt,fumblesLost,6,2026-09-29T20:11:17Z
2020,App State,Sun Belt,fumblesLostOpponent,3,2026-09-29T20:11:17Z
2020,App State,Sun Belt,fumblesRecovered,3,2026-09-29T20:11:17Z
2020,App State,Sun Belt,fumblesRecoveredOpponent,6,2026-09-29T20:11:17Z
2020,App State,Sun Belt,games,12,2026-09-29T20:11:17Z
2020,App State,Sun Belt,interceptions,11,2026-09-29T20:11:17Z
2020,App State,Sun Belt,interceptionsOpponent,15,2026-09-29T20:11:17Z
2020,App State,Sun Belt,interceptionTDs,2,2026-09-29T20:11:17Z
2020,App State,Sun Belt,interceptionTDsOpponent,2,2026-09-29T20:11:17Z
2020,App State,Sun Belt,interceptionYards,231,2026-09-29T20:11:17Z
2020,App State,Sun Belt,interceptionYardsOpponent,106,2026-09-29T20:11:17Z
2020,App State,Sun Belt,kickReturns,33,2026-09-29T20:11:17Z
2020,App State,Sun Belt,kickReturnsOpponent,47,2026-09-29T20:11:17Z
2020,App State,Sun Belt,kickReturnTDs,1,2026-09-29T20:11:17Z
2020,App State,Sun Belt,kickReturnTDsOpponent,1,2026-09-29T20:11:17Z
2020,App State,Sun Belt,kickReturnYards,739,2026-09-29T20:11:17Z
2020,App State,Sun Belt,kickReturnYardsOpponent,728,2026-09-29T20:11:17Z
2020,App State,Sun Belt,netPassingYards,2244,2026-09-29T20:11:17Z
2020,App State,Sun Belt,netPassingYardsOpponent,2135,2026-09-29T20:11:17Z
2020,App State,Sun Belt,passAttempts,300,2026-09-29T20:11:17Z
2020,App State,Sun Belt,passAttemptsOpponent,351,2026-09-29T20:11:17Z
2020,App State,Sun Belt,passCompletions,190,2026-09-29T20:11:17Z
2020,App State,Sun Belt,passCompletionsOpponent,168,2026-09-29T20:11:17Z
2020,App State,Sun Belt,passesIntercepted,15,2026-09-29T20:11:17Z
2020,App State,Sun Belt,passesInterceptedOpponent,11,2026-09-29T20:11:17Z
2020,App State,Sun Belt,passingTDs,21,2026-09-29T20:11:17Z
2020,App State,Sun Belt,passingTDsOpponent,13,2026-09-29T20:11:17Z
2020,App State,Sun Belt,penalties,88,2026-09-29T20:11:17Z
2020,App State,Sun Belt,penaltiesOpponent,66,2026-09-29T20:11:17Z
2020,App State,Sun Belt,penaltyYards,816,2026-09-29T20:11:17Z
2020,App State,Sun Belt,penaltyYardsOpponent,640,2026-09-29T20:11:17Z
2020,App State,Sun Belt,possessionTime,22821,2026-09-29T20:11:17Z
2020,App State,Sun Belt,possessionTimeOpponent,20233,2026-09-29T20:11:17Z
2020,App State,Sun Belt,puntReturns,18,2026-09-29T20:11:17Z
2020,App State,Sun Belt,puntReturnsOpponent,18,2026-09-29T20:11:17Z
2020,App State,Sun Belt,puntReturnTDs,0,2026-09-29T20:11:17Z
2020,App State,Sun Belt,puntReturnTDsOpponent,0,2026-09-29T20:11:17Z
2020,App State,Sun Belt,puntReturnYards,173,2026-09-29T20:11:17Z
2020,App State,Sun Belt,puntReturnYardsOpponent,39,2026-09-29T20:11:17Z
2020,App State,Sun Belt,rushingAttempts,545,2026-09-29T20:11:17Z
2020,App State,Sun Belt,rushingAttemptsOpponent,446,2026-09-29T20:11:17Z
2020,App State,Sun Belt,rushingTDs,28,2026-09-29T20:11:17Z
2020,App State,Sun Belt,rushingTDsOpponent,14,2026-09-29T20:11:17Z
2020,App State,Sun Belt,rushingYards,3180,2026-09-29T20:11:17Z
2020,App State,Sun Belt,rushingYardsOpponent,1816,2026-09-29T20:11:17Z
2020,App State,Sun Belt,sacks,26,2026-09-29T20:11:17Z
2020,App State,Sun Belt,sacksOpponent,20,2026-09-29T20:11:17Z
2020,App State,Sun Belt,tacklesForLoss,66,2026-09-29T20:11:17Z
2020,App State,Sun Belt,tacklesForLossOpponent,58,2026-09-29T20:11:17Z
2020,App State,Sun Belt,thirdDownConversions,83,2026-09-29T20:11:17Z
2020,App State,Sun Belt,thirdDownConversionsOpponent,65,2026-09-29T20:11:17Z
2020,App State,Sun Belt,thirdDowns,162,2026-09-29T20:11:17Z
2020,App State,Sun Belt,thirdDownsOpponent,172,2026-09-29T20:11:17Z
2020,App State,Sun Belt,totalYards,5424,2026-09-29T20:11:17Z
2020,App State,Sun Belt,totalYardsOpponent,3951,2026-09-29T20:11:17Z
2020,App State,Sun Belt,turnovers,17,2026-09-29T20:11:17Z
2020,App State,Sun Belt,turnoversOpponent,18,2026-09-29T20:11:17Z
2020,Arizona,Pac-12,firstDowns,107,2026-09-29T20:11:17Z
2020,Arizona,Pac-12,firstDownsOpponent,108,2026-09-29T20:11:17Z
2020,Arizona,Pac-12,fourthDownConversions,3,2026-09-29T20:11:17Z
2020,Arizona,Pac-12,fourthDownConversionsOpponent,5,2026-09-29T20:11:17Z
2020,Arizona,Pac-12,fourthDowns,12,2026-09-29T20:11:17Z
2020,Arizona,Pac-12,fourthDownsOpponent,8,2026-09-29T20:11:17Z
2020,Arizona,Pac-12,fumblesLost,5,2026-09-29T20:11:17Z
2020,Arizona,Pac-12,fumblesLostOpponent,1,2026-09-29T20:11:17Z
2020,Arizona,Pac-12,fumblesRecovered,1,2026-09-29T20:11:17Z
2020,Arizona,Pac-12,fumblesRecoveredOpponent,5,2026-09-29T20:11:17Z
2020,Arizona,Pac-12,games,5,2026-09-29T20:11:17Z
2020,Arizona,Pac-12,interceptions,7,2026-09-29T20:11:17Z
2020,Arizona,Pac-12,interceptionsOpponent,2,2026-09-29T20:11:17Z
2020,Arizona,Pac-12,interceptionTDs,0,2026-09-29T20:11:17Z
2020,Arizona,Pac-12,interceptionTDsOpponent,0,2026-09-29T20:11:17Z
2020,Arizona,Pac-12,interceptionYards,15,2026-09-29T20:11:17Z
2020,Arizona,Pac-12,interceptionYardsOpponent,64,2026-09-29T20:11:17Z
2020,Arizona,Pac-12,kickReturns,14,2026-09-29T20:11:17Z
2020,Arizona,Pac-12,kickReturnsOpponent,2,2026-09-29T20:11:17Z
2020,Arizona,Pac-12,kickReturnTDs,0,2026-09-29T20:11:17Z
2020,Arizona,Pac-12,kickReturnTDsOpponent,1,2026-09-29T20:11:17Z
2020,Arizona,Pac-12,kickReturnYards,235,2026-09-29T20:11:17Z
2020,Arizona,Pac-12,kickReturnYardsOpponent,110,2026-09-29T20:11:17Z
2020,Arizona,Pac-12,netPassingYards,1065,2026-09-29T20:11:17Z
2020,Arizona,Pac-12,netPassingYardsOpponent,1012,2026-09-29T20:11:17Z
2020,Arizona,Pac-12,passAttempts,188,2026-09-29T20:11:17Z
2020,Arizona,Pac-12,passAttemptsOpponent,122,2026-09-29T20:11:17Z
2020,Arizona,Pac-12,passCompletions,113,2026-09-29T20:11:17Z
2020,Arizona,Pac-12,passCompletionsOpponent,80,2026-09-29T20:11:17Z
2020,Arizona,Pac-12,passesIntercepted,2,2026-09-29T20:11:17Z
2020,Arizona,Pac-12,passesInterceptedOpponent,7,2026-09-29T20:11:17Z
2020,Arizona,Pac-12,passingTDs,6,2026-09-29T20:11:17Z
2020,Arizona,Pac-12,passingTDsOpponent,6,2026-09-29T20:11:17Z
2020,Arizona,Pac-12,penalties,34,2026-09-29T20:11:17Z
2020,Arizona,Pac-12,penaltiesOpponent,34,2026-09-29T20:11:17Z
2020,Arizona,Pac-12,penaltyYards,294,2026-09-29T20:11:17Z
2020,Arizona,Pac-12,penaltyYardsOpponent,301,2026-09-29T20:11:17Z
2020,Arizona,Pac-12,possessionTime,8396,2026-09-29T20:11:17Z
2020,Arizona,Pac-12,possessionTimeOpponent,9601,2026-09-29T20:11:17Z
2020,Arizona,Pac-12,puntReturns,5,2026-09-29T20:11:17Z
2020,Arizona,Pac-12,puntReturnsOpponent,6,2026-09-29T20:11:17Z
2020,Arizona,Pac-12,puntReturnTDs,0,2026-09-29T20:11:17Z
2020,Arizona,Pac-12,puntReturnTDsOpponent,0,2026-09-29T20:11:17Z
2020,Arizona,Pac-12,puntReturnYards,35,2026-09-29T20:11:17Z
2020,Arizona,Pac-12,puntReturnYardsOpponent,61,2026-09-29T20:11:17Z
2020,Arizona,Pac-12,rushingAttempts,184,2026-09-29T20:11:17Z
2020,Arizona,Pac-12,rushingAttemptsOpponent,229,2026-09-29T20:11:17Z
2020,Arizona,Pac-12,rushingTDs,4,2026-09-29T20:11:17Z
2020,Arizona,Pac-12,rushingTDsOpponent,19,2026-09-29T20:11:17Z
2020,Arizona,Pac-12,rushingYards,846,2026-09-29T20:11:17Z
2020,Arizona,Pac-12,rushingYardsOpponent,1354,2026-09-29T20:11:17Z
2020,Arizona,Pac-12,sacks,2,2026-09-29T20:11:17Z
2020,Arizona,Pac-12,sacksOpponent,18,2026-09-29T20:11:17Z
2020,Arizona,Pac-12,tacklesForLoss,25,2026-09-29T20:11:17Z
2020,Arizona,Pac-12,tacklesForLossOpponent,34,2026-09-29T20:11:17Z
2020,Arizona,Pac-12,thirdDownConversions,26,2026-09-29T20:11:17Z
2020,Arizona,Pac-12,thirdDownConversionsOpponent,27,2026-09-29T20:11:17Z
2020,Arizona,Pac-12,thirdDowns,78,2026-09-29T20:11:17Z
2020,Arizona,Pac-12,thirdDownsOpponent,63,2026-09-29T20:11:17Z
2020,Arizona,Pac-12,totalYards,1911,2026-09-29T20:11:17Z
2020,Arizona,Pac-12,totalYardsOpponent,2366,2026-09-29T20:11:17Z
2020,Arizona,Pac-12,turnovers,12,2026-09-29T20:11:17Z
2020,Arizona,Pac-12,turnoversOpponent,3,2026-09-29T20:11:17Z
2020,Arizona State,Pac-12,firstDowns,81,2026-09-29T20:11:17Z
2020,Arizona State,Pac-12,firstDownsOpponent,93,2026-09-29T20:11:17Z
2020,Arizona State,Pac-12,fourthDownConversions,2,2026-09-29T20:11:17Z
2020,Arizona State,Pac-12,fourthDownConversionsOpponent,8,2026-09-29T20:11:17Z
2020,Arizona State,Pac-12,fourthDowns,6,2026-09-29T20:11:17Z
2020,Arizona State,Pac-12,fourthDownsOpponent,16,2026-09-29T20:11:17Z
2020,Arizona State,Pac-12,fumblesLost,3,2026-09-29T20:11:17Z
2020,Arizona State,Pac-12,fumblesLostOpponent,8,2026-09-29T20:11:17Z
2020,Arizona State,Pac-12,fumblesRecovered,8,2026-09-29T20:11:17Z
2020,Arizona State,Pac-12,fumblesRecoveredOpponent,3,2026-09-29T20:11:17Z
2020,Arizona State,Pac-12,games,4,2026-09-29T20:11:17Z
2020,Arizona State,Pac-12,interceptions,1,2026-09-29T20:11:17Z
2020,Arizona State,Pac-12,interceptionsOpponent,5,2026-09-29T20:11:17Z
2020,Arizona State,Pac-12,interceptionTDs,0,2026-09-29T20:11:17Z
2020,Arizona State,Pac-12,interceptionTDsOpponent,0,2026-09-29T20:11:17Z
2020,Arizona State,Pac-12,interceptionYards,12,2026-09-29T20:11:17Z
2020,Arizona State,Pac-12,interceptionYardsOpponent,21,2026-09-29T20:11:17Z
2020,Arizona State,Pac-12,kickReturns,9,2026-09-29T20:11:17Z
2020,Arizona State,Pac-12,kickReturnsOpponent,11,2026-09-29T20:11:17Z
2020,Arizona State,Pac-12,kickReturnTDs,1,2026-09-29T20:11:17Z
2020,Arizona State,Pac-12,kickReturnTDsOpponent,0,2026-09-29T20:11:17Z
2020,Arizona State,Pac-12,kickReturnYards,301,2026-09-29T20:11:17Z
2020,Arizona State,Pac-12,kickReturnYardsOpponent,205,2026-09-29T20:11:17Z
2020,Arizona State,Pac-12,netPassingYards,777,2026-09-29T20:11:17Z
2020,Arizona State,Pac-12,netPassingYardsOpponent,1010,2026-09-29T20:11:17Z
2020,Arizona State,Pac-12,passAttempts,87,2026-09-29T20:11:17Z
2020,Arizona State,Pac-12,passAttemptsOpponent,158,2026-09-29T20:11:17Z
2020,Arizona State,Pac-12,passCompletions,51,2026-09-29T20:11:17Z
2020,Arizona State,Pac-12,passCompletionsOpponent,100,2026-09-29T20:11:17Z
2020,Arizona State,Pac-12,passesIntercepted,5,2026-09-29T20:11:17Z
2020,Arizona State,Pac-12,passesInterceptedOpponent,1,2026-09-29T20:11:17Z
2020,Arizona State,Pac-12,passingTDs,5,2026-09-29T20:11:17Z
2020,Arizona State,Pac-12,passingTDsOpponent,6,2026-09-29T20:11:17Z
2020,Arizona State,Pac-12,penalties,28,2026-09-29T20:11:17Z
2020,Arizona State,Pac-12,penaltiesOpponent,24,2026-09-29T20:11:17Z
2020,Arizona State,Pac-12,penaltyYards,218,2026-09-29T20:11:17Z
2020,Arizona State,Pac-12,penaltyYardsOpponent,217,2026-09-29T20:11:17Z
2020,Arizona State,Pac-12,possessionTime,7034,2026-09-29T20:11:17Z
2020,Arizona State,Pac-12,possessionTimeOpponent,7366,2026-09-29T20:11:17Z
2020,Arizona State,Pac-12,puntReturns,5,2026-09-29T20:11:17Z
2020,Arizona State,Pac-12,puntReturnsOpponent,4,2026-09-29T20:11:17Z
2020,Arizona State,Pac-12,puntReturnTDs,0,2026-09-29T20:11:17Z
2020,Arizona State,Pac-12,puntReturnTDsOpponent,0,2026-09-29T20:11:17Z
2020,Arizona State,Pac-12,puntReturnYards,35,2026-09-29T20:11:17Z
2020,Arizona State,Pac-12,puntReturnYardsOpponent,10,2026-09-29T20:11:17Z
2020,Arizona State,Pac-12,rushingAttempts,165,2026-09-29T20:11:17Z
2020,Arizona State,Pac-12,rushingAttemptsOpponent,164,2026-09-29T20:11:17Z
2020,Arizona State,Pac-12,rushingTDs,16,2026-09-29T20:11:17Z
2020,Arizona State,Pac-12,rushingTDsOpponent,7,2026-09-29T20:11:17Z
2020,Arizona State,Pac-12,rushingYards,1058,2026-09-29T20:11:17Z
2020,Arizona State,Pac-12,rushingYardsOpponent,733,2026-09-29T20:11:17Z
2020,Arizona State,Pac-12,sacks,9,2026-09-29T20:11:17Z
2020,Arizona State,Pac-12,sacksOpponent,6,2026-09-29T20:11:17Z
2020,Arizona State,Pac-12,tacklesForLoss,24,2026-09-29T20:11:17Z
2020,Arizona State,Pac-12,tacklesForLossOpponent,18,2026-09-29T20:11:17Z
2020,Arizona State,Pac-12,thirdDownConversions,21,2026-09-29T20:11:17Z
2020,Arizona State,Pac-12,thirdDownConversionsOpponent,31,2026-09-29T20:11:17Z
2020,Arizona State,Pac-12,thirdDowns,45,2026-09-29T20:11:17Z
2020,Arizona State,Pac-12,thirdDownsOpponent,69,2026-09-29T20:11:17Z
2020,Arizona State,Pac-12,totalYards,1835,2026-09-29T20:11:17Z
2020,Arizona State,Pac-12,totalYardsOpponent,1743,2026-09-29T20:11:17Z
2020,Arizona State,Pac-12,turnovers,4,2026-09-29T20:11:17Z
2020,Arizona State,Pac-12,turnoversOpponent,13,2026-09-29T20:11:17Z
2020,Arkansas,SEC,firstDowns,206,2026-09-29T20:11:17Z
2020,Arkansas,SEC,firstDownsOpponent,255,2026-09-29T20:11:17Z
2020,Arkansas,SEC,fourthDownConversions,7,2026-09-29T20:11:17Z
2020,Arkansas,SEC,fourthDownConversionsOpponent,14,2026-09-29T20:11:17Z
2020,Arkansas,SEC,fourthDowns,11,2026-09-29T20:11:17Z
2020,Arkansas,SEC,fourthDownsOpponent,24,2026-09-29T20:11:17Z
2020,Arkansas,SEC,fumblesLost,7,2026-09-29T20:11:17Z
2020,Arkansas,SEC,fumblesLostOpponent,5,2026-09-29T20:11:17Z
2020,Arkansas,SEC,fumblesRecovered,5,2026-09-29T20:11:17Z
2020,Arkansas,SEC,fumblesRecoveredOpponent,7,2026-09-29T20:11:17Z
2020,Arkansas,SEC,games,10,2026-09-29T20:11:17Z
2020,Arkansas,SEC,interceptions,6,2026-09-29T20:11:17Z
2020,Arkansas,SEC,interceptionsOpponent,13,2026-09-29T20:11:17Z
2020,Arkansas,SEC,interceptionTDs,3,2026-09-29T20:11:17Z
2020,Arkansas,SEC,interceptionTDsOpponent,1,2026-09-29T20:11:17Z
2020,Arkansas,SEC,interceptionYards,172,2026-09-29T20:11:17Z
2020,Arkansas,SEC,interceptionYardsOpponent,104,2026-09-29T20:11:17Z
2020,Arkansas,SEC,kickReturns,9,2026-09-29T20:11:17Z
2020,Arkansas,SEC,kickReturnsOpponent,14,2026-09-29T20:11:17Z
2020,Arkansas,SEC,kickReturnTDs,0,2026-09-29T20:11:17Z
2020,Arkansas,SEC,kickReturnTDsOpponent,0,2026-09-29T20:11:17Z
2020,Arkansas,SEC,kickReturnYards,157,2026-09-29T20:11:17Z
2020,Arkansas,SEC,kickReturnYardsOpponent,345,2026-09-29T20:11:17Z
2020,Arkansas,SEC,netPassingYards,2386,2026-09-29T20:11:17Z
2020,Arkansas,SEC,netPassingYardsOpponent,2596,2026-09-29T20:11:17Z
2020,Arkansas,SEC,passAttempts,283,2026-09-29T20:11:17Z
2020,Arkansas,SEC,passAttemptsOpponent,383,2026-09-29T20:11:17Z
2020,Arkansas,SEC,passCompletions,182,2026-09-29T20:11:17Z
2020,Arkansas,SEC,passCompletionsOpponent,254,2026-09-29T20:11:17Z
2020,Arkansas,SEC,passesIntercepted,13,2026-09-29T20:11:17Z
2020,Arkansas,SEC,passesInterceptedOpponent,6,2026-09-29T20:11:17Z
2020,Arkansas,SEC,passingTDs,20,2026-09-29T20:11:17Z
2020,Arkansas,SEC,passingTDsOpponent,18,2026-09-29T20:11:17Z
2020,Arkansas,SEC,penalties,64,2026-09-29T20:11:17Z
2020,Arkansas,SEC,penaltiesOpponent,63,2026-09-29T20:11:17Z
2020,Arkansas,SEC,penaltyYards,457,2026-09-29T20:11:17Z
2020,Arkansas,SEC,penaltyYardsOpponent,535,2026-09-29T20:11:17Z
2020,Arkansas,SEC,possessionTime,15171,2026-09-29T20:11:17Z
2020,Arkansas,SEC,possessionTimeOpponent,20795,2026-09-29T20:11:17Z
2020,Arkansas,SEC,puntReturns,4,2026-09-29T20:11:17Z
2020,Arkansas,SEC,puntReturnsOpponent,22,2026-09-29T20:11:17Z
2020,Arkansas,SEC,puntReturnTDs,0,2026-09-29T20:11:17Z
2020,Arkansas,SEC,puntReturnTDsOpponent,1,2026-09-29T20:11:17Z
2020,Arkansas,SEC,puntReturnYards,18,2026-09-29T20:11:17Z
2020,Arkansas,SEC,puntReturnYardsOpponent,259,2026-09-29T20:11:17Z
2020,Arkansas,SEC,rushingAttempts,394,2026-09-29T20:11:17Z
2020,Arkansas,SEC,rushingAttemptsOpponent,416,2026-09-29T20:11:17Z
2020,Arkansas,SEC,rushingTDs,11,2026-09-29T20:11:17Z
2020,Arkansas,SEC,rushingTDsOpponent,21,2026-09-29T20:11:17Z
2020,Arkansas,SEC,rushingYards,1513,2026-09-29T20:11:17Z
2020,Arkansas,SEC,rushingYardsOpponent,1921,2026-09-29T20:11:17Z
2020,Arkansas,SEC,sacks,14,2026-09-29T20:11:17Z
2020,Arkansas,SEC,sacksOpponent,26,2026-09-29T20:11:17Z
2020,Arkansas,SEC,tacklesForLoss,50,2026-09-29T20:11:17Z
2020,Arkansas,SEC,tacklesForLossOpponent,54,2026-09-29T20:11:17Z
2020,Arkansas,SEC,thirdDownConversions,46,2026-09-29T20:11:17Z
2020,Arkansas,SEC,thirdDownConversionsOpponent,72,2026-09-29T20:11:17Z
2020,Arkansas,SEC,thirdDowns,138,2026-09-29T20:11:17Z
2020,Arkansas,SEC,thirdDownsOpponent,156,2026-09-29T20:11:17Z
2020,Arkansas,SEC,totalYards,3899,2026-09-29T20:11:17Z
2020,Arkansas,SEC,totalYardsOpponent,4517,2026-09-29T20:11:17Z
2020,Arkansas,SEC,turnovers,13,2026-09-29T20:11:17Z
2020,Arkansas,SEC,turnoversOpponent,18,2026-09-29T20:11:17Z
2020,Arkansas State,Sun Belt,firstDowns,269,2026-09-29T20:11:17Z
2020,Arkansas State,Sun Belt,firstDownsOpponent,260,2026-09-29T20:11:17Z
2020,Arkansas State,Sun Belt,fourthDownConversions,15,2026-09-29T20:11:17Z
2020,Arkansas State,Sun Belt,fourthDownConversionsOpponent,12,2026-09-29T20:11:17Z
2020,Arkansas State,Sun Belt,fourthDowns,30,2026-09-29T20:11:17Z
2020,Arkansas State,Sun Belt,fourthDownsOpponent,25,2026-09-29T20:11:17Z
2020,Arkansas State,Sun Belt,fumblesLost,7,2026-09-29T20:11:17Z
2020,Arkansas State,Sun Belt,fumblesLostOpponent,6,2026-09-29T20:11:17Z
2020,Arkansas State,Sun Belt,fumblesRecovered,6,2026-09-29T20:11:17Z
2020,Arkansas State,Sun Belt,fumblesRecoveredOpponent,7,2026-09-29T20:11:17Z
2020,Arkansas State,Sun Belt,games,11,2026-09-29T20:11:17Z
2020,Arkansas State,Sun Belt,interceptions,9,2026-09-29T20:11:17Z
2020,Arkansas State,Sun Belt,interceptionsOpponent,6,2026-09-29T20:11:17Z
2020,Arkansas State,Sun Belt,interceptionTDs,1,2026-09-29T20:11:17Z
2020,Arkansas State,Sun Belt,interceptionTDsOpponent,0,2026-09-29T20:11:17Z
2020,Arkansas State,Sun Belt,interceptionYards,115,2026-09-29T20:11:17Z
2020,Arkansas State,Sun Belt,interceptionYardsOpponent,92,2026-09-29T20:11:17Z
2020,Arkansas State,Sun Belt,kickReturns,36,2026-09-29T20:11:17Z
2020,Arkansas State,Sun Belt,kickReturnsOpponent,29,2026-09-29T20:11:17Z
2020,Arkansas State,Sun Belt,kickReturnTDs,0,2026-09-29T20:11:17Z
2020,Arkansas State,Sun Belt,kickReturnTDsOpponent,0,2026-09-29T20:11:17Z
2020,Arkansas State,Sun Belt,kickReturnYards,711,2026-09-29T20:11:17Z
2020,Arkansas State,Sun Belt,kickReturnYardsOpponent,494,2026-09-29T20:11:17Z
2020,Arkansas State,Sun Belt,netPassingYards,4008,2026-09-29T20:11:17Z
2020,Arkansas State,Sun Belt,netPassingYardsOpponent,3449,2026-09-29T20:11:17Z
2020,Arkansas State,Sun Belt,passAttempts,464,2026-09-29T20:11:17Z
2020,Arkansas State,Sun Belt,passAttemptsOpponent,387,2026-09-29T20:11:17Z
2020,Arkansas State,Sun Belt,passCompletions,276,2026-09-29T20:11:17Z
2020,Arkansas State,Sun Belt,passCompletionsOpponent,248,2026-09-29T20:11:17Z
2020,Arkansas State,Sun Belt,passesIntercepted,6,2026-09-29T20:11:17Z
2020,Arkansas State,Sun Belt,passesInterceptedOpponent,9,2026-09-29T20:11:17Z
2020,Arkansas State,Sun Belt,passingTDs,39,2026-09-29T20:11:17Z
2020,Arkansas State,Sun Belt,passingTDsOpponent,33,2026-09-29T20:11:17Z
2020,Arkansas State,Sun Belt,penalties,70,2026-09-29T20:11:17Z
2020,Arkansas State,Sun Belt,penaltiesOpponent,68,2026-09-29T20:11:17Z
2020,Arkansas State,Sun Belt,penaltyYards,631,2026-09-29T20:11:17Z
2020,Arkansas State,Sun Belt,penaltyYardsOpponent,639,2026-09-29T20:11:17Z
2020,Arkansas State,Sun Belt,possessionTime,18901,2026-09-29T20:11:17Z
2020,Arkansas State,Sun Belt,possessionTimeOpponent,20604,2026-09-29T20:11:17Z
2020,Arkansas State,Sun Belt,puntReturns,6,2026-09-29T20:11:17Z
2020,Arkansas State,Sun Belt,puntReturnsOpponent,10,2026-09-29T20:11:17Z
2020,Arkansas State,Sun Belt,puntReturnTDs,0,2026-09-29T20:11:17Z
2020,Arkansas State,Sun Belt,puntReturnTDsOpponent,0,2026-09-29T20:11:17Z
2020,Arkansas State,Sun Belt,puntReturnYards,11,2026-09-29T20:11:17Z
2020,Arkansas State,Sun Belt,puntReturnYardsOpponent,63,2026-09-29T20:11:17Z
2020,Arkansas State,Sun Belt,rushingAttempts,384,2026-09-29T20:11:17Z
2020,Arkansas State,Sun Belt,rushingAttemptsOpponent,433,2026-09-29T20:11:17Z
2020,Arkansas State,Sun Belt,rushingTDs,7,2026-09-29T20:11:17Z
2020,Arkansas State,Sun Belt,rushingTDsOpponent,18,2026-09-29T20:11:17Z
2020,Arkansas State,Sun Belt,rushingYards,1377,2026-09-29T20:11:17Z
2020,Arkansas State,Sun Belt,rushingYardsOpponent,1718,2026-09-29T20:11:17Z
2020,Arkansas State,Sun Belt,sacks,20,2026-09-29T20:11:17Z
2020,Arkansas State,Sun Belt,sacksOpponent,27,2026-09-29T20:11:17Z
2020,Arkansas State,Sun Belt,tacklesForLoss,76,2026-09-29T20:11:17Z
2020,Arkansas State,Sun Belt,tacklesForLossOpponent,65,2026-09-29T20:11:17Z
2020,Arkansas State,Sun Belt,thirdDownConversions,69,2026-09-29T20:11:17Z
2020,Arkansas State,Sun Belt,thirdDownConversionsOpponent,68,2026-09-29T20:11:17Z
2020,Arkansas State,Sun Belt,thirdDowns,173,2026-09-29T20:11:17Z
2020,Arkansas State,Sun Belt,thirdDownsOpponent,163,2026-09-29T20:11:17Z
2020,Arkansas State,Sun Belt,totalYards,5385,2026-09-29T20:11:17Z
2020,Arkansas State,Sun Belt,totalYardsOpponent,5167,2026-09-29T20:11:17Z
2020,Arkansas State,Sun Belt,turnovers,16,2026-09-29T20:11:17Z
2020,Arkansas State,Sun Belt,turnoversOpponent,12,2026-09-29T20:11:17Z
2020,Army,FBS Independents,firstDowns,232,2026-09-29T20:11:17Z
2020,Army,FBS Independents,firstDownsOpponent,166,2026-09-29T20:11:17Z
2020,Army,FBS Independents,fourthDownConversions,23,2026-09-29T20:11:17Z
2020,Army,FBS Independents,fourthDownConversionsOpponent,8,2026-09-29T20:11:17Z
2020,Army,FBS Independents,fourthDowns,34,2026-09-29T20:11:17Z
2020,Army,FBS Independents,fourthDownsOpponent,18,2026-09-29T20:11:17Z
2020,Army,FBS Independents,fumblesLost,8,2026-09-29T20:11:17Z
2020,Army,FBS Independents,fumblesLostOpponent,6,2026-09-29T20:11:17Z
2020,Army,FBS Independents,fumblesRecovered,6,2026-09-29T20:11:17Z
2020,Army,FBS Independents,fumblesRecoveredOpponent,8,2026-09-29T20:11:17Z
2020,Army,FBS Independents,games,12,2026-09-29T20:11:17Z
2020,Army,FBS Independents,interceptions,6,2026-09-29T20:11:17Z
2020,Army,FBS Independents,interceptionsOpponent,14,2026-09-29T20:11:17Z
2020,Army,FBS Independents,interceptionTDs,2,2026-09-29T20:11:17Z
2020,Army,FBS Independents,interceptionTDsOpponent,0,2026-09-29T20:11:17Z
2020,Army,FBS Independents,interceptionYards,172,2026-09-29T20:11:17Z
2020,Army,FBS Independents,interceptionYardsOpponent,38,2026-09-29T20:11:17Z
2020,Army,FBS Independents,kickReturns,14,2026-09-29T20:11:17Z
2020,Army,FBS Independents,kickReturnsOpponent,33,2026-09-29T20:11:17Z
2020,Army,FBS Independents,kickReturnTDs,0,2026-09-29T20:11:17Z
2020,Army,FBS Independents,kickReturnTDsOpponent,0,2026-09-29T20:11:17Z
2020,Army,FBS Independents,kickReturnYards,272,2026-09-29T20:11:17Z
2020,Army,FBS Independents,kickReturnYardsOpponent,607,2026-09-29T20:11:17Z
2020,Army,FBS Independents,netPassingYards,537,2026-09-29T20:11:17Z
2020,Army,FBS Independents,netPassingYardsOpponent,1929,2026-09-29T20:11:17Z
2020,Army,FBS Independents,passAttempts,76,2026-09-29T20:11:17Z
2020,Army,FBS Independents,passAttemptsOpponent,296,2026-09-29T20:11:17Z
2020,Army,FBS Independents,passCompletions,35,2026-09-29T20:11:17Z
2020,Army,FBS Independents,passCompletionsOpponent,173,2026-09-29T20:11:17Z
2020,Army,FBS Independents,passesIntercepted,12,2026-09-29T20:11:17Z
2020,Army,FBS Independents,passesInterceptedOpponent,6,2026-09-29T20:11:17Z
2020,Army,FBS Independents,passingTDs,4,2026-09-29T20:11:17Z
2020,Army,FBS Independents,passingTDsOpponent,16,2026-09-29T20:11:17Z
2020,Army,FBS Independents,penalties,56,2026-09-29T20:11:17Z
2020,Army,FBS Independents,penaltiesOpponent,58,2026-09-29T20:11:17Z
2020,Army,FBS Independents,penaltyYards,495,2026-09-29T20:11:17Z
2020,Army,FBS Independents,penaltyYardsOpponent,521,2026-09-29T20:11:17Z
2020,Army,FBS Independents,possessionTime,24575,2026-09-29T20:11:17Z
2020,Army,FBS Independents,possessionTimeOpponent,18539,2026-09-29T20:11:17Z
2020,Army,FBS Independents,puntReturns,17,2026-09-29T20:11:17Z
2020,Army,FBS Independents,puntReturnsOpponent,16,2026-09-29T20:11:17Z
2020,Army,FBS Independents,puntReturnTDs,0,2026-09-29T20:11:17Z
2020,Army,FBS Independents,puntReturnTDsOpponent,0,2026-09-29T20:11:17Z
2020,Army,FBS Independents,puntReturnYards,157,2026-09-29T20:11:17Z
2020,Army,FBS Independents,puntReturnYardsOpponent,97,2026-09-29T20:11:17Z
2020,Army,FBS Independents,rushingAttempts,716,2026-09-29T20:11:17Z
2020,Army,FBS Independents,rushingAttemptsOpponent,365,2026-09-29T20:11:17Z
2020,Army,FBS Independents,rushingTDs,36,2026-09-29T20:11:17Z
2020,Army,FBS Independents,rushingTDsOpponent,5,2026-09-29T20:11:17Z
2020,Army,FBS Independents,rushingYards,3273,2026-09-29T20:11:17Z
2020,Army,FBS Independents,rushingYardsOpponent,1380,2026-09-29T20:11:17Z
2020,Army,FBS Independents,sacks,18,2026-09-29T20:11:17Z
2020,Army,FBS Independents,sacksOpponent,13,2026-09-29T20:11:17Z
2020,Army,FBS Independents,tacklesForLoss,70,2026-09-29T20:11:17Z
2020,Army,FBS Independents,tacklesForLossOpponent,56,2026-09-29T20:11:17Z
2020,Army,FBS Independents,thirdDownConversions,76,2026-09-29T20:11:17Z
2020,Army,FBS Independents,thirdDownConversionsOpponent,54,2026-09-29T20:11:17Z
2020,Army,FBS Independents,thirdDowns,168,2026-09-29T20:11:17Z
2020,Army,FBS Independents,thirdDownsOpponent,145,2026-09-29T20:11:17Z
2020,Army,FBS Independents,totalYards,3810,2026-09-29T20:11:17Z
2020,Army,FBS Independents,totalYardsOpponent,3309,2026-09-29T20:11:17Z
2020,Army,FBS Independents,turnovers,14,2026-09-29T20:11:17Z
2020,Army,FBS Independents,turnoversOpponent,20,2026-09-29T20:11:17Z
2020,Auburn,SEC,firstDowns,228,2026-09-29T20:11:17Z
2020,Auburn,SEC,firstDownsOpponent,251,2026-09-29T20:11:17Z
2020,Auburn,SEC,fourthDownConversions,3,2026-09-29T20:11:17Z
2020,Auburn,SEC,fourthDownConversionsOpponent,7,2026-09-29T20:11:17Z
2020,Auburn,SEC,fourthDowns,11,2026-09-29T20:11:17Z
2020,Auburn,SEC,fourthDownsOpponent,15,2026-09-29T20:11:17Z
2020,Auburn,SEC,fumblesLost,2,2026-09-29T20:11:17Z
2020,Auburn,SEC,fumblesLostOpponent,4,2026-09-29T20:11:17Z
2020,Auburn,SEC,fumblesRecovered,4,2026-09-29T20:11:17Z
2020,Auburn,SEC,fumblesRecoveredOpponent,2,2026-09-29T20:11:17Z
2020,Auburn,SEC,games,11,2026-09-29T20:11:17Z
2020,Auburn,SEC,interceptions,7,2026-09-29T20:11:17Z
2020,Auburn,SEC,interceptionsOpponent,9,2026-09-29T20:11:17Z
2020,Auburn,SEC,interceptionTDs,1,2026-09-29T20:11:17Z
2020,Auburn,SEC,interceptionTDsOpponent,0,2026-09-29T20:11:17Z
2020,Auburn,SEC,interceptionYards,278,2026-09-29T20:11:17Z
2020,Auburn,SEC,interceptionYardsOpponent,77,2026-09-29T20:11:17Z
2020,Auburn,SEC,kickReturns,23,2026-09-29T20:11:17Z
2020,Auburn,SEC,kickReturnsOpponent,15,2026-09-29T20:11:17Z
2020,Auburn,SEC,kickReturnTDs,0,2026-09-29T20:11:17Z
2020,Auburn,SEC,kickReturnTDsOpponent,0,2026-09-29T20:11:17Z
2020,Auburn,SEC,kickReturnYards,497,2026-09-29T20:11:17Z
2020,Auburn,SEC,kickReturnYardsOpponent,400,2026-09-29T20:11:17Z
2020,Auburn,SEC,netPassingYards,2422,2026-09-29T20:11:17Z
2020,Auburn,SEC,netPassingYardsOpponent,2653,2026-09-29T20:11:17Z
2020,Auburn,SEC,passAttempts,362,2026-09-29T20:11:17Z
2020,Auburn,SEC,passAttemptsOpponent,363,2026-09-29T20:11:17Z
2020,Auburn,SEC,passCompletions,216,2026-09-29T20:11:17Z
2020,Auburn,SEC,passCompletionsOpponent,234,2026-09-29T20:11:17Z
2020,Auburn,SEC,passesIntercepted,9,2026-09-29T20:11:17Z
2020,Auburn,SEC,passesInterceptedOpponent,7,2026-09-29T20:11:17Z
2020,Auburn,SEC,passingTDs,12,2026-09-29T20:11:17Z
2020,Auburn,SEC,passingTDsOpponent,20,2026-09-29T20:11:17Z
2020,Auburn,SEC,penalties,64,2026-09-29T20:11:17Z
2020,Auburn,SEC,penaltiesOpponent,52,2026-09-29T20:11:17Z
2020,Auburn,SEC,penaltyYards,556,2026-09-29T20:11:17Z
2020,Auburn,SEC,penaltyYardsOpponent,454,2026-09-29T20:11:17Z
2020,Auburn,SEC,possessionTime,18967,2026-09-29T20:11:17Z
2020,Auburn,SEC,possessionTimeOpponent,20596,2026-09-29T20:11:17Z
2020,Auburn,SEC,puntReturns,8,2026-09-29T20:11:17Z
2020,Auburn,SEC,puntReturnsOpponent,8,2026-09-29T20:11:17Z
2020,Auburn,SEC,puntReturnTDs,0,2026-09-29T20:11:17Z
2020,Auburn,SEC,puntReturnTDsOpponent,0,2026-09-29T20:11:17Z
2020,Auburn,SEC,puntReturnYards,78,2026-09-29T20:11:17Z
2020,Auburn,SEC,puntReturnYardsOpponent,24,2026-09-29T20:11:17Z
2020,Auburn,SEC,rushingAttempts,392,2026-09-29T20:11:17Z
2020,Auburn,SEC,rushingAttemptsOpponent,429,2026-09-29T20:11:17Z
2020,Auburn,SEC,rushingTDs,16,2026-09-29T20:11:17Z
2020,Auburn,SEC,rushingTDsOpponent,16,2026-09-29T20:11:17Z
2020,Auburn,SEC,rushingYards,1788,2026-09-29T20:11:17Z
2020,Auburn,SEC,rushingYardsOpponent,1799,2026-09-29T20:11:17Z
2020,Auburn,SEC,sacks,26,2026-09-29T20:11:17Z
2020,Auburn,SEC,sacksOpponent,20,2026-09-29T20:11:17Z
2020,Auburn,SEC,tacklesForLoss,62,2026-09-29T20:11:17Z
2020,Auburn,SEC,tacklesForLossOpponent,53,2026-09-29T20:11:17Z
2020,Auburn,SEC,thirdDownConversions,71,2026-09-29T20:11:17Z
2020,Auburn,SEC,thirdDownConversionsOpponent,82,2026-09-29T20:11:17Z
2020,Auburn,SEC,thirdDowns,158,2026-09-29T20:11:17Z
2020,Auburn,SEC,thirdDownsOpponent,163,2026-09-29T20:11:17Z
2020,Auburn,SEC,totalYards,4210,2026-09-29T20:11:17Z
2020,Auburn,SEC,totalYardsOpponent,4452,2026-09-29T20:11:17Z
2020,Auburn,SEC,turnovers,9,2026-09-29T20:11:17Z
2020,Auburn,SEC,turnoversOpponent,13,2026-09-29T20:11:17Z
2020,Ball State,Mid-American,firstDowns,195,2026-09-29T20:11:17Z
2020,Ball State,Mid-American,firstDownsOpponent,184,2026-09-29T20:11:17Z
2020,Ball State,Mid-American,fourthDownConversions,7,2026-09-29T20:11:17Z
2020,Ball State,Mid-American,fourthDownConversionsOpponent,7,2026-09-29T20:11:17Z
2020,Ball State,Mid-American,fourthDowns,13,2026-09-29T20:11:17Z
2020,Ball State,Mid-American,fourthDownsOpponent,20,2026-09-29T20:11:17Z
2020,Ball State,Mid-American,fumblesLost,3,2026-09-29T20:11:17Z
2020,Ball State,Mid-American,fumblesLostOpponent,7,2026-09-29T20:11:17Z
2020,Ball State,Mid-American,fumblesRecovered,8,2026-09-29T20:11:17Z
2020,Ball State,Mid-American,fumblesRecoveredOpponent,4,2026-09-29T20:11:17Z
2020,Ball State,Mid-American,games,8,2026-09-29T20:11:17Z
2020,Ball State,Mid-American,interceptions,6,2026-09-29T20:11:17Z
2020,Ball State,Mid-American,interceptionsOpponent,10,2026-09-29T20:11:17Z
2020,Ball State,Mid-American,interceptionTDs,2,2026-09-29T20:11:17Z
2020,Ball State,Mid-American,interceptionTDsOpponent,0,2026-09-29T20:11:17Z
2020,Ball State,Mid-American,interceptionYards,144,2026-09-29T20:11:17Z
2020,Ball State,Mid-American,interceptionYardsOpponent,111,2026-09-29T20:11:17Z
2020,Ball State,Mid-American,kickReturns,23,2026-09-29T20:11:17Z
2020,Ball State,Mid-American,kickReturnsOpponent,33,2026-09-29T20:11:17Z
2020,Ball State,Mid-American,kickReturnTDs,0,2026-09-29T20:11:17Z
2020,Ball State,Mid-American,kickReturnTDsOpponent,1,2026-09-29T20:11:17Z
2020,Ball State,Mid-American,kickReturnYards,439,2026-09-29T20:11:17Z
2020,Ball State,Mid-American,kickReturnYardsOpponent,627,2026-09-29T20:11:17Z
2020,Ball State,Mid-American,netPassingYards,2154,2026-09-29T20:11:17Z
2020,Ball State,Mid-American,netPassingYardsOpponent,2350,2026-09-29T20:11:17Z
2020,Ball State,Mid-American,passAttempts,251,2026-09-29T20:11:17Z
2020,Ball State,Mid-American,passAttemptsOpponent,297,2026-09-29T20:11:17Z
2020,Ball State,Mid-American,passCompletions,164,2026-09-29T20:11:17Z
2020,Ball State,Mid-American,passCompletionsOpponent,193,2026-09-29T20:11:17Z
2020,Ball State,Mid-American,passesIntercepted,10,2026-09-29T20:11:17Z
2020,Ball State,Mid-American,passesInterceptedOpponent,6,2026-09-29T20:11:17Z
2020,Ball State,Mid-American,passingTDs,17,2026-09-29T20:11:17Z
2020,Ball State,Mid-American,passingTDsOpponent,14,2026-09-29T20:11:17Z
2020,Ball State,Mid-American,penalties,46,2026-09-29T20:11:17Z
2020,Ball State,Mid-American,penaltiesOpponent,48,2026-09-29T20:11:17Z
2020,Ball State,Mid-American,penaltyYards,391,2026-09-29T20:11:17Z
2020,Ball State,Mid-American,penaltyYardsOpponent,460,2026-09-29T20:11:17Z
2020,Ball State,Mid-American,possessionTime,14345,2026-09-29T20:11:17Z
2020,Ball State,Mid-American,possessionTimeOpponent,14368,2026-09-29T20:11:17Z
2020,Ball State,Mid-American,puntReturns,4,2026-09-29T20:11:17Z
2020,Ball State,Mid-American,puntReturnsOpponent,12,2026-09-29T20:11:17Z
2020,Ball State,Mid-American,puntReturnTDs,0,2026-09-29T20:11:17Z
2020,Ball State,Mid-American,puntReturnTDsOpponent,0,2026-09-29T20:11:17Z
2020,Ball State,Mid-American,puntReturnYards,-2,2026-09-29T20:11:17Z
2020,Ball State,Mid-American,puntReturnYardsOpponent,47,2026-09-29T20:11:17Z
2020,Ball State,Mid-American,rushingAttempts,366,2026-09-29T20:11:17Z
2020,Ball State,Mid-American,rushingAttemptsOpponent,281,2026-09-29T20:11:17Z
2020,Ball State,Mid-American,rushingTDs,15,2026-09-29T20:11:17Z
2020,Ball State,Mid-American,rushingTDsOpponent,12,2026-09-29T20:11:17Z
2020,Ball State,Mid-American,rushingYards,1424,2026-09-29T20:11:17Z
2020,Ball State,Mid-American,rushingYardsOpponent,1090,2026-09-29T20:11:17Z
2020,Ball State,Mid-American,sacks,15,2026-09-29T20:11:17Z
2020,Ball State,Mid-American,sacksOpponent,28,2026-09-29T20:11:17Z
2020,Ball State,Mid-American,tacklesForLoss,56,2026-09-29T20:11:17Z
2020,Ball State,Mid-American,tacklesForLossOpponent,50,2026-09-29T20:11:17Z
2020,Ball State,Mid-American,thirdDownConversions,56,2026-09-29T20:11:17Z
2020,Ball State,Mid-American,thirdDownConversionsOpponent,37,2026-09-29T20:11:17Z
2020,Ball State,Mid-American,thirdDowns,120,2026-09-29T20:11:17Z
2020,Ball State,Mid-American,thirdDownsOpponent,105,2026-09-29T20:11:17Z
2020,Ball State,Mid-American,totalYards,3578,2026-09-29T20:11:17Z
2020,Ball State,Mid-American,totalYardsOpponent,3440,2026-09-29T20:11:17Z
2020,Ball State,Mid-American,turnovers,9,2026-09-29T20:11:17Z
2020,Ball State,Mid-American,turnoversOpponent,17,2026-09-29T20:11:17Z
2020,Baylor,Big 12,firstDowns,165,2026-09-29T20:11:17Z
2020,Baylor,Big 12,firstDownsOpponent,176,2026-09-29T20:11:17Z
2020,Baylor,Big 12,fourthDownConversions,12,2026-09-29T20:11:17Z
2020,Baylor,Big 12,fourthDownConversionsOpponent,9,2026-09-29T20:11:17Z
2020,Baylor,Big 12,fourthDowns,20,2026-09-29T20:11:17Z
2020,Baylor,Big 12,fourthDownsOpponent,13,2026-09-29T20:11:17Z
2020,Baylor,Big 12,fumblesLost,1,2026-09-29T20:11:17Z
2020,Baylor,Big 12,fumblesLostOpponent,5,2026-09-29T20:11:17Z
2020,Baylor,Big 12,fumblesRecovered,5,2026-09-29T20:11:17Z
2020,Baylor,Big 12,fumblesRecoveredOpponent,1,2026-09-29T20:11:17Z
2020,Baylor,Big 12,games,9,2026-09-29T20:11:17Z
2020,Baylor,Big 12,interceptions,8,2026-09-29T20:11:17Z
2020,Baylor,Big 12,interceptionsOpponent,12,2026-09-29T20:11:17Z
2020,Baylor,Big 12,interceptionTDs,2,2026-09-29T20:11:17Z
2020,Baylor,Big 12,interceptionTDsOpponent,0,2026-09-29T20:11:17Z
2020,Baylor,Big 12,interceptionYards,204,2026-09-29T20:11:17Z
2020,Baylor,Big 12,interceptionYardsOpponent,73,2026-09-29T20:11:17Z
2020,Baylor,Big 12,kickReturns,32,2026-09-29T20:11:17Z
2020,Baylor,Big 12,kickReturnsOpponent,16,2026-09-29T20:11:17Z
2020,Baylor,Big 12,kickReturnTDs,2,2026-09-29T20:11:17Z
2020,Baylor,Big 12,kickReturnTDsOpponent,0,2026-09-29T20:11:17Z
2020,Baylor,Big 12,kickReturnYards,826,2026-09-29T20:11:17Z
2020,Baylor,Big 12,kickReturnYardsOpponent,393,2026-09-29T20:11:17Z
2020,Baylor,Big 12,netPassingYards,1979,2026-09-29T20:11:17Z
2020,Baylor,Big 12,netPassingYardsOpponent,1827,2026-09-29T20:11:17Z
2020,Baylor,Big 12,passAttempts,331,2026-09-29T20:11:17Z
2020,Baylor,Big 12,passAttemptsOpponent,259,2026-09-29T20:11:17Z
2020,Baylor,Big 12,passCompletions,205,2026-09-29T20:11:17Z
2020,Baylor,Big 12,passCompletionsOpponent,165,2026-09-29T20:11:17Z
2020,Baylor,Big 12,passesIntercepted,12,2026-09-29T20:11:17Z
2020,Baylor,Big 12,passesInterceptedOpponent,8,2026-09-29T20:11:17Z
2020,Baylor,Big 12,passingTDs,14,2026-09-29T20:11:17Z
2020,Baylor,Big 12,passingTDsOpponent,12,2026-09-29T20:11:17Z
2020,Baylor,Big 12,penalties,64,2026-09-29T20:11:17Z
2020,Baylor,Big 12,penaltiesOpponent,60,2026-09-29T20:11:17Z
2020,Baylor,Big 12,penaltyYards,562,2026-09-29T20:11:17Z
2020,Baylor,Big 12,penaltyYardsOpponent,514,2026-09-29T20:11:17Z
2020,Baylor,Big 12,possessionTime,15738,2026-09-29T20:11:17Z
2020,Baylor,Big 12,possessionTimeOpponent,16490,2026-09-29T20:11:17Z
2020,Baylor,Big 12,puntReturns,11,2026-09-29T20:11:17Z
2020,Baylor,Big 12,puntReturnsOpponent,13,2026-09-29T20:11:17Z
2020,Baylor,Big 12,puntReturnTDs,0,2026-09-29T20:11:17Z
2020,Baylor,Big 12,puntReturnTDsOpponent,1,2026-09-29T20:11:17Z
2020,Baylor,Big 12,puntReturnYards,43,2026-09-29T20:11:17Z
2020,Baylor,Big 12,puntReturnYardsOpponent,109,2026-09-29T20:11:17Z
2020,Baylor,Big 12,rushingAttempts,297,2026-09-29T20:11:17Z
2020,Baylor,Big 12,rushingAttemptsOpponent,366,2026-09-29T20:11:17Z
2020,Baylor,Big 12,rushingTDs,8,2026-09-29T20:11:17Z
2020,Baylor,Big 12,rushingTDsOpponent,20,2026-09-29T20:11:17Z
2020,Baylor,Big 12,rushingYards,821,2026-09-29T20:11:17Z
2020,Baylor,Big 12,rushingYardsOpponent,1624,2026-09-29T20:11:17Z
2020,Baylor,Big 12,sacks,18,2026-09-29T20:11:17Z
2020,Baylor,Big 12,sacksOpponent,30,2026-09-29T20:11:17Z
2020,Baylor,Big 12,tacklesForLoss,59,2026-09-29T20:11:17Z
2020,Baylor,Big 12,tacklesForLossOpponent,79,2026-09-29T20:11:17Z
2020,Baylor,Big 12,thirdDownConversions,47,2026-09-29T20:11:17Z
2020,Baylor,Big 12,thirdDownConversionsOpponent,51,2026-09-29T20:11:17Z
2020,Baylor,Big 12,thirdDowns,142,2026-09-29T20:11:17Z
2020,Baylor,Big 12,thirdDownsOpponent,131,2026-09-29T20:11:17Z
2020,Baylor,Big 12,totalYards,2800,2026-09-29T20:11:17Z
2020,Baylor,Big 12,totalYardsOpponent,3451,2026-09-29T20:11:17Z
2020,Baylor,Big 12,turnovers,9,2026-09-29T20:11:17Z
2020,Baylor,Big 12,turnoversOpponent,17,2026-09-29T20:11:17Z
2020,Boise State,Mountain West,firstDowns,129,2026-09-29T20:11:17Z
2020,Boise State,Mountain West,firstDownsOpponent,140,2026-09-29T20:11:17Z
2020,Boise State,Mountain West,fourthDownConversions,4,2026-09-29T20:11:17Z
2020,Boise State,Mountain West,fourthDownConversionsOpponent,13,2026-09-29T20:11:17Z
2020,Boise State,Mountain West,fourthDowns,7,2026-09-29T20:11:17Z
2020,Boise State,Mountain West,fourthDownsOpponent,19,2026-09-29T20:11:17Z
2020,Boise State,Mountain West,fumblesLost,4,2026-09-29T20:11:17Z
2020,Boise State,Mountain West,fumblesLostOpponent,0,2026-09-29T20:11:17Z
2020,Boise State,Mountain West,fumblesRecovered,0,2026-09-29T20:11:17Z
2020,Boise State,Mountain West,fumblesRecoveredOpponent,4,2026-09-29T20:11:17Z
2020,Boise State,Mountain West,games,7,2026-09-29T20:11:17Z
2020,Boise State,Mountain West,interceptions,3,2026-09-29T20:11:17Z
2020,Boise State,Mountain West,interceptionsOpponent,2,2026-09-29T20:11:17Z
2020,Boise State,Mountain West,interceptionTDs,0,2026-09-29T20:11:17Z
2020,Boise State,Mountain West,interceptionTDsOpponent,0,2026-09-29T20:11:17Z
2020,Boise State,Mountain West,interceptionYards,21,2026-09-29T20:11:17Z
2020,Boise State,Mountain West,interceptionYardsOpponent,7,2026-09-29T20:11:17Z
2020,Boise State,Mountain West,kickReturns,21,2026-09-29T20:11:17Z
2020,Boise State,Mountain West,kickReturnsOpponent,14,2026-09-29T20:11:17Z
2020,Boise State,Mountain West,kickReturnTDs,2,2026-09-29T20:11:17Z
2020,Boise State,Mountain West,kickReturnTDsOpponent,0,2026-09-29T20:11:17Z
2020,Boise State,Mountain West,kickReturnYards,541,2026-09-29T20:11:17Z
2020,Boise State,Mountain West,kickReturnYardsOpponent,256,2026-09-29T20:11:17Z
2020,Boise State,Mountain West,netPassingYards,1693,2026-09-29T20:11:17Z
2020,Boise State,Mountain West,netPassingYardsOpponent,1466,2026-09-29T20:11:17Z
2020,Boise State,Mountain West,passAttempts,221,2026-09-29T20:11:17Z
2020,Boise State,Mountain West,passAttemptsOpponent,210,2026-09-29T20:11:17Z
2020,Boise State,Mountain West,passCompletions,139,2026-09-29T20:11:17Z
2020,Boise State,Mountain West,passCompletionsOpponent,111,2026-09-29T20:11:17Z
2020,Boise State,Mountain West,passesIntercepted,2,2026-09-29T20:11:17Z
2020,Boise State,Mountain West,passesInterceptedOpponent,3,2026-09-29T20:11:17Z
2020,Boise State,Mountain West,passingTDs,12,2026-09-29T20:11:17Z
2020,Boise State,Mountain West,passingTDsOpponent,9,2026-09-29T20:11:17Z
2020,Boise State,Mountain West,penalties,34,2026-09-29T20:11:17Z
2020,Boise State,Mountain West,penaltiesOpponent,41,2026-09-29T20:11:17Z
2020,Boise State,Mountain West,penaltyYards,336,2026-09-29T20:11:17Z
2020,Boise State,Mountain West,penaltyYardsOpponent,316,2026-09-29T20:11:17Z
2020,Boise State,Mountain West,possessionTime,12391,2026-09-29T20:11:17Z
2020,Boise State,Mountain West,possessionTimeOpponent,12711,2026-09-29T20:11:17Z
2020,Boise State,Mountain West,puntReturns,16,2026-09-29T20:11:17Z
2020,Boise State,Mountain West,puntReturnsOpponent,13,2026-09-29T20:11:17Z
2020,Boise State,Mountain West,puntReturnTDs,2,2026-09-29T20:11:17Z
2020,Boise State,Mountain West,puntReturnTDsOpponent,0,2026-09-29T20:11:17Z
2020,Boise State,Mountain West,puntReturnYards,296,2026-09-29T20:11:17Z
2020,Boise State,Mountain West,puntReturnYardsOpponent,102,2026-09-29T20:11:17Z
2020,Boise State,Mountain West,rushingAttempts,230,2026-09-29T20:11:17Z
2020,Boise State,Mountain West,rushingAttemptsOpponent,286,2026-09-29T20:11:17Z
2020,Boise State,Mountain West,rushingTDs,13,2026-09-29T20:11:17Z
2020,Boise State,Mountain West,rushingTDsOpponent,14,2026-09-29T20:11:17Z
2020,Boise State,Mountain West,rushingYards,741,2026-09-29T20:11:17Z
2020,Boise State,Mountain West,rushingYardsOpponent,1147,2026-09-29T20:11:17Z
2020,Boise State,Mountain West,sacks,18,2026-09-29T20:11:17Z
2020,Boise State,Mountain West,sacksOpponent,14,2026-09-29T20:11:17Z
2020,Boise State,Mountain West,tacklesForLoss,51,2026-09-29T20:11:17Z
2020,Boise State,Mountain West,tacklesForLossOpponent,41,2026-09-29T20:11:17Z
2020,Boise State,Mountain West,thirdDownConversions,42,2026-09-29T20:11:17Z
2020,Boise State,Mountain West,thirdDownConversionsOpponent,29,2026-09-29T20:11:17Z
2020,Boise State,Mountain West,thirdDowns,96,2026-09-29T20:11:17Z
2020,Boise State,Mountain West,thirdDownsOpponent,106,2026-09-29T20:11:17Z
2020,Boise State,Mountain West,totalYards,2434,2026-09-29T20:11:17Z
2020,Boise State,Mountain West,totalYardsOpponent,2613,2026-09-29T20:11:17Z
2020,Boise State,Mountain West,turnovers,7,2026-09-29T20:11:17Z
2020,Boise State,Mountain West,turnoversOpponent,2,2026-09-29T20:11:17Z
2020,Boston College,ACC,firstDowns,239,2026-09-29T20:11:17Z
2020,Boston College,ACC,firstDownsOpponent,246,2026-09-29T20:11:17Z
2020,Boston College,ACC,fourthDownConversions,9,2026-09-29T20:11:17Z
2020,Boston College,ACC,fourthDownConversionsOpponent,13,2026-09-29T20:11:17Z
2020,Boston College,ACC,fourthDowns,14,2026-09-29T20:11:17Z
2020,Boston College,ACC,fourthDownsOpponent,16,2026-09-29T20:11:17Z
2020,Boston College,ACC,fumblesLost,6,2026-09-29T20:11:17Z
2020,Boston College,ACC,fumblesLostOpponent,12,2026-09-29T20:11:17Z
2020,Boston College,ACC,fumblesRecovered,12,2026-09-29T20:11:17Z
2020,Boston College,ACC,fumblesRecoveredOpponent,6,2026-09-29T20:11:17Z
2020,Boston College,ACC,games,11,2026-09-29T20:11:17Z
2020,Boston College,ACC,interceptions,8,2026-09-29T20:11:17Z
2020,Boston College,ACC,interceptionsOpponent,9,2026-09-29T20:11:17Z
2020,Boston College,ACC,interceptionTDs,0,2026-09-29T20:11:17Z
2020,Boston College,ACC,interceptionTDsOpponent,0,2026-09-29T20:11:17Z
2020,Boston College,ACC,interceptionYards,148,2026-09-29T20:11:17Z
2020,Boston College,ACC,interceptionYardsOpponent,53,2026-09-29T20:11:17Z
2020,Boston College,ACC,kickReturns,23,2026-09-29T20:11:17Z
2020,Boston College,ACC,kickReturnsOpponent,36,2026-09-29T20:11:17Z
2020,Boston College,ACC,kickReturnTDs,0,2026-09-29T20:11:17Z
2020,Boston College,ACC,kickReturnTDsOpponent,0,2026-09-29T20:11:17Z
2020,Boston College,ACC,kickReturnYards,406,2026-09-29T20:11:17Z
2020,Boston College,ACC,kickReturnYardsOpponent,829,2026-09-29T20:11:17Z
2020,Boston College,ACC,netPassingYards,3126,2026-09-29T20:11:17Z
2020,Boston College,ACC,netPassingYardsOpponent,2698,2026-09-29T20:11:17Z
2020,Boston College,ACC,passAttempts,390,2026-09-29T20:11:17Z
2020,Boston College,ACC,passAttemptsOpponent,351,2026-09-29T20:11:17Z
2020,Boston College,ACC,passCompletions,242,2026-09-29T20:11:17Z
2020,Boston College,ACC,passCompletionsOpponent,217,2026-09-29T20:11:17Z
2020,Boston College,ACC,passesIntercepted,9,2026-09-29T20:11:17Z
2020,Boston College,ACC,passesInterceptedOpponent,8,2026-09-29T20:11:17Z
2020,Boston College,ACC,passingTDs,23,2026-09-29T20:11:17Z
2020,Boston College,ACC,passingTDsOpponent,18,2026-09-29T20:11:17Z
2020,Boston College,ACC,penalties,85,2026-09-29T20:11:17Z
2020,Boston College,ACC,penaltiesOpponent,82,2026-09-29T20:11:17Z
2020,Boston College,ACC,penaltyYards,740,2026-09-29T20:11:17Z
2020,Boston College,ACC,penaltyYardsOpponent,740,2026-09-29T20:11:17Z
2020,Boston College,ACC,possessionTime,20116,2026-09-29T20:11:17Z
2020,Boston College,ACC,possessionTimeOpponent,19000,2026-09-29T20:11:17Z
2020,Boston College,ACC,puntReturns,12,2026-09-29T20:11:17Z
2020,Boston College,ACC,puntReturnsOpponent,13,2026-09-29T20:11:17Z
2020,Boston College,ACC,puntReturnTDs,0,2026-09-29T20:11:17Z
2020,Boston College,ACC,puntReturnTDsOpponent,0,2026-09-29T20:11:17Z
2020,Boston College,ACC,puntReturnYards,55,2026-09-29T20:11:17Z
2020,Boston College,ACC,puntReturnYardsOpponent,75,2026-09-29T20:11:17Z
2020,Boston College,ACC,rushingAttempts,361,2026-09-29T20:11:17Z
2020,Boston College,ACC,rushingAttemptsOpponent,400,2026-09-29T20:11:17Z
2020,Boston College,ACC,rushingTDs,11,2026-09-29T20:11:17Z
2020,Boston College,ACC,rushingTDsOpponent,21,2026-09-29T20:11:17Z
2020,Boston College,ACC,rushingYards,1119,2026-09-29T20:11:17Z
2020,Boston College,ACC,rushingYardsOpponent,1892,2026-09-29T20:11:17Z
2020,Boston College,ACC,sacks,24,2026-09-29T20:11:17Z
2020,Boston College,ACC,sacksOpponent,26,2026-09-29T20:11:17Z
2020,Boston College,ACC,tacklesForLoss,52,2026-09-29T20:11:17Z
2020,Boston College,ACC,tacklesForLossOpponent,64,2026-09-29T20:11:17Z
2020,Boston College,ACC,thirdDownConversions,65,2026-09-29T20:11:17Z
2020,Boston College,ACC,thirdDownConversionsOpponent,56,2026-09-29T20:11:17Z
2020,Boston College,ACC,thirdDowns,147,2026-09-29T20:11:17Z
2020,Boston College,ACC,thirdDownsOpponent,141,2026-09-29T20:11:17Z
2020,Boston College,ACC,totalYards,4245,2026-09-29T20:11:17Z
2020,Boston College,ACC,totalYardsOpponent,4590,2026-09-29T20:11:17Z
2020,Boston College,ACC,turnovers,14,2026-09-29T20:11:17Z
2020,Boston College,ACC,turnoversOpponent,21,2026-09-29T20:11:17Z
2020,Bowling Green,Mid-American,firstDowns,78,2026-09-29T20:11:17Z
2020,Bowling Green,Mid-American,firstDownsOpponent,119,2026-09-29T20:11:17Z
2020,Bowling Green,Mid-American,fourthDownConversions,3,2026-09-29T20:11:17Z
2020,Bowling Green,Mid-American,fourthDownConversionsOpponent,5,2026-09-29T20:11:17Z
2020,Bowling Green,Mid-American,fourthDowns,14,2026-09-29T20:11:17Z
2020,Bowling Green,Mid-American,fourthDownsOpponent,9,2026-09-29T20:11:17Z
2020,Bowling Green,Mid-American,fumblesLost,4,2026-09-29T20:11:17Z
2020,Bowling Green,Mid-American,fumblesLostOpponent,1,2026-09-29T20:11:17Z
2020,Bowling Green,Mid-American,fumblesRecovered,1,2026-09-29T20:11:17Z
2020,Bowling Green,Mid-American,fumblesRecoveredOpponent,4,2026-09-29T20:11:17Z
2020,Bowling Green,Mid-American,games,5,2026-09-29T20:11:17Z
2020,Bowling Green,Mid-American,interceptions,7,2026-09-29T20:11:17Z
2020,Bowling Green,Mid-American,interceptionsOpponent,0,2026-09-29T20:11:17Z
2020,Bowling Green,Mid-American,interceptionTDsOpponent,0,2026-09-29T20:11:17Z
2020,Bowling Green,Mid-American,interceptionYardsOpponent,75,2026-09-29T20:11:17Z
2020,Bowling Green,Mid-American,kickReturns,20,2026-09-29T20:11:17Z
2020,Bowling Green,Mid-American,kickReturnsOpponent,6,2026-09-29T20:11:17Z
2020,Bowling Green,Mid-American,kickReturnTDs,0,2026-09-29T20:11:17Z
2020,Bowling Green,Mid-American,kickReturnTDsOpponent,1,2026-09-29T20:11:17Z
2020,Bowling Green,Mid-American,kickReturnYards,506,2026-09-29T20:11:17Z
2020,Bowling Green,Mid-American,kickReturnYardsOpponent,202,2026-09-29T20:11:17Z
2020,Bowling Green,Mid-American,netPassingYards,712,2026-09-29T20:11:17Z
2020,Bowling Green,Mid-American,netPassingYardsOpponent,828,2026-09-29T20:11:17Z
2020,Bowling Green,Mid-American,passAttempts,125,2026-09-29T20:11:17Z
2020,Bowling Green,Mid-American,passAttemptsOpponent,111,2026-09-29T20:11:17Z
2020,Bowling Green,Mid-American,passCompletions,54,2026-09-29T20:11:17Z
2020,Bowling Green,Mid-American,passCompletionsOpponent,72,2026-09-29T20:11:17Z
2020,Bowling Green,Mid-American,passesInterceptedOpponent,7,2026-09-29T20:11:17Z
2020,Bowling Green,Mid-American,passingTDs,1,2026-09-29T20:11:17Z
2020,Bowling Green,Mid-American,passingTDsOpponent,12,2026-09-29T20:11:17Z
2020,Bowling Green,Mid-American,penalties,30,2026-09-29T20:11:17Z
2020,Bowling Green,Mid-American,penaltiesOpponent,33,2026-09-29T20:11:17Z
2020,Bowling Green,Mid-American,penaltyYards,216,2026-09-29T20:11:17Z
2020,Bowling Green,Mid-American,penaltyYardsOpponent,228,2026-09-29T20:11:17Z
2020,Bowling Green,Mid-American,possessionTime,7922,2026-09-29T20:11:17Z
2020,Bowling Green,Mid-American,possessionTimeOpponent,10037,2026-09-29T20:11:17Z
2020,Bowling Green,Mid-American,puntReturns,6,2026-09-29T20:11:17Z
2020,Bowling Green,Mid-American,puntReturnsOpponent,9,2026-09-29T20:11:17Z
2020,Bowling Green,Mid-American,puntReturnTDs,0,2026-09-29T20:11:17Z
2020,Bowling Green,Mid-American,puntReturnTDsOpponent,1,2026-09-29T20:11:17Z
2020,Bowling Green,Mid-American,puntReturnYards,32,2026-09-29T20:11:17Z
2020,Bowling Green,Mid-American,puntReturnYardsOpponent,48,2026-09-29T20:11:17Z
2020,Bowling Green,Mid-American,rushingAttempts,189,2026-09-29T20:11:17Z
2020,Bowling Green,Mid-American,rushingAttemptsOpponent,244,2026-09-29T20:11:17Z
2020,Bowling Green,Mid-American,rushingTDs,5,2026-09-29T20:11:17Z
2020,Bowling Green,Mid-American,rushingTDsOpponent,16,2026-09-29T20:11:17Z
2020,Bowling Green,Mid-American,rushingYards,920,2026-09-29T20:11:17Z
2020,Bowling Green,Mid-American,rushingYardsOpponent,1551,2026-09-29T20:11:17Z
2020,Bowling Green,Mid-American,sacks,7,2026-09-29T20:11:17Z
2020,Bowling Green,Mid-American,sacksOpponent,10,2026-09-29T20:11:17Z
2020,Bowling Green,Mid-American,tacklesForLoss,34,2026-09-29T20:11:17Z
2020,Bowling Green,Mid-American,tacklesForLossOpponent,26,2026-09-29T20:11:17Z
2020,Bowling Green,Mid-American,thirdDownConversions,17,2026-09-29T20:11:17Z
2020,Bowling Green,Mid-American,thirdDownConversionsOpponent,36,2026-09-29T20:11:17Z
2020,Bowling Green,Mid-American,thirdDowns,65,2026-09-29T20:11:17Z
2020,Bowling Green,Mid-American,thirdDownsOpponent,70,2026-09-29T20:11:17Z
2020,Bowling Green,Mid-American,totalYards,1632,2026-09-29T20:11:17Z
2020,Bowling Green,Mid-American,totalYardsOpponent,2379,2026-09-29T20:11:17Z
2020,Bowling Green,Mid-American,turnovers,11,2026-09-29T20:11:17Z
2020,Bowling Green,Mid-American,turnoversOpponent,1,2026-09-29T20:11:17Z
2020,Buffalo,Mid-American,firstDowns,154,2026-09-29T20:11:17Z
2020,Buffalo,Mid-American,firstDownsOpponent,139,2026-09-29T20:11:17Z
2020,Buffalo,Mid-American,fourthDownConversions,7,2026-09-29T20:11:17Z
2020,Buffalo,Mid-American,fourthDownConversionsOpponent,9,2026-09-29T20:11:17Z
2020,Buffalo,Mid-American,fourthDowns,13,2026-09-29T20:11:17Z
2020,Buffalo,Mid-American,fourthDownsOpponent,16,2026-09-29T20:11:17Z
2020,Buffalo,Mid-American,fumblesLost,2,2026-09-29T20:11:17Z
2020,Buffalo,Mid-American,fumblesLostOpponent,4,2026-09-29T20:11:17Z
2020,Buffalo,Mid-American,fumblesRecovered,4,2026-09-29T20:11:17Z
2020,Buffalo,Mid-American,fumblesRecoveredOpponent,2,2026-09-29T20:11:17Z
2020,Buffalo,Mid-American,games,7,2026-09-29T20:11:17Z
2020,Buffalo,Mid-American,interceptions,4,2026-09-29T20:11:17Z
2020,Buffalo,Mid-American,interceptionsOpponent,6,2026-09-29T20:11:17Z
2020,Buffalo,Mid-American,interceptionTDs,1,2026-09-29T20:11:17Z
2020,Buffalo,Mid-American,interceptionTDsOpponent,0,2026-09-29T20:11:17Z
2020,Buffalo,Mid-American,interceptionYards,108,2026-09-29T20:11:17Z
2020,Buffalo,Mid-American,interceptionYardsOpponent,0,2026-09-29T20:11:17Z
2020,Buffalo,Mid-American,kickReturns,17,2026-09-29T20:11:17Z
2020,Buffalo,Mid-American,kickReturnsOpponent,23,2026-09-29T20:11:17Z
2020,Buffalo,Mid-American,kickReturnTDs,0,2026-09-29T20:11:17Z
2020,Buffalo,Mid-American,kickReturnTDsOpponent,0,2026-09-29T20:11:17Z
2020,Buffalo,Mid-American,kickReturnYards,312,2026-09-29T20:11:17Z
2020,Buffalo,Mid-American,kickReturnYardsOpponent,534,2026-09-29T20:11:17Z
2020,Buffalo,Mid-American,netPassingYards,1334,2026-09-29T20:11:17Z
2020,Buffalo,Mid-American,netPassingYardsOpponent,1411,2026-09-29T20:11:17Z
2020,Buffalo,Mid-American,passAttempts,156,2026-09-29T20:11:17Z
2020,Buffalo,Mid-American,passAttemptsOpponent,202,2026-09-29T20:11:17Z
2020,Buffalo,Mid-American,passCompletions,97,2026-09-29T20:11:17Z
2020,Buffalo,Mid-American,passCompletionsOpponent,111,2026-09-29T20:11:17Z
2020,Buffalo,Mid-American,passesIntercepted,6,2026-09-29T20:11:17Z
2020,Buffalo,Mid-American,passesInterceptedOpponent,4,2026-09-29T20:11:17Z
2020,Buffalo,Mid-American,passingTDs,7,2026-09-29T20:11:17Z
2020,Buffalo,Mid-American,passingTDsOpponent,8,2026-09-29T20:11:17Z
2020,Buffalo,Mid-American,penalties,42,2026-09-29T20:11:17Z
2020,Buffalo,Mid-American,penaltiesOpponent,41,2026-09-29T20:11:17Z
2020,Buffalo,Mid-American,penaltyYards,369,2026-09-29T20:11:17Z
2020,Buffalo,Mid-American,penaltyYardsOpponent,377,2026-09-29T20:11:17Z
2020,Buffalo,Mid-American,possessionTime,12835,2026-09-29T20:11:17Z
2020,Buffalo,Mid-American,possessionTimeOpponent,12263,2026-09-29T20:11:17Z
2020,Buffalo,Mid-American,puntReturns,8,2026-09-29T20:11:17Z
2020,Buffalo,Mid-American,puntReturnsOpponent,2,2026-09-29T20:11:17Z
2020,Buffalo,Mid-American,puntReturnTDs,0,2026-09-29T20:11:17Z
2020,Buffalo,Mid-American,puntReturnTDsOpponent,0,2026-09-29T20:11:17Z
2020,Buffalo,Mid-American,puntReturnYards,73,2026-09-29T20:11:17Z
2020,Buffalo,Mid-American,puntReturnYardsOpponent,0,2026-09-29T20:11:17Z
2020,Buffalo,Mid-American,rushingAttempts,301,2026-09-29T20:11:17Z
2020,Buffalo,Mid-American,rushingAttemptsOpponent,281,2026-09-29T20:11:17Z
2020,Buffalo,Mid-American,rushingTDs,32,2026-09-29T20:11:17Z
2020,Buffalo,Mid-American,rushingTDsOpponent,10,2026-09-29T20:11:17Z
2020,Buffalo,Mid-American,rushingYards,2015,2026-09-29T20:11:17Z
2020,Buffalo,Mid-American,rushingYardsOpponent,1102,2026-09-29T20:11:17Z
2020,Buffalo,Mid-American,sacks,20,2026-09-29T20:11:17Z
2020,Buffalo,Mid-American,sacksOpponent,1,2026-09-29T20:11:17Z
2020,Buffalo,Mid-American,tacklesForLoss,37,2026-09-29T20:11:17Z
2020,Buffalo,Mid-American,tacklesForLossOpponent,17,2026-09-29T20:11:17Z
2020,Buffalo,Mid-American,thirdDownConversions,39,2026-09-29T20:11:17Z
2020,Buffalo,Mid-American,thirdDownConversionsOpponent,31,2026-09-29T20:11:17Z
2020,Buffalo,Mid-American,thirdDowns,81,2026-09-29T20:11:17Z
2020,Buffalo,Mid-American,thirdDownsOpponent,99,2026-09-29T20:11:17Z
2020,Buffalo,Mid-American,totalYards,3349,2026-09-29T20:11:17Z
2020,Buffalo,Mid-American,totalYardsOpponent,2513,2026-09-29T20:11:17Z
2020,Buffalo,Mid-American,turnovers,6,2026-09-29T20:11:17Z
2020,Buffalo,Mid-American,turnoversOpponent,10,2026-09-29T20:11:17Z
2020,BYU,FBS Independents,firstDowns,308,2026-09-29T20:11:17Z
2020,BYU,FBS Independents,firstDownsOpponent,214,2026-09-29T20:11:17Z
2020,BYU,FBS Independents,fourthDownConversions,13,2026-09-29T20:11:17Z
2020,BYU,FBS Independents,fourthDownConversionsOpponent,10,2026-09-29T20:11:17Z
2020,BYU,FBS Independents,fourthDowns,22,2026-09-29T20:11:17Z
2020,BYU,FBS Independents,fourthDownsOpponent,25,2026-09-29T20:11:17Z
2020,BYU,FBS Independents,fumblesLost,5,2026-09-29T20:11:17Z
2020,BYU,FBS Independents,fumblesLostOpponent,7,2026-09-29T20:11:17Z
2020,BYU,FBS Independents,fumblesRecovered,7,2026-09-29T20:11:17Z
2020,BYU,FBS Independents,fumblesRecoveredOpponent,5,2026-09-29T20:11:17Z
2020,BYU,FBS Independents,games,12,2026-09-29T20:11:17Z
2020,BYU,FBS Independents,interceptions,4,2026-09-29T20:11:17Z
2020,BYU,FBS Independents,interceptionsOpponent,8,2026-09-29T20:11:17Z
2020,BYU,FBS Independents,interceptionTDs,1,2026-09-29T20:11:17Z
2020,BYU,FBS Independents,interceptionTDsOpponent,0,2026-09-29T20:11:17Z
2020,BYU,FBS Independents,interceptionYards,54,2026-09-29T20:11:17Z
2020,BYU,FBS Independents,interceptionYardsOpponent,84,2026-09-29T20:11:17Z
2020,BYU,FBS Independents,kickReturns,16,2026-09-29T20:11:17Z
2020,BYU,FBS Independents,kickReturnsOpponent,23,2026-09-29T20:11:17Z
2020,BYU,FBS Independents,kickReturnTDs,0,2026-09-29T20:11:17Z
2020,BYU,FBS Independents,kickReturnTDsOpponent,0,2026-09-29T20:11:17Z
2020,BYU,FBS Independents,kickReturnYards,330,2026-09-29T20:11:17Z
2020,BYU,FBS Independents,kickReturnYardsOpponent,358,2026-09-29T20:11:17Z
2020,BYU,FBS Independents,netPassingYards,3984,2026-09-29T20:11:17Z
2020,BYU,FBS Independents,netPassingYardsOpponent,2376,2026-09-29T20:11:17Z
2020,BYU,FBS Independents,passAttempts,375,2026-09-29T20:11:17Z
2020,BYU,FBS Independents,passAttemptsOpponent,373,2026-09-29T20:11:17Z
2020,BYU,FBS Independents,passCompletions,272,2026-09-29T20:11:17Z
2020,BYU,FBS Independents,passCompletionsOpponent,228,2026-09-29T20:11:17Z
2020,BYU,FBS Independents,passesIntercepted,8,2026-09-29T20:11:17Z
2020,BYU,FBS Independents,passesInterceptedOpponent,4,2026-09-29T20:11:17Z
2020,BYU,FBS Independents,passingTDs,33,2026-09-29T20:11:17Z
2020,BYU,FBS Independents,passingTDsOpponent,15,2026-09-29T20:11:17Z
2020,BYU,FBS Independents,penalties,50,2026-09-29T20:11:17Z
2020,BYU,FBS Independents,penaltiesOpponent,75,2026-09-29T20:11:17Z
2020,BYU,FBS Independents,penaltyYards,430,2026-09-29T20:11:17Z
2020,BYU,FBS Independents,penaltyYardsOpponent,688,2026-09-29T20:11:17Z
2020,BYU,FBS Independents,possessionTime,21539,2026-09-29T20:11:17Z
2020,BYU,FBS Independents,possessionTimeOpponent,21611,2026-09-29T20:11:17Z
2020,BYU,FBS Independents,puntReturns,20,2026-09-29T20:11:17Z
2020,BYU,FBS Independents,puntReturnsOpponent,9,2026-09-29T20:11:17Z
2020,BYU,FBS Independents,puntReturnTDs,0,2026-09-29T20:11:17Z
2020,BYU,FBS Independents,puntReturnTDsOpponent,0,2026-09-29T20:11:17Z
2020,BYU,FBS Independents,puntReturnYards,80,2026-09-29T20:11:17Z
2020,BYU,FBS Independents,puntReturnYardsOpponent,80,2026-09-29T20:11:17Z
2020,BYU,FBS Independents,rushingAttempts,424,2026-09-29T20:11:17Z
2020,BYU,FBS Independents,rushingAttemptsOpponent,418,2026-09-29T20:11:17Z
2020,BYU,FBS Independents,rushingTDs,35,2026-09-29T20:11:17Z
2020,BYU,FBS Independents,rushingTDsOpponent,8,2026-09-29T20:11:17Z
2020,BYU,FBS Independents,rushingYards,2284,2026-09-29T20:11:17Z
2020,BYU,FBS Independents,rushingYardsOpponent,1443,2026-09-29T20:11:17Z
2020,BYU,FBS Independents,sacks,27,2026-09-29T20:11:17Z
2020,BYU,FBS Independents,sacksOpponent,12,2026-09-29T20:11:17Z
2020,BYU,FBS Independents,tacklesForLoss,59,2026-09-29T20:11:17Z
2020,BYU,FBS Independents,tacklesForLossOpponent,50,2026-09-29T20:11:17Z
2020,BYU,FBS Independents,thirdDownConversions,65,2026-09-29T20:11:17Z
2020,BYU,FBS Independents,thirdDownConversionsOpponent,68,2026-09-29T20:11:17Z
2020,BYU,FBS Independents,thirdDowns,132,2026-09-29T20:11:17Z
2020,BYU,FBS Independents,thirdDownsOpponent,172,2026-09-29T20:11:17Z
2020,BYU,FBS Independents,totalYards,6268,2026-09-29T20:11:17Z
2020,BYU,FBS Independents,totalYardsOpponent,3819,2026-09-29T20:11:17Z
2020,BYU,FBS Independents,turnovers,9,2026-09-29T20:11:17Z
2020,BYU,FBS Independents,turnoversOpponent,15,2026-09-29T20:11:17Z
2020,California,Pac-12,firstDowns,73,2026-09-29T20:11:17Z
2020,California,Pac-12,firstDownsOpponent,73,2026-09-29T20:11:17Z
2020,California,Pac-12,fourthDownConversions,4,2026-09-29T20:11:17Z
2020,California,Pac-12,fourthDownConversionsOpponent,3,2026-09-29T20:11:17Z
2020,California,Pac-12,fourthDowns,8,2026-09-29T20:11:17Z
2020,California,Pac-12,fourthDownsOpponent,6,2026-09-29T20:11:17Z
2020,California,Pac-12,fumblesLost,2,2026-09-29T20:11:17Z
2020,California,Pac-12,fumblesLostOpponent,2,2026-09-29T20:11:17Z
2020,California,Pac-12,fumblesRecovered,2,2026-09-29T20:11:17Z
2020,California,Pac-12,fumblesRecoveredOpponent,2,2026-09-29T20:11:17Z
2020,California,Pac-12,games,4,2026-09-29T20:11:17Z
2020,California,Pac-12,interceptions,3,2026-09-29T20:11:17Z
2020,California,Pac-12,interceptionsOpponent,3,2026-09-29T20:11:17Z
2020,California,Pac-12,interceptionTDs,0,2026-09-29T20:11:17Z
2020,California,Pac-12,interceptionTDsOpponent,0,2026-09-29T20:11:17Z
2020,California,Pac-12,interceptionYards,54,2026-09-29T20:11:17Z
2020,California,Pac-12,interceptionYardsOpponent,14,2026-09-29T20:11:17Z
2020,California,Pac-12,kickReturns,3,2026-09-29T20:11:17Z
2020,California,Pac-12,kickReturnsOpponent,9,2026-09-29T20:11:17Z
2020,California,Pac-12,kickReturnTDs,0,2026-09-29T20:11:17Z
2020,California,Pac-12,kickReturnTDsOpponent,0,2026-09-29T20:11:17Z
2020,California,Pac-12,kickReturnYards,55,2026-09-29T20:11:17Z
2020,California,Pac-12,kickReturnYardsOpponent,206,2026-09-29T20:11:17Z
2020,California,Pac-12,netPassingYards,771,2026-09-29T20:11:17Z
2020,California,Pac-12,netPassingYardsOpponent,787,2026-09-29T20:11:17Z
2020,California,Pac-12,passAttempts,139,2026-09-29T20:11:17Z
2020,California,Pac-12,passAttemptsOpponent,105,2026-09-29T20:11:17Z
2020,California,Pac-12,passCompletions,85,2026-09-29T20:11:17Z
2020,California,Pac-12,passCompletionsOpponent,65,2026-09-29T20:11:17Z
2020,California,Pac-12,passesIntercepted,3,2026-09-29T20:11:17Z
2020,California,Pac-12,passesInterceptedOpponent,3,2026-09-29T20:11:17Z
2020,California,Pac-12,passingTDs,6,2026-09-29T20:11:17Z
2020,California,Pac-12,passingTDsOpponent,7,2026-09-29T20:11:17Z
2020,California,Pac-12,penalties,17,2026-09-29T20:11:17Z
2020,California,Pac-12,penaltiesOpponent,27,2026-09-29T20:11:17Z
2020,California,Pac-12,penaltyYards,135,2026-09-29T20:11:17Z
2020,California,Pac-12,penaltyYardsOpponent,232,2026-09-29T20:11:17Z
2020,California,Pac-12,possessionTime,7364,2026-09-29T20:11:17Z
2020,California,Pac-12,possessionTimeOpponent,6768,2026-09-29T20:11:17Z
2020,California,Pac-12,puntReturns,8,2026-09-29T20:11:17Z
2020,California,Pac-12,puntReturnsOpponent,5,2026-09-29T20:11:17Z
2020,California,Pac-12,puntReturnTDs,0,2026-09-29T20:11:17Z
2020,California,Pac-12,puntReturnTDsOpponent,0,2026-09-29T20:11:17Z
2020,California,Pac-12,puntReturnYards,42,2026-09-29T20:11:17Z
2020,California,Pac-12,puntReturnYardsOpponent,70,2026-09-29T20:11:17Z
2020,California,Pac-12,rushingAttempts,148,2026-09-29T20:11:17Z
2020,California,Pac-12,rushingAttemptsOpponent,149,2026-09-29T20:11:17Z
2020,California,Pac-12,rushingTDs,4,2026-09-29T20:11:17Z
2020,California,Pac-12,rushingTDsOpponent,7,2026-09-29T20:11:17Z
2020,California,Pac-12,rushingYards,507,2026-09-29T20:11:17Z
2020,California,Pac-12,rushingYardsOpponent,670,2026-09-29T20:11:17Z
2020,California,Pac-12,sacks,7,2026-09-29T20:11:17Z
2020,California,Pac-12,sacksOpponent,15,2026-09-29T20:11:17Z
2020,California,Pac-12,tacklesForLoss,20,2026-09-29T20:11:17Z
2020,California,Pac-12,tacklesForLossOpponent,32,2026-09-29T20:11:17Z
2020,California,Pac-12,thirdDownConversions,25,2026-09-29T20:11:17Z
2020,California,Pac-12,thirdDownConversionsOpponent,21,2026-09-29T20:11:17Z
2020,California,Pac-12,thirdDowns,68,2026-09-29T20:11:17Z
2020,California,Pac-12,thirdDownsOpponent,53,2026-09-29T20:11:17Z
2020,California,Pac-12,totalYards,1278,2026-09-29T20:11:17Z
2020,California,Pac-12,totalYardsOpponent,1457,2026-09-29T20:11:17Z
2020,California,Pac-12,turnovers,5,2026-09-29T20:11:17Z
2020,California,Pac-12,turnoversOpponent,5,2026-09-29T20:11:17Z
2020,Central Michigan,Mid-American,firstDowns,118,2026-09-29T20:11:17Z
2020,Central Michigan,Mid-American,firstDownsOpponent,131,2026-09-29T20:11:17Z
2020,Central Michigan,Mid-American,fourthDownConversions,11,2026-09-29T20:11:17Z
2020,Central Michigan,Mid-American,fourthDownConversionsOpponent,3,2026-09-29T20:11:17Z
2020,Central Michigan,Mid-American,fourthDowns,19,2026-09-29T20:11:17Z
2020,Central Michigan,Mid-American,fourthDownsOpponent,8,2026-09-29T20:11:17Z
2020,Central Michigan,Mid-American,fumblesLost,5,2026-09-29T20:11:17Z
2020,Central Michigan,Mid-American,fumblesLostOpponent,7,2026-09-29T20:11:17Z
2020,Central Michigan,Mid-American,fumblesRecovered,7,2026-09-29T20:11:17Z
2020,Central Michigan,Mid-American,fumblesRecoveredOpponent,5,2026-09-29T20:11:17Z
2020,Central Michigan,Mid-American,games,6,2026-09-29T20:11:17Z
2020,Central Michigan,Mid-American,interceptions,4,2026-09-29T20:11:17Z
2020,Central Michigan,Mid-American,interceptionsOpponent,8,2026-09-29T20:11:17Z
2020,Central Michigan,Mid-American,interceptionTDs,0,2026-09-29T20:11:17Z
2020,Central Michigan,Mid-American,interceptionTDsOpponent,0,2026-09-29T20:11:17Z
2020,Central Michigan,Mid-American,interceptionYards,48,2026-09-29T20:11:17Z
2020,Central Michigan,Mid-American,interceptionYardsOpponent,13,2026-09-29T20:11:17Z
2020,Central Michigan,Mid-American,kickReturns,17,2026-09-29T20:11:17Z
2020,Central Michigan,Mid-American,kickReturnsOpponent,29,2026-09-29T20:11:17Z
2020,Central Michigan,Mid-American,kickReturnTDs,0,2026-09-29T20:11:17Z
2020,Central Michigan,Mid-American,kickReturnTDsOpponent,1,2026-09-29T20:11:17Z
2020,Central Michigan,Mid-American,kickReturnYards,304,2026-09-29T20:11:17Z
2020,Central Michigan,Mid-American,kickReturnYardsOpponent,589,2026-09-29T20:11:17Z
2020,Central Michigan,Mid-American,netPassingYards,1214,2026-09-29T20:11:17Z
2020,Central Michigan,Mid-American,netPassingYardsOpponent,1791,2026-09-29T20:11:17Z
2020,Central Michigan,Mid-American,passAttempts,173,2026-09-29T20:11:17Z
2020,Central Michigan,Mid-American,passAttemptsOpponent,189,2026-09-29T20:11:17Z
2020,Central Michigan,Mid-American,passCompletions,106,2026-09-29T20:11:17Z
2020,Central Michigan,Mid-American,passCompletionsOpponent,109,2026-09-29T20:11:17Z
2020,Central Michigan,Mid-American,passesIntercepted,7,2026-09-29T20:11:17Z
2020,Central Michigan,Mid-American,passesInterceptedOpponent,4,2026-09-29T20:11:17Z
2020,Central Michigan,Mid-American,passingTDs,6,2026-09-29T20:11:17Z
2020,Central Michigan,Mid-American,passingTDsOpponent,15,2026-09-29T20:11:17Z
2020,Central Michigan,Mid-American,penalties,35,2026-09-29T20:11:17Z
2020,Central Michigan,Mid-American,penaltiesOpponent,34,2026-09-29T20:11:17Z
2020,Central Michigan,Mid-American,penaltyYards,351,2026-09-29T20:11:17Z
2020,Central Michigan,Mid-American,penaltyYardsOpponent,231,2026-09-29T20:11:17Z
2020,Central Michigan,Mid-American,possessionTime,10364,2026-09-29T20:11:17Z
2020,Central Michigan,Mid-American,possessionTimeOpponent,11199,2026-09-29T20:11:17Z
2020,Central Michigan,Mid-American,puntReturns,9,2026-09-29T20:11:17Z
2020,Central Michigan,Mid-American,puntReturnsOpponent,10,2026-09-29T20:11:17Z
2020,Central Michigan,Mid-American,puntReturnTDs,0,2026-09-29T20:11:17Z
2020,Central Michigan,Mid-American,puntReturnTDsOpponent,0,2026-09-29T20:11:17Z
2020,Central Michigan,Mid-American,puntReturnYards,30,2026-09-29T20:11:17Z
2020,Central Michigan,Mid-American,puntReturnYardsOpponent,46,2026-09-29T20:11:17Z
2020,Central Michigan,Mid-American,rushingAttempts,259,2026-09-29T20:11:17Z
2020,Central Michigan,Mid-American,rushingAttemptsOpponent,250,2026-09-29T20:11:17Z
2020,Central Michigan,Mid-American,rushingTDs,15,2026-09-29T20:11:17Z
2020,Central Michigan,Mid-American,rushingTDsOpponent,7,2026-09-29T20:11:17Z
2020,Central Michigan,Mid-American,rushingYards,1311,2026-09-29T20:11:17Z
2020,Central Michigan,Mid-American,rushingYardsOpponent,783,2026-09-29T20:11:17Z
2020,Central Michigan,Mid-American,sacks,19,2026-09-29T20:11:17Z
2020,Central Michigan,Mid-American,sacksOpponent,13,2026-09-29T20:11:17Z
2020,Central Michigan,Mid-American,tacklesForLoss,40,2026-09-29T20:11:17Z
2020,Central Michigan,Mid-American,tacklesForLossOpponent,39,2026-09-29T20:11:17Z
2020,Central Michigan,Mid-American,thirdDownConversions,24,2026-09-29T20:11:17Z
2020,Central Michigan,Mid-American,thirdDownConversionsOpponent,40,2026-09-29T20:11:17Z
2020,Central Michigan,Mid-American,thirdDowns,85,2026-09-29T20:11:17Z
2020,Central Michigan,Mid-American,thirdDownsOpponent,90,2026-09-29T20:11:17Z
2020,Central Michigan,Mid-American,totalYards,2525,2026-09-29T20:11:17Z
2020,Central Michigan,Mid-American,totalYardsOpponent,2574,2026-09-29T20:11:17Z
2020,Central Michigan,Mid-American,turnovers,9,2026-09-29T20:11:17Z
2020,Central Michigan,Mid-American,turnoversOpponent,15,2026-09-29T20:11:17Z
2020,Charlotte,Conference USA,firstDowns,119,2026-09-29T20:11:17Z
2020,Charlotte,Conference USA,firstDownsOpponent,127,2026-09-29T20:11:17Z
2020,Charlotte,Conference USA,fourthDownConversions,7,2026-09-29T20:11:17Z
2020,Charlotte,Conference USA,fourthDownConversionsOpponent,2,2026-09-29T20:11:17Z
2020,Charlotte,Conference USA,fourthDowns,12,2026-09-29T20:11:17Z
2020,Charlotte,Conference USA,fourthDownsOpponent,10,2026-09-29T20:11:17Z
2020,Charlotte,Conference USA,fumblesLost,4,2026-09-29T20:11:17Z
2020,Charlotte,Conference USA,fumblesLostOpponent,3,2026-09-29T20:11:17Z
2020,Charlotte,Conference USA,fumblesRecovered,3,2026-09-29T20:11:17Z
2020,Charlotte,Conference USA,fumblesRecoveredOpponent,4,2026-09-29T20:11:17Z
2020,Charlotte,Conference USA,games,6,2026-09-29T20:11:17Z
2020,Charlotte,Conference USA,interceptions,2,2026-09-29T20:11:17Z
2020,Charlotte,Conference USA,interceptionsOpponent,5,2026-09-29T20:11:17Z
2020,Charlotte,Conference USA,interceptionTDs,0,2026-09-29T20:11:17Z
2020,Charlotte,Conference USA,interceptionTDsOpponent,0,2026-09-29T20:11:17Z
2020,Charlotte,Conference USA,interceptionYards,78,2026-09-29T20:11:17Z
2020,Charlotte,Conference USA,interceptionYardsOpponent,44,2026-09-29T20:11:17Z
2020,Charlotte,Conference USA,kickReturns,20,2026-09-29T20:11:17Z
2020,Charlotte,Conference USA,kickReturnsOpponent,9,2026-09-29T20:11:17Z
2020,Charlotte,Conference USA,kickReturnTDs,1,2026-09-29T20:11:17Z
2020,Charlotte,Conference USA,kickReturnTDsOpponent,0,2026-09-29T20:11:17Z
2020,Charlotte,Conference USA,kickReturnYards,418,2026-09-29T20:11:17Z
2020,Charlotte,Conference USA,kickReturnYardsOpponent,169,2026-09-29T20:11:17Z
2020,Charlotte,Conference USA,netPassingYards,1337,2026-09-29T20:11:17Z
2020,Charlotte,Conference USA,netPassingYardsOpponent,1233,2026-09-29T20:11:17Z
2020,Charlotte,Conference USA,passAttempts,179,2026-09-29T20:11:17Z
2020,Charlotte,Conference USA,passAttemptsOpponent,165,2026-09-29T20:11:17Z
2020,Charlotte,Conference USA,passCompletions,98,2026-09-29T20:11:17Z
2020,Charlotte,Conference USA,passCompletionsOpponent,95,2026-09-29T20:11:17Z
2020,Charlotte,Conference USA,passesIntercepted,5,2026-09-29T20:11:17Z
2020,Charlotte,Conference USA,passesInterceptedOpponent,2,2026-09-29T20:11:17Z
2020,Charlotte,Conference USA,passingTDs,10,2026-09-29T20:11:17Z
2020,Charlotte,Conference USA,passingTDsOpponent,10,2026-09-29T20:11:17Z
2020,Charlotte,Conference USA,penalties,42,2026-09-29T20:11:17Z
2020,Charlotte,Conference USA,penaltiesOpponent,29,2026-09-29T20:11:17Z
2020,Charlotte,Conference USA,penaltyYards,370,2026-09-29T20:11:17Z
2020,Charlotte,Conference USA,penaltyYardsOpponent,222,2026-09-29T20:11:17Z
2020,Charlotte,Conference USA,possessionTime,12345,2026-09-29T20:11:17Z
2020,Charlotte,Conference USA,possessionTimeOpponent,9255,2026-09-29T20:11:17Z
2020,Charlotte,Conference USA,puntReturns,6,2026-09-29T20:11:17Z
2020,Charlotte,Conference USA,puntReturnsOpponent,8,2026-09-29T20:11:17Z
2020,Charlotte,Conference USA,puntReturnTDs,0,2026-09-29T20:11:17Z
2020,Charlotte,Conference USA,puntReturnTDsOpponent,0,2026-09-29T20:11:17Z
2020,Charlotte,Conference USA,puntReturnYards,30,2026-09-29T20:11:17Z
2020,Charlotte,Conference USA,puntReturnYardsOpponent,66,2026-09-29T20:11:17Z
2020,Charlotte,Conference USA,rushingAttempts,237,2026-09-29T20:11:17Z
2020,Charlotte,Conference USA,rushingAttemptsOpponent,219,2026-09-29T20:11:17Z
2020,Charlotte,Conference USA,rushingTDs,11,2026-09-29T20:11:17Z
2020,Charlotte,Conference USA,rushingTDsOpponent,14,2026-09-29T20:11:17Z
2020,Charlotte,Conference USA,rushingYards,930,2026-09-29T20:11:17Z
2020,Charlotte,Conference USA,rushingYardsOpponent,1284,2026-09-29T20:11:17Z
2020,Charlotte,Conference USA,sacks,5,2026-09-29T20:11:17Z
2020,Charlotte,Conference USA,sacksOpponent,16,2026-09-29T20:11:17Z
2020,Charlotte,Conference USA,tacklesForLoss,20,2026-09-29T20:11:17Z
2020,Charlotte,Conference USA,tacklesForLossOpponent,43,2026-09-29T20:11:17Z
2020,Charlotte,Conference USA,thirdDownConversions,39,2026-09-29T20:11:17Z
2020,Charlotte,Conference USA,thirdDownConversionsOpponent,32,2026-09-29T20:11:17Z
2020,Charlotte,Conference USA,thirdDowns,96,2026-09-29T20:11:17Z
2020,Charlotte,Conference USA,thirdDownsOpponent,69,2026-09-29T20:11:17Z
2020,Charlotte,Conference USA,totalYards,2267,2026-09-29T20:11:17Z
2020,Charlotte,Conference USA,totalYardsOpponent,2517,2026-09-29T20:11:17Z
2020,Charlotte,Conference USA,turnovers,6,2026-09-29T20:11:17Z
2020,Charlotte,Conference USA,turnoversOpponent,8,2026-09-29T20:11:17Z
2020,Cincinnati,American Athletic,firstDowns,219,2026-09-29T20:11:17Z
2020,Cincinnati,American Athletic,firstDownsOpponent,193,2026-09-29T20:11:17Z
2020,Cincinnati,American Athletic,fourthDownConversions,10,2026-09-29T20:11:17Z
2020,Cincinnati,American Athletic,fourthDownConversionsOpponent,9,2026-09-29T20:11:17Z
2020,Cincinnati,American Athletic,fourthDowns,15,2026-09-29T20:11:17Z
2020,Cincinnati,American Athletic,fourthDownsOpponent,23,2026-09-29T20:11:17Z
2020,Cincinnati,American Athletic,fumblesLost,10,2026-09-29T20:11:17Z
2020,Cincinnati,American Athletic,fumblesLostOpponent,4,2026-09-29T20:11:17Z
2020,Cincinnati,American Athletic,fumblesRecovered,4,2026-09-29T20:11:17Z
2020,Cincinnati,American Athletic,fumblesRecoveredOpponent,10,2026-09-29T20:11:17Z
2020,Cincinnati,American Athletic,games,10,2026-09-29T20:11:17Z
2020,Cincinnati,American Athletic,interceptions,6,2026-09-29T20:11:17Z
2020,Cincinnati,American Athletic,interceptionsOpponent,16,2026-09-29T20:11:17Z
2020,Cincinnati,American Athletic,interceptionTDs,1,2026-09-29T20:11:17Z
2020,Cincinnati,American Athletic,interceptionTDsOpponent,0,2026-09-29T20:11:17Z
2020,Cincinnati,American Athletic,interceptionYards,130,2026-09-29T20:11:17Z
2020,Cincinnati,American Athletic,interceptionYardsOpponent,5,2026-09-29T20:11:17Z
2020,Cincinnati,American Athletic,kickReturns,17,2026-09-29T20:11:17Z
2020,Cincinnati,American Athletic,kickReturnsOpponent,23,2026-09-29T20:11:17Z
2020,Cincinnati,American Athletic,kickReturnTDs,1,2026-09-29T20:11:17Z
2020,Cincinnati,American Athletic,kickReturnTDsOpponent,0,2026-09-29T20:11:17Z
2020,Cincinnati,American Athletic,kickReturnYards,476,2026-09-29T20:11:17Z
2020,Cincinnati,American Athletic,kickReturnYardsOpponent,503,2026-09-29T20:11:17Z
2020,Cincinnati,American Athletic,netPassingYards,2386,2026-09-29T20:11:17Z
2020,Cincinnati,American Athletic,netPassingYardsOpponent,2135,2026-09-29T20:11:17Z
2020,Cincinnati,American Athletic,passAttempts,295,2026-09-29T20:11:17Z
2020,Cincinnati,American Athletic,passAttemptsOpponent,354,2026-09-29T20:11:17Z
2020,Cincinnati,American Athletic,passCompletions,197,2026-09-29T20:11:17Z
2020,Cincinnati,American Athletic,passCompletionsOpponent,188,2026-09-29T20:11:17Z
2020,Cincinnati,American Athletic,passesIntercepted,16,2026-09-29T20:11:17Z
2020,Cincinnati,American Athletic,passesInterceptedOpponent,6,2026-09-29T20:11:17Z
2020,Cincinnati,American Athletic,passingTDs,20,2026-09-29T20:11:17Z
2020,Cincinnati,American Athletic,passingTDsOpponent,7,2026-09-29T20:11:17Z
2020,Cincinnati,American Athletic,penalties,87,2026-09-29T20:11:17Z
2020,Cincinnati,American Athletic,penaltiesOpponent,58,2026-09-29T20:11:17Z
2020,Cincinnati,American Athletic,penaltyYards,762,2026-09-29T20:11:17Z
2020,Cincinnati,American Athletic,penaltyYardsOpponent,594,2026-09-29T20:11:17Z
2020,Cincinnati,American Athletic,possessionTime,19205,2026-09-29T20:11:17Z
2020,Cincinnati,American Athletic,possessionTimeOpponent,16714,2026-09-29T20:11:17Z
2020,Cincinnati,American Athletic,puntReturns,15,2026-09-29T20:11:17Z
2020,Cincinnati,American Athletic,puntReturnsOpponent,13,2026-09-29T20:11:17Z
2020,Cincinnati,American Athletic,puntReturnTDs,0,2026-09-29T20:11:17Z
2020,Cincinnati,American Athletic,puntReturnTDsOpponent,0,2026-09-29T20:11:17Z
2020,Cincinnati,American Athletic,puntReturnYards,123,2026-09-29T20:11:17Z
2020,Cincinnati,American Athletic,puntReturnYardsOpponent,84,2026-09-29T20:11:17Z
2020,Cincinnati,American Athletic,rushingAttempts,381,2026-09-29T20:11:17Z
2020,Cincinnati,American Athletic,rushingAttemptsOpponent,353,2026-09-29T20:11:17Z
2020,Cincinnati,American Athletic,rushingTDs,29,2026-09-29T20:11:17Z
2020,Cincinnati,American Athletic,rushingTDsOpponent,10,2026-09-29T20:11:17Z
2020,Cincinnati,American Athletic,rushingYards,2126,2026-09-29T20:11:17Z
2020,Cincinnati,American Athletic,rushingYardsOpponent,1120,2026-09-29T20:11:17Z
2020,Cincinnati,American Athletic,sacks,29,2026-09-29T20:11:17Z
2020,Cincinnati,American Athletic,sacksOpponent,19,2026-09-29T20:11:17Z
2020,Cincinnati,American Athletic,tacklesForLoss,72,2026-09-29T20:11:17Z
2020,Cincinnati,American Athletic,tacklesForLossOpponent,51,2026-09-29T20:11:17Z
2020,Cincinnati,American Athletic,thirdDownConversions,60,2026-09-29T20:11:17Z
2020,Cincinnati,American Athletic,thirdDownConversionsOpponent,52,2026-09-29T20:11:17Z
2020,Cincinnati,American Athletic,thirdDowns,132,2026-09-29T20:11:17Z
2020,Cincinnati,American Athletic,thirdDownsOpponent,151,2026-09-29T20:11:17Z
2020,Cincinnati,American Athletic,totalYards,4512,2026-09-29T20:11:17Z
2020,Cincinnati,American Athletic,totalYardsOpponent,3255,2026-09-29T20:11:17Z
2020,Cincinnati,American Athletic,turnovers,16,2026-09-29T20:11:17Z
2020,Cincinnati,American Athletic,turnoversOpponent,20,2026-09-29T20:11:17Z
2020,Clemson,ACC,firstDowns,295,2026-09-29T20:11:17Z
2020,Clemson,ACC,firstDownsOpponent,192,2026-09-29T20:11:17Z
2020,Clemson,ACC,fourthDownConversions,10,2026-09-29T20:11:17Z
2020,Clemson,ACC,fourthDownConversionsOpponent,7,2026-09-29T20:11:17Z
2020,Clemson,ACC,fourthDowns,15,2026-09-29T20:11:17Z
2020,Clemson,ACC,fourthDownsOpponent,19,2026-09-29T20:11:17Z
2020,Clemson,ACC,fumblesLost,9,2026-09-29T20:11:17Z
2020,Clemson,ACC,fumblesLostOpponent,9,2026-09-29T20:11:17Z
2020,Clemson,ACC,fumblesRecovered,9,2026-09-29T20:11:17Z
2020,Clemson,ACC,fumblesRecoveredOpponent,9,2026-09-29T20:11:17Z
2020,Clemson,ACC,games,12,2026-09-29T20:11:17Z
2020,Clemson,ACC,interceptions,6,2026-09-29T20:11:17Z
2020,Clemson,ACC,interceptionsOpponent,14,2026-09-29T20:11:17Z
2020,Clemson,ACC,interceptionTDs,0,2026-09-29T20:11:17Z
2020,Clemson,ACC,interceptionTDsOpponent,1,2026-09-29T20:11:17Z
2020,Clemson,ACC,interceptionYards,121,2026-09-29T20:11:17Z
2020,Clemson,ACC,interceptionYardsOpponent,105,2026-09-29T20:11:17Z
2020,Clemson,ACC,kickReturns,19,2026-09-29T20:11:17Z
2020,Clemson,ACC,kickReturnsOpponent,12,2026-09-29T20:11:17Z
2020,Clemson,ACC,kickReturnTDs,0,2026-09-29T20:11:17Z
2020,Clemson,ACC,kickReturnTDsOpponent,0,2026-09-29T20:11:17Z
2020,Clemson,ACC,kickReturnYards,434,2026-09-29T20:11:17Z
2020,Clemson,ACC,kickReturnYardsOpponent,269,2026-09-29T20:11:17Z
2020,Clemson,ACC,netPassingYards,4182,2026-09-29T20:11:17Z
2020,Clemson,ACC,netPassingYardsOpponent,2570,2026-09-29T20:11:17Z
2020,Clemson,ACC,passAttempts,490,2026-09-29T20:11:17Z
2020,Clemson,ACC,passAttemptsOpponent,343,2026-09-29T20:11:17Z
2020,Clemson,ACC,passCompletions,326,2026-09-29T20:11:17Z
2020,Clemson,ACC,passCompletionsOpponent,190,2026-09-29T20:11:17Z
2020,Clemson,ACC,passesIntercepted,14,2026-09-29T20:11:17Z
2020,Clemson,ACC,passesInterceptedOpponent,6,2026-09-29T20:11:17Z
2020,Clemson,ACC,passingTDs,31,2026-09-29T20:11:17Z
2020,Clemson,ACC,passingTDsOpponent,17,2026-09-29T20:11:17Z
2020,Clemson,ACC,penalties,64,2026-09-29T20:11:17Z
2020,Clemson,ACC,penaltiesOpponent,75,2026-09-29T20:11:17Z
2020,Clemson,ACC,penaltyYards,568,2026-09-29T20:11:17Z
2020,Clemson,ACC,penaltyYardsOpponent,623,2026-09-29T20:11:17Z
2020,Clemson,ACC,possessionTime,21885,2026-09-29T20:11:17Z
2020,Clemson,ACC,possessionTimeOpponent,20904,2026-09-29T20:11:17Z
2020,Clemson,ACC,puntReturns,13,2026-09-29T20:11:17Z
2020,Clemson,ACC,puntReturnsOpponent,17,2026-09-29T20:11:17Z
2020,Clemson,ACC,puntReturnTDs,0,2026-09-29T20:11:17Z
2020,Clemson,ACC,puntReturnTDsOpponent,0,2026-09-29T20:11:17Z
2020,Clemson,ACC,puntReturnYards,123,2026-09-29T20:11:17Z
2020,Clemson,ACC,puntReturnYardsOpponent,144,2026-09-29T20:11:17Z
2020,Clemson,ACC,rushingAttempts,410,2026-09-29T20:11:17Z
2020,Clemson,ACC,rushingAttemptsOpponent,437,2026-09-29T20:11:17Z
2020,Clemson,ACC,rushingTDs,33,2026-09-29T20:11:17Z
2020,Clemson,ACC,rushingTDsOpponent,9,2026-09-29T20:11:17Z
2020,Clemson,ACC,rushingYards,1848,2026-09-29T20:11:17Z
2020,Clemson,ACC,rushingYardsOpponent,1368,2026-09-29T20:11:17Z
2020,Clemson,ACC,sacks,46,2026-09-29T20:11:17Z
2020,Clemson,ACC,sacksOpponent,21,2026-09-29T20:11:17Z
2020,Clemson,ACC,tacklesForLoss,109,2026-09-29T20:11:17Z
2020,Clemson,ACC,tacklesForLossOpponent,64,2026-09-29T20:11:17Z
2020,Clemson,ACC,thirdDownConversions,83,2026-09-29T20:11:17Z
2020,Clemson,ACC,thirdDownConversionsOpponent,54,2026-09-29T20:11:17Z
2020,Clemson,ACC,thirdDowns,179,2026-09-29T20:11:17Z
2020,Clemson,ACC,thirdDownsOpponent,174,2026-09-29T20:11:17Z
2020,Clemson,ACC,totalYards,6030,2026-09-29T20:11:17Z
2020,Clemson,ACC,totalYardsOpponent,3938,2026-09-29T20:11:17Z
2020,Clemson,ACC,turnovers,15,2026-09-29T20:11:17Z
2020,Clemson,ACC,turnoversOpponent,23,2026-09-29T20:11:17Z
2020,Coastal Carolina,Sun Belt,firstDowns,281,2026-09-29T20:11:17Z
2020,Coastal Carolina,Sun Belt,firstDownsOpponent,224,2026-09-29T20:11:17Z
2020,Coastal Carolina,Sun Belt,fourthDownConversions,13,2026-09-29T20:11:17Z
2020,Coastal Carolina,Sun Belt,fourthDownConversionsOpponent,12,2026-09-29T20:11:17Z
2020,Coastal Carolina,Sun Belt,fourthDowns,17,2026-09-29T20:11:17Z
2020,Coastal Carolina,Sun Belt,fourthDownsOpponent,27,2026-09-29T20:11:17Z
2020,Coastal Carolina,Sun Belt,fumblesLost,7,2026-09-29T20:11:17Z
2020,Coastal Carolina,Sun Belt,fumblesLostOpponent,9,2026-09-29T20:11:17Z
2020,Coastal Carolina,Sun Belt,fumblesRecovered,9,2026-09-29T20:11:17Z
2020,Coastal Carolina,Sun Belt,fumblesRecoveredOpponent,7,2026-09-29T20:11:17Z
2020,Coastal Carolina,Sun Belt,games,12,2026-09-29T20:11:17Z
2020,Coastal Carolina,Sun Belt,interceptions,5,2026-09-29T20:11:17Z
2020,Coastal Carolina,Sun Belt,interceptionsOpponent,16,2026-09-29T20:11:17Z
2020,Coastal Carolina,Sun Belt,interceptionTDs,1,2026-09-29T20:11:17Z
2020,Coastal Carolina,Sun Belt,interceptionTDsOpponent,0,2026-09-29T20:11:17Z
2020,Coastal Carolina,Sun Belt,interceptionYards,227,2026-09-29T20:11:17Z
2020,Coastal Carolina,Sun Belt,interceptionYardsOpponent,84,2026-09-29T20:11:17Z
2020,Coastal Carolina,Sun Belt,kickReturns,19,2026-09-29T20:11:17Z
2020,Coastal Carolina,Sun Belt,kickReturnsOpponent,45,2026-09-29T20:11:17Z
2020,Coastal Carolina,Sun Belt,kickReturnTDs,0,2026-09-29T20:11:17Z
2020,Coastal Carolina,Sun Belt,kickReturnTDsOpponent,0,2026-09-29T20:11:17Z
2020,Coastal Carolina,Sun Belt,kickReturnYards,299,2026-09-29T20:11:17Z
2020,Coastal Carolina,Sun Belt,kickReturnYardsOpponent,849,2026-09-29T20:11:17Z
2020,Coastal Carolina,Sun Belt,netPassingYards,2778,2026-09-29T20:11:17Z
2020,Coastal Carolina,Sun Belt,netPassingYardsOpponent,2447,2026-09-29T20:11:17Z
2020,Coastal Carolina,Sun Belt,passAttempts,286,2026-09-29T20:11:17Z
2020,Coastal Carolina,Sun Belt,passAttemptsOpponent,364,2026-09-29T20:11:17Z
2020,Coastal Carolina,Sun Belt,passCompletions,191,2026-09-29T20:11:17Z
2020,Coastal Carolina,Sun Belt,passCompletionsOpponent,221,2026-09-29T20:11:17Z
2020,Coastal Carolina,Sun Belt,passesIntercepted,16,2026-09-29T20:11:17Z
2020,Coastal Carolina,Sun Belt,passesInterceptedOpponent,5,2026-09-29T20:11:17Z
2020,Coastal Carolina,Sun Belt,passingTDs,29,2026-09-29T20:11:17Z
2020,Coastal Carolina,Sun Belt,passingTDsOpponent,11,2026-09-29T20:11:17Z
2020,Coastal Carolina,Sun Belt,penalties,44,2026-09-29T20:11:17Z
2020,Coastal Carolina,Sun Belt,penaltiesOpponent,57,2026-09-29T20:11:17Z
2020,Coastal Carolina,Sun Belt,penaltyYards,428,2026-09-29T20:11:17Z
2020,Coastal Carolina,Sun Belt,penaltyYardsOpponent,455,2026-09-29T20:11:17Z
2020,Coastal Carolina,Sun Belt,possessionTime,23907,2026-09-29T20:11:17Z
2020,Coastal Carolina,Sun Belt,possessionTimeOpponent,18795,2026-09-29T20:11:17Z
2020,Coastal Carolina,Sun Belt,puntReturns,10,2026-09-29T20:11:17Z
2020,Coastal Carolina,Sun Belt,puntReturnsOpponent,7,2026-09-29T20:11:17Z
2020,Coastal Carolina,Sun Belt,puntReturnTDs,0,2026-09-29T20:11:17Z
2020,Coastal Carolina,Sun Belt,puntReturnTDsOpponent,1,2026-09-29T20:11:17Z
2020,Coastal Carolina,Sun Belt,puntReturnYards,76,2026-09-29T20:11:17Z
2020,Coastal Carolina,Sun Belt,puntReturnYardsOpponent,53,2026-09-29T20:11:17Z
2020,Coastal Carolina,Sun Belt,rushingAttempts,518,2026-09-29T20:11:17Z
2020,Coastal Carolina,Sun Belt,rushingAttemptsOpponent,405,2026-09-29T20:11:17Z
2020,Coastal Carolina,Sun Belt,rushingTDs,30,2026-09-29T20:11:17Z
2020,Coastal Carolina,Sun Belt,rushingTDsOpponent,17,2026-09-29T20:11:17Z
2020,Coastal Carolina,Sun Belt,rushingYards,2622,2026-09-29T20:11:17Z
2020,Coastal Carolina,Sun Belt,rushingYardsOpponent,1776,2026-09-29T20:11:17Z
2020,Coastal Carolina,Sun Belt,sacks,32,2026-09-29T20:11:17Z
2020,Coastal Carolina,Sun Belt,sacksOpponent,14,2026-09-29T20:11:17Z
2020,Coastal Carolina,Sun Belt,tacklesForLoss,77,2026-09-29T20:11:17Z
2020,Coastal Carolina,Sun Belt,tacklesForLossOpponent,52,2026-09-29T20:11:17Z
2020,Coastal Carolina,Sun Belt,thirdDownConversions,79,2026-09-29T20:11:17Z
2020,Coastal Carolina,Sun Belt,thirdDownConversionsOpponent,57,2026-09-29T20:11:17Z
2020,Coastal Carolina,Sun Belt,thirdDowns,149,2026-09-29T20:11:17Z
2020,Coastal Carolina,Sun Belt,thirdDownsOpponent,150,2026-09-29T20:11:17Z
2020,Coastal Carolina,Sun Belt,totalYards,5400,2026-09-29T20:11:17Z
2020,Coastal Carolina,Sun Belt,totalYardsOpponent,4223,2026-09-29T20:11:17Z
2020,Coastal Carolina,Sun Belt,turnovers,12,2026-09-29T20:11:17Z
2020,Coastal Carolina,Sun Belt,turnoversOpponent,25,2026-09-29T20:11:17Z
2020,Colorado,Pac-12,firstDowns,120,2026-09-29T20:11:17Z
2020,Colorado,Pac-12,firstDownsOpponent,128,2026-09-29T20:11:17Z
2020,Colorado,Pac-12,fourthDownConversions,3,2026-09-29T20:11:17Z
2020,Colorado,Pac-12,fourthDownConversionsOpponent,1,2026-09-29T20:11:17Z
2020,Colorado,Pac-12,fourthDowns,7,2026-09-29T20:11:17Z
2020,Colorado,Pac-12,fourthDownsOpponent,10,2026-09-29T20:11:17Z
2020,Colorado,Pac-12,fumblesLost,4,2026-09-29T20:11:17Z
2020,Colorado,Pac-12,fumblesLostOpponent,3,2026-09-29T20:11:17Z
2020,Colorado,Pac-12,fumblesRecovered,3,2026-09-29T20:11:17Z
2020,Colorado,Pac-12,fumblesRecoveredOpponent,4,2026-09-29T20:11:17Z
2020,Colorado,Pac-12,games,6,2026-09-29T20:11:17Z
2020,Colorado,Pac-12,interceptions,7,2026-09-29T20:11:17Z
2020,Colorado,Pac-12,interceptionsOpponent,4,2026-09-29T20:11:17Z
2020,Colorado,Pac-12,interceptionTDs,0,2026-09-29T20:11:17Z
2020,Colorado,Pac-12,interceptionTDsOpponent,1,2026-09-29T20:11:17Z
2020,Colorado,Pac-12,interceptionYards,23,2026-09-29T20:11:17Z
2020,Colorado,Pac-12,interceptionYardsOpponent,83,2026-09-29T20:11:17Z
2020,Colorado,Pac-12,kickReturns,14,2026-09-29T20:11:17Z
2020,Colorado,Pac-12,kickReturnsOpponent,16,2026-09-29T20:11:17Z
2020,Colorado,Pac-12,kickReturnTDs,0,2026-09-29T20:11:17Z
2020,Colorado,Pac-12,kickReturnTDsOpponent,0,2026-09-29T20:11:17Z
2020,Colorado,Pac-12,kickReturnYards,274,2026-09-29T20:11:17Z
2020,Colorado,Pac-12,kickReturnYardsOpponent,365,2026-09-29T20:11:17Z
2020,Colorado,Pac-12,netPassingYards,1209,2026-09-29T20:11:17Z
2020,Colorado,Pac-12,netPassingYardsOpponent,1441,2026-09-29T20:11:17Z
2020,Colorado,Pac-12,passAttempts,178,2026-09-29T20:11:17Z
2020,Colorado,Pac-12,passAttemptsOpponent,215,2026-09-29T20:11:17Z
2020,Colorado,Pac-12,passCompletions,98,2026-09-29T20:11:17Z
2020,Colorado,Pac-12,passCompletionsOpponent,119,2026-09-29T20:11:17Z
2020,Colorado,Pac-12,passesIntercepted,4,2026-09-29T20:11:17Z
2020,Colorado,Pac-12,passesInterceptedOpponent,7,2026-09-29T20:11:17Z
2020,Colorado,Pac-12,passingTDs,6,2026-09-29T20:11:17Z
2020,Colorado,Pac-12,passingTDsOpponent,12,2026-09-29T20:11:17Z
2020,Colorado,Pac-12,penalties,34,2026-09-29T20:11:17Z
2020,Colorado,Pac-12,penaltiesOpponent,39,2026-09-29T20:11:17Z
2020,Colorado,Pac-12,penaltyYards,338,2026-09-29T20:11:17Z
2020,Colorado,Pac-12,penaltyYardsOpponent,328,2026-09-29T20:11:17Z
2020,Colorado,Pac-12,possessionTime,11362,2026-09-29T20:11:17Z
2020,Colorado,Pac-12,possessionTimeOpponent,10226,2026-09-29T20:11:17Z
2020,Colorado,Pac-12,puntReturns,11,2026-09-29T20:11:17Z
2020,Colorado,Pac-12,puntReturnsOpponent,12,2026-09-29T20:11:17Z
2020,Colorado,Pac-12,puntReturnTDs,1,2026-09-29T20:11:17Z
2020,Colorado,Pac-12,puntReturnTDsOpponent,0,2026-09-29T20:11:17Z
2020,Colorado,Pac-12,puntReturnYards,158,2026-09-29T20:11:17Z
2020,Colorado,Pac-12,puntReturnYardsOpponent,103,2026-09-29T20:11:17Z
2020,Colorado,Pac-12,rushingAttempts,276,2026-09-29T20:11:17Z
2020,Colorado,Pac-12,rushingAttemptsOpponent,200,2026-09-29T20:11:17Z
2020,Colorado,Pac-12,rushingTDs,15,2026-09-29T20:11:17Z
2020,Colorado,Pac-12,rushingTDsOpponent,9,2026-09-29T20:11:17Z
2020,Colorado,Pac-12,rushingYards,1274,2026-09-29T20:11:17Z
2020,Colorado,Pac-12,rushingYardsOpponent,1087,2026-09-29T20:11:17Z
2020,Colorado,Pac-12,sacks,15,2026-09-29T20:11:17Z
2020,Colorado,Pac-12,sacksOpponent,6,2026-09-29T20:11:17Z
2020,Colorado,Pac-12,tacklesForLoss,49,2026-09-29T20:11:17Z
2020,Colorado,Pac-12,tacklesForLossOpponent,36,2026-09-29T20:11:17Z
2020,Colorado,Pac-12,thirdDownConversions,41,2026-09-29T20:11:17Z
2020,Colorado,Pac-12,thirdDownConversionsOpponent,27,2026-09-29T20:11:17Z
2020,Colorado,Pac-12,thirdDowns,96,2026-09-29T20:11:17Z
2020,Colorado,Pac-12,thirdDownsOpponent,85,2026-09-29T20:11:17Z
2020,Colorado,Pac-12,totalYards,2483,2026-09-29T20:11:17Z
2020,Colorado,Pac-12,totalYardsOpponent,2528,2026-09-29T20:11:17Z
2020,Colorado,Pac-12,turnovers,11,2026-09-29T20:11:17Z
2020,Colorado,Pac-12,turnoversOpponent,7,2026-09-29T20:11:17Z
2020,Colorado State,Mountain West,firstDowns,68,2026-09-29T20:11:17Z
2020,Colorado State,Mountain West,firstDownsOpponent,79,2026-09-29T20:11:17Z
2020,Colorado State,Mountain West,fourthDownConversions,3,2026-09-29T20:11:17Z
2020,Colorado State,Mountain West,fourthDownConversionsOpponent,6,2026-09-29T20:11:17Z
2020,Colorado State,Mountain West,fourthDowns,8,2026-09-29T20:11:17Z
2020,Colorado State,Mountain West,fourthDownsOpponent,10,2026-09-29T20:11:17Z
2020,Colorado State,Mountain West,fumblesLost,1,2026-09-29T20:11:17Z
2020,Colorado State,Mountain West,fumblesLostOpponent,4,2026-09-29T20:11:17Z
2020,Colorado State,Mountain West,fumblesRecovered,4,2026-09-29T20:11:17Z
2020,Colorado State,Mountain West,fumblesRecoveredOpponent,1,2026-09-29T20:11:17Z
2020,Colorado State,Mountain West,games,4,2026-09-29T20:11:17Z
2020,Colorado State,Mountain West,interceptions,3,2026-09-29T20:11:17Z
2020,Colorado State,Mountain West,interceptionsOpponent,1,2026-09-29T20:11:17Z
2020,Colorado State,Mountain West,interceptionTDs,1,2026-09-29T20:11:17Z
2020,Colorado State,Mountain West,interceptionTDsOpponent,0,2026-09-29T20:11:17Z
2020,Colorado State,Mountain West,interceptionYards,30,2026-09-29T20:11:17Z
2020,Colorado State,Mountain West,interceptionYardsOpponent,36,2026-09-29T20:11:17Z
2020,Colorado State,Mountain West,kickReturns,20,2026-09-29T20:11:17Z
2020,Colorado State,Mountain West,kickReturnsOpponent,13,2026-09-29T20:11:17Z
2020,Colorado State,Mountain West,kickReturnTDs,0,2026-09-29T20:11:17Z
2020,Colorado State,Mountain West,kickReturnTDsOpponent,1,2026-09-29T20:11:17Z
2020,Colorado State,Mountain West,kickReturnYards,427,2026-09-29T20:11:17Z
2020,Colorado State,Mountain West,kickReturnYardsOpponent,326,2026-09-29T20:11:17Z
2020,Colorado State,Mountain West,netPassingYards,779,2026-09-29T20:11:17Z
2020,Colorado State,Mountain West,netPassingYardsOpponent,989,2026-09-29T20:11:17Z
2020,Colorado State,Mountain West,passAttempts,118,2026-09-29T20:11:17Z
2020,Colorado State,Mountain West,passAttemptsOpponent,122,2026-09-29T20:11:17Z
2020,Colorado State,Mountain West,passCompletions,59,2026-09-29T20:11:17Z
2020,Colorado State,Mountain West,passCompletionsOpponent,75,2026-09-29T20:11:17Z
2020,Colorado State,Mountain West,passesIntercepted,1,2026-09-29T20:11:17Z
2020,Colorado State,Mountain West,passesInterceptedOpponent,3,2026-09-29T20:11:17Z
2020,Colorado State,Mountain West,passingTDs,4,2026-09-29T20:11:17Z
2020,Colorado State,Mountain West,passingTDsOpponent,5,2026-09-29T20:11:17Z
2020,Colorado State,Mountain West,penalties,24,2026-09-29T20:11:17Z
2020,Colorado State,Mountain West,penaltiesOpponent,22,2026-09-29T20:11:17Z
2020,Colorado State,Mountain West,penaltyYards,199,2026-09-29T20:11:17Z
2020,Colorado State,Mountain West,penaltyYardsOpponent,202,2026-09-29T20:11:17Z
2020,Colorado State,Mountain West,possessionTime,5895,2026-09-29T20:11:17Z
2020,Colorado State,Mountain West,possessionTimeOpponent,9398,2026-09-29T20:11:17Z
2020,Colorado State,Mountain West,puntReturns,8,2026-09-29T20:11:17Z
2020,Colorado State,Mountain West,puntReturnsOpponent,16,2026-09-29T20:11:17Z
2020,Colorado State,Mountain West,puntReturnTDs,0,2026-09-29T20:11:17Z
2020,Colorado State,Mountain West,puntReturnTDsOpponent,2,2026-09-29T20:11:17Z
2020,Colorado State,Mountain West,puntReturnYards,59,2026-09-29T20:11:17Z
2020,Colorado State,Mountain West,puntReturnYardsOpponent,245,2026-09-29T20:11:17Z
2020,Colorado State,Mountain West,rushingAttempts,155,2026-09-29T20:11:17Z
2020,Colorado State,Mountain West,rushingAttemptsOpponent,180,2026-09-29T20:11:17Z
2020,Colorado State,Mountain West,rushingTDs,6,2026-09-29T20:11:17Z
2020,Colorado State,Mountain West,rushingTDsOpponent,8,2026-09-29T20:11:17Z
2020,Colorado State,Mountain West,rushingYards,496,2026-09-29T20:11:17Z
2020,Colorado State,Mountain West,rushingYardsOpponent,430,2026-09-29T20:11:17Z
2020,Colorado State,Mountain West,sacks,16,2026-09-29T20:11:17Z
2020,Colorado State,Mountain West,sacksOpponent,11,2026-09-29T20:11:17Z
2020,Colorado State,Mountain West,tacklesForLoss,42,2026-09-29T20:11:17Z
2020,Colorado State,Mountain West,tacklesForLossOpponent,36,2026-09-29T20:11:17Z
2020,Colorado State,Mountain West,thirdDownConversions,12,2026-09-29T20:11:17Z
2020,Colorado State,Mountain West,thirdDownConversionsOpponent,27,2026-09-29T20:11:17Z
2020,Colorado State,Mountain West,thirdDowns,60,2026-09-29T20:11:17Z
2020,Colorado State,Mountain West,thirdDownsOpponent,68,2026-09-29T20:11:17Z
2020,Colorado State,Mountain West,totalYards,1275,2026-09-29T20:11:17Z
2020,Colorado State,Mountain West,totalYardsOpponent,1419,2026-09-29T20:11:17Z
2020,Colorado State,Mountain West,turnovers,4,2026-09-29T20:11:17Z
2020,Colorado State,Mountain West,turnoversOpponent,5,2026-09-29T20:11:17Z
2020,Duke,ACC,firstDowns,237,2026-09-29T20:11:17Z
2020,Duke,ACC,firstDownsOpponent,247,2026-09-29T20:11:17Z
2020,Duke,ACC,fourthDownConversions,11,2026-09-29T20:11:17Z
2020,Duke,ACC,fourthDownConversionsOpponent,14,2026-09-29T20:11:17Z
2020,Duke,ACC,fourthDowns,23,2026-09-29T20:11:17Z
2020,Duke,ACC,fourthDownsOpponent,21,2026-09-29T20:11:17Z
2020,Duke,ACC,fumblesLost,20,2026-09-29T20:11:17Z
2020,Duke,ACC,fumblesLostOpponent,11,2026-09-29T20:11:17Z
2020,Duke,ACC,fumblesRecovered,11,2026-09-29T20:11:17Z
2020,Duke,ACC,fumblesRecoveredOpponent,20,2026-09-29T20:11:17Z
2020,Duke,ACC,games,11,2026-09-29T20:11:17Z
2020,Duke,ACC,interceptions,19,2026-09-29T20:11:17Z
2020,Duke,ACC,interceptionsOpponent,9,2026-09-29T20:11:17Z
2020,Duke,ACC,interceptionTDs,0,2026-09-29T20:11:17Z
2020,Duke,ACC,interceptionTDsOpponent,0,2026-09-29T20:11:17Z
2020,Duke,ACC,interceptionYards,36,2026-09-29T20:11:17Z
2020,Duke,ACC,interceptionYardsOpponent,193,2026-09-29T20:11:17Z
2020,Duke,ACC,kickReturns,35,2026-09-29T20:11:17Z
2020,Duke,ACC,kickReturnsOpponent,25,2026-09-29T20:11:17Z
2020,Duke,ACC,kickReturnTDs,0,2026-09-29T20:11:17Z
2020,Duke,ACC,kickReturnTDsOpponent,0,2026-09-29T20:11:17Z
2020,Duke,ACC,kickReturnYards,704,2026-09-29T20:11:17Z
2020,Duke,ACC,kickReturnYardsOpponent,548,2026-09-29T20:11:17Z
2020,Duke,ACC,netPassingYards,2441,2026-09-29T20:11:17Z
2020,Duke,ACC,netPassingYardsOpponent,2537,2026-09-29T20:11:17Z
2020,Duke,ACC,passAttempts,390,2026-09-29T20:11:17Z
2020,Duke,ACC,passAttemptsOpponent,320,2026-09-29T20:11:17Z
2020,Duke,ACC,passCompletions,219,2026-09-29T20:11:17Z
2020,Duke,ACC,passCompletionsOpponent,183,2026-09-29T20:11:17Z
2020,Duke,ACC,passesIntercepted,9,2026-09-29T20:11:17Z
2020,Duke,ACC,passesInterceptedOpponent,18,2026-09-29T20:11:17Z
2020,Duke,ACC,passingTDs,11,2026-09-29T20:11:17Z
2020,Duke,ACC,passingTDsOpponent,22,2026-09-29T20:11:17Z
2020,Duke,ACC,penalties,62,2026-09-29T20:11:17Z
2020,Duke,ACC,penaltiesOpponent,60,2026-09-29T20:11:17Z
2020,Duke,ACC,penaltyYards,554,2026-09-29T20:11:17Z
2020,Duke,ACC,penaltyYardsOpponent,606,2026-09-29T20:11:17Z
2020,Duke,ACC,possessionTime,18806,2026-09-29T20:11:17Z
2020,Duke,ACC,possessionTimeOpponent,20548,2026-09-29T20:11:17Z
2020,Duke,ACC,puntReturns,18,2026-09-29T20:11:17Z
2020,Duke,ACC,puntReturnsOpponent,16,2026-09-29T20:11:17Z
2020,Duke,ACC,puntReturnTDs,1,2026-09-29T20:11:17Z
2020,Duke,ACC,puntReturnTDsOpponent,1,2026-09-29T20:11:17Z
2020,Duke,ACC,puntReturnYards,212,2026-09-29T20:11:17Z
2020,Duke,ACC,puntReturnYardsOpponent,31,2026-09-29T20:11:17Z
2020,Duke,ACC,rushingAttempts,438,2026-09-29T20:11:17Z
2020,Duke,ACC,rushingAttemptsOpponent,463,2026-09-29T20:11:17Z
2020,Duke,ACC,rushingTDs,19,2026-09-29T20:11:17Z
2020,Duke,ACC,rushingTDsOpponent,31,2026-09-29T20:11:17Z
2020,Duke,ACC,rushingYards,1724,2026-09-29T20:11:17Z
2020,Duke,ACC,rushingYardsOpponent,2358,2026-09-29T20:11:17Z
2020,Duke,ACC,sacks,31,2026-09-29T20:11:17Z
2020,Duke,ACC,sacksOpponent,36,2026-09-29T20:11:17Z
2020,Duke,ACC,tacklesForLoss,67,2026-09-29T20:11:17Z
2020,Duke,ACC,tacklesForLossOpponent,80,2026-09-29T20:11:17Z
2020,Duke,ACC,thirdDownConversions,65,2026-09-29T20:11:17Z
2020,Duke,ACC,thirdDownConversionsOpponent,64,2026-09-29T20:11:17Z
2020,Duke,ACC,thirdDowns,168,2026-09-29T20:11:17Z
2020,Duke,ACC,thirdDownsOpponent,154,2026-09-29T20:11:17Z
2020,Duke,ACC,totalYards,4165,2026-09-29T20:11:17Z
2020,Duke,ACC,totalYardsOpponent,4895,2026-09-29T20:11:17Z
2020,Duke,ACC,turnovers,39,2026-09-29T20:11:17Z
2020,Duke,ACC,turnoversOpponent,20,2026-09-29T20:11:17Z
2020,East Carolina,American Athletic,firstDowns,198,2026-09-29T20:11:17Z
2020,East Carolina,American Athletic,firstDownsOpponent,203,2026-09-29T20:11:17Z
2020,East Carolina,American Athletic,fourthDownConversions,10,2026-09-29T20:11:17Z
2020,East Carolina,American Athletic,fourthDownConversionsOpponent,8,2026-09-29T20:11:17Z
2020,East Carolina,American Athletic,fourthDowns,18,2026-09-29T20:11:17Z
2020,East Carolina,American Athletic,fourthDownsOpponent,17,2026-09-29T20:11:17Z
2020,East Carolina,American Athletic,fumblesLost,11,2026-09-29T20:11:17Z
2020,East Carolina,American Athletic,fumblesLostOpponent,8,2026-09-29T20:11:17Z
2020,East Carolina,American Athletic,fumblesRecovered,10,2026-09-29T20:11:17Z
2020,East Carolina,American Athletic,fumblesRecoveredOpponent,11,2026-09-29T20:11:17Z
2020,East Carolina,American Athletic,games,9,2026-09-29T20:11:17Z
2020,East Carolina,American Athletic,interceptions,9,2026-09-29T20:11:17Z
2020,East Carolina,American Athletic,interceptionsOpponent,10,2026-09-29T20:11:17Z
2020,East Carolina,American Athletic,interceptionTDs,1,2026-09-29T20:11:17Z
2020,East Carolina,American Athletic,interceptionTDsOpponent,2,2026-09-29T20:11:17Z
2020,East Carolina,American Athletic,interceptionYards,80,2026-09-29T20:11:17Z
2020,East Carolina,American Athletic,interceptionYardsOpponent,131,2026-09-29T20:11:17Z
2020,East Carolina,American Athletic,kickReturns,31,2026-09-29T20:11:17Z
2020,East Carolina,American Athletic,kickReturnsOpponent,14,2026-09-29T20:11:17Z
2020,East Carolina,American Athletic,kickReturnTDs,1,2026-09-29T20:11:17Z
2020,East Carolina,American Athletic,kickReturnTDsOpponent,0,2026-09-29T20:11:17Z
2020,East Carolina,American Athletic,kickReturnYards,591,2026-09-29T20:11:17Z
2020,East Carolina,American Athletic,kickReturnYardsOpponent,284,2026-09-29T20:11:17Z
2020,East Carolina,American Athletic,netPassingYards,2071,2026-09-29T20:11:17Z
2020,East Carolina,American Athletic,netPassingYardsOpponent,2214,2026-09-29T20:11:17Z
2020,East Carolina,American Athletic,passAttempts,293,2026-09-29T20:11:17Z
2020,East Carolina,American Athletic,passAttemptsOpponent,297,2026-09-29T20:11:17Z
2020,East Carolina,American Athletic,passCompletions,176,2026-09-29T20:11:17Z
2020,East Carolina,American Athletic,passCompletionsOpponent,194,2026-09-29T20:11:17Z
2020,East Carolina,American Athletic,passesIntercepted,10,2026-09-29T20:11:17Z
2020,East Carolina,American Athletic,passesInterceptedOpponent,9,2026-09-29T20:11:17Z
2020,East Carolina,American Athletic,passingTDs,19,2026-09-29T20:11:17Z
2020,East Carolina,American Athletic,passingTDsOpponent,17,2026-09-29T20:11:17Z
2020,East Carolina,American Athletic,penalties,57,2026-09-29T20:11:17Z
2020,East Carolina,American Athletic,penaltiesOpponent,85,2026-09-29T20:11:17Z
2020,East Carolina,American Athletic,penaltyYards,524,2026-09-29T20:11:17Z
2020,East Carolina,American Athletic,penaltyYardsOpponent,774,2026-09-29T20:11:17Z
2020,East Carolina,American Athletic,possessionTime,16773,2026-09-29T20:11:17Z
2020,East Carolina,American Athletic,possessionTimeOpponent,15617,2026-09-29T20:11:17Z
2020,East Carolina,American Athletic,puntReturns,13,2026-09-29T20:11:17Z
2020,East Carolina,American Athletic,puntReturnsOpponent,10,2026-09-29T20:11:17Z
2020,East Carolina,American Athletic,puntReturnTDs,1,2026-09-29T20:11:17Z
2020,East Carolina,American Athletic,puntReturnTDsOpponent,0,2026-09-29T20:11:17Z
2020,East Carolina,American Athletic,puntReturnYards,190,2026-09-29T20:11:17Z
2020,East Carolina,American Athletic,puntReturnYardsOpponent,70,2026-09-29T20:11:17Z
2020,East Carolina,American Athletic,rushingAttempts,361,2026-09-29T20:11:17Z
2020,East Carolina,American Athletic,rushingAttemptsOpponent,351,2026-09-29T20:11:17Z
2020,East Carolina,American Athletic,rushingTDs,11,2026-09-29T20:11:17Z
2020,East Carolina,American Athletic,rushingTDsOpponent,23,2026-09-29T20:11:17Z
2020,East Carolina,American Athletic,rushingYards,1562,2026-09-29T20:11:17Z
2020,East Carolina,American Athletic,rushingYardsOpponent,1813,2026-09-29T20:11:17Z
2020,East Carolina,American Athletic,sacks,13,2026-09-29T20:11:17Z
2020,East Carolina,American Athletic,sacksOpponent,22,2026-09-29T20:11:17Z
2020,East Carolina,American Athletic,tacklesForLoss,46,2026-09-29T20:11:17Z
2020,East Carolina,American Athletic,tacklesForLossOpponent,64,2026-09-29T20:11:17Z
2020,East Carolina,American Athletic,thirdDownConversions,43,2026-09-29T20:11:17Z
2020,East Carolina,American Athletic,thirdDownConversionsOpponent,45,2026-09-29T20:11:17Z
2020,East Carolina,American Athletic,thirdDowns,130,2026-09-29T20:11:17Z
2020,East Carolina,American Athletic,thirdDownsOpponent,121,2026-09-29T20:11:17Z
2020,East Carolina,American Athletic,totalYards,3633,2026-09-29T20:11:17Z
2020,East Carolina,American Athletic,totalYardsOpponent,4027,2026-09-29T20:11:17Z
2020,East Carolina,American Athletic,turnovers,20,2026-09-29T20:11:17Z
2020,East Carolina,American Athletic,turnoversOpponent,18,2026-09-29T20:11:17Z
2020,Eastern Michigan,Mid-American,firstDowns,131,2026-09-29T20:11:17Z
2020,Eastern Michigan,Mid-American,firstDownsOpponent,161,2026-09-29T20:11:17Z
2020,Eastern Michigan,Mid-American,fourthDownConversions,11,2026-09-29T20:11:17Z
2020,Eastern Michigan,Mid-American,fourthDownConversionsOpponent,13,2026-09-29T20:11:17Z
2020,Eastern Michigan,Mid-American,fourthDowns,14,2026-09-29T20:11:17Z
2020,Eastern Michigan,Mid-American,fourthDownsOpponent,15,2026-09-29T20:11:17Z
2020,Eastern Michigan,Mid-American,fumblesLost,6,2026-09-29T20:11:17Z
2020,Eastern Michigan,Mid-American,fumblesLostOpponent,9,2026-09-29T20:11:17Z
2020,Eastern Michigan,Mid-American,fumblesRecovered,9,2026-09-29T20:11:17Z
2020,Eastern Michigan,Mid-American,fumblesRecoveredOpponent,6,2026-09-29T20:11:17Z
2020,Eastern Michigan,Mid-American,games,6,2026-09-29T20:11:17Z
2020,Eastern Michigan,Mid-American,interceptions,6,2026-09-29T20:11:17Z
2020,Eastern Michigan,Mid-American,interceptionsOpponent,3,2026-09-29T20:11:17Z
2020,Eastern Michigan,Mid-American,interceptionTDs,0,2026-09-29T20:11:17Z
2020,Eastern Michigan,Mid-American,interceptionTDsOpponent,1,2026-09-29T20:11:17Z
2020,Eastern Michigan,Mid-American,interceptionYards,110,2026-09-29T20:11:17Z
2020,Eastern Michigan,Mid-American,interceptionYardsOpponent,62,2026-09-29T20:11:17Z
2020,Eastern Michigan,Mid-American,kickReturns,21,2026-09-29T20:11:17Z
2020,Eastern Michigan,Mid-American,kickReturnsOpponent,27,2026-09-29T20:11:17Z
2020,Eastern Michigan,Mid-American,kickReturnTDs,0,2026-09-29T20:11:17Z
2020,Eastern Michigan,Mid-American,kickReturnTDsOpponent,0,2026-09-29T20:11:17Z
2020,Eastern Michigan,Mid-American,kickReturnYards,304,2026-09-29T20:11:17Z
2020,Eastern Michigan,Mid-American,kickReturnYardsOpponent,487,2026-09-29T20:11:17Z
2020,Eastern Michigan,Mid-American,netPassingYards,1657,2026-09-29T20:11:17Z
2020,Eastern Michigan,Mid-American,netPassingYardsOpponent,1493,2026-09-29T20:11:17Z
2020,Eastern Michigan,Mid-American,passAttempts,199,2026-09-29T20:11:17Z
2020,Eastern Michigan,Mid-American,passAttemptsOpponent,185,2026-09-29T20:11:17Z
2020,Eastern Michigan,Mid-American,passCompletions,126,2026-09-29T20:11:17Z
2020,Eastern Michigan,Mid-American,passCompletionsOpponent,123,2026-09-29T20:11:17Z
2020,Eastern Michigan,Mid-American,passesIntercepted,3,2026-09-29T20:11:17Z
2020,Eastern Michigan,Mid-American,passesInterceptedOpponent,6,2026-09-29T20:11:17Z
2020,Eastern Michigan,Mid-American,passingTDs,12,2026-09-29T20:11:17Z
2020,Eastern Michigan,Mid-American,passingTDsOpponent,14,2026-09-29T20:11:17Z
2020,Eastern Michigan,Mid-American,penalties,29,2026-09-29T20:11:17Z
2020,Eastern Michigan,Mid-American,penaltiesOpponent,50,2026-09-29T20:11:17Z
2020,Eastern Michigan,Mid-American,penaltyYards,263,2026-09-29T20:11:17Z
2020,Eastern Michigan,Mid-American,penaltyYardsOpponent,450,2026-09-29T20:11:17Z
2020,Eastern Michigan,Mid-American,possessionTime,10523,2026-09-29T20:11:17Z
2020,Eastern Michigan,Mid-American,possessionTimeOpponent,11064,2026-09-29T20:11:17Z
2020,Eastern Michigan,Mid-American,puntReturns,6,2026-09-29T20:11:17Z
2020,Eastern Michigan,Mid-American,puntReturnsOpponent,4,2026-09-29T20:11:17Z
2020,Eastern Michigan,Mid-American,puntReturnTDs,0,2026-09-29T20:11:17Z
2020,Eastern Michigan,Mid-American,puntReturnTDsOpponent,0,2026-09-29T20:11:17Z
2020,Eastern Michigan,Mid-American,puntReturnYards,35,2026-09-29T20:11:17Z
2020,Eastern Michigan,Mid-American,puntReturnYardsOpponent,3,2026-09-29T20:11:17Z
2020,Eastern Michigan,Mid-American,rushingAttempts,219,2026-09-29T20:11:17Z
2020,Eastern Michigan,Mid-American,rushingAttemptsOpponent,275,2026-09-29T20:11:17Z
2020,Eastern Michigan,Mid-American,rushingTDs,11,2026-09-29T20:11:17Z
2020,Eastern Michigan,Mid-American,rushingTDsOpponent,12,2026-09-29T20:11:17Z
2020,Eastern Michigan,Mid-American,rushingYards,744,2026-09-29T20:11:17Z
2020,Eastern Michigan,Mid-American,rushingYardsOpponent,1424,2026-09-29T20:11:17Z
2020,Eastern Michigan,Mid-American,sacks,9,2026-09-29T20:11:17Z
2020,Eastern Michigan,Mid-American,sacksOpponent,16,2026-09-29T20:11:17Z
2020,Eastern Michigan,Mid-American,tacklesForLoss,26,2026-09-29T20:11:17Z
2020,Eastern Michigan,Mid-American,tacklesForLossOpponent,41,2026-09-29T20:11:17Z
2020,Eastern Michigan,Mid-American,thirdDownConversions,34,2026-09-29T20:11:17Z
2020,Eastern Michigan,Mid-American,thirdDownConversionsOpponent,28,2026-09-29T20:11:17Z
2020,Eastern Michigan,Mid-American,thirdDowns,81,2026-09-29T20:11:17Z
2020,Eastern Michigan,Mid-American,thirdDownsOpponent,75,2026-09-29T20:11:17Z
2020,Eastern Michigan,Mid-American,totalYards,2401,2026-09-29T20:11:17Z
2020,Eastern Michigan,Mid-American,totalYardsOpponent,2917,2026-09-29T20:11:17Z
2020,Eastern Michigan,Mid-American,turnovers,12,2026-09-29T20:11:17Z
2020,Eastern Michigan,Mid-American,turnoversOpponent,12,2026-09-29T20:11:17Z
2020,Florida,SEC,firstDowns,316,2026-09-29T20:11:17Z
2020,Florida,SEC,firstDownsOpponent,271,2026-09-29T20:11:17Z
2020,Florida,SEC,fourthDownConversions,7,2026-09-29T20:11:17Z
2020,Florida,SEC,fourthDownConversionsOpponent,15,2026-09-29T20:11:17Z
2020,Florida,SEC,fourthDowns,12,2026-09-29T20:11:17Z
2020,Florida,SEC,fourthDownsOpponent,23,2026-09-29T20:11:17Z
2020,Florida,SEC,fumblesLost,9,2026-09-29T20:11:17Z
2020,Florida,SEC,fumblesLostOpponent,7,2026-09-29T20:11:17Z
2020,Florida,SEC,fumblesRecovered,6,2026-09-29T20:11:17Z
2020,Florida,SEC,fumblesRecoveredOpponent,9,2026-09-29T20:11:17Z
2020,Florida,SEC,games,12,2026-09-29T20:11:17Z
2020,Florida,SEC,interceptions,10,2026-09-29T20:11:17Z
2020,Florida,SEC,interceptionsOpponent,9,2026-09-29T20:11:17Z
2020,Florida,SEC,interceptionTDs,0,2026-09-29T20:11:17Z
2020,Florida,SEC,interceptionTDsOpponent,4,2026-09-29T20:11:17Z
2020,Florida,SEC,interceptionYards,84,2026-09-29T20:11:17Z
2020,Florida,SEC,interceptionYardsOpponent,247,2026-09-29T20:11:17Z
2020,Florida,SEC,kickReturns,17,2026-09-29T20:11:17Z
2020,Florida,SEC,kickReturnsOpponent,28,2026-09-29T20:11:17Z
2020,Florida,SEC,kickReturnTDs,0,2026-09-29T20:11:17Z
2020,Florida,SEC,kickReturnTDsOpponent,0,2026-09-29T20:11:17Z
2020,Florida,SEC,kickReturnYards,272,2026-09-29T20:11:17Z
2020,Florida,SEC,kickReturnYardsOpponent,530,2026-09-29T20:11:17Z
2020,Florida,SEC,netPassingYards,4543,2026-09-29T20:11:17Z
2020,Florida,SEC,netPassingYardsOpponent,3016,2026-09-29T20:11:17Z
2020,Florida,SEC,passAttempts,473,2026-09-29T20:11:17Z
2020,Florida,SEC,passAttemptsOpponent,397,2026-09-29T20:11:17Z
2020,Florida,SEC,passCompletions,321,2026-09-29T20:11:17Z
2020,Florida,SEC,passCompletionsOpponent,254,2026-09-29T20:11:17Z
2020,Florida,SEC,passesIntercepted,9,2026-09-29T20:11:17Z
2020,Florida,SEC,passesInterceptedOpponent,10,2026-09-29T20:11:17Z
2020,Florida,SEC,passingTDs,46,2026-09-29T20:11:17Z
2020,Florida,SEC,passingTDsOpponent,28,2026-09-29T20:11:17Z
2020,Florida,SEC,penalties,66,2026-09-29T20:11:17Z
2020,Florida,SEC,penaltiesOpponent,70,2026-09-29T20:11:17Z
2020,Florida,SEC,penaltyYards,557,2026-09-29T20:11:17Z
2020,Florida,SEC,penaltyYardsOpponent,633,2026-09-29T20:11:17Z
2020,Florida,SEC,possessionTime,22351,2026-09-29T20:11:17Z
2020,Florida,SEC,possessionTimeOpponent,20810,2026-09-29T20:11:17Z
2020,Florida,SEC,puntReturns,11,2026-09-29T20:11:17Z
2020,Florida,SEC,puntReturnsOpponent,3,2026-09-29T20:11:17Z
2020,Florida,SEC,puntReturnTDs,1,2026-09-29T20:11:17Z
2020,Florida,SEC,puntReturnTDsOpponent,0,2026-09-29T20:11:17Z
2020,Florida,SEC,puntReturnYards,139,2026-09-29T20:11:17Z
2020,Florida,SEC,puntReturnYardsOpponent,31,2026-09-29T20:11:17Z
2020,Florida,SEC,rushingAttempts,367,2026-09-29T20:11:17Z
2020,Florida,SEC,rushingAttemptsOpponent,448,2026-09-29T20:11:17Z
2020,Florida,SEC,rushingTDs,12,2026-09-29T20:11:17Z
2020,Florida,SEC,rushingTDsOpponent,16,2026-09-29T20:11:17Z
2020,Florida,SEC,rushingYards,1576,2026-09-29T20:11:17Z
2020,Florida,SEC,rushingYardsOpponent,2043,2026-09-29T20:11:17Z
2020,Florida,SEC,sacks,33,2026-09-29T20:11:17Z
2020,Florida,SEC,sacksOpponent,20,2026-09-29T20:11:17Z
2020,Florida,SEC,tacklesForLoss,72,2026-09-29T20:11:17Z
2020,Florida,SEC,tacklesForLossOpponent,54,2026-09-29T20:11:17Z
2020,Florida,SEC,thirdDownConversions,70,2026-09-29T20:11:17Z
2020,Florida,SEC,thirdDownConversionsOpponent,69,2026-09-29T20:11:17Z
2020,Florida,SEC,thirdDowns,141,2026-09-29T20:11:17Z
2020,Florida,SEC,thirdDownsOpponent,170,2026-09-29T20:11:17Z
2020,Florida,SEC,totalYards,6119,2026-09-29T20:11:17Z
2020,Florida,SEC,totalYardsOpponent,5059,2026-09-29T20:11:17Z
2020,Florida,SEC,turnovers,19,2026-09-29T20:11:17Z
2020,Florida,SEC,turnoversOpponent,16,2026-09-29T20:11:17Z
2020,Florida Atlantic,Conference USA,firstDowns,160,2026-09-29T20:11:17Z
2020,Florida Atlantic,Conference USA,firstDownsOpponent,158,2026-09-29T20:11:17Z
2020,Florida Atlantic,Conference USA,fourthDownConversions,12,2026-09-29T20:11:17Z
2020,Florida Atlantic,Conference USA,fourthDownConversionsOpponent,6,2026-09-29T20:11:17Z
2020,Florida Atlantic,Conference USA,fourthDowns,24,2026-09-29T20:11:17Z
2020,Florida Atlantic,Conference USA,fourthDownsOpponent,17,2026-09-29T20:11:17Z
2020,Florida Atlantic,Conference USA,fumblesLost,5,2026-09-29T20:11:17Z
2020,Florida Atlantic,Conference USA,fumblesLostOpponent,5,2026-09-29T20:11:17Z
2020,Florida Atlantic,Conference USA,fumblesRecovered,5,2026-09-29T20:11:17Z
2020,Florida Atlantic,Conference USA,fumblesRecoveredOpponent,5,2026-09-29T20:11:17Z
2020,Florida Atlantic,Conference USA,games,9,2026-09-29T20:11:17Z
2020,Florida Atlantic,Conference USA,interceptions,6,2026-09-29T20:11:17Z
2020,Florida Atlantic,Conference USA,interceptionsOpponent,6,2026-09-29T20:11:17Z
2020,Florida Atlantic,Conference USA,interceptionTDs,0,2026-09-29T20:11:17Z
2020,Florida Atlantic,Conference USA,interceptionTDsOpponent,0,2026-09-29T20:11:17Z
2020,Florida Atlantic,Conference USA,interceptionYards,30,2026-09-29T20:11:17Z
2020,Florida Atlantic,Conference USA,interceptionYardsOpponent,25,2026-09-29T20:11:17Z
2020,Florida Atlantic,Conference USA,kickReturns,16,2026-09-29T20:11:17Z
2020,Florida Atlantic,Conference USA,kickReturnsOpponent,13,2026-09-29T20:11:17Z
2020,Florida Atlantic,Conference USA,kickReturnTDs,0,2026-09-29T20:11:17Z
2020,Florida Atlantic,Conference USA,kickReturnTDsOpponent,1,2026-09-29T20:11:17Z
2020,Florida Atlantic,Conference USA,kickReturnYards,332,2026-09-29T20:11:17Z
2020,Florida Atlantic,Conference USA,kickReturnYardsOpponent,330,2026-09-29T20:11:17Z
2020,Florida Atlantic,Conference USA,netPassingYards,1300,2026-09-29T20:11:17Z
2020,Florida Atlantic,Conference USA,netPassingYardsOpponent,1627,2026-09-29T20:11:17Z
2020,Florida Atlantic,Conference USA,passAttempts,232,2026-09-29T20:11:17Z
2020,Florida Atlantic,Conference USA,passAttemptsOpponent,263,2026-09-29T20:11:17Z
2020,Florida Atlantic,Conference USA,passCompletions,122,2026-09-29T20:11:17Z
2020,Florida Atlantic,Conference USA,passCompletionsOpponent,145,2026-09-29T20:11:17Z
2020,Florida Atlantic,Conference USA,passesIntercepted,6,2026-09-29T20:11:17Z
2020,Florida Atlantic,Conference USA,passesInterceptedOpponent,6,2026-09-29T20:11:17Z
2020,Florida Atlantic,Conference USA,passingTDs,8,2026-09-29T20:11:17Z
2020,Florida Atlantic,Conference USA,passingTDsOpponent,8,2026-09-29T20:11:17Z
2020,Florida Atlantic,Conference USA,penalties,42,2026-09-29T20:11:17Z
2020,Florida Atlantic,Conference USA,penaltiesOpponent,48,2026-09-29T20:11:17Z
2020,Florida Atlantic,Conference USA,penaltyYards,350,2026-09-29T20:11:17Z
2020,Florida Atlantic,Conference USA,penaltyYardsOpponent,479,2026-09-29T20:11:17Z
2020,Florida Atlantic,Conference USA,possessionTime,15579,2026-09-29T20:11:17Z
2020,Florida Atlantic,Conference USA,possessionTimeOpponent,16658,2026-09-29T20:11:17Z
2020,Florida Atlantic,Conference USA,puntReturns,10,2026-09-29T20:11:17Z
2020,Florida Atlantic,Conference USA,puntReturnsOpponent,12,2026-09-29T20:11:17Z
2020,Florida Atlantic,Conference USA,puntReturnTDs,0,2026-09-29T20:11:17Z
2020,Florida Atlantic,Conference USA,puntReturnTDsOpponent,1,2026-09-29T20:11:17Z
2020,Florida Atlantic,Conference USA,puntReturnYards,89,2026-09-29T20:11:17Z
2020,Florida Atlantic,Conference USA,puntReturnYardsOpponent,118,2026-09-29T20:11:17Z
2020,Florida Atlantic,Conference USA,rushingAttempts,360,2026-09-29T20:11:17Z
2020,Florida Atlantic,Conference USA,rushingAttemptsOpponent,335,2026-09-29T20:11:17Z
2020,Florida Atlantic,Conference USA,rushingTDs,12,2026-09-29T20:11:17Z
2020,Florida Atlantic,Conference USA,rushingTDsOpponent,6,2026-09-29T20:11:17Z
2020,Florida Atlantic,Conference USA,rushingYards,1608,2026-09-29T20:11:17Z
2020,Florida Atlantic,Conference USA,rushingYardsOpponent,1391,2026-09-29T20:11:17Z
2020,Florida Atlantic,Conference USA,sacks,25,2026-09-29T20:11:17Z
2020,Florida Atlantic,Conference USA,sacksOpponent,20,2026-09-29T20:11:17Z
2020,Florida Atlantic,Conference USA,tacklesForLoss,58,2026-09-29T20:11:17Z
2020,Florida Atlantic,Conference USA,tacklesForLossOpponent,70,2026-09-29T20:11:17Z
2020,Florida Atlantic,Conference USA,thirdDownConversions,49,2026-09-29T20:11:17Z
2020,Florida Atlantic,Conference USA,thirdDownConversionsOpponent,53,2026-09-29T20:11:17Z
2020,Florida Atlantic,Conference USA,thirdDowns,132,2026-09-29T20:11:17Z
2020,Florida Atlantic,Conference USA,thirdDownsOpponent,133,2026-09-29T20:11:17Z
2020,Florida Atlantic,Conference USA,totalYards,2908,2026-09-29T20:11:17Z
2020,Florida Atlantic,Conference USA,totalYardsOpponent,3018,2026-09-29T20:11:17Z
2020,Florida Atlantic,Conference USA,turnovers,11,2026-09-29T20:11:17Z
2020,Florida Atlantic,Conference USA,turnoversOpponent,11,2026-09-29T20:11:17Z
2020,Florida International,Conference USA,firstDowns,68,2026-09-29T20:11:17Z
2020,Florida International,Conference USA,firstDownsOpponent,114,2026-09-29T20:11:17Z
2020,Florida International,Conference USA,fourthDownConversions,5,2026-09-29T20:11:17Z
2020,Florida International,Conference USA,fourthDownConversionsOpponent,3,2026-09-29T20:11:17Z
2020,Florida International,Conference USA,fourthDowns,12,2026-09-29T20:11:17Z
2020,Florida International,Conference USA,fourthDownsOpponent,5,2026-09-29T20:11:17Z
2020,Florida International,Conference USA,fumblesLost,2,2026-09-29T20:11:17Z
2020,Florida International,Conference USA,fumblesLostOpponent,1,2026-09-29T20:11:17Z
2020,Florida International,Conference USA,fumblesRecovered,1,2026-09-29T20:11:17Z
2020,Florida International,Conference USA,fumblesRecoveredOpponent,2,2026-09-29T20:11:17Z
2020,Florida International,Conference USA,games,5,2026-09-29T20:11:17Z
2020,Florida International,Conference USA,interceptions,2,2026-09-29T20:11:17Z
2020,Florida International,Conference USA,interceptionsOpponent,2,2026-09-29T20:11:17Z
2020,Florida International,Conference USA,interceptionTDs,0,2026-09-29T20:11:17Z
2020,Florida International,Conference USA,interceptionTDsOpponent,1,2026-09-29T20:11:17Z
2020,Florida International,Conference USA,interceptionYards,55,2026-09-29T20:11:17Z
2020,Florida International,Conference USA,interceptionYardsOpponent,56,2026-09-29T20:11:17Z
2020,Florida International,Conference USA,kickReturns,23,2026-09-29T20:11:17Z
2020,Florida International,Conference USA,kickReturnsOpponent,3,2026-09-29T20:11:17Z
2020,Florida International,Conference USA,kickReturnTDs,2,2026-09-29T20:11:17Z
2020,Florida International,Conference USA,kickReturnTDsOpponent,0,2026-09-29T20:11:17Z
2020,Florida International,Conference USA,kickReturnYards,636,2026-09-29T20:11:17Z
2020,Florida International,Conference USA,kickReturnYardsOpponent,69,2026-09-29T20:11:17Z
2020,Florida International,Conference USA,netPassingYards,550,2026-09-29T20:11:17Z
2020,Florida International,Conference USA,netPassingYardsOpponent,936,2026-09-29T20:11:17Z
2020,Florida International,Conference USA,passAttempts,127,2026-09-29T20:11:17Z
2020,Florida International,Conference USA,passAttemptsOpponent,140,2026-09-29T20:11:17Z
2020,Florida International,Conference USA,passCompletions,57,2026-09-29T20:11:17Z
2020,Florida International,Conference USA,passCompletionsOpponent,89,2026-09-29T20:11:17Z
2020,Florida International,Conference USA,passesIntercepted,2,2026-09-29T20:11:17Z
2020,Florida International,Conference USA,passesInterceptedOpponent,2,2026-09-29T20:11:17Z
2020,Florida International,Conference USA,passingTDs,4,2026-09-29T20:11:17Z
2020,Florida International,Conference USA,passingTDsOpponent,6,2026-09-29T20:11:17Z
2020,Florida International,Conference USA,penalties,30,2026-09-29T20:11:17Z
2020,Florida International,Conference USA,penaltiesOpponent,19,2026-09-29T20:11:17Z
2020,Florida International,Conference USA,penaltyYards,225,2026-09-29T20:11:17Z
2020,Florida International,Conference USA,penaltyYardsOpponent,175,2026-09-29T20:11:17Z
2020,Florida International,Conference USA,possessionTime,7802,2026-09-29T20:11:17Z
2020,Florida International,Conference USA,possessionTimeOpponent,9985,2026-09-29T20:11:17Z
2020,Florida International,Conference USA,puntReturns,7,2026-09-29T20:11:17Z
2020,Florida International,Conference USA,puntReturnsOpponent,7,2026-09-29T20:11:17Z
2020,Florida International,Conference USA,puntReturnTDs,0,2026-09-29T20:11:17Z
2020,Florida International,Conference USA,puntReturnTDsOpponent,0,2026-09-29T20:11:17Z
2020,Florida International,Conference USA,puntReturnYards,86,2026-09-29T20:11:17Z
2020,Florida International,Conference USA,puntReturnYardsOpponent,-3,2026-09-29T20:11:17Z
2020,Florida International,Conference USA,rushingAttempts,176,2026-09-29T20:11:17Z
2020,Florida International,Conference USA,rushingAttemptsOpponent,223,2026-09-29T20:11:17Z
2020,Florida International,Conference USA,rushingTDs,8,2026-09-29T20:11:17Z
2020,Florida International,Conference USA,rushingTDsOpponent,11,2026-09-29T20:11:17Z
2020,Florida International,Conference USA,rushingYards,782,2026-09-29T20:11:17Z
2020,Florida International,Conference USA,rushingYardsOpponent,1167,2026-09-29T20:11:17Z
2020,Florida International,Conference USA,sacks,10,2026-09-29T20:11:17Z
2020,Florida International,Conference USA,sacksOpponent,19,2026-09-29T20:11:17Z
2020,Florida International,Conference USA,tacklesForLoss,36,2026-09-29T20:11:17Z
2020,Florida International,Conference USA,tacklesForLossOpponent,32,2026-09-29T20:11:17Z
2020,Florida International,Conference USA,thirdDownConversions,27,2026-09-29T20:11:17Z
2020,Florida International,Conference USA,thirdDownConversionsOpponent,27,2026-09-29T20:11:17Z
2020,Florida International,Conference USA,thirdDowns,77,2026-09-29T20:11:17Z
2020,Florida International,Conference USA,thirdDownsOpponent,71,2026-09-29T20:11:17Z
2020,Florida International,Conference USA,totalYards,1332,2026-09-29T20:11:17Z
2020,Florida International,Conference USA,totalYardsOpponent,2103,2026-09-29T20:11:17Z
2020,Florida International,Conference USA,turnovers,4,2026-09-29T20:11:17Z
2020,Florida International,Conference USA,turnoversOpponent,3,2026-09-29T20:11:17Z
2020,Florida State,ACC,firstDowns,185,2026-09-29T20:11:17Z
2020,Florida State,ACC,firstDownsOpponent,213,2026-09-29T20:11:17Z
2020,Florida State,ACC,fourthDownConversions,15,2026-09-29T20:11:17Z
2020,Florida State,ACC,fourthDownConversionsOpponent,7,2026-09-29T20:11:17Z
2020,Florida State,ACC,fourthDowns,28,2026-09-29T20:11:17Z
2020,Florida State,ACC,fourthDownsOpponent,14,2026-09-29T20:11:17Z
2020,Florida State,ACC,fumblesLost,4,2026-09-29T20:11:17Z
2020,Florida State,ACC,fumblesLostOpponent,6,2026-09-29T20:11:17Z
2020,Florida State,ACC,fumblesRecovered,6,2026-09-29T20:11:17Z
2020,Florida State,ACC,fumblesRecoveredOpponent,4,2026-09-29T20:11:17Z
2020,Florida State,ACC,games,9,2026-09-29T20:11:17Z
2020,Florida State,ACC,interceptions,13,2026-09-29T20:11:17Z
2020,Florida State,ACC,interceptionsOpponent,8,2026-09-29T20:11:17Z
2020,Florida State,ACC,interceptionTDs,1,2026-09-29T20:11:17Z
2020,Florida State,ACC,interceptionTDsOpponent,2,2026-09-29T20:11:17Z
2020,Florida State,ACC,interceptionYards,124,2026-09-29T20:11:17Z
2020,Florida State,ACC,interceptionYardsOpponent,135,2026-09-29T20:11:17Z
2020,Florida State,ACC,kickReturns,29,2026-09-29T20:11:17Z
2020,Florida State,ACC,kickReturnsOpponent,23,2026-09-29T20:11:17Z
2020,Florida State,ACC,kickReturnTDs,0,2026-09-29T20:11:17Z
2020,Florida State,ACC,kickReturnTDsOpponent,0,2026-09-29T20:11:17Z
2020,Florida State,ACC,kickReturnYards,604,2026-09-29T20:11:17Z
2020,Florida State,ACC,kickReturnYardsOpponent,495,2026-09-29T20:11:17Z
2020,Florida State,ACC,netPassingYards,1770,2026-09-29T20:11:17Z
2020,Florida State,ACC,netPassingYardsOpponent,2314,2026-09-29T20:11:17Z
2020,Florida State,ACC,passAttempts,293,2026-09-29T20:11:17Z
2020,Florida State,ACC,passAttemptsOpponent,284,2026-09-29T20:11:17Z
2020,Florida State,ACC,passCompletions,160,2026-09-29T20:11:17Z
2020,Florida State,ACC,passCompletionsOpponent,189,2026-09-29T20:11:17Z
2020,Florida State,ACC,passesIntercepted,8,2026-09-29T20:11:17Z
2020,Florida State,ACC,passesInterceptedOpponent,13,2026-09-29T20:11:17Z
2020,Florida State,ACC,passingTDs,10,2026-09-29T20:11:17Z
2020,Florida State,ACC,passingTDsOpponent,16,2026-09-29T20:11:17Z
2020,Florida State,ACC,penalties,80,2026-09-29T20:11:17Z
2020,Florida State,ACC,penaltiesOpponent,66,2026-09-29T20:11:17Z
2020,Florida State,ACC,penaltyYards,713,2026-09-29T20:11:17Z
2020,Florida State,ACC,penaltyYardsOpponent,582,2026-09-29T20:11:17Z
2020,Florida State,ACC,possessionTime,16466,2026-09-29T20:11:17Z
2020,Florida State,ACC,possessionTimeOpponent,15904,2026-09-29T20:11:17Z
2020,Florida State,ACC,puntReturns,8,2026-09-29T20:11:17Z
2020,Florida State,ACC,puntReturnsOpponent,14,2026-09-29T20:11:17Z
2020,Florida State,ACC,puntReturnTDs,0,2026-09-29T20:11:17Z
2020,Florida State,ACC,puntReturnTDsOpponent,0,2026-09-29T20:11:17Z
2020,Florida State,ACC,puntReturnYards,65,2026-09-29T20:11:17Z
2020,Florida State,ACC,puntReturnYardsOpponent,67,2026-09-29T20:11:17Z
2020,Florida State,ACC,rushingAttempts,351,2026-09-29T20:11:17Z
2020,Florida State,ACC,rushingAttemptsOpponent,350,2026-09-29T20:11:17Z
2020,Florida State,ACC,rushingTDs,19,2026-09-29T20:11:17Z
2020,Florida State,ACC,rushingTDsOpponent,25,2026-09-29T20:11:17Z
2020,Florida State,ACC,rushingYards,1789,2026-09-29T20:11:17Z
2020,Florida State,ACC,rushingYardsOpponent,1793,2026-09-29T20:11:17Z
2020,Florida State,ACC,sacks,10,2026-09-29T20:11:17Z
2020,Florida State,ACC,sacksOpponent,29,2026-09-29T20:11:17Z
2020,Florida State,ACC,tacklesForLoss,49,2026-09-29T20:11:17Z
2020,Florida State,ACC,tacklesForLossOpponent,66,2026-09-29T20:11:17Z
2020,Florida State,ACC,thirdDownConversions,47,2026-09-29T20:11:17Z
2020,Florida State,ACC,thirdDownConversionsOpponent,53,2026-09-29T20:11:17Z
2020,Florida State,ACC,thirdDowns,132,2026-09-29T20:11:17Z
2020,Florida State,ACC,thirdDownsOpponent,118,2026-09-29T20:11:17Z
2020,Florida State,ACC,totalYards,3559,2026-09-29T20:11:17Z
2020,Florida State,ACC,totalYardsOpponent,4107,2026-09-29T20:11:17Z
2020,Florida State,ACC,turnovers,17,2026-09-29T20:11:17Z
2020,Florida State,ACC,turnoversOpponent,14,2026-09-29T20:11:17Z
2020,Fresno State,Mountain West,firstDowns,146,2026-09-29T20:11:17Z
2020,Fresno State,Mountain West,firstDownsOpponent,116,2026-09-29T20:11:17Z
2020,Fresno State,Mountain West,fourthDownConversions,8,2026-09-29T20:11:17Z
2020,Fresno State,Mountain West,fourthDownConversionsOpponent,5,2026-09-29T20:11:17Z
2020,Fresno State,Mountain West,fourthDowns,13,2026-09-29T20:11:17Z
2020,Fresno State,Mountain West,fourthDownsOpponent,9,2026-09-29T20:11:17Z
2020,Fresno State,Mountain West,fumblesLost,5,2026-09-29T20:11:17Z
2020,Fresno State,Mountain West,fumblesLostOpponent,6,2026-09-29T20:11:17Z
2020,Fresno State,Mountain West,fumblesRecovered,6,2026-09-29T20:11:17Z
2020,Fresno State,Mountain West,fumblesRecoveredOpponent,5,2026-09-29T20:11:17Z
2020,Fresno State,Mountain West,games,6,2026-09-29T20:11:17Z
2020,Fresno State,Mountain West,interceptions,5,2026-09-29T20:11:17Z
2020,Fresno State,Mountain West,interceptionsOpponent,4,2026-09-29T20:11:17Z
2020,Fresno State,Mountain West,interceptionTDs,0,2026-09-29T20:11:17Z
2020,Fresno State,Mountain West,interceptionTDsOpponent,0,2026-09-29T20:11:17Z
2020,Fresno State,Mountain West,interceptionYards,54,2026-09-29T20:11:17Z
2020,Fresno State,Mountain West,interceptionYardsOpponent,34,2026-09-29T20:11:17Z
2020,Fresno State,Mountain West,kickReturns,21,2026-09-29T20:11:17Z
2020,Fresno State,Mountain West,kickReturnsOpponent,32,2026-09-29T20:11:17Z
2020,Fresno State,Mountain West,kickReturnTDs,0,2026-09-29T20:11:17Z
2020,Fresno State,Mountain West,kickReturnTDsOpponent,1,2026-09-29T20:11:17Z
2020,Fresno State,Mountain West,kickReturnYards,409,2026-09-29T20:11:17Z
2020,Fresno State,Mountain West,kickReturnYardsOpponent,728,2026-09-29T20:11:17Z
2020,Fresno State,Mountain West,netPassingYards,2131,2026-09-29T20:11:17Z
2020,Fresno State,Mountain West,netPassingYardsOpponent,1306,2026-09-29T20:11:17Z
2020,Fresno State,Mountain West,passAttempts,247,2026-09-29T20:11:17Z
2020,Fresno State,Mountain West,passAttemptsOpponent,175,2026-09-29T20:11:17Z
2020,Fresno State,Mountain West,passCompletions,157,2026-09-29T20:11:17Z
2020,Fresno State,Mountain West,passCompletionsOpponent,98,2026-09-29T20:11:17Z
2020,Fresno State,Mountain West,passesIntercepted,4,2026-09-29T20:11:17Z
2020,Fresno State,Mountain West,passesInterceptedOpponent,5,2026-09-29T20:11:17Z
2020,Fresno State,Mountain West,passingTDs,14,2026-09-29T20:11:17Z
2020,Fresno State,Mountain West,passingTDsOpponent,8,2026-09-29T20:11:17Z
2020,Fresno State,Mountain West,penalties,33,2026-09-29T20:11:17Z
2020,Fresno State,Mountain West,penaltiesOpponent,38,2026-09-29T20:11:17Z
2020,Fresno State,Mountain West,penaltyYards,287,2026-09-29T20:11:17Z
2020,Fresno State,Mountain West,penaltyYardsOpponent,314,2026-09-29T20:11:17Z
2020,Fresno State,Mountain West,possessionTime,11361,2026-09-29T20:11:17Z
2020,Fresno State,Mountain West,possessionTimeOpponent,10146,2026-09-29T20:11:17Z
2020,Fresno State,Mountain West,puntReturns,7,2026-09-29T20:11:17Z
2020,Fresno State,Mountain West,puntReturnsOpponent,7,2026-09-29T20:11:17Z
2020,Fresno State,Mountain West,puntReturnTDs,0,2026-09-29T20:11:17Z
2020,Fresno State,Mountain West,puntReturnTDsOpponent,0,2026-09-29T20:11:17Z
2020,Fresno State,Mountain West,puntReturnYards,55,2026-09-29T20:11:17Z
2020,Fresno State,Mountain West,puntReturnYardsOpponent,68,2026-09-29T20:11:17Z
2020,Fresno State,Mountain West,rushingAttempts,216,2026-09-29T20:11:17Z
2020,Fresno State,Mountain West,rushingAttemptsOpponent,242,2026-09-29T20:11:17Z
2020,Fresno State,Mountain West,rushingTDs,12,2026-09-29T20:11:17Z
2020,Fresno State,Mountain West,rushingTDsOpponent,14,2026-09-29T20:11:17Z
2020,Fresno State,Mountain West,rushingYards,738,2026-09-29T20:11:17Z
2020,Fresno State,Mountain West,rushingYardsOpponent,1256,2026-09-29T20:11:17Z
2020,Fresno State,Mountain West,sacks,24,2026-09-29T20:11:17Z
2020,Fresno State,Mountain West,sacksOpponent,24,2026-09-29T20:11:17Z
2020,Fresno State,Mountain West,tacklesForLoss,45,2026-09-29T20:11:17Z
2020,Fresno State,Mountain West,tacklesForLossOpponent,45,2026-09-29T20:11:17Z
2020,Fresno State,Mountain West,thirdDownConversions,38,2026-09-29T20:11:17Z
2020,Fresno State,Mountain West,thirdDownConversionsOpponent,47,2026-09-29T20:11:17Z
2020,Fresno State,Mountain West,thirdDowns,88,2026-09-29T20:11:17Z
2020,Fresno State,Mountain West,thirdDownsOpponent,96,2026-09-29T20:11:17Z
2020,Fresno State,Mountain West,totalYards,2869,2026-09-29T20:11:17Z
2020,Fresno State,Mountain West,totalYardsOpponent,2562,2026-09-29T20:11:17Z
2020,Fresno State,Mountain West,turnovers,10,2026-09-29T20:11:17Z
2020,Fresno State,Mountain West,turnoversOpponent,10,2026-09-29T20:11:17Z
2020,Georgia,SEC,firstDowns,209,2026-09-29T20:11:17Z
2020,Georgia,SEC,firstDownsOpponent,184,2026-09-29T20:11:17Z
2020,Georgia,SEC,fourthDownConversions,6,2026-09-29T20:11:17Z
2020,Georgia,SEC,fourthDownConversionsOpponent,9,2026-09-29T20:11:17Z
2020,Georgia,SEC,fourthDowns,13,2026-09-29T20:11:17Z
2020,Georgia,SEC,fourthDownsOpponent,15,2026-09-29T20:11:17Z
2020,Georgia,SEC,fumblesLost,4,2026-09-29T20:11:17Z
2020,Georgia,SEC,fumblesLostOpponent,4,2026-09-29T20:11:17Z
2020,Georgia,SEC,fumblesRecovered,4,2026-09-29T20:11:17Z
2020,Georgia,SEC,fumblesRecoveredOpponent,4,2026-09-29T20:11:17Z
2020,Georgia,SEC,games,10,2026-09-29T20:11:17Z
2020,Georgia,SEC,interceptions,11,2026-09-29T20:11:17Z
2020,Georgia,SEC,interceptionsOpponent,9,2026-09-29T20:11:17Z
2020,Georgia,SEC,interceptionTDs,2,2026-09-29T20:11:17Z
2020,Georgia,SEC,interceptionTDsOpponent,0,2026-09-29T20:11:17Z
2020,Georgia,SEC,interceptionYards,185,2026-09-29T20:11:17Z
2020,Georgia,SEC,interceptionYardsOpponent,108,2026-09-29T20:11:17Z
2020,Georgia,SEC,kickReturns,20,2026-09-29T20:11:17Z
2020,Georgia,SEC,kickReturnsOpponent,10,2026-09-29T20:11:17Z
2020,Georgia,SEC,kickReturnTDs,0,2026-09-29T20:11:17Z
2020,Georgia,SEC,kickReturnTDsOpponent,0,2026-09-29T20:11:17Z
2020,Georgia,SEC,kickReturnYards,594,2026-09-29T20:11:17Z
2020,Georgia,SEC,kickReturnYardsOpponent,168,2026-09-29T20:11:17Z
2020,Georgia,SEC,netPassingYards,2496,2026-09-29T20:11:17Z
2020,Georgia,SEC,netPassingYardsOpponent,2487,2026-09-29T20:11:17Z
2020,Georgia,SEC,passAttempts,306,2026-09-29T20:11:17Z
2020,Georgia,SEC,passAttemptsOpponent,359,2026-09-29T20:11:17Z
2020,Georgia,SEC,passCompletions,178,2026-09-29T20:11:17Z
2020,Georgia,SEC,passCompletionsOpponent,236,2026-09-29T20:11:17Z
2020,Georgia,SEC,passesIntercepted,9,2026-09-29T20:11:17Z
2020,Georgia,SEC,passesInterceptedOpponent,11,2026-09-29T20:11:17Z
2020,Georgia,SEC,passingTDs,19,2026-09-29T20:11:17Z
2020,Georgia,SEC,passingTDsOpponent,15,2026-09-29T20:11:17Z
2020,Georgia,SEC,penalties,54,2026-09-29T20:11:17Z
2020,Georgia,SEC,penaltiesOpponent,62,2026-09-29T20:11:17Z
2020,Georgia,SEC,penaltyYards,513,2026-09-29T20:11:17Z
2020,Georgia,SEC,penaltyYardsOpponent,449,2026-09-29T20:11:17Z
2020,Georgia,SEC,possessionTime,18022,2026-09-29T20:11:17Z
2020,Georgia,SEC,possessionTimeOpponent,17886,2026-09-29T20:11:17Z
2020,Georgia,SEC,puntReturns,17,2026-09-29T20:11:17Z
2020,Georgia,SEC,puntReturnsOpponent,4,2026-09-29T20:11:17Z
2020,Georgia,SEC,puntReturnTDs,0,2026-09-29T20:11:17Z
2020,Georgia,SEC,puntReturnTDsOpponent,0,2026-09-29T20:11:17Z
2020,Georgia,SEC,puntReturnYards,136,2026-09-29T20:11:17Z
2020,Georgia,SEC,puntReturnYardsOpponent,29,2026-09-29T20:11:17Z
2020,Georgia,SEC,rushingAttempts,377,2026-09-29T20:11:17Z
2020,Georgia,SEC,rushingAttemptsOpponent,300,2026-09-29T20:11:17Z
2020,Georgia,SEC,rushingTDs,18,2026-09-29T20:11:17Z
2020,Georgia,SEC,rushingTDsOpponent,8,2026-09-29T20:11:17Z
2020,Georgia,SEC,rushingYards,1742,2026-09-29T20:11:17Z
2020,Georgia,SEC,rushingYardsOpponent,735,2026-09-29T20:11:17Z
2020,Georgia,SEC,sacks,33,2026-09-29T20:11:17Z
2020,Georgia,SEC,sacksOpponent,19,2026-09-29T20:11:17Z
2020,Georgia,SEC,tacklesForLoss,61,2026-09-29T20:11:17Z
2020,Georgia,SEC,tacklesForLossOpponent,43,2026-09-29T20:11:17Z
2020,Georgia,SEC,thirdDownConversions,62,2026-09-29T20:11:17Z
2020,Georgia,SEC,thirdDownConversionsOpponent,49,2026-09-29T20:11:17Z
2020,Georgia,SEC,thirdDowns,135,2026-09-29T20:11:17Z
2020,Georgia,SEC,thirdDownsOpponent,139,2026-09-29T20:11:17Z
2020,Georgia,SEC,totalYards,4238,2026-09-29T20:11:17Z
2020,Georgia,SEC,totalYardsOpponent,3222,2026-09-29T20:11:17Z
2020,Georgia,SEC,turnovers,15,2026-09-29T20:11:17Z
2020,Georgia,SEC,turnoversOpponent,13,2026-09-29T20:11:17Z
2020,Georgia Southern,Sun Belt,firstDowns,223,2026-09-29T20:11:17Z
2020,Georgia Southern,Sun Belt,firstDownsOpponent,227,2026-09-29T20:11:17Z
2020,Georgia Southern,Sun Belt,fourthDownConversions,8,2026-09-29T20:11:17Z
2020,Georgia Southern,Sun Belt,fourthDownConversionsOpponent,18,2026-09-29T20:11:17Z
2020,Georgia Southern,Sun Belt,fourthDowns,17,2026-09-29T20:11:17Z
2020,Georgia Southern,Sun Belt,fourthDownsOpponent,29,2026-09-29T20:11:17Z
2020,Georgia Southern,Sun Belt,fumblesLost,6,2026-09-29T20:11:17Z
2020,Georgia Southern,Sun Belt,fumblesLostOpponent,8,2026-09-29T20:11:17Z
2020,Georgia Southern,Sun Belt,fumblesRecovered,8,2026-09-29T20:11:17Z
2020,Georgia Southern,Sun Belt,fumblesRecoveredOpponent,6,2026-09-29T20:11:17Z
2020,Georgia Southern,Sun Belt,games,13,2026-09-29T20:11:17Z
2020,Georgia Southern,Sun Belt,interceptions,11,2026-09-29T20:11:17Z
2020,Georgia Southern,Sun Belt,interceptionsOpponent,18,2026-09-29T20:11:17Z
2020,Georgia Southern,Sun Belt,interceptionTDs,1,2026-09-29T20:11:17Z
2020,Georgia Southern,Sun Belt,interceptionTDsOpponent,1,2026-09-29T20:11:17Z
2020,Georgia Southern,Sun Belt,interceptionYards,142,2026-09-29T20:11:17Z
2020,Georgia Southern,Sun Belt,interceptionYardsOpponent,89,2026-09-29T20:11:17Z
2020,Georgia Southern,Sun Belt,kickReturns,21,2026-09-29T20:11:17Z
2020,Georgia Southern,Sun Belt,kickReturnsOpponent,43,2026-09-29T20:11:17Z
2020,Georgia Southern,Sun Belt,kickReturnTDs,0,2026-09-29T20:11:17Z
2020,Georgia Southern,Sun Belt,kickReturnTDsOpponent,2,2026-09-29T20:11:17Z
2020,Georgia Southern,Sun Belt,kickReturnYards,369,2026-09-29T20:11:17Z
2020,Georgia Southern,Sun Belt,kickReturnYardsOpponent,939,2026-09-29T20:11:17Z
2020,Georgia Southern,Sun Belt,netPassingYards,1355,2026-09-29T20:11:17Z
2020,Georgia Southern,Sun Belt,netPassingYardsOpponent,2776,2026-09-29T20:11:17Z
2020,Georgia Southern,Sun Belt,passAttempts,174,2026-09-29T20:11:17Z
2020,Georgia Southern,Sun Belt,passAttemptsOpponent,406,2026-09-29T20:11:17Z
2020,Georgia Southern,Sun Belt,passCompletions,96,2026-09-29T20:11:17Z
2020,Georgia Southern,Sun Belt,passCompletionsOpponent,234,2026-09-29T20:11:17Z
2020,Georgia Southern,Sun Belt,passesIntercepted,18,2026-09-29T20:11:17Z
2020,Georgia Southern,Sun Belt,passesInterceptedOpponent,11,2026-09-29T20:11:17Z
2020,Georgia Southern,Sun Belt,passingTDs,9,2026-09-29T20:11:17Z
2020,Georgia Southern,Sun Belt,passingTDsOpponent,16,2026-09-29T20:11:17Z
2020,Georgia Southern,Sun Belt,penalties,53,2026-09-29T20:11:17Z
2020,Georgia Southern,Sun Belt,penaltiesOpponent,63,2026-09-29T20:11:17Z
2020,Georgia Southern,Sun Belt,penaltyYards,440,2026-09-29T20:11:17Z
2020,Georgia Southern,Sun Belt,penaltyYardsOpponent,612,2026-09-29T20:11:17Z
2020,Georgia Southern,Sun Belt,possessionTime,24893,2026-09-29T20:11:17Z
2020,Georgia Southern,Sun Belt,possessionTimeOpponent,20620,2026-09-29T20:11:17Z
2020,Georgia Southern,Sun Belt,puntReturns,19,2026-09-29T20:11:17Z
2020,Georgia Southern,Sun Belt,puntReturnsOpponent,12,2026-09-29T20:11:17Z
2020,Georgia Southern,Sun Belt,puntReturnTDs,3,2026-09-29T20:11:17Z
2020,Georgia Southern,Sun Belt,puntReturnTDsOpponent,0,2026-09-29T20:11:17Z
2020,Georgia Southern,Sun Belt,puntReturnYards,200,2026-09-29T20:11:17Z
2020,Georgia Southern,Sun Belt,puntReturnYardsOpponent,188,2026-09-29T20:11:17Z
2020,Georgia Southern,Sun Belt,rushingAttempts,639,2026-09-29T20:11:17Z
2020,Georgia Southern,Sun Belt,rushingAttemptsOpponent,421,2026-09-29T20:11:17Z
2020,Georgia Southern,Sun Belt,rushingTDs,29,2026-09-29T20:11:17Z
2020,Georgia Southern,Sun Belt,rushingTDsOpponent,14,2026-09-29T20:11:17Z
2020,Georgia Southern,Sun Belt,rushingYards,3472,2026-09-29T20:11:17Z
2020,Georgia Southern,Sun Belt,rushingYardsOpponent,1458,2026-09-29T20:11:17Z
2020,Georgia Southern,Sun Belt,sacks,23,2026-09-29T20:11:17Z
2020,Georgia Southern,Sun Belt,sacksOpponent,16,2026-09-29T20:11:17Z
2020,Georgia Southern,Sun Belt,tacklesForLoss,79,2026-09-29T20:11:17Z
2020,Georgia Southern,Sun Belt,tacklesForLossOpponent,60,2026-09-29T20:11:17Z
2020,Georgia Southern,Sun Belt,thirdDownConversions,66,2026-09-29T20:11:17Z
2020,Georgia Southern,Sun Belt,thirdDownConversionsOpponent,61,2026-09-29T20:11:17Z
2020,Georgia Southern,Sun Belt,thirdDowns,163,2026-09-29T20:11:17Z
2020,Georgia Southern,Sun Belt,thirdDownsOpponent,177,2026-09-29T20:11:17Z
2020,Georgia Southern,Sun Belt,totalYards,4827,2026-09-29T20:11:17Z
2020,Georgia Southern,Sun Belt,totalYardsOpponent,4234,2026-09-29T20:11:17Z
2020,Georgia Southern,Sun Belt,turnovers,17,2026-09-29T20:11:17Z
2020,Georgia Southern,Sun Belt,turnoversOpponent,26,2026-09-29T20:11:17Z
2020,Georgia State,Sun Belt,firstDowns,207,2026-09-29T20:11:17Z
2020,Georgia State,Sun Belt,firstDownsOpponent,220,2026-09-29T20:11:17Z
2020,Georgia State,Sun Belt,fourthDownConversions,9,2026-09-29T20:11:17Z
2020,Georgia State,Sun Belt,fourthDownConversionsOpponent,13,2026-09-29T20:11:17Z
2020,Georgia State,Sun Belt,fourthDowns,14,2026-09-29T20:11:17Z
2020,Georgia State,Sun Belt,fourthDownsOpponent,25,2026-09-29T20:11:17Z
2020,Georgia State,Sun Belt,fumblesLost,10,2026-09-29T20:11:17Z
2020,Georgia State,Sun Belt,fumblesLostOpponent,9,2026-09-29T20:11:17Z
2020,Georgia State,Sun Belt,fumblesRecovered,9,2026-09-29T20:11:17Z
2020,Georgia State,Sun Belt,fumblesRecoveredOpponent,10,2026-09-29T20:11:17Z
2020,Georgia State,Sun Belt,games,10,2026-09-29T20:11:17Z
2020,Georgia State,Sun Belt,interceptions,10,2026-09-29T20:11:17Z
2020,Georgia State,Sun Belt,interceptionsOpponent,12,2026-09-29T20:11:17Z
2020,Georgia State,Sun Belt,interceptionTDs,1,2026-09-29T20:11:17Z
2020,Georgia State,Sun Belt,interceptionTDsOpponent,2,2026-09-29T20:11:17Z
2020,Georgia State,Sun Belt,interceptionYards,112,2026-09-29T20:11:17Z
2020,Georgia State,Sun Belt,interceptionYardsOpponent,107,2026-09-29T20:11:17Z
2020,Georgia State,Sun Belt,kickReturns,11,2026-09-29T20:11:17Z
2020,Georgia State,Sun Belt,kickReturnsOpponent,40,2026-09-29T20:11:17Z
2020,Georgia State,Sun Belt,kickReturnTDs,0,2026-09-29T20:11:17Z
2020,Georgia State,Sun Belt,kickReturnTDsOpponent,0,2026-09-29T20:11:17Z
2020,Georgia State,Sun Belt,kickReturnYards,169,2026-09-29T20:11:17Z
2020,Georgia State,Sun Belt,kickReturnYardsOpponent,772,2026-09-29T20:11:17Z
2020,Georgia State,Sun Belt,netPassingYards,2303,2026-09-29T20:11:17Z
2020,Georgia State,Sun Belt,netPassingYardsOpponent,2742,2026-09-29T20:11:17Z
2020,Georgia State,Sun Belt,passAttempts,307,2026-09-29T20:11:17Z
2020,Georgia State,Sun Belt,passAttemptsOpponent,377,2026-09-29T20:11:17Z
2020,Georgia State,Sun Belt,passCompletions,179,2026-09-29T20:11:17Z
2020,Georgia State,Sun Belt,passCompletionsOpponent,236,2026-09-29T20:11:17Z
2020,Georgia State,Sun Belt,passesIntercepted,12,2026-09-29T20:11:17Z
2020,Georgia State,Sun Belt,passesInterceptedOpponent,10,2026-09-29T20:11:17Z
2020,Georgia State,Sun Belt,passingTDs,18,2026-09-29T20:11:17Z
2020,Georgia State,Sun Belt,passingTDsOpponent,21,2026-09-29T20:11:17Z
2020,Georgia State,Sun Belt,penalties,55,2026-09-29T20:11:17Z
2020,Georgia State,Sun Belt,penaltiesOpponent,49,2026-09-29T20:11:17Z
2020,Georgia State,Sun Belt,penaltyYards,583,2026-09-29T20:11:17Z
2020,Georgia State,Sun Belt,penaltyYardsOpponent,474,2026-09-29T20:11:17Z
2020,Georgia State,Sun Belt,possessionTime,17180,2026-09-29T20:11:17Z
2020,Georgia State,Sun Belt,possessionTimeOpponent,18206,2026-09-29T20:11:17Z
2020,Georgia State,Sun Belt,puntReturns,6,2026-09-29T20:11:17Z
2020,Georgia State,Sun Belt,puntReturnsOpponent,18,2026-09-29T20:11:17Z
2020,Georgia State,Sun Belt,puntReturnTDs,0,2026-09-29T20:11:17Z
2020,Georgia State,Sun Belt,puntReturnTDsOpponent,1,2026-09-29T20:11:17Z
2020,Georgia State,Sun Belt,puntReturnYards,28,2026-09-29T20:11:17Z
2020,Georgia State,Sun Belt,puntReturnYardsOpponent,93,2026-09-29T20:11:17Z
2020,Georgia State,Sun Belt,rushingAttempts,441,2026-09-29T20:11:17Z
2020,Georgia State,Sun Belt,rushingAttemptsOpponent,356,2026-09-29T20:11:17Z
2020,Georgia State,Sun Belt,rushingTDs,22,2026-09-29T20:11:17Z
2020,Georgia State,Sun Belt,rushingTDsOpponent,18,2026-09-29T20:11:17Z
2020,Georgia State,Sun Belt,rushingYards,1937,2026-09-29T20:11:17Z
2020,Georgia State,Sun Belt,rushingYardsOpponent,1367,2026-09-29T20:11:17Z
2020,Georgia State,Sun Belt,sacks,32,2026-09-29T20:11:17Z
2020,Georgia State,Sun Belt,sacksOpponent,12,2026-09-29T20:11:17Z
2020,Georgia State,Sun Belt,tacklesForLoss,74,2026-09-29T20:11:17Z
2020,Georgia State,Sun Belt,tacklesForLossOpponent,60,2026-09-29T20:11:17Z
2020,Georgia State,Sun Belt,thirdDownConversions,75,2026-09-29T20:11:17Z
2020,Georgia State,Sun Belt,thirdDownConversionsOpponent,51,2026-09-29T20:11:17Z
2020,Georgia State,Sun Belt,thirdDowns,166,2026-09-29T20:11:17Z
2020,Georgia State,Sun Belt,thirdDownsOpponent,139,2026-09-29T20:11:17Z
2020,Georgia State,Sun Belt,totalYards,4240,2026-09-29T20:11:17Z
2020,Georgia State,Sun Belt,totalYardsOpponent,4109,2026-09-29T20:11:17Z
2020,Georgia State,Sun Belt,turnovers,20,2026-09-29T20:11:17Z
2020,Georgia State,Sun Belt,turnoversOpponent,21,2026-09-29T20:11:17Z
2020,Georgia Tech,ACC,firstDowns,199,2026-09-29T20:11:17Z
2020,Georgia Tech,ACC,firstDownsOpponent,241,2026-09-29T20:11:17Z
2020,Georgia Tech,ACC,fourthDownConversions,9,2026-09-29T20:11:17Z
2020,Georgia Tech,ACC,fourthDownConversionsOpponent,11,2026-09-29T20:11:17Z
2020,Georgia Tech,ACC,fourthDowns,25,2026-09-29T20:11:17Z
2020,Georgia Tech,ACC,fourthDownsOpponent,22,2026-09-29T20:11:17Z
2020,Georgia Tech,ACC,fumblesLost,12,2026-09-29T20:11:17Z
2020,Georgia Tech,ACC,fumblesLostOpponent,12,2026-09-29T20:11:17Z
2020,Georgia Tech,ACC,fumblesRecovered,12,2026-09-29T20:11:17Z
2020,Georgia Tech,ACC,fumblesRecoveredOpponent,12,2026-09-29T20:11:17Z
2020,Georgia Tech,ACC,games,10,2026-09-29T20:11:17Z
2020,Georgia Tech,ACC,interceptions,13,2026-09-29T20:11:17Z
2020,Georgia Tech,ACC,interceptionsOpponent,6,2026-09-29T20:11:17Z
2020,Georgia Tech,ACC,interceptionTDs,0,2026-09-29T20:11:17Z
2020,Georgia Tech,ACC,interceptionTDsOpponent,1,2026-09-29T20:11:17Z
2020,Georgia Tech,ACC,interceptionYards,77,2026-09-29T20:11:17Z
2020,Georgia Tech,ACC,interceptionYardsOpponent,259,2026-09-29T20:11:17Z
2020,Georgia Tech,ACC,kickReturns,21,2026-09-29T20:11:17Z
2020,Georgia Tech,ACC,kickReturnsOpponent,33,2026-09-29T20:11:17Z
2020,Georgia Tech,ACC,kickReturnTDs,0,2026-09-29T20:11:17Z
2020,Georgia Tech,ACC,kickReturnTDsOpponent,0,2026-09-29T20:11:17Z
2020,Georgia Tech,ACC,kickReturnYards,403,2026-09-29T20:11:17Z
2020,Georgia Tech,ACC,kickReturnYardsOpponent,686,2026-09-29T20:11:17Z
2020,Georgia Tech,ACC,netPassingYards,1991,2026-09-29T20:11:17Z
2020,Georgia Tech,ACC,netPassingYardsOpponent,2701,2026-09-29T20:11:17Z
2020,Georgia Tech,ACC,passAttempts,283,2026-09-29T20:11:17Z
2020,Georgia Tech,ACC,passAttemptsOpponent,356,2026-09-29T20:11:17Z
2020,Georgia Tech,ACC,passCompletions,152,2026-09-29T20:11:17Z
2020,Georgia Tech,ACC,passCompletionsOpponent,209,2026-09-29T20:11:17Z
2020,Georgia Tech,ACC,passesIntercepted,6,2026-09-29T20:11:17Z
2020,Georgia Tech,ACC,passesInterceptedOpponent,13,2026-09-29T20:11:17Z
2020,Georgia Tech,ACC,passingTDs,14,2026-09-29T20:11:17Z
2020,Georgia Tech,ACC,passingTDsOpponent,22,2026-09-29T20:11:17Z
2020,Georgia Tech,ACC,penalties,89,2026-09-29T20:11:17Z
2020,Georgia Tech,ACC,penaltiesOpponent,69,2026-09-29T20:11:17Z
2020,Georgia Tech,ACC,penaltyYards,749,2026-09-29T20:11:17Z
2020,Georgia Tech,ACC,penaltyYardsOpponent,627,2026-09-29T20:11:17Z
2020,Georgia Tech,ACC,possessionTime,16221,2026-09-29T20:11:17Z
2020,Georgia Tech,ACC,possessionTimeOpponent,19502,2026-09-29T20:11:17Z
2020,Georgia Tech,ACC,puntReturns,16,2026-09-29T20:11:17Z
2020,Georgia Tech,ACC,puntReturnsOpponent,8,2026-09-29T20:11:17Z
2020,Georgia Tech,ACC,puntReturnTDs,0,2026-09-29T20:11:17Z
2020,Georgia Tech,ACC,puntReturnTDsOpponent,0,2026-09-29T20:11:17Z
2020,Georgia Tech,ACC,puntReturnYards,65,2026-09-29T20:11:17Z
2020,Georgia Tech,ACC,puntReturnYardsOpponent,82,2026-09-29T20:11:17Z
2020,Georgia Tech,ACC,rushingAttempts,407,2026-09-29T20:11:17Z
2020,Georgia Tech,ACC,rushingAttemptsOpponent,426,2026-09-29T20:11:17Z
2020,Georgia Tech,ACC,rushingTDs,18,2026-09-29T20:11:17Z
2020,Georgia Tech,ACC,rushingTDsOpponent,21,2026-09-29T20:11:17Z
2020,Georgia Tech,ACC,rushingYards,1904,2026-09-29T20:11:17Z
2020,Georgia Tech,ACC,rushingYardsOpponent,1869,2026-09-29T20:11:17Z
2020,Georgia Tech,ACC,sacks,21,2026-09-29T20:11:17Z
2020,Georgia Tech,ACC,sacksOpponent,23,2026-09-29T20:11:17Z
2020,Georgia Tech,ACC,tacklesForLoss,62,2026-09-29T20:11:17Z
2020,Georgia Tech,ACC,tacklesForLossOpponent,73,2026-09-29T20:11:17Z
2020,Georgia Tech,ACC,thirdDownConversions,60,2026-09-29T20:11:17Z
2020,Georgia Tech,ACC,thirdDownConversionsOpponent,71,2026-09-29T20:11:17Z
2020,Georgia Tech,ACC,thirdDowns,146,2026-09-29T20:11:17Z
2020,Georgia Tech,ACC,thirdDownsOpponent,152,2026-09-29T20:11:17Z
2020,Georgia Tech,ACC,totalYards,3895,2026-09-29T20:11:17Z
2020,Georgia Tech,ACC,totalYardsOpponent,4570,2026-09-29T20:11:17Z
2020,Georgia Tech,ACC,turnovers,25,2026-09-29T20:11:17Z
2020,Georgia Tech,ACC,turnoversOpponent,18,2026-09-29T20:11:17Z
2020,Hawai'i,Mountain West,firstDowns,183,2026-09-29T20:11:17Z
2020,Hawai'i,Mountain West,firstDownsOpponent,196,2026-09-29T20:11:17Z
2020,Hawai'i,Mountain West,fourthDownConversions,10,2026-09-29T20:11:17Z
2020,Hawai'i,Mountain West,fourthDownConversionsOpponent,8,2026-09-29T20:11:17Z
2020,Hawai'i,Mountain West,fourthDowns,13,2026-09-29T20:11:17Z
2020,Hawai'i,Mountain West,fourthDownsOpponent,13,2026-09-29T20:11:17Z
2020,Hawai'i,Mountain West,fumblesLost,6,2026-09-29T20:11:17Z
2020,Hawai'i,Mountain West,fumblesLostOpponent,5,2026-09-29T20:11:17Z
2020,Hawai'i,Mountain West,fumblesRecovered,5,2026-09-29T20:11:17Z
2020,Hawai'i,Mountain West,fumblesRecoveredOpponent,6,2026-09-29T20:11:17Z
2020,Hawai'i,Mountain West,games,9,2026-09-29T20:11:17Z
2020,Hawai'i,Mountain West,interceptions,6,2026-09-29T20:11:17Z
2020,Hawai'i,Mountain West,interceptionsOpponent,12,2026-09-29T20:11:17Z
2020,Hawai'i,Mountain West,interceptionTDs,0,2026-09-29T20:11:17Z
2020,Hawai'i,Mountain West,interceptionTDsOpponent,1,2026-09-29T20:11:17Z
2020,Hawai'i,Mountain West,interceptionYards,16,2026-09-29T20:11:17Z
2020,Hawai'i,Mountain West,interceptionYardsOpponent,146,2026-09-29T20:11:17Z
2020,Hawai'i,Mountain West,kickReturns,25,2026-09-29T20:11:17Z
2020,Hawai'i,Mountain West,kickReturnsOpponent,16,2026-09-29T20:11:17Z
2020,Hawai'i,Mountain West,kickReturnTDs,1,2026-09-29T20:11:17Z
2020,Hawai'i,Mountain West,kickReturnTDsOpponent,1,2026-09-29T20:11:17Z
2020,Hawai'i,Mountain West,kickReturnYards,583,2026-09-29T20:11:17Z
2020,Hawai'i,Mountain West,kickReturnYardsOpponent,373,2026-09-29T20:11:17Z
2020,Hawai'i,Mountain West,netPassingYards,2083,2026-09-29T20:11:17Z
2020,Hawai'i,Mountain West,netPassingYardsOpponent,1774,2026-09-29T20:11:17Z
2020,Hawai'i,Mountain West,passAttempts,315,2026-09-29T20:11:17Z
2020,Hawai'i,Mountain West,passAttemptsOpponent,264,2026-09-29T20:11:17Z
2020,Hawai'i,Mountain West,passCompletions,195,2026-09-29T20:11:17Z
2020,Hawai'i,Mountain West,passCompletionsOpponent,145,2026-09-29T20:11:17Z
2020,Hawai'i,Mountain West,passesIntercepted,12,2026-09-29T20:11:17Z
2020,Hawai'i,Mountain West,passesInterceptedOpponent,6,2026-09-29T20:11:17Z
2020,Hawai'i,Mountain West,passingTDs,14,2026-09-29T20:11:17Z
2020,Hawai'i,Mountain West,passingTDsOpponent,12,2026-09-29T20:11:17Z
2020,Hawai'i,Mountain West,penalties,49,2026-09-29T20:11:17Z
2020,Hawai'i,Mountain West,penaltiesOpponent,56,2026-09-29T20:11:17Z
2020,Hawai'i,Mountain West,penaltyYards,386,2026-09-29T20:11:17Z
2020,Hawai'i,Mountain West,penaltyYardsOpponent,521,2026-09-29T20:11:17Z
2020,Hawai'i,Mountain West,possessionTime,15495,2026-09-29T20:11:17Z
2020,Hawai'i,Mountain West,possessionTimeOpponent,16883,2026-09-29T20:11:17Z
2020,Hawai'i,Mountain West,puntReturns,12,2026-09-29T20:11:17Z
2020,Hawai'i,Mountain West,puntReturnsOpponent,20,2026-09-29T20:11:17Z
2020,Hawai'i,Mountain West,puntReturnTDs,0,2026-09-29T20:11:17Z
2020,Hawai'i,Mountain West,puntReturnTDsOpponent,0,2026-09-29T20:11:17Z
2020,Hawai'i,Mountain West,puntReturnYards,64,2026-09-29T20:11:17Z
2020,Hawai'i,Mountain West,puntReturnYardsOpponent,246,2026-09-29T20:11:17Z
2020,Hawai'i,Mountain West,rushingAttempts,324,2026-09-29T20:11:17Z
2020,Hawai'i,Mountain West,rushingAttemptsOpponent,381,2026-09-29T20:11:17Z
2020,Hawai'i,Mountain West,rushingTDs,15,2026-09-29T20:11:17Z
2020,Hawai'i,Mountain West,rushingTDsOpponent,17,2026-09-29T20:11:17Z
2020,Hawai'i,Mountain West,rushingYards,1375,2026-09-29T20:11:17Z
2020,Hawai'i,Mountain West,rushingYardsOpponent,1905,2026-09-29T20:11:17Z
2020,Hawai'i,Mountain West,sacks,17,2026-09-29T20:11:17Z
2020,Hawai'i,Mountain West,sacksOpponent,28,2026-09-29T20:11:17Z
2020,Hawai'i,Mountain West,tacklesForLoss,61,2026-09-29T20:11:17Z
2020,Hawai'i,Mountain West,tacklesForLossOpponent,59,2026-09-29T20:11:17Z
2020,Hawai'i,Mountain West,thirdDownConversions,54,2026-09-29T20:11:17Z
2020,Hawai'i,Mountain West,thirdDownConversionsOpponent,53,2026-09-29T20:11:17Z
2020,Hawai'i,Mountain West,thirdDowns,137,2026-09-29T20:11:17Z
2020,Hawai'i,Mountain West,thirdDownsOpponent,127,2026-09-29T20:11:17Z
2020,Hawai'i,Mountain West,totalYards,3458,2026-09-29T20:11:17Z
2020,Hawai'i,Mountain West,totalYardsOpponent,3679,2026-09-29T20:11:17Z
2020,Hawai'i,Mountain West,turnovers,12,2026-09-29T20:11:17Z
2020,Hawai'i,Mountain West,turnoversOpponent,17,2026-09-29T20:11:17Z
2020,Houston,American Athletic,firstDowns,181,2026-09-29T20:11:17Z
2020,Houston,American Athletic,firstDownsOpponent,166,2026-09-29T20:11:17Z
2020,Houston,American Athletic,fourthDownConversions,14,2026-09-29T20:11:17Z
2020,Houston,American Athletic,fourthDownConversionsOpponent,8,2026-09-29T20:11:17Z
2020,Houston,American Athletic,fourthDowns,19,2026-09-29T20:11:17Z
2020,Houston,American Athletic,fourthDownsOpponent,13,2026-09-29T20:11:17Z
2020,Houston,American Athletic,fumblesLost,6,2026-09-29T20:11:17Z
2020,Houston,American Athletic,fumblesLostOpponent,3,2026-09-29T20:11:17Z
2020,Houston,American Athletic,fumblesRecovered,3,2026-09-29T20:11:17Z
2020,Houston,American Athletic,fumblesRecoveredOpponent,6,2026-09-29T20:11:17Z
2020,Houston,American Athletic,games,8,2026-09-29T20:11:17Z
2020,Houston,American Athletic,interceptions,10,2026-09-29T20:11:17Z
2020,Houston,American Athletic,interceptionsOpponent,3,2026-09-29T20:11:17Z
2020,Houston,American Athletic,interceptionTDs,0,2026-09-29T20:11:17Z
2020,Houston,American Athletic,interceptionTDsOpponent,2,2026-09-29T20:11:17Z
2020,Houston,American Athletic,interceptionYards,22,2026-09-29T20:11:17Z
2020,Houston,American Athletic,interceptionYardsOpponent,159,2026-09-29T20:11:17Z
2020,Houston,American Athletic,kickReturns,17,2026-09-29T20:11:17Z
2020,Houston,American Athletic,kickReturnsOpponent,11,2026-09-29T20:11:17Z
2020,Houston,American Athletic,kickReturnTDs,1,2026-09-29T20:11:17Z
2020,Houston,American Athletic,kickReturnTDsOpponent,1,2026-09-29T20:11:17Z
2020,Houston,American Athletic,kickReturnYards,425,2026-09-29T20:11:17Z
2020,Houston,American Athletic,kickReturnYardsOpponent,313,2026-09-29T20:11:17Z
2020,Houston,American Athletic,netPassingYards,2126,2026-09-29T20:11:17Z
2020,Houston,American Athletic,netPassingYardsOpponent,1848,2026-09-29T20:11:17Z
2020,Houston,American Athletic,passAttempts,297,2026-09-29T20:11:17Z
2020,Houston,American Athletic,passAttemptsOpponent,238,2026-09-29T20:11:17Z
2020,Houston,American Athletic,passCompletions,175,2026-09-29T20:11:17Z
2020,Houston,American Athletic,passCompletionsOpponent,140,2026-09-29T20:11:17Z
2020,Houston,American Athletic,passesIntercepted,3,2026-09-29T20:11:17Z
2020,Houston,American Athletic,passesInterceptedOpponent,10,2026-09-29T20:11:17Z
2020,Houston,American Athletic,passingTDs,15,2026-09-29T20:11:17Z
2020,Houston,American Athletic,passingTDsOpponent,16,2026-09-29T20:11:17Z
2020,Houston,American Athletic,penalties,60,2026-09-29T20:11:17Z
2020,Houston,American Athletic,penaltiesOpponent,40,2026-09-29T20:11:17Z
2020,Houston,American Athletic,penaltyYards,531,2026-09-29T20:11:17Z
2020,Houston,American Athletic,penaltyYardsOpponent,349,2026-09-29T20:11:17Z
2020,Houston,American Athletic,possessionTime,14987,2026-09-29T20:11:17Z
2020,Houston,American Athletic,possessionTimeOpponent,13733,2026-09-29T20:11:17Z
2020,Houston,American Athletic,puntReturns,20,2026-09-29T20:11:17Z
2020,Houston,American Athletic,puntReturnsOpponent,4,2026-09-29T20:11:17Z
2020,Houston,American Athletic,puntReturnTDs,1,2026-09-29T20:11:17Z
2020,Houston,American Athletic,puntReturnTDsOpponent,0,2026-09-29T20:11:17Z
2020,Houston,American Athletic,puntReturnYards,369,2026-09-29T20:11:17Z
2020,Houston,American Athletic,puntReturnYardsOpponent,-5,2026-09-29T20:11:17Z
2020,Houston,American Athletic,rushingAttempts,292,2026-09-29T20:11:17Z
2020,Houston,American Athletic,rushingAttemptsOpponent,314,2026-09-29T20:11:17Z
2020,Houston,American Athletic,rushingTDs,12,2026-09-29T20:11:17Z
2020,Houston,American Athletic,rushingTDsOpponent,12,2026-09-29T20:11:17Z
2020,Houston,American Athletic,rushingYards,1140,2026-09-29T20:11:17Z
2020,Houston,American Athletic,rushingYardsOpponent,1340,2026-09-29T20:11:17Z
2020,Houston,American Athletic,sacks,24,2026-09-29T20:11:17Z
2020,Houston,American Athletic,sacksOpponent,17,2026-09-29T20:11:17Z
2020,Houston,American Athletic,tacklesForLoss,59,2026-09-29T20:11:17Z
2020,Houston,American Athletic,tacklesForLossOpponent,53,2026-09-29T20:11:17Z
2020,Houston,American Athletic,thirdDownConversions,49,2026-09-29T20:11:17Z
2020,Houston,American Athletic,thirdDownConversionsOpponent,44,2026-09-29T20:11:17Z
2020,Houston,American Athletic,thirdDowns,121,2026-09-29T20:11:17Z
2020,Houston,American Athletic,thirdDownsOpponent,116,2026-09-29T20:11:17Z
2020,Houston,American Athletic,totalYards,3266,2026-09-29T20:11:17Z
2020,Houston,American Athletic,totalYardsOpponent,3188,2026-09-29T20:11:17Z
2020,Houston,American Athletic,turnovers,16,2026-09-29T20:11:17Z
2020,Houston,American Athletic,turnoversOpponent,6,2026-09-29T20:11:17Z
2020,Illinois,Big Ten,firstDowns,144,2026-09-29T20:11:17Z
2020,Illinois,Big Ten,firstDownsOpponent,194,2026-09-29T20:11:17Z
2020,Illinois,Big Ten,fourthDownConversions,7,2026-09-29T20:11:17Z
2020,Illinois,Big Ten,fourthDownConversionsOpponent,13,2026-09-29T20:11:17Z
2020,Illinois,Big Ten,fourthDowns,15,2026-09-29T20:11:17Z
2020,Illinois,Big Ten,fourthDownsOpponent,19,2026-09-29T20:11:17Z
2020,Illinois,Big Ten,fumblesLost,5,2026-09-29T20:11:17Z
2020,Illinois,Big Ten,fumblesLostOpponent,8,2026-09-29T20:11:17Z
2020,Illinois,Big Ten,fumblesRecovered,8,2026-09-29T20:11:17Z
2020,Illinois,Big Ten,fumblesRecoveredOpponent,5,2026-09-29T20:11:17Z
2020,Illinois,Big Ten,games,8,2026-09-29T20:11:17Z
2020,Illinois,Big Ten,interceptions,4,2026-09-29T20:11:17Z
2020,Illinois,Big Ten,interceptionsOpponent,7,2026-09-29T20:11:17Z
2020,Illinois,Big Ten,interceptionTDs,0,2026-09-29T20:11:17Z
2020,Illinois,Big Ten,interceptionTDsOpponent,0,2026-09-29T20:11:17Z
2020,Illinois,Big Ten,interceptionYards,61,2026-09-29T20:11:17Z
2020,Illinois,Big Ten,interceptionYardsOpponent,31,2026-09-29T20:11:17Z
2020,Illinois,Big Ten,kickReturns,24,2026-09-29T20:11:17Z
2020,Illinois,Big Ten,kickReturnsOpponent,12,2026-09-29T20:11:17Z
2020,Illinois,Big Ten,kickReturnTDs,0,2026-09-29T20:11:17Z
2020,Illinois,Big Ten,kickReturnTDsOpponent,0,2026-09-29T20:11:17Z
2020,Illinois,Big Ten,kickReturnYards,400,2026-09-29T20:11:17Z
2020,Illinois,Big Ten,kickReturnYardsOpponent,196,2026-09-29T20:11:17Z
2020,Illinois,Big Ten,netPassingYards,1223,2026-09-29T20:11:17Z
2020,Illinois,Big Ten,netPassingYardsOpponent,1889,2026-09-29T20:11:17Z
2020,Illinois,Big Ten,passAttempts,194,2026-09-29T20:11:17Z
2020,Illinois,Big Ten,passAttemptsOpponent,214,2026-09-29T20:11:17Z
2020,Illinois,Big Ten,passCompletions,91,2026-09-29T20:11:17Z
2020,Illinois,Big Ten,passCompletionsOpponent,149,2026-09-29T20:11:17Z
2020,Illinois,Big Ten,passesIntercepted,7,2026-09-29T20:11:17Z
2020,Illinois,Big Ten,passesInterceptedOpponent,4,2026-09-29T20:11:17Z
2020,Illinois,Big Ten,passingTDs,10,2026-09-29T20:11:17Z
2020,Illinois,Big Ten,passingTDsOpponent,18,2026-09-29T20:11:17Z
2020,Illinois,Big Ten,penalties,39,2026-09-29T20:11:17Z
2020,Illinois,Big Ten,penaltiesOpponent,41,2026-09-29T20:11:17Z
2020,Illinois,Big Ten,penaltyYards,401,2026-09-29T20:11:17Z
2020,Illinois,Big Ten,penaltyYardsOpponent,344,2026-09-29T20:11:17Z
2020,Illinois,Big Ten,possessionTime,12983,2026-09-29T20:11:17Z
2020,Illinois,Big Ten,possessionTimeOpponent,15609,2026-09-29T20:11:17Z
2020,Illinois,Big Ten,puntReturns,4,2026-09-29T20:11:17Z
2020,Illinois,Big Ten,puntReturnsOpponent,14,2026-09-29T20:11:17Z
2020,Illinois,Big Ten,puntReturnTDs,0,2026-09-29T20:11:17Z
2020,Illinois,Big Ten,puntReturnTDsOpponent,0,2026-09-29T20:11:17Z
2020,Illinois,Big Ten,puntReturnYards,32,2026-09-29T20:11:17Z
2020,Illinois,Big Ten,puntReturnYardsOpponent,130,2026-09-29T20:11:17Z
2020,Illinois,Big Ten,rushingAttempts,325,2026-09-29T20:11:17Z
2020,Illinois,Big Ten,rushingAttemptsOpponent,358,2026-09-29T20:11:17Z
2020,Illinois,Big Ten,rushingTDs,9,2026-09-29T20:11:17Z
2020,Illinois,Big Ten,rushingTDsOpponent,17,2026-09-29T20:11:17Z
2020,Illinois,Big Ten,rushingYards,1559,2026-09-29T20:11:17Z
2020,Illinois,Big Ten,rushingYardsOpponent,1841,2026-09-29T20:11:17Z
2020,Illinois,Big Ten,sacks,18,2026-09-29T20:11:17Z
2020,Illinois,Big Ten,sacksOpponent,15,2026-09-29T20:11:17Z
2020,Illinois,Big Ten,tacklesForLoss,45,2026-09-29T20:11:17Z
2020,Illinois,Big Ten,tacklesForLossOpponent,41,2026-09-29T20:11:17Z
2020,Illinois,Big Ten,thirdDownConversions,43,2026-09-29T20:11:17Z
2020,Illinois,Big Ten,thirdDownConversionsOpponent,43,2026-09-29T20:11:17Z
2020,Illinois,Big Ten,thirdDowns,114,2026-09-29T20:11:17Z
2020,Illinois,Big Ten,thirdDownsOpponent,100,2026-09-29T20:11:17Z
2020,Illinois,Big Ten,totalYards,2782,2026-09-29T20:11:17Z
2020,Illinois,Big Ten,totalYardsOpponent,3730,2026-09-29T20:11:17Z
2020,Illinois,Big Ten,turnovers,9,2026-09-29T20:11:17Z
2020,Illinois,Big Ten,turnoversOpponent,15,2026-09-29T20:11:17Z
2020,Indiana,Big Ten,firstDowns,161,2026-09-29T20:11:17Z
2020,Indiana,Big Ten,firstDownsOpponent,162,2026-09-29T20:11:17Z
2020,Indiana,Big Ten,fourthDownConversions,8,2026-09-29T20:11:17Z
2020,Indiana,Big Ten,fourthDownConversionsOpponent,4,2026-09-29T20:11:17Z
2020,Indiana,Big Ten,fourthDowns,14,2026-09-29T20:11:17Z
2020,Indiana,Big Ten,fourthDownsOpponent,12,2026-09-29T20:11:17Z
2020,Indiana,Big Ten,fumblesLost,6,2026-09-29T20:11:17Z
2020,Indiana,Big Ten,fumblesLostOpponent,3,2026-09-29T20:11:17Z
2020,Indiana,Big Ten,fumblesRecovered,3,2026-09-29T20:11:17Z
2020,Indiana,Big Ten,fumblesRecoveredOpponent,6,2026-09-29T20:11:17Z
2020,Indiana,Big Ten,games,8,2026-09-29T20:11:17Z
2020,Indiana,Big Ten,interceptions,5,2026-09-29T20:11:17Z
2020,Indiana,Big Ten,interceptionsOpponent,17,2026-09-29T20:11:17Z
2020,Indiana,Big Ten,interceptionTDs,0,2026-09-29T20:11:17Z
2020,Indiana,Big Ten,interceptionTDsOpponent,1,2026-09-29T20:11:17Z
2020,Indiana,Big Ten,interceptionYards,268,2026-09-29T20:11:17Z
2020,Indiana,Big Ten,interceptionYardsOpponent,95,2026-09-29T20:11:17Z
2020,Indiana,Big Ten,kickReturns,6,2026-09-29T20:11:17Z
2020,Indiana,Big Ten,kickReturnsOpponent,23,2026-09-29T20:11:17Z
2020,Indiana,Big Ten,kickReturnTDs,0,2026-09-29T20:11:17Z
2020,Indiana,Big Ten,kickReturnTDsOpponent,0,2026-09-29T20:11:17Z
2020,Indiana,Big Ten,kickReturnYards,105,2026-09-29T20:11:17Z
2020,Indiana,Big Ten,kickReturnYardsOpponent,474,2026-09-29T20:11:17Z
2020,Indiana,Big Ten,netPassingYards,2011,2026-09-29T20:11:17Z
2020,Indiana,Big Ten,netPassingYardsOpponent,1936,2026-09-29T20:11:17Z
2020,Indiana,Big Ten,passAttempts,291,2026-09-29T20:11:17Z
2020,Indiana,Big Ten,passAttemptsOpponent,275,2026-09-29T20:11:17Z
2020,Indiana,Big Ten,passCompletions,167,2026-09-29T20:11:17Z
2020,Indiana,Big Ten,passCompletionsOpponent,162,2026-09-29T20:11:17Z
2020,Indiana,Big Ten,passesIntercepted,17,2026-09-29T20:11:17Z
2020,Indiana,Big Ten,passesInterceptedOpponent,5,2026-09-29T20:11:17Z
2020,Indiana,Big Ten,passingTDs,16,2026-09-29T20:11:17Z
2020,Indiana,Big Ten,passingTDsOpponent,13,2026-09-29T20:11:17Z
2020,Indiana,Big Ten,penalties,34,2026-09-29T20:11:17Z
2020,Indiana,Big Ten,penaltiesOpponent,59,2026-09-29T20:11:17Z
2020,Indiana,Big Ten,penaltyYards,357,2026-09-29T20:11:17Z
2020,Indiana,Big Ten,penaltyYardsOpponent,561,2026-09-29T20:11:17Z
2020,Indiana,Big Ten,possessionTime,14818,2026-09-29T20:11:17Z
2020,Indiana,Big Ten,possessionTimeOpponent,13680,2026-09-29T20:11:17Z
2020,Indiana,Big Ten,puntReturns,10,2026-09-29T20:11:17Z
2020,Indiana,Big Ten,puntReturnsOpponent,4,2026-09-29T20:11:17Z
2020,Indiana,Big Ten,puntReturnTDs,0,2026-09-29T20:11:17Z
2020,Indiana,Big Ten,puntReturnTDsOpponent,0,2026-09-29T20:11:17Z
2020,Indiana,Big Ten,puntReturnYards,72,2026-09-29T20:11:17Z
2020,Indiana,Big Ten,puntReturnYardsOpponent,31,2026-09-29T20:11:17Z
2020,Indiana,Big Ten,rushingAttempts,274,2026-09-29T20:11:17Z
2020,Indiana,Big Ten,rushingAttemptsOpponent,272,2026-09-29T20:11:17Z
2020,Indiana,Big Ten,rushingTDs,12,2026-09-29T20:11:17Z
2020,Indiana,Big Ten,rushingTDsOpponent,7,2026-09-29T20:11:17Z
2020,Indiana,Big Ten,rushingYards,875,2026-09-29T20:11:17Z
2020,Indiana,Big Ten,rushingYardsOpponent,1099,2026-09-29T20:11:17Z
2020,Indiana,Big Ten,sacks,25,2026-09-29T20:11:17Z
2020,Indiana,Big Ten,sacksOpponent,10,2026-09-29T20:11:17Z
2020,Indiana,Big Ten,tacklesForLoss,47,2026-09-29T20:11:17Z
2020,Indiana,Big Ten,tacklesForLossOpponent,36,2026-09-29T20:11:17Z
2020,Indiana,Big Ten,thirdDownConversions,44,2026-09-29T20:11:17Z
2020,Indiana,Big Ten,thirdDownConversionsOpponent,42,2026-09-29T20:11:17Z
2020,Indiana,Big Ten,thirdDowns,114,2026-09-29T20:11:17Z
2020,Indiana,Big Ten,thirdDownsOpponent,112,2026-09-29T20:11:17Z
2020,Indiana,Big Ten,totalYards,2886,2026-09-29T20:11:17Z
2020,Indiana,Big Ten,totalYardsOpponent,3035,2026-09-29T20:11:17Z
2020,Indiana,Big Ten,turnovers,11,2026-09-29T20:11:17Z
2020,Indiana,Big Ten,turnoversOpponent,20,2026-09-29T20:11:17Z
2020,Iowa,Big Ten,firstDowns,159,2026-09-29T20:11:17Z
2020,Iowa,Big Ten,firstDownsOpponent,141,2026-09-29T20:11:17Z
2020,Iowa,Big Ten,fourthDownConversions,6,2026-09-29T20:11:17Z
2020,Iowa,Big Ten,fourthDownConversionsOpponent,8,2026-09-29T20:11:17Z
2020,Iowa,Big Ten,fourthDowns,9,2026-09-29T20:11:17Z
2020,Iowa,Big Ten,fourthDownsOpponent,16,2026-09-29T20:11:17Z
2020,Iowa,Big Ten,fumblesLost,4,2026-09-29T20:11:17Z
2020,Iowa,Big Ten,fumblesLostOpponent,7,2026-09-29T20:11:17Z
2020,Iowa,Big Ten,fumblesRecovered,7,2026-09-29T20:11:17Z
2020,Iowa,Big Ten,fumblesRecoveredOpponent,4,2026-09-29T20:11:17Z
2020,Iowa,Big Ten,games,8,2026-09-29T20:11:17Z
2020,Iowa,Big Ten,interceptions,5,2026-09-29T20:11:17Z
2020,Iowa,Big Ten,interceptionsOpponent,11,2026-09-29T20:11:17Z
2020,Iowa,Big Ten,interceptionTDs,2,2026-09-29T20:11:17Z
2020,Iowa,Big Ten,interceptionTDsOpponent,0,2026-09-29T20:11:17Z
2020,Iowa,Big Ten,interceptionYards,233,2026-09-29T20:11:17Z
2020,Iowa,Big Ten,interceptionYardsOpponent,17,2026-09-29T20:11:17Z
2020,Iowa,Big Ten,kickReturns,12,2026-09-29T20:11:17Z
2020,Iowa,Big Ten,kickReturnsOpponent,15,2026-09-29T20:11:17Z
2020,Iowa,Big Ten,kickReturnTDs,0,2026-09-29T20:11:17Z
2020,Iowa,Big Ten,kickReturnTDsOpponent,0,2026-09-29T20:11:17Z
2020,Iowa,Big Ten,kickReturnYards,216,2026-09-29T20:11:17Z
2020,Iowa,Big Ten,kickReturnYardsOpponent,236,2026-09-29T20:11:17Z
2020,Iowa,Big Ten,netPassingYards,1581,2026-09-29T20:11:17Z
2020,Iowa,Big Ten,netPassingYardsOpponent,1649,2026-09-29T20:11:17Z
2020,Iowa,Big Ten,passAttempts,248,2026-09-29T20:11:17Z
2020,Iowa,Big Ten,passAttemptsOpponent,275,2026-09-29T20:11:17Z
2020,Iowa,Big Ten,passCompletions,141,2026-09-29T20:11:17Z
2020,Iowa,Big Ten,passCompletionsOpponent,159,2026-09-29T20:11:17Z
2020,Iowa,Big Ten,passesIntercepted,11,2026-09-29T20:11:17Z
2020,Iowa,Big Ten,passesInterceptedOpponent,5,2026-09-29T20:11:17Z
2020,Iowa,Big Ten,passingTDs,9,2026-09-29T20:11:17Z
2020,Iowa,Big Ten,passingTDsOpponent,9,2026-09-29T20:11:17Z
2020,Iowa,Big Ten,penalties,38,2026-09-29T20:11:17Z
2020,Iowa,Big Ten,penaltiesOpponent,39,2026-09-29T20:11:17Z
2020,Iowa,Big Ten,penaltyYards,317,2026-09-29T20:11:17Z
2020,Iowa,Big Ten,penaltyYardsOpponent,326,2026-09-29T20:11:17Z
2020,Iowa,Big Ten,possessionTime,14044,2026-09-29T20:11:17Z
2020,Iowa,Big Ten,possessionTimeOpponent,14653,2026-09-29T20:11:17Z
2020,Iowa,Big Ten,puntReturns,23,2026-09-29T20:11:17Z
2020,Iowa,Big Ten,puntReturnsOpponent,6,2026-09-29T20:11:17Z
2020,Iowa,Big Ten,puntReturnTDs,1,2026-09-29T20:11:17Z
2020,Iowa,Big Ten,puntReturnTDsOpponent,0,2026-09-29T20:11:17Z
2020,Iowa,Big Ten,puntReturnYards,223,2026-09-29T20:11:17Z
2020,Iowa,Big Ten,puntReturnYardsOpponent,31,2026-09-29T20:11:17Z
2020,Iowa,Big Ten,rushingAttempts,296,2026-09-29T20:11:17Z
2020,Iowa,Big Ten,rushingAttemptsOpponent,301,2026-09-29T20:11:17Z
2020,Iowa,Big Ten,rushingTDs,18,2026-09-29T20:11:17Z
2020,Iowa,Big Ten,rushingTDsOpponent,8,2026-09-29T20:11:17Z
2020,Iowa,Big Ten,rushingYards,1369,2026-09-29T20:11:17Z
2020,Iowa,Big Ten,rushingYardsOpponent,868,2026-09-29T20:11:17Z
2020,Iowa,Big Ten,sacks,22,2026-09-29T20:11:17Z
2020,Iowa,Big Ten,sacksOpponent,11,2026-09-29T20:11:17Z
2020,Iowa,Big Ten,tacklesForLoss,51,2026-09-29T20:11:17Z
2020,Iowa,Big Ten,tacklesForLossOpponent,39,2026-09-29T20:11:17Z
2020,Iowa,Big Ten,thirdDownConversions,36,2026-09-29T20:11:17Z
2020,Iowa,Big Ten,thirdDownConversionsOpponent,54,2026-09-29T20:11:17Z
2020,Iowa,Big Ten,thirdDowns,107,2026-09-29T20:11:17Z
2020,Iowa,Big Ten,thirdDownsOpponent,134,2026-09-29T20:11:17Z
2020,Iowa,Big Ten,totalYards,2950,2026-09-29T20:11:17Z
2020,Iowa,Big Ten,totalYardsOpponent,2517,2026-09-29T20:11:17Z
2020,Iowa,Big Ten,turnovers,9,2026-09-29T20:11:17Z
2020,Iowa,Big Ten,turnoversOpponent,18,2026-09-29T20:11:17Z
2020,Iowa State,Big 12,firstDowns,273,2026-09-29T20:11:17Z
2020,Iowa State,Big 12,firstDownsOpponent,217,2026-09-29T20:11:17Z
2020,Iowa State,Big 12,fourthDownConversions,11,2026-09-29T20:11:17Z
2020,Iowa State,Big 12,fourthDownConversionsOpponent,9,2026-09-29T20:11:17Z
2020,Iowa State,Big 12,fourthDowns,16,2026-09-29T20:11:17Z
2020,Iowa State,Big 12,fourthDownsOpponent,20,2026-09-29T20:11:17Z
2020,Iowa State,Big 12,fumblesLost,5,2026-09-29T20:11:17Z
2020,Iowa State,Big 12,fumblesLostOpponent,8,2026-09-29T20:11:17Z
2020,Iowa State,Big 12,fumblesRecovered,8,2026-09-29T20:11:17Z
2020,Iowa State,Big 12,fumblesRecoveredOpponent,5,2026-09-29T20:11:17Z
2020,Iowa State,Big 12,games,12,2026-09-29T20:11:17Z
2020,Iowa State,Big 12,interceptions,9,2026-09-29T20:11:17Z
2020,Iowa State,Big 12,interceptionsOpponent,9,2026-09-29T20:11:17Z
2020,Iowa State,Big 12,interceptionTDs,0,2026-09-29T20:11:17Z
2020,Iowa State,Big 12,interceptionTDsOpponent,1,2026-09-29T20:11:17Z
2020,Iowa State,Big 12,interceptionYards,14,2026-09-29T20:11:17Z
2020,Iowa State,Big 12,interceptionYardsOpponent,99,2026-09-29T20:11:17Z
2020,Iowa State,Big 12,kickReturns,21,2026-09-29T20:11:17Z
2020,Iowa State,Big 12,kickReturnsOpponent,57,2026-09-29T20:11:17Z
2020,Iowa State,Big 12,kickReturnTDs,0,2026-09-29T20:11:17Z
2020,Iowa State,Big 12,kickReturnTDsOpponent,2,2026-09-29T20:11:17Z
2020,Iowa State,Big 12,kickReturnYards,561,2026-09-29T20:11:17Z
2020,Iowa State,Big 12,kickReturnYardsOpponent,1229,2026-09-29T20:11:17Z
2020,Iowa State,Big 12,netPassingYards,2896,2026-09-29T20:11:17Z
2020,Iowa State,Big 12,netPassingYardsOpponent,2818,2026-09-29T20:11:17Z
2020,Iowa State,Big 12,passAttempts,372,2026-09-29T20:11:17Z
2020,Iowa State,Big 12,passAttemptsOpponent,377,2026-09-29T20:11:17Z
2020,Iowa State,Big 12,passCompletions,249,2026-09-29T20:11:17Z
2020,Iowa State,Big 12,passCompletionsOpponent,236,2026-09-29T20:11:17Z
2020,Iowa State,Big 12,passesIntercepted,9,2026-09-29T20:11:17Z
2020,Iowa State,Big 12,passesInterceptedOpponent,9,2026-09-29T20:11:17Z
2020,Iowa State,Big 12,passingTDs,20,2026-09-29T20:11:17Z
2020,Iowa State,Big 12,passingTDsOpponent,13,2026-09-29T20:11:17Z
2020,Iowa State,Big 12,penalties,62,2026-09-29T20:11:17Z
2020,Iowa State,Big 12,penaltiesOpponent,72,2026-09-29T20:11:17Z
2020,Iowa State,Big 12,penaltyYards,512,2026-09-29T20:11:17Z
2020,Iowa State,Big 12,penaltyYardsOpponent,594,2026-09-29T20:11:17Z
2020,Iowa State,Big 12,possessionTime,23784,2026-09-29T20:11:17Z
2020,Iowa State,Big 12,possessionTimeOpponent,19282,2026-09-29T20:11:17Z
2020,Iowa State,Big 12,puntReturns,11,2026-09-29T20:11:17Z
2020,Iowa State,Big 12,puntReturnsOpponent,16,2026-09-29T20:11:17Z
2020,Iowa State,Big 12,puntReturnTDs,0,2026-09-29T20:11:17Z
2020,Iowa State,Big 12,puntReturnTDsOpponent,1,2026-09-29T20:11:17Z
2020,Iowa State,Big 12,puntReturnYards,59,2026-09-29T20:11:17Z
2020,Iowa State,Big 12,puntReturnYardsOpponent,175,2026-09-29T20:11:17Z
2020,Iowa State,Big 12,rushingAttempts,454,2026-09-29T20:11:17Z
2020,Iowa State,Big 12,rushingAttemptsOpponent,382,2026-09-29T20:11:17Z
2020,Iowa State,Big 12,rushingTDs,31,2026-09-29T20:11:17Z
2020,Iowa State,Big 12,rushingTDsOpponent,11,2026-09-29T20:11:17Z
2020,Iowa State,Big 12,rushingYards,2343,2026-09-29T20:11:17Z
2020,Iowa State,Big 12,rushingYardsOpponent,1245,2026-09-29T20:11:17Z
2020,Iowa State,Big 12,sacks,28,2026-09-29T20:11:17Z
2020,Iowa State,Big 12,sacksOpponent,14,2026-09-29T20:11:17Z
2020,Iowa State,Big 12,tacklesForLoss,81,2026-09-29T20:11:17Z
2020,Iowa State,Big 12,tacklesForLossOpponent,56,2026-09-29T20:11:17Z
2020,Iowa State,Big 12,thirdDownConversions,73,2026-09-29T20:11:17Z
2020,Iowa State,Big 12,thirdDownConversionsOpponent,50,2026-09-29T20:11:17Z
2020,Iowa State,Big 12,thirdDowns,161,2026-09-29T20:11:17Z
2020,Iowa State,Big 12,thirdDownsOpponent,153,2026-09-29T20:11:17Z
2020,Iowa State,Big 12,totalYards,5239,2026-09-29T20:11:17Z
2020,Iowa State,Big 12,totalYardsOpponent,4063,2026-09-29T20:11:17Z
2020,Iowa State,Big 12,turnovers,14,2026-09-29T20:11:17Z
2020,Iowa State,Big 12,turnoversOpponent,17,2026-09-29T20:11:17Z
2020,Kansas,Big 12,firstDowns,143,2026-09-29T20:11:17Z
2020,Kansas,Big 12,firstDownsOpponent,210,2026-09-29T20:11:17Z
2020,Kansas,Big 12,fourthDownConversions,10,2026-09-29T20:11:17Z
2020,Kansas,Big 12,fourthDownConversionsOpponent,8,2026-09-29T20:11:17Z
2020,Kansas,Big 12,fourthDowns,24,2026-09-29T20:11:17Z
2020,Kansas,Big 12,fourthDownsOpponent,10,2026-09-29T20:11:17Z
2020,Kansas,Big 12,fumblesLost,4,2026-09-29T20:11:17Z
2020,Kansas,Big 12,fumblesLostOpponent,6,2026-09-29T20:11:17Z
2020,Kansas,Big 12,fumblesRecovered,6,2026-09-29T20:11:17Z
2020,Kansas,Big 12,fumblesRecoveredOpponent,4,2026-09-29T20:11:17Z
2020,Kansas,Big 12,games,9,2026-09-29T20:11:17Z
2020,Kansas,Big 12,interceptions,10,2026-09-29T20:11:17Z
2020,Kansas,Big 12,interceptionsOpponent,4,2026-09-29T20:11:17Z
2020,Kansas,Big 12,interceptionTDs,0,2026-09-29T20:11:17Z
2020,Kansas,Big 12,interceptionTDsOpponent,2,2026-09-29T20:11:17Z
2020,Kansas,Big 12,interceptionYards,23,2026-09-29T20:11:17Z
2020,Kansas,Big 12,interceptionYardsOpponent,115,2026-09-29T20:11:17Z
2020,Kansas,Big 12,kickReturns,47,2026-09-29T20:11:17Z
2020,Kansas,Big 12,kickReturnsOpponent,12,2026-09-29T20:11:17Z
2020,Kansas,Big 12,kickReturnTDs,2,2026-09-29T20:11:17Z
2020,Kansas,Big 12,kickReturnTDsOpponent,2,2026-09-29T20:11:17Z
2020,Kansas,Big 12,kickReturnYards,1043,2026-09-29T20:11:17Z
2020,Kansas,Big 12,kickReturnYardsOpponent,329,2026-09-29T20:11:17Z
2020,Kansas,Big 12,netPassingYards,1389,2026-09-29T20:11:17Z
2020,Kansas,Big 12,netPassingYardsOpponent,2007,2026-09-29T20:11:17Z
2020,Kansas,Big 12,passAttempts,283,2026-09-29T20:11:17Z
2020,Kansas,Big 12,passAttemptsOpponent,257,2026-09-29T20:11:17Z
2020,Kansas,Big 12,passCompletions,155,2026-09-29T20:11:17Z
2020,Kansas,Big 12,passCompletionsOpponent,159,2026-09-29T20:11:17Z
2020,Kansas,Big 12,passesIntercepted,4,2026-09-29T20:11:17Z
2020,Kansas,Big 12,passesInterceptedOpponent,10,2026-09-29T20:11:17Z
2020,Kansas,Big 12,passingTDs,7,2026-09-29T20:11:17Z
2020,Kansas,Big 12,passingTDsOpponent,20,2026-09-29T20:11:17Z
2020,Kansas,Big 12,penalties,51,2026-09-29T20:11:17Z
2020,Kansas,Big 12,penaltiesOpponent,61,2026-09-29T20:11:17Z
2020,Kansas,Big 12,penaltyYards,418,2026-09-29T20:11:17Z
2020,Kansas,Big 12,penaltyYardsOpponent,582,2026-09-29T20:11:17Z
2020,Kansas,Big 12,possessionTime,16617,2026-09-29T20:11:17Z
2020,Kansas,Big 12,possessionTimeOpponent,15783,2026-09-29T20:11:17Z
2020,Kansas,Big 12,puntReturns,4,2026-09-29T20:11:17Z
2020,Kansas,Big 12,puntReturnsOpponent,21,2026-09-29T20:11:17Z
2020,Kansas,Big 12,puntReturnTDs,0,2026-09-29T20:11:17Z
2020,Kansas,Big 12,puntReturnTDsOpponent,3,2026-09-29T20:11:17Z
2020,Kansas,Big 12,puntReturnYards,-5,2026-09-29T20:11:17Z
2020,Kansas,Big 12,puntReturnYardsOpponent,347,2026-09-29T20:11:17Z
2020,Kansas,Big 12,rushingAttempts,354,2026-09-29T20:11:17Z
2020,Kansas,Big 12,rushingAttemptsOpponent,366,2026-09-29T20:11:17Z
2020,Kansas,Big 12,rushingTDs,9,2026-09-29T20:11:17Z
2020,Kansas,Big 12,rushingTDsOpponent,24,2026-09-29T20:11:17Z
2020,Kansas,Big 12,rushingYards,944,2026-09-29T20:11:17Z
2020,Kansas,Big 12,rushingYardsOpponent,2126,2026-09-29T20:11:17Z
2020,Kansas,Big 12,sacks,9,2026-09-29T20:11:17Z
2020,Kansas,Big 12,sacksOpponent,42,2026-09-29T20:11:17Z
2020,Kansas,Big 12,tacklesForLoss,42,2026-09-29T20:11:17Z
2020,Kansas,Big 12,tacklesForLossOpponent,96,2026-09-29T20:11:17Z
2020,Kansas,Big 12,thirdDownConversions,33,2026-09-29T20:11:17Z
2020,Kansas,Big 12,thirdDownConversionsOpponent,51,2026-09-29T20:11:17Z
2020,Kansas,Big 12,thirdDowns,142,2026-09-29T20:11:17Z
2020,Kansas,Big 12,thirdDownsOpponent,122,2026-09-29T20:11:17Z
2020,Kansas,Big 12,totalYards,2333,2026-09-29T20:11:17Z
2020,Kansas,Big 12,totalYardsOpponent,4133,2026-09-29T20:11:17Z
2020,Kansas,Big 12,turnovers,14,2026-09-29T20:11:17Z
2020,Kansas,Big 12,turnoversOpponent,10,2026-09-29T20:11:17Z
2020,Kansas State,Big 12,firstDowns,155,2026-09-29T20:11:17Z
2020,Kansas State,Big 12,firstDownsOpponent,229,2026-09-29T20:11:17Z
2020,Kansas State,Big 12,fourthDownConversions,6,2026-09-29T20:11:17Z
2020,Kansas State,Big 12,fourthDownConversionsOpponent,9,2026-09-29T20:11:17Z
2020,Kansas State,Big 12,fourthDowns,10,2026-09-29T20:11:17Z
2020,Kansas State,Big 12,fourthDownsOpponent,17,2026-09-29T20:11:17Z
2020,Kansas State,Big 12,fumblesLost,5,2026-09-29T20:11:17Z
2020,Kansas State,Big 12,fumblesLostOpponent,5,2026-09-29T20:11:17Z
2020,Kansas State,Big 12,fumblesRecovered,5,2026-09-29T20:11:17Z
2020,Kansas State,Big 12,fumblesRecoveredOpponent,5,2026-09-29T20:11:17Z
2020,Kansas State,Big 12,games,10,2026-09-29T20:11:17Z
2020,Kansas State,Big 12,interceptions,10,2026-09-29T20:11:17Z
2020,Kansas State,Big 12,interceptionsOpponent,7,2026-09-29T20:11:17Z
2020,Kansas State,Big 12,interceptionTDs,2,2026-09-29T20:11:17Z
2020,Kansas State,Big 12,interceptionTDsOpponent,1,2026-09-29T20:11:17Z
2020,Kansas State,Big 12,interceptionYards,65,2026-09-29T20:11:17Z
2020,Kansas State,Big 12,interceptionYardsOpponent,82,2026-09-29T20:11:17Z
2020,Kansas State,Big 12,kickReturns,34,2026-09-29T20:11:17Z
2020,Kansas State,Big 12,kickReturnsOpponent,16,2026-09-29T20:11:17Z
2020,Kansas State,Big 12,kickReturnTDs,0,2026-09-29T20:11:17Z
2020,Kansas State,Big 12,kickReturnTDsOpponent,0,2026-09-29T20:11:17Z
2020,Kansas State,Big 12,kickReturnYards,593,2026-09-29T20:11:17Z
2020,Kansas State,Big 12,kickReturnYardsOpponent,419,2026-09-29T20:11:17Z
2020,Kansas State,Big 12,netPassingYards,1857,2026-09-29T20:11:17Z
2020,Kansas State,Big 12,netPassingYardsOpponent,2675,2026-09-29T20:11:17Z
2020,Kansas State,Big 12,passAttempts,247,2026-09-29T20:11:17Z
2020,Kansas State,Big 12,passAttemptsOpponent,353,2026-09-29T20:11:17Z
2020,Kansas State,Big 12,passCompletions,137,2026-09-29T20:11:17Z
2020,Kansas State,Big 12,passCompletionsOpponent,239,2026-09-29T20:11:17Z
2020,Kansas State,Big 12,passesIntercepted,7,2026-09-29T20:11:17Z
2020,Kansas State,Big 12,passesInterceptedOpponent,10,2026-09-29T20:11:17Z
2020,Kansas State,Big 12,passingTDs,12,2026-09-29T20:11:17Z
2020,Kansas State,Big 12,passingTDsOpponent,20,2026-09-29T20:11:17Z
2020,Kansas State,Big 12,penalties,65,2026-09-29T20:11:17Z
2020,Kansas State,Big 12,penaltiesOpponent,55,2026-09-29T20:11:17Z
2020,Kansas State,Big 12,penaltyYards,564,2026-09-29T20:11:17Z
2020,Kansas State,Big 12,penaltyYardsOpponent,558,2026-09-29T20:11:17Z
2020,Kansas State,Big 12,possessionTime,17249,2026-09-29T20:11:17Z
2020,Kansas State,Big 12,possessionTimeOpponent,18593,2026-09-29T20:11:17Z
2020,Kansas State,Big 12,puntReturns,14,2026-09-29T20:11:17Z
2020,Kansas State,Big 12,puntReturnsOpponent,9,2026-09-29T20:11:17Z
2020,Kansas State,Big 12,puntReturnTDs,2,2026-09-29T20:11:17Z
2020,Kansas State,Big 12,puntReturnTDsOpponent,0,2026-09-29T20:11:17Z
2020,Kansas State,Big 12,puntReturnYards,299,2026-09-29T20:11:17Z
2020,Kansas State,Big 12,puntReturnYardsOpponent,18,2026-09-29T20:11:17Z
2020,Kansas State,Big 12,rushingAttempts,353,2026-09-29T20:11:17Z
2020,Kansas State,Big 12,rushingAttemptsOpponent,375,2026-09-29T20:11:17Z
2020,Kansas State,Big 12,rushingTDs,17,2026-09-29T20:11:17Z
2020,Kansas State,Big 12,rushingTDsOpponent,20,2026-09-29T20:11:17Z
2020,Kansas State,Big 12,rushingYards,1522,2026-09-29T20:11:17Z
2020,Kansas State,Big 12,rushingYardsOpponent,1772,2026-09-29T20:11:17Z
2020,Kansas State,Big 12,sacks,28,2026-09-29T20:11:17Z
2020,Kansas State,Big 12,sacksOpponent,12,2026-09-29T20:11:17Z
2020,Kansas State,Big 12,tacklesForLoss,68,2026-09-29T20:11:17Z
2020,Kansas State,Big 12,tacklesForLossOpponent,58,2026-09-29T20:11:17Z
2020,Kansas State,Big 12,thirdDownConversions,42,2026-09-29T20:11:17Z
2020,Kansas State,Big 12,thirdDownConversionsOpponent,59,2026-09-29T20:11:17Z
2020,Kansas State,Big 12,thirdDowns,127,2026-09-29T20:11:17Z
2020,Kansas State,Big 12,thirdDownsOpponent,147,2026-09-29T20:11:17Z
2020,Kansas State,Big 12,totalYards,3379,2026-09-29T20:11:17Z
2020,Kansas State,Big 12,totalYardsOpponent,4447,2026-09-29T20:11:17Z
2020,Kansas State,Big 12,turnovers,15,2026-09-29T20:11:17Z
2020,Kansas State,Big 12,turnoversOpponent,12,2026-09-29T20:11:17Z
2020,Kent State,Mid-American,firstDowns,129,2026-09-29T20:11:17Z
2020,Kent State,Mid-American,firstDownsOpponent,87,2026-09-29T20:11:17Z
2020,Kent State,Mid-American,fourthDownConversions,7,2026-09-29T20:11:17Z
2020,Kent State,Mid-American,fourthDownConversionsOpponent,3,2026-09-29T20:11:17Z
2020,Kent State,Mid-American,fourthDowns,8,2026-09-29T20:11:17Z
2020,Kent State,Mid-American,fourthDownsOpponent,7,2026-09-29T20:11:17Z
2020,Kent State,Mid-American,fumblesLost,2,2026-09-29T20:11:17Z
2020,Kent State,Mid-American,fumblesLostOpponent,2,2026-09-29T20:11:17Z
2020,Kent State,Mid-American,fumblesRecovered,2,2026-09-29T20:11:17Z
2020,Kent State,Mid-American,fumblesRecoveredOpponent,2,2026-09-29T20:11:17Z
2020,Kent State,Mid-American,games,4,2026-09-29T20:11:17Z
2020,Kent State,Mid-American,interceptions,2,2026-09-29T20:11:17Z
2020,Kent State,Mid-American,interceptionsOpponent,3,2026-09-29T20:11:17Z
2020,Kent State,Mid-American,interceptionTDs,0,2026-09-29T20:11:17Z
2020,Kent State,Mid-American,interceptionTDsOpponent,0,2026-09-29T20:11:17Z
2020,Kent State,Mid-American,interceptionYards,2,2026-09-29T20:11:17Z
2020,Kent State,Mid-American,interceptionYardsOpponent,43,2026-09-29T20:11:17Z
2020,Kent State,Mid-American,kickReturns,11,2026-09-29T20:11:17Z
2020,Kent State,Mid-American,kickReturnsOpponent,18,2026-09-29T20:11:17Z
2020,Kent State,Mid-American,kickReturnTDs,0,2026-09-29T20:11:17Z
2020,Kent State,Mid-American,kickReturnTDsOpponent,0,2026-09-29T20:11:17Z
2020,Kent State,Mid-American,kickReturnYards,207,2026-09-29T20:11:17Z
2020,Kent State,Mid-American,kickReturnYardsOpponent,412,2026-09-29T20:11:17Z
2020,Kent State,Mid-American,netPassingYards,1294,2026-09-29T20:11:17Z
2020,Kent State,Mid-American,netPassingYardsOpponent,648,2026-09-29T20:11:17Z
2020,Kent State,Mid-American,passAttempts,126,2026-09-29T20:11:17Z
2020,Kent State,Mid-American,passAttemptsOpponent,91,2026-09-29T20:11:17Z
2020,Kent State,Mid-American,passCompletions,90,2026-09-29T20:11:17Z
2020,Kent State,Mid-American,passCompletionsOpponent,47,2026-09-29T20:11:17Z
2020,Kent State,Mid-American,passesIntercepted,3,2026-09-29T20:11:17Z
2020,Kent State,Mid-American,passesInterceptedOpponent,2,2026-09-29T20:11:17Z
2020,Kent State,Mid-American,passingTDs,14,2026-09-29T20:11:17Z
2020,Kent State,Mid-American,passingTDsOpponent,2,2026-09-29T20:11:17Z
2020,Kent State,Mid-American,penalties,37,2026-09-29T20:11:17Z
2020,Kent State,Mid-American,penaltiesOpponent,26,2026-09-29T20:11:17Z
2020,Kent State,Mid-American,penaltyYards,325,2026-09-29T20:11:17Z
2020,Kent State,Mid-American,penaltyYardsOpponent,236,2026-09-29T20:11:17Z
2020,Kent State,Mid-American,possessionTime,6994,2026-09-29T20:11:17Z
2020,Kent State,Mid-American,possessionTimeOpponent,7196,2026-09-29T20:11:17Z
2020,Kent State,Mid-American,puntReturns,3,2026-09-29T20:11:17Z
2020,Kent State,Mid-American,puntReturnsOpponent,1,2026-09-29T20:11:17Z
2020,Kent State,Mid-American,puntReturnTDs,0,2026-09-29T20:11:17Z
2020,Kent State,Mid-American,puntReturnTDsOpponent,0,2026-09-29T20:11:17Z
2020,Kent State,Mid-American,puntReturnYards,10,2026-09-29T20:11:17Z
2020,Kent State,Mid-American,puntReturnYardsOpponent,-1,2026-09-29T20:11:17Z
2020,Kent State,Mid-American,rushingAttempts,199,2026-09-29T20:11:17Z
2020,Kent State,Mid-American,rushingAttemptsOpponent,170,2026-09-29T20:11:17Z
2020,Kent State,Mid-American,rushingTDs,13,2026-09-29T20:11:17Z
2020,Kent State,Mid-American,rushingTDsOpponent,18,2026-09-29T20:11:17Z
2020,Kent State,Mid-American,rushingYards,1132,2026-09-29T20:11:17Z
2020,Kent State,Mid-American,rushingYardsOpponent,1048,2026-09-29T20:11:17Z
2020,Kent State,Mid-American,sacks,11,2026-09-29T20:11:17Z
2020,Kent State,Mid-American,sacksOpponent,5,2026-09-29T20:11:17Z
2020,Kent State,Mid-American,tacklesForLoss,25,2026-09-29T20:11:17Z
2020,Kent State,Mid-American,tacklesForLossOpponent,21,2026-09-29T20:11:17Z
2020,Kent State,Mid-American,thirdDownConversions,32,2026-09-29T20:11:17Z
2020,Kent State,Mid-American,thirdDownConversionsOpponent,21,2026-09-29T20:11:17Z
2020,Kent State,Mid-American,thirdDowns,57,2026-09-29T20:11:17Z
2020,Kent State,Mid-American,thirdDownsOpponent,48,2026-09-29T20:11:17Z
2020,Kent State,Mid-American,totalYards,2426,2026-09-29T20:11:17Z
2020,Kent State,Mid-American,totalYardsOpponent,1696,2026-09-29T20:11:17Z
2020,Kent State,Mid-American,turnovers,4,2026-09-29T20:11:17Z
2020,Kent State,Mid-American,turnoversOpponent,5,2026-09-29T20:11:17Z
2020,Kentucky,SEC,firstDowns,190,2026-09-29T20:11:17Z
2020,Kentucky,SEC,firstDownsOpponent,243,2026-09-29T20:11:17Z
2020,Kentucky,SEC,fourthDownConversions,8,2026-09-29T20:11:17Z
2020,Kentucky,SEC,fourthDownConversionsOpponent,17,2026-09-29T20:11:17Z
2020,Kentucky,SEC,fourthDowns,17,2026-09-29T20:11:17Z
2020,Kentucky,SEC,fourthDownsOpponent,24,2026-09-29T20:11:17Z
2020,Kentucky,SEC,fumblesLost,7,2026-09-29T20:11:17Z
2020,Kentucky,SEC,fumblesLostOpponent,6,2026-09-29T20:11:17Z
2020,Kentucky,SEC,fumblesRecovered,6,2026-09-29T20:11:17Z
2020,Kentucky,SEC,fumblesRecoveredOpponent,7,2026-09-29T20:11:17Z
2020,Kentucky,SEC,games,11,2026-09-29T20:11:17Z
2020,Kentucky,SEC,interceptions,5,2026-09-29T20:11:17Z
2020,Kentucky,SEC,interceptionsOpponent,16,2026-09-29T20:11:17Z
2020,Kentucky,SEC,interceptionTDs,3,2026-09-29T20:11:17Z
2020,Kentucky,SEC,interceptionTDsOpponent,1,2026-09-29T20:11:17Z
2020,Kentucky,SEC,interceptionYards,252,2026-09-29T20:11:17Z
2020,Kentucky,SEC,interceptionYardsOpponent,97,2026-09-29T20:11:17Z
2020,Kentucky,SEC,kickReturns,16,2026-09-29T20:11:17Z
2020,Kentucky,SEC,kickReturnsOpponent,15,2026-09-29T20:11:17Z
2020,Kentucky,SEC,kickReturnTDs,0,2026-09-29T20:11:17Z
2020,Kentucky,SEC,kickReturnTDsOpponent,0,2026-09-29T20:11:17Z
2020,Kentucky,SEC,kickReturnYards,298,2026-09-29T20:11:17Z
2020,Kentucky,SEC,kickReturnYardsOpponent,375,2026-09-29T20:11:17Z
2020,Kentucky,SEC,netPassingYards,1340,2026-09-29T20:11:17Z
2020,Kentucky,SEC,netPassingYardsOpponent,2471,2026-09-29T20:11:17Z
2020,Kentucky,SEC,passAttempts,241,2026-09-29T20:11:17Z
2020,Kentucky,SEC,passAttemptsOpponent,356,2026-09-29T20:11:17Z
2020,Kentucky,SEC,passCompletions,143,2026-09-29T20:11:17Z
2020,Kentucky,SEC,passCompletionsOpponent,235,2026-09-29T20:11:17Z
2020,Kentucky,SEC,passesIntercepted,16,2026-09-29T20:11:17Z
2020,Kentucky,SEC,passesInterceptedOpponent,5,2026-09-29T20:11:17Z
2020,Kentucky,SEC,passingTDs,7,2026-09-29T20:11:17Z
2020,Kentucky,SEC,passingTDsOpponent,18,2026-09-29T20:11:17Z
2020,Kentucky,SEC,penalties,63,2026-09-29T20:11:17Z
2020,Kentucky,SEC,penaltiesOpponent,62,2026-09-29T20:11:17Z
2020,Kentucky,SEC,penaltyYards,616,2026-09-29T20:11:17Z
2020,Kentucky,SEC,penaltyYardsOpponent,521,2026-09-29T20:11:17Z
2020,Kentucky,SEC,possessionTime,20460,2026-09-29T20:11:17Z
2020,Kentucky,SEC,possessionTimeOpponent,19105,2026-09-29T20:11:17Z
2020,Kentucky,SEC,puntReturns,6,2026-09-29T20:11:17Z
2020,Kentucky,SEC,puntReturnsOpponent,13,2026-09-29T20:11:17Z
2020,Kentucky,SEC,puntReturnTDs,0,2026-09-29T20:11:17Z
2020,Kentucky,SEC,puntReturnTDsOpponent,1,2026-09-29T20:11:17Z
2020,Kentucky,SEC,puntReturnYards,62,2026-09-29T20:11:17Z
2020,Kentucky,SEC,puntReturnYardsOpponent,174,2026-09-29T20:11:17Z
2020,Kentucky,SEC,rushingAttempts,438,2026-09-29T20:11:17Z
2020,Kentucky,SEC,rushingAttemptsOpponent,408,2026-09-29T20:11:17Z
2020,Kentucky,SEC,rushingTDs,19,2026-09-29T20:11:17Z
2020,Kentucky,SEC,rushingTDsOpponent,18,2026-09-29T20:11:17Z
2020,Kentucky,SEC,rushingYards,2160,2026-09-29T20:11:17Z
2020,Kentucky,SEC,rushingYardsOpponent,1717,2026-09-29T20:11:17Z
2020,Kentucky,SEC,sacks,15,2026-09-29T20:11:17Z
2020,Kentucky,SEC,sacksOpponent,17,2026-09-29T20:11:17Z
2020,Kentucky,SEC,tacklesForLoss,54,2026-09-29T20:11:17Z
2020,Kentucky,SEC,tacklesForLossOpponent,46,2026-09-29T20:11:17Z
2020,Kentucky,SEC,thirdDownConversions,52,2026-09-29T20:11:17Z
2020,Kentucky,SEC,thirdDownConversionsOpponent,60,2026-09-29T20:11:17Z
2020,Kentucky,SEC,thirdDowns,142,2026-09-29T20:11:17Z
2020,Kentucky,SEC,thirdDownsOpponent,141,2026-09-29T20:11:17Z
2020,Kentucky,SEC,totalYards,3500,2026-09-29T20:11:17Z
2020,Kentucky,SEC,totalYardsOpponent,4188,2026-09-29T20:11:17Z
2020,Kentucky,SEC,turnovers,12,2026-09-29T20:11:17Z
2020,Kentucky,SEC,turnoversOpponent,22,2026-09-29T20:11:17Z
2020,Liberty,FBS Independents,firstDowns,273,2026-09-29T20:11:17Z
2020,Liberty,FBS Independents,firstDownsOpponent,190,2026-09-29T20:11:17Z
2020,Liberty,FBS Independents,fourthDownConversions,16,2026-09-29T20:11:17Z
2020,Liberty,FBS Independents,fourthDownConversionsOpponent,9,2026-09-29T20:11:17Z
2020,Liberty,FBS Independents,fourthDowns,21,2026-09-29T20:11:17Z
2020,Liberty,FBS Independents,fourthDownsOpponent,21,2026-09-29T20:11:17Z
2020,Liberty,FBS Independents,fumblesLost,9,2026-09-29T20:11:17Z
2020,Liberty,FBS Independents,fumblesLostOpponent,5,2026-09-29T20:11:17Z
2020,Liberty,FBS Independents,fumblesRecovered,5,2026-09-29T20:11:17Z
2020,Liberty,FBS Independents,fumblesRecoveredOpponent,9,2026-09-29T20:11:17Z
2020,Liberty,FBS Independents,games,11,2026-09-29T20:11:17Z
2020,Liberty,FBS Independents,interceptions,7,2026-09-29T20:11:17Z
2020,Liberty,FBS Independents,interceptionsOpponent,11,2026-09-29T20:11:17Z
2020,Liberty,FBS Independents,interceptionTDs,0,2026-09-29T20:11:17Z
2020,Liberty,FBS Independents,interceptionTDsOpponent,0,2026-09-29T20:11:17Z
2020,Liberty,FBS Independents,interceptionYards,127,2026-09-29T20:11:17Z
2020,Liberty,FBS Independents,interceptionYardsOpponent,60,2026-09-29T20:11:17Z
2020,Liberty,FBS Independents,kickReturns,20,2026-09-29T20:11:17Z
2020,Liberty,FBS Independents,kickReturnsOpponent,45,2026-09-29T20:11:17Z
2020,Liberty,FBS Independents,kickReturnTDs,0,2026-09-29T20:11:17Z
2020,Liberty,FBS Independents,kickReturnTDsOpponent,1,2026-09-29T20:11:17Z
2020,Liberty,FBS Independents,kickReturnYards,424,2026-09-29T20:11:17Z
2020,Liberty,FBS Independents,kickReturnYardsOpponent,910,2026-09-29T20:11:17Z
2020,Liberty,FBS Independents,netPassingYards,2526,2026-09-29T20:11:17Z
2020,Liberty,FBS Independents,netPassingYardsOpponent,2046,2026-09-29T20:11:17Z
2020,Liberty,FBS Independents,passAttempts,306,2026-09-29T20:11:17Z
2020,Liberty,FBS Independents,passAttemptsOpponent,312,2026-09-29T20:11:17Z
2020,Liberty,FBS Independents,passCompletions,192,2026-09-29T20:11:17Z
2020,Liberty,FBS Independents,passCompletionsOpponent,180,2026-09-29T20:11:17Z
2020,Liberty,FBS Independents,passesIntercepted,11,2026-09-29T20:11:17Z
2020,Liberty,FBS Independents,passesInterceptedOpponent,7,2026-09-29T20:11:17Z
2020,Liberty,FBS Independents,passingTDs,25,2026-09-29T20:11:17Z
2020,Liberty,FBS Independents,passingTDsOpponent,17,2026-09-29T20:11:17Z
2020,Liberty,FBS Independents,penalties,65,2026-09-29T20:11:17Z
2020,Liberty,FBS Independents,penaltiesOpponent,85,2026-09-29T20:11:17Z
2020,Liberty,FBS Independents,penaltyYards,609,2026-09-29T20:11:17Z
2020,Liberty,FBS Independents,penaltyYardsOpponent,702,2026-09-29T20:11:17Z
2020,Liberty,FBS Independents,possessionTime,21321,2026-09-29T20:11:17Z
2020,Liberty,FBS Independents,possessionTimeOpponent,18037,2026-09-29T20:11:17Z
2020,Liberty,FBS Independents,puntReturns,15,2026-09-29T20:11:17Z
2020,Liberty,FBS Independents,puntReturnsOpponent,6,2026-09-29T20:11:17Z
2020,Liberty,FBS Independents,puntReturnTDs,1,2026-09-29T20:11:17Z
2020,Liberty,FBS Independents,puntReturnTDsOpponent,0,2026-09-29T20:11:17Z
2020,Liberty,FBS Independents,puntReturnYards,166,2026-09-29T20:11:17Z
2020,Liberty,FBS Independents,puntReturnYardsOpponent,39,2026-09-29T20:11:17Z
2020,Liberty,FBS Independents,rushingAttempts,482,2026-09-29T20:11:17Z
2020,Liberty,FBS Independents,rushingAttemptsOpponent,354,2026-09-29T20:11:17Z
2020,Liberty,FBS Independents,rushingTDs,27,2026-09-29T20:11:17Z
2020,Liberty,FBS Independents,rushingTDsOpponent,12,2026-09-29T20:11:17Z
2020,Liberty,FBS Independents,rushingYards,2779,2026-09-29T20:11:17Z
2020,Liberty,FBS Independents,rushingYardsOpponent,1448,2026-09-29T20:11:17Z
2020,Liberty,FBS Independents,sacks,26,2026-09-29T20:11:17Z
2020,Liberty,FBS Independents,sacksOpponent,22,2026-09-29T20:11:17Z
2020,Liberty,FBS Independents,tacklesForLoss,59,2026-09-29T20:11:17Z
2020,Liberty,FBS Independents,tacklesForLossOpponent,70,2026-09-29T20:11:17Z
2020,Liberty,FBS Independents,thirdDownConversions,71,2026-09-29T20:11:17Z
2020,Liberty,FBS Independents,thirdDownConversionsOpponent,45,2026-09-29T20:11:17Z
2020,Liberty,FBS Independents,thirdDowns,147,2026-09-29T20:11:17Z
2020,Liberty,FBS Independents,thirdDownsOpponent,141,2026-09-29T20:11:17Z
2020,Liberty,FBS Independents,totalYards,5305,2026-09-29T20:11:17Z
2020,Liberty,FBS Independents,totalYardsOpponent,3494,2026-09-29T20:11:17Z
2020,Liberty,FBS Independents,turnovers,16,2026-09-29T20:11:17Z
2020,Liberty,FBS Independents,turnoversOpponent,16,2026-09-29T20:11:17Z
2020,Louisiana,Sun Belt,firstDowns,231,2026-09-29T20:11:17Z
2020,Louisiana,Sun Belt,firstDownsOpponent,234,2026-09-29T20:11:17Z
2020,Louisiana,Sun Belt,fourthDownConversions,11,2026-09-29T20:11:17Z
2020,Louisiana,Sun Belt,fourthDownConversionsOpponent,15,2026-09-29T20:11:17Z
2020,Louisiana,Sun Belt,fourthDowns,26,2026-09-29T20:11:17Z
2020,Louisiana,Sun Belt,fourthDownsOpponent,27,2026-09-29T20:11:17Z
2020,Louisiana,Sun Belt,fumblesLost,6,2026-09-29T20:11:17Z
2020,Louisiana,Sun Belt,fumblesLostOpponent,7,2026-09-29T20:11:17Z
2020,Louisiana,Sun Belt,fumblesRecovered,7,2026-09-29T20:11:17Z
2020,Louisiana,Sun Belt,fumblesRecoveredOpponent,6,2026-09-29T20:11:17Z
2020,Louisiana,Sun Belt,games,11,2026-09-29T20:11:17Z
2020,Louisiana,Sun Belt,interceptions,7,2026-09-29T20:11:17Z
2020,Louisiana,Sun Belt,interceptionsOpponent,16,2026-09-29T20:11:17Z
2020,Louisiana,Sun Belt,interceptionTDs,1,2026-09-29T20:11:17Z
2020,Louisiana,Sun Belt,interceptionTDsOpponent,0,2026-09-29T20:11:17Z
2020,Louisiana,Sun Belt,interceptionYards,175,2026-09-29T20:11:17Z
2020,Louisiana,Sun Belt,interceptionYardsOpponent,67,2026-09-29T20:11:17Z
2020,Louisiana,Sun Belt,kickReturns,35,2026-09-29T20:11:17Z
2020,Louisiana,Sun Belt,kickReturnsOpponent,38,2026-09-29T20:11:17Z
2020,Louisiana,Sun Belt,kickReturnTDs,2,2026-09-29T20:11:17Z
2020,Louisiana,Sun Belt,kickReturnTDsOpponent,0,2026-09-29T20:11:17Z
2020,Louisiana,Sun Belt,kickReturnYards,810,2026-09-29T20:11:17Z
2020,Louisiana,Sun Belt,kickReturnYardsOpponent,678,2026-09-29T20:11:17Z
2020,Louisiana,Sun Belt,netPassingYards,2290,2026-09-29T20:11:17Z
2020,Louisiana,Sun Belt,netPassingYardsOpponent,1877,2026-09-29T20:11:17Z
2020,Louisiana,Sun Belt,passAttempts,308,2026-09-29T20:11:17Z
2020,Louisiana,Sun Belt,passAttemptsOpponent,324,2026-09-29T20:11:17Z
2020,Louisiana,Sun Belt,passCompletions,179,2026-09-29T20:11:17Z
2020,Louisiana,Sun Belt,passCompletionsOpponent,168,2026-09-29T20:11:17Z
2020,Louisiana,Sun Belt,passesIntercepted,16,2026-09-29T20:11:17Z
2020,Louisiana,Sun Belt,passesInterceptedOpponent,7,2026-09-29T20:11:17Z
2020,Louisiana,Sun Belt,passingTDs,20,2026-09-29T20:11:17Z
2020,Louisiana,Sun Belt,passingTDsOpponent,10,2026-09-29T20:11:17Z
2020,Louisiana,Sun Belt,penalties,68,2026-09-29T20:11:17Z
2020,Louisiana,Sun Belt,penaltiesOpponent,56,2026-09-29T20:11:17Z
2020,Louisiana,Sun Belt,penaltyYards,674,2026-09-29T20:11:17Z
2020,Louisiana,Sun Belt,penaltyYardsOpponent,447,2026-09-29T20:11:17Z
2020,Louisiana,Sun Belt,possessionTime,18981,2026-09-29T20:11:17Z
2020,Louisiana,Sun Belt,possessionTimeOpponent,20548,2026-09-29T20:11:17Z
2020,Louisiana,Sun Belt,puntReturns,23,2026-09-29T20:11:17Z
2020,Louisiana,Sun Belt,puntReturnsOpponent,17,2026-09-29T20:11:17Z
2020,Louisiana,Sun Belt,puntReturnTDs,1,2026-09-29T20:11:17Z
2020,Louisiana,Sun Belt,puntReturnTDsOpponent,0,2026-09-29T20:11:17Z
2020,Louisiana,Sun Belt,puntReturnYards,171,2026-09-29T20:11:17Z
2020,Louisiana,Sun Belt,puntReturnYardsOpponent,99,2026-09-29T20:11:17Z
2020,Louisiana,Sun Belt,rushingAttempts,429,2026-09-29T20:11:17Z
2020,Louisiana,Sun Belt,rushingAttemptsOpponent,471,2026-09-29T20:11:17Z
2020,Louisiana,Sun Belt,rushingTDs,25,2026-09-29T20:11:17Z
2020,Louisiana,Sun Belt,rushingTDsOpponent,19,2026-09-29T20:11:17Z
2020,Louisiana,Sun Belt,rushingYards,2345,2026-09-29T20:11:17Z
2020,Louisiana,Sun Belt,rushingYardsOpponent,2032,2026-09-29T20:11:17Z
2020,Louisiana,Sun Belt,sacks,18,2026-09-29T20:11:17Z
2020,Louisiana,Sun Belt,sacksOpponent,8,2026-09-29T20:11:17Z
2020,Louisiana,Sun Belt,tacklesForLoss,47,2026-09-29T20:11:17Z
2020,Louisiana,Sun Belt,tacklesForLossOpponent,40,2026-09-29T20:11:17Z
2020,Louisiana,Sun Belt,thirdDownConversions,59,2026-09-29T20:11:17Z
2020,Louisiana,Sun Belt,thirdDownConversionsOpponent,74,2026-09-29T20:11:17Z
2020,Louisiana,Sun Belt,thirdDowns,138,2026-09-29T20:11:17Z
2020,Louisiana,Sun Belt,thirdDownsOpponent,170,2026-09-29T20:11:17Z
2020,Louisiana,Sun Belt,totalYards,4635,2026-09-29T20:11:17Z
2020,Louisiana,Sun Belt,totalYardsOpponent,3909,2026-09-29T20:11:17Z
2020,Louisiana,Sun Belt,turnovers,13,2026-09-29T20:11:17Z
2020,Louisiana,Sun Belt,turnoversOpponent,23,2026-09-29T20:11:17Z
2020,Louisiana Tech,Conference USA,firstDowns,198,2026-09-29T20:11:17Z
2020,Louisiana Tech,Conference USA,firstDownsOpponent,207,2026-09-29T20:11:17Z
2020,Louisiana Tech,Conference USA,fourthDownConversions,16,2026-09-29T20:11:17Z
2020,Louisiana Tech,Conference USA,fourthDownConversionsOpponent,11,2026-09-29T20:11:17Z
2020,Louisiana Tech,Conference USA,fourthDowns,18,2026-09-29T20:11:17Z
2020,Louisiana Tech,Conference USA,fourthDownsOpponent,20,2026-09-29T20:11:17Z
2020,Louisiana Tech,Conference USA,fumblesLost,2,2026-09-29T20:11:17Z
2020,Louisiana Tech,Conference USA,fumblesLostOpponent,5,2026-09-29T20:11:17Z
2020,Louisiana Tech,Conference USA,fumblesRecovered,5,2026-09-29T20:11:17Z
2020,Louisiana Tech,Conference USA,fumblesRecoveredOpponent,2,2026-09-29T20:11:17Z
2020,Louisiana Tech,Conference USA,games,10,2026-09-29T20:11:17Z
2020,Louisiana Tech,Conference USA,interceptions,14,2026-09-29T20:11:17Z
2020,Louisiana Tech,Conference USA,interceptionsOpponent,9,2026-09-29T20:11:17Z
2020,Louisiana Tech,Conference USA,interceptionTDs,1,2026-09-29T20:11:17Z
2020,Louisiana Tech,Conference USA,interceptionTDsOpponent,0,2026-09-29T20:11:17Z
2020,Louisiana Tech,Conference USA,interceptionYards,207,2026-09-29T20:11:17Z
2020,Louisiana Tech,Conference USA,interceptionYardsOpponent,152,2026-09-29T20:11:17Z
2020,Louisiana Tech,Conference USA,kickReturns,43,2026-09-29T20:11:17Z
2020,Louisiana Tech,Conference USA,kickReturnsOpponent,26,2026-09-29T20:11:17Z
2020,Louisiana Tech,Conference USA,kickReturnTDs,0,2026-09-29T20:11:17Z
2020,Louisiana Tech,Conference USA,kickReturnTDsOpponent,1,2026-09-29T20:11:17Z
2020,Louisiana Tech,Conference USA,kickReturnYards,854,2026-09-29T20:11:17Z
2020,Louisiana Tech,Conference USA,kickReturnYardsOpponent,682,2026-09-29T20:11:17Z
2020,Louisiana Tech,Conference USA,netPassingYards,2166,2026-09-29T20:11:17Z
2020,Louisiana Tech,Conference USA,netPassingYardsOpponent,2266,2026-09-29T20:11:17Z
2020,Louisiana Tech,Conference USA,passAttempts,359,2026-09-29T20:11:17Z
2020,Louisiana Tech,Conference USA,passAttemptsOpponent,291,2026-09-29T20:11:17Z
2020,Louisiana Tech,Conference USA,passCompletions,221,2026-09-29T20:11:17Z
2020,Louisiana Tech,Conference USA,passCompletionsOpponent,186,2026-09-29T20:11:17Z
2020,Louisiana Tech,Conference USA,passesIntercepted,9,2026-09-29T20:11:17Z
2020,Louisiana Tech,Conference USA,passesInterceptedOpponent,14,2026-09-29T20:11:17Z
2020,Louisiana Tech,Conference USA,passingTDs,21,2026-09-29T20:11:17Z
2020,Louisiana Tech,Conference USA,passingTDsOpponent,18,2026-09-29T20:11:17Z
2020,Louisiana Tech,Conference USA,penalties,50,2026-09-29T20:11:17Z
2020,Louisiana Tech,Conference USA,penaltiesOpponent,82,2026-09-29T20:11:17Z
2020,Louisiana Tech,Conference USA,penaltyYards,456,2026-09-29T20:11:17Z
2020,Louisiana Tech,Conference USA,penaltyYardsOpponent,740,2026-09-29T20:11:17Z
2020,Louisiana Tech,Conference USA,possessionTime,18162,2026-09-29T20:11:17Z
2020,Louisiana Tech,Conference USA,possessionTimeOpponent,17130,2026-09-29T20:11:17Z
2020,Louisiana Tech,Conference USA,puntReturns,9,2026-09-29T20:11:17Z
2020,Louisiana Tech,Conference USA,puntReturnsOpponent,18,2026-09-29T20:11:17Z
2020,Louisiana Tech,Conference USA,puntReturnTDs,0,2026-09-29T20:11:17Z
2020,Louisiana Tech,Conference USA,puntReturnTDsOpponent,0,2026-09-29T20:11:17Z
2020,Louisiana Tech,Conference USA,puntReturnYards,177,2026-09-29T20:11:17Z
2020,Louisiana Tech,Conference USA,puntReturnYardsOpponent,46,2026-09-29T20:11:17Z
2020,Louisiana Tech,Conference USA,rushingAttempts,342,2026-09-29T20:11:17Z
2020,Louisiana Tech,Conference USA,rushingAttemptsOpponent,406,2026-09-29T20:11:17Z
2020,Louisiana Tech,Conference USA,rushingTDs,10,2026-09-29T20:11:17Z
2020,Louisiana Tech,Conference USA,rushingTDsOpponent,26,2026-09-29T20:11:17Z
2020,Louisiana Tech,Conference USA,rushingYards,992,2026-09-29T20:11:17Z
2020,Louisiana Tech,Conference USA,rushingYardsOpponent,1992,2026-09-29T20:11:17Z
2020,Louisiana Tech,Conference USA,sacks,17,2026-09-29T20:11:17Z
2020,Louisiana Tech,Conference USA,sacksOpponent,29,2026-09-29T20:11:17Z
2020,Louisiana Tech,Conference USA,tacklesForLoss,52,2026-09-29T20:11:17Z
2020,Louisiana Tech,Conference USA,tacklesForLossOpponent,73,2026-09-29T20:11:17Z
2020,Louisiana Tech,Conference USA,thirdDownConversions,60,2026-09-29T20:11:17Z
2020,Louisiana Tech,Conference USA,thirdDownConversionsOpponent,67,2026-09-29T20:11:17Z
2020,Louisiana Tech,Conference USA,thirdDowns,154,2026-09-29T20:11:17Z
2020,Louisiana Tech,Conference USA,thirdDownsOpponent,141,2026-09-29T20:11:17Z
2020,Louisiana Tech,Conference USA,totalYards,3158,2026-09-29T20:11:17Z
2020,Louisiana Tech,Conference USA,totalYardsOpponent,4258,2026-09-29T20:11:17Z
2020,Louisiana Tech,Conference USA,turnovers,16,2026-09-29T20:11:17Z
2020,Louisiana Tech,Conference USA,turnoversOpponent,14,2026-09-29T20:11:17Z
2020,Louisville,ACC,firstDowns,229,2026-09-29T20:11:17Z
2020,Louisville,ACC,firstDownsOpponent,200,2026-09-29T20:11:17Z
2020,Louisville,ACC,fourthDownConversions,13,2026-09-29T20:11:17Z
2020,Louisville,ACC,fourthDownConversionsOpponent,8,2026-09-29T20:11:17Z
2020,Louisville,ACC,fourthDowns,24,2026-09-29T20:11:17Z
2020,Louisville,ACC,fourthDownsOpponent,20,2026-09-29T20:11:17Z
2020,Louisville,ACC,fumblesLost,12,2026-09-29T20:11:17Z
2020,Louisville,ACC,fumblesLostOpponent,7,2026-09-29T20:11:17Z
2020,Louisville,ACC,fumblesRecovered,7,2026-09-29T20:11:17Z
2020,Louisville,ACC,fumblesRecoveredOpponent,12,2026-09-29T20:11:17Z
2020,Louisville,ACC,games,11,2026-09-29T20:11:17Z
2020,Louisville,ACC,interceptions,12,2026-09-29T20:11:17Z
2020,Louisville,ACC,interceptionsOpponent,5,2026-09-29T20:11:17Z
2020,Louisville,ACC,interceptionTDs,0,2026-09-29T20:11:17Z
2020,Louisville,ACC,interceptionTDsOpponent,1,2026-09-29T20:11:17Z
2020,Louisville,ACC,interceptionYards,54,2026-09-29T20:11:17Z
2020,Louisville,ACC,interceptionYardsOpponent,143,2026-09-29T20:11:17Z
2020,Louisville,ACC,kickReturns,33,2026-09-29T20:11:17Z
2020,Louisville,ACC,kickReturnsOpponent,38,2026-09-29T20:11:17Z
2020,Louisville,ACC,kickReturnTDs,0,2026-09-29T20:11:17Z
2020,Louisville,ACC,kickReturnTDsOpponent,0,2026-09-29T20:11:17Z
2020,Louisville,ACC,kickReturnYards,661,2026-09-29T20:11:17Z
2020,Louisville,ACC,kickReturnYardsOpponent,702,2026-09-29T20:11:17Z
2020,Louisville,ACC,netPassingYards,2686,2026-09-29T20:11:17Z
2020,Louisville,ACC,netPassingYardsOpponent,2082,2026-09-29T20:11:17Z
2020,Louisville,ACC,passAttempts,315,2026-09-29T20:11:17Z
2020,Louisville,ACC,passAttemptsOpponent,289,2026-09-29T20:11:17Z
2020,Louisville,ACC,passCompletions,202,2026-09-29T20:11:17Z
2020,Louisville,ACC,passCompletionsOpponent,155,2026-09-29T20:11:17Z
2020,Louisville,ACC,passesIntercepted,5,2026-09-29T20:11:17Z
2020,Louisville,ACC,passesInterceptedOpponent,12,2026-09-29T20:11:17Z
2020,Louisville,ACC,passingTDs,20,2026-09-29T20:11:17Z
2020,Louisville,ACC,passingTDsOpponent,15,2026-09-29T20:11:17Z
2020,Louisville,ACC,penalties,69,2026-09-29T20:11:17Z
2020,Louisville,ACC,penaltiesOpponent,68,2026-09-29T20:11:17Z
2020,Louisville,ACC,penaltyYards,577,2026-09-29T20:11:17Z
2020,Louisville,ACC,penaltyYardsOpponent,551,2026-09-29T20:11:17Z
2020,Louisville,ACC,possessionTime,20775,2026-09-29T20:11:17Z
2020,Louisville,ACC,possessionTimeOpponent,18711,2026-09-29T20:11:17Z
2020,Louisville,ACC,puntReturns,7,2026-09-29T20:11:17Z
2020,Louisville,ACC,puntReturnsOpponent,6,2026-09-29T20:11:17Z
2020,Louisville,ACC,puntReturnTDs,0,2026-09-29T20:11:17Z
2020,Louisville,ACC,puntReturnTDsOpponent,0,2026-09-29T20:11:17Z
2020,Louisville,ACC,puntReturnYards,22,2026-09-29T20:11:17Z
2020,Louisville,ACC,puntReturnYardsOpponent,67,2026-09-29T20:11:17Z
2020,Louisville,ACC,rushingAttempts,420,2026-09-29T20:11:17Z
2020,Louisville,ACC,rushingAttemptsOpponent,413,2026-09-29T20:11:17Z
2020,Louisville,ACC,rushingTDs,21,2026-09-29T20:11:17Z
2020,Louisville,ACC,rushingTDsOpponent,19,2026-09-29T20:11:17Z
2020,Louisville,ACC,rushingYards,2199,2026-09-29T20:11:17Z
2020,Louisville,ACC,rushingYardsOpponent,1982,2026-09-29T20:11:17Z
2020,Louisville,ACC,sacks,21,2026-09-29T20:11:17Z
2020,Louisville,ACC,sacksOpponent,27,2026-09-29T20:11:17Z
2020,Louisville,ACC,tacklesForLoss,62,2026-09-29T20:11:17Z
2020,Louisville,ACC,tacklesForLossOpponent,91,2026-09-29T20:11:17Z
2020,Louisville,ACC,thirdDownConversions,64,2026-09-29T20:11:17Z
2020,Louisville,ACC,thirdDownConversionsOpponent,59,2026-09-29T20:11:17Z
2020,Louisville,ACC,thirdDowns,143,2026-09-29T20:11:17Z
2020,Louisville,ACC,thirdDownsOpponent,149,2026-09-29T20:11:17Z
2020,Louisville,ACC,totalYards,4885,2026-09-29T20:11:17Z
2020,Louisville,ACC,totalYardsOpponent,4064,2026-09-29T20:11:17Z
2020,Louisville,ACC,turnovers,24,2026-09-29T20:11:17Z
2020,Louisville,ACC,turnoversOpponent,12,2026-09-29T20:11:17Z
2020,LSU,SEC,firstDowns,235,2026-09-29T20:11:17Z
2020,LSU,SEC,firstDownsOpponent,219,2026-09-29T20:11:17Z
2020,LSU,SEC,fourthDownConversions,12,2026-09-29T20:11:17Z
2020,LSU,SEC,fourthDownConversionsOpponent,6,2026-09-29T20:11:17Z
2020,LSU,SEC,fourthDowns,17,2026-09-29T20:11:17Z
2020,LSU,SEC,fourthDownsOpponent,12,2026-09-29T20:11:17Z
2020,LSU,SEC,fumblesLost,4,2026-09-29T20:11:17Z
2020,LSU,SEC,fumblesLostOpponent,9,2026-09-29T20:11:17Z
2020,LSU,SEC,fumblesRecovered,9,2026-09-29T20:11:17Z
2020,LSU,SEC,fumblesRecoveredOpponent,4,2026-09-29T20:11:17Z
2020,LSU,SEC,games,10,2026-09-29T20:11:17Z
2020,LSU,SEC,interceptions,9,2026-09-29T20:11:17Z
2020,LSU,SEC,interceptionsOpponent,13,2026-09-29T20:11:17Z
2020,LSU,SEC,interceptionTDs,4,2026-09-29T20:11:17Z
2020,LSU,SEC,interceptionTDsOpponent,1,2026-09-29T20:11:17Z
2020,LSU,SEC,interceptionYards,258,2026-09-29T20:11:17Z
2020,LSU,SEC,interceptionYardsOpponent,141,2026-09-29T20:11:17Z
2020,LSU,SEC,kickReturns,13,2026-09-29T20:11:17Z
2020,LSU,SEC,kickReturnsOpponent,6,2026-09-29T20:11:17Z
2020,LSU,SEC,kickReturnTDs,1,2026-09-29T20:11:17Z
2020,LSU,SEC,kickReturnTDsOpponent,0,2026-09-29T20:11:17Z
2020,LSU,SEC,kickReturnYards,320,2026-09-29T20:11:17Z
2020,LSU,SEC,kickReturnYardsOpponent,169,2026-09-29T20:11:17Z
2020,LSU,SEC,netPassingYards,3121,2026-09-29T20:11:17Z
2020,LSU,SEC,netPassingYardsOpponent,3229,2026-09-29T20:11:17Z
2020,LSU,SEC,passAttempts,421,2026-09-29T20:11:17Z
2020,LSU,SEC,passAttemptsOpponent,332,2026-09-29T20:11:17Z
2020,LSU,SEC,passCompletions,247,2026-09-29T20:11:17Z
2020,LSU,SEC,passCompletionsOpponent,198,2026-09-29T20:11:17Z
2020,LSU,SEC,passesIntercepted,14,2026-09-29T20:11:17Z
2020,LSU,SEC,passesInterceptedOpponent,9,2026-09-29T20:11:17Z
2020,LSU,SEC,passingTDs,24,2026-09-29T20:11:17Z
2020,LSU,SEC,passingTDsOpponent,24,2026-09-29T20:11:17Z
2020,LSU,SEC,penalties,61,2026-09-29T20:11:17Z
2020,LSU,SEC,penaltiesOpponent,57,2026-09-29T20:11:17Z
2020,LSU,SEC,penaltyYards,462,2026-09-29T20:11:17Z
2020,LSU,SEC,penaltyYardsOpponent,435,2026-09-29T20:11:17Z
2020,LSU,SEC,possessionTime,18560,2026-09-29T20:11:17Z
2020,LSU,SEC,possessionTimeOpponent,16988,2026-09-29T20:11:17Z
2020,LSU,SEC,puntReturns,12,2026-09-29T20:11:17Z
2020,LSU,SEC,puntReturnsOpponent,10,2026-09-29T20:11:17Z
2020,LSU,SEC,puntReturnTDs,0,2026-09-29T20:11:17Z
2020,LSU,SEC,puntReturnTDsOpponent,0,2026-09-29T20:11:17Z
2020,LSU,SEC,puntReturnYards,113,2026-09-29T20:11:17Z
2020,LSU,SEC,puntReturnYardsOpponent,77,2026-09-29T20:11:17Z
2020,LSU,SEC,rushingAttempts,362,2026-09-29T20:11:17Z
2020,LSU,SEC,rushingAttemptsOpponent,346,2026-09-29T20:11:17Z
2020,LSU,SEC,rushingTDs,8,2026-09-29T20:11:17Z
2020,LSU,SEC,rushingTDsOpponent,18,2026-09-29T20:11:17Z
2020,LSU,SEC,rushingYards,1219,2026-09-29T20:11:17Z
2020,LSU,SEC,rushingYardsOpponent,1690,2026-09-29T20:11:17Z
2020,LSU,SEC,sacks,24,2026-09-29T20:11:17Z
2020,LSU,SEC,sacksOpponent,24,2026-09-29T20:11:17Z
2020,LSU,SEC,tacklesForLoss,62,2026-09-29T20:11:17Z
2020,LSU,SEC,tacklesForLossOpponent,46,2026-09-29T20:11:17Z
2020,LSU,SEC,thirdDownConversions,52,2026-09-29T20:11:17Z
2020,LSU,SEC,thirdDownConversionsOpponent,47,2026-09-29T20:11:17Z
2020,LSU,SEC,thirdDowns,155,2026-09-29T20:11:17Z
2020,LSU,SEC,thirdDownsOpponent,126,2026-09-29T20:11:17Z
2020,LSU,SEC,totalYards,4340,2026-09-29T20:11:17Z
2020,LSU,SEC,totalYardsOpponent,4919,2026-09-29T20:11:17Z
2020,LSU,SEC,turnovers,13,2026-09-29T20:11:17Z
2020,LSU,SEC,turnoversOpponent,22,2026-09-29T20:11:17Z
2020,Marshall,Conference USA,firstDowns,221,2026-09-29T20:11:17Z
2020,Marshall,Conference USA,firstDownsOpponent,170,2026-09-29T20:11:17Z
2020,Marshall,Conference USA,fourthDownConversions,8,2026-09-29T20:11:17Z
2020,Marshall,Conference USA,fourthDownConversionsOpponent,8,2026-09-29T20:11:17Z
2020,Marshall,Conference USA,fourthDowns,21,2026-09-29T20:11:17Z
2020,Marshall,Conference USA,fourthDownsOpponent,16,2026-09-29T20:11:17Z
2020,Marshall,Conference USA,fumblesLost,2,2026-09-29T20:11:17Z
2020,Marshall,Conference USA,fumblesLostOpponent,10,2026-09-29T20:11:17Z
2020,Marshall,Conference USA,fumblesRecovered,10,2026-09-29T20:11:17Z
2020,Marshall,Conference USA,fumblesRecoveredOpponent,2,2026-09-29T20:11:17Z
2020,Marshall,Conference USA,games,10,2026-09-29T20:11:17Z
2020,Marshall,Conference USA,interceptions,10,2026-09-29T20:11:17Z
2020,Marshall,Conference USA,interceptionsOpponent,5,2026-09-29T20:11:17Z
2020,Marshall,Conference USA,interceptionTDs,0,2026-09-29T20:11:17Z
2020,Marshall,Conference USA,interceptionTDsOpponent,1,2026-09-29T20:11:17Z
2020,Marshall,Conference USA,interceptionYards,4,2026-09-29T20:11:17Z
2020,Marshall,Conference USA,interceptionYardsOpponent,77,2026-09-29T20:11:17Z
2020,Marshall,Conference USA,kickReturns,22,2026-09-29T20:11:17Z
2020,Marshall,Conference USA,kickReturnsOpponent,29,2026-09-29T20:11:17Z
2020,Marshall,Conference USA,kickReturnTDs,0,2026-09-29T20:11:17Z
2020,Marshall,Conference USA,kickReturnTDsOpponent,0,2026-09-29T20:11:17Z
2020,Marshall,Conference USA,kickReturnYards,417,2026-09-29T20:11:17Z
2020,Marshall,Conference USA,kickReturnYardsOpponent,464,2026-09-29T20:11:17Z
2020,Marshall,Conference USA,netPassingYards,2129,2026-09-29T20:11:17Z
2020,Marshall,Conference USA,netPassingYardsOpponent,1839,2026-09-29T20:11:17Z
2020,Marshall,Conference USA,passAttempts,281,2026-09-29T20:11:17Z
2020,Marshall,Conference USA,passAttemptsOpponent,292,2026-09-29T20:11:17Z
2020,Marshall,Conference USA,passCompletions,171,2026-09-29T20:11:17Z
2020,Marshall,Conference USA,passCompletionsOpponent,182,2026-09-29T20:11:17Z
2020,Marshall,Conference USA,passesIntercepted,5,2026-09-29T20:11:17Z
2020,Marshall,Conference USA,passesInterceptedOpponent,10,2026-09-29T20:11:17Z
2020,Marshall,Conference USA,passingTDs,19,2026-09-29T20:11:17Z
2020,Marshall,Conference USA,passingTDsOpponent,8,2026-09-29T20:11:17Z
2020,Marshall,Conference USA,penalties,60,2026-09-29T20:11:17Z
2020,Marshall,Conference USA,penaltiesOpponent,54,2026-09-29T20:11:17Z
2020,Marshall,Conference USA,penaltyYards,627,2026-09-29T20:11:17Z
2020,Marshall,Conference USA,penaltyYardsOpponent,496,2026-09-29T20:11:17Z
2020,Marshall,Conference USA,possessionTime,17884,2026-09-29T20:11:17Z
2020,Marshall,Conference USA,possessionTimeOpponent,17897,2026-09-29T20:11:17Z
2020,Marshall,Conference USA,puntReturns,21,2026-09-29T20:11:17Z
2020,Marshall,Conference USA,puntReturnsOpponent,10,2026-09-29T20:11:17Z
2020,Marshall,Conference USA,puntReturnTDs,0,2026-09-29T20:11:17Z
2020,Marshall,Conference USA,puntReturnTDsOpponent,0,2026-09-29T20:11:17Z
2020,Marshall,Conference USA,puntReturnYards,175,2026-09-29T20:11:17Z
2020,Marshall,Conference USA,puntReturnYardsOpponent,56,2026-09-29T20:11:17Z
2020,Marshall,Conference USA,rushingAttempts,387,2026-09-29T20:11:17Z
2020,Marshall,Conference USA,rushingAttemptsOpponent,341,2026-09-29T20:11:17Z
2020,Marshall,Conference USA,rushingTDs,18,2026-09-29T20:11:17Z
2020,Marshall,Conference USA,rushingTDsOpponent,6,2026-09-29T20:11:17Z
2020,Marshall,Conference USA,rushingYards,1784,2026-09-29T20:11:17Z
2020,Marshall,Conference USA,rushingYardsOpponent,952,2026-09-29T20:11:17Z
2020,Marshall,Conference USA,sacks,24,2026-09-29T20:11:17Z
2020,Marshall,Conference USA,sacksOpponent,12,2026-09-29T20:11:17Z
2020,Marshall,Conference USA,tacklesForLoss,48,2026-09-29T20:11:17Z
2020,Marshall,Conference USA,tacklesForLossOpponent,35,2026-09-29T20:11:17Z
2020,Marshall,Conference USA,thirdDownConversions,58,2026-09-29T20:11:17Z
2020,Marshall,Conference USA,thirdDownConversionsOpponent,47,2026-09-29T20:11:17Z
2020,Marshall,Conference USA,thirdDowns,128,2026-09-29T20:11:17Z
2020,Marshall,Conference USA,thirdDownsOpponent,138,2026-09-29T20:11:17Z
2020,Marshall,Conference USA,totalYards,3913,2026-09-29T20:11:17Z
2020,Marshall,Conference USA,totalYardsOpponent,2791,2026-09-29T20:11:17Z
2020,Marshall,Conference USA,turnovers,12,2026-09-29T20:11:17Z
2020,Marshall,Conference USA,turnoversOpponent,15,2026-09-29T20:11:17Z
2020,Maryland,Big Ten,firstDowns,90,2026-09-29T20:11:17Z
2020,Maryland,Big Ten,firstDownsOpponent,125,2026-09-29T20:11:17Z
2020,Maryland,Big Ten,fourthDownConversions,1,2026-09-29T20:11:17Z
2020,Maryland,Big Ten,fourthDownConversionsOpponent,8,2026-09-29T20:11:17Z
2020,Maryland,Big Ten,fourthDowns,1,2026-09-29T20:11:17Z
2020,Maryland,Big Ten,fourthDownsOpponent,12,2026-09-29T20:11:17Z
2020,Maryland,Big Ten,fumblesLost,2,2026-09-29T20:11:17Z
2020,Maryland,Big Ten,fumblesLostOpponent,2,2026-09-29T20:11:17Z
2020,Maryland,Big Ten,fumblesRecovered,2,2026-09-29T20:11:17Z
2020,Maryland,Big Ten,fumblesRecoveredOpponent,2,2026-09-29T20:11:17Z
2020,Maryland,Big Ten,games,5,2026-09-29T20:11:17Z
2020,Maryland,Big Ten,interceptions,9,2026-09-29T20:11:17Z
2020,Maryland,Big Ten,interceptionsOpponent,2,2026-09-29T20:11:17Z
2020,Maryland,Big Ten,interceptionTDs,0,2026-09-29T20:11:17Z
2020,Maryland,Big Ten,interceptionTDsOpponent,0,2026-09-29T20:11:17Z
2020,Maryland,Big Ten,interceptionYards,0,2026-09-29T20:11:17Z
2020,Maryland,Big Ten,interceptionYardsOpponent,64,2026-09-29T20:11:17Z
2020,Maryland,Big Ten,kickReturns,16,2026-09-29T20:11:17Z
2020,Maryland,Big Ten,kickReturnsOpponent,14,2026-09-29T20:11:17Z
2020,Maryland,Big Ten,kickReturnTDs,0,2026-09-29T20:11:17Z
2020,Maryland,Big Ten,kickReturnTDsOpponent,0,2026-09-29T20:11:17Z
2020,Maryland,Big Ten,kickReturnYards,251,2026-09-29T20:11:17Z
2020,Maryland,Big Ten,kickReturnYardsOpponent,278,2026-09-29T20:11:17Z
2020,Maryland,Big Ten,netPassingYards,1291,2026-09-29T20:11:17Z
2020,Maryland,Big Ten,netPassingYardsOpponent,1004,2026-09-29T20:11:17Z
2020,Maryland,Big Ten,passAttempts,157,2026-09-29T20:11:17Z
2020,Maryland,Big Ten,passAttemptsOpponent,161,2026-09-29T20:11:17Z
2020,Maryland,Big Ten,passCompletions,96,2026-09-29T20:11:17Z
2020,Maryland,Big Ten,passCompletionsOpponent,92,2026-09-29T20:11:17Z
2020,Maryland,Big Ten,passesIntercepted,2,2026-09-29T20:11:17Z
2020,Maryland,Big Ten,passesInterceptedOpponent,9,2026-09-29T20:11:17Z
2020,Maryland,Big Ten,passingTDs,9,2026-09-29T20:11:17Z
2020,Maryland,Big Ten,passingTDsOpponent,6,2026-09-29T20:11:17Z
2020,Maryland,Big Ten,penalties,44,2026-09-29T20:11:17Z
2020,Maryland,Big Ten,penaltiesOpponent,21,2026-09-29T20:11:17Z
2020,Maryland,Big Ten,penaltyYards,395,2026-09-29T20:11:17Z
2020,Maryland,Big Ten,penaltyYardsOpponent,174,2026-09-29T20:11:17Z
2020,Maryland,Big Ten,possessionTime,7296,2026-09-29T20:11:17Z
2020,Maryland,Big Ten,possessionTimeOpponent,10386,2026-09-29T20:11:17Z
2020,Maryland,Big Ten,puntReturns,2,2026-09-29T20:11:17Z
2020,Maryland,Big Ten,puntReturnsOpponent,6,2026-09-29T20:11:17Z
2020,Maryland,Big Ten,puntReturnTDs,0,2026-09-29T20:11:17Z
2020,Maryland,Big Ten,puntReturnTDsOpponent,0,2026-09-29T20:11:17Z
2020,Maryland,Big Ten,puntReturnYards,5,2026-09-29T20:11:17Z
2020,Maryland,Big Ten,puntReturnYardsOpponent,31,2026-09-29T20:11:17Z
2020,Maryland,Big Ten,rushingAttempts,148,2026-09-29T20:11:17Z
2020,Maryland,Big Ten,rushingAttemptsOpponent,237,2026-09-29T20:11:17Z
2020,Maryland,Big Ten,rushingTDs,5,2026-09-29T20:11:17Z
2020,Maryland,Big Ten,rushingTDsOpponent,14,2026-09-29T20:11:17Z
2020,Maryland,Big Ten,rushingYards,715,2026-09-29T20:11:17Z
2020,Maryland,Big Ten,rushingYardsOpponent,1146,2026-09-29T20:11:17Z
2020,Maryland,Big Ten,sacks,13,2026-09-29T20:11:17Z
2020,Maryland,Big Ten,sacksOpponent,15,2026-09-29T20:11:17Z
2020,Maryland,Big Ten,tacklesForLoss,33,2026-09-29T20:11:17Z
2020,Maryland,Big Ten,tacklesForLossOpponent,33,2026-09-29T20:11:17Z
2020,Maryland,Big Ten,thirdDownConversions,25,2026-09-29T20:11:17Z
2020,Maryland,Big Ten,thirdDownConversionsOpponent,35,2026-09-29T20:11:17Z
2020,Maryland,Big Ten,thirdDowns,66,2026-09-29T20:11:17Z
2020,Maryland,Big Ten,thirdDownsOpponent,84,2026-09-29T20:11:17Z
2020,Maryland,Big Ten,totalYards,2006,2026-09-29T20:11:17Z
2020,Maryland,Big Ten,totalYardsOpponent,2150,2026-09-29T20:11:17Z
2020,Maryland,Big Ten,turnovers,11,2026-09-29T20:11:17Z
2020,Maryland,Big Ten,turnoversOpponent,4,2026-09-29T20:11:17Z
2020,Massachusetts,FBS Independents,firstDowns,42,2026-09-29T20:11:17Z
2020,Massachusetts,FBS Independents,firstDownsOpponent,100,2026-09-29T20:11:17Z
2020,Massachusetts,FBS Independents,fourthDownConversions,4,2026-09-29T20:11:17Z
2020,Massachusetts,FBS Independents,fourthDownConversionsOpponent,4,2026-09-29T20:11:17Z
2020,Massachusetts,FBS Independents,fourthDowns,9,2026-09-29T20:11:17Z
2020,Massachusetts,FBS Independents,fourthDownsOpponent,7,2026-09-29T20:11:17Z
2020,Massachusetts,FBS Independents,fumblesLost,2,2026-09-29T20:11:17Z
2020,Massachusetts,FBS Independents,fumblesLostOpponent,2,2026-09-29T20:11:17Z
2020,Massachusetts,FBS Independents,fumblesRecovered,2,2026-09-29T20:11:17Z
2020,Massachusetts,FBS Independents,fumblesRecoveredOpponent,2,2026-09-29T20:11:17Z
2020,Massachusetts,FBS Independents,games,4,2026-09-29T20:11:17Z
2020,Massachusetts,FBS Independents,interceptions,5,2026-09-29T20:11:17Z
2020,Massachusetts,FBS Independents,interceptionsOpponent,0,2026-09-29T20:11:17Z
2020,Massachusetts,FBS Independents,interceptionTDsOpponent,0,2026-09-29T20:11:17Z
2020,Massachusetts,FBS Independents,interceptionYardsOpponent,50,2026-09-29T20:11:17Z
2020,Massachusetts,FBS Independents,kickReturns,12,2026-09-29T20:11:17Z
2020,Massachusetts,FBS Independents,kickReturnsOpponent,3,2026-09-29T20:11:17Z
2020,Massachusetts,FBS Independents,kickReturnTDs,0,2026-09-29T20:11:17Z
2020,Massachusetts,FBS Independents,kickReturnTDsOpponent,0,2026-09-29T20:11:17Z
2020,Massachusetts,FBS Independents,kickReturnYards,178,2026-09-29T20:11:17Z
2020,Massachusetts,FBS Independents,kickReturnYardsOpponent,36,2026-09-29T20:11:17Z
2020,Massachusetts,FBS Independents,netPassingYards,486,2026-09-29T20:11:17Z
2020,Massachusetts,FBS Independents,netPassingYardsOpponent,835,2026-09-29T20:11:17Z
2020,Massachusetts,FBS Independents,passAttempts,100,2026-09-29T20:11:17Z
2020,Massachusetts,FBS Independents,passAttemptsOpponent,109,2026-09-29T20:11:17Z
2020,Massachusetts,FBS Independents,passCompletions,54,2026-09-29T20:11:17Z
2020,Massachusetts,FBS Independents,passCompletionsOpponent,64,2026-09-29T20:11:17Z
2020,Massachusetts,FBS Independents,passesInterceptedOpponent,5,2026-09-29T20:11:17Z
2020,Massachusetts,FBS Independents,passingTDs,1,2026-09-29T20:11:17Z
2020,Massachusetts,FBS Independents,passingTDsOpponent,10,2026-09-29T20:11:17Z
2020,Massachusetts,FBS Independents,penalties,21,2026-09-29T20:11:17Z
2020,Massachusetts,FBS Independents,penaltiesOpponent,16,2026-09-29T20:11:17Z
2020,Massachusetts,FBS Independents,penaltyYards,216,2026-09-29T20:11:17Z
2020,Massachusetts,FBS Independents,penaltyYardsOpponent,148,2026-09-29T20:11:17Z
2020,Massachusetts,FBS Independents,possessionTime,6422,2026-09-29T20:11:17Z
2020,Massachusetts,FBS Independents,possessionTimeOpponent,7969,2026-09-29T20:11:17Z
2020,Massachusetts,FBS Independents,puntReturns,4,2026-09-29T20:11:17Z
2020,Massachusetts,FBS Independents,puntReturnsOpponent,2,2026-09-29T20:11:17Z
2020,Massachusetts,FBS Independents,puntReturnTDs,0,2026-09-29T20:11:17Z
2020,Massachusetts,FBS Independents,puntReturnTDsOpponent,0,2026-09-29T20:11:17Z
2020,Massachusetts,FBS Independents,puntReturnYards,55,2026-09-29T20:11:17Z
2020,Massachusetts,FBS Independents,puntReturnYardsOpponent,60,2026-09-29T20:11:17Z
2020,Massachusetts,FBS Independents,rushingAttempts,117,2026-09-29T20:11:17Z
2020,Massachusetts,FBS Independents,rushingAttemptsOpponent,170,2026-09-29T20:11:17Z
2020,Massachusetts,FBS Independents,rushingTDs,0,2026-09-29T20:11:17Z
2020,Massachusetts,FBS Independents,rushingTDsOpponent,11,2026-09-29T20:11:17Z
2020,Massachusetts,FBS Independents,rushingYards,269,2026-09-29T20:11:17Z
2020,Massachusetts,FBS Independents,rushingYardsOpponent,1093,2026-09-29T20:11:17Z
2020,Massachusetts,FBS Independents,sacks,9,2026-09-29T20:11:17Z
2020,Massachusetts,FBS Independents,sacksOpponent,10,2026-09-29T20:11:17Z
2020,Massachusetts,FBS Independents,tacklesForLoss,31,2026-09-29T20:11:17Z
2020,Massachusetts,FBS Independents,tacklesForLossOpponent,27,2026-09-29T20:11:17Z
2020,Massachusetts,FBS Independents,thirdDownConversions,14,2026-09-29T20:11:17Z
2020,Massachusetts,FBS Independents,thirdDownConversionsOpponent,28,2026-09-29T20:11:17Z
2020,Massachusetts,FBS Independents,thirdDowns,54,2026-09-29T20:11:17Z
2020,Massachusetts,FBS Independents,thirdDownsOpponent,54,2026-09-29T20:11:17Z
2020,Massachusetts,FBS Independents,totalYards,755,2026-09-29T20:11:17Z
2020,Massachusetts,FBS Independents,totalYardsOpponent,1928,2026-09-29T20:11:17Z
2020,Massachusetts,FBS Independents,turnovers,7,2026-09-29T20:11:17Z
2020,Massachusetts,FBS Independents,turnoversOpponent,2,2026-09-29T20:11:17Z
2020,Memphis,American Athletic,firstDowns,259,2026-09-29T20:11:17Z
2020,Memphis,American Athletic,firstDownsOpponent,248,2026-09-29T20:11:17Z
2020,Memphis,American Athletic,fourthDownConversions,14,2026-09-29T20:11:17Z
2020,Memphis,American Athletic,fourthDownConversionsOpponent,22,2026-09-29T20:11:17Z
2020,Memphis,American Athletic,fourthDowns,24,2026-09-29T20:11:17Z
2020,Memphis,American Athletic,fourthDownsOpponent,33,2026-09-29T20:11:17Z
2020,Memphis,American Athletic,fumblesLost,8,2026-09-29T20:11:17Z
2020,Memphis,American Athletic,fumblesLostOpponent,8,2026-09-29T20:11:17Z
2020,Memphis,American Athletic,fumblesRecovered,8,2026-09-29T20:11:17Z
2020,Memphis,American Athletic,fumblesRecoveredOpponent,8,2026-09-29T20:11:17Z
2020,Memphis,American Athletic,games,11,2026-09-29T20:11:17Z
2020,Memphis,American Athletic,interceptions,10,2026-09-29T20:11:17Z
2020,Memphis,American Athletic,interceptionsOpponent,12,2026-09-29T20:11:17Z
2020,Memphis,American Athletic,interceptionTDs,0,2026-09-29T20:11:17Z
2020,Memphis,American Athletic,interceptionTDsOpponent,2,2026-09-29T20:11:17Z
2020,Memphis,American Athletic,interceptionYards,58,2026-09-29T20:11:17Z
2020,Memphis,American Athletic,interceptionYardsOpponent,128,2026-09-29T20:11:17Z
2020,Memphis,American Athletic,kickReturns,27,2026-09-29T20:11:17Z
2020,Memphis,American Athletic,kickReturnsOpponent,19,2026-09-29T20:11:17Z
2020,Memphis,American Athletic,kickReturnTDs,0,2026-09-29T20:11:17Z
2020,Memphis,American Athletic,kickReturnTDsOpponent,0,2026-09-29T20:11:17Z
2020,Memphis,American Athletic,kickReturnYards,484,2026-09-29T20:11:17Z
2020,Memphis,American Athletic,kickReturnYardsOpponent,331,2026-09-29T20:11:17Z
2020,Memphis,American Athletic,netPassingYards,3383,2026-09-29T20:11:17Z
2020,Memphis,American Athletic,netPassingYardsOpponent,3128,2026-09-29T20:11:17Z
2020,Memphis,American Athletic,passAttempts,421,2026-09-29T20:11:17Z
2020,Memphis,American Athletic,passAttemptsOpponent,423,2026-09-29T20:11:17Z
2020,Memphis,American Athletic,passCompletions,253,2026-09-29T20:11:17Z
2020,Memphis,American Athletic,passCompletionsOpponent,266,2026-09-29T20:11:17Z
2020,Memphis,American Athletic,passesIntercepted,12,2026-09-29T20:11:17Z
2020,Memphis,American Athletic,passesInterceptedOpponent,10,2026-09-29T20:11:17Z
2020,Memphis,American Athletic,passingTDs,31,2026-09-29T20:11:17Z
2020,Memphis,American Athletic,passingTDsOpponent,24,2026-09-29T20:11:17Z
2020,Memphis,American Athletic,penalties,61,2026-09-29T20:11:17Z
2020,Memphis,American Athletic,penaltiesOpponent,64,2026-09-29T20:11:17Z
2020,Memphis,American Athletic,penaltyYards,520,2026-09-29T20:11:17Z
2020,Memphis,American Athletic,penaltyYardsOpponent,598,2026-09-29T20:11:17Z
2020,Memphis,American Athletic,possessionTime,19116,2026-09-29T20:11:17Z
2020,Memphis,American Athletic,possessionTimeOpponent,20250,2026-09-29T20:11:17Z
2020,Memphis,American Athletic,puntReturns,21,2026-09-29T20:11:17Z
2020,Memphis,American Athletic,puntReturnsOpponent,9,2026-09-29T20:11:17Z
2020,Memphis,American Athletic,puntReturnTDs,1,2026-09-29T20:11:17Z
2020,Memphis,American Athletic,puntReturnTDsOpponent,0,2026-09-29T20:11:17Z
2020,Memphis,American Athletic,puntReturnYards,188,2026-09-29T20:11:17Z
2020,Memphis,American Athletic,puntReturnYardsOpponent,53,2026-09-29T20:11:17Z
2020,Memphis,American Athletic,rushingAttempts,395,2026-09-29T20:11:17Z
2020,Memphis,American Athletic,rushingAttemptsOpponent,412,2026-09-29T20:11:17Z
2020,Memphis,American Athletic,rushingTDs,9,2026-09-29T20:11:17Z
2020,Memphis,American Athletic,rushingTDsOpponent,13,2026-09-29T20:11:17Z
2020,Memphis,American Athletic,rushingYards,1597,2026-09-29T20:11:17Z
2020,Memphis,American Athletic,rushingYardsOpponent,1596,2026-09-29T20:11:17Z
2020,Memphis,American Athletic,sacks,26,2026-09-29T20:11:17Z
2020,Memphis,American Athletic,sacksOpponent,21,2026-09-29T20:11:17Z
2020,Memphis,American Athletic,tacklesForLoss,67,2026-09-29T20:11:17Z
2020,Memphis,American Athletic,tacklesForLossOpponent,68,2026-09-29T20:11:17Z
2020,Memphis,American Athletic,thirdDownConversions,77,2026-09-29T20:11:17Z
2020,Memphis,American Athletic,thirdDownConversionsOpponent,58,2026-09-29T20:11:17Z
2020,Memphis,American Athletic,thirdDowns,172,2026-09-29T20:11:17Z
2020,Memphis,American Athletic,thirdDownsOpponent,160,2026-09-29T20:11:17Z
2020,Memphis,American Athletic,totalYards,4980,2026-09-29T20:11:17Z
2020,Memphis,American Athletic,totalYardsOpponent,4724,2026-09-29T20:11:17Z
2020,Memphis,American Athletic,turnovers,18,2026-09-29T20:11:17Z
2020,Memphis,American Athletic,turnoversOpponent,20,2026-09-29T20:11:17Z
2020,Miami,ACC,firstDowns,250,2026-09-29T20:11:17Z
2020,Miami,ACC,firstDownsOpponent,257,2026-09-29T20:11:17Z
2020,Miami,ACC,fourthDownConversions,13,2026-09-29T20:11:17Z
2020,Miami,ACC,fourthDownConversionsOpponent,10,2026-09-29T20:11:17Z
2020,Miami,ACC,fourthDowns,19,2026-09-29T20:11:17Z
2020,Miami,ACC,fourthDownsOpponent,17,2026-09-29T20:11:17Z
2020,Miami,ACC,fumblesLost,6,2026-09-29T20:11:17Z
2020,Miami,ACC,fumblesLostOpponent,9,2026-09-29T20:11:17Z
2020,Miami,ACC,fumblesRecovered,9,2026-09-29T20:11:17Z
2020,Miami,ACC,fumblesRecoveredOpponent,6,2026-09-29T20:11:17Z
2020,Miami,ACC,games,11,2026-09-29T20:11:17Z
2020,Miami,ACC,interceptions,6,2026-09-29T20:11:17Z
2020,Miami,ACC,interceptionsOpponent,7,2026-09-29T20:11:17Z
2020,Miami,ACC,interceptionTDs,0,2026-09-29T20:11:17Z
2020,Miami,ACC,interceptionTDsOpponent,0,2026-09-29T20:11:17Z
2020,Miami,ACC,interceptionYards,11,2026-09-29T20:11:17Z
2020,Miami,ACC,interceptionYardsOpponent,79,2026-09-29T20:11:17Z
2020,Miami,ACC,kickReturns,22,2026-09-29T20:11:17Z
2020,Miami,ACC,kickReturnsOpponent,17,2026-09-29T20:11:17Z
2020,Miami,ACC,kickReturnTDs,0,2026-09-29T20:11:17Z
2020,Miami,ACC,kickReturnTDsOpponent,1,2026-09-29T20:11:17Z
2020,Miami,ACC,kickReturnYards,452,2026-09-29T20:11:17Z
2020,Miami,ACC,kickReturnYardsOpponent,401,2026-09-29T20:11:17Z
2020,Miami,ACC,netPassingYards,3050,2026-09-29T20:11:17Z
2020,Miami,ACC,netPassingYardsOpponent,2577,2026-09-29T20:11:17Z
2020,Miami,ACC,passAttempts,381,2026-09-29T20:11:17Z
2020,Miami,ACC,passAttemptsOpponent,380,2026-09-29T20:11:17Z
2020,Miami,ACC,passCompletions,239,2026-09-29T20:11:17Z
2020,Miami,ACC,passCompletionsOpponent,240,2026-09-29T20:11:17Z
2020,Miami,ACC,passesIntercepted,7,2026-09-29T20:11:17Z
2020,Miami,ACC,passesInterceptedOpponent,6,2026-09-29T20:11:17Z
2020,Miami,ACC,passingTDs,26,2026-09-29T20:11:17Z
2020,Miami,ACC,passingTDsOpponent,20,2026-09-29T20:11:17Z
2020,Miami,ACC,penalties,86,2026-09-29T20:11:17Z
2020,Miami,ACC,penaltiesOpponent,84,2026-09-29T20:11:17Z
2020,Miami,ACC,penaltyYards,794,2026-09-29T20:11:17Z
2020,Miami,ACC,penaltyYardsOpponent,743,2026-09-29T20:11:17Z
2020,Miami,ACC,possessionTime,17950,2026-09-29T20:11:17Z
2020,Miami,ACC,possessionTimeOpponent,21198,2026-09-29T20:11:17Z
2020,Miami,ACC,puntReturns,15,2026-09-29T20:11:17Z
2020,Miami,ACC,puntReturnsOpponent,8,2026-09-29T20:11:17Z
2020,Miami,ACC,puntReturnTDs,0,2026-09-29T20:11:17Z
2020,Miami,ACC,puntReturnTDsOpponent,0,2026-09-29T20:11:17Z
2020,Miami,ACC,puntReturnYards,52,2026-09-29T20:11:17Z
2020,Miami,ACC,puntReturnYardsOpponent,59,2026-09-29T20:11:17Z
2020,Miami,ACC,rushingAttempts,419,2026-09-29T20:11:17Z
2020,Miami,ACC,rushingAttemptsOpponent,421,2026-09-29T20:11:17Z
2020,Miami,ACC,rushingTDs,18,2026-09-29T20:11:17Z
2020,Miami,ACC,rushingTDsOpponent,16,2026-09-29T20:11:17Z
2020,Miami,ACC,rushingYards,1800,2026-09-29T20:11:17Z
2020,Miami,ACC,rushingYardsOpponent,1921,2026-09-29T20:11:17Z
2020,Miami,ACC,sacks,31,2026-09-29T20:11:17Z
2020,Miami,ACC,sacksOpponent,31,2026-09-29T20:11:17Z
2020,Miami,ACC,tacklesForLoss,93,2026-09-29T20:11:17Z
2020,Miami,ACC,tacklesForLossOpponent,87,2026-09-29T20:11:17Z
2020,Miami,ACC,thirdDownConversions,65,2026-09-29T20:11:17Z
2020,Miami,ACC,thirdDownConversionsOpponent,62,2026-09-29T20:11:17Z
2020,Miami,ACC,thirdDowns,162,2026-09-29T20:11:17Z
2020,Miami,ACC,thirdDownsOpponent,163,2026-09-29T20:11:17Z
2020,Miami,ACC,totalYards,4850,2026-09-29T20:11:17Z
2020,Miami,ACC,totalYardsOpponent,4498,2026-09-29T20:11:17Z
2020,Miami,ACC,turnovers,12,2026-09-29T20:11:17Z
2020,Miami,ACC,turnoversOpponent,16,2026-09-29T20:11:17Z
2020,Miami (OH),Mid-American,firstDowns,56,2026-09-29T20:11:17Z
2020,Miami (OH),Mid-American,firstDownsOpponent,62,2026-09-29T20:11:17Z
2020,Miami (OH),Mid-American,fourthDownConversions,2,2026-09-29T20:11:17Z
2020,Miami (OH),Mid-American,fourthDownConversionsOpponent,2,2026-09-29T20:11:17Z
2020,Miami (OH),Mid-American,fourthDowns,3,2026-09-29T20:11:17Z
2020,Miami (OH),Mid-American,fourthDownsOpponent,3,2026-09-29T20:11:17Z
2020,Miami (OH),Mid-American,fumblesLost,1,2026-09-29T20:11:17Z
2020,Miami (OH),Mid-American,fumblesLostOpponent,0,2026-09-29T20:11:17Z
2020,Miami (OH),Mid-American,fumblesRecovered,1,2026-09-29T20:11:17Z
2020,Miami (OH),Mid-American,fumblesRecoveredOpponent,2,2026-09-29T20:11:17Z
2020,Miami (OH),Mid-American,games,3,2026-09-29T20:11:17Z
2020,Miami (OH),Mid-American,interceptions,1,2026-09-29T20:11:17Z
2020,Miami (OH),Mid-American,interceptionsOpponent,2,2026-09-29T20:11:17Z
2020,Miami (OH),Mid-American,interceptionTDs,1,2026-09-29T20:11:17Z
2020,Miami (OH),Mid-American,interceptionTDsOpponent,0,2026-09-29T20:11:17Z
2020,Miami (OH),Mid-American,interceptionYards,80,2026-09-29T20:11:17Z
2020,Miami (OH),Mid-American,interceptionYardsOpponent,0,2026-09-29T20:11:17Z
2020,Miami (OH),Mid-American,kickReturns,3,2026-09-29T20:11:17Z
2020,Miami (OH),Mid-American,kickReturnsOpponent,13,2026-09-29T20:11:17Z
2020,Miami (OH),Mid-American,kickReturnTDs,0,2026-09-29T20:11:17Z
2020,Miami (OH),Mid-American,kickReturnTDsOpponent,0,2026-09-29T20:11:17Z
2020,Miami (OH),Mid-American,kickReturnYards,50,2026-09-29T20:11:17Z
2020,Miami (OH),Mid-American,kickReturnYardsOpponent,225,2026-09-29T20:11:17Z
2020,Miami (OH),Mid-American,netPassingYards,715,2026-09-29T20:11:17Z
2020,Miami (OH),Mid-American,netPassingYardsOpponent,803,2026-09-29T20:11:17Z
2020,Miami (OH),Mid-American,passAttempts,85,2026-09-29T20:11:17Z
2020,Miami (OH),Mid-American,passAttemptsOpponent,86,2026-09-29T20:11:17Z
2020,Miami (OH),Mid-American,passCompletions,47,2026-09-29T20:11:17Z
2020,Miami (OH),Mid-American,passCompletionsOpponent,52,2026-09-29T20:11:17Z
2020,Miami (OH),Mid-American,passesIntercepted,2,2026-09-29T20:11:17Z
2020,Miami (OH),Mid-American,passesInterceptedOpponent,1,2026-09-29T20:11:17Z
2020,Miami (OH),Mid-American,passingTDs,8,2026-09-29T20:11:17Z
2020,Miami (OH),Mid-American,passingTDsOpponent,6,2026-09-29T20:11:17Z
2020,Miami (OH),Mid-American,penalties,18,2026-09-29T20:11:17Z
2020,Miami (OH),Mid-American,penaltiesOpponent,15,2026-09-29T20:11:17Z
2020,Miami (OH),Mid-American,penaltyYards,182,2026-09-29T20:11:17Z
2020,Miami (OH),Mid-American,penaltyYardsOpponent,130,2026-09-29T20:11:17Z
2020,Miami (OH),Mid-American,possessionTime,5171,2026-09-29T20:11:17Z
2020,Miami (OH),Mid-American,possessionTimeOpponent,5527,2026-09-29T20:11:17Z
2020,Miami (OH),Mid-American,puntReturns,5,2026-09-29T20:11:17Z
2020,Miami (OH),Mid-American,puntReturnsOpponent,3,2026-09-29T20:11:17Z
2020,Miami (OH),Mid-American,puntReturnTDs,0,2026-09-29T20:11:17Z
2020,Miami (OH),Mid-American,puntReturnTDsOpponent,0,2026-09-29T20:11:17Z
2020,Miami (OH),Mid-American,puntReturnYards,50,2026-09-29T20:11:17Z
2020,Miami (OH),Mid-American,puntReturnYardsOpponent,0,2026-09-29T20:11:17Z
2020,Miami (OH),Mid-American,rushingAttempts,100,2026-09-29T20:11:17Z
2020,Miami (OH),Mid-American,rushingAttemptsOpponent,109,2026-09-29T20:11:17Z
2020,Miami (OH),Mid-American,rushingTDs,2,2026-09-29T20:11:17Z
2020,Miami (OH),Mid-American,rushingTDsOpponent,5,2026-09-29T20:11:17Z
2020,Miami (OH),Mid-American,rushingYards,381,2026-09-29T20:11:17Z
2020,Miami (OH),Mid-American,rushingYardsOpponent,378,2026-09-29T20:11:17Z
2020,Miami (OH),Mid-American,sacks,13,2026-09-29T20:11:17Z
2020,Miami (OH),Mid-American,sacksOpponent,4,2026-09-29T20:11:17Z
2020,Miami (OH),Mid-American,tacklesForLoss,20,2026-09-29T20:11:17Z
2020,Miami (OH),Mid-American,tacklesForLossOpponent,16,2026-09-29T20:11:17Z
2020,Miami (OH),Mid-American,thirdDownConversions,17,2026-09-29T20:11:17Z
2020,Miami (OH),Mid-American,thirdDownConversionsOpponent,18,2026-09-29T20:11:17Z
2020,Miami (OH),Mid-American,thirdDowns,42,2026-09-29T20:11:17Z
2020,Miami (OH),Mid-American,thirdDownsOpponent,39,2026-09-29T20:11:17Z
2020,Miami (OH),Mid-American,totalYards,1096,2026-09-29T20:11:17Z
2020,Miami (OH),Mid-American,totalYardsOpponent,1181,2026-09-29T20:11:17Z
2020,Miami (OH),Mid-American,turnovers,2,2026-09-29T20:11:17Z
2020,Miami (OH),Mid-American,turnoversOpponent,2,2026-09-29T20:11:17Z
2020,Michigan,Big Ten,firstDowns,116,2026-09-29T20:11:17Z
2020,Michigan,Big Ten,firstDownsOpponent,144,2026-09-29T20:11:17Z
2020,Michigan,Big Ten,fourthDownConversions,4,2026-09-29T20:11:17Z
2020,Michigan,Big Ten,fourthDownConversionsOpponent,5,2026-09-29T20:11:17Z
2020,Michigan,Big Ten,fourthDowns,9,2026-09-29T20:11:17Z
2020,Michigan,Big Ten,fourthDownsOpponent,7,2026-09-29T20:11:17Z
2020,Michigan,Big Ten,fumblesLost,2,2026-09-29T20:11:17Z
2020,Michigan,Big Ten,fumblesLostOpponent,1,2026-09-29T20:11:17Z
2020,Michigan,Big Ten,fumblesRecovered,1,2026-09-29T20:11:17Z
2020,Michigan,Big Ten,fumblesRecoveredOpponent,2,2026-09-29T20:11:17Z
2020,Michigan,Big Ten,games,6,2026-09-29T20:11:17Z
2020,Michigan,Big Ten,interceptions,4,2026-09-29T20:11:17Z
2020,Michigan,Big Ten,interceptionsOpponent,1,2026-09-29T20:11:17Z
2020,Michigan,Big Ten,interceptionTDs,0,2026-09-29T20:11:17Z
2020,Michigan,Big Ten,interceptionTDsOpponent,0,2026-09-29T20:11:17Z
2020,Michigan,Big Ten,interceptionYards,18,2026-09-29T20:11:17Z
2020,Michigan,Big Ten,interceptionYardsOpponent,91,2026-09-29T20:11:17Z
2020,Michigan,Big Ten,kickReturns,22,2026-09-29T20:11:17Z
2020,Michigan,Big Ten,kickReturnsOpponent,7,2026-09-29T20:11:17Z
2020,Michigan,Big Ten,kickReturnTDs,1,2026-09-29T20:11:17Z
2020,Michigan,Big Ten,kickReturnTDsOpponent,0,2026-09-29T20:11:17Z
2020,Michigan,Big Ten,kickReturnYards,514,2026-09-29T20:11:17Z
2020,Michigan,Big Ten,kickReturnYardsOpponent,144,2026-09-29T20:11:17Z
2020,Michigan,Big Ten,netPassingYards,1502,2026-09-29T20:11:17Z
2020,Michigan,Big Ten,netPassingYardsOpponent,1530,2026-09-29T20:11:17Z
2020,Michigan,Big Ten,passAttempts,213,2026-09-29T20:11:17Z
2020,Michigan,Big Ten,passAttemptsOpponent,207,2026-09-29T20:11:17Z
2020,Michigan,Big Ten,passCompletions,123,2026-09-29T20:11:17Z
2020,Michigan,Big Ten,passCompletionsOpponent,123,2026-09-29T20:11:17Z
2020,Michigan,Big Ten,passesIntercepted,1,2026-09-29T20:11:17Z
2020,Michigan,Big Ten,passesInterceptedOpponent,4,2026-09-29T20:11:17Z
2020,Michigan,Big Ten,passingTDs,9,2026-09-29T20:11:17Z
2020,Michigan,Big Ten,passingTDsOpponent,12,2026-09-29T20:11:17Z
2020,Michigan,Big Ten,penalties,35,2026-09-29T20:11:17Z
2020,Michigan,Big Ten,penaltiesOpponent,32,2026-09-29T20:11:17Z
2020,Michigan,Big Ten,penaltyYards,345,2026-09-29T20:11:17Z
2020,Michigan,Big Ten,penaltyYardsOpponent,285,2026-09-29T20:11:17Z
2020,Michigan,Big Ten,possessionTime,9185,2026-09-29T20:11:17Z
2020,Michigan,Big Ten,possessionTimeOpponent,12345,2026-09-29T20:11:17Z
2020,Michigan,Big Ten,puntReturns,7,2026-09-29T20:11:17Z
2020,Michigan,Big Ten,puntReturnsOpponent,6,2026-09-29T20:11:17Z
2020,Michigan,Big Ten,puntReturnTDs,0,2026-09-29T20:11:17Z
2020,Michigan,Big Ten,puntReturnTDsOpponent,0,2026-09-29T20:11:17Z
2020,Michigan,Big Ten,puntReturnYards,47,2026-09-29T20:11:17Z
2020,Michigan,Big Ten,puntReturnYardsOpponent,29,2026-09-29T20:11:17Z
2020,Michigan,Big Ten,rushingAttempts,172,2026-09-29T20:11:17Z
2020,Michigan,Big Ten,rushingAttemptsOpponent,258,2026-09-29T20:11:17Z
2020,Michigan,Big Ten,rushingTDs,12,2026-09-29T20:11:17Z
2020,Michigan,Big Ten,rushingTDsOpponent,14,2026-09-29T20:11:17Z
2020,Michigan,Big Ten,rushingYards,787,2026-09-29T20:11:17Z
2020,Michigan,Big Ten,rushingYardsOpponent,1072,2026-09-29T20:11:17Z
2020,Michigan,Big Ten,sacks,9,2026-09-29T20:11:17Z
2020,Michigan,Big Ten,sacksOpponent,8,2026-09-29T20:11:17Z
2020,Michigan,Big Ten,tacklesForLoss,20,2026-09-29T20:11:17Z
2020,Michigan,Big Ten,tacklesForLossOpponent,26,2026-09-29T20:11:17Z
2020,Michigan,Big Ten,thirdDownConversions,27,2026-09-29T20:11:17Z
2020,Michigan,Big Ten,thirdDownConversionsOpponent,43,2026-09-29T20:11:17Z
2020,Michigan,Big Ten,thirdDowns,75,2026-09-29T20:11:17Z
2020,Michigan,Big Ten,thirdDownsOpponent,93,2026-09-29T20:11:17Z
2020,Michigan,Big Ten,totalYards,2289,2026-09-29T20:11:17Z
2020,Michigan,Big Ten,totalYardsOpponent,2602,2026-09-29T20:11:17Z
2020,Michigan,Big Ten,turnovers,6,2026-09-29T20:11:17Z
2020,Michigan,Big Ten,turnoversOpponent,2,2026-09-29T20:11:17Z
2020,Michigan State,Big Ten,firstDowns,113,2026-09-29T20:11:17Z
2020,Michigan State,Big Ten,firstDownsOpponent,149,2026-09-29T20:11:17Z
2020,Michigan State,Big Ten,fourthDownConversions,5,2026-09-29T20:11:17Z
2020,Michigan State,Big Ten,fourthDownConversionsOpponent,6,2026-09-29T20:11:17Z
2020,Michigan State,Big Ten,fourthDowns,12,2026-09-29T20:11:17Z
2020,Michigan State,Big Ten,fourthDownsOpponent,11,2026-09-29T20:11:17Z
2020,Michigan State,Big Ten,fumblesLost,8,2026-09-29T20:11:17Z
2020,Michigan State,Big Ten,fumblesLostOpponent,5,2026-09-29T20:11:17Z
2020,Michigan State,Big Ten,fumblesRecovered,5,2026-09-29T20:11:17Z
2020,Michigan State,Big Ten,fumblesRecoveredOpponent,8,2026-09-29T20:11:17Z
2020,Michigan State,Big Ten,games,7,2026-09-29T20:11:17Z
2020,Michigan State,Big Ten,interceptions,12,2026-09-29T20:11:17Z
2020,Michigan State,Big Ten,interceptionsOpponent,5,2026-09-29T20:11:17Z
2020,Michigan State,Big Ten,interceptionTDs,0,2026-09-29T20:11:17Z
2020,Michigan State,Big Ten,interceptionTDsOpponent,2,2026-09-29T20:11:17Z
2020,Michigan State,Big Ten,interceptionYards,107,2026-09-29T20:11:17Z
2020,Michigan State,Big Ten,interceptionYardsOpponent,171,2026-09-29T20:11:17Z
2020,Michigan State,Big Ten,kickReturns,19,2026-09-29T20:11:17Z
2020,Michigan State,Big Ten,kickReturnsOpponent,17,2026-09-29T20:11:17Z
2020,Michigan State,Big Ten,kickReturnTDs,0,2026-09-29T20:11:17Z
2020,Michigan State,Big Ten,kickReturnTDsOpponent,0,2026-09-29T20:11:17Z
2020,Michigan State,Big Ten,kickReturnYards,370,2026-09-29T20:11:17Z
2020,Michigan State,Big Ten,kickReturnYardsOpponent,412,2026-09-29T20:11:17Z
2020,Michigan State,Big Ten,netPassingYards,1672,2026-09-29T20:11:17Z
2020,Michigan State,Big Ten,netPassingYardsOpponent,1685,2026-09-29T20:11:17Z
2020,Michigan State,Big Ten,passAttempts,243,2026-09-29T20:11:17Z
2020,Michigan State,Big Ten,passAttemptsOpponent,246,2026-09-29T20:11:17Z
2020,Michigan State,Big Ten,passCompletions,132,2026-09-29T20:11:17Z
2020,Michigan State,Big Ten,passCompletionsOpponent,150,2026-09-29T20:11:17Z
2020,Michigan State,Big Ten,passesIntercepted,5,2026-09-29T20:11:17Z
2020,Michigan State,Big Ten,passesInterceptedOpponent,12,2026-09-29T20:11:17Z
2020,Michigan State,Big Ten,passingTDs,11,2026-09-29T20:11:17Z
2020,Michigan State,Big Ten,passingTDsOpponent,8,2026-09-29T20:11:17Z
2020,Michigan State,Big Ten,penalties,48,2026-09-29T20:11:17Z
2020,Michigan State,Big Ten,penaltiesOpponent,44,2026-09-29T20:11:17Z
2020,Michigan State,Big Ten,penaltyYards,456,2026-09-29T20:11:17Z
2020,Michigan State,Big Ten,penaltyYardsOpponent,353,2026-09-29T20:11:17Z
2020,Michigan State,Big Ten,possessionTime,11440,2026-09-29T20:11:17Z
2020,Michigan State,Big Ten,possessionTimeOpponent,13661,2026-09-29T20:11:17Z
2020,Michigan State,Big Ten,puntReturns,4,2026-09-29T20:11:17Z
2020,Michigan State,Big Ten,puntReturnsOpponent,15,2026-09-29T20:11:17Z
2020,Michigan State,Big Ten,puntReturnTDs,0,2026-09-29T20:11:17Z
2020,Michigan State,Big Ten,puntReturnTDsOpponent,2,2026-09-29T20:11:17Z
2020,Michigan State,Big Ten,puntReturnYards,32,2026-09-29T20:11:17Z
2020,Michigan State,Big Ten,puntReturnYardsOpponent,257,2026-09-29T20:11:17Z
2020,Michigan State,Big Ten,rushingAttempts,238,2026-09-29T20:11:17Z
2020,Michigan State,Big Ten,rushingAttemptsOpponent,279,2026-09-29T20:11:17Z
2020,Michigan State,Big Ten,rushingTDs,2,2026-09-29T20:11:17Z
2020,Michigan State,Big Ten,rushingTDsOpponent,20,2026-09-29T20:11:17Z
2020,Michigan State,Big Ten,rushingYards,645,2026-09-29T20:11:17Z
2020,Michigan State,Big Ten,rushingYardsOpponent,1102,2026-09-29T20:11:17Z
2020,Michigan State,Big Ten,sacks,12,2026-09-29T20:11:17Z
2020,Michigan State,Big Ten,sacksOpponent,16,2026-09-29T20:11:17Z
2020,Michigan State,Big Ten,tacklesForLoss,43,2026-09-29T20:11:17Z
2020,Michigan State,Big Ten,tacklesForLossOpponent,51,2026-09-29T20:11:17Z
2020,Michigan State,Big Ten,thirdDownConversions,37,2026-09-29T20:11:17Z
2020,Michigan State,Big Ten,thirdDownConversionsOpponent,41,2026-09-29T20:11:17Z
2020,Michigan State,Big Ten,thirdDowns,113,2026-09-29T20:11:17Z
2020,Michigan State,Big Ten,thirdDownsOpponent,105,2026-09-29T20:11:17Z
2020,Michigan State,Big Ten,totalYards,2317,2026-09-29T20:11:17Z
2020,Michigan State,Big Ten,totalYardsOpponent,2787,2026-09-29T20:11:17Z
2020,Michigan State,Big Ten,turnovers,20,2026-09-29T20:11:17Z
2020,Michigan State,Big Ten,turnoversOpponent,10,2026-09-29T20:11:17Z
2020,Middle Tennessee,Conference USA,firstDowns,180,2026-09-29T20:11:17Z
2020,Middle Tennessee,Conference USA,firstDownsOpponent,208,2026-09-29T20:11:17Z
2020,Middle Tennessee,Conference USA,fourthDownConversions,6,2026-09-29T20:11:17Z
2020,Middle Tennessee,Conference USA,fourthDownConversionsOpponent,6,2026-09-29T20:11:17Z
2020,Middle Tennessee,Conference USA,fourthDowns,12,2026-09-29T20:11:17Z
2020,Middle Tennessee,Conference USA,fourthDownsOpponent,10,2026-09-29T20:11:17Z
2020,Middle Tennessee,Conference USA,fumblesLost,6,2026-09-29T20:11:17Z
2020,Middle Tennessee,Conference USA,fumblesLostOpponent,6,2026-09-29T20:11:17Z
2020,Middle Tennessee,Conference USA,fumblesRecovered,6,2026-09-29T20:11:17Z
2020,Middle Tennessee,Conference USA,fumblesRecoveredOpponent,6,2026-09-29T20:11:17Z
2020,Middle Tennessee,Conference USA,games,9,2026-09-29T20:11:17Z
2020,Middle Tennessee,Conference USA,interceptions,10,2026-09-29T20:11:17Z
2020,Middle Tennessee,Conference USA,interceptionsOpponent,8,2026-09-29T20:11:17Z
2020,Middle Tennessee,Conference USA,interceptionTDs,0,2026-09-29T20:11:17Z
2020,Middle Tennessee,Conference USA,interceptionTDsOpponent,1,2026-09-29T20:11:17Z
2020,Middle Tennessee,Conference USA,interceptionYards,138,2026-09-29T20:11:17Z
2020,Middle Tennessee,Conference USA,interceptionYardsOpponent,148,2026-09-29T20:11:17Z
2020,Middle Tennessee,Conference USA,kickReturns,24,2026-09-29T20:11:17Z
2020,Middle Tennessee,Conference USA,kickReturnsOpponent,33,2026-09-29T20:11:17Z
2020,Middle Tennessee,Conference USA,kickReturnTDs,0,2026-09-29T20:11:17Z
2020,Middle Tennessee,Conference USA,kickReturnTDsOpponent,0,2026-09-29T20:11:17Z
2020,Middle Tennessee,Conference USA,kickReturnYards,395,2026-09-29T20:11:17Z
2020,Middle Tennessee,Conference USA,kickReturnYardsOpponent,669,2026-09-29T20:11:17Z
2020,Middle Tennessee,Conference USA,netPassingYards,2074,2026-09-29T20:11:17Z
2020,Middle Tennessee,Conference USA,netPassingYardsOpponent,2017,2026-09-29T20:11:17Z
2020,Middle Tennessee,Conference USA,passAttempts,311,2026-09-29T20:11:17Z
2020,Middle Tennessee,Conference USA,passAttemptsOpponent,281,2026-09-29T20:11:17Z
2020,Middle Tennessee,Conference USA,passCompletions,205,2026-09-29T20:11:17Z
2020,Middle Tennessee,Conference USA,passCompletionsOpponent,167,2026-09-29T20:11:17Z
2020,Middle Tennessee,Conference USA,passesIntercepted,8,2026-09-29T20:11:17Z
2020,Middle Tennessee,Conference USA,passesInterceptedOpponent,10,2026-09-29T20:11:17Z
2020,Middle Tennessee,Conference USA,passingTDs,13,2026-09-29T20:11:17Z
2020,Middle Tennessee,Conference USA,passingTDsOpponent,19,2026-09-29T20:11:17Z
2020,Middle Tennessee,Conference USA,penalties,51,2026-09-29T20:11:17Z
2020,Middle Tennessee,Conference USA,penaltiesOpponent,50,2026-09-29T20:11:17Z
2020,Middle Tennessee,Conference USA,penaltyYards,470,2026-09-29T20:11:17Z
2020,Middle Tennessee,Conference USA,penaltyYardsOpponent,433,2026-09-29T20:11:17Z
2020,Middle Tennessee,Conference USA,possessionTime,15837,2026-09-29T20:11:17Z
2020,Middle Tennessee,Conference USA,possessionTimeOpponent,16445,2026-09-29T20:11:17Z
2020,Middle Tennessee,Conference USA,puntReturns,7,2026-09-29T20:11:17Z
2020,Middle Tennessee,Conference USA,puntReturnsOpponent,14,2026-09-29T20:11:17Z
2020,Middle Tennessee,Conference USA,puntReturnTDs,0,2026-09-29T20:11:17Z
2020,Middle Tennessee,Conference USA,puntReturnTDsOpponent,0,2026-09-29T20:11:17Z
2020,Middle Tennessee,Conference USA,puntReturnYards,18,2026-09-29T20:11:17Z
2020,Middle Tennessee,Conference USA,puntReturnYardsOpponent,72,2026-09-29T20:11:17Z
2020,Middle Tennessee,Conference USA,rushingAttempts,323,2026-09-29T20:11:17Z
2020,Middle Tennessee,Conference USA,rushingAttemptsOpponent,382,2026-09-29T20:11:17Z
2020,Middle Tennessee,Conference USA,rushingTDs,11,2026-09-29T20:11:17Z
2020,Middle Tennessee,Conference USA,rushingTDsOpponent,21,2026-09-29T20:11:17Z
2020,Middle Tennessee,Conference USA,rushingYards,1202,2026-09-29T20:11:17Z
2020,Middle Tennessee,Conference USA,rushingYardsOpponent,1997,2026-09-29T20:11:17Z
2020,Middle Tennessee,Conference USA,sacks,19,2026-09-29T20:11:17Z
2020,Middle Tennessee,Conference USA,sacksOpponent,23,2026-09-29T20:11:17Z
2020,Middle Tennessee,Conference USA,tacklesForLoss,45,2026-09-29T20:11:17Z
2020,Middle Tennessee,Conference USA,tacklesForLossOpponent,62,2026-09-29T20:11:17Z
2020,Middle Tennessee,Conference USA,thirdDownConversions,54,2026-09-29T20:11:17Z
2020,Middle Tennessee,Conference USA,thirdDownConversionsOpponent,75,2026-09-29T20:11:17Z
2020,Middle Tennessee,Conference USA,thirdDowns,128,2026-09-29T20:11:17Z
2020,Middle Tennessee,Conference USA,thirdDownsOpponent,140,2026-09-29T20:11:17Z
2020,Middle Tennessee,Conference USA,totalYards,3276,2026-09-29T20:11:17Z
2020,Middle Tennessee,Conference USA,totalYardsOpponent,4014,2026-09-29T20:11:17Z
2020,Middle Tennessee,Conference USA,turnovers,16,2026-09-29T20:11:17Z
2020,Middle Tennessee,Conference USA,turnoversOpponent,14,2026-09-29T20:11:17Z
2020,Minnesota,Big Ten,firstDowns,151,2026-09-29T20:11:17Z
2020,Minnesota,Big Ten,firstDownsOpponent,143,2026-09-29T20:11:17Z
2020,Minnesota,Big Ten,fourthDownConversions,7,2026-09-29T20:11:17Z
2020,Minnesota,Big Ten,fourthDownConversionsOpponent,3,2026-09-29T20:11:17Z
2020,Minnesota,Big Ten,fourthDowns,13,2026-09-29T20:11:17Z
2020,Minnesota,Big Ten,fourthDownsOpponent,5,2026-09-29T20:11:17Z
2020,Minnesota,Big Ten,fumblesLost,2,2026-09-29T20:11:17Z
2020,Minnesota,Big Ten,fumblesLostOpponent,2,2026-09-29T20:11:17Z
2020,Minnesota,Big Ten,fumblesRecovered,2,2026-09-29T20:11:17Z
2020,Minnesota,Big Ten,fumblesRecoveredOpponent,2,2026-09-29T20:11:17Z
2020,Minnesota,Big Ten,games,7,2026-09-29T20:11:17Z
2020,Minnesota,Big Ten,interceptions,5,2026-09-29T20:11:17Z
2020,Minnesota,Big Ten,interceptionsOpponent,5,2026-09-29T20:11:17Z
2020,Minnesota,Big Ten,interceptionTDs,0,2026-09-29T20:11:17Z
2020,Minnesota,Big Ten,interceptionTDsOpponent,0,2026-09-29T20:11:17Z
2020,Minnesota,Big Ten,interceptionYards,30,2026-09-29T20:11:17Z
2020,Minnesota,Big Ten,interceptionYardsOpponent,94,2026-09-29T20:11:17Z
2020,Minnesota,Big Ten,kickReturns,14,2026-09-29T20:11:17Z
2020,Minnesota,Big Ten,kickReturnsOpponent,20,2026-09-29T20:11:17Z
2020,Minnesota,Big Ten,kickReturnTDs,0,2026-09-29T20:11:17Z
2020,Minnesota,Big Ten,kickReturnTDsOpponent,0,2026-09-29T20:11:17Z
2020,Minnesota,Big Ten,kickReturnYards,248,2026-09-29T20:11:17Z
2020,Minnesota,Big Ten,kickReturnYardsOpponent,256,2026-09-29T20:11:17Z
2020,Minnesota,Big Ten,netPassingYards,1394,2026-09-29T20:11:17Z
2020,Minnesota,Big Ten,netPassingYardsOpponent,1461,2026-09-29T20:11:17Z
2020,Minnesota,Big Ten,passAttempts,184,2026-09-29T20:11:17Z
2020,Minnesota,Big Ten,passAttemptsOpponent,192,2026-09-29T20:11:17Z
2020,Minnesota,Big Ten,passCompletions,107,2026-09-29T20:11:17Z
2020,Minnesota,Big Ten,passCompletionsOpponent,123,2026-09-29T20:11:17Z
2020,Minnesota,Big Ten,passesIntercepted,4,2026-09-29T20:11:17Z
2020,Minnesota,Big Ten,passesInterceptedOpponent,5,2026-09-29T20:11:17Z
2020,Minnesota,Big Ten,passingTDs,7,2026-09-29T20:11:17Z
2020,Minnesota,Big Ten,passingTDsOpponent,11,2026-09-29T20:11:17Z
2020,Minnesota,Big Ten,penalties,32,2026-09-29T20:11:17Z
2020,Minnesota,Big Ten,penaltiesOpponent,43,2026-09-29T20:11:17Z
2020,Minnesota,Big Ten,penaltyYards,288,2026-09-29T20:11:17Z
2020,Minnesota,Big Ten,penaltyYardsOpponent,434,2026-09-29T20:11:17Z
2020,Minnesota,Big Ten,possessionTime,14263,2026-09-29T20:11:17Z
2020,Minnesota,Big Ten,possessionTimeOpponent,10840,2026-09-29T20:11:17Z
2020,Minnesota,Big Ten,puntReturns,6,2026-09-29T20:11:17Z
2020,Minnesota,Big Ten,puntReturnsOpponent,1,2026-09-29T20:11:17Z
2020,Minnesota,Big Ten,puntReturnTDs,0,2026-09-29T20:11:17Z
2020,Minnesota,Big Ten,puntReturnTDsOpponent,0,2026-09-29T20:11:17Z
2020,Minnesota,Big Ten,puntReturnYards,21,2026-09-29T20:11:17Z
2020,Minnesota,Big Ten,puntReturnYardsOpponent,2,2026-09-29T20:11:17Z
2020,Minnesota,Big Ten,rushingAttempts,298,2026-09-29T20:11:17Z
2020,Minnesota,Big Ten,rushingAttemptsOpponent,230,2026-09-29T20:11:17Z
2020,Minnesota,Big Ten,rushingTDs,19,2026-09-29T20:11:17Z
2020,Minnesota,Big Ten,rushingTDsOpponent,16,2026-09-29T20:11:17Z
2020,Minnesota,Big Ten,rushingYards,1350,2026-09-29T20:11:17Z
2020,Minnesota,Big Ten,rushingYardsOpponent,1436,2026-09-29T20:11:17Z
2020,Minnesota,Big Ten,sacks,8,2026-09-29T20:11:17Z
2020,Minnesota,Big Ten,sacksOpponent,13,2026-09-29T20:11:17Z
2020,Minnesota,Big Ten,tacklesForLoss,15,2026-09-29T20:11:17Z
2020,Minnesota,Big Ten,tacklesForLossOpponent,38,2026-09-29T20:11:17Z
2020,Minnesota,Big Ten,thirdDownConversions,41,2026-09-29T20:11:17Z
2020,Minnesota,Big Ten,thirdDownConversionsOpponent,29,2026-09-29T20:11:17Z
2020,Minnesota,Big Ten,thirdDowns,86,2026-09-29T20:11:17Z
2020,Minnesota,Big Ten,thirdDownsOpponent,72,2026-09-29T20:11:17Z
2020,Minnesota,Big Ten,totalYards,2744,2026-09-29T20:11:17Z
2020,Minnesota,Big Ten,totalYardsOpponent,2897,2026-09-29T20:11:17Z
2020,Minnesota,Big Ten,turnovers,7,2026-09-29T20:11:17Z
2020,Minnesota,Big Ten,turnoversOpponent,7,2026-09-29T20:11:17Z
2020,Mississippi State,SEC,firstDowns,207,2026-09-29T20:11:17Z
2020,Mississippi State,SEC,firstDownsOpponent,233,2026-09-29T20:11:17Z
2020,Mississippi State,SEC,fourthDownConversions,12,2026-09-29T20:11:17Z
2020,Mississippi State,SEC,fourthDownConversionsOpponent,10,2026-09-29T20:11:17Z
2020,Mississippi State,SEC,fourthDowns,21,2026-09-29T20:11:17Z
2020,Mississippi State,SEC,fourthDownsOpponent,21,2026-09-29T20:11:17Z
2020,Mississippi State,SEC,fumblesLost,7,2026-09-29T20:11:17Z
2020,Mississippi State,SEC,fumblesLostOpponent,7,2026-09-29T20:11:17Z
2020,Mississippi State,SEC,fumblesRecovered,7,2026-09-29T20:11:17Z
2020,Mississippi State,SEC,fumblesRecoveredOpponent,7,2026-09-29T20:11:17Z
2020,Mississippi State,SEC,games,11,2026-09-29T20:11:17Z
2020,Mississippi State,SEC,interceptions,18,2026-09-29T20:11:17Z
2020,Mississippi State,SEC,interceptionsOpponent,11,2026-09-29T20:11:17Z
2020,Mississippi State,SEC,interceptionTDs,2,2026-09-29T20:11:17Z
2020,Mississippi State,SEC,interceptionTDsOpponent,4,2026-09-29T20:11:17Z
2020,Mississippi State,SEC,interceptionYards,252,2026-09-29T20:11:17Z
2020,Mississippi State,SEC,interceptionYardsOpponent,283,2026-09-29T20:11:17Z
2020,Mississippi State,SEC,kickReturns,14,2026-09-29T20:11:17Z
2020,Mississippi State,SEC,kickReturnsOpponent,8,2026-09-29T20:11:17Z
2020,Mississippi State,SEC,kickReturnTDs,0,2026-09-29T20:11:17Z
2020,Mississippi State,SEC,kickReturnTDsOpponent,0,2026-09-29T20:11:17Z
2020,Mississippi State,SEC,kickReturnYards,393,2026-09-29T20:11:17Z
2020,Mississippi State,SEC,kickReturnYardsOpponent,171,2026-09-29T20:11:17Z
2020,Mississippi State,SEC,netPassingYards,3259,2026-09-29T20:11:17Z
2020,Mississippi State,SEC,netPassingYardsOpponent,2897,2026-09-29T20:11:17Z
2020,Mississippi State,SEC,passAttempts,557,2026-09-29T20:11:17Z
2020,Mississippi State,SEC,passAttemptsOpponent,389,2026-09-29T20:11:17Z
2020,Mississippi State,SEC,passCompletions,373,2026-09-29T20:11:17Z
2020,Mississippi State,SEC,passCompletionsOpponent,240,2026-09-29T20:11:17Z
2020,Mississippi State,SEC,passesIntercepted,10,2026-09-29T20:11:17Z
2020,Mississippi State,SEC,passesInterceptedOpponent,16,2026-09-29T20:11:17Z
2020,Mississippi State,SEC,passingTDs,17,2026-09-29T20:11:17Z
2020,Mississippi State,SEC,passingTDsOpponent,23,2026-09-29T20:11:17Z
2020,Mississippi State,SEC,penalties,72,2026-09-29T20:11:17Z
2020,Mississippi State,SEC,penaltiesOpponent,74,2026-09-29T20:11:17Z
2020,Mississippi State,SEC,penaltyYards,662,2026-09-29T20:11:17Z
2020,Mississippi State,SEC,penaltyYardsOpponent,637,2026-09-29T20:11:17Z
2020,Mississippi State,SEC,possessionTime,20401,2026-09-29T20:11:17Z
2020,Mississippi State,SEC,possessionTimeOpponent,19111,2026-09-29T20:11:17Z
2020,Mississippi State,SEC,puntReturns,10,2026-09-29T20:11:17Z
2020,Mississippi State,SEC,puntReturnsOpponent,17,2026-09-29T20:11:17Z
2020,Mississippi State,SEC,puntReturnTDs,0,2026-09-29T20:11:17Z
2020,Mississippi State,SEC,puntReturnTDsOpponent,0,2026-09-29T20:11:17Z
2020,Mississippi State,SEC,puntReturnYards,69,2026-09-29T20:11:17Z
2020,Mississippi State,SEC,puntReturnYardsOpponent,115,2026-09-29T20:11:17Z
2020,Mississippi State,SEC,rushingAttempts,203,2026-09-29T20:11:17Z
2020,Mississippi State,SEC,rushingAttemptsOpponent,391,2026-09-29T20:11:17Z
2020,Mississippi State,SEC,rushingTDs,8,2026-09-29T20:11:17Z
2020,Mississippi State,SEC,rushingTDsOpponent,11,2026-09-29T20:11:17Z
2020,Mississippi State,SEC,rushingYards,485,2026-09-29T20:11:17Z
2020,Mississippi State,SEC,rushingYardsOpponent,1392,2026-09-29T20:11:17Z
2020,Mississippi State,SEC,sacks,25,2026-09-29T20:11:17Z
2020,Mississippi State,SEC,sacksOpponent,34,2026-09-29T20:11:17Z
2020,Mississippi State,SEC,tacklesForLoss,61,2026-09-29T20:11:17Z
2020,Mississippi State,SEC,tacklesForLossOpponent,58,2026-09-29T20:11:17Z
2020,Mississippi State,SEC,thirdDownConversions,51,2026-09-29T20:11:17Z
2020,Mississippi State,SEC,thirdDownConversionsOpponent,67,2026-09-29T20:11:17Z
2020,Mississippi State,SEC,thirdDowns,157,2026-09-29T20:11:17Z
2020,Mississippi State,SEC,thirdDownsOpponent,162,2026-09-29T20:11:17Z
2020,Mississippi State,SEC,totalYards,3744,2026-09-29T20:11:17Z
2020,Mississippi State,SEC,totalYardsOpponent,4289,2026-09-29T20:11:17Z
2020,Mississippi State,SEC,turnovers,25,2026-09-29T20:11:17Z
2020,Mississippi State,SEC,turnoversOpponent,18,2026-09-29T20:11:17Z
2020,Missouri,SEC,firstDowns,222,2026-09-29T20:11:17Z
2020,Missouri,SEC,firstDownsOpponent,218,2026-09-29T20:11:17Z
2020,Missouri,SEC,fourthDownConversions,10,2026-09-29T20:11:17Z
2020,Missouri,SEC,fourthDownConversionsOpponent,13,2026-09-29T20:11:17Z
2020,Missouri,SEC,fourthDowns,18,2026-09-29T20:11:17Z
2020,Missouri,SEC,fourthDownsOpponent,18,2026-09-29T20:11:17Z
2020,Missouri,SEC,fumblesLost,8,2026-09-29T20:11:17Z
2020,Missouri,SEC,fumblesLostOpponent,5,2026-09-29T20:11:17Z
2020,Missouri,SEC,fumblesRecovered,5,2026-09-29T20:11:17Z
2020,Missouri,SEC,fumblesRecoveredOpponent,8,2026-09-29T20:11:17Z
2020,Missouri,SEC,games,10,2026-09-29T20:11:17Z
2020,Missouri,SEC,interceptions,6,2026-09-29T20:11:17Z
2020,Missouri,SEC,interceptionsOpponent,4,2026-09-29T20:11:17Z
2020,Missouri,SEC,interceptionTDs,1,2026-09-29T20:11:17Z
2020,Missouri,SEC,interceptionTDsOpponent,0,2026-09-29T20:11:17Z
2020,Missouri,SEC,interceptionYards,67,2026-09-29T20:11:17Z
2020,Missouri,SEC,interceptionYardsOpponent,67,2026-09-29T20:11:17Z
2020,Missouri,SEC,kickReturns,10,2026-09-29T20:11:17Z
2020,Missouri,SEC,kickReturnsOpponent,3,2026-09-29T20:11:17Z
2020,Missouri,SEC,kickReturnTDs,0,2026-09-29T20:11:17Z
2020,Missouri,SEC,kickReturnTDsOpponent,0,2026-09-29T20:11:17Z
2020,Missouri,SEC,kickReturnYards,163,2026-09-29T20:11:17Z
2020,Missouri,SEC,kickReturnYardsOpponent,51,2026-09-29T20:11:17Z
2020,Missouri,SEC,netPassingYards,2668,2026-09-29T20:11:17Z
2020,Missouri,SEC,netPassingYardsOpponent,2455,2026-09-29T20:11:17Z
2020,Missouri,SEC,passAttempts,363,2026-09-29T20:11:17Z
2020,Missouri,SEC,passAttemptsOpponent,309,2026-09-29T20:11:17Z
2020,Missouri,SEC,passCompletions,246,2026-09-29T20:11:17Z
2020,Missouri,SEC,passCompletionsOpponent,181,2026-09-29T20:11:17Z
2020,Missouri,SEC,passesIntercepted,2,2026-09-29T20:11:17Z
2020,Missouri,SEC,passesInterceptedOpponent,5,2026-09-29T20:11:17Z
2020,Missouri,SEC,passingTDs,9,2026-09-29T20:11:17Z
2020,Missouri,SEC,passingTDsOpponent,21,2026-09-29T20:11:17Z
2020,Missouri,SEC,penalties,58,2026-09-29T20:11:17Z
2020,Missouri,SEC,penaltiesOpponent,56,2026-09-29T20:11:17Z
2020,Missouri,SEC,penaltyYards,500,2026-09-29T20:11:17Z
2020,Missouri,SEC,penaltyYardsOpponent,457,2026-09-29T20:11:17Z
2020,Missouri,SEC,possessionTime,18411,2026-09-29T20:11:17Z
2020,Missouri,SEC,possessionTimeOpponent,17549,2026-09-29T20:11:17Z
2020,Missouri,SEC,puntReturns,10,2026-09-29T20:11:17Z
2020,Missouri,SEC,puntReturnsOpponent,9,2026-09-29T20:11:17Z
2020,Missouri,SEC,puntReturnTDs,0,2026-09-29T20:11:17Z
2020,Missouri,SEC,puntReturnTDsOpponent,0,2026-09-29T20:11:17Z
2020,Missouri,SEC,puntReturnYards,56,2026-09-29T20:11:17Z
2020,Missouri,SEC,puntReturnYardsOpponent,33,2026-09-29T20:11:17Z
2020,Missouri,SEC,rushingAttempts,350,2026-09-29T20:11:17Z
2020,Missouri,SEC,rushingAttemptsOpponent,360,2026-09-29T20:11:17Z
2020,Missouri,SEC,rushingTDs,21,2026-09-29T20:11:17Z
2020,Missouri,SEC,rushingTDsOpponent,19,2026-09-29T20:11:17Z
2020,Missouri,SEC,rushingYards,1362,2026-09-29T20:11:17Z
2020,Missouri,SEC,rushingYardsOpponent,1614,2026-09-29T20:11:17Z
2020,Missouri,SEC,sacks,19,2026-09-29T20:11:17Z
2020,Missouri,SEC,sacksOpponent,15,2026-09-29T20:11:17Z
2020,Missouri,SEC,tacklesForLoss,50,2026-09-29T20:11:17Z
2020,Missouri,SEC,tacklesForLossOpponent,56,2026-09-29T20:11:17Z
2020,Missouri,SEC,thirdDownConversions,61,2026-09-29T20:11:17Z
2020,Missouri,SEC,thirdDownConversionsOpponent,47,2026-09-29T20:11:17Z
2020,Missouri,SEC,thirdDowns,141,2026-09-29T20:11:17Z
2020,Missouri,SEC,thirdDownsOpponent,125,2026-09-29T20:11:17Z
2020,Missouri,SEC,totalYards,4030,2026-09-29T20:11:17Z
2020,Missouri,SEC,totalYardsOpponent,4069,2026-09-29T20:11:17Z
2020,Missouri,SEC,turnovers,14,2026-09-29T20:11:17Z
2020,Missouri,SEC,turnoversOpponent,9,2026-09-29T20:11:17Z
2020,Navy,American Athletic,firstDowns,143,2026-09-29T20:11:17Z
2020,Navy,American Athletic,firstDownsOpponent,198,2026-09-29T20:11:17Z
2020,Navy,American Athletic,fourthDownConversions,20,2026-09-29T20:11:17Z
2020,Navy,American Athletic,fourthDownConversionsOpponent,12,2026-09-29T20:11:17Z
2020,Navy,American Athletic,fourthDowns,30,2026-09-29T20:11:17Z
2020,Navy,American Athletic,fourthDownsOpponent,18,2026-09-29T20:11:17Z
2020,Navy,American Athletic,fumblesLost,7,2026-09-29T20:11:17Z
2020,Navy,American Athletic,fumblesLostOpponent,6,2026-09-29T20:11:17Z
2020,Navy,American Athletic,fumblesRecovered,6,2026-09-29T20:11:17Z
2020,Navy,American Athletic,fumblesRecoveredOpponent,7,2026-09-29T20:11:17Z
2020,Navy,American Athletic,games,10,2026-09-29T20:11:17Z
2020,Navy,American Athletic,interceptions,4,2026-09-29T20:11:17Z
2020,Navy,American Athletic,interceptionsOpponent,3,2026-09-29T20:11:17Z
2020,Navy,American Athletic,interceptionTDs,0,2026-09-29T20:11:17Z
2020,Navy,American Athletic,interceptionTDsOpponent,0,2026-09-29T20:11:17Z
2020,Navy,American Athletic,interceptionYards,25,2026-09-29T20:11:17Z
2020,Navy,American Athletic,interceptionYardsOpponent,61,2026-09-29T20:11:17Z
2020,Navy,American Athletic,kickReturns,12,2026-09-29T20:11:17Z
2020,Navy,American Athletic,kickReturnsOpponent,14,2026-09-29T20:11:17Z
2020,Navy,American Athletic,kickReturnTDs,0,2026-09-29T20:11:17Z
2020,Navy,American Athletic,kickReturnTDsOpponent,0,2026-09-29T20:11:17Z
2020,Navy,American Athletic,kickReturnYards,277,2026-09-29T20:11:17Z
2020,Navy,American Athletic,kickReturnYardsOpponent,234,2026-09-29T20:11:17Z
2020,Navy,American Athletic,netPassingYards,974,2026-09-29T20:11:17Z
2020,Navy,American Athletic,netPassingYardsOpponent,1813,2026-09-29T20:11:17Z
2020,Navy,American Athletic,passAttempts,124,2026-09-29T20:11:17Z
2020,Navy,American Athletic,passAttemptsOpponent,230,2026-09-29T20:11:17Z
2020,Navy,American Athletic,passCompletions,57,2026-09-29T20:11:17Z
2020,Navy,American Athletic,passCompletionsOpponent,140,2026-09-29T20:11:17Z
2020,Navy,American Athletic,passesIntercepted,3,2026-09-29T20:11:17Z
2020,Navy,American Athletic,passesInterceptedOpponent,4,2026-09-29T20:11:17Z
2020,Navy,American Athletic,passingTDs,6,2026-09-29T20:11:17Z
2020,Navy,American Athletic,passingTDsOpponent,11,2026-09-29T20:11:17Z
2020,Navy,American Athletic,penalties,44,2026-09-29T20:11:17Z
2020,Navy,American Athletic,penaltiesOpponent,46,2026-09-29T20:11:17Z
2020,Navy,American Athletic,penaltyYards,402,2026-09-29T20:11:17Z
2020,Navy,American Athletic,penaltyYardsOpponent,366,2026-09-29T20:11:17Z
2020,Navy,American Athletic,possessionTime,18192,2026-09-29T20:11:17Z
2020,Navy,American Athletic,possessionTimeOpponent,17745,2026-09-29T20:11:17Z
2020,Navy,American Athletic,puntReturns,10,2026-09-29T20:11:17Z
2020,Navy,American Athletic,puntReturnsOpponent,9,2026-09-29T20:11:17Z
2020,Navy,American Athletic,puntReturnTDs,0,2026-09-29T20:11:17Z
2020,Navy,American Athletic,puntReturnTDsOpponent,0,2026-09-29T20:11:17Z
2020,Navy,American Athletic,puntReturnYards,26,2026-09-29T20:11:17Z
2020,Navy,American Athletic,puntReturnYardsOpponent,70,2026-09-29T20:11:17Z
2020,Navy,American Athletic,rushingAttempts,483,2026-09-29T20:11:17Z
2020,Navy,American Athletic,rushingAttemptsOpponent,414,2026-09-29T20:11:17Z
2020,Navy,American Athletic,rushingTDs,15,2026-09-29T20:11:17Z
2020,Navy,American Athletic,rushingTDsOpponent,23,2026-09-29T20:11:17Z
2020,Navy,American Athletic,rushingYards,1776,2026-09-29T20:11:17Z
2020,Navy,American Athletic,rushingYardsOpponent,2047,2026-09-29T20:11:17Z
2020,Navy,American Athletic,sacks,6,2026-09-29T20:11:17Z
2020,Navy,American Athletic,sacksOpponent,21,2026-09-29T20:11:17Z
2020,Navy,American Athletic,tacklesForLoss,45,2026-09-29T20:11:17Z
2020,Navy,American Athletic,tacklesForLossOpponent,63,2026-09-29T20:11:17Z
2020,Navy,American Athletic,thirdDownConversions,47,2026-09-29T20:11:17Z
2020,Navy,American Athletic,thirdDownConversionsOpponent,48,2026-09-29T20:11:17Z
2020,Navy,American Athletic,thirdDowns,140,2026-09-29T20:11:17Z
2020,Navy,American Athletic,thirdDownsOpponent,126,2026-09-29T20:11:17Z
2020,Navy,American Athletic,totalYards,2750,2026-09-29T20:11:17Z
2020,Navy,American Athletic,totalYardsOpponent,3860,2026-09-29T20:11:17Z
2020,Navy,American Athletic,turnovers,11,2026-09-29T20:11:17Z
2020,Navy,American Athletic,turnoversOpponent,9,2026-09-29T20:11:17Z
2020,NC State,ACC,firstDowns,267,2026-09-29T20:11:17Z
2020,NC State,ACC,firstDownsOpponent,283,2026-09-29T20:11:17Z
2020,NC State,ACC,fourthDownConversions,8,2026-09-29T20:11:17Z
2020,NC State,ACC,fourthDownConversionsOpponent,16,2026-09-29T20:11:17Z
2020,NC State,ACC,fourthDowns,12,2026-09-29T20:11:17Z
2020,NC State,ACC,fourthDownsOpponent,30,2026-09-29T20:11:17Z
2020,NC State,ACC,fumblesLost,4,2026-09-29T20:11:17Z
2020,NC State,ACC,fumblesLostOpponent,3,2026-09-29T20:11:17Z
2020,NC State,ACC,fumblesRecovered,3,2026-09-29T20:11:17Z
2020,NC State,ACC,fumblesRecoveredOpponent,4,2026-09-29T20:11:17Z
2020,NC State,ACC,games,12,2026-09-29T20:11:17Z
2020,NC State,ACC,interceptions,15,2026-09-29T20:11:17Z
2020,NC State,ACC,interceptionsOpponent,10,2026-09-29T20:11:17Z
2020,NC State,ACC,interceptionTDs,1,2026-09-29T20:11:17Z
2020,NC State,ACC,interceptionTDsOpponent,1,2026-09-29T20:11:17Z
2020,NC State,ACC,interceptionYards,67,2026-09-29T20:11:17Z
2020,NC State,ACC,interceptionYardsOpponent,164,2026-09-29T20:11:17Z
2020,NC State,ACC,kickReturns,23,2026-09-29T20:11:17Z
2020,NC State,ACC,kickReturnsOpponent,28,2026-09-29T20:11:17Z
2020,NC State,ACC,kickReturnTDs,1,2026-09-29T20:11:17Z
2020,NC State,ACC,kickReturnTDsOpponent,1,2026-09-29T20:11:17Z
2020,NC State,ACC,kickReturnYards,526,2026-09-29T20:11:17Z
2020,NC State,ACC,kickReturnYardsOpponent,619,2026-09-29T20:11:17Z
2020,NC State,ACC,netPassingYards,3143,2026-09-29T20:11:17Z
2020,NC State,ACC,netPassingYardsOpponent,2900,2026-09-29T20:11:17Z
2020,NC State,ACC,passAttempts,400,2026-09-29T20:11:17Z
2020,NC State,ACC,passAttemptsOpponent,420,2026-09-29T20:11:17Z
2020,NC State,ACC,passCompletions,251,2026-09-29T20:11:17Z
2020,NC State,ACC,passCompletionsOpponent,246,2026-09-29T20:11:17Z
2020,NC State,ACC,passesIntercepted,9,2026-09-29T20:11:17Z
2020,NC State,ACC,passesInterceptedOpponent,15,2026-09-29T20:11:17Z
2020,NC State,ACC,passingTDs,24,2026-09-29T20:11:17Z
2020,NC State,ACC,passingTDsOpponent,20,2026-09-29T20:11:17Z
2020,NC State,ACC,penalties,97,2026-09-29T20:11:17Z
2020,NC State,ACC,penaltiesOpponent,95,2026-09-29T20:11:17Z
2020,NC State,ACC,penaltyYards,891,2026-09-29T20:11:17Z
2020,NC State,ACC,penaltyYardsOpponent,886,2026-09-29T20:11:17Z
2020,NC State,ACC,possessionTime,21565,2026-09-29T20:11:17Z
2020,NC State,ACC,possessionTimeOpponent,22288,2026-09-29T20:11:17Z
2020,NC State,ACC,puntReturns,12,2026-09-29T20:11:17Z
2020,NC State,ACC,puntReturnsOpponent,22,2026-09-29T20:11:17Z
2020,NC State,ACC,puntReturnTDs,1,2026-09-29T20:11:17Z
2020,NC State,ACC,puntReturnTDsOpponent,1,2026-09-29T20:11:17Z
2020,NC State,ACC,puntReturnYards,130,2026-09-29T20:11:17Z
2020,NC State,ACC,puntReturnYardsOpponent,195,2026-09-29T20:11:17Z
2020,NC State,ACC,rushingAttempts,434,2026-09-29T20:11:17Z
2020,NC State,ACC,rushingAttemptsOpponent,488,2026-09-29T20:11:17Z
2020,NC State,ACC,rushingTDs,20,2026-09-29T20:11:17Z
2020,NC State,ACC,rushingTDsOpponent,18,2026-09-29T20:11:17Z
2020,NC State,ACC,rushingYards,1480,2026-09-29T20:11:17Z
2020,NC State,ACC,rushingYardsOpponent,2086,2026-09-29T20:11:17Z
2020,NC State,ACC,sacks,33,2026-09-29T20:11:17Z
2020,NC State,ACC,sacksOpponent,31,2026-09-29T20:11:17Z
2020,NC State,ACC,tacklesForLoss,91,2026-09-29T20:11:17Z
2020,NC State,ACC,tacklesForLossOpponent,77,2026-09-29T20:11:17Z
2020,NC State,ACC,thirdDownConversions,71,2026-09-29T20:11:17Z
2020,NC State,ACC,thirdDownConversionsOpponent,67,2026-09-29T20:11:17Z
2020,NC State,ACC,thirdDowns,161,2026-09-29T20:11:17Z
2020,NC State,ACC,thirdDownsOpponent,183,2026-09-29T20:11:17Z
2020,NC State,ACC,totalYards,4623,2026-09-29T20:11:17Z
2020,NC State,ACC,totalYardsOpponent,4986,2026-09-29T20:11:17Z
2020,NC State,ACC,turnovers,19,2026-09-29T20:11:17Z
2020,NC State,ACC,turnoversOpponent,13,2026-09-29T20:11:17Z
2020,Nebraska,Big Ten,firstDowns,170,2026-09-29T20:11:17Z
2020,Nebraska,Big Ten,firstDownsOpponent,166,2026-09-29T20:11:17Z
2020,Nebraska,Big Ten,fourthDownConversions,8,2026-09-29T20:11:17Z
2020,Nebraska,Big Ten,fourthDownConversionsOpponent,13,2026-09-29T20:11:17Z
2020,Nebraska,Big Ten,fourthDowns,13,2026-09-29T20:11:17Z
2020,Nebraska,Big Ten,fourthDownsOpponent,20,2026-09-29T20:11:17Z
2020,Nebraska,Big Ten,fumblesLost,9,2026-09-29T20:11:17Z
2020,Nebraska,Big Ten,fumblesLostOpponent,2,2026-09-29T20:11:17Z
2020,Nebraska,Big Ten,fumblesRecovered,2,2026-09-29T20:11:17Z
2020,Nebraska,Big Ten,fumblesRecoveredOpponent,10,2026-09-29T20:11:17Z
2020,Nebraska,Big Ten,games,8,2026-09-29T20:11:17Z
2020,Nebraska,Big Ten,interceptions,9,2026-09-29T20:11:17Z
2020,Nebraska,Big Ten,interceptionsOpponent,5,2026-09-29T20:11:17Z
2020,Nebraska,Big Ten,interceptionTDs,0,2026-09-29T20:11:17Z
2020,Nebraska,Big Ten,interceptionTDsOpponent,0,2026-09-29T20:11:17Z
2020,Nebraska,Big Ten,interceptionYards,102,2026-09-29T20:11:17Z
2020,Nebraska,Big Ten,interceptionYardsOpponent,45,2026-09-29T20:11:17Z
2020,Nebraska,Big Ten,kickReturns,15,2026-09-29T20:11:17Z
2020,Nebraska,Big Ten,kickReturnsOpponent,22,2026-09-29T20:11:17Z
2020,Nebraska,Big Ten,kickReturnTDs,0,2026-09-29T20:11:17Z
2020,Nebraska,Big Ten,kickReturnTDsOpponent,1,2026-09-29T20:11:17Z
2020,Nebraska,Big Ten,kickReturnYards,274,2026-09-29T20:11:17Z
2020,Nebraska,Big Ten,kickReturnYardsOpponent,498,2026-09-29T20:11:17Z
2020,Nebraska,Big Ten,netPassingYards,1504,2026-09-29T20:11:17Z
2020,Nebraska,Big Ten,netPassingYardsOpponent,1736,2026-09-29T20:11:17Z
2020,Nebraska,Big Ten,passAttempts,228,2026-09-29T20:11:17Z
2020,Nebraska,Big Ten,passAttemptsOpponent,241,2026-09-29T20:11:17Z
2020,Nebraska,Big Ten,passCompletions,155,2026-09-29T20:11:17Z
2020,Nebraska,Big Ten,passCompletionsOpponent,152,2026-09-29T20:11:17Z
2020,Nebraska,Big Ten,passesIntercepted,5,2026-09-29T20:11:17Z
2020,Nebraska,Big Ten,passesInterceptedOpponent,9,2026-09-29T20:11:17Z
2020,Nebraska,Big Ten,passingTDs,5,2026-09-29T20:11:17Z
2020,Nebraska,Big Ten,passingTDsOpponent,10,2026-09-29T20:11:17Z
2020,Nebraska,Big Ten,penalties,54,2026-09-29T20:11:17Z
2020,Nebraska,Big Ten,penaltiesOpponent,39,2026-09-29T20:11:17Z
2020,Nebraska,Big Ten,penaltyYards,485,2026-09-29T20:11:17Z
2020,Nebraska,Big Ten,penaltyYardsOpponent,358,2026-09-29T20:11:17Z
2020,Nebraska,Big Ten,possessionTime,13642,2026-09-29T20:11:17Z
2020,Nebraska,Big Ten,possessionTimeOpponent,14891,2026-09-29T20:11:17Z
2020,Nebraska,Big Ten,puntReturns,9,2026-09-29T20:11:17Z
2020,Nebraska,Big Ten,puntReturnsOpponent,12,2026-09-29T20:11:17Z
2020,Nebraska,Big Ten,puntReturnTDs,0,2026-09-29T20:11:17Z
2020,Nebraska,Big Ten,puntReturnTDsOpponent,0,2026-09-29T20:11:17Z
2020,Nebraska,Big Ten,puntReturnYards,120,2026-09-29T20:11:17Z
2020,Nebraska,Big Ten,puntReturnYardsOpponent,146,2026-09-29T20:11:17Z
2020,Nebraska,Big Ten,rushingAttempts,334,2026-09-29T20:11:17Z
2020,Nebraska,Big Ten,rushingAttemptsOpponent,324,2026-09-29T20:11:17Z
2020,Nebraska,Big Ten,rushingTDs,15,2026-09-29T20:11:17Z
2020,Nebraska,Big Ten,rushingTDsOpponent,15,2026-09-29T20:11:17Z
2020,Nebraska,Big Ten,rushingYards,1611,2026-09-29T20:11:17Z
2020,Nebraska,Big Ten,rushingYardsOpponent,1366,2026-09-29T20:11:17Z
2020,Nebraska,Big Ten,sacks,13,2026-09-29T20:11:17Z
2020,Nebraska,Big Ten,sacksOpponent,16,2026-09-29T20:11:17Z
2020,Nebraska,Big Ten,tacklesForLoss,53,2026-09-29T20:11:17Z
2020,Nebraska,Big Ten,tacklesForLossOpponent,49,2026-09-29T20:11:17Z
2020,Nebraska,Big Ten,thirdDownConversions,37,2026-09-29T20:11:17Z
2020,Nebraska,Big Ten,thirdDownConversionsOpponent,47,2026-09-29T20:11:17Z
2020,Nebraska,Big Ten,thirdDowns,103,2026-09-29T20:11:17Z
2020,Nebraska,Big Ten,thirdDownsOpponent,116,2026-09-29T20:11:17Z
2020,Nebraska,Big Ten,totalYards,3115,2026-09-29T20:11:17Z
2020,Nebraska,Big Ten,totalYardsOpponent,3102,2026-09-29T20:11:17Z
2020,Nebraska,Big Ten,turnovers,18,2026-09-29T20:11:17Z
2020,Nebraska,Big Ten,turnoversOpponent,7,2026-09-29T20:11:17Z
2020,Nevada,Mountain West,firstDowns,191,2026-09-29T20:11:17Z
2020,Nevada,Mountain West,firstDownsOpponent,180,2026-09-29T20:11:17Z
2020,Nevada,Mountain West,fourthDownConversions,12,2026-09-29T20:11:17Z
2020,Nevada,Mountain West,fourthDownConversionsOpponent,12,2026-09-29T20:11:17Z
2020,Nevada,Mountain West,fourthDowns,18,2026-09-29T20:11:17Z
2020,Nevada,Mountain West,fourthDownsOpponent,25,2026-09-29T20:11:17Z
2020,Nevada,Mountain West,fumblesLost,5,2026-09-29T20:11:17Z
2020,Nevada,Mountain West,fumblesLostOpponent,3,2026-09-29T20:11:17Z
2020,Nevada,Mountain West,fumblesRecovered,3,2026-09-29T20:11:17Z
2020,Nevada,Mountain West,fumblesRecoveredOpponent,5,2026-09-29T20:11:17Z
2020,Nevada,Mountain West,games,9,2026-09-29T20:11:17Z
2020,Nevada,Mountain West,interceptions,4,2026-09-29T20:11:17Z
2020,Nevada,Mountain West,interceptionsOpponent,6,2026-09-29T20:11:17Z
2020,Nevada,Mountain West,interceptionTDs,0,2026-09-29T20:11:17Z
2020,Nevada,Mountain West,interceptionTDsOpponent,0,2026-09-29T20:11:17Z
2020,Nevada,Mountain West,interceptionYards,87,2026-09-29T20:11:17Z
2020,Nevada,Mountain West,interceptionYardsOpponent,61,2026-09-29T20:11:17Z
2020,Nevada,Mountain West,kickReturns,27,2026-09-29T20:11:17Z
2020,Nevada,Mountain West,kickReturnsOpponent,25,2026-09-29T20:11:17Z
2020,Nevada,Mountain West,kickReturnTDs,0,2026-09-29T20:11:17Z
2020,Nevada,Mountain West,kickReturnTDsOpponent,1,2026-09-29T20:11:17Z
2020,Nevada,Mountain West,kickReturnYards,590,2026-09-29T20:11:17Z
2020,Nevada,Mountain West,kickReturnYardsOpponent,618,2026-09-29T20:11:17Z
2020,Nevada,Mountain West,netPassingYards,2857,2026-09-29T20:11:17Z
2020,Nevada,Mountain West,netPassingYardsOpponent,2149,2026-09-29T20:11:17Z
2020,Nevada,Mountain West,passAttempts,357,2026-09-29T20:11:17Z
2020,Nevada,Mountain West,passAttemptsOpponent,316,2026-09-29T20:11:17Z
2020,Nevada,Mountain West,passCompletions,249,2026-09-29T20:11:17Z
2020,Nevada,Mountain West,passCompletionsOpponent,191,2026-09-29T20:11:17Z
2020,Nevada,Mountain West,passesIntercepted,6,2026-09-29T20:11:17Z
2020,Nevada,Mountain West,passesInterceptedOpponent,4,2026-09-29T20:11:17Z
2020,Nevada,Mountain West,passingTDs,26,2026-09-29T20:11:17Z
2020,Nevada,Mountain West,passingTDsOpponent,13,2026-09-29T20:11:17Z
2020,Nevada,Mountain West,penalties,71,2026-09-29T20:11:17Z
2020,Nevada,Mountain West,penaltiesOpponent,49,2026-09-29T20:11:17Z
2020,Nevada,Mountain West,penaltyYards,625,2026-09-29T20:11:17Z
2020,Nevada,Mountain West,penaltyYardsOpponent,400,2026-09-29T20:11:17Z
2020,Nevada,Mountain West,possessionTime,17038,2026-09-29T20:11:17Z
2020,Nevada,Mountain West,possessionTimeOpponent,15280,2026-09-29T20:11:17Z
2020,Nevada,Mountain West,puntReturns,14,2026-09-29T20:11:17Z
2020,Nevada,Mountain West,puntReturnsOpponent,9,2026-09-29T20:11:17Z
2020,Nevada,Mountain West,puntReturnTDs,0,2026-09-29T20:11:17Z
2020,Nevada,Mountain West,puntReturnTDsOpponent,0,2026-09-29T20:11:17Z
2020,Nevada,Mountain West,puntReturnYards,113,2026-09-29T20:11:17Z
2020,Nevada,Mountain West,puntReturnYardsOpponent,80,2026-09-29T20:11:17Z
2020,Nevada,Mountain West,rushingAttempts,254,2026-09-29T20:11:17Z
2020,Nevada,Mountain West,rushingAttemptsOpponent,312,2026-09-29T20:11:17Z
2020,Nevada,Mountain West,rushingTDs,7,2026-09-29T20:11:17Z
2020,Nevada,Mountain West,rushingTDsOpponent,12,2026-09-29T20:11:17Z
2020,Nevada,Mountain West,rushingYards,1091,2026-09-29T20:11:17Z
2020,Nevada,Mountain West,rushingYardsOpponent,1243,2026-09-29T20:11:17Z
2020,Nevada,Mountain West,sacks,23,2026-09-29T20:11:17Z
2020,Nevada,Mountain West,sacksOpponent,20,2026-09-29T20:11:17Z
2020,Nevada,Mountain West,tacklesForLoss,52,2026-09-29T20:11:17Z
2020,Nevada,Mountain West,tacklesForLossOpponent,58,2026-09-29T20:11:17Z
2020,Nevada,Mountain West,thirdDownConversions,49,2026-09-29T20:11:17Z
2020,Nevada,Mountain West,thirdDownConversionsOpponent,47,2026-09-29T20:11:17Z
2020,Nevada,Mountain West,thirdDowns,118,2026-09-29T20:11:17Z
2020,Nevada,Mountain West,thirdDownsOpponent,134,2026-09-29T20:11:17Z
2020,Nevada,Mountain West,totalYards,3948,2026-09-29T20:11:17Z
2020,Nevada,Mountain West,totalYardsOpponent,3392,2026-09-29T20:11:17Z
2020,Nevada,Mountain West,turnovers,9,2026-09-29T20:11:17Z
2020,Nevada,Mountain West,turnoversOpponent,9,2026-09-29T20:11:17Z
2020,New Mexico,Mountain West,firstDowns,152,2026-09-29T20:11:17Z
2020,New Mexico,Mountain West,firstDownsOpponent,145,2026-09-29T20:11:17Z
2020,New Mexico,Mountain West,fourthDownConversions,2,2026-09-29T20:11:17Z
2020,New Mexico,Mountain West,fourthDownConversionsOpponent,6,2026-09-29T20:11:17Z
2020,New Mexico,Mountain West,fourthDowns,8,2026-09-29T20:11:17Z
2020,New Mexico,Mountain West,fourthDownsOpponent,11,2026-09-29T20:11:17Z
2020,New Mexico,Mountain West,fumblesLost,3,2026-09-29T20:11:17Z
2020,New Mexico,Mountain West,fumblesLostOpponent,7,2026-09-29T20:11:17Z
2020,New Mexico,Mountain West,fumblesRecovered,7,2026-09-29T20:11:17Z
2020,New Mexico,Mountain West,fumblesRecoveredOpponent,3,2026-09-29T20:11:17Z
2020,New Mexico,Mountain West,games,7,2026-09-29T20:11:17Z
2020,New Mexico,Mountain West,interceptions,6,2026-09-29T20:11:17Z
2020,New Mexico,Mountain West,interceptionsOpponent,6,2026-09-29T20:11:17Z
2020,New Mexico,Mountain West,interceptionTDs,0,2026-09-29T20:11:17Z
2020,New Mexico,Mountain West,interceptionTDsOpponent,0,2026-09-29T20:11:17Z
2020,New Mexico,Mountain West,interceptionYards,76,2026-09-29T20:11:17Z
2020,New Mexico,Mountain West,interceptionYardsOpponent,20,2026-09-29T20:11:17Z
2020,New Mexico,Mountain West,kickReturns,28,2026-09-29T20:11:17Z
2020,New Mexico,Mountain West,kickReturnsOpponent,23,2026-09-29T20:11:17Z
2020,New Mexico,Mountain West,kickReturnTDs,0,2026-09-29T20:11:17Z
2020,New Mexico,Mountain West,kickReturnTDsOpponent,0,2026-09-29T20:11:17Z
2020,New Mexico,Mountain West,kickReturnYards,560,2026-09-29T20:11:17Z
2020,New Mexico,Mountain West,kickReturnYardsOpponent,481,2026-09-29T20:11:17Z
2020,New Mexico,Mountain West,netPassingYards,1386,2026-09-29T20:11:17Z
2020,New Mexico,Mountain West,netPassingYardsOpponent,1981,2026-09-29T20:11:17Z
2020,New Mexico,Mountain West,passAttempts,215,2026-09-29T20:11:17Z
2020,New Mexico,Mountain West,passAttemptsOpponent,219,2026-09-29T20:11:17Z
2020,New Mexico,Mountain West,passCompletions,122,2026-09-29T20:11:17Z
2020,New Mexico,Mountain West,passCompletionsOpponent,143,2026-09-29T20:11:17Z
2020,New Mexico,Mountain West,passesIntercepted,6,2026-09-29T20:11:17Z
2020,New Mexico,Mountain West,passesInterceptedOpponent,6,2026-09-29T20:11:17Z
2020,New Mexico,Mountain West,passingTDs,8,2026-09-29T20:11:17Z
2020,New Mexico,Mountain West,passingTDsOpponent,18,2026-09-29T20:11:17Z
2020,New Mexico,Mountain West,penalties,42,2026-09-29T20:11:17Z
2020,New Mexico,Mountain West,penaltiesOpponent,39,2026-09-29T20:11:17Z
2020,New Mexico,Mountain West,penaltyYards,404,2026-09-29T20:11:17Z
2020,New Mexico,Mountain West,penaltyYardsOpponent,347,2026-09-29T20:11:17Z
2020,New Mexico,Mountain West,possessionTime,12765,2026-09-29T20:11:17Z
2020,New Mexico,Mountain West,possessionTimeOpponent,12239,2026-09-29T20:11:17Z
2020,New Mexico,Mountain West,puntReturns,5,2026-09-29T20:11:17Z
2020,New Mexico,Mountain West,puntReturnsOpponent,8,2026-09-29T20:11:17Z
2020,New Mexico,Mountain West,puntReturnTDs,0,2026-09-29T20:11:17Z
2020,New Mexico,Mountain West,puntReturnTDsOpponent,0,2026-09-29T20:11:17Z
2020,New Mexico,Mountain West,puntReturnYards,32,2026-09-29T20:11:17Z
2020,New Mexico,Mountain West,puntReturnYardsOpponent,64,2026-09-29T20:11:17Z
2020,New Mexico,Mountain West,rushingAttempts,289,2026-09-29T20:11:17Z
2020,New Mexico,Mountain West,rushingAttemptsOpponent,241,2026-09-29T20:11:17Z
2020,New Mexico,Mountain West,rushingTDs,12,2026-09-29T20:11:17Z
2020,New Mexico,Mountain West,rushingTDsOpponent,9,2026-09-29T20:11:17Z
2020,New Mexico,Mountain West,rushingYards,1370,2026-09-29T20:11:17Z
2020,New Mexico,Mountain West,rushingYardsOpponent,1149,2026-09-29T20:11:17Z
2020,New Mexico,Mountain West,sacks,14,2026-09-29T20:11:17Z
2020,New Mexico,Mountain West,sacksOpponent,16,2026-09-29T20:11:17Z
2020,New Mexico,Mountain West,tacklesForLoss,33,2026-09-29T20:11:17Z
2020,New Mexico,Mountain West,tacklesForLossOpponent,44,2026-09-29T20:11:17Z
2020,New Mexico,Mountain West,thirdDownConversions,46,2026-09-29T20:11:17Z
2020,New Mexico,Mountain West,thirdDownConversionsOpponent,38,2026-09-29T20:11:17Z
2020,New Mexico,Mountain West,thirdDowns,107,2026-09-29T20:11:17Z
2020,New Mexico,Mountain West,thirdDownsOpponent,89,2026-09-29T20:11:17Z
2020,New Mexico,Mountain West,totalYards,2756,2026-09-29T20:11:17Z
2020,New Mexico,Mountain West,totalYardsOpponent,3130,2026-09-29T20:11:17Z
2020,New Mexico,Mountain West,turnovers,9,2026-09-29T20:11:17Z
2020,New Mexico,Mountain West,turnoversOpponent,13,2026-09-29T20:11:17Z
2020,New Mexico State,FBS Independents,games,2,2026-09-29T20:11:17Z
2020,North Carolina,ACC,firstDowns,316,2026-09-29T20:11:17Z
2020,North Carolina,ACC,firstDownsOpponent,257,2026-09-29T20:11:17Z
2020,North Carolina,ACC,fourthDownConversions,11,2026-09-29T20:11:17Z
2020,North Carolina,ACC,fourthDownConversionsOpponent,10,2026-09-29T20:11:17Z
2020,North Carolina,ACC,fourthDowns,19,2026-09-29T20:11:17Z
2020,North Carolina,ACC,fourthDownsOpponent,19,2026-09-29T20:11:17Z
2020,North Carolina,ACC,fumblesLost,5,2026-09-29T20:11:17Z
2020,North Carolina,ACC,fumblesLostOpponent,3,2026-09-29T20:11:17Z
2020,North Carolina,ACC,fumblesRecovered,3,2026-09-29T20:11:17Z
2020,North Carolina,ACC,fumblesRecoveredOpponent,5,2026-09-29T20:11:17Z
2020,North Carolina,ACC,games,12,2026-09-29T20:11:17Z
2020,North Carolina,ACC,interceptions,8,2026-09-29T20:11:17Z
2020,North Carolina,ACC,interceptionsOpponent,8,2026-09-29T20:11:17Z
2020,North Carolina,ACC,interceptionTDs,0,2026-09-29T20:11:17Z
2020,North Carolina,ACC,interceptionTDsOpponent,1,2026-09-29T20:11:17Z
2020,North Carolina,ACC,interceptionYards,91,2026-09-29T20:11:17Z
2020,North Carolina,ACC,interceptionYardsOpponent,93,2026-09-29T20:11:17Z
2020,North Carolina,ACC,kickReturns,11,2026-09-29T20:11:17Z
2020,North Carolina,ACC,kickReturnsOpponent,11,2026-09-29T20:11:17Z
2020,North Carolina,ACC,kickReturnTDs,0,2026-09-29T20:11:17Z
2020,North Carolina,ACC,kickReturnTDsOpponent,0,2026-09-29T20:11:17Z
2020,North Carolina,ACC,kickReturnYards,214,2026-09-29T20:11:17Z
2020,North Carolina,ACC,kickReturnYardsOpponent,236,2026-09-29T20:11:17Z
2020,North Carolina,ACC,netPassingYards,3617,2026-09-29T20:11:17Z
2020,North Carolina,ACC,netPassingYardsOpponent,2960,2026-09-29T20:11:17Z
2020,North Carolina,ACC,passAttempts,357,2026-09-29T20:11:17Z
2020,North Carolina,ACC,passAttemptsOpponent,395,2026-09-29T20:11:17Z
2020,North Carolina,ACC,passCompletions,244,2026-09-29T20:11:17Z
2020,North Carolina,ACC,passCompletionsOpponent,230,2026-09-29T20:11:17Z
2020,North Carolina,ACC,passesIntercepted,8,2026-09-29T20:11:17Z
2020,North Carolina,ACC,passesInterceptedOpponent,8,2026-09-29T20:11:17Z
2020,North Carolina,ACC,passingTDs,31,2026-09-29T20:11:17Z
2020,North Carolina,ACC,passingTDsOpponent,17,2026-09-29T20:11:17Z
2020,North Carolina,ACC,penalties,83,2026-09-29T20:11:17Z
2020,North Carolina,ACC,penaltiesOpponent,80,2026-09-29T20:11:17Z
2020,North Carolina,ACC,penaltyYards,808,2026-09-29T20:11:17Z
2020,North Carolina,ACC,penaltyYardsOpponent,666,2026-09-29T20:11:17Z
2020,North Carolina,ACC,possessionTime,22169,2026-09-29T20:11:17Z
2020,North Carolina,ACC,possessionTimeOpponent,20983,2026-09-29T20:11:17Z
2020,North Carolina,ACC,puntReturns,18,2026-09-29T20:11:17Z
2020,North Carolina,ACC,puntReturnsOpponent,11,2026-09-29T20:11:17Z
2020,North Carolina,ACC,puntReturnTDs,0,2026-09-29T20:11:17Z
2020,North Carolina,ACC,puntReturnTDsOpponent,0,2026-09-29T20:11:17Z
2020,North Carolina,ACC,puntReturnYards,167,2026-09-29T20:11:17Z
2020,North Carolina,ACC,puntReturnYardsOpponent,101,2026-09-29T20:11:17Z
2020,North Carolina,ACC,rushingAttempts,492,2026-09-29T20:11:17Z
2020,North Carolina,ACC,rushingAttemptsOpponent,434,2026-09-29T20:11:17Z
2020,North Carolina,ACC,rushingTDs,35,2026-09-29T20:11:17Z
2020,North Carolina,ACC,rushingTDsOpponent,25,2026-09-29T20:11:17Z
2020,North Carolina,ACC,rushingYards,2830,2026-09-29T20:11:17Z
2020,North Carolina,ACC,rushingYardsOpponent,1854,2026-09-29T20:11:17Z
2020,North Carolina,ACC,sacks,36,2026-09-29T20:11:17Z
2020,North Carolina,ACC,sacksOpponent,34,2026-09-29T20:11:17Z
2020,North Carolina,ACC,tacklesForLoss,69,2026-09-29T20:11:17Z
2020,North Carolina,ACC,tacklesForLossOpponent,75,2026-09-29T20:11:17Z
2020,North Carolina,ACC,thirdDownConversions,64,2026-09-29T20:11:17Z
2020,North Carolina,ACC,thirdDownConversionsOpponent,63,2026-09-29T20:11:17Z
2020,North Carolina,ACC,thirdDowns,141,2026-09-29T20:11:17Z
2020,North Carolina,ACC,thirdDownsOpponent,166,2026-09-29T20:11:17Z
2020,North Carolina,ACC,totalYards,6447,2026-09-29T20:11:17Z
2020,North Carolina,ACC,totalYardsOpponent,4814,2026-09-29T20:11:17Z
2020,North Carolina,ACC,turnovers,13,2026-09-29T20:11:17Z
2020,North Carolina,ACC,turnoversOpponent,11,2026-09-29T20:11:17Z
2020,Northern Illinois,Mid-American,firstDowns,129,2026-09-29T20:11:17Z
2020,Northern Illinois,Mid-American,firstDownsOpponent,128,2026-09-29T20:11:17Z
2020,Northern Illinois,Mid-American,fourthDownConversions,12,2026-09-29T20:11:17Z
2020,Northern Illinois,Mid-American,fourthDownConversionsOpponent,7,2026-09-29T20:11:17Z
2020,Northern Illinois,Mid-American,fourthDowns,19,2026-09-29T20:11:17Z
2020,Northern Illinois,Mid-American,fourthDownsOpponent,11,2026-09-29T20:11:17Z
2020,Northern Illinois,Mid-American,fumblesLost,8,2026-09-29T20:11:17Z
2020,Northern Illinois,Mid-American,fumblesLostOpponent,2,2026-09-29T20:11:17Z
2020,Northern Illinois,Mid-American,fumblesRecovered,2,2026-09-29T20:11:17Z
2020,Northern Illinois,Mid-American,fumblesRecoveredOpponent,8,2026-09-29T20:11:17Z
2020,Northern Illinois,Mid-American,games,6,2026-09-29T20:11:17Z
2020,Northern Illinois,Mid-American,interceptions,2,2026-09-29T20:11:17Z
2020,Northern Illinois,Mid-American,interceptionsOpponent,5,2026-09-29T20:11:17Z
2020,Northern Illinois,Mid-American,interceptionTDs,0,2026-09-29T20:11:17Z
2020,Northern Illinois,Mid-American,interceptionTDsOpponent,2,2026-09-29T20:11:17Z
2020,Northern Illinois,Mid-American,interceptionYards,8,2026-09-29T20:11:17Z
2020,Northern Illinois,Mid-American,interceptionYardsOpponent,136,2026-09-29T20:11:17Z
2020,Northern Illinois,Mid-American,kickReturns,32,2026-09-29T20:11:17Z
2020,Northern Illinois,Mid-American,kickReturnsOpponent,18,2026-09-29T20:11:17Z
2020,Northern Illinois,Mid-American,kickReturnTDs,0,2026-09-29T20:11:17Z
2020,Northern Illinois,Mid-American,kickReturnTDsOpponent,1,2026-09-29T20:11:17Z
2020,Northern Illinois,Mid-American,kickReturnYards,721,2026-09-29T20:11:17Z
2020,Northern Illinois,Mid-American,kickReturnYardsOpponent,310,2026-09-29T20:11:17Z
2020,Northern Illinois,Mid-American,netPassingYards,1443,2026-09-29T20:11:17Z
2020,Northern Illinois,Mid-American,netPassingYardsOpponent,1469,2026-09-29T20:11:17Z
2020,Northern Illinois,Mid-American,passAttempts,221,2026-09-29T20:11:17Z
2020,Northern Illinois,Mid-American,passAttemptsOpponent,159,2026-09-29T20:11:17Z
2020,Northern Illinois,Mid-American,passCompletions,127,2026-09-29T20:11:17Z
2020,Northern Illinois,Mid-American,passCompletionsOpponent,103,2026-09-29T20:11:17Z
2020,Northern Illinois,Mid-American,passesIntercepted,5,2026-09-29T20:11:17Z
2020,Northern Illinois,Mid-American,passesInterceptedOpponent,2,2026-09-29T20:11:17Z
2020,Northern Illinois,Mid-American,passingTDs,11,2026-09-29T20:11:17Z
2020,Northern Illinois,Mid-American,passingTDsOpponent,10,2026-09-29T20:11:17Z
2020,Northern Illinois,Mid-American,penalties,41,2026-09-29T20:11:17Z
2020,Northern Illinois,Mid-American,penaltiesOpponent,43,2026-09-29T20:11:17Z
2020,Northern Illinois,Mid-American,penaltyYards,414,2026-09-29T20:11:17Z
2020,Northern Illinois,Mid-American,penaltyYardsOpponent,385,2026-09-29T20:11:17Z
2020,Northern Illinois,Mid-American,possessionTime,12112,2026-09-29T20:11:17Z
2020,Northern Illinois,Mid-American,possessionTimeOpponent,9443,2026-09-29T20:11:17Z
2020,Northern Illinois,Mid-American,puntReturns,3,2026-09-29T20:11:17Z
2020,Northern Illinois,Mid-American,puntReturnsOpponent,9,2026-09-29T20:11:17Z
2020,Northern Illinois,Mid-American,puntReturnTDs,0,2026-09-29T20:11:17Z
2020,Northern Illinois,Mid-American,puntReturnTDsOpponent,0,2026-09-29T20:11:17Z
2020,Northern Illinois,Mid-American,puntReturnYards,16,2026-09-29T20:11:17Z
2020,Northern Illinois,Mid-American,puntReturnYardsOpponent,47,2026-09-29T20:11:17Z
2020,Northern Illinois,Mid-American,rushingAttempts,221,2026-09-29T20:11:17Z
2020,Northern Illinois,Mid-American,rushingAttemptsOpponent,220,2026-09-29T20:11:17Z
2020,Northern Illinois,Mid-American,rushingTDs,7,2026-09-29T20:11:17Z
2020,Northern Illinois,Mid-American,rushingTDsOpponent,12,2026-09-29T20:11:17Z
2020,Northern Illinois,Mid-American,rushingYards,738,2026-09-29T20:11:17Z
2020,Northern Illinois,Mid-American,rushingYardsOpponent,1044,2026-09-29T20:11:17Z
2020,Northern Illinois,Mid-American,sacks,11,2026-09-29T20:11:17Z
2020,Northern Illinois,Mid-American,sacksOpponent,14,2026-09-29T20:11:17Z
2020,Northern Illinois,Mid-American,tacklesForLoss,26,2026-09-29T20:11:17Z
2020,Northern Illinois,Mid-American,tacklesForLossOpponent,42,2026-09-29T20:11:17Z
2020,Northern Illinois,Mid-American,thirdDownConversions,26,2026-09-29T20:11:17Z
2020,Northern Illinois,Mid-American,thirdDownConversionsOpponent,19,2026-09-29T20:11:17Z
2020,Northern Illinois,Mid-American,thirdDowns,92,2026-09-29T20:11:17Z
2020,Northern Illinois,Mid-American,thirdDownsOpponent,61,2026-09-29T20:11:17Z
2020,Northern Illinois,Mid-American,totalYards,2181,2026-09-29T20:11:17Z
2020,Northern Illinois,Mid-American,totalYardsOpponent,2513,2026-09-29T20:11:17Z
2020,Northern Illinois,Mid-American,turnovers,10,2026-09-29T20:11:17Z
2020,Northern Illinois,Mid-American,turnoversOpponent,7,2026-09-29T20:11:17Z
2020,North Texas,Conference USA,firstDowns,248,2026-09-29T20:11:17Z
2020,North Texas,Conference USA,firstDownsOpponent,252,2026-09-29T20:11:17Z
2020,North Texas,Conference USA,fourthDownConversions,11,2026-09-29T20:11:17Z
2020,North Texas,Conference USA,fourthDownConversionsOpponent,6,2026-09-29T20:11:17Z
2020,North Texas,Conference USA,fourthDowns,24,2026-09-29T20:11:17Z
2020,North Texas,Conference USA,fourthDownsOpponent,14,2026-09-29T20:11:17Z
2020,North Texas,Conference USA,fumblesLost,6,2026-09-29T20:11:17Z
2020,North Texas,Conference USA,fumblesLostOpponent,2,2026-09-29T20:11:17Z
2020,North Texas,Conference USA,fumblesRecovered,2,2026-09-29T20:11:17Z
2020,North Texas,Conference USA,fumblesRecoveredOpponent,6,2026-09-29T20:11:17Z
2020,North Texas,Conference USA,games,10,2026-09-29T20:11:17Z
2020,North Texas,Conference USA,interceptions,9,2026-09-29T20:11:17Z
2020,North Texas,Conference USA,interceptionsOpponent,7,2026-09-29T20:11:17Z
2020,North Texas,Conference USA,interceptionTDs,0,2026-09-29T20:11:17Z
2020,North Texas,Conference USA,interceptionTDsOpponent,0,2026-09-29T20:11:17Z
2020,North Texas,Conference USA,interceptionYards,21,2026-09-29T20:11:17Z
2020,North Texas,Conference USA,interceptionYardsOpponent,178,2026-09-29T20:11:17Z
2020,North Texas,Conference USA,kickReturns,35,2026-09-29T20:11:17Z
2020,North Texas,Conference USA,kickReturnsOpponent,38,2026-09-29T20:11:17Z
2020,North Texas,Conference USA,kickReturnTDs,0,2026-09-29T20:11:17Z
2020,North Texas,Conference USA,kickReturnTDsOpponent,0,2026-09-29T20:11:17Z
2020,North Texas,Conference USA,kickReturnYards,587,2026-09-29T20:11:17Z
2020,North Texas,Conference USA,kickReturnYardsOpponent,736,2026-09-29T20:11:17Z
2020,North Texas,Conference USA,netPassingYards,2830,2026-09-29T20:11:17Z
2020,North Texas,Conference USA,netPassingYardsOpponent,2529,2026-09-29T20:11:17Z
2020,North Texas,Conference USA,passAttempts,336,2026-09-29T20:11:17Z
2020,North Texas,Conference USA,passAttemptsOpponent,311,2026-09-29T20:11:17Z
2020,North Texas,Conference USA,passCompletions,185,2026-09-29T20:11:17Z
2020,North Texas,Conference USA,passCompletionsOpponent,195,2026-09-29T20:11:17Z
2020,North Texas,Conference USA,passesIntercepted,7,2026-09-29T20:11:17Z
2020,North Texas,Conference USA,passesInterceptedOpponent,9,2026-09-29T20:11:17Z
2020,North Texas,Conference USA,passingTDs,28,2026-09-29T20:11:17Z
2020,North Texas,Conference USA,passingTDsOpponent,25,2026-09-29T20:11:17Z
2020,North Texas,Conference USA,penalties,68,2026-09-29T20:11:17Z
2020,North Texas,Conference USA,penaltiesOpponent,68,2026-09-29T20:11:17Z
2020,North Texas,Conference USA,penaltyYards,536,2026-09-29T20:11:17Z
2020,North Texas,Conference USA,penaltyYardsOpponent,561,2026-09-29T20:11:17Z
2020,North Texas,Conference USA,possessionTime,15007,2026-09-29T20:11:17Z
2020,North Texas,Conference USA,possessionTimeOpponent,20625,2026-09-29T20:11:17Z
2020,North Texas,Conference USA,puntReturns,15,2026-09-29T20:11:17Z
2020,North Texas,Conference USA,puntReturnsOpponent,11,2026-09-29T20:11:17Z
2020,North Texas,Conference USA,puntReturnTDs,0,2026-09-29T20:11:17Z
2020,North Texas,Conference USA,puntReturnTDsOpponent,0,2026-09-29T20:11:17Z
2020,North Texas,Conference USA,puntReturnYards,57,2026-09-29T20:11:17Z
2020,North Texas,Conference USA,puntReturnYardsOpponent,55,2026-09-29T20:11:17Z
2020,North Texas,Conference USA,rushingAttempts,443,2026-09-29T20:11:17Z
2020,North Texas,Conference USA,rushingAttemptsOpponent,441,2026-09-29T20:11:17Z
2020,North Texas,Conference USA,rushingTDs,18,2026-09-29T20:11:17Z
2020,North Texas,Conference USA,rushingTDsOpponent,32,2026-09-29T20:11:17Z
2020,North Texas,Conference USA,rushingYards,2302,2026-09-29T20:11:17Z
2020,North Texas,Conference USA,rushingYardsOpponent,2692,2026-09-29T20:11:17Z
2020,North Texas,Conference USA,sacks,22,2026-09-29T20:11:17Z
2020,North Texas,Conference USA,sacksOpponent,17,2026-09-29T20:11:17Z
2020,North Texas,Conference USA,tacklesForLoss,51,2026-09-29T20:11:17Z
2020,North Texas,Conference USA,tacklesForLossOpponent,40,2026-09-29T20:11:17Z
2020,North Texas,Conference USA,thirdDownConversions,70,2026-09-29T20:11:17Z
2020,North Texas,Conference USA,thirdDownConversionsOpponent,68,2026-09-29T20:11:17Z
2020,North Texas,Conference USA,thirdDowns,150,2026-09-29T20:11:17Z
2020,North Texas,Conference USA,thirdDownsOpponent,144,2026-09-29T20:11:17Z
2020,North Texas,Conference USA,totalYards,5132,2026-09-29T20:11:17Z
2020,North Texas,Conference USA,totalYardsOpponent,5221,2026-09-29T20:11:17Z
2020,North Texas,Conference USA,turnovers,15,2026-09-29T20:11:17Z
2020,North Texas,Conference USA,turnoversOpponent,9,2026-09-29T20:11:17Z
2020,Northwestern,Big Ten,firstDowns,183,2026-09-29T20:11:17Z
2020,Northwestern,Big Ten,firstDownsOpponent,170,2026-09-29T20:11:17Z
2020,Northwestern,Big Ten,fourthDownConversions,18,2026-09-29T20:11:17Z
2020,Northwestern,Big Ten,fourthDownConversionsOpponent,10,2026-09-29T20:11:17Z
2020,Northwestern,Big Ten,fourthDowns,26,2026-09-29T20:11:17Z
2020,Northwestern,Big Ten,fourthDownsOpponent,18,2026-09-29T20:11:17Z
2020,Northwestern,Big Ten,fumblesLost,6,2026-09-29T20:11:17Z
2020,Northwestern,Big Ten,fumblesLostOpponent,5,2026-09-29T20:11:17Z
2020,Northwestern,Big Ten,fumblesRecovered,5,2026-09-29T20:11:17Z
2020,Northwestern,Big Ten,fumblesRecoveredOpponent,6,2026-09-29T20:11:17Z
2020,Northwestern,Big Ten,games,9,2026-09-29T20:11:17Z
2020,Northwestern,Big Ten,interceptions,8,2026-09-29T20:11:17Z
2020,Northwestern,Big Ten,interceptionsOpponent,14,2026-09-29T20:11:17Z
2020,Northwestern,Big Ten,interceptionTDs,0,2026-09-29T20:11:17Z
2020,Northwestern,Big Ten,interceptionTDsOpponent,0,2026-09-29T20:11:17Z
2020,Northwestern,Big Ten,interceptionYards,17,2026-09-29T20:11:17Z
2020,Northwestern,Big Ten,interceptionYardsOpponent,104,2026-09-29T20:11:17Z
2020,Northwestern,Big Ten,kickReturns,10,2026-09-29T20:11:17Z
2020,Northwestern,Big Ten,kickReturnsOpponent,24,2026-09-29T20:11:17Z
2020,Northwestern,Big Ten,kickReturnTDs,0,2026-09-29T20:11:17Z
2020,Northwestern,Big Ten,kickReturnTDsOpponent,0,2026-09-29T20:11:17Z
2020,Northwestern,Big Ten,kickReturnYards,235,2026-09-29T20:11:17Z
2020,Northwestern,Big Ten,kickReturnYardsOpponent,437,2026-09-29T20:11:17Z
2020,Northwestern,Big Ten,netPassingYards,1790,2026-09-29T20:11:17Z
2020,Northwestern,Big Ten,netPassingYardsOpponent,1729,2026-09-29T20:11:17Z
2020,Northwestern,Big Ten,passAttempts,283,2026-09-29T20:11:17Z
2020,Northwestern,Big Ten,passAttemptsOpponent,335,2026-09-29T20:11:17Z
2020,Northwestern,Big Ten,passCompletions,173,2026-09-29T20:11:17Z
2020,Northwestern,Big Ten,passCompletionsOpponent,173,2026-09-29T20:11:17Z
2020,Northwestern,Big Ten,passesIntercepted,14,2026-09-29T20:11:17Z
2020,Northwestern,Big Ten,passesInterceptedOpponent,8,2026-09-29T20:11:17Z
2020,Northwestern,Big Ten,passingTDs,12,2026-09-29T20:11:17Z
2020,Northwestern,Big Ten,passingTDsOpponent,8,2026-09-29T20:11:17Z
2020,Northwestern,Big Ten,penalties,45,2026-09-29T20:11:17Z
2020,Northwestern,Big Ten,penaltiesOpponent,54,2026-09-29T20:11:17Z
2020,Northwestern,Big Ten,penaltyYards,364,2026-09-29T20:11:17Z
2020,Northwestern,Big Ten,penaltyYardsOpponent,433,2026-09-29T20:11:17Z
2020,Northwestern,Big Ten,possessionTime,16906,2026-09-29T20:11:17Z
2020,Northwestern,Big Ten,possessionTimeOpponent,15005,2026-09-29T20:11:17Z
2020,Northwestern,Big Ten,puntReturns,10,2026-09-29T20:11:17Z
2020,Northwestern,Big Ten,puntReturnsOpponent,11,2026-09-29T20:11:17Z
2020,Northwestern,Big Ten,puntReturnTDs,0,2026-09-29T20:11:17Z
2020,Northwestern,Big Ten,puntReturnTDsOpponent,0,2026-09-29T20:11:17Z
2020,Northwestern,Big Ten,puntReturnYards,66,2026-09-29T20:11:17Z
2020,Northwestern,Big Ten,puntReturnYardsOpponent,32,2026-09-29T20:11:17Z
2020,Northwestern,Big Ten,rushingAttempts,391,2026-09-29T20:11:17Z
2020,Northwestern,Big Ten,rushingAttemptsOpponent,293,2026-09-29T20:11:17Z
2020,Northwestern,Big Ten,rushingTDs,16,2026-09-29T20:11:17Z
2020,Northwestern,Big Ten,rushingTDsOpponent,5,2026-09-29T20:11:17Z
2020,Northwestern,Big Ten,rushingYards,1476,2026-09-29T20:11:17Z
2020,Northwestern,Big Ten,rushingYardsOpponent,1306,2026-09-29T20:11:17Z
2020,Northwestern,Big Ten,sacks,14,2026-09-29T20:11:17Z
2020,Northwestern,Big Ten,sacksOpponent,13,2026-09-29T20:11:17Z
2020,Northwestern,Big Ten,tacklesForLoss,55,2026-09-29T20:11:17Z
2020,Northwestern,Big Ten,tacklesForLossOpponent,61,2026-09-29T20:11:17Z
2020,Northwestern,Big Ten,thirdDownConversions,59,2026-09-29T20:11:17Z
2020,Northwestern,Big Ten,thirdDownConversionsOpponent,40,2026-09-29T20:11:17Z
2020,Northwestern,Big Ten,thirdDowns,148,2026-09-29T20:11:17Z
2020,Northwestern,Big Ten,thirdDownsOpponent,134,2026-09-29T20:11:17Z
2020,Northwestern,Big Ten,totalYards,3266,2026-09-29T20:11:17Z
2020,Northwestern,Big Ten,totalYardsOpponent,3035,2026-09-29T20:11:17Z
2020,Northwestern,Big Ten,turnovers,14,2026-09-29T20:11:17Z
2020,Northwestern,Big Ten,turnoversOpponent,19,2026-09-29T20:11:17Z
2020,Notre Dame,ACC,firstDowns,290,2026-09-29T20:11:17Z
2020,Notre Dame,ACC,firstDownsOpponent,207,2026-09-29T20:11:17Z
2020,Notre Dame,ACC,fourthDownConversions,11,2026-09-29T20:11:17Z
2020,Notre Dame,ACC,fourthDownConversionsOpponent,8,2026-09-29T20:11:17Z
2020,Notre Dame,ACC,fourthDowns,17,2026-09-29T20:11:17Z
2020,Notre Dame,ACC,fourthDownsOpponent,18,2026-09-29T20:11:17Z
2020,Notre Dame,ACC,fumblesLost,8,2026-09-29T20:11:17Z
2020,Notre Dame,ACC,fumblesLostOpponent,10,2026-09-29T20:11:17Z
2020,Notre Dame,ACC,fumblesRecovered,10,2026-09-29T20:11:17Z
2020,Notre Dame,ACC,fumblesRecoveredOpponent,8,2026-09-29T20:11:17Z
2020,Notre Dame,ACC,games,12,2026-09-29T20:11:17Z
2020,Notre Dame,ACC,interceptions,3,2026-09-29T20:11:17Z
2020,Notre Dame,ACC,interceptionsOpponent,7,2026-09-29T20:11:17Z
2020,Notre Dame,ACC,interceptionTDs,0,2026-09-29T20:11:17Z
2020,Notre Dame,ACC,interceptionTDsOpponent,0,2026-09-29T20:11:17Z
2020,Notre Dame,ACC,interceptionYards,68,2026-09-29T20:11:17Z
2020,Notre Dame,ACC,interceptionYardsOpponent,11,2026-09-29T20:11:17Z
2020,Notre Dame,ACC,kickReturns,23,2026-09-29T20:11:17Z
2020,Notre Dame,ACC,kickReturnsOpponent,35,2026-09-29T20:11:17Z
2020,Notre Dame,ACC,kickReturnTDs,0,2026-09-29T20:11:17Z
2020,Notre Dame,ACC,kickReturnTDsOpponent,0,2026-09-29T20:11:17Z
2020,Notre Dame,ACC,kickReturnYards,492,2026-09-29T20:11:17Z
2020,Notre Dame,ACC,kickReturnYardsOpponent,635,2026-09-29T20:11:17Z
2020,Notre Dame,ACC,netPassingYards,2849,2026-09-29T20:11:17Z
2020,Notre Dame,ACC,netPassingYardsOpponent,2768,2026-09-29T20:11:17Z
2020,Notre Dame,ACC,passAttempts,362,2026-09-29T20:11:17Z
2020,Notre Dame,ACC,passAttemptsOpponent,387,2026-09-29T20:11:17Z
2020,Notre Dame,ACC,passCompletions,231,2026-09-29T20:11:17Z
2020,Notre Dame,ACC,passCompletionsOpponent,225,2026-09-29T20:11:17Z
2020,Notre Dame,ACC,passesIntercepted,7,2026-09-29T20:11:17Z
2020,Notre Dame,ACC,passesInterceptedOpponent,3,2026-09-29T20:11:17Z
2020,Notre Dame,ACC,passingTDs,15,2026-09-29T20:11:17Z
2020,Notre Dame,ACC,passingTDsOpponent,14,2026-09-29T20:11:17Z
2020,Notre Dame,ACC,penalties,53,2026-09-29T20:11:17Z
2020,Notre Dame,ACC,penaltiesOpponent,79,2026-09-29T20:11:17Z
2020,Notre Dame,ACC,penaltyYards,456,2026-09-29T20:11:17Z
2020,Notre Dame,ACC,penaltyYardsOpponent,739,2026-09-29T20:11:17Z
2020,Notre Dame,ACC,possessionTime,24357,2026-09-29T20:11:17Z
2020,Notre Dame,ACC,possessionTimeOpponent,18708,2026-09-29T20:11:17Z
2020,Notre Dame,ACC,puntReturns,14,2026-09-29T20:11:17Z
2020,Notre Dame,ACC,puntReturnsOpponent,12,2026-09-29T20:11:17Z
2020,Notre Dame,ACC,puntReturnTDs,2,2026-09-29T20:11:17Z
2020,Notre Dame,ACC,puntReturnTDsOpponent,0,2026-09-29T20:11:17Z
2020,Notre Dame,ACC,puntReturnYards,128,2026-09-29T20:11:17Z
2020,Notre Dame,ACC,puntReturnYardsOpponent,40,2026-09-29T20:11:17Z
2020,Notre Dame,ACC,rushingAttempts,506,2026-09-29T20:11:17Z
2020,Notre Dame,ACC,rushingAttemptsOpponent,353,2026-09-29T20:11:17Z
2020,Notre Dame,ACC,rushingTDs,33,2026-09-29T20:11:17Z
2020,Notre Dame,ACC,rushingTDsOpponent,12,2026-09-29T20:11:17Z
2020,Notre Dame,ACC,rushingYards,2537,2026-09-29T20:11:17Z
2020,Notre Dame,ACC,rushingYardsOpponent,1362,2026-09-29T20:11:17Z
2020,Notre Dame,ACC,sacks,29,2026-09-29T20:11:17Z
2020,Notre Dame,ACC,sacksOpponent,25,2026-09-29T20:11:17Z
2020,Notre Dame,ACC,tacklesForLoss,87,2026-09-29T20:11:17Z
2020,Notre Dame,ACC,tacklesForLossOpponent,65,2026-09-29T20:11:17Z
2020,Notre Dame,ACC,thirdDownConversions,81,2026-09-29T20:11:17Z
2020,Notre Dame,ACC,thirdDownConversionsOpponent,48,2026-09-29T20:11:17Z
2020,Notre Dame,ACC,thirdDowns,167,2026-09-29T20:11:17Z
2020,Notre Dame,ACC,thirdDownsOpponent,154,2026-09-29T20:11:17Z
2020,Notre Dame,ACC,totalYards,5386,2026-09-29T20:11:17Z
2020,Notre Dame,ACC,totalYardsOpponent,4130,2026-09-29T20:11:17Z
2020,Notre Dame,ACC,turnovers,11,2026-09-29T20:11:17Z
2020,Notre Dame,ACC,turnoversOpponent,17,2026-09-29T20:11:17Z
2020,Ohio,Mid-American,firstDowns,52,2026-09-29T20:11:17Z
2020,Ohio,Mid-American,firstDownsOpponent,56,2026-09-29T20:11:17Z
2020,Ohio,Mid-American,fourthDownConversions,0,2026-09-29T20:11:17Z
2020,Ohio,Mid-American,fourthDownConversionsOpponent,4,2026-09-29T20:11:17Z
2020,Ohio,Mid-American,fourthDowns,1,2026-09-29T20:11:17Z
2020,Ohio,Mid-American,fourthDownsOpponent,11,2026-09-29T20:11:17Z
2020,Ohio,Mid-American,fumblesLost,2,2026-09-29T20:11:17Z
2020,Ohio,Mid-American,fumblesLostOpponent,1,2026-09-29T20:11:17Z
2020,Ohio,Mid-American,fumblesRecovered,1,2026-09-29T20:11:17Z
2020,Ohio,Mid-American,fumblesRecoveredOpponent,2,2026-09-29T20:11:17Z
2020,Ohio,Mid-American,games,3,2026-09-29T20:11:17Z
2020,Ohio,Mid-American,interceptions,0,2026-09-29T20:11:17Z
2020,Ohio,Mid-American,interceptionsOpponent,5,2026-09-29T20:11:17Z
2020,Ohio,Mid-American,interceptionTDs,0,2026-09-29T20:11:17Z
2020,Ohio,Mid-American,interceptionYards,55,2026-09-29T20:11:17Z
2020,Ohio,Mid-American,kickReturns,11,2026-09-29T20:11:17Z
2020,Ohio,Mid-American,kickReturnsOpponent,12,2026-09-29T20:11:17Z
2020,Ohio,Mid-American,kickReturnTDs,2,2026-09-29T20:11:17Z
2020,Ohio,Mid-American,kickReturnTDsOpponent,0,2026-09-29T20:11:17Z
2020,Ohio,Mid-American,kickReturnYards,367,2026-09-29T20:11:17Z
2020,Ohio,Mid-American,kickReturnYardsOpponent,234,2026-09-29T20:11:17Z
2020,Ohio,Mid-American,netPassingYards,446,2026-09-29T20:11:17Z
2020,Ohio,Mid-American,netPassingYardsOpponent,586,2026-09-29T20:11:17Z
2020,Ohio,Mid-American,passAttempts,54,2026-09-29T20:11:17Z
2020,Ohio,Mid-American,passAttemptsOpponent,92,2026-09-29T20:11:17Z
2020,Ohio,Mid-American,passCompletions,36,2026-09-29T20:11:17Z
2020,Ohio,Mid-American,passCompletionsOpponent,50,2026-09-29T20:11:17Z
2020,Ohio,Mid-American,passesIntercepted,5,2026-09-29T20:11:17Z
2020,Ohio,Mid-American,passingTDs,4,2026-09-29T20:11:17Z
2020,Ohio,Mid-American,passingTDsOpponent,3,2026-09-29T20:11:17Z
2020,Ohio,Mid-American,penalties,21,2026-09-29T20:11:17Z
2020,Ohio,Mid-American,penaltiesOpponent,15,2026-09-29T20:11:17Z
2020,Ohio,Mid-American,penaltyYards,148,2026-09-29T20:11:17Z
2020,Ohio,Mid-American,penaltyYardsOpponent,143,2026-09-29T20:11:17Z
2020,Ohio,Mid-American,possessionTime,5260,2026-09-29T20:11:17Z
2020,Ohio,Mid-American,possessionTimeOpponent,5503,2026-09-29T20:11:17Z
2020,Ohio,Mid-American,puntReturns,5,2026-09-29T20:11:17Z
2020,Ohio,Mid-American,puntReturnTDs,0,2026-09-29T20:11:17Z
2020,Ohio,Mid-American,puntReturnYards,25,2026-09-29T20:11:17Z
2020,Ohio,Mid-American,rushingAttempts,117,2026-09-29T20:11:17Z
2020,Ohio,Mid-American,rushingAttemptsOpponent,120,2026-09-29T20:11:17Z
2020,Ohio,Mid-American,rushingTDs,8,2026-09-29T20:11:17Z
2020,Ohio,Mid-American,rushingTDsOpponent,3,2026-09-29T20:11:17Z
2020,Ohio,Mid-American,rushingYards,650,2026-09-29T20:11:17Z
2020,Ohio,Mid-American,rushingYardsOpponent,584,2026-09-29T20:11:17Z
2020,Ohio,Mid-American,sacks,4,2026-09-29T20:11:17Z
2020,Ohio,Mid-American,sacksOpponent,9,2026-09-29T20:11:17Z
2020,Ohio,Mid-American,tacklesForLoss,11,2026-09-29T20:11:17Z
2020,Ohio,Mid-American,tacklesForLossOpponent,10,2026-09-29T20:11:17Z
2020,Ohio,Mid-American,thirdDownConversions,12,2026-09-29T20:11:17Z
2020,Ohio,Mid-American,thirdDownConversionsOpponent,15,2026-09-29T20:11:17Z
2020,Ohio,Mid-American,thirdDowns,32,2026-09-29T20:11:17Z
2020,Ohio,Mid-American,thirdDownsOpponent,44,2026-09-29T20:11:17Z
2020,Ohio,Mid-American,totalYards,1096,2026-09-29T20:11:17Z
2020,Ohio,Mid-American,totalYardsOpponent,1170,2026-09-29T20:11:17Z
2020,Ohio,Mid-American,turnovers,2,2026-09-29T20:11:17Z
2020,Ohio,Mid-American,turnoversOpponent,6,2026-09-29T20:11:17Z
2020,Ohio State,Big Ten,firstDowns,200,2026-09-29T20:11:17Z
2020,Ohio State,Big Ten,firstDownsOpponent,165,2026-09-29T20:11:17Z
2020,Ohio State,Big Ten,fourthDownConversions,5,2026-09-29T20:11:17Z
2020,Ohio State,Big Ten,fourthDownConversionsOpponent,8,2026-09-29T20:11:17Z
2020,Ohio State,Big Ten,fourthDowns,9,2026-09-29T20:11:17Z
2020,Ohio State,Big Ten,fourthDownsOpponent,15,2026-09-29T20:11:17Z
2020,Ohio State,Big Ten,fumblesLost,3,2026-09-29T20:11:17Z
2020,Ohio State,Big Ten,fumblesLostOpponent,11,2026-09-29T20:11:17Z
2020,Ohio State,Big Ten,fumblesRecovered,11,2026-09-29T20:11:17Z
2020,Ohio State,Big Ten,fumblesRecoveredOpponent,3,2026-09-29T20:11:17Z
2020,Ohio State,Big Ten,games,8,2026-09-29T20:11:17Z
2020,Ohio State,Big Ten,interceptions,6,2026-09-29T20:11:17Z
2020,Ohio State,Big Ten,interceptionsOpponent,7,2026-09-29T20:11:17Z
2020,Ohio State,Big Ten,interceptionTDs,2,2026-09-29T20:11:17Z
2020,Ohio State,Big Ten,interceptionTDsOpponent,0,2026-09-29T20:11:17Z
2020,Ohio State,Big Ten,interceptionYards,105,2026-09-29T20:11:17Z
2020,Ohio State,Big Ten,interceptionYardsOpponent,57,2026-09-29T20:11:17Z
2020,Ohio State,Big Ten,kickReturns,7,2026-09-29T20:11:17Z
2020,Ohio State,Big Ten,kickReturnsOpponent,19,2026-09-29T20:11:17Z
2020,Ohio State,Big Ten,kickReturnTDs,0,2026-09-29T20:11:17Z
2020,Ohio State,Big Ten,kickReturnTDsOpponent,0,2026-09-29T20:11:17Z
2020,Ohio State,Big Ten,kickReturnYards,93,2026-09-29T20:11:17Z
2020,Ohio State,Big Ten,kickReturnYardsOpponent,340,2026-09-29T20:11:17Z
2020,Ohio State,Big Ten,netPassingYards,2100,2026-09-29T20:11:17Z
2020,Ohio State,Big Ten,netPassingYardsOpponent,2410,2026-09-29T20:11:17Z
2020,Ohio State,Big Ten,passAttempts,225,2026-09-29T20:11:17Z
2020,Ohio State,Big Ten,passAttemptsOpponent,312,2026-09-29T20:11:17Z
2020,Ohio State,Big Ten,passCompletions,158,2026-09-29T20:11:17Z
2020,Ohio State,Big Ten,passCompletionsOpponent,205,2026-09-29T20:11:17Z
2020,Ohio State,Big Ten,passesIntercepted,7,2026-09-29T20:11:17Z
2020,Ohio State,Big Ten,passesInterceptedOpponent,6,2026-09-29T20:11:17Z
2020,Ohio State,Big Ten,passingTDs,22,2026-09-29T20:11:17Z
2020,Ohio State,Big Ten,passingTDsOpponent,16,2026-09-29T20:11:17Z
2020,Ohio State,Big Ten,penalties,49,2026-09-29T20:11:17Z
2020,Ohio State,Big Ten,penaltiesOpponent,45,2026-09-29T20:11:17Z
2020,Ohio State,Big Ten,penaltyYards,437,2026-09-29T20:11:17Z
2020,Ohio State,Big Ten,penaltyYardsOpponent,416,2026-09-29T20:11:17Z
2020,Ohio State,Big Ten,possessionTime,15442,2026-09-29T20:11:17Z
2020,Ohio State,Big Ten,possessionTimeOpponent,13270,2026-09-29T20:11:17Z
2020,Ohio State,Big Ten,puntReturns,10,2026-09-29T20:11:17Z
2020,Ohio State,Big Ten,puntReturnsOpponent,5,2026-09-29T20:11:17Z
2020,Ohio State,Big Ten,puntReturnTDs,0,2026-09-29T20:11:17Z
2020,Ohio State,Big Ten,puntReturnTDsOpponent,1,2026-09-29T20:11:17Z
2020,Ohio State,Big Ten,puntReturnYards,62,2026-09-29T20:11:17Z
2020,Ohio State,Big Ten,puntReturnYardsOpponent,98,2026-09-29T20:11:17Z
2020,Ohio State,Big Ten,rushingAttempts,344,2026-09-29T20:11:17Z
2020,Ohio State,Big Ten,rushingAttemptsOpponent,233,2026-09-29T20:11:17Z
2020,Ohio State,Big Ten,rushingTDs,19,2026-09-29T20:11:17Z
2020,Ohio State,Big Ten,rushingTDsOpponent,10,2026-09-29T20:11:17Z
2020,Ohio State,Big Ten,rushingYards,2050,2026-09-29T20:11:17Z
2020,Ohio State,Big Ten,rushingYardsOpponent,781,2026-09-29T20:11:17Z
2020,Ohio State,Big Ten,sacks,21,2026-09-29T20:11:17Z
2020,Ohio State,Big Ten,sacksOpponent,21,2026-09-29T20:11:17Z
2020,Ohio State,Big Ten,tacklesForLoss,46,2026-09-29T20:11:17Z
2020,Ohio State,Big Ten,tacklesForLossOpponent,51,2026-09-29T20:11:17Z
2020,Ohio State,Big Ten,thirdDownConversions,52,2026-09-29T20:11:17Z
2020,Ohio State,Big Ten,thirdDownConversionsOpponent,39,2026-09-29T20:11:17Z
2020,Ohio State,Big Ten,thirdDowns,106,2026-09-29T20:11:17Z
2020,Ohio State,Big Ten,thirdDownsOpponent,104,2026-09-29T20:11:17Z
2020,Ohio State,Big Ten,totalYards,4150,2026-09-29T20:11:17Z
2020,Ohio State,Big Ten,totalYardsOpponent,3191,2026-09-29T20:11:17Z
2020,Ohio State,Big Ten,turnovers,9,2026-09-29T20:11:17Z
2020,Ohio State,Big Ten,turnoversOpponent,18,2026-09-29T20:11:17Z
2020,Oklahoma,Big 12,firstDowns,274,2026-09-29T20:11:17Z
2020,Oklahoma,Big 12,firstDownsOpponent,203,2026-09-29T20:11:17Z
2020,Oklahoma,Big 12,fourthDownConversions,8,2026-09-29T20:11:17Z
2020,Oklahoma,Big 12,fourthDownConversionsOpponent,16,2026-09-29T20:11:17Z
2020,Oklahoma,Big 12,fourthDowns,10,2026-09-29T20:11:17Z
2020,Oklahoma,Big 12,fourthDownsOpponent,24,2026-09-29T20:11:17Z
2020,Oklahoma,Big 12,fumblesLost,6,2026-09-29T20:11:17Z
2020,Oklahoma,Big 12,fumblesLostOpponent,3,2026-09-29T20:11:17Z
2020,Oklahoma,Big 12,fumblesRecovered,3,2026-09-29T20:11:17Z
2020,Oklahoma,Big 12,fumblesRecoveredOpponent,5,2026-09-29T20:11:17Z
2020,Oklahoma,Big 12,games,11,2026-09-29T20:11:17Z
2020,Oklahoma,Big 12,interceptions,8,2026-09-29T20:11:17Z
2020,Oklahoma,Big 12,interceptionsOpponent,16,2026-09-29T20:11:17Z
2020,Oklahoma,Big 12,interceptionTDs,1,2026-09-29T20:11:17Z
2020,Oklahoma,Big 12,interceptionTDsOpponent,0,2026-09-29T20:11:17Z
2020,Oklahoma,Big 12,interceptionYards,215,2026-09-29T20:11:17Z
2020,Oklahoma,Big 12,interceptionYardsOpponent,35,2026-09-29T20:11:17Z
2020,Oklahoma,Big 12,kickReturns,16,2026-09-29T20:11:17Z
2020,Oklahoma,Big 12,kickReturnsOpponent,43,2026-09-29T20:11:17Z
2020,Oklahoma,Big 12,kickReturnTDs,0,2026-09-29T20:11:17Z
2020,Oklahoma,Big 12,kickReturnTDsOpponent,0,2026-09-29T20:11:17Z
2020,Oklahoma,Big 12,kickReturnYards,391,2026-09-29T20:11:17Z
2020,Oklahoma,Big 12,kickReturnYardsOpponent,884,2026-09-29T20:11:17Z
2020,Oklahoma,Big 12,netPassingYards,3465,2026-09-29T20:11:17Z
2020,Oklahoma,Big 12,netPassingYardsOpponent,2701,2026-09-29T20:11:17Z
2020,Oklahoma,Big 12,passAttempts,362,2026-09-29T20:11:17Z
2020,Oklahoma,Big 12,passAttemptsOpponent,409,2026-09-29T20:11:17Z
2020,Oklahoma,Big 12,passCompletions,249,2026-09-29T20:11:17Z
2020,Oklahoma,Big 12,passCompletionsOpponent,226,2026-09-29T20:11:17Z
2020,Oklahoma,Big 12,passesIntercepted,16,2026-09-29T20:11:17Z
2020,Oklahoma,Big 12,passesInterceptedOpponent,8,2026-09-29T20:11:17Z
2020,Oklahoma,Big 12,passingTDs,30,2026-09-29T20:11:17Z
2020,Oklahoma,Big 12,passingTDsOpponent,12,2026-09-29T20:11:17Z
2020,Oklahoma,Big 12,penalties,79,2026-09-29T20:11:17Z
2020,Oklahoma,Big 12,penaltiesOpponent,101,2026-09-29T20:11:17Z
2020,Oklahoma,Big 12,penaltyYards,721,2026-09-29T20:11:17Z
2020,Oklahoma,Big 12,penaltyYardsOpponent,814,2026-09-29T20:11:17Z
2020,Oklahoma,Big 12,possessionTime,21294,2026-09-29T20:11:17Z
2020,Oklahoma,Big 12,possessionTimeOpponent,18278,2026-09-29T20:11:17Z
2020,Oklahoma,Big 12,puntReturns,16,2026-09-29T20:11:17Z
2020,Oklahoma,Big 12,puntReturnsOpponent,10,2026-09-29T20:11:17Z
2020,Oklahoma,Big 12,puntReturnTDs,0,2026-09-29T20:11:17Z
2020,Oklahoma,Big 12,puntReturnTDsOpponent,0,2026-09-29T20:11:17Z
2020,Oklahoma,Big 12,puntReturnYards,198,2026-09-29T20:11:17Z
2020,Oklahoma,Big 12,puntReturnYardsOpponent,57,2026-09-29T20:11:17Z
2020,Oklahoma,Big 12,rushingAttempts,419,2026-09-29T20:11:17Z
2020,Oklahoma,Big 12,rushingAttemptsOpponent,333,2026-09-29T20:11:17Z
2020,Oklahoma,Big 12,rushingTDs,27,2026-09-29T20:11:17Z
2020,Oklahoma,Big 12,rushingTDsOpponent,18,2026-09-29T20:11:17Z
2020,Oklahoma,Big 12,rushingYards,1977,2026-09-29T20:11:17Z
2020,Oklahoma,Big 12,rushingYardsOpponent,1175,2026-09-29T20:11:17Z
2020,Oklahoma,Big 12,sacks,37,2026-09-29T20:11:17Z
2020,Oklahoma,Big 12,sacksOpponent,23,2026-09-29T20:11:17Z
2020,Oklahoma,Big 12,tacklesForLoss,81,2026-09-29T20:11:17Z
2020,Oklahoma,Big 12,tacklesForLossOpponent,78,2026-09-29T20:11:17Z
2020,Oklahoma,Big 12,thirdDownConversions,55,2026-09-29T20:11:17Z
2020,Oklahoma,Big 12,thirdDownConversionsOpponent,42,2026-09-29T20:11:17Z
2020,Oklahoma,Big 12,thirdDowns,135,2026-09-29T20:11:17Z
2020,Oklahoma,Big 12,thirdDownsOpponent,154,2026-09-29T20:11:17Z
2020,Oklahoma,Big 12,totalYards,5442,2026-09-29T20:11:17Z
2020,Oklahoma,Big 12,totalYardsOpponent,3876,2026-09-29T20:11:17Z
2020,Oklahoma,Big 12,turnovers,14,2026-09-29T20:11:17Z
2020,Oklahoma,Big 12,turnoversOpponent,19,2026-09-29T20:11:17Z
2020,Oklahoma State,Big 12,firstDowns,261,2026-09-29T20:11:17Z
2020,Oklahoma State,Big 12,firstDownsOpponent,209,2026-09-29T20:11:17Z
2020,Oklahoma State,Big 12,fourthDownConversions,5,2026-09-29T20:11:17Z
2020,Oklahoma State,Big 12,fourthDownConversionsOpponent,13,2026-09-29T20:11:17Z
2020,Oklahoma State,Big 12,fourthDowns,10,2026-09-29T20:11:17Z
2020,Oklahoma State,Big 12,fourthDownsOpponent,22,2026-09-29T20:11:17Z
2020,Oklahoma State,Big 12,fumblesLost,6,2026-09-29T20:11:17Z
2020,Oklahoma State,Big 12,fumblesLostOpponent,10,2026-09-29T20:11:17Z
2020,Oklahoma State,Big 12,fumblesRecovered,10,2026-09-29T20:11:17Z
2020,Oklahoma State,Big 12,fumblesRecoveredOpponent,6,2026-09-29T20:11:17Z
2020,Oklahoma State,Big 12,games,11,2026-09-29T20:11:17Z
2020,Oklahoma State,Big 12,interceptions,10,2026-09-29T20:11:17Z
2020,Oklahoma State,Big 12,interceptionsOpponent,6,2026-09-29T20:11:17Z
2020,Oklahoma State,Big 12,interceptionTDs,1,2026-09-29T20:11:17Z
2020,Oklahoma State,Big 12,interceptionTDsOpponent,0,2026-09-29T20:11:17Z
2020,Oklahoma State,Big 12,interceptionYards,95,2026-09-29T20:11:17Z
2020,Oklahoma State,Big 12,interceptionYardsOpponent,70,2026-09-29T20:11:17Z
2020,Oklahoma State,Big 12,kickReturns,27,2026-09-29T20:11:17Z
2020,Oklahoma State,Big 12,kickReturnsOpponent,38,2026-09-29T20:11:17Z
2020,Oklahoma State,Big 12,kickReturnTDs,1,2026-09-29T20:11:17Z
2020,Oklahoma State,Big 12,kickReturnTDsOpponent,1,2026-09-29T20:11:17Z
2020,Oklahoma State,Big 12,kickReturnYards,467,2026-09-29T20:11:17Z
2020,Oklahoma State,Big 12,kickReturnYardsOpponent,828,2026-09-29T20:11:17Z
2020,Oklahoma State,Big 12,netPassingYards,2630,2026-09-29T20:11:17Z
2020,Oklahoma State,Big 12,netPassingYardsOpponent,2395,2026-09-29T20:11:17Z
2020,Oklahoma State,Big 12,passAttempts,340,2026-09-29T20:11:17Z
2020,Oklahoma State,Big 12,passAttemptsOpponent,356,2026-09-29T20:11:17Z
2020,Oklahoma State,Big 12,passCompletions,207,2026-09-29T20:11:17Z
2020,Oklahoma State,Big 12,passCompletionsOpponent,205,2026-09-29T20:11:17Z
2020,Oklahoma State,Big 12,passesIntercepted,6,2026-09-29T20:11:17Z
2020,Oklahoma State,Big 12,passesInterceptedOpponent,10,2026-09-29T20:11:17Z
2020,Oklahoma State,Big 12,passingTDs,18,2026-09-29T20:11:17Z
2020,Oklahoma State,Big 12,passingTDsOpponent,18,2026-09-29T20:11:17Z
2020,Oklahoma State,Big 12,penalties,73,2026-09-29T20:11:17Z
2020,Oklahoma State,Big 12,penaltiesOpponent,89,2026-09-29T20:11:17Z
2020,Oklahoma State,Big 12,penaltyYards,602,2026-09-29T20:11:17Z
2020,Oklahoma State,Big 12,penaltyYardsOpponent,808,2026-09-29T20:11:17Z
2020,Oklahoma State,Big 12,possessionTime,19744,2026-09-29T20:11:17Z
2020,Oklahoma State,Big 12,possessionTimeOpponent,19848,2026-09-29T20:11:17Z
2020,Oklahoma State,Big 12,puntReturns,19,2026-09-29T20:11:17Z
2020,Oklahoma State,Big 12,puntReturnsOpponent,12,2026-09-29T20:11:17Z
2020,Oklahoma State,Big 12,puntReturnTDs,0,2026-09-29T20:11:17Z
2020,Oklahoma State,Big 12,puntReturnTDsOpponent,0,2026-09-29T20:11:17Z
2020,Oklahoma State,Big 12,puntReturnYards,109,2026-09-29T20:11:17Z
2020,Oklahoma State,Big 12,puntReturnYardsOpponent,25,2026-09-29T20:11:17Z
2020,Oklahoma State,Big 12,rushingAttempts,505,2026-09-29T20:11:17Z
2020,Oklahoma State,Big 12,rushingAttemptsOpponent,426,2026-09-29T20:11:17Z
2020,Oklahoma State,Big 12,rushingTDs,17,2026-09-29T20:11:17Z
2020,Oklahoma State,Big 12,rushingTDsOpponent,13,2026-09-29T20:11:17Z
2020,Oklahoma State,Big 12,rushingYards,2065,2026-09-29T20:11:17Z
2020,Oklahoma State,Big 12,rushingYardsOpponent,1760,2026-09-29T20:11:17Z
2020,Oklahoma State,Big 12,sacks,29,2026-09-29T20:11:17Z
2020,Oklahoma State,Big 12,sacksOpponent,26,2026-09-29T20:11:17Z
2020,Oklahoma State,Big 12,tacklesForLoss,88,2026-09-29T20:11:17Z
2020,Oklahoma State,Big 12,tacklesForLossOpponent,81,2026-09-29T20:11:17Z
2020,Oklahoma State,Big 12,thirdDownConversions,73,2026-09-29T20:11:17Z
2020,Oklahoma State,Big 12,thirdDownConversionsOpponent,46,2026-09-29T20:11:17Z
2020,Oklahoma State,Big 12,thirdDowns,174,2026-09-29T20:11:17Z
2020,Oklahoma State,Big 12,thirdDownsOpponent,166,2026-09-29T20:11:17Z
2020,Oklahoma State,Big 12,totalYards,4695,2026-09-29T20:11:17Z
2020,Oklahoma State,Big 12,totalYardsOpponent,4155,2026-09-29T20:11:17Z
2020,Oklahoma State,Big 12,turnovers,16,2026-09-29T20:11:17Z
2020,Oklahoma State,Big 12,turnoversOpponent,16,2026-09-29T20:11:17Z
2020,Ole Miss,SEC,firstDowns,276,2026-09-29T20:11:17Z
2020,Ole Miss,SEC,firstDownsOpponent,274,2026-09-29T20:11:17Z
2020,Ole Miss,SEC,fourthDownConversions,22,2026-09-29T20:11:17Z
2020,Ole Miss,SEC,fourthDownConversionsOpponent,13,2026-09-29T20:11:17Z
2020,Ole Miss,SEC,fourthDowns,33,2026-09-29T20:11:17Z
2020,Ole Miss,SEC,fourthDownsOpponent,18,2026-09-29T20:11:17Z
2020,Ole Miss,SEC,fumblesLost,4,2026-09-29T20:11:17Z
2020,Ole Miss,SEC,fumblesLostOpponent,7,2026-09-29T20:11:17Z
2020,Ole Miss,SEC,fumblesRecovered,7,2026-09-29T20:11:17Z
2020,Ole Miss,SEC,fumblesRecoveredOpponent,4,2026-09-29T20:11:17Z
2020,Ole Miss,SEC,games,10,2026-09-29T20:11:17Z
2020,Ole Miss,SEC,interceptions,14,2026-09-29T20:11:17Z
2020,Ole Miss,SEC,interceptionsOpponent,6,2026-09-29T20:11:17Z
2020,Ole Miss,SEC,interceptionTDs,0,2026-09-29T20:11:17Z
2020,Ole Miss,SEC,interceptionTDsOpponent,3,2026-09-29T20:11:17Z
2020,Ole Miss,SEC,interceptionYards,50,2026-09-29T20:11:17Z
2020,Ole Miss,SEC,interceptionYardsOpponent,186,2026-09-29T20:11:17Z
2020,Ole Miss,SEC,kickReturns,17,2026-09-29T20:11:17Z
2020,Ole Miss,SEC,kickReturnsOpponent,25,2026-09-29T20:11:17Z
2020,Ole Miss,SEC,kickReturnTDs,0,2026-09-29T20:11:17Z
2020,Ole Miss,SEC,kickReturnTDsOpponent,0,2026-09-29T20:11:17Z
2020,Ole Miss,SEC,kickReturnYards,328,2026-09-29T20:11:17Z
2020,Ole Miss,SEC,kickReturnYardsOpponent,350,2026-09-29T20:11:17Z
2020,Ole Miss,SEC,netPassingYards,3450,2026-09-29T20:11:17Z
2020,Ole Miss,SEC,netPassingYardsOpponent,3121,2026-09-29T20:11:17Z
2020,Ole Miss,SEC,passAttempts,335,2026-09-29T20:11:17Z
2020,Ole Miss,SEC,passAttemptsOpponent,387,2026-09-29T20:11:17Z
2020,Ole Miss,SEC,passCompletions,238,2026-09-29T20:11:17Z
2020,Ole Miss,SEC,passCompletionsOpponent,263,2026-09-29T20:11:17Z
2020,Ole Miss,SEC,passesIntercepted,6,2026-09-29T20:11:17Z
2020,Ole Miss,SEC,passesInterceptedOpponent,14,2026-09-29T20:11:17Z
2020,Ole Miss,SEC,passingTDs,30,2026-09-29T20:11:17Z
2020,Ole Miss,SEC,passingTDsOpponent,19,2026-09-29T20:11:17Z
2020,Ole Miss,SEC,penalties,60,2026-09-29T20:11:17Z
2020,Ole Miss,SEC,penaltiesOpponent,50,2026-09-29T20:11:17Z
2020,Ole Miss,SEC,penaltyYards,516,2026-09-29T20:11:17Z
2020,Ole Miss,SEC,penaltyYardsOpponent,486,2026-09-29T20:11:17Z
2020,Ole Miss,SEC,possessionTime,16700,2026-09-29T20:11:17Z
2020,Ole Miss,SEC,possessionTimeOpponent,19286,2026-09-29T20:11:17Z
2020,Ole Miss,SEC,puntReturns,7,2026-09-29T20:11:17Z
2020,Ole Miss,SEC,puntReturnsOpponent,5,2026-09-29T20:11:17Z
2020,Ole Miss,SEC,puntReturnTDs,0,2026-09-29T20:11:17Z
2020,Ole Miss,SEC,puntReturnTDsOpponent,0,2026-09-29T20:11:17Z
2020,Ole Miss,SEC,puntReturnYards,51,2026-09-29T20:11:17Z
2020,Ole Miss,SEC,puntReturnYardsOpponent,45,2026-09-29T20:11:17Z
2020,Ole Miss,SEC,rushingAttempts,461,2026-09-29T20:11:17Z
2020,Ole Miss,SEC,rushingAttemptsOpponent,391,2026-09-29T20:11:17Z
2020,Ole Miss,SEC,rushingTDs,23,2026-09-29T20:11:17Z
2020,Ole Miss,SEC,rushingTDsOpponent,28,2026-09-29T20:11:17Z
2020,Ole Miss,SEC,rushingYards,2116,2026-09-29T20:11:17Z
2020,Ole Miss,SEC,rushingYardsOpponent,2069,2026-09-29T20:11:17Z
2020,Ole Miss,SEC,sacks,16,2026-09-29T20:11:17Z
2020,Ole Miss,SEC,sacksOpponent,19,2026-09-29T20:11:17Z
2020,Ole Miss,SEC,tacklesForLoss,47,2026-09-29T20:11:17Z
2020,Ole Miss,SEC,tacklesForLossOpponent,72,2026-09-29T20:11:17Z
2020,Ole Miss,SEC,thirdDownConversions,70,2026-09-29T20:11:17Z
2020,Ole Miss,SEC,thirdDownConversionsOpponent,63,2026-09-29T20:11:17Z
2020,Ole Miss,SEC,thirdDowns,141,2026-09-29T20:11:17Z
2020,Ole Miss,SEC,thirdDownsOpponent,135,2026-09-29T20:11:17Z
2020,Ole Miss,SEC,totalYards,5566,2026-09-29T20:11:17Z
2020,Ole Miss,SEC,totalYardsOpponent,5190,2026-09-29T20:11:17Z
2020,Ole Miss,SEC,turnovers,18,2026-09-29T20:11:17Z
2020,Ole Miss,SEC,turnoversOpponent,13,2026-09-29T20:11:17Z
2020,Oregon,Pac-12,firstDowns,151,2026-09-29T20:11:17Z
2020,Oregon,Pac-12,firstDownsOpponent,155,2026-09-29T20:11:17Z
2020,Oregon,Pac-12,fourthDownConversions,3,2026-09-29T20:11:17Z
2020,Oregon,Pac-12,fourthDownConversionsOpponent,15,2026-09-29T20:11:17Z
2020,Oregon,Pac-12,fourthDowns,5,2026-09-29T20:11:17Z
2020,Oregon,Pac-12,fourthDownsOpponent,23,2026-09-29T20:11:17Z
2020,Oregon,Pac-12,fumblesLost,9,2026-09-29T20:11:17Z
2020,Oregon,Pac-12,fumblesLostOpponent,2,2026-09-29T20:11:17Z
2020,Oregon,Pac-12,fumblesRecovered,2,2026-09-29T20:11:17Z
2020,Oregon,Pac-12,fumblesRecoveredOpponent,9,2026-09-29T20:11:17Z
2020,Oregon,Pac-12,games,7,2026-09-29T20:11:17Z
2020,Oregon,Pac-12,interceptions,6,2026-09-29T20:11:17Z
2020,Oregon,Pac-12,interceptionsOpponent,5,2026-09-29T20:11:17Z
2020,Oregon,Pac-12,interceptionTDs,1,2026-09-29T20:11:17Z
2020,Oregon,Pac-12,interceptionTDsOpponent,0,2026-09-29T20:11:17Z
2020,Oregon,Pac-12,interceptionYards,91,2026-09-29T20:11:17Z
2020,Oregon,Pac-12,interceptionYardsOpponent,46,2026-09-29T20:11:17Z
2020,Oregon,Pac-12,kickReturns,22,2026-09-29T20:11:17Z
2020,Oregon,Pac-12,kickReturnsOpponent,24,2026-09-29T20:11:17Z
2020,Oregon,Pac-12,kickReturnTDs,0,2026-09-29T20:11:17Z
2020,Oregon,Pac-12,kickReturnTDsOpponent,0,2026-09-29T20:11:17Z
2020,Oregon,Pac-12,kickReturnYards,423,2026-09-29T20:11:17Z
2020,Oregon,Pac-12,kickReturnYardsOpponent,512,2026-09-29T20:11:17Z
2020,Oregon,Pac-12,netPassingYards,1704,2026-09-29T20:11:17Z
2020,Oregon,Pac-12,netPassingYardsOpponent,1654,2026-09-29T20:11:17Z
2020,Oregon,Pac-12,passAttempts,190,2026-09-29T20:11:17Z
2020,Oregon,Pac-12,passAttemptsOpponent,245,2026-09-29T20:11:17Z
2020,Oregon,Pac-12,passCompletions,120,2026-09-29T20:11:17Z
2020,Oregon,Pac-12,passCompletionsOpponent,151,2026-09-29T20:11:17Z
2020,Oregon,Pac-12,passesIntercepted,5,2026-09-29T20:11:17Z
2020,Oregon,Pac-12,passesInterceptedOpponent,6,2026-09-29T20:11:17Z
2020,Oregon,Pac-12,passingTDs,15,2026-09-29T20:11:17Z
2020,Oregon,Pac-12,passingTDsOpponent,8,2026-09-29T20:11:17Z
2020,Oregon,Pac-12,penalties,41,2026-09-29T20:11:17Z
2020,Oregon,Pac-12,penaltiesOpponent,46,2026-09-29T20:11:17Z
2020,Oregon,Pac-12,penaltyYards,371,2026-09-29T20:11:17Z
2020,Oregon,Pac-12,penaltyYardsOpponent,413,2026-09-29T20:11:17Z
2020,Oregon,Pac-12,possessionTime,10938,2026-09-29T20:11:17Z
2020,Oregon,Pac-12,possessionTimeOpponent,14248,2026-09-29T20:11:17Z
2020,Oregon,Pac-12,puntReturns,6,2026-09-29T20:11:17Z
2020,Oregon,Pac-12,puntReturnsOpponent,9,2026-09-29T20:11:17Z
2020,Oregon,Pac-12,puntReturnTDs,0,2026-09-29T20:11:17Z
2020,Oregon,Pac-12,puntReturnTDsOpponent,0,2026-09-29T20:11:17Z
2020,Oregon,Pac-12,puntReturnYards,42,2026-09-29T20:11:17Z
2020,Oregon,Pac-12,puntReturnYardsOpponent,67,2026-09-29T20:11:17Z
2020,Oregon,Pac-12,rushingAttempts,237,2026-09-29T20:11:17Z
2020,Oregon,Pac-12,rushingAttemptsOpponent,284,2026-09-29T20:11:17Z
2020,Oregon,Pac-12,rushingTDs,13,2026-09-29T20:11:17Z
2020,Oregon,Pac-12,rushingTDsOpponent,16,2026-09-29T20:11:17Z
2020,Oregon,Pac-12,rushingYards,1168,2026-09-29T20:11:17Z
2020,Oregon,Pac-12,rushingYardsOpponent,1187,2026-09-29T20:11:17Z
2020,Oregon,Pac-12,sacks,12,2026-09-29T20:11:17Z
2020,Oregon,Pac-12,sacksOpponent,11,2026-09-29T20:11:17Z
2020,Oregon,Pac-12,tacklesForLoss,35,2026-09-29T20:11:17Z
2020,Oregon,Pac-12,tacklesForLossOpponent,39,2026-09-29T20:11:17Z
2020,Oregon,Pac-12,thirdDownConversions,32,2026-09-29T20:11:17Z
2020,Oregon,Pac-12,thirdDownConversionsOpponent,48,2026-09-29T20:11:17Z
2020,Oregon,Pac-12,thirdDowns,74,2026-09-29T20:11:17Z
2020,Oregon,Pac-12,thirdDownsOpponent,115,2026-09-29T20:11:17Z
2020,Oregon,Pac-12,totalYards,2872,2026-09-29T20:11:17Z
2020,Oregon,Pac-12,totalYardsOpponent,2841,2026-09-29T20:11:17Z
2020,Oregon,Pac-12,turnovers,15,2026-09-29T20:11:17Z
2020,Oregon,Pac-12,turnoversOpponent,7,2026-09-29T20:11:17Z
2020,Oregon State,Pac-12,firstDowns,155,2026-09-29T20:11:17Z
2020,Oregon State,Pac-12,firstDownsOpponent,153,2026-09-29T20:11:17Z
2020,Oregon State,Pac-12,fourthDownConversions,12,2026-09-29T20:11:17Z
2020,Oregon State,Pac-12,fourthDownConversionsOpponent,5,2026-09-29T20:11:17Z
2020,Oregon State,Pac-12,fourthDowns,19,2026-09-29T20:11:17Z
2020,Oregon State,Pac-12,fourthDownsOpponent,8,2026-09-29T20:11:17Z
2020,Oregon State,Pac-12,fumblesLost,3,2026-09-29T20:11:17Z
2020,Oregon State,Pac-12,fumblesLostOpponent,0,2026-09-29T20:11:17Z
2020,Oregon State,Pac-12,fumblesRecovered,0,2026-09-29T20:11:17Z
2020,Oregon State,Pac-12,fumblesRecoveredOpponent,3,2026-09-29T20:11:17Z
2020,Oregon State,Pac-12,games,7,2026-09-29T20:11:17Z
2020,Oregon State,Pac-12,interceptions,5,2026-09-29T20:11:17Z
2020,Oregon State,Pac-12,interceptionsOpponent,5,2026-09-29T20:11:17Z
2020,Oregon State,Pac-12,interceptionTDs,0,2026-09-29T20:11:17Z
2020,Oregon State,Pac-12,interceptionTDsOpponent,0,2026-09-29T20:11:17Z
2020,Oregon State,Pac-12,interceptionYards,1,2026-09-29T20:11:17Z
2020,Oregon State,Pac-12,interceptionYardsOpponent,67,2026-09-29T20:11:17Z
2020,Oregon State,Pac-12,kickReturns,27,2026-09-29T20:11:17Z
2020,Oregon State,Pac-12,kickReturnsOpponent,18,2026-09-29T20:11:17Z
2020,Oregon State,Pac-12,kickReturnTDs,0,2026-09-29T20:11:17Z
2020,Oregon State,Pac-12,kickReturnTDsOpponent,0,2026-09-29T20:11:17Z
2020,Oregon State,Pac-12,kickReturnYards,612,2026-09-29T20:11:17Z
2020,Oregon State,Pac-12,kickReturnYardsOpponent,357,2026-09-29T20:11:17Z
2020,Oregon State,Pac-12,netPassingYards,1479,2026-09-29T20:11:17Z
2020,Oregon State,Pac-12,netPassingYardsOpponent,1554,2026-09-29T20:11:17Z
2020,Oregon State,Pac-12,passAttempts,233,2026-09-29T20:11:17Z
2020,Oregon State,Pac-12,passAttemptsOpponent,202,2026-09-29T20:11:17Z
2020,Oregon State,Pac-12,passCompletions,134,2026-09-29T20:11:17Z
2020,Oregon State,Pac-12,passCompletionsOpponent,126,2026-09-29T20:11:17Z
2020,Oregon State,Pac-12,passesIntercepted,5,2026-09-29T20:11:17Z
2020,Oregon State,Pac-12,passesInterceptedOpponent,5,2026-09-29T20:11:17Z
2020,Oregon State,Pac-12,passingTDs,11,2026-09-29T20:11:17Z
2020,Oregon State,Pac-12,passingTDsOpponent,10,2026-09-29T20:11:17Z
2020,Oregon State,Pac-12,penalties,43,2026-09-29T20:11:17Z
2020,Oregon State,Pac-12,penaltiesOpponent,46,2026-09-29T20:11:17Z
2020,Oregon State,Pac-12,penaltyYards,387,2026-09-29T20:11:17Z
2020,Oregon State,Pac-12,penaltyYardsOpponent,397,2026-09-29T20:11:17Z
2020,Oregon State,Pac-12,possessionTime,11741,2026-09-29T20:11:17Z
2020,Oregon State,Pac-12,possessionTimeOpponent,13375,2026-09-29T20:11:17Z
2020,Oregon State,Pac-12,puntReturns,9,2026-09-29T20:11:17Z
2020,Oregon State,Pac-12,puntReturnsOpponent,7,2026-09-29T20:11:17Z
2020,Oregon State,Pac-12,puntReturnTDs,1,2026-09-29T20:11:17Z
2020,Oregon State,Pac-12,puntReturnTDsOpponent,1,2026-09-29T20:11:17Z
2020,Oregon State,Pac-12,puntReturnYards,153,2026-09-29T20:11:17Z
2020,Oregon State,Pac-12,puntReturnYardsOpponent,145,2026-09-29T20:11:17Z
2020,Oregon State,Pac-12,rushingAttempts,258,2026-09-29T20:11:17Z
2020,Oregon State,Pac-12,rushingAttemptsOpponent,273,2026-09-29T20:11:17Z
2020,Oregon State,Pac-12,rushingTDs,15,2026-09-29T20:11:17Z
2020,Oregon State,Pac-12,rushingTDsOpponent,18,2026-09-29T20:11:17Z
2020,Oregon State,Pac-12,rushingYards,1383,2026-09-29T20:11:17Z
2020,Oregon State,Pac-12,rushingYardsOpponent,1524,2026-09-29T20:11:17Z
2020,Oregon State,Pac-12,sacks,7,2026-09-29T20:11:17Z
2020,Oregon State,Pac-12,sacksOpponent,12,2026-09-29T20:11:17Z
2020,Oregon State,Pac-12,tacklesForLoss,27,2026-09-29T20:11:17Z
2020,Oregon State,Pac-12,tacklesForLossOpponent,30,2026-09-29T20:11:17Z
2020,Oregon State,Pac-12,thirdDownConversions,40,2026-09-29T20:11:17Z
2020,Oregon State,Pac-12,thirdDownConversionsOpponent,42,2026-09-29T20:11:17Z
2020,Oregon State,Pac-12,thirdDowns,99,2026-09-29T20:11:17Z
2020,Oregon State,Pac-12,thirdDownsOpponent,91,2026-09-29T20:11:17Z
2020,Oregon State,Pac-12,totalYards,2862,2026-09-29T20:11:17Z
2020,Oregon State,Pac-12,totalYardsOpponent,3078,2026-09-29T20:11:17Z
2020,Oregon State,Pac-12,turnovers,8,2026-09-29T20:11:17Z
2020,Oregon State,Pac-12,turnoversOpponent,5,2026-09-29T20:11:17Z
2020,Penn State,Big Ten,firstDowns,223,2026-09-29T20:11:17Z
2020,Penn State,Big Ten,firstDownsOpponent,156,2026-09-29T20:11:17Z
2020,Penn State,Big Ten,fourthDownConversions,11,2026-09-29T20:11:17Z
2020,Penn State,Big Ten,fourthDownConversionsOpponent,5,2026-09-29T20:11:17Z
2020,Penn State,Big Ten,fourthDowns,22,2026-09-29T20:11:17Z
2020,Penn State,Big Ten,fourthDownsOpponent,14,2026-09-29T20:11:17Z
2020,Penn State,Big Ten,fumblesLost,8,2026-09-29T20:11:17Z
2020,Penn State,Big Ten,fumblesLostOpponent,5,2026-09-29T20:11:17Z
2020,Penn State,Big Ten,fumblesRecovered,5,2026-09-29T20:11:17Z
2020,Penn State,Big Ten,fumblesRecoveredOpponent,8,2026-09-29T20:11:17Z
2020,Penn State,Big Ten,games,9,2026-09-29T20:11:17Z
2020,Penn State,Big Ten,interceptions,9,2026-09-29T20:11:17Z
2020,Penn State,Big Ten,interceptionsOpponent,4,2026-09-29T20:11:17Z
2020,Penn State,Big Ten,interceptionTDs,0,2026-09-29T20:11:17Z
2020,Penn State,Big Ten,interceptionTDsOpponent,1,2026-09-29T20:11:17Z
2020,Penn State,Big Ten,interceptionYards,18,2026-09-29T20:11:17Z
2020,Penn State,Big Ten,interceptionYardsOpponent,187,2026-09-29T20:11:17Z
2020,Penn State,Big Ten,kickReturns,18,2026-09-29T20:11:17Z
2020,Penn State,Big Ten,kickReturnsOpponent,4,2026-09-29T20:11:17Z
2020,Penn State,Big Ten,kickReturnTDs,0,2026-09-29T20:11:17Z
2020,Penn State,Big Ten,kickReturnTDsOpponent,0,2026-09-29T20:11:17Z
2020,Penn State,Big Ten,kickReturnYards,290,2026-09-29T20:11:17Z
2020,Penn State,Big Ten,kickReturnYardsOpponent,69,2026-09-29T20:11:17Z
2020,Penn State,Big Ten,netPassingYards,2298,2026-09-29T20:11:17Z
2020,Penn State,Big Ten,netPassingYardsOpponent,1787,2026-09-29T20:11:17Z
2020,Penn State,Big Ten,passAttempts,306,2026-09-29T20:11:17Z
2020,Penn State,Big Ten,passAttemptsOpponent,266,2026-09-29T20:11:17Z
2020,Penn State,Big Ten,passCompletions,184,2026-09-29T20:11:17Z
2020,Penn State,Big Ten,passCompletionsOpponent,157,2026-09-29T20:11:17Z
2020,Penn State,Big Ten,passesIntercepted,4,2026-09-29T20:11:17Z
2020,Penn State,Big Ten,passesInterceptedOpponent,9,2026-09-29T20:11:17Z
2020,Penn State,Big Ten,passingTDs,17,2026-09-29T20:11:17Z
2020,Penn State,Big Ten,passingTDsOpponent,15,2026-09-29T20:11:17Z
2020,Penn State,Big Ten,penalties,39,2026-09-29T20:11:17Z
2020,Penn State,Big Ten,penaltiesOpponent,44,2026-09-29T20:11:17Z
2020,Penn State,Big Ten,penaltyYards,335,2026-09-29T20:11:17Z
2020,Penn State,Big Ten,penaltyYardsOpponent,367,2026-09-29T20:11:17Z
2020,Penn State,Big Ten,possessionTime,18169,2026-09-29T20:11:17Z
2020,Penn State,Big Ten,possessionTimeOpponent,14207,2026-09-29T20:11:17Z
2020,Penn State,Big Ten,puntReturns,8,2026-09-29T20:11:17Z
2020,Penn State,Big Ten,puntReturnsOpponent,10,2026-09-29T20:11:17Z
2020,Penn State,Big Ten,puntReturnTDs,1,2026-09-29T20:11:17Z
2020,Penn State,Big Ten,puntReturnTDsOpponent,0,2026-09-29T20:11:17Z
2020,Penn State,Big Ten,puntReturnYards,197,2026-09-29T20:11:17Z
2020,Penn State,Big Ten,puntReturnYardsOpponent,71,2026-09-29T20:11:17Z
2020,Penn State,Big Ten,rushingAttempts,402,2026-09-29T20:11:17Z
2020,Penn State,Big Ten,rushingAttemptsOpponent,319,2026-09-29T20:11:17Z
2020,Penn State,Big Ten,rushingTDs,15,2026-09-29T20:11:17Z
2020,Penn State,Big Ten,rushingTDsOpponent,13,2026-09-29T20:11:17Z
2020,Penn State,Big Ten,rushingYards,1569,2026-09-29T20:11:17Z
2020,Penn State,Big Ten,rushingYardsOpponent,1167,2026-09-29T20:11:17Z
2020,Penn State,Big Ten,sacks,21,2026-09-29T20:11:17Z
2020,Penn State,Big Ten,sacksOpponent,28,2026-09-29T20:11:17Z
2020,Penn State,Big Ten,tacklesForLoss,59,2026-09-29T20:11:17Z
2020,Penn State,Big Ten,tacklesForLossOpponent,55,2026-09-29T20:11:17Z
2020,Penn State,Big Ten,thirdDownConversions,56,2026-09-29T20:11:17Z
2020,Penn State,Big Ten,thirdDownConversionsOpponent,47,2026-09-29T20:11:17Z
2020,Penn State,Big Ten,thirdDowns,133,2026-09-29T20:11:17Z
2020,Penn State,Big Ten,thirdDownsOpponent,127,2026-09-29T20:11:17Z
2020,Penn State,Big Ten,totalYards,3867,2026-09-29T20:11:17Z
2020,Penn State,Big Ten,totalYardsOpponent,2954,2026-09-29T20:11:17Z
2020,Penn State,Big Ten,turnovers,17,2026-09-29T20:11:17Z
2020,Penn State,Big Ten,turnoversOpponent,9,2026-09-29T20:11:17Z
2020,Pittsburgh,ACC,firstDowns,226,2026-09-29T20:11:17Z
2020,Pittsburgh,ACC,firstDownsOpponent,206,2026-09-29T20:11:17Z
2020,Pittsburgh,ACC,fourthDownConversions,9,2026-09-29T20:11:17Z
2020,Pittsburgh,ACC,fourthDownConversionsOpponent,11,2026-09-29T20:11:17Z
2020,Pittsburgh,ACC,fourthDowns,18,2026-09-29T20:11:17Z
2020,Pittsburgh,ACC,fourthDownsOpponent,20,2026-09-29T20:11:17Z
2020,Pittsburgh,ACC,fumblesLost,4,2026-09-29T20:11:17Z
2020,Pittsburgh,ACC,fumblesLostOpponent,5,2026-09-29T20:11:17Z
2020,Pittsburgh,ACC,fumblesRecovered,5,2026-09-29T20:11:17Z
2020,Pittsburgh,ACC,fumblesRecoveredOpponent,4,2026-09-29T20:11:17Z
2020,Pittsburgh,ACC,games,11,2026-09-29T20:11:17Z
2020,Pittsburgh,ACC,interceptions,12,2026-09-29T20:11:17Z
2020,Pittsburgh,ACC,interceptionsOpponent,14,2026-09-29T20:11:17Z
2020,Pittsburgh,ACC,interceptionTDs,1,2026-09-29T20:11:17Z
2020,Pittsburgh,ACC,interceptionTDsOpponent,0,2026-09-29T20:11:17Z
2020,Pittsburgh,ACC,interceptionYards,150,2026-09-29T20:11:17Z
2020,Pittsburgh,ACC,interceptionYardsOpponent,90,2026-09-29T20:11:17Z
2020,Pittsburgh,ACC,kickReturns,17,2026-09-29T20:11:17Z
2020,Pittsburgh,ACC,kickReturnsOpponent,21,2026-09-29T20:11:17Z
2020,Pittsburgh,ACC,kickReturnTDs,0,2026-09-29T20:11:17Z
2020,Pittsburgh,ACC,kickReturnTDsOpponent,0,2026-09-29T20:11:17Z
2020,Pittsburgh,ACC,kickReturnYards,370,2026-09-29T20:11:17Z
2020,Pittsburgh,ACC,kickReturnYardsOpponent,372,2026-09-29T20:11:17Z
2020,Pittsburgh,ACC,netPassingYards,2857,2026-09-29T20:11:17Z
2020,Pittsburgh,ACC,netPassingYardsOpponent,2706,2026-09-29T20:11:17Z
2020,Pittsburgh,ACC,passAttempts,426,2026-09-29T20:11:17Z
2020,Pittsburgh,ACC,passAttemptsOpponent,377,2026-09-29T20:11:17Z
2020,Pittsburgh,ACC,passCompletions,246,2026-09-29T20:11:17Z
2020,Pittsburgh,ACC,passCompletionsOpponent,211,2026-09-29T20:11:17Z
2020,Pittsburgh,ACC,passesIntercepted,14,2026-09-29T20:11:17Z
2020,Pittsburgh,ACC,passesInterceptedOpponent,12,2026-09-29T20:11:17Z
2020,Pittsburgh,ACC,passingTDs,14,2026-09-29T20:11:17Z
2020,Pittsburgh,ACC,passingTDsOpponent,23,2026-09-29T20:11:17Z
2020,Pittsburgh,ACC,penalties,86,2026-09-29T20:11:17Z
2020,Pittsburgh,ACC,penaltiesOpponent,74,2026-09-29T20:11:17Z
2020,Pittsburgh,ACC,penaltyYards,753,2026-09-29T20:11:17Z
2020,Pittsburgh,ACC,penaltyYardsOpponent,638,2026-09-29T20:11:17Z
2020,Pittsburgh,ACC,possessionTime,20552,2026-09-29T20:11:17Z
2020,Pittsburgh,ACC,possessionTimeOpponent,19191,2026-09-29T20:11:17Z
2020,Pittsburgh,ACC,puntReturns,19,2026-09-29T20:11:17Z
2020,Pittsburgh,ACC,puntReturnsOpponent,9,2026-09-29T20:11:17Z
2020,Pittsburgh,ACC,puntReturnTDs,1,2026-09-29T20:11:17Z
2020,Pittsburgh,ACC,puntReturnTDsOpponent,1,2026-09-29T20:11:17Z
2020,Pittsburgh,ACC,puntReturnYards,179,2026-09-29T20:11:17Z
2020,Pittsburgh,ACC,puntReturnYardsOpponent,83,2026-09-29T20:11:17Z
2020,Pittsburgh,ACC,rushingAttempts,388,2026-09-29T20:11:17Z
2020,Pittsburgh,ACC,rushingAttemptsOpponent,387,2026-09-29T20:11:17Z
2020,Pittsburgh,ACC,rushingTDs,20,2026-09-29T20:11:17Z
2020,Pittsburgh,ACC,rushingTDsOpponent,11,2026-09-29T20:11:17Z
2020,Pittsburgh,ACC,rushingYards,1343,2026-09-29T20:11:17Z
2020,Pittsburgh,ACC,rushingYardsOpponent,1041,2026-09-29T20:11:17Z
2020,Pittsburgh,ACC,sacks,45,2026-09-29T20:11:17Z
2020,Pittsburgh,ACC,sacksOpponent,26,2026-09-29T20:11:17Z
2020,Pittsburgh,ACC,tacklesForLoss,110,2026-09-29T20:11:17Z
2020,Pittsburgh,ACC,tacklesForLossOpponent,81,2026-09-29T20:11:17Z
2020,Pittsburgh,ACC,thirdDownConversions,63,2026-09-29T20:11:17Z
2020,Pittsburgh,ACC,thirdDownConversionsOpponent,59,2026-09-29T20:11:17Z
2020,Pittsburgh,ACC,thirdDowns,173,2026-09-29T20:11:17Z
2020,Pittsburgh,ACC,thirdDownsOpponent,167,2026-09-29T20:11:17Z
2020,Pittsburgh,ACC,totalYards,4200,2026-09-29T20:11:17Z
2020,Pittsburgh,ACC,totalYardsOpponent,3747,2026-09-29T20:11:17Z
2020,Pittsburgh,ACC,turnovers,16,2026-09-29T20:11:17Z
2020,Pittsburgh,ACC,turnoversOpponent,19,2026-09-29T20:11:17Z
2020,Purdue,Big Ten,firstDowns,136,2026-09-29T20:11:17Z
2020,Purdue,Big Ten,firstDownsOpponent,131,2026-09-29T20:11:17Z
2020,Purdue,Big Ten,fourthDownConversions,6,2026-09-29T20:11:17Z
2020,Purdue,Big Ten,fourthDownConversionsOpponent,6,2026-09-29T20:11:17Z
2020,Purdue,Big Ten,fourthDowns,11,2026-09-29T20:11:17Z
2020,Purdue,Big Ten,fourthDownsOpponent,13,2026-09-29T20:11:17Z
2020,Purdue,Big Ten,fumblesLost,3,2026-09-29T20:11:17Z
2020,Purdue,Big Ten,fumblesLostOpponent,4,2026-09-29T20:11:17Z
2020,Purdue,Big Ten,fumblesRecovered,4,2026-09-29T20:11:17Z
2020,Purdue,Big Ten,fumblesRecoveredOpponent,3,2026-09-29T20:11:17Z
2020,Purdue,Big Ten,games,6,2026-09-29T20:11:17Z
2020,Purdue,Big Ten,interceptions,4,2026-09-29T20:11:17Z
2020,Purdue,Big Ten,interceptionsOpponent,3,2026-09-29T20:11:17Z
2020,Purdue,Big Ten,interceptionTDs,0,2026-09-29T20:11:17Z
2020,Purdue,Big Ten,interceptionTDsOpponent,0,2026-09-29T20:11:17Z
2020,Purdue,Big Ten,interceptionYards,21,2026-09-29T20:11:17Z
2020,Purdue,Big Ten,interceptionYardsOpponent,34,2026-09-29T20:11:17Z
2020,Purdue,Big Ten,kickReturns,20,2026-09-29T20:11:17Z
2020,Purdue,Big Ten,kickReturnsOpponent,13,2026-09-29T20:11:17Z
2020,Purdue,Big Ten,kickReturnTDs,0,2026-09-29T20:11:17Z
2020,Purdue,Big Ten,kickReturnTDsOpponent,1,2026-09-29T20:11:17Z
2020,Purdue,Big Ten,kickReturnYards,401,2026-09-29T20:11:17Z
2020,Purdue,Big Ten,kickReturnYardsOpponent,356,2026-09-29T20:11:17Z
2020,Purdue,Big Ten,netPassingYards,1854,2026-09-29T20:11:17Z
2020,Purdue,Big Ten,netPassingYardsOpponent,1525,2026-09-29T20:11:17Z
2020,Purdue,Big Ten,passAttempts,261,2026-09-29T20:11:17Z
2020,Purdue,Big Ten,passAttemptsOpponent,192,2026-09-29T20:11:17Z
2020,Purdue,Big Ten,passCompletions,176,2026-09-29T20:11:17Z
2020,Purdue,Big Ten,passCompletionsOpponent,126,2026-09-29T20:11:17Z
2020,Purdue,Big Ten,passesIntercepted,3,2026-09-29T20:11:17Z
2020,Purdue,Big Ten,passesInterceptedOpponent,4,2026-09-29T20:11:17Z
2020,Purdue,Big Ten,passingTDs,15,2026-09-29T20:11:17Z
2020,Purdue,Big Ten,passingTDsOpponent,9,2026-09-29T20:11:17Z
2020,Purdue,Big Ten,penalties,42,2026-09-29T20:11:17Z
2020,Purdue,Big Ten,penaltiesOpponent,44,2026-09-29T20:11:17Z
2020,Purdue,Big Ten,penaltyYards,360,2026-09-29T20:11:17Z
2020,Purdue,Big Ten,penaltyYardsOpponent,438,2026-09-29T20:11:17Z
2020,Purdue,Big Ten,possessionTime,9961,2026-09-29T20:11:17Z
2020,Purdue,Big Ten,possessionTimeOpponent,11608,2026-09-29T20:11:17Z
2020,Purdue,Big Ten,puntReturns,3,2026-09-29T20:11:17Z
2020,Purdue,Big Ten,puntReturnsOpponent,7,2026-09-29T20:11:17Z
2020,Purdue,Big Ten,puntReturnTDs,0,2026-09-29T20:11:17Z
2020,Purdue,Big Ten,puntReturnTDsOpponent,0,2026-09-29T20:11:17Z
2020,Purdue,Big Ten,puntReturnYards,16,2026-09-29T20:11:17Z
2020,Purdue,Big Ten,puntReturnYardsOpponent,117,2026-09-29T20:11:17Z
2020,Purdue,Big Ten,rushingAttempts,150,2026-09-29T20:11:17Z
2020,Purdue,Big Ten,rushingAttemptsOpponent,252,2026-09-29T20:11:17Z
2020,Purdue,Big Ten,rushingTDs,4,2026-09-29T20:11:17Z
2020,Purdue,Big Ten,rushingTDsOpponent,12,2026-09-29T20:11:17Z
2020,Purdue,Big Ten,rushingYards,488,2026-09-29T20:11:17Z
2020,Purdue,Big Ten,rushingYardsOpponent,870,2026-09-29T20:11:17Z
2020,Purdue,Big Ten,sacks,5,2026-09-29T20:11:17Z
2020,Purdue,Big Ten,sacksOpponent,12,2026-09-29T20:11:17Z
2020,Purdue,Big Ten,tacklesForLoss,33,2026-09-29T20:11:17Z
2020,Purdue,Big Ten,tacklesForLossOpponent,31,2026-09-29T20:11:17Z
2020,Purdue,Big Ten,thirdDownConversions,30,2026-09-29T20:11:17Z
2020,Purdue,Big Ten,thirdDownConversionsOpponent,38,2026-09-29T20:11:17Z
2020,Purdue,Big Ten,thirdDowns,80,2026-09-29T20:11:17Z
2020,Purdue,Big Ten,thirdDownsOpponent,88,2026-09-29T20:11:17Z
2020,Purdue,Big Ten,totalYards,2342,2026-09-29T20:11:17Z
2020,Purdue,Big Ten,totalYardsOpponent,2395,2026-09-29T20:11:17Z
2020,Purdue,Big Ten,turnovers,7,2026-09-29T20:11:17Z
2020,Purdue,Big Ten,turnoversOpponent,7,2026-09-29T20:11:17Z
2020,Rice,Conference USA,firstDowns,107,2026-09-29T20:11:17Z
2020,Rice,Conference USA,firstDownsOpponent,80,2026-09-29T20:11:17Z
2020,Rice,Conference USA,fourthDownConversions,6,2026-09-29T20:11:17Z
2020,Rice,Conference USA,fourthDownConversionsOpponent,0,2026-09-29T20:11:17Z
2020,Rice,Conference USA,fourthDowns,11,2026-09-29T20:11:17Z
2020,Rice,Conference USA,fourthDownsOpponent,6,2026-09-29T20:11:17Z
2020,Rice,Conference USA,fumblesLost,6,2026-09-29T20:11:17Z
2020,Rice,Conference USA,fumblesLostOpponent,3,2026-09-29T20:11:17Z
2020,Rice,Conference USA,fumblesRecovered,3,2026-09-29T20:11:17Z
2020,Rice,Conference USA,fumblesRecoveredOpponent,6,2026-09-29T20:11:17Z
2020,Rice,Conference USA,games,5,2026-09-29T20:11:17Z
2020,Rice,Conference USA,interceptions,2,2026-09-29T20:11:17Z
2020,Rice,Conference USA,interceptionsOpponent,6,2026-09-29T20:11:17Z
2020,Rice,Conference USA,interceptionTDs,1,2026-09-29T20:11:17Z
2020,Rice,Conference USA,interceptionTDsOpponent,0,2026-09-29T20:11:17Z
2020,Rice,Conference USA,interceptionYards,77,2026-09-29T20:11:17Z
2020,Rice,Conference USA,interceptionYardsOpponent,21,2026-09-29T20:11:17Z
2020,Rice,Conference USA,kickReturns,13,2026-09-29T20:11:17Z
2020,Rice,Conference USA,kickReturnsOpponent,17,2026-09-29T20:11:17Z
2020,Rice,Conference USA,kickReturnTDs,0,2026-09-29T20:11:17Z
2020,Rice,Conference USA,kickReturnTDsOpponent,0,2026-09-29T20:11:17Z
2020,Rice,Conference USA,kickReturnYards,261,2026-09-29T20:11:17Z
2020,Rice,Conference USA,kickReturnYardsOpponent,266,2026-09-29T20:11:17Z
2020,Rice,Conference USA,netPassingYards,1076,2026-09-29T20:11:17Z
2020,Rice,Conference USA,netPassingYardsOpponent,1004,2026-09-29T20:11:17Z
2020,Rice,Conference USA,passAttempts,133,2026-09-29T20:11:17Z
2020,Rice,Conference USA,passAttemptsOpponent,129,2026-09-29T20:11:17Z
2020,Rice,Conference USA,passCompletions,82,2026-09-29T20:11:17Z
2020,Rice,Conference USA,passCompletionsOpponent,77,2026-09-29T20:11:17Z
2020,Rice,Conference USA,passesIntercepted,6,2026-09-29T20:11:17Z
2020,Rice,Conference USA,passesInterceptedOpponent,2,2026-09-29T20:11:17Z
2020,Rice,Conference USA,passingTDs,11,2026-09-29T20:11:17Z
2020,Rice,Conference USA,passingTDsOpponent,5,2026-09-29T20:11:17Z
2020,Rice,Conference USA,penalties,17,2026-09-29T20:11:17Z
2020,Rice,Conference USA,penaltiesOpponent,35,2026-09-29T20:11:17Z
2020,Rice,Conference USA,penaltyYards,119,2026-09-29T20:11:17Z
2020,Rice,Conference USA,penaltyYardsOpponent,307,2026-09-29T20:11:17Z
2020,Rice,Conference USA,possessionTime,10599,2026-09-29T20:11:17Z
2020,Rice,Conference USA,possessionTimeOpponent,7202,2026-09-29T20:11:17Z
2020,Rice,Conference USA,puntReturns,8,2026-09-29T20:11:17Z
2020,Rice,Conference USA,puntReturnsOpponent,7,2026-09-29T20:11:17Z
2020,Rice,Conference USA,puntReturnTDs,0,2026-09-29T20:11:17Z
2020,Rice,Conference USA,puntReturnTDsOpponent,0,2026-09-29T20:11:17Z
2020,Rice,Conference USA,puntReturnYards,67,2026-09-29T20:11:17Z
2020,Rice,Conference USA,puntReturnYardsOpponent,37,2026-09-29T20:11:17Z
2020,Rice,Conference USA,rushingAttempts,214,2026-09-29T20:11:17Z
2020,Rice,Conference USA,rushingAttemptsOpponent,169,2026-09-29T20:11:17Z
2020,Rice,Conference USA,rushingTDs,1,2026-09-29T20:11:17Z
2020,Rice,Conference USA,rushingTDsOpponent,4,2026-09-29T20:11:17Z
2020,Rice,Conference USA,rushingYards,601,2026-09-29T20:11:17Z
2020,Rice,Conference USA,rushingYardsOpponent,687,2026-09-29T20:11:17Z
2020,Rice,Conference USA,sacks,7,2026-09-29T20:11:17Z
2020,Rice,Conference USA,sacksOpponent,16,2026-09-29T20:11:17Z
2020,Rice,Conference USA,tacklesForLoss,22,2026-09-29T20:11:17Z
2020,Rice,Conference USA,tacklesForLossOpponent,34,2026-09-29T20:11:17Z
2020,Rice,Conference USA,thirdDownConversions,28,2026-09-29T20:11:17Z
2020,Rice,Conference USA,thirdDownConversionsOpponent,26,2026-09-29T20:11:17Z
2020,Rice,Conference USA,thirdDowns,75,2026-09-29T20:11:17Z
2020,Rice,Conference USA,thirdDownsOpponent,65,2026-09-29T20:11:17Z
2020,Rice,Conference USA,totalYards,1677,2026-09-29T20:11:17Z
2020,Rice,Conference USA,totalYardsOpponent,1691,2026-09-29T20:11:17Z
2020,Rice,Conference USA,turnovers,8,2026-09-29T20:11:17Z
2020,Rice,Conference USA,turnoversOpponent,9,2026-09-29T20:11:17Z
2020,Rutgers,Big Ten,firstDowns,171,2026-09-29T20:11:17Z
2020,Rutgers,Big Ten,firstDownsOpponent,215,2026-09-29T20:11:17Z
2020,Rutgers,Big Ten,fourthDownConversions,11,2026-09-29T20:11:17Z
2020,Rutgers,Big Ten,fourthDownConversionsOpponent,10,2026-09-29T20:11:17Z
2020,Rutgers,Big Ten,fourthDowns,22,2026-09-29T20:11:17Z
2020,Rutgers,Big Ten,fourthDownsOpponent,16,2026-09-29T20:11:17Z
2020,Rutgers,Big Ten,fumblesLost,5,2026-09-29T20:11:17Z
2020,Rutgers,Big Ten,fumblesLostOpponent,11,2026-09-29T20:11:17Z
2020,Rutgers,Big Ten,fumblesRecovered,12,2026-09-29T20:11:17Z
2020,Rutgers,Big Ten,fumblesRecoveredOpponent,5,2026-09-29T20:11:17Z
2020,Rutgers,Big Ten,games,9,2026-09-29T20:11:17Z
2020,Rutgers,Big Ten,interceptions,8,2026-09-29T20:11:17Z
2020,Rutgers,Big Ten,interceptionsOpponent,8,2026-09-29T20:11:17Z
2020,Rutgers,Big Ten,interceptionTDs,0,2026-09-29T20:11:17Z
2020,Rutgers,Big Ten,interceptionTDsOpponent,0,2026-09-29T20:11:17Z
2020,Rutgers,Big Ten,interceptionYards,54,2026-09-29T20:11:17Z
2020,Rutgers,Big Ten,interceptionYardsOpponent,55,2026-09-29T20:11:17Z
2020,Rutgers,Big Ten,kickReturns,33,2026-09-29T20:11:17Z
2020,Rutgers,Big Ten,kickReturnsOpponent,29,2026-09-29T20:11:17Z
2020,Rutgers,Big Ten,kickReturnTDs,2,2026-09-29T20:11:17Z
2020,Rutgers,Big Ten,kickReturnTDsOpponent,1,2026-09-29T20:11:17Z
2020,Rutgers,Big Ten,kickReturnYards,851,2026-09-29T20:11:17Z
2020,Rutgers,Big Ten,kickReturnYardsOpponent,559,2026-09-29T20:11:17Z
2020,Rutgers,Big Ten,netPassingYards,1787,2026-09-29T20:11:17Z
2020,Rutgers,Big Ten,netPassingYardsOpponent,2209,2026-09-29T20:11:17Z
2020,Rutgers,Big Ten,passAttempts,309,2026-09-29T20:11:17Z
2020,Rutgers,Big Ten,passAttemptsOpponent,282,2026-09-29T20:11:17Z
2020,Rutgers,Big Ten,passCompletions,195,2026-09-29T20:11:17Z
2020,Rutgers,Big Ten,passCompletionsOpponent,189,2026-09-29T20:11:17Z
2020,Rutgers,Big Ten,passesIntercepted,8,2026-09-29T20:11:17Z
2020,Rutgers,Big Ten,passesInterceptedOpponent,8,2026-09-29T20:11:17Z
2020,Rutgers,Big Ten,passingTDs,14,2026-09-29T20:11:17Z
2020,Rutgers,Big Ten,passingTDsOpponent,21,2026-09-29T20:11:17Z
2020,Rutgers,Big Ten,penalties,66,2026-09-29T20:11:17Z
2020,Rutgers,Big Ten,penaltiesOpponent,66,2026-09-29T20:11:17Z
2020,Rutgers,Big Ten,penaltyYards,537,2026-09-29T20:11:17Z
2020,Rutgers,Big Ten,penaltyYardsOpponent,586,2026-09-29T20:11:17Z
2020,Rutgers,Big Ten,possessionTime,15093,2026-09-29T20:11:17Z
2020,Rutgers,Big Ten,possessionTimeOpponent,17054,2026-09-29T20:11:17Z
2020,Rutgers,Big Ten,puntReturns,10,2026-09-29T20:11:17Z
2020,Rutgers,Big Ten,puntReturnsOpponent,10,2026-09-29T20:11:17Z
2020,Rutgers,Big Ten,puntReturnTDs,1,2026-09-29T20:11:17Z
2020,Rutgers,Big Ten,puntReturnTDsOpponent,0,2026-09-29T20:11:17Z
2020,Rutgers,Big Ten,puntReturnYards,99,2026-09-29T20:11:17Z
2020,Rutgers,Big Ten,puntReturnYardsOpponent,32,2026-09-29T20:11:17Z
2020,Rutgers,Big Ten,rushingAttempts,343,2026-09-29T20:11:17Z
2020,Rutgers,Big Ten,rushingAttemptsOpponent,400,2026-09-29T20:11:17Z
2020,Rutgers,Big Ten,rushingTDs,13,2026-09-29T20:11:17Z
2020,Rutgers,Big Ten,rushingTDsOpponent,14,2026-09-29T20:11:17Z
2020,Rutgers,Big Ten,rushingYards,1261,2026-09-29T20:11:17Z
2020,Rutgers,Big Ten,rushingYardsOpponent,1840,2026-09-29T20:11:17Z
2020,Rutgers,Big Ten,sacks,20,2026-09-29T20:11:17Z
2020,Rutgers,Big Ten,sacksOpponent,20,2026-09-29T20:11:17Z
2020,Rutgers,Big Ten,tacklesForLoss,71,2026-09-29T20:11:17Z
2020,Rutgers,Big Ten,tacklesForLossOpponent,62,2026-09-29T20:11:17Z
2020,Rutgers,Big Ten,thirdDownConversions,49,2026-09-29T20:11:17Z
2020,Rutgers,Big Ten,thirdDownConversionsOpponent,49,2026-09-29T20:11:17Z
2020,Rutgers,Big Ten,thirdDowns,144,2026-09-29T20:11:17Z
2020,Rutgers,Big Ten,thirdDownsOpponent,128,2026-09-29T20:11:17Z
2020,Rutgers,Big Ten,totalYards,3048,2026-09-29T20:11:17Z
2020,Rutgers,Big Ten,totalYardsOpponent,4049,2026-09-29T20:11:17Z
2020,Rutgers,Big Ten,turnovers,13,2026-09-29T20:11:17Z
2020,Rutgers,Big Ten,turnoversOpponent,19,2026-09-29T20:11:17Z
2020,San Diego State,Mountain West,firstDowns,152,2026-09-29T20:11:17Z
2020,San Diego State,Mountain West,firstDownsOpponent,122,2026-09-29T20:11:17Z
2020,San Diego State,Mountain West,fourthDownConversions,8,2026-09-29T20:11:17Z
2020,San Diego State,Mountain West,fourthDownConversionsOpponent,8,2026-09-29T20:11:17Z
2020,San Diego State,Mountain West,fourthDowns,18,2026-09-29T20:11:17Z
2020,San Diego State,Mountain West,fourthDownsOpponent,10,2026-09-29T20:11:17Z
2020,San Diego State,Mountain West,fumblesLost,6,2026-09-29T20:11:17Z
2020,San Diego State,Mountain West,fumblesLostOpponent,5,2026-09-29T20:11:17Z
2020,San Diego State,Mountain West,fumblesRecovered,5,2026-09-29T20:11:17Z
2020,San Diego State,Mountain West,fumblesRecoveredOpponent,6,2026-09-29T20:11:17Z
2020,San Diego State,Mountain West,games,8,2026-09-29T20:11:17Z
2020,San Diego State,Mountain West,interceptions,5,2026-09-29T20:11:17Z
2020,San Diego State,Mountain West,interceptionsOpponent,8,2026-09-29T20:11:17Z
2020,San Diego State,Mountain West,interceptionTDs,2,2026-09-29T20:11:17Z
2020,San Diego State,Mountain West,interceptionTDsOpponent,0,2026-09-29T20:11:17Z
2020,San Diego State,Mountain West,interceptionYards,156,2026-09-29T20:11:17Z
2020,San Diego State,Mountain West,interceptionYardsOpponent,23,2026-09-29T20:11:17Z
2020,San Diego State,Mountain West,kickReturns,16,2026-09-29T20:11:17Z
2020,San Diego State,Mountain West,kickReturnsOpponent,14,2026-09-29T20:11:17Z
2020,San Diego State,Mountain West,kickReturnTDs,1,2026-09-29T20:11:17Z
2020,San Diego State,Mountain West,kickReturnTDsOpponent,0,2026-09-29T20:11:17Z
2020,San Diego State,Mountain West,kickReturnYards,430,2026-09-29T20:11:17Z
2020,San Diego State,Mountain West,kickReturnYardsOpponent,331,2026-09-29T20:11:17Z
2020,San Diego State,Mountain West,netPassingYards,1200,2026-09-29T20:11:17Z
2020,San Diego State,Mountain West,netPassingYardsOpponent,1463,2026-09-29T20:11:17Z
2020,San Diego State,Mountain West,passAttempts,203,2026-09-29T20:11:17Z
2020,San Diego State,Mountain West,passAttemptsOpponent,264,2026-09-29T20:11:17Z
2020,San Diego State,Mountain West,passCompletions,116,2026-09-29T20:11:17Z
2020,San Diego State,Mountain West,passCompletionsOpponent,157,2026-09-29T20:11:17Z
2020,San Diego State,Mountain West,passesIntercepted,7,2026-09-29T20:11:17Z
2020,San Diego State,Mountain West,passesInterceptedOpponent,5,2026-09-29T20:11:17Z
2020,San Diego State,Mountain West,passingTDs,6,2026-09-29T20:11:17Z
2020,San Diego State,Mountain West,passingTDsOpponent,11,2026-09-29T20:11:17Z
2020,San Diego State,Mountain West,penalties,38,2026-09-29T20:11:17Z
2020,San Diego State,Mountain West,penaltiesOpponent,35,2026-09-29T20:11:17Z
2020,San Diego State,Mountain West,penaltyYards,339,2026-09-29T20:11:17Z
2020,San Diego State,Mountain West,penaltyYardsOpponent,265,2026-09-29T20:11:17Z
2020,San Diego State,Mountain West,possessionTime,16630,2026-09-29T20:11:17Z
2020,San Diego State,Mountain West,possessionTimeOpponent,12960,2026-09-29T20:11:17Z
2020,San Diego State,Mountain West,puntReturns,23,2026-09-29T20:11:17Z
2020,San Diego State,Mountain West,puntReturnsOpponent,16,2026-09-29T20:11:17Z
2020,San Diego State,Mountain West,puntReturnTDs,1,2026-09-29T20:11:17Z
2020,San Diego State,Mountain West,puntReturnTDsOpponent,0,2026-09-29T20:11:17Z
2020,San Diego State,Mountain West,puntReturnYards,245,2026-09-29T20:11:17Z
2020,San Diego State,Mountain West,puntReturnYardsOpponent,143,2026-09-29T20:11:17Z
2020,San Diego State,Mountain West,rushingAttempts,360,2026-09-29T20:11:17Z
2020,San Diego State,Mountain West,rushingAttemptsOpponent,258,2026-09-29T20:11:17Z
2020,San Diego State,Mountain West,rushingTDs,14,2026-09-29T20:11:17Z
2020,San Diego State,Mountain West,rushingTDsOpponent,5,2026-09-29T20:11:17Z
2020,San Diego State,Mountain West,rushingYards,1590,2026-09-29T20:11:17Z
2020,San Diego State,Mountain West,rushingYardsOpponent,781,2026-09-29T20:11:17Z
2020,San Diego State,Mountain West,sacks,19,2026-09-29T20:11:17Z
2020,San Diego State,Mountain West,sacksOpponent,16,2026-09-29T20:11:17Z
2020,San Diego State,Mountain West,tacklesForLoss,64,2026-09-29T20:11:17Z
2020,San Diego State,Mountain West,tacklesForLossOpponent,66,2026-09-29T20:11:17Z
2020,San Diego State,Mountain West,thirdDownConversions,43,2026-09-29T20:11:17Z
2020,San Diego State,Mountain West,thirdDownConversionsOpponent,35,2026-09-29T20:11:17Z
2020,San Diego State,Mountain West,thirdDowns,120,2026-09-29T20:11:17Z
2020,San Diego State,Mountain West,thirdDownsOpponent,122,2026-09-29T20:11:17Z
2020,San Diego State,Mountain West,totalYards,2790,2026-09-29T20:11:17Z
2020,San Diego State,Mountain West,totalYardsOpponent,2244,2026-09-29T20:11:17Z
2020,San Diego State,Mountain West,turnovers,11,2026-09-29T20:11:17Z
2020,San Diego State,Mountain West,turnoversOpponent,13,2026-09-29T20:11:17Z
2020,San José State,Mountain West,firstDowns,164,2026-09-29T20:11:17Z
2020,San José State,Mountain West,firstDownsOpponent,157,2026-09-29T20:11:17Z
2020,San José State,Mountain West,fourthDownConversions,5,2026-09-29T20:11:17Z
2020,San José State,Mountain West,fourthDownConversionsOpponent,9,2026-09-29T20:11:17Z
2020,San José State,Mountain West,fourthDowns,13,2026-09-29T20:11:17Z
2020,San José State,Mountain West,fourthDownsOpponent,18,2026-09-29T20:11:17Z
2020,San José State,Mountain West,fumblesLost,0,2026-09-29T20:11:17Z
2020,San José State,Mountain West,fumblesLostOpponent,8,2026-09-29T20:11:17Z
2020,San José State,Mountain West,fumblesRecovered,8,2026-09-29T20:11:17Z
2020,San José State,Mountain West,fumblesRecoveredOpponent,0,2026-09-29T20:11:17Z
2020,San José State,Mountain West,games,8,2026-09-29T20:11:17Z
2020,San José State,Mountain West,interceptions,9,2026-09-29T20:11:17Z
2020,San José State,Mountain West,interceptionsOpponent,3,2026-09-29T20:11:17Z
2020,San José State,Mountain West,interceptionTDs,0,2026-09-29T20:11:17Z
2020,San José State,Mountain West,interceptionTDsOpponent,1,2026-09-29T20:11:17Z
2020,San José State,Mountain West,interceptionYards,0,2026-09-29T20:11:17Z
2020,San José State,Mountain West,interceptionYardsOpponent,122,2026-09-29T20:11:17Z
2020,San José State,Mountain West,kickReturns,19,2026-09-29T20:11:17Z
2020,San José State,Mountain West,kickReturnsOpponent,31,2026-09-29T20:11:17Z
2020,San José State,Mountain West,kickReturnTDs,2,2026-09-29T20:11:17Z
2020,San José State,Mountain West,kickReturnTDsOpponent,0,2026-09-29T20:11:17Z
2020,San José State,Mountain West,kickReturnYards,591,2026-09-29T20:11:17Z
2020,San José State,Mountain West,kickReturnYardsOpponent,568,2026-09-29T20:11:17Z
2020,San José State,Mountain West,netPassingYards,2387,2026-09-29T20:11:17Z
2020,San José State,Mountain West,netPassingYardsOpponent,1807,2026-09-29T20:11:17Z
2020,San José State,Mountain West,passAttempts,288,2026-09-29T20:11:17Z
2020,San José State,Mountain West,passAttemptsOpponent,261,2026-09-29T20:11:17Z
2020,San José State,Mountain West,passCompletions,183,2026-09-29T20:11:17Z
2020,San José State,Mountain West,passCompletionsOpponent,162,2026-09-29T20:11:17Z
2020,San José State,Mountain West,passesIntercepted,3,2026-09-29T20:11:17Z
2020,San José State,Mountain West,passesInterceptedOpponent,9,2026-09-29T20:11:17Z
2020,San José State,Mountain West,passingTDs,19,2026-09-29T20:11:17Z
2020,San José State,Mountain West,passingTDsOpponent,8,2026-09-29T20:11:17Z
2020,San José State,Mountain West,penalties,54,2026-09-29T20:11:17Z
2020,San José State,Mountain West,penaltiesOpponent,47,2026-09-29T20:11:17Z
2020,San José State,Mountain West,penaltyYards,455,2026-09-29T20:11:17Z
2020,San José State,Mountain West,penaltyYardsOpponent,435,2026-09-29T20:11:17Z
2020,San José State,Mountain West,possessionTime,14141,2026-09-29T20:11:17Z
2020,San José State,Mountain West,possessionTimeOpponent,14634,2026-09-29T20:11:17Z
2020,San José State,Mountain West,puntReturns,14,2026-09-29T20:11:17Z
2020,San José State,Mountain West,puntReturnsOpponent,3,2026-09-29T20:11:17Z
2020,San José State,Mountain West,puntReturnTDs,0,2026-09-29T20:11:17Z
2020,San José State,Mountain West,puntReturnTDsOpponent,1,2026-09-29T20:11:17Z
2020,San José State,Mountain West,puntReturnYards,127,2026-09-29T20:11:17Z
2020,San José State,Mountain West,puntReturnYardsOpponent,69,2026-09-29T20:11:17Z
2020,San José State,Mountain West,rushingAttempts,236,2026-09-29T20:11:17Z
2020,San José State,Mountain West,rushingAttemptsOpponent,298,2026-09-29T20:11:17Z
2020,San José State,Mountain West,rushingTDs,8,2026-09-29T20:11:17Z
2020,San José State,Mountain West,rushingTDsOpponent,10,2026-09-29T20:11:17Z
2020,San José State,Mountain West,rushingYards,1060,2026-09-29T20:11:17Z
2020,San José State,Mountain West,rushingYardsOpponent,953,2026-09-29T20:11:17Z
2020,San José State,Mountain West,sacks,25,2026-09-29T20:11:17Z
2020,San José State,Mountain West,sacksOpponent,7,2026-09-29T20:11:17Z
2020,San José State,Mountain West,tacklesForLoss,53,2026-09-29T20:11:17Z
2020,San José State,Mountain West,tacklesForLossOpponent,36,2026-09-29T20:11:17Z
2020,San José State,Mountain West,thirdDownConversions,38,2026-09-29T20:11:17Z
2020,San José State,Mountain West,thirdDownConversionsOpponent,47,2026-09-29T20:11:17Z
2020,San José State,Mountain West,thirdDowns,101,2026-09-29T20:11:17Z
2020,San José State,Mountain West,thirdDownsOpponent,119,2026-09-29T20:11:17Z
2020,San José State,Mountain West,totalYards,3447,2026-09-29T20:11:17Z
2020,San José State,Mountain West,totalYardsOpponent,2760,2026-09-29T20:11:17Z
2020,San José State,Mountain West,turnovers,9,2026-09-29T20:11:17Z
2020,San José State,Mountain West,turnoversOpponent,11,2026-09-29T20:11:17Z
2020,SMU,American Athletic,firstDowns,250,2026-09-29T20:11:17Z
2020,SMU,American Athletic,firstDownsOpponent,228,2026-09-29T20:11:17Z
2020,SMU,American Athletic,fourthDownConversions,7,2026-09-29T20:11:17Z
2020,SMU,American Athletic,fourthDownConversionsOpponent,13,2026-09-29T20:11:17Z
2020,SMU,American Athletic,fourthDowns,17,2026-09-29T20:11:17Z
2020,SMU,American Athletic,fourthDownsOpponent,22,2026-09-29T20:11:17Z
2020,SMU,American Athletic,fumblesLost,6,2026-09-29T20:11:17Z
2020,SMU,American Athletic,fumblesLostOpponent,9,2026-09-29T20:11:17Z
2020,SMU,American Athletic,fumblesRecovered,9,2026-09-29T20:11:17Z
2020,SMU,American Athletic,fumblesRecoveredOpponent,6,2026-09-29T20:11:17Z
2020,SMU,American Athletic,games,10,2026-09-29T20:11:17Z
2020,SMU,American Athletic,interceptions,6,2026-09-29T20:11:17Z
2020,SMU,American Athletic,interceptionsOpponent,7,2026-09-29T20:11:17Z
2020,SMU,American Athletic,interceptionTDs,1,2026-09-29T20:11:17Z
2020,SMU,American Athletic,interceptionTDsOpponent,0,2026-09-29T20:11:17Z
2020,SMU,American Athletic,interceptionYards,48,2026-09-29T20:11:17Z
2020,SMU,American Athletic,interceptionYardsOpponent,79,2026-09-29T20:11:17Z
2020,SMU,American Athletic,kickReturns,29,2026-09-29T20:11:17Z
2020,SMU,American Athletic,kickReturnsOpponent,20,2026-09-29T20:11:17Z
2020,SMU,American Athletic,kickReturnTDs,0,2026-09-29T20:11:17Z
2020,SMU,American Athletic,kickReturnTDsOpponent,0,2026-09-29T20:11:17Z
2020,SMU,American Athletic,kickReturnYards,551,2026-09-29T20:11:17Z
2020,SMU,American Athletic,kickReturnYardsOpponent,339,2026-09-29T20:11:17Z
2020,SMU,American Athletic,netPassingYards,3180,2026-09-29T20:11:17Z
2020,SMU,American Athletic,netPassingYardsOpponent,2420,2026-09-29T20:11:17Z
2020,SMU,American Athletic,passAttempts,376,2026-09-29T20:11:17Z
2020,SMU,American Athletic,passAttemptsOpponent,319,2026-09-29T20:11:17Z
2020,SMU,American Athletic,passCompletions,246,2026-09-29T20:11:17Z
2020,SMU,American Athletic,passCompletionsOpponent,185,2026-09-29T20:11:17Z
2020,SMU,American Athletic,passesIntercepted,7,2026-09-29T20:11:17Z
2020,SMU,American Athletic,passesInterceptedOpponent,6,2026-09-29T20:11:17Z
2020,SMU,American Athletic,passingTDs,23,2026-09-29T20:11:17Z
2020,SMU,American Athletic,passingTDsOpponent,22,2026-09-29T20:11:17Z
2020,SMU,American Athletic,penalties,69,2026-09-29T20:11:17Z
2020,SMU,American Athletic,penaltiesOpponent,75,2026-09-29T20:11:17Z
2020,SMU,American Athletic,penaltyYards,617,2026-09-29T20:11:17Z
2020,SMU,American Athletic,penaltyYardsOpponent,670,2026-09-29T20:11:17Z
2020,SMU,American Athletic,possessionTime,17625,2026-09-29T20:11:17Z
2020,SMU,American Athletic,possessionTimeOpponent,18198,2026-09-29T20:11:17Z
2020,SMU,American Athletic,puntReturns,21,2026-09-29T20:11:17Z
2020,SMU,American Athletic,puntReturnsOpponent,10,2026-09-29T20:11:17Z
2020,SMU,American Athletic,puntReturnTDs,0,2026-09-29T20:11:17Z
2020,SMU,American Athletic,puntReturnTDsOpponent,0,2026-09-29T20:11:17Z
2020,SMU,American Athletic,puntReturnYards,267,2026-09-29T20:11:17Z
2020,SMU,American Athletic,puntReturnYardsOpponent,75,2026-09-29T20:11:17Z
2020,SMU,American Athletic,rushingAttempts,376,2026-09-29T20:11:17Z
2020,SMU,American Athletic,rushingAttemptsOpponent,428,2026-09-29T20:11:17Z
2020,SMU,American Athletic,rushingTDs,24,2026-09-29T20:11:17Z
2020,SMU,American Athletic,rushingTDsOpponent,19,2026-09-29T20:11:17Z
2020,SMU,American Athletic,rushingYards,1778,2026-09-29T20:11:17Z
2020,SMU,American Athletic,rushingYardsOpponent,1803,2026-09-29T20:11:17Z
2020,SMU,American Athletic,sacks,25,2026-09-29T20:11:17Z
2020,SMU,American Athletic,sacksOpponent,20,2026-09-29T20:11:17Z
2020,SMU,American Athletic,tacklesForLoss,75,2026-09-29T20:11:17Z
2020,SMU,American Athletic,tacklesForLossOpponent,57,2026-09-29T20:11:17Z
2020,SMU,American Athletic,thirdDownConversions,69,2026-09-29T20:11:17Z
2020,SMU,American Athletic,thirdDownConversionsOpponent,66,2026-09-29T20:11:17Z
2020,SMU,American Athletic,thirdDowns,148,2026-09-29T20:11:17Z
2020,SMU,American Athletic,thirdDownsOpponent,152,2026-09-29T20:11:17Z
2020,SMU,American Athletic,totalYards,4958,2026-09-29T20:11:17Z
2020,SMU,American Athletic,totalYardsOpponent,4223,2026-09-29T20:11:17Z
2020,SMU,American Athletic,turnovers,12,2026-09-29T20:11:17Z
2020,SMU,American Athletic,turnoversOpponent,16,2026-09-29T20:11:17Z
2020,South Alabama,Sun Belt,firstDowns,218,2026-09-29T20:11:17Z
2020,South Alabama,Sun Belt,firstDownsOpponent,231,2026-09-29T20:11:17Z
2020,South Alabama,Sun Belt,fourthDownConversions,16,2026-09-29T20:11:17Z
2020,South Alabama,Sun Belt,fourthDownConversionsOpponent,10,2026-09-29T20:11:17Z
2020,South Alabama,Sun Belt,fourthDowns,34,2026-09-29T20:11:17Z
2020,South Alabama,Sun Belt,fourthDownsOpponent,26,2026-09-29T20:11:17Z
2020,South Alabama,Sun Belt,fumblesLost,9,2026-09-29T20:11:17Z
2020,South Alabama,Sun Belt,fumblesLostOpponent,6,2026-09-29T20:11:17Z
2020,South Alabama,Sun Belt,fumblesRecovered,6,2026-09-29T20:11:17Z
2020,South Alabama,Sun Belt,fumblesRecoveredOpponent,9,2026-09-29T20:11:17Z
2020,South Alabama,Sun Belt,games,11,2026-09-29T20:11:17Z
2020,South Alabama,Sun Belt,interceptions,6,2026-09-29T20:11:17Z
2020,South Alabama,Sun Belt,interceptionsOpponent,7,2026-09-29T20:11:17Z
2020,South Alabama,Sun Belt,interceptionTDs,1,2026-09-29T20:11:17Z
2020,South Alabama,Sun Belt,interceptionTDsOpponent,0,2026-09-29T20:11:17Z
2020,South Alabama,Sun Belt,interceptionYards,134,2026-09-29T20:11:17Z
2020,South Alabama,Sun Belt,interceptionYardsOpponent,37,2026-09-29T20:11:17Z
2020,South Alabama,Sun Belt,kickReturns,22,2026-09-29T20:11:17Z
2020,South Alabama,Sun Belt,kickReturnsOpponent,20,2026-09-29T20:11:17Z
2020,South Alabama,Sun Belt,kickReturnTDs,0,2026-09-29T20:11:17Z
2020,South Alabama,Sun Belt,kickReturnTDsOpponent,0,2026-09-29T20:11:17Z
2020,South Alabama,Sun Belt,kickReturnYards,369,2026-09-29T20:11:17Z
2020,South Alabama,Sun Belt,kickReturnYardsOpponent,490,2026-09-29T20:11:17Z
2020,South Alabama,Sun Belt,netPassingYards,2718,2026-09-29T20:11:17Z
2020,South Alabama,Sun Belt,netPassingYardsOpponent,2876,2026-09-29T20:11:17Z
2020,South Alabama,Sun Belt,passAttempts,350,2026-09-29T20:11:17Z
2020,South Alabama,Sun Belt,passAttemptsOpponent,332,2026-09-29T20:11:17Z
2020,South Alabama,Sun Belt,passCompletions,218,2026-09-29T20:11:17Z
2020,South Alabama,Sun Belt,passCompletionsOpponent,219,2026-09-29T20:11:17Z
2020,South Alabama,Sun Belt,passesIntercepted,7,2026-09-29T20:11:17Z
2020,South Alabama,Sun Belt,passesInterceptedOpponent,6,2026-09-29T20:11:17Z
2020,South Alabama,Sun Belt,passingTDs,18,2026-09-29T20:11:17Z
2020,South Alabama,Sun Belt,passingTDsOpponent,15,2026-09-29T20:11:17Z
2020,South Alabama,Sun Belt,penalties,42,2026-09-29T20:11:17Z
2020,South Alabama,Sun Belt,penaltiesOpponent,62,2026-09-29T20:11:17Z
2020,South Alabama,Sun Belt,penaltyYards,384,2026-09-29T20:11:17Z
2020,South Alabama,Sun Belt,penaltyYardsOpponent,623,2026-09-29T20:11:17Z
2020,South Alabama,Sun Belt,possessionTime,20073,2026-09-29T20:11:17Z
2020,South Alabama,Sun Belt,possessionTimeOpponent,19246,2026-09-29T20:11:17Z
2020,South Alabama,Sun Belt,puntReturns,8,2026-09-29T20:11:17Z
2020,South Alabama,Sun Belt,puntReturnsOpponent,8,2026-09-29T20:11:17Z
2020,South Alabama,Sun Belt,puntReturnTDs,0,2026-09-29T20:11:17Z
2020,South Alabama,Sun Belt,puntReturnTDsOpponent,0,2026-09-29T20:11:17Z
2020,South Alabama,Sun Belt,puntReturnYards,40,2026-09-29T20:11:17Z
2020,South Alabama,Sun Belt,puntReturnYardsOpponent,101,2026-09-29T20:11:17Z
2020,South Alabama,Sun Belt,rushingAttempts,419,2026-09-29T20:11:17Z
2020,South Alabama,Sun Belt,rushingAttemptsOpponent,411,2026-09-29T20:11:17Z
2020,South Alabama,Sun Belt,rushingTDs,7,2026-09-29T20:11:17Z
2020,South Alabama,Sun Belt,rushingTDsOpponent,22,2026-09-29T20:11:17Z
2020,South Alabama,Sun Belt,rushingYards,1238,2026-09-29T20:11:17Z
2020,South Alabama,Sun Belt,rushingYardsOpponent,1915,2026-09-29T20:11:17Z
2020,South Alabama,Sun Belt,sacks,12,2026-09-29T20:11:17Z
2020,South Alabama,Sun Belt,sacksOpponent,40,2026-09-29T20:11:17Z
2020,South Alabama,Sun Belt,tacklesForLoss,45,2026-09-29T20:11:17Z
2020,South Alabama,Sun Belt,tacklesForLossOpponent,96,2026-09-29T20:11:17Z
2020,South Alabama,Sun Belt,thirdDownConversions,67,2026-09-29T20:11:17Z
2020,South Alabama,Sun Belt,thirdDownConversionsOpponent,60,2026-09-29T20:11:17Z
2020,South Alabama,Sun Belt,thirdDowns,167,2026-09-29T20:11:17Z
2020,South Alabama,Sun Belt,thirdDownsOpponent,143,2026-09-29T20:11:17Z
2020,South Alabama,Sun Belt,totalYards,3956,2026-09-29T20:11:17Z
2020,South Alabama,Sun Belt,totalYardsOpponent,4791,2026-09-29T20:11:17Z
2020,South Alabama,Sun Belt,turnovers,15,2026-09-29T20:11:17Z
2020,South Alabama,Sun Belt,turnoversOpponent,13,2026-09-29T20:11:17Z
2020,South Carolina,SEC,firstDowns,195,2026-09-29T20:11:17Z
2020,South Carolina,SEC,firstDownsOpponent,235,2026-09-29T20:11:17Z
2020,South Carolina,SEC,fourthDownConversions,17,2026-09-29T20:11:17Z
2020,South Carolina,SEC,fourthDownConversionsOpponent,8,2026-09-29T20:11:17Z
2020,South Carolina,SEC,fourthDowns,23,2026-09-29T20:11:17Z
2020,South Carolina,SEC,fourthDownsOpponent,15,2026-09-29T20:11:17Z
2020,South Carolina,SEC,fumblesLost,6,2026-09-29T20:11:17Z
2020,South Carolina,SEC,fumblesLostOpponent,3,2026-09-29T20:11:17Z
2020,South Carolina,SEC,fumblesRecovered,3,2026-09-29T20:11:17Z
2020,South Carolina,SEC,fumblesRecoveredOpponent,6,2026-09-29T20:11:17Z
2020,South Carolina,SEC,games,10,2026-09-29T20:11:17Z
2020,South Carolina,SEC,interceptions,9,2026-09-29T20:11:17Z
2020,South Carolina,SEC,interceptionsOpponent,8,2026-09-29T20:11:17Z
2020,South Carolina,SEC,interceptionTDs,0,2026-09-29T20:11:17Z
2020,South Carolina,SEC,interceptionTDsOpponent,2,2026-09-29T20:11:17Z
2020,South Carolina,SEC,interceptionYards,90,2026-09-29T20:11:17Z
2020,South Carolina,SEC,interceptionYardsOpponent,139,2026-09-29T20:11:17Z
2020,South Carolina,SEC,kickReturns,13,2026-09-29T20:11:17Z
2020,South Carolina,SEC,kickReturnsOpponent,18,2026-09-29T20:11:17Z
2020,South Carolina,SEC,kickReturnTDs,0,2026-09-29T20:11:17Z
2020,South Carolina,SEC,kickReturnTDsOpponent,1,2026-09-29T20:11:17Z
2020,South Carolina,SEC,kickReturnYards,256,2026-09-29T20:11:17Z
2020,South Carolina,SEC,kickReturnYardsOpponent,453,2026-09-29T20:11:17Z
2020,South Carolina,SEC,netPassingYards,1872,2026-09-29T20:11:17Z
2020,South Carolina,SEC,netPassingYardsOpponent,2561,2026-09-29T20:11:17Z
2020,South Carolina,SEC,passAttempts,295,2026-09-29T20:11:17Z
2020,South Carolina,SEC,passAttemptsOpponent,290,2026-09-29T20:11:17Z
2020,South Carolina,SEC,passCompletions,175,2026-09-29T20:11:17Z
2020,South Carolina,SEC,passCompletionsOpponent,193,2026-09-29T20:11:17Z
2020,South Carolina,SEC,passesIntercepted,8,2026-09-29T20:11:17Z
2020,South Carolina,SEC,passesInterceptedOpponent,9,2026-09-29T20:11:17Z
2020,South Carolina,SEC,passingTDs,8,2026-09-29T20:11:17Z
2020,South Carolina,SEC,passingTDsOpponent,21,2026-09-29T20:11:17Z
2020,South Carolina,SEC,penalties,49,2026-09-29T20:11:17Z
2020,South Carolina,SEC,penaltiesOpponent,57,2026-09-29T20:11:17Z
2020,South Carolina,SEC,penaltyYards,432,2026-09-29T20:11:17Z
2020,South Carolina,SEC,penaltyYardsOpponent,540,2026-09-29T20:11:17Z
2020,South Carolina,SEC,possessionTime,17508,2026-09-29T20:11:17Z
2020,South Carolina,SEC,possessionTimeOpponent,18316,2026-09-29T20:11:17Z
2020,South Carolina,SEC,puntReturns,8,2026-09-29T20:11:17Z
2020,South Carolina,SEC,puntReturnsOpponent,12,2026-09-29T20:11:17Z
2020,South Carolina,SEC,puntReturnTDs,0,2026-09-29T20:11:17Z
2020,South Carolina,SEC,puntReturnTDsOpponent,0,2026-09-29T20:11:17Z
2020,South Carolina,SEC,puntReturnYards,29,2026-09-29T20:11:17Z
2020,South Carolina,SEC,puntReturnYardsOpponent,153,2026-09-29T20:11:17Z
2020,South Carolina,SEC,rushingAttempts,365,2026-09-29T20:11:17Z
2020,South Carolina,SEC,rushingAttemptsOpponent,397,2026-09-29T20:11:17Z
2020,South Carolina,SEC,rushingTDs,19,2026-09-29T20:11:17Z
2020,South Carolina,SEC,rushingTDsOpponent,23,2026-09-29T20:11:17Z
2020,South Carolina,SEC,rushingYards,1671,2026-09-29T20:11:17Z
2020,South Carolina,SEC,rushingYardsOpponent,1955,2026-09-29T20:11:17Z
2020,South Carolina,SEC,sacks,14,2026-09-29T20:11:17Z
2020,South Carolina,SEC,sacksOpponent,28,2026-09-29T20:11:17Z
2020,South Carolina,SEC,tacklesForLoss,39,2026-09-29T20:11:17Z
2020,South Carolina,SEC,tacklesForLossOpponent,78,2026-09-29T20:11:17Z
2020,South Carolina,SEC,thirdDownConversions,50,2026-09-29T20:11:17Z
2020,South Carolina,SEC,thirdDownConversionsOpponent,61,2026-09-29T20:11:17Z
2020,South Carolina,SEC,thirdDowns,136,2026-09-29T20:11:17Z
2020,South Carolina,SEC,thirdDownsOpponent,126,2026-09-29T20:11:17Z
2020,South Carolina,SEC,totalYards,3543,2026-09-29T20:11:17Z
2020,South Carolina,SEC,totalYardsOpponent,4516,2026-09-29T20:11:17Z
2020,South Carolina,SEC,turnovers,15,2026-09-29T20:11:17Z
2020,South Carolina,SEC,turnoversOpponent,11,2026-09-29T20:11:17Z
2020,Southern Miss,Conference USA,firstDowns,187,2026-09-29T20:11:17Z
2020,Southern Miss,Conference USA,firstDownsOpponent,215,2026-09-29T20:11:17Z
2020,Southern Miss,Conference USA,fourthDownConversions,6,2026-09-29T20:11:17Z
2020,Southern Miss,Conference USA,fourthDownConversionsOpponent,14,2026-09-29T20:11:17Z
2020,Southern Miss,Conference USA,fourthDowns,17,2026-09-29T20:11:17Z
2020,Southern Miss,Conference USA,fourthDownsOpponent,21,2026-09-29T20:11:17Z
2020,Southern Miss,Conference USA,fumblesLost,7,2026-09-29T20:11:17Z
2020,Southern Miss,Conference USA,fumblesLostOpponent,6,2026-09-29T20:11:17Z
2020,Southern Miss,Conference USA,fumblesRecovered,6,2026-09-29T20:11:17Z
2020,Southern Miss,Conference USA,fumblesRecoveredOpponent,7,2026-09-29T20:11:17Z
2020,Southern Miss,Conference USA,games,10,2026-09-29T20:11:17Z
2020,Southern Miss,Conference USA,interceptions,9,2026-09-29T20:11:17Z
2020,Southern Miss,Conference USA,interceptionsOpponent,6,2026-09-29T20:11:17Z
2020,Southern Miss,Conference USA,interceptionTDs,0,2026-09-29T20:11:17Z
2020,Southern Miss,Conference USA,interceptionTDsOpponent,0,2026-09-29T20:11:17Z
2020,Southern Miss,Conference USA,interceptionYards,41,2026-09-29T20:11:17Z
2020,Southern Miss,Conference USA,interceptionYardsOpponent,123,2026-09-29T20:11:17Z
2020,Southern Miss,Conference USA,kickReturns,31,2026-09-29T20:11:17Z
2020,Southern Miss,Conference USA,kickReturnsOpponent,23,2026-09-29T20:11:17Z
2020,Southern Miss,Conference USA,kickReturnTDs,1,2026-09-29T20:11:17Z
2020,Southern Miss,Conference USA,kickReturnTDsOpponent,0,2026-09-29T20:11:17Z
2020,Southern Miss,Conference USA,kickReturnYards,678,2026-09-29T20:11:17Z
2020,Southern Miss,Conference USA,kickReturnYardsOpponent,501,2026-09-29T20:11:17Z
2020,Southern Miss,Conference USA,netPassingYards,2113,2026-09-29T20:11:17Z
2020,Southern Miss,Conference USA,netPassingYardsOpponent,2208,2026-09-29T20:11:17Z
2020,Southern Miss,Conference USA,passAttempts,272,2026-09-29T20:11:17Z
2020,Southern Miss,Conference USA,passAttemptsOpponent,294,2026-09-29T20:11:17Z
2020,Southern Miss,Conference USA,passCompletions,169,2026-09-29T20:11:17Z
2020,Southern Miss,Conference USA,passCompletionsOpponent,185,2026-09-29T20:11:17Z
2020,Southern Miss,Conference USA,passesIntercepted,6,2026-09-29T20:11:17Z
2020,Southern Miss,Conference USA,passesInterceptedOpponent,9,2026-09-29T20:11:17Z
2020,Southern Miss,Conference USA,passingTDs,12,2026-09-29T20:11:17Z
2020,Southern Miss,Conference USA,passingTDsOpponent,24,2026-09-29T20:11:17Z
2020,Southern Miss,Conference USA,penalties,44,2026-09-29T20:11:17Z
2020,Southern Miss,Conference USA,penaltiesOpponent,43,2026-09-29T20:11:17Z
2020,Southern Miss,Conference USA,penaltyYards,367,2026-09-29T20:11:17Z
2020,Southern Miss,Conference USA,penaltyYardsOpponent,352,2026-09-29T20:11:17Z
2020,Southern Miss,Conference USA,possessionTime,17169,2026-09-29T20:11:17Z
2020,Southern Miss,Conference USA,possessionTimeOpponent,18192,2026-09-29T20:11:17Z
2020,Southern Miss,Conference USA,puntReturns,9,2026-09-29T20:11:17Z
2020,Southern Miss,Conference USA,puntReturnsOpponent,6,2026-09-29T20:11:17Z
2020,Southern Miss,Conference USA,puntReturnTDs,0,2026-09-29T20:11:17Z
2020,Southern Miss,Conference USA,puntReturnTDsOpponent,0,2026-09-29T20:11:17Z
2020,Southern Miss,Conference USA,puntReturnYards,63,2026-09-29T20:11:17Z
2020,Southern Miss,Conference USA,puntReturnYardsOpponent,24,2026-09-29T20:11:17Z
2020,Southern Miss,Conference USA,rushingAttempts,367,2026-09-29T20:11:17Z
2020,Southern Miss,Conference USA,rushingAttemptsOpponent,402,2026-09-29T20:11:17Z
2020,Southern Miss,Conference USA,rushingTDs,18,2026-09-29T20:11:17Z
2020,Southern Miss,Conference USA,rushingTDsOpponent,17,2026-09-29T20:11:17Z
2020,Southern Miss,Conference USA,rushingYards,1595,2026-09-29T20:11:17Z
2020,Southern Miss,Conference USA,rushingYardsOpponent,1813,2026-09-29T20:11:17Z
2020,Southern Miss,Conference USA,sacks,15,2026-09-29T20:11:17Z
2020,Southern Miss,Conference USA,sacksOpponent,25,2026-09-29T20:11:17Z
2020,Southern Miss,Conference USA,tacklesForLoss,49,2026-09-29T20:11:17Z
2020,Southern Miss,Conference USA,tacklesForLossOpponent,70,2026-09-29T20:11:17Z
2020,Southern Miss,Conference USA,thirdDownConversions,57,2026-09-29T20:11:17Z
2020,Southern Miss,Conference USA,thirdDownConversionsOpponent,68,2026-09-29T20:11:17Z
2020,Southern Miss,Conference USA,thirdDowns,135,2026-09-29T20:11:17Z
2020,Southern Miss,Conference USA,thirdDownsOpponent,142,2026-09-29T20:11:17Z
2020,Southern Miss,Conference USA,totalYards,3708,2026-09-29T20:11:17Z
2020,Southern Miss,Conference USA,totalYardsOpponent,4021,2026-09-29T20:11:17Z
2020,Southern Miss,Conference USA,turnovers,16,2026-09-29T20:11:17Z
2020,Southern Miss,Conference USA,turnoversOpponent,12,2026-09-29T20:11:17Z
2020,South Florida,American Athletic,firstDowns,189,2026-09-29T20:11:17Z
2020,South Florida,American Athletic,firstDownsOpponent,210,2026-09-29T20:11:17Z
2020,South Florida,American Athletic,fourthDownConversions,7,2026-09-29T20:11:17Z
2020,South Florida,American Athletic,fourthDownConversionsOpponent,11,2026-09-29T20:11:17Z
2020,South Florida,American Athletic,fourthDowns,24,2026-09-29T20:11:17Z
2020,South Florida,American Athletic,fourthDownsOpponent,15,2026-09-29T20:11:17Z
2020,South Florida,American Athletic,fumblesLost,11,2026-09-29T20:11:17Z
2020,South Florida,American Athletic,fumblesLostOpponent,3,2026-09-29T20:11:17Z
2020,South Florida,American Athletic,fumblesRecovered,3,2026-09-29T20:11:17Z
2020,South Florida,American Athletic,fumblesRecoveredOpponent,13,2026-09-29T20:11:17Z
2020,South Florida,American Athletic,games,9,2026-09-29T20:11:17Z
2020,South Florida,American Athletic,interceptions,6,2026-09-29T20:11:17Z
2020,South Florida,American Athletic,interceptionsOpponent,10,2026-09-29T20:11:17Z
2020,South Florida,American Athletic,interceptionTDs,2,2026-09-29T20:11:17Z
2020,South Florida,American Athletic,interceptionTDsOpponent,1,2026-09-29T20:11:17Z
2020,South Florida,American Athletic,interceptionYards,220,2026-09-29T20:11:17Z
2020,South Florida,American Athletic,interceptionYardsOpponent,47,2026-09-29T20:11:17Z
2020,South Florida,American Athletic,kickReturns,34,2026-09-29T20:11:17Z
2020,South Florida,American Athletic,kickReturnsOpponent,19,2026-09-29T20:11:17Z
2020,South Florida,American Athletic,kickReturnTDs,0,2026-09-29T20:11:17Z
2020,South Florida,American Athletic,kickReturnTDsOpponent,1,2026-09-29T20:11:17Z
2020,South Florida,American Athletic,kickReturnYards,710,2026-09-29T20:11:17Z
2020,South Florida,American Athletic,kickReturnYardsOpponent,373,2026-09-29T20:11:17Z
2020,South Florida,American Athletic,netPassingYards,1949,2026-09-29T20:11:17Z
2020,South Florida,American Athletic,netPassingYardsOpponent,2061,2026-09-29T20:11:17Z
2020,South Florida,American Athletic,passAttempts,312,2026-09-29T20:11:17Z
2020,South Florida,American Athletic,passAttemptsOpponent,270,2026-09-29T20:11:17Z
2020,South Florida,American Athletic,passCompletions,187,2026-09-29T20:11:17Z
2020,South Florida,American Athletic,passCompletionsOpponent,164,2026-09-29T20:11:17Z
2020,South Florida,American Athletic,passesIntercepted,10,2026-09-29T20:11:17Z
2020,South Florida,American Athletic,passesInterceptedOpponent,6,2026-09-29T20:11:17Z
2020,South Florida,American Athletic,passingTDs,12,2026-09-29T20:11:17Z
2020,South Florida,American Athletic,passingTDsOpponent,21,2026-09-29T20:11:17Z
2020,South Florida,American Athletic,penalties,48,2026-09-29T20:11:17Z
2020,South Florida,American Athletic,penaltiesOpponent,50,2026-09-29T20:11:17Z
2020,South Florida,American Athletic,penaltyYards,440,2026-09-29T20:11:17Z
2020,South Florida,American Athletic,penaltyYardsOpponent,486,2026-09-29T20:11:17Z
2020,South Florida,American Athletic,possessionTime,15367,2026-09-29T20:11:17Z
2020,South Florida,American Athletic,possessionTimeOpponent,16978,2026-09-29T20:11:17Z
2020,South Florida,American Athletic,puntReturns,9,2026-09-29T20:11:17Z
2020,South Florida,American Athletic,puntReturnsOpponent,20,2026-09-29T20:11:17Z
2020,South Florida,American Athletic,puntReturnTDs,1,2026-09-29T20:11:17Z
2020,South Florida,American Athletic,puntReturnTDsOpponent,2,2026-09-29T20:11:17Z
2020,South Florida,American Athletic,puntReturnYards,71,2026-09-29T20:11:17Z
2020,South Florida,American Athletic,puntReturnYardsOpponent,309,2026-09-29T20:11:17Z
2020,South Florida,American Athletic,rushingAttempts,337,2026-09-29T20:11:17Z
2020,South Florida,American Athletic,rushingAttemptsOpponent,384,2026-09-29T20:11:17Z
2020,South Florida,American Athletic,rushingTDs,11,2026-09-29T20:11:17Z
2020,South Florida,American Athletic,rushingTDsOpponent,20,2026-09-29T20:11:17Z
2020,South Florida,American Athletic,rushingYards,1339,2026-09-29T20:11:17Z
2020,South Florida,American Athletic,rushingYardsOpponent,1901,2026-09-29T20:11:17Z
2020,South Florida,American Athletic,sacks,7,2026-09-29T20:11:17Z
2020,South Florida,American Athletic,sacksOpponent,29,2026-09-29T20:11:17Z
2020,South Florida,American Athletic,tacklesForLoss,43,2026-09-29T20:11:17Z
2020,South Florida,American Athletic,tacklesForLossOpponent,78,2026-09-29T20:11:17Z
2020,South Florida,American Athletic,thirdDownConversions,38,2026-09-29T20:11:17Z
2020,South Florida,American Athletic,thirdDownConversionsOpponent,71,2026-09-29T20:11:17Z
2020,South Florida,American Athletic,thirdDowns,124,2026-09-29T20:11:17Z
2020,South Florida,American Athletic,thirdDownsOpponent,140,2026-09-29T20:11:17Z
2020,South Florida,American Athletic,totalYards,3288,2026-09-29T20:11:17Z
2020,South Florida,American Athletic,totalYardsOpponent,3962,2026-09-29T20:11:17Z
2020,South Florida,American Athletic,turnovers,17,2026-09-29T20:11:17Z
2020,South Florida,American Athletic,turnoversOpponent,13,2026-09-29T20:11:17Z
2020,Stanford,Pac-12,firstDowns,130,2026-09-29T20:11:17Z
2020,Stanford,Pac-12,firstDownsOpponent,139,2026-09-29T20:11:17Z
2020,Stanford,Pac-12,fourthDownConversions,6,2026-09-29T20:11:17Z
2020,Stanford,Pac-12,fourthDownConversionsOpponent,5,2026-09-29T20:11:17Z
2020,Stanford,Pac-12,fourthDowns,7,2026-09-29T20:11:17Z
2020,Stanford,Pac-12,fourthDownsOpponent,5,2026-09-29T20:11:17Z
2020,Stanford,Pac-12,fumblesLost,1,2026-09-29T20:11:17Z
2020,Stanford,Pac-12,fumblesLostOpponent,5,2026-09-29T20:11:17Z
2020,Stanford,Pac-12,fumblesRecovered,5,2026-09-29T20:11:17Z
2020,Stanford,Pac-12,fumblesRecoveredOpponent,1,2026-09-29T20:11:17Z
2020,Stanford,Pac-12,games,6,2026-09-29T20:11:17Z
2020,Stanford,Pac-12,interceptions,3,2026-09-29T20:11:17Z
2020,Stanford,Pac-12,interceptionsOpponent,2,2026-09-29T20:11:17Z
2020,Stanford,Pac-12,interceptionTDs,0,2026-09-29T20:11:17Z
2020,Stanford,Pac-12,interceptionTDsOpponent,0,2026-09-29T20:11:17Z
2020,Stanford,Pac-12,interceptionYards,0,2026-09-29T20:11:17Z
2020,Stanford,Pac-12,interceptionYardsOpponent,0,2026-09-29T20:11:17Z
2020,Stanford,Pac-12,kickReturns,21,2026-09-29T20:11:17Z
2020,Stanford,Pac-12,kickReturnsOpponent,8,2026-09-29T20:11:17Z
2020,Stanford,Pac-12,kickReturnTDs,0,2026-09-29T20:11:17Z
2020,Stanford,Pac-12,kickReturnTDsOpponent,0,2026-09-29T20:11:17Z
2020,Stanford,Pac-12,kickReturnYards,513,2026-09-29T20:11:17Z
2020,Stanford,Pac-12,kickReturnYardsOpponent,155,2026-09-29T20:11:17Z
2020,Stanford,Pac-12,netPassingYards,1726,2026-09-29T20:11:17Z
2020,Stanford,Pac-12,netPassingYardsOpponent,1300,2026-09-29T20:11:17Z
2020,Stanford,Pac-12,passAttempts,220,2026-09-29T20:11:17Z
2020,Stanford,Pac-12,passAttemptsOpponent,156,2026-09-29T20:11:17Z
2020,Stanford,Pac-12,passCompletions,143,2026-09-29T20:11:17Z
2020,Stanford,Pac-12,passCompletionsOpponent,100,2026-09-29T20:11:17Z
2020,Stanford,Pac-12,passesIntercepted,2,2026-09-29T20:11:17Z
2020,Stanford,Pac-12,passesInterceptedOpponent,2,2026-09-29T20:11:17Z
2020,Stanford,Pac-12,passingTDs,7,2026-09-29T20:11:17Z
2020,Stanford,Pac-12,passingTDsOpponent,12,2026-09-29T20:11:17Z
2020,Stanford,Pac-12,penalties,35,2026-09-29T20:11:17Z
2020,Stanford,Pac-12,penaltiesOpponent,32,2026-09-29T20:11:17Z
2020,Stanford,Pac-12,penaltyYards,341,2026-09-29T20:11:17Z
2020,Stanford,Pac-12,penaltyYardsOpponent,300,2026-09-29T20:11:17Z
2020,Stanford,Pac-12,possessionTime,11365,2026-09-29T20:11:17Z
2020,Stanford,Pac-12,possessionTimeOpponent,9909,2026-09-29T20:11:17Z
2020,Stanford,Pac-12,puntReturns,4,2026-09-29T20:11:17Z
2020,Stanford,Pac-12,puntReturnsOpponent,6,2026-09-29T20:11:17Z
2020,Stanford,Pac-12,puntReturnTDs,0,2026-09-29T20:11:17Z
2020,Stanford,Pac-12,puntReturnTDsOpponent,0,2026-09-29T20:11:17Z
2020,Stanford,Pac-12,puntReturnYards,20,2026-09-29T20:11:17Z
2020,Stanford,Pac-12,puntReturnYardsOpponent,10,2026-09-29T20:11:17Z
2020,Stanford,Pac-12,rushingAttempts,194,2026-09-29T20:11:17Z
2020,Stanford,Pac-12,rushingAttemptsOpponent,244,2026-09-29T20:11:17Z
2020,Stanford,Pac-12,rushingTDs,15,2026-09-29T20:11:17Z
2020,Stanford,Pac-12,rushingTDsOpponent,12,2026-09-29T20:11:17Z
2020,Stanford,Pac-12,rushingYards,790,2026-09-29T20:11:17Z
2020,Stanford,Pac-12,rushingYardsOpponent,1332,2026-09-29T20:11:17Z
2020,Stanford,Pac-12,sacks,8,2026-09-29T20:11:17Z
2020,Stanford,Pac-12,sacksOpponent,10,2026-09-29T20:11:17Z
2020,Stanford,Pac-12,tacklesForLoss,29,2026-09-29T20:11:17Z
2020,Stanford,Pac-12,tacklesForLossOpponent,24,2026-09-29T20:11:17Z
2020,Stanford,Pac-12,thirdDownConversions,40,2026-09-29T20:11:17Z
2020,Stanford,Pac-12,thirdDownConversionsOpponent,39,2026-09-29T20:11:17Z
2020,Stanford,Pac-12,thirdDowns,84,2026-09-29T20:11:17Z
2020,Stanford,Pac-12,thirdDownsOpponent,76,2026-09-29T20:11:17Z
2020,Stanford,Pac-12,totalYards,2516,2026-09-29T20:11:17Z
2020,Stanford,Pac-12,totalYardsOpponent,2632,2026-09-29T20:11:17Z
2020,Stanford,Pac-12,turnovers,4,2026-09-29T20:11:17Z
2020,Stanford,Pac-12,turnoversOpponent,7,2026-09-29T20:11:17Z
2020,Syracuse,ACC,firstDowns,145,2026-09-29T20:11:17Z
2020,Syracuse,ACC,firstDownsOpponent,281,2026-09-29T20:11:17Z
2020,Syracuse,ACC,fourthDownConversions,6,2026-09-29T20:11:17Z
2020,Syracuse,ACC,fourthDownConversionsOpponent,11,2026-09-29T20:11:17Z
2020,Syracuse,ACC,fourthDowns,17,2026-09-29T20:11:17Z
2020,Syracuse,ACC,fourthDownsOpponent,17,2026-09-29T20:11:17Z
2020,Syracuse,ACC,fumblesLost,9,2026-09-29T20:11:17Z
2020,Syracuse,ACC,fumblesLostOpponent,11,2026-09-29T20:11:17Z
2020,Syracuse,ACC,fumblesRecovered,11,2026-09-29T20:11:17Z
2020,Syracuse,ACC,fumblesRecoveredOpponent,9,2026-09-29T20:11:17Z
2020,Syracuse,ACC,games,11,2026-09-29T20:11:17Z
2020,Syracuse,ACC,interceptions,12,2026-09-29T20:11:17Z
2020,Syracuse,ACC,interceptionsOpponent,13,2026-09-29T20:11:17Z
2020,Syracuse,ACC,interceptionTDs,2,2026-09-29T20:11:17Z
2020,Syracuse,ACC,interceptionTDsOpponent,1,2026-09-29T20:11:17Z
2020,Syracuse,ACC,interceptionYards,265,2026-09-29T20:11:17Z
2020,Syracuse,ACC,interceptionYardsOpponent,142,2026-09-29T20:11:17Z
2020,Syracuse,ACC,kickReturns,31,2026-09-29T20:11:17Z
2020,Syracuse,ACC,kickReturnsOpponent,18,2026-09-29T20:11:17Z
2020,Syracuse,ACC,kickReturnTDs,1,2026-09-29T20:11:17Z
2020,Syracuse,ACC,kickReturnTDsOpponent,0,2026-09-29T20:11:17Z
2020,Syracuse,ACC,kickReturnYards,725,2026-09-29T20:11:17Z
2020,Syracuse,ACC,kickReturnYardsOpponent,398,2026-09-29T20:11:17Z
2020,Syracuse,ACC,netPassingYards,1906,2026-09-29T20:11:17Z
2020,Syracuse,ACC,netPassingYardsOpponent,2803,2026-09-29T20:11:17Z
2020,Syracuse,ACC,passAttempts,336,2026-09-29T20:11:17Z
2020,Syracuse,ACC,passAttemptsOpponent,373,2026-09-29T20:11:17Z
2020,Syracuse,ACC,passCompletions,173,2026-09-29T20:11:17Z
2020,Syracuse,ACC,passCompletionsOpponent,244,2026-09-29T20:11:17Z
2020,Syracuse,ACC,passesIntercepted,13,2026-09-29T20:11:17Z
2020,Syracuse,ACC,passesInterceptedOpponent,12,2026-09-29T20:11:17Z
2020,Syracuse,ACC,passingTDs,15,2026-09-29T20:11:17Z
2020,Syracuse,ACC,passingTDsOpponent,19,2026-09-29T20:11:17Z
2020,Syracuse,ACC,penalties,77,2026-09-29T20:11:17Z
2020,Syracuse,ACC,penaltiesOpponent,71,2026-09-29T20:11:17Z
2020,Syracuse,ACC,penaltyYards,725,2026-09-29T20:11:17Z
2020,Syracuse,ACC,penaltyYardsOpponent,615,2026-09-29T20:11:17Z
2020,Syracuse,ACC,possessionTime,16182,2026-09-29T20:11:17Z
2020,Syracuse,ACC,possessionTimeOpponent,22962,2026-09-29T20:11:17Z
2020,Syracuse,ACC,puntReturns,14,2026-09-29T20:11:17Z
2020,Syracuse,ACC,puntReturnsOpponent,26,2026-09-29T20:11:17Z
2020,Syracuse,ACC,puntReturnTDs,0,2026-09-29T20:11:17Z
2020,Syracuse,ACC,puntReturnTDsOpponent,0,2026-09-29T20:11:17Z
2020,Syracuse,ACC,puntReturnYards,185,2026-09-29T20:11:17Z
2020,Syracuse,ACC,puntReturnYardsOpponent,170,2026-09-29T20:11:17Z
2020,Syracuse,ACC,rushingAttempts,318,2026-09-29T20:11:17Z
2020,Syracuse,ACC,rushingAttemptsOpponent,502,2026-09-29T20:11:17Z
2020,Syracuse,ACC,rushingTDs,5,2026-09-29T20:11:17Z
2020,Syracuse,ACC,rushingTDsOpponent,24,2026-09-29T20:11:17Z
2020,Syracuse,ACC,rushingYards,1007,2026-09-29T20:11:17Z
2020,Syracuse,ACC,rushingYardsOpponent,2293,2026-09-29T20:11:17Z
2020,Syracuse,ACC,sacks,24,2026-09-29T20:11:17Z
2020,Syracuse,ACC,sacksOpponent,38,2026-09-29T20:11:17Z
2020,Syracuse,ACC,tacklesForLoss,69,2026-09-29T20:11:17Z
2020,Syracuse,ACC,tacklesForLossOpponent,84,2026-09-29T20:11:17Z
2020,Syracuse,ACC,thirdDownConversions,40,2026-09-29T20:11:17Z
2020,Syracuse,ACC,thirdDownConversionsOpponent,82,2026-09-29T20:11:17Z
2020,Syracuse,ACC,thirdDowns,153,2026-09-29T20:11:17Z
2020,Syracuse,ACC,thirdDownsOpponent,173,2026-09-29T20:11:17Z
2020,Syracuse,ACC,totalYards,2913,2026-09-29T20:11:17Z
2020,Syracuse,ACC,totalYardsOpponent,5096,2026-09-29T20:11:17Z
2020,Syracuse,ACC,turnovers,21,2026-09-29T20:11:17Z
2020,Syracuse,ACC,turnoversOpponent,24,2026-09-29T20:11:17Z
2020,TCU,Big 12,firstDowns,192,2026-09-29T20:11:17Z
2020,TCU,Big 12,firstDownsOpponent,162,2026-09-29T20:11:17Z
2020,TCU,Big 12,fourthDownConversions,8,2026-09-29T20:11:17Z
2020,TCU,Big 12,fourthDownConversionsOpponent,8,2026-09-29T20:11:17Z
2020,TCU,Big 12,fourthDowns,14,2026-09-29T20:11:17Z
2020,TCU,Big 12,fourthDownsOpponent,13,2026-09-29T20:11:17Z
2020,TCU,Big 12,fumblesLost,9,2026-09-29T20:11:17Z
2020,TCU,Big 12,fumblesLostOpponent,4,2026-09-29T20:11:17Z
2020,TCU,Big 12,fumblesRecovered,4,2026-09-29T20:11:17Z
2020,TCU,Big 12,fumblesRecoveredOpponent,9,2026-09-29T20:11:17Z
2020,TCU,Big 12,games,10,2026-09-29T20:11:17Z
2020,TCU,Big 12,interceptions,5,2026-09-29T20:11:17Z
2020,TCU,Big 12,interceptionsOpponent,8,2026-09-29T20:11:17Z
2020,TCU,Big 12,interceptionTDs,1,2026-09-29T20:11:17Z
2020,TCU,Big 12,interceptionTDsOpponent,1,2026-09-29T20:11:17Z
2020,TCU,Big 12,interceptionYards,84,2026-09-29T20:11:17Z
2020,TCU,Big 12,interceptionYardsOpponent,79,2026-09-29T20:11:17Z
2020,TCU,Big 12,kickReturns,20,2026-09-29T20:11:17Z
2020,TCU,Big 12,kickReturnsOpponent,27,2026-09-29T20:11:17Z
2020,TCU,Big 12,kickReturnTDs,0,2026-09-29T20:11:17Z
2020,TCU,Big 12,kickReturnTDsOpponent,0,2026-09-29T20:11:17Z
2020,TCU,Big 12,kickReturnYards,395,2026-09-29T20:11:17Z
2020,TCU,Big 12,kickReturnYardsOpponent,577,2026-09-29T20:11:17Z
2020,TCU,Big 12,netPassingYards,1933,2026-09-29T20:11:17Z
2020,TCU,Big 12,netPassingYardsOpponent,2234,2026-09-29T20:11:17Z
2020,TCU,Big 12,passAttempts,272,2026-09-29T20:11:17Z
2020,TCU,Big 12,passAttemptsOpponent,307,2026-09-29T20:11:17Z
2020,TCU,Big 12,passCompletions,163,2026-09-29T20:11:17Z
2020,TCU,Big 12,passCompletionsOpponent,167,2026-09-29T20:11:17Z
2020,TCU,Big 12,passesIntercepted,8,2026-09-29T20:11:17Z
2020,TCU,Big 12,passesInterceptedOpponent,5,2026-09-29T20:11:17Z
2020,TCU,Big 12,passingTDs,10,2026-09-29T20:11:17Z
2020,TCU,Big 12,passingTDsOpponent,18,2026-09-29T20:11:17Z
2020,TCU,Big 12,penalties,76,2026-09-29T20:11:17Z
2020,TCU,Big 12,penaltiesOpponent,65,2026-09-29T20:11:17Z
2020,TCU,Big 12,penaltyYards,628,2026-09-29T20:11:17Z
2020,TCU,Big 12,penaltyYardsOpponent,600,2026-09-29T20:11:17Z
2020,TCU,Big 12,possessionTime,18050,2026-09-29T20:11:17Z
2020,TCU,Big 12,possessionTimeOpponent,17905,2026-09-29T20:11:17Z
2020,TCU,Big 12,puntReturns,25,2026-09-29T20:11:17Z
2020,TCU,Big 12,puntReturnsOpponent,9,2026-09-29T20:11:17Z
2020,TCU,Big 12,puntReturnTDs,2,2026-09-29T20:11:17Z
2020,TCU,Big 12,puntReturnTDsOpponent,0,2026-09-29T20:11:17Z
2020,TCU,Big 12,puntReturnYards,326,2026-09-29T20:11:17Z
2020,TCU,Big 12,puntReturnYardsOpponent,58,2026-09-29T20:11:17Z
2020,TCU,Big 12,rushingAttempts,410,2026-09-29T20:11:17Z
2020,TCU,Big 12,rushingAttemptsOpponent,351,2026-09-29T20:11:17Z
2020,TCU,Big 12,rushingTDs,23,2026-09-29T20:11:17Z
2020,TCU,Big 12,rushingTDsOpponent,9,2026-09-29T20:11:17Z
2020,TCU,Big 12,rushingYards,2151,2026-09-29T20:11:17Z
2020,TCU,Big 12,rushingYardsOpponent,1276,2026-09-29T20:11:17Z
2020,TCU,Big 12,sacks,23,2026-09-29T20:11:17Z
2020,TCU,Big 12,sacksOpponent,22,2026-09-29T20:11:17Z
2020,TCU,Big 12,tacklesForLoss,77,2026-09-29T20:11:17Z
2020,TCU,Big 12,tacklesForLossOpponent,68,2026-09-29T20:11:17Z
2020,TCU,Big 12,thirdDownConversions,52,2026-09-29T20:11:17Z
2020,TCU,Big 12,thirdDownConversionsOpponent,50,2026-09-29T20:11:17Z
2020,TCU,Big 12,thirdDowns,143,2026-09-29T20:11:17Z
2020,TCU,Big 12,thirdDownsOpponent,155,2026-09-29T20:11:17Z
2020,TCU,Big 12,totalYards,4084,2026-09-29T20:11:17Z
2020,TCU,Big 12,totalYardsOpponent,3510,2026-09-29T20:11:17Z
2020,TCU,Big 12,turnovers,14,2026-09-29T20:11:17Z
2020,TCU,Big 12,turnoversOpponent,12,2026-09-29T20:11:17Z
2020,Temple,American Athletic,firstDowns,146,2026-09-29T20:11:17Z
2020,Temple,American Athletic,firstDownsOpponent,150,2026-09-29T20:11:17Z
2020,Temple,American Athletic,fourthDownConversions,8,2026-09-29T20:11:17Z
2020,Temple,American Athletic,fourthDownConversionsOpponent,10,2026-09-29T20:11:17Z
2020,Temple,American Athletic,fourthDowns,14,2026-09-29T20:11:17Z
2020,Temple,American Athletic,fourthDownsOpponent,11,2026-09-29T20:11:17Z
2020,Temple,American Athletic,fumblesLost,3,2026-09-29T20:11:17Z
2020,Temple,American Athletic,fumblesLostOpponent,9,2026-09-29T20:11:17Z
2020,Temple,American Athletic,fumblesRecovered,9,2026-09-29T20:11:17Z
2020,Temple,American Athletic,fumblesRecoveredOpponent,3,2026-09-29T20:11:17Z
2020,Temple,American Athletic,games,7,2026-09-29T20:11:17Z
2020,Temple,American Athletic,interceptions,11,2026-09-29T20:11:17Z
2020,Temple,American Athletic,interceptionsOpponent,3,2026-09-29T20:11:17Z
2020,Temple,American Athletic,interceptionTDs,0,2026-09-29T20:11:17Z
2020,Temple,American Athletic,interceptionTDsOpponent,0,2026-09-29T20:11:17Z
2020,Temple,American Athletic,interceptionYards,45,2026-09-29T20:11:17Z
2020,Temple,American Athletic,interceptionYardsOpponent,129,2026-09-29T20:11:17Z
2020,Temple,American Athletic,kickReturns,13,2026-09-29T20:11:17Z
2020,Temple,American Athletic,kickReturnsOpponent,19,2026-09-29T20:11:17Z
2020,Temple,American Athletic,kickReturnTDs,0,2026-09-29T20:11:17Z
2020,Temple,American Athletic,kickReturnTDsOpponent,1,2026-09-29T20:11:17Z
2020,Temple,American Athletic,kickReturnYards,228,2026-09-29T20:11:17Z
2020,Temple,American Athletic,kickReturnYardsOpponent,472,2026-09-29T20:11:17Z
2020,Temple,American Athletic,netPassingYards,1456,2026-09-29T20:11:17Z
2020,Temple,American Athletic,netPassingYardsOpponent,1571,2026-09-29T20:11:17Z
2020,Temple,American Athletic,passAttempts,240,2026-09-29T20:11:17Z
2020,Temple,American Athletic,passAttemptsOpponent,170,2026-09-29T20:11:17Z
2020,Temple,American Athletic,passCompletions,146,2026-09-29T20:11:17Z
2020,Temple,American Athletic,passCompletionsOpponent,96,2026-09-29T20:11:17Z
2020,Temple,American Athletic,passesIntercepted,3,2026-09-29T20:11:17Z
2020,Temple,American Athletic,passesInterceptedOpponent,11,2026-09-29T20:11:17Z
2020,Temple,American Athletic,passingTDs,11,2026-09-29T20:11:17Z
2020,Temple,American Athletic,passingTDsOpponent,18,2026-09-29T20:11:17Z
2020,Temple,American Athletic,penalties,36,2026-09-29T20:11:17Z
2020,Temple,American Athletic,penaltiesOpponent,37,2026-09-29T20:11:17Z
2020,Temple,American Athletic,penaltyYards,311,2026-09-29T20:11:17Z
2020,Temple,American Athletic,penaltyYardsOpponent,360,2026-09-29T20:11:17Z
2020,Temple,American Athletic,possessionTime,13512,2026-09-29T20:11:17Z
2020,Temple,American Athletic,possessionTimeOpponent,11645,2026-09-29T20:11:17Z
2020,Temple,American Athletic,puntReturns,5,2026-09-29T20:11:17Z
2020,Temple,American Athletic,puntReturnsOpponent,17,2026-09-29T20:11:17Z
2020,Temple,American Athletic,puntReturnTDs,0,2026-09-29T20:11:17Z
2020,Temple,American Athletic,puntReturnTDsOpponent,0,2026-09-29T20:11:17Z
2020,Temple,American Athletic,puntReturnYards,46,2026-09-29T20:11:17Z
2020,Temple,American Athletic,puntReturnYardsOpponent,197,2026-09-29T20:11:17Z
2020,Temple,American Athletic,rushingAttempts,283,2026-09-29T20:11:17Z
2020,Temple,American Athletic,rushingAttemptsOpponent,303,2026-09-29T20:11:17Z
2020,Temple,American Athletic,rushingTDs,5,2026-09-29T20:11:17Z
2020,Temple,American Athletic,rushingTDsOpponent,15,2026-09-29T20:11:17Z
2020,Temple,American Athletic,rushingYards,978,2026-09-29T20:11:17Z
2020,Temple,American Athletic,rushingYardsOpponent,1460,2026-09-29T20:11:17Z
2020,Temple,American Athletic,sacks,13,2026-09-29T20:11:17Z
2020,Temple,American Athletic,sacksOpponent,12,2026-09-29T20:11:17Z
2020,Temple,American Athletic,tacklesForLoss,40,2026-09-29T20:11:17Z
2020,Temple,American Athletic,tacklesForLossOpponent,45,2026-09-29T20:11:17Z
2020,Temple,American Athletic,thirdDownConversions,44,2026-09-29T20:11:17Z
2020,Temple,American Athletic,thirdDownConversionsOpponent,40,2026-09-29T20:11:17Z
2020,Temple,American Athletic,thirdDowns,115,2026-09-29T20:11:17Z
2020,Temple,American Athletic,thirdDownsOpponent,91,2026-09-29T20:11:17Z
2020,Temple,American Athletic,totalYards,2434,2026-09-29T20:11:17Z
2020,Temple,American Athletic,totalYardsOpponent,3031,2026-09-29T20:11:17Z
2020,Temple,American Athletic,turnovers,14,2026-09-29T20:11:17Z
2020,Temple,American Athletic,turnoversOpponent,12,2026-09-29T20:11:17Z
2020,Tennessee,SEC,firstDowns,201,2026-09-29T20:11:17Z
2020,Tennessee,SEC,firstDownsOpponent,221,2026-09-29T20:11:17Z
2020,Tennessee,SEC,fourthDownConversions,16,2026-09-29T20:11:17Z
2020,Tennessee,SEC,fourthDownConversionsOpponent,5,2026-09-29T20:11:17Z
2020,Tennessee,SEC,fourthDowns,24,2026-09-29T20:11:17Z
2020,Tennessee,SEC,fourthDownsOpponent,9,2026-09-29T20:11:17Z
2020,Tennessee,SEC,fumblesLost,6,2026-09-29T20:11:17Z
2020,Tennessee,SEC,fumblesLostOpponent,5,2026-09-29T20:11:17Z
2020,Tennessee,SEC,fumblesRecovered,5,2026-09-29T20:11:17Z
2020,Tennessee,SEC,fumblesRecoveredOpponent,7,2026-09-29T20:11:17Z
2020,Tennessee,SEC,games,10,2026-09-29T20:11:17Z
2020,Tennessee,SEC,interceptions,9,2026-09-29T20:11:17Z
2020,Tennessee,SEC,interceptionsOpponent,5,2026-09-29T20:11:17Z
2020,Tennessee,SEC,interceptionTDs,2,2026-09-29T20:11:17Z
2020,Tennessee,SEC,interceptionTDsOpponent,3,2026-09-29T20:11:17Z
2020,Tennessee,SEC,interceptionYards,131,2026-09-29T20:11:17Z
2020,Tennessee,SEC,interceptionYardsOpponent,256,2026-09-29T20:11:17Z
2020,Tennessee,SEC,kickReturns,19,2026-09-29T20:11:17Z
2020,Tennessee,SEC,kickReturnsOpponent,5,2026-09-29T20:11:17Z
2020,Tennessee,SEC,kickReturnTDs,0,2026-09-29T20:11:17Z
2020,Tennessee,SEC,kickReturnTDsOpponent,0,2026-09-29T20:11:17Z
2020,Tennessee,SEC,kickReturnYards,394,2026-09-29T20:11:17Z
2020,Tennessee,SEC,kickReturnYardsOpponent,112,2026-09-29T20:11:17Z
2020,Tennessee,SEC,netPassingYards,2047,2026-09-29T20:11:17Z
2020,Tennessee,SEC,netPassingYardsOpponent,2655,2026-09-29T20:11:17Z
2020,Tennessee,SEC,passAttempts,285,2026-09-29T20:11:17Z
2020,Tennessee,SEC,passAttemptsOpponent,314,2026-09-29T20:11:17Z
2020,Tennessee,SEC,passCompletions,179,2026-09-29T20:11:17Z
2020,Tennessee,SEC,passCompletionsOpponent,214,2026-09-29T20:11:17Z
2020,Tennessee,SEC,passesIntercepted,5,2026-09-29T20:11:17Z
2020,Tennessee,SEC,passesInterceptedOpponent,9,2026-09-29T20:11:17Z
2020,Tennessee,SEC,passingTDs,14,2026-09-29T20:11:17Z
2020,Tennessee,SEC,passingTDsOpponent,15,2026-09-29T20:11:17Z
2020,Tennessee,SEC,penalties,61,2026-09-29T20:11:17Z
2020,Tennessee,SEC,penaltiesOpponent,51,2026-09-29T20:11:17Z
2020,Tennessee,SEC,penaltyYards,502,2026-09-29T20:11:17Z
2020,Tennessee,SEC,penaltyYardsOpponent,469,2026-09-29T20:11:17Z
2020,Tennessee,SEC,possessionTime,16763,2026-09-29T20:11:17Z
2020,Tennessee,SEC,possessionTimeOpponent,19151,2026-09-29T20:11:17Z
2020,Tennessee,SEC,puntReturns,5,2026-09-29T20:11:17Z
2020,Tennessee,SEC,puntReturnsOpponent,8,2026-09-29T20:11:17Z
2020,Tennessee,SEC,puntReturnTDs,0,2026-09-29T20:11:17Z
2020,Tennessee,SEC,puntReturnTDsOpponent,0,2026-09-29T20:11:17Z
2020,Tennessee,SEC,puntReturnYards,35,2026-09-29T20:11:17Z
2020,Tennessee,SEC,puntReturnYardsOpponent,8,2026-09-29T20:11:17Z
2020,Tennessee,SEC,rushingAttempts,375,2026-09-29T20:11:17Z
2020,Tennessee,SEC,rushingAttemptsOpponent,384,2026-09-29T20:11:17Z
2020,Tennessee,SEC,rushingTDs,12,2026-09-29T20:11:17Z
2020,Tennessee,SEC,rushingTDsOpponent,15,2026-09-29T20:11:17Z
2020,Tennessee,SEC,rushingYards,1415,2026-09-29T20:11:17Z
2020,Tennessee,SEC,rushingYardsOpponent,1415,2026-09-29T20:11:17Z
2020,Tennessee,SEC,sacks,20,2026-09-29T20:11:17Z
2020,Tennessee,SEC,sacksOpponent,29,2026-09-29T20:11:17Z
2020,Tennessee,SEC,tacklesForLoss,55,2026-09-29T20:11:17Z
2020,Tennessee,SEC,tacklesForLossOpponent,54,2026-09-29T20:11:17Z
2020,Tennessee,SEC,thirdDownConversions,38,2026-09-29T20:11:17Z
2020,Tennessee,SEC,thirdDownConversionsOpponent,70,2026-09-29T20:11:17Z
2020,Tennessee,SEC,thirdDowns,128,2026-09-29T20:11:17Z
2020,Tennessee,SEC,thirdDownsOpponent,147,2026-09-29T20:11:17Z
2020,Tennessee,SEC,totalYards,3462,2026-09-29T20:11:17Z
2020,Tennessee,SEC,totalYardsOpponent,4070,2026-09-29T20:11:17Z
2020,Tennessee,SEC,turnovers,15,2026-09-29T20:11:17Z
2020,Tennessee,SEC,turnoversOpponent,10,2026-09-29T20:11:17Z
2020,Texas,Big 12,firstDowns,224,2026-09-29T20:11:17Z
2020,Texas,Big 12,firstDownsOpponent,237,2026-09-29T20:11:17Z
2020,Texas,Big 12,fourthDownConversions,6,2026-09-29T20:11:17Z
2020,Texas,Big 12,fourthDownConversionsOpponent,5,2026-09-29T20:11:17Z
2020,Texas,Big 12,fourthDowns,12,2026-09-29T20:11:17Z
2020,Texas,Big 12,fourthDownsOpponent,15,2026-09-29T20:11:17Z
2020,Texas,Big 12,fumblesLost,4,2026-09-29T20:11:17Z
2020,Texas,Big 12,fumblesLostOpponent,8,2026-09-29T20:11:17Z
2020,Texas,Big 12,fumblesRecovered,8,2026-09-29T20:11:17Z
2020,Texas,Big 12,fumblesRecoveredOpponent,4,2026-09-29T20:11:17Z
2020,Texas,Big 12,games,10,2026-09-29T20:11:17Z
2020,Texas,Big 12,interceptions,5,2026-09-29T20:11:17Z
2020,Texas,Big 12,interceptionsOpponent,10,2026-09-29T20:11:17Z
2020,Texas,Big 12,interceptionTDs,0,2026-09-29T20:11:17Z
2020,Texas,Big 12,interceptionTDsOpponent,0,2026-09-29T20:11:17Z
2020,Texas,Big 12,interceptionYards,184,2026-09-29T20:11:17Z
2020,Texas,Big 12,interceptionYardsOpponent,93,2026-09-29T20:11:17Z
2020,Texas,Big 12,kickReturns,23,2026-09-29T20:11:17Z
2020,Texas,Big 12,kickReturnsOpponent,12,2026-09-29T20:11:17Z
2020,Texas,Big 12,kickReturnTDs,1,2026-09-29T20:11:17Z
2020,Texas,Big 12,kickReturnTDsOpponent,0,2026-09-29T20:11:17Z
2020,Texas,Big 12,kickReturnYards,666,2026-09-29T20:11:17Z
2020,Texas,Big 12,kickReturnYardsOpponent,238,2026-09-29T20:11:17Z
2020,Texas,Big 12,netPassingYards,2801,2026-09-29T20:11:17Z
2020,Texas,Big 12,netPassingYardsOpponent,2658,2026-09-29T20:11:17Z
2020,Texas,Big 12,passAttempts,345,2026-09-29T20:11:17Z
2020,Texas,Big 12,passAttemptsOpponent,392,2026-09-29T20:11:17Z
2020,Texas,Big 12,passCompletions,208,2026-09-29T20:11:17Z
2020,Texas,Big 12,passCompletionsOpponent,246,2026-09-29T20:11:17Z
2020,Texas,Big 12,passesIntercepted,10,2026-09-29T20:11:17Z
2020,Texas,Big 12,passesInterceptedOpponent,5,2026-09-29T20:11:17Z
2020,Texas,Big 12,passingTDs,32,2026-09-29T20:11:17Z
2020,Texas,Big 12,passingTDsOpponent,17,2026-09-29T20:11:17Z
2020,Texas,Big 12,penalties,82,2026-09-29T20:11:17Z
2020,Texas,Big 12,penaltiesOpponent,70,2026-09-29T20:11:17Z
2020,Texas,Big 12,penaltyYards,790,2026-09-29T20:11:17Z
2020,Texas,Big 12,penaltyYardsOpponent,570,2026-09-29T20:11:17Z
2020,Texas,Big 12,possessionTime,16565,2026-09-29T20:11:17Z
2020,Texas,Big 12,possessionTimeOpponent,19193,2026-09-29T20:11:17Z
2020,Texas,Big 12,puntReturns,18,2026-09-29T20:11:17Z
2020,Texas,Big 12,puntReturnsOpponent,19,2026-09-29T20:11:17Z
2020,Texas,Big 12,puntReturnTDs,1,2026-09-29T20:11:17Z
2020,Texas,Big 12,puntReturnTDsOpponent,1,2026-09-29T20:11:17Z
2020,Texas,Big 12,puntReturnYards,78,2026-09-29T20:11:17Z
2020,Texas,Big 12,puntReturnYardsOpponent,189,2026-09-29T20:11:17Z
2020,Texas,Big 12,rushingAttempts,368,2026-09-29T20:11:17Z
2020,Texas,Big 12,rushingAttemptsOpponent,382,2026-09-29T20:11:17Z
2020,Texas,Big 12,rushingTDs,20,2026-09-29T20:11:17Z
2020,Texas,Big 12,rushingTDsOpponent,16,2026-09-29T20:11:17Z
2020,Texas,Big 12,rushingYards,1954,2026-09-29T20:11:17Z
2020,Texas,Big 12,rushingYardsOpponent,1414,2026-09-29T20:11:17Z
2020,Texas,Big 12,sacks,15,2026-09-29T20:11:17Z
2020,Texas,Big 12,sacksOpponent,22,2026-09-29T20:11:17Z
2020,Texas,Big 12,tacklesForLoss,74,2026-09-29T20:11:17Z
2020,Texas,Big 12,tacklesForLossOpponent,57,2026-09-29T20:11:17Z
2020,Texas,Big 12,thirdDownConversions,49,2026-09-29T20:11:17Z
2020,Texas,Big 12,thirdDownConversionsOpponent,52,2026-09-29T20:11:17Z
2020,Texas,Big 12,thirdDowns,134,2026-09-29T20:11:17Z
2020,Texas,Big 12,thirdDownsOpponent,151,2026-09-29T20:11:17Z
2020,Texas,Big 12,totalYards,4755,2026-09-29T20:11:17Z
2020,Texas,Big 12,totalYardsOpponent,4072,2026-09-29T20:11:17Z
2020,Texas,Big 12,turnovers,9,2026-09-29T20:11:17Z
2020,Texas,Big 12,turnoversOpponent,18,2026-09-29T20:11:17Z
2020,Texas A&M,SEC,firstDowns,232,2026-09-29T20:11:17Z
2020,Texas A&M,SEC,firstDownsOpponent,175,2026-09-29T20:11:17Z
2020,Texas A&M,SEC,fourthDownConversions,3,2026-09-29T20:11:17Z
2020,Texas A&M,SEC,fourthDownConversionsOpponent,8,2026-09-29T20:11:17Z
2020,Texas A&M,SEC,fourthDowns,8,2026-09-29T20:11:17Z
2020,Texas A&M,SEC,fourthDownsOpponent,14,2026-09-29T20:11:17Z
2020,Texas A&M,SEC,fumblesLost,4,2026-09-29T20:11:17Z
2020,Texas A&M,SEC,fumblesLostOpponent,4,2026-09-29T20:11:17Z
2020,Texas A&M,SEC,fumblesRecovered,4,2026-09-29T20:11:17Z
2020,Texas A&M,SEC,fumblesRecoveredOpponent,4,2026-09-29T20:11:17Z
2020,Texas A&M,SEC,games,10,2026-09-29T20:11:17Z
2020,Texas A&M,SEC,interceptions,4,2026-09-29T20:11:17Z
2020,Texas A&M,SEC,interceptionsOpponent,10,2026-09-29T20:11:17Z
2020,Texas A&M,SEC,interceptionTDs,1,2026-09-29T20:11:17Z
2020,Texas A&M,SEC,interceptionTDsOpponent,2,2026-09-29T20:11:17Z
2020,Texas A&M,SEC,interceptionYards,116,2026-09-29T20:11:17Z
2020,Texas A&M,SEC,interceptionYardsOpponent,152,2026-09-29T20:11:17Z
2020,Texas A&M,SEC,kickReturns,2,2026-09-29T20:11:17Z
2020,Texas A&M,SEC,kickReturnsOpponent,7,2026-09-29T20:11:17Z
2020,Texas A&M,SEC,kickReturnTDs,0,2026-09-29T20:11:17Z
2020,Texas A&M,SEC,kickReturnTDsOpponent,0,2026-09-29T20:11:17Z
2020,Texas A&M,SEC,kickReturnYards,27,2026-09-29T20:11:17Z
2020,Texas A&M,SEC,kickReturnYardsOpponent,142,2026-09-29T20:11:17Z
2020,Texas A&M,SEC,netPassingYards,2267,2026-09-29T20:11:17Z
2020,Texas A&M,SEC,netPassingYardsOpponent,2253,2026-09-29T20:11:17Z
2020,Texas A&M,SEC,passAttempts,301,2026-09-29T20:11:17Z
2020,Texas A&M,SEC,passAttemptsOpponent,310,2026-09-29T20:11:17Z
2020,Texas A&M,SEC,passCompletions,189,2026-09-29T20:11:17Z
2020,Texas A&M,SEC,passCompletionsOpponent,196,2026-09-29T20:11:17Z
2020,Texas A&M,SEC,passesIntercepted,10,2026-09-29T20:11:17Z
2020,Texas A&M,SEC,passesInterceptedOpponent,4,2026-09-29T20:11:17Z
2020,Texas A&M,SEC,passingTDs,20,2026-09-29T20:11:17Z
2020,Texas A&M,SEC,passingTDsOpponent,19,2026-09-29T20:11:17Z
2020,Texas A&M,SEC,penalties,61,2026-09-29T20:11:17Z
2020,Texas A&M,SEC,penaltiesOpponent,47,2026-09-29T20:11:17Z
2020,Texas A&M,SEC,penaltyYards,564,2026-09-29T20:11:17Z
2020,Texas A&M,SEC,penaltyYardsOpponent,380,2026-09-29T20:11:17Z
2020,Texas A&M,SEC,possessionTime,20275,2026-09-29T20:11:17Z
2020,Texas A&M,SEC,possessionTimeOpponent,15587,2026-09-29T20:11:17Z
2020,Texas A&M,SEC,puntReturns,16,2026-09-29T20:11:17Z
2020,Texas A&M,SEC,puntReturnsOpponent,4,2026-09-29T20:11:17Z
2020,Texas A&M,SEC,puntReturnTDs,0,2026-09-29T20:11:17Z
2020,Texas A&M,SEC,puntReturnTDsOpponent,0,2026-09-29T20:11:17Z
2020,Texas A&M,SEC,puntReturnYards,96,2026-09-29T20:11:17Z
2020,Texas A&M,SEC,puntReturnYardsOpponent,17,2026-09-29T20:11:17Z
2020,Texas A&M,SEC,rushingAttempts,374,2026-09-29T20:11:17Z
2020,Texas A&M,SEC,rushingAttemptsOpponent,280,2026-09-29T20:11:17Z
2020,Texas A&M,SEC,rushingTDs,21,2026-09-29T20:11:17Z
2020,Texas A&M,SEC,rushingTDsOpponent,6,2026-09-29T20:11:17Z
2020,Texas A&M,SEC,rushingYards,2050,2026-09-29T20:11:17Z
2020,Texas A&M,SEC,rushingYardsOpponent,913,2026-09-29T20:11:17Z
2020,Texas A&M,SEC,sacks,27,2026-09-29T20:11:17Z
2020,Texas A&M,SEC,sacksOpponent,6,2026-09-29T20:11:17Z
2020,Texas A&M,SEC,tacklesForLoss,63,2026-09-29T20:11:17Z
2020,Texas A&M,SEC,tacklesForLossOpponent,37,2026-09-29T20:11:17Z
2020,Texas A&M,SEC,thirdDownConversions,73,2026-09-29T20:11:17Z
2020,Texas A&M,SEC,thirdDownConversionsOpponent,43,2026-09-29T20:11:17Z
2020,Texas A&M,SEC,thirdDowns,133,2026-09-29T20:11:17Z
2020,Texas A&M,SEC,thirdDownsOpponent,123,2026-09-29T20:11:17Z
2020,Texas A&M,SEC,totalYards,4317,2026-09-29T20:11:17Z
2020,Texas A&M,SEC,totalYardsOpponent,3166,2026-09-29T20:11:17Z
2020,Texas A&M,SEC,turnovers,8,2026-09-29T20:11:17Z
2020,Texas A&M,SEC,turnoversOpponent,14,2026-09-29T20:11:17Z
2020,Texas State,Sun Belt,firstDowns,247,2026-09-29T20:11:17Z
2020,Texas State,Sun Belt,firstDownsOpponent,313,2026-09-29T20:11:17Z
2020,Texas State,Sun Belt,fourthDownConversions,10,2026-09-29T20:11:17Z
2020,Texas State,Sun Belt,fourthDownConversionsOpponent,14,2026-09-29T20:11:17Z
2020,Texas State,Sun Belt,fourthDowns,26,2026-09-29T20:11:17Z
2020,Texas State,Sun Belt,fourthDownsOpponent,21,2026-09-29T20:11:17Z
2020,Texas State,Sun Belt,fumblesLost,4,2026-09-29T20:11:17Z
2020,Texas State,Sun Belt,fumblesLostOpponent,8,2026-09-29T20:11:17Z
2020,Texas State,Sun Belt,fumblesRecovered,8,2026-09-29T20:11:17Z
2020,Texas State,Sun Belt,fumblesRecoveredOpponent,4,2026-09-29T20:11:17Z
2020,Texas State,Sun Belt,games,12,2026-09-29T20:11:17Z
2020,Texas State,Sun Belt,interceptions,14,2026-09-29T20:11:17Z
2020,Texas State,Sun Belt,interceptionsOpponent,7,2026-09-29T20:11:17Z
2020,Texas State,Sun Belt,interceptionTDs,1,2026-09-29T20:11:17Z
2020,Texas State,Sun Belt,interceptionTDsOpponent,3,2026-09-29T20:11:17Z
2020,Texas State,Sun Belt,interceptionYards,156,2026-09-29T20:11:17Z
2020,Texas State,Sun Belt,interceptionYardsOpponent,276,2026-09-29T20:11:17Z
2020,Texas State,Sun Belt,kickReturns,48,2026-09-29T20:11:17Z
2020,Texas State,Sun Belt,kickReturnsOpponent,21,2026-09-29T20:11:17Z
2020,Texas State,Sun Belt,kickReturnTDs,1,2026-09-29T20:11:17Z
2020,Texas State,Sun Belt,kickReturnTDsOpponent,0,2026-09-29T20:11:17Z
2020,Texas State,Sun Belt,kickReturnYards,992,2026-09-29T20:11:17Z
2020,Texas State,Sun Belt,kickReturnYardsOpponent,369,2026-09-29T20:11:17Z
2020,Texas State,Sun Belt,netPassingYards,2864,2026-09-29T20:11:17Z
2020,Texas State,Sun Belt,netPassingYardsOpponent,3245,2026-09-29T20:11:17Z
2020,Texas State,Sun Belt,passAttempts,404,2026-09-29T20:11:17Z
2020,Texas State,Sun Belt,passAttemptsOpponent,413,2026-09-29T20:11:17Z
2020,Texas State,Sun Belt,passCompletions,247,2026-09-29T20:11:17Z
2020,Texas State,Sun Belt,passCompletionsOpponent,278,2026-09-29T20:11:17Z
2020,Texas State,Sun Belt,passesIntercepted,7,2026-09-29T20:11:17Z
2020,Texas State,Sun Belt,passesInterceptedOpponent,14,2026-09-29T20:11:17Z
2020,Texas State,Sun Belt,passingTDs,26,2026-09-29T20:11:17Z
2020,Texas State,Sun Belt,passingTDsOpponent,26,2026-09-29T20:11:17Z
2020,Texas State,Sun Belt,penalties,62,2026-09-29T20:11:17Z
2020,Texas State,Sun Belt,penaltiesOpponent,84,2026-09-29T20:11:17Z
2020,Texas State,Sun Belt,penaltyYards,592,2026-09-29T20:11:17Z
2020,Texas State,Sun Belt,penaltyYardsOpponent,791,2026-09-29T20:11:17Z
2020,Texas State,Sun Belt,possessionTime,18532,2026-09-29T20:11:17Z
2020,Texas State,Sun Belt,possessionTimeOpponent,24295,2026-09-29T20:11:17Z
2020,Texas State,Sun Belt,puntReturns,17,2026-09-29T20:11:17Z
2020,Texas State,Sun Belt,puntReturnsOpponent,15,2026-09-29T20:11:17Z
2020,Texas State,Sun Belt,puntReturnTDs,1,2026-09-29T20:11:17Z
2020,Texas State,Sun Belt,puntReturnTDsOpponent,0,2026-09-29T20:11:17Z
2020,Texas State,Sun Belt,puntReturnYards,209,2026-09-29T20:11:17Z
2020,Texas State,Sun Belt,puntReturnYardsOpponent,122,2026-09-29T20:11:17Z
2020,Texas State,Sun Belt,rushingAttempts,372,2026-09-29T20:11:17Z
2020,Texas State,Sun Belt,rushingAttemptsOpponent,525,2026-09-29T20:11:17Z
2020,Texas State,Sun Belt,rushingTDs,15,2026-09-29T20:11:17Z
2020,Texas State,Sun Belt,rushingTDsOpponent,29,2026-09-29T20:11:17Z
2020,Texas State,Sun Belt,rushingYards,1577,2026-09-29T20:11:17Z
2020,Texas State,Sun Belt,rushingYardsOpponent,2693,2026-09-29T20:11:17Z
2020,Texas State,Sun Belt,sacks,12,2026-09-29T20:11:17Z
2020,Texas State,Sun Belt,sacksOpponent,29,2026-09-29T20:11:17Z
2020,Texas State,Sun Belt,tacklesForLoss,54,2026-09-29T20:11:17Z
2020,Texas State,Sun Belt,tacklesForLossOpponent,89,2026-09-29T20:11:17Z
2020,Texas State,Sun Belt,thirdDownConversions,50,2026-09-29T20:11:17Z
2020,Texas State,Sun Belt,thirdDownConversionsOpponent,88,2026-09-29T20:11:17Z
2020,Texas State,Sun Belt,thirdDowns,151,2026-09-29T20:11:17Z
2020,Texas State,Sun Belt,thirdDownsOpponent,181,2026-09-29T20:11:17Z
2020,Texas State,Sun Belt,totalYards,4441,2026-09-29T20:11:17Z
2020,Texas State,Sun Belt,totalYardsOpponent,5938,2026-09-29T20:11:17Z
2020,Texas State,Sun Belt,turnovers,18,2026-09-29T20:11:17Z
2020,Texas State,Sun Belt,turnoversOpponent,15,2026-09-29T20:11:17Z
2020,Texas Tech,Big 12,firstDowns,215,2026-09-29T20:11:17Z
2020,Texas Tech,Big 12,firstDownsOpponent,232,2026-09-29T20:11:17Z
2020,Texas Tech,Big 12,fourthDownConversions,12,2026-09-29T20:11:17Z
2020,Texas Tech,Big 12,fourthDownConversionsOpponent,12,2026-09-29T20:11:17Z
2020,Texas Tech,Big 12,fourthDowns,22,2026-09-29T20:11:17Z
2020,Texas Tech,Big 12,fourthDownsOpponent,21,2026-09-29T20:11:17Z
2020,Texas Tech,Big 12,fumblesLost,7,2026-09-29T20:11:17Z
2020,Texas Tech,Big 12,fumblesLostOpponent,5,2026-09-29T20:11:17Z
2020,Texas Tech,Big 12,fumblesRecovered,5,2026-09-29T20:11:17Z
2020,Texas Tech,Big 12,fumblesRecoveredOpponent,7,2026-09-29T20:11:17Z
2020,Texas Tech,Big 12,games,10,2026-09-29T20:11:17Z
2020,Texas Tech,Big 12,interceptions,11,2026-09-29T20:11:17Z
2020,Texas Tech,Big 12,interceptionsOpponent,5,2026-09-29T20:11:17Z
2020,Texas Tech,Big 12,interceptionTDs,0,2026-09-29T20:11:17Z
2020,Texas Tech,Big 12,interceptionTDsOpponent,2,2026-09-29T20:11:17Z
2020,Texas Tech,Big 12,interceptionYards,45,2026-09-29T20:11:17Z
2020,Texas Tech,Big 12,interceptionYardsOpponent,218,2026-09-29T20:11:17Z
2020,Texas Tech,Big 12,kickReturns,23,2026-09-29T20:11:17Z
2020,Texas Tech,Big 12,kickReturnsOpponent,22,2026-09-29T20:11:17Z
2020,Texas Tech,Big 12,kickReturnTDs,0,2026-09-29T20:11:17Z
2020,Texas Tech,Big 12,kickReturnTDsOpponent,1,2026-09-29T20:11:17Z
2020,Texas Tech,Big 12,kickReturnYards,395,2026-09-29T20:11:17Z
2020,Texas Tech,Big 12,kickReturnYardsOpponent,480,2026-09-29T20:11:17Z
2020,Texas Tech,Big 12,netPassingYards,2649,2026-09-29T20:11:17Z
2020,Texas Tech,Big 12,netPassingYardsOpponent,2585,2026-09-29T20:11:17Z
2020,Texas Tech,Big 12,passAttempts,395,2026-09-29T20:11:17Z
2020,Texas Tech,Big 12,passAttemptsOpponent,353,2026-09-29T20:11:17Z
2020,Texas Tech,Big 12,passCompletions,257,2026-09-29T20:11:17Z
2020,Texas Tech,Big 12,passCompletionsOpponent,225,2026-09-29T20:11:17Z
2020,Texas Tech,Big 12,passesIntercepted,5,2026-09-29T20:11:17Z
2020,Texas Tech,Big 12,passesInterceptedOpponent,11,2026-09-29T20:11:17Z
2020,Texas Tech,Big 12,passingTDs,18,2026-09-29T20:11:17Z
2020,Texas Tech,Big 12,passingTDsOpponent,17,2026-09-29T20:11:17Z
2020,Texas Tech,Big 12,penalties,66,2026-09-29T20:11:17Z
2020,Texas Tech,Big 12,penaltiesOpponent,61,2026-09-29T20:11:17Z
2020,Texas Tech,Big 12,penaltyYards,574,2026-09-29T20:11:17Z
2020,Texas Tech,Big 12,penaltyYardsOpponent,508,2026-09-29T20:11:17Z
2020,Texas Tech,Big 12,possessionTime,16241,2026-09-29T20:11:17Z
2020,Texas Tech,Big 12,possessionTimeOpponent,19678,2026-09-29T20:11:17Z
2020,Texas Tech,Big 12,puntReturns,18,2026-09-29T20:11:17Z
2020,Texas Tech,Big 12,puntReturnsOpponent,13,2026-09-29T20:11:17Z
2020,Texas Tech,Big 12,puntReturnTDs,1,2026-09-29T20:11:17Z
2020,Texas Tech,Big 12,puntReturnTDsOpponent,1,2026-09-29T20:11:17Z
2020,Texas Tech,Big 12,puntReturnYards,96,2026-09-29T20:11:17Z
2020,Texas Tech,Big 12,puntReturnYardsOpponent,184,2026-09-29T20:11:17Z
2020,Texas Tech,Big 12,rushingAttempts,337,2026-09-29T20:11:17Z
2020,Texas Tech,Big 12,rushingAttemptsOpponent,422,2026-09-29T20:11:17Z
2020,Texas Tech,Big 12,rushingTDs,17,2026-09-29T20:11:17Z
2020,Texas Tech,Big 12,rushingTDsOpponent,24,2026-09-29T20:11:17Z
2020,Texas Tech,Big 12,rushingYards,1637,2026-09-29T20:11:17Z
2020,Texas Tech,Big 12,rushingYardsOpponent,1870,2026-09-29T20:11:17Z
2020,Texas Tech,Big 12,sacks,17,2026-09-29T20:11:17Z
2020,Texas Tech,Big 12,sacksOpponent,13,2026-09-29T20:11:17Z
2020,Texas Tech,Big 12,tacklesForLoss,58,2026-09-29T20:11:17Z
2020,Texas Tech,Big 12,tacklesForLossOpponent,52,2026-09-29T20:11:17Z
2020,Texas Tech,Big 12,thirdDownConversions,55,2026-09-29T20:11:17Z
2020,Texas Tech,Big 12,thirdDownConversionsOpponent,64,2026-09-29T20:11:17Z
2020,Texas Tech,Big 12,thirdDowns,148,2026-09-29T20:11:17Z
2020,Texas Tech,Big 12,thirdDownsOpponent,156,2026-09-29T20:11:17Z
2020,Texas Tech,Big 12,totalYards,4286,2026-09-29T20:11:17Z
2020,Texas Tech,Big 12,totalYardsOpponent,4455,2026-09-29T20:11:17Z
2020,Texas Tech,Big 12,turnovers,18,2026-09-29T20:11:17Z
2020,Texas Tech,Big 12,turnoversOpponent,10,2026-09-29T20:11:17Z
2020,Toledo,Mid-American,firstDowns,163,2026-09-29T20:11:17Z
2020,Toledo,Mid-American,firstDownsOpponent,121,2026-09-29T20:11:17Z
2020,Toledo,Mid-American,fourthDownConversions,6,2026-09-29T20:11:17Z
2020,Toledo,Mid-American,fourthDownConversionsOpponent,7,2026-09-29T20:11:17Z
2020,Toledo,Mid-American,fourthDowns,13,2026-09-29T20:11:17Z
2020,Toledo,Mid-American,fourthDownsOpponent,13,2026-09-29T20:11:17Z
2020,Toledo,Mid-American,fumblesLost,5,2026-09-29T20:11:17Z
2020,Toledo,Mid-American,fumblesLostOpponent,5,2026-09-29T20:11:17Z
2020,Toledo,Mid-American,fumblesRecovered,5,2026-09-29T20:11:17Z
2020,Toledo,Mid-American,fumblesRecoveredOpponent,5,2026-09-29T20:11:17Z
2020,Toledo,Mid-American,games,6,2026-09-29T20:11:17Z
2020,Toledo,Mid-American,interceptions,7,2026-09-29T20:11:17Z
2020,Toledo,Mid-American,interceptionsOpponent,4,2026-09-29T20:11:17Z
2020,Toledo,Mid-American,interceptionTDs,1,2026-09-29T20:11:17Z
2020,Toledo,Mid-American,interceptionTDsOpponent,0,2026-09-29T20:11:17Z
2020,Toledo,Mid-American,interceptionYards,69,2026-09-29T20:11:17Z
2020,Toledo,Mid-American,interceptionYardsOpponent,13,2026-09-29T20:11:17Z
2020,Toledo,Mid-American,kickReturns,23,2026-09-29T20:11:17Z
2020,Toledo,Mid-American,kickReturnsOpponent,18,2026-09-29T20:11:17Z
2020,Toledo,Mid-American,kickReturnTDs,0,2026-09-29T20:11:17Z
2020,Toledo,Mid-American,kickReturnTDsOpponent,0,2026-09-29T20:11:17Z
2020,Toledo,Mid-American,kickReturnYards,349,2026-09-29T20:11:17Z
2020,Toledo,Mid-American,kickReturnYardsOpponent,369,2026-09-29T20:11:17Z
2020,Toledo,Mid-American,netPassingYards,1955,2026-09-29T20:11:17Z
2020,Toledo,Mid-American,netPassingYardsOpponent,1398,2026-09-29T20:11:17Z
2020,Toledo,Mid-American,passAttempts,219,2026-09-29T20:11:17Z
2020,Toledo,Mid-American,passAttemptsOpponent,196,2026-09-29T20:11:17Z
2020,Toledo,Mid-American,passCompletions,143,2026-09-29T20:11:17Z
2020,Toledo,Mid-American,passCompletionsOpponent,110,2026-09-29T20:11:17Z
2020,Toledo,Mid-American,passesIntercepted,4,2026-09-29T20:11:17Z
2020,Toledo,Mid-American,passesInterceptedOpponent,6,2026-09-29T20:11:17Z
2020,Toledo,Mid-American,passingTDs,18,2026-09-29T20:11:17Z
2020,Toledo,Mid-American,passingTDsOpponent,12,2026-09-29T20:11:17Z
2020,Toledo,Mid-American,penalties,57,2026-09-29T20:11:17Z
2020,Toledo,Mid-American,penaltiesOpponent,41,2026-09-29T20:11:17Z
2020,Toledo,Mid-American,penaltyYards,449,2026-09-29T20:11:17Z
2020,Toledo,Mid-American,penaltyYardsOpponent,390,2026-09-29T20:11:17Z
2020,Toledo,Mid-American,possessionTime,12081,2026-09-29T20:11:17Z
2020,Toledo,Mid-American,possessionTimeOpponent,9514,2026-09-29T20:11:17Z
2020,Toledo,Mid-American,puntReturns,17,2026-09-29T20:11:17Z
2020,Toledo,Mid-American,puntReturnsOpponent,6,2026-09-29T20:11:17Z
2020,Toledo,Mid-American,puntReturnTDs,0,2026-09-29T20:11:17Z
2020,Toledo,Mid-American,puntReturnTDsOpponent,0,2026-09-29T20:11:17Z
2020,Toledo,Mid-American,puntReturnYards,68,2026-09-29T20:11:17Z
2020,Toledo,Mid-American,puntReturnYardsOpponent,23,2026-09-29T20:11:17Z
2020,Toledo,Mid-American,rushingAttempts,243,2026-09-29T20:11:17Z
2020,Toledo,Mid-American,rushingAttemptsOpponent,210,2026-09-29T20:11:17Z
2020,Toledo,Mid-American,rushingTDs,7,2026-09-29T20:11:17Z
2020,Toledo,Mid-American,rushingTDsOpponent,5,2026-09-29T20:11:17Z
2020,Toledo,Mid-American,rushingYards,1008,2026-09-29T20:11:17Z
2020,Toledo,Mid-American,rushingYardsOpponent,774,2026-09-29T20:11:17Z
2020,Toledo,Mid-American,sacks,11,2026-09-29T20:11:17Z
2020,Toledo,Mid-American,sacksOpponent,14,2026-09-29T20:11:17Z
2020,Toledo,Mid-American,tacklesForLoss,36,2026-09-29T20:11:17Z
2020,Toledo,Mid-American,tacklesForLossOpponent,48,2026-09-29T20:11:17Z
2020,Toledo,Mid-American,thirdDownConversions,41,2026-09-29T20:11:17Z
2020,Toledo,Mid-American,thirdDownConversionsOpponent,23,2026-09-29T20:11:17Z
2020,Toledo,Mid-American,thirdDowns,85,2026-09-29T20:11:17Z
2020,Toledo,Mid-American,thirdDownsOpponent,84,2026-09-29T20:11:17Z
2020,Toledo,Mid-American,totalYards,2963,2026-09-29T20:11:17Z
2020,Toledo,Mid-American,totalYardsOpponent,2172,2026-09-29T20:11:17Z
2020,Toledo,Mid-American,turnovers,12,2026-09-29T20:11:17Z
2020,Toledo,Mid-American,turnoversOpponent,9,2026-09-29T20:11:17Z
2020,Troy,Sun Belt,firstDowns,240,2026-09-29T20:11:17Z
2020,Troy,Sun Belt,firstDownsOpponent,243,2026-09-29T20:11:17Z
2020,Troy,Sun Belt,fourthDownConversions,10,2026-09-29T20:11:17Z
2020,Troy,Sun Belt,fourthDownConversionsOpponent,13,2026-09-29T20:11:17Z
2020,Troy,Sun Belt,fourthDowns,17,2026-09-29T20:11:17Z
2020,Troy,Sun Belt,fourthDownsOpponent,28,2026-09-29T20:11:17Z
2020,Troy,Sun Belt,fumblesLost,5,2026-09-29T20:11:17Z
2020,Troy,Sun Belt,fumblesLostOpponent,6,2026-09-29T20:11:17Z
2020,Troy,Sun Belt,fumblesRecovered,6,2026-09-29T20:11:17Z
2020,Troy,Sun Belt,fumblesRecoveredOpponent,5,2026-09-29T20:11:17Z
2020,Troy,Sun Belt,games,11,2026-09-29T20:11:17Z
2020,Troy,Sun Belt,interceptions,13,2026-09-29T20:11:17Z
2020,Troy,Sun Belt,interceptionsOpponent,8,2026-09-29T20:11:17Z
2020,Troy,Sun Belt,interceptionTDs,2,2026-09-29T20:11:17Z
2020,Troy,Sun Belt,interceptionTDsOpponent,1,2026-09-29T20:11:17Z
2020,Troy,Sun Belt,interceptionYards,103,2026-09-29T20:11:17Z
2020,Troy,Sun Belt,interceptionYardsOpponent,185,2026-09-29T20:11:17Z
2020,Troy,Sun Belt,kickReturns,39,2026-09-29T20:11:17Z
2020,Troy,Sun Belt,kickReturnsOpponent,17,2026-09-29T20:11:17Z
2020,Troy,Sun Belt,kickReturnTDs,0,2026-09-29T20:11:17Z
2020,Troy,Sun Belt,kickReturnTDsOpponent,0,2026-09-29T20:11:17Z
2020,Troy,Sun Belt,kickReturnYards,755,2026-09-29T20:11:17Z
2020,Troy,Sun Belt,kickReturnYardsOpponent,313,2026-09-29T20:11:17Z
2020,Troy,Sun Belt,netPassingYards,3192,2026-09-29T20:11:17Z
2020,Troy,Sun Belt,netPassingYardsOpponent,2623,2026-09-29T20:11:17Z
2020,Troy,Sun Belt,passAttempts,456,2026-09-29T20:11:17Z
2020,Troy,Sun Belt,passAttemptsOpponent,358,2026-09-29T20:11:17Z
2020,Troy,Sun Belt,passCompletions,299,2026-09-29T20:11:17Z
2020,Troy,Sun Belt,passCompletionsOpponent,240,2026-09-29T20:11:17Z
2020,Troy,Sun Belt,passesIntercepted,8,2026-09-29T20:11:17Z
2020,Troy,Sun Belt,passesInterceptedOpponent,13,2026-09-29T20:11:17Z
2020,Troy,Sun Belt,passingTDs,22,2026-09-29T20:11:17Z
2020,Troy,Sun Belt,passingTDsOpponent,16,2026-09-29T20:11:17Z
2020,Troy,Sun Belt,penalties,55,2026-09-29T20:11:17Z
2020,Troy,Sun Belt,penaltiesOpponent,58,2026-09-29T20:11:17Z
2020,Troy,Sun Belt,penaltyYards,552,2026-09-29T20:11:17Z
2020,Troy,Sun Belt,penaltyYardsOpponent,538,2026-09-29T20:11:17Z
2020,Troy,Sun Belt,possessionTime,17702,2026-09-29T20:11:17Z
2020,Troy,Sun Belt,possessionTimeOpponent,21855,2026-09-29T20:11:17Z
2020,Troy,Sun Belt,puntReturns,10,2026-09-29T20:11:17Z
2020,Troy,Sun Belt,puntReturnsOpponent,10,2026-09-29T20:11:17Z
2020,Troy,Sun Belt,puntReturnTDs,0,2026-09-29T20:11:17Z
2020,Troy,Sun Belt,puntReturnTDsOpponent,0,2026-09-29T20:11:17Z
2020,Troy,Sun Belt,puntReturnYards,96,2026-09-29T20:11:17Z
2020,Troy,Sun Belt,puntReturnYardsOpponent,32,2026-09-29T20:11:17Z
2020,Troy,Sun Belt,rushingAttempts,328,2026-09-29T20:11:17Z
2020,Troy,Sun Belt,rushingAttemptsOpponent,448,2026-09-29T20:11:17Z
2020,Troy,Sun Belt,rushingTDs,11,2026-09-29T20:11:17Z
2020,Troy,Sun Belt,rushingTDsOpponent,17,2026-09-29T20:11:17Z
2020,Troy,Sun Belt,rushingYards,1129,2026-09-29T20:11:17Z
2020,Troy,Sun Belt,rushingYardsOpponent,1833,2026-09-29T20:11:17Z
2020,Troy,Sun Belt,sacks,22,2026-09-29T20:11:17Z
2020,Troy,Sun Belt,sacksOpponent,22,2026-09-29T20:11:17Z
2020,Troy,Sun Belt,tacklesForLoss,66,2026-09-29T20:11:17Z
2020,Troy,Sun Belt,tacklesForLossOpponent,57,2026-09-29T20:11:17Z
2020,Troy,Sun Belt,thirdDownConversions,75,2026-09-29T20:11:17Z
2020,Troy,Sun Belt,thirdDownConversionsOpponent,61,2026-09-29T20:11:17Z
2020,Troy,Sun Belt,thirdDowns,164,2026-09-29T20:11:17Z
2020,Troy,Sun Belt,thirdDownsOpponent,160,2026-09-29T20:11:17Z
2020,Troy,Sun Belt,totalYards,4321,2026-09-29T20:11:17Z
2020,Troy,Sun Belt,totalYardsOpponent,4456,2026-09-29T20:11:17Z
2020,Troy,Sun Belt,turnovers,18,2026-09-29T20:11:17Z
2020,Troy,Sun Belt,turnoversOpponent,14,2026-09-29T20:11:17Z
2020,Tulane,American Athletic,firstDowns,258,2026-09-29T20:11:17Z
2020,Tulane,American Athletic,firstDownsOpponent,253,2026-09-29T20:11:17Z
2020,Tulane,American Athletic,fourthDownConversions,12,2026-09-29T20:11:17Z
2020,Tulane,American Athletic,fourthDownConversionsOpponent,16,2026-09-29T20:11:17Z
2020,Tulane,American Athletic,fourthDowns,22,2026-09-29T20:11:17Z
2020,Tulane,American Athletic,fourthDownsOpponent,33,2026-09-29T20:11:17Z
2020,Tulane,American Athletic,fumblesLost,4,2026-09-29T20:11:17Z
2020,Tulane,American Athletic,fumblesLostOpponent,10,2026-09-29T20:11:17Z
2020,Tulane,American Athletic,fumblesRecovered,10,2026-09-29T20:11:17Z
2020,Tulane,American Athletic,fumblesRecoveredOpponent,4,2026-09-29T20:11:17Z
2020,Tulane,American Athletic,games,12,2026-09-29T20:11:17Z
2020,Tulane,American Athletic,interceptions,10,2026-09-29T20:11:17Z
2020,Tulane,American Athletic,interceptionsOpponent,9,2026-09-29T20:11:17Z
2020,Tulane,American Athletic,interceptionTDs,1,2026-09-29T20:11:17Z
2020,Tulane,American Athletic,interceptionTDsOpponent,1,2026-09-29T20:11:17Z
2020,Tulane,American Athletic,interceptionYards,142,2026-09-29T20:11:17Z
2020,Tulane,American Athletic,interceptionYardsOpponent,198,2026-09-29T20:11:17Z
2020,Tulane,American Athletic,kickReturns,25,2026-09-29T20:11:17Z
2020,Tulane,American Athletic,kickReturnsOpponent,32,2026-09-29T20:11:17Z
2020,Tulane,American Athletic,kickReturnTDs,0,2026-09-29T20:11:17Z
2020,Tulane,American Athletic,kickReturnTDsOpponent,1,2026-09-29T20:11:17Z
2020,Tulane,American Athletic,kickReturnYards,602,2026-09-29T20:11:17Z
2020,Tulane,American Athletic,kickReturnYardsOpponent,632,2026-09-29T20:11:17Z
2020,Tulane,American Athletic,netPassingYards,2119,2026-09-29T20:11:17Z
2020,Tulane,American Athletic,netPassingYardsOpponent,3353,2026-09-29T20:11:17Z
2020,Tulane,American Athletic,passAttempts,313,2026-09-29T20:11:17Z
2020,Tulane,American Athletic,passAttemptsOpponent,394,2026-09-29T20:11:17Z
2020,Tulane,American Athletic,passCompletions,165,2026-09-29T20:11:17Z
2020,Tulane,American Athletic,passCompletionsOpponent,238,2026-09-29T20:11:17Z
2020,Tulane,American Athletic,passesIntercepted,9,2026-09-29T20:11:17Z
2020,Tulane,American Athletic,passesInterceptedOpponent,10,2026-09-29T20:11:17Z
2020,Tulane,American Athletic,passingTDs,21,2026-09-29T20:11:17Z
2020,Tulane,American Athletic,passingTDsOpponent,27,2026-09-29T20:11:17Z
2020,Tulane,American Athletic,penalties,74,2026-09-29T20:11:17Z
2020,Tulane,American Athletic,penaltiesOpponent,68,2026-09-29T20:11:17Z
2020,Tulane,American Athletic,penaltyYards,607,2026-09-29T20:11:17Z
2020,Tulane,American Athletic,penaltyYardsOpponent,589,2026-09-29T20:11:17Z
2020,Tulane,American Athletic,possessionTime,20526,2026-09-29T20:11:17Z
2020,Tulane,American Athletic,possessionTimeOpponent,22208,2026-09-29T20:11:17Z
2020,Tulane,American Athletic,puntReturns,20,2026-09-29T20:11:17Z
2020,Tulane,American Athletic,puntReturnsOpponent,22,2026-09-29T20:11:17Z
2020,Tulane,American Athletic,puntReturnTDs,0,2026-09-29T20:11:17Z
2020,Tulane,American Athletic,puntReturnTDsOpponent,0,2026-09-29T20:11:17Z
2020,Tulane,American Athletic,puntReturnYards,253,2026-09-29T20:11:17Z
2020,Tulane,American Athletic,puntReturnYardsOpponent,151,2026-09-29T20:11:17Z
2020,Tulane,American Athletic,rushingAttempts,515,2026-09-29T20:11:17Z
2020,Tulane,American Athletic,rushingAttemptsOpponent,504,2026-09-29T20:11:17Z
2020,Tulane,American Athletic,rushingTDs,32,2026-09-29T20:11:17Z
2020,Tulane,American Athletic,rushingTDsOpponent,16,2026-09-29T20:11:17Z
2020,Tulane,American Athletic,rushingYards,2606,2026-09-29T20:11:17Z
2020,Tulane,American Athletic,rushingYardsOpponent,1730,2026-09-29T20:11:17Z
2020,Tulane,American Athletic,sacks,35,2026-09-29T20:11:17Z
2020,Tulane,American Athletic,sacksOpponent,34,2026-09-29T20:11:17Z
2020,Tulane,American Athletic,tacklesForLoss,101,2026-09-29T20:11:17Z
2020,Tulane,American Athletic,tacklesForLossOpponent,82,2026-09-29T20:11:17Z
2020,Tulane,American Athletic,thirdDownConversions,52,2026-09-29T20:11:17Z
2020,Tulane,American Athletic,thirdDownConversionsOpponent,79,2026-09-29T20:11:17Z
2020,Tulane,American Athletic,thirdDowns,150,2026-09-29T20:11:17Z
2020,Tulane,American Athletic,thirdDownsOpponent,196,2026-09-29T20:11:17Z
2020,Tulane,American Athletic,totalYards,4725,2026-09-29T20:11:17Z
2020,Tulane,American Athletic,totalYardsOpponent,5083,2026-09-29T20:11:17Z
2020,Tulane,American Athletic,turnovers,14,2026-09-29T20:11:17Z
2020,Tulane,American Athletic,turnoversOpponent,19,2026-09-29T20:11:17Z
2020,Tulsa,American Athletic,firstDowns,199,2026-09-29T20:11:17Z
2020,Tulsa,American Athletic,firstDownsOpponent,176,2026-09-29T20:11:17Z
2020,Tulsa,American Athletic,fourthDownConversions,9,2026-09-29T20:11:17Z
2020,Tulsa,American Athletic,fourthDownConversionsOpponent,8,2026-09-29T20:11:17Z
2020,Tulsa,American Athletic,fourthDowns,17,2026-09-29T20:11:17Z
2020,Tulsa,American Athletic,fourthDownsOpponent,16,2026-09-29T20:11:17Z
2020,Tulsa,American Athletic,fumblesLost,7,2026-09-29T20:11:17Z
2020,Tulsa,American Athletic,fumblesLostOpponent,10,2026-09-29T20:11:17Z
2020,Tulsa,American Athletic,fumblesRecovered,10,2026-09-29T20:11:17Z
2020,Tulsa,American Athletic,fumblesRecoveredOpponent,7,2026-09-29T20:11:17Z
2020,Tulsa,American Athletic,games,9,2026-09-29T20:11:17Z
2020,Tulsa,American Athletic,interceptions,11,2026-09-29T20:11:17Z
2020,Tulsa,American Athletic,interceptionsOpponent,6,2026-09-29T20:11:17Z
2020,Tulsa,American Athletic,interceptionTDs,2,2026-09-29T20:11:17Z
2020,Tulsa,American Athletic,interceptionTDsOpponent,2,2026-09-29T20:11:17Z
2020,Tulsa,American Athletic,interceptionYards,160,2026-09-29T20:11:17Z
2020,Tulsa,American Athletic,interceptionYardsOpponent,210,2026-09-29T20:11:17Z
2020,Tulsa,American Athletic,kickReturns,16,2026-09-29T20:11:17Z
2020,Tulsa,American Athletic,kickReturnsOpponent,36,2026-09-29T20:11:17Z
2020,Tulsa,American Athletic,kickReturnTDs,0,2026-09-29T20:11:17Z
2020,Tulsa,American Athletic,kickReturnTDsOpponent,0,2026-09-29T20:11:17Z
2020,Tulsa,American Athletic,kickReturnYards,267,2026-09-29T20:11:17Z
2020,Tulsa,American Athletic,kickReturnYardsOpponent,859,2026-09-29T20:11:17Z
2020,Tulsa,American Athletic,netPassingYards,2274,2026-09-29T20:11:17Z
2020,Tulsa,American Athletic,netPassingYardsOpponent,1701,2026-09-29T20:11:17Z
2020,Tulsa,American Athletic,passAttempts,306,2026-09-29T20:11:17Z
2020,Tulsa,American Athletic,passAttemptsOpponent,280,2026-09-29T20:11:17Z
2020,Tulsa,American Athletic,passCompletions,173,2026-09-29T20:11:17Z
2020,Tulsa,American Athletic,passCompletionsOpponent,170,2026-09-29T20:11:17Z
2020,Tulsa,American Athletic,passesIntercepted,6,2026-09-29T20:11:17Z
2020,Tulsa,American Athletic,passesInterceptedOpponent,11,2026-09-29T20:11:17Z
2020,Tulsa,American Athletic,passingTDs,15,2026-09-29T20:11:17Z
2020,Tulsa,American Athletic,passingTDsOpponent,10,2026-09-29T20:11:17Z
2020,Tulsa,American Athletic,penalties,81,2026-09-29T20:11:17Z
2020,Tulsa,American Athletic,penaltiesOpponent,92,2026-09-29T20:11:17Z
2020,Tulsa,American Athletic,penaltyYards,736,2026-09-29T20:11:17Z
2020,Tulsa,American Athletic,penaltyYardsOpponent,675,2026-09-29T20:11:17Z
2020,Tulsa,American Athletic,possessionTime,15318,2026-09-29T20:11:17Z
2020,Tulsa,American Athletic,possessionTimeOpponent,16947,2026-09-29T20:11:17Z
2020,Tulsa,American Athletic,puntReturns,15,2026-09-29T20:11:17Z
2020,Tulsa,American Athletic,puntReturnsOpponent,13,2026-09-29T20:11:17Z
2020,Tulsa,American Athletic,puntReturnTDs,0,2026-09-29T20:11:17Z
2020,Tulsa,American Athletic,puntReturnTDsOpponent,0,2026-09-29T20:11:17Z
2020,Tulsa,American Athletic,puntReturnYards,54,2026-09-29T20:11:17Z
2020,Tulsa,American Athletic,puntReturnYardsOpponent,203,2026-09-29T20:11:17Z
2020,Tulsa,American Athletic,rushingAttempts,355,2026-09-29T20:11:17Z
2020,Tulsa,American Athletic,rushingAttemptsOpponent,356,2026-09-29T20:11:17Z
2020,Tulsa,American Athletic,rushingTDs,13,2026-09-29T20:11:17Z
2020,Tulsa,American Athletic,rushingTDsOpponent,9,2026-09-29T20:11:17Z
2020,Tulsa,American Athletic,rushingYards,1418,2026-09-29T20:11:17Z
2020,Tulsa,American Athletic,rushingYardsOpponent,1296,2026-09-29T20:11:17Z
2020,Tulsa,American Athletic,sacks,22,2026-09-29T20:11:17Z
2020,Tulsa,American Athletic,sacksOpponent,21,2026-09-29T20:11:17Z
2020,Tulsa,American Athletic,tacklesForLoss,67,2026-09-29T20:11:17Z
2020,Tulsa,American Athletic,tacklesForLossOpponent,59,2026-09-29T20:11:17Z
2020,Tulsa,American Athletic,thirdDownConversions,57,2026-09-29T20:11:17Z
2020,Tulsa,American Athletic,thirdDownConversionsOpponent,45,2026-09-29T20:11:17Z
2020,Tulsa,American Athletic,thirdDowns,138,2026-09-29T20:11:17Z
2020,Tulsa,American Athletic,thirdDownsOpponent,137,2026-09-29T20:11:17Z
2020,Tulsa,American Athletic,totalYards,3692,2026-09-29T20:11:17Z
2020,Tulsa,American Athletic,totalYardsOpponent,2997,2026-09-29T20:11:17Z
2020,Tulsa,American Athletic,turnovers,18,2026-09-29T20:11:17Z
2020,Tulsa,American Athletic,turnoversOpponent,16,2026-09-29T20:11:17Z
2020,UAB,Conference USA,firstDowns,145,2026-09-29T20:11:17Z
2020,UAB,Conference USA,firstDownsOpponent,143,2026-09-29T20:11:17Z
2020,UAB,Conference USA,fourthDownConversions,4,2026-09-29T20:11:17Z
2020,UAB,Conference USA,fourthDownConversionsOpponent,14,2026-09-29T20:11:17Z
2020,UAB,Conference USA,fourthDowns,7,2026-09-29T20:11:17Z
2020,UAB,Conference USA,fourthDownsOpponent,24,2026-09-29T20:11:17Z
2020,UAB,Conference USA,fumblesLost,7,2026-09-29T20:11:17Z
2020,UAB,Conference USA,fumblesLostOpponent,6,2026-09-29T20:11:17Z
2020,UAB,Conference USA,fumblesRecovered,6,2026-09-29T20:11:17Z
2020,UAB,Conference USA,fumblesRecoveredOpponent,7,2026-09-29T20:11:17Z
2020,UAB,Conference USA,games,9,2026-09-29T20:11:17Z
2020,UAB,Conference USA,interceptions,9,2026-09-29T20:11:17Z
2020,UAB,Conference USA,interceptionsOpponent,8,2026-09-29T20:11:17Z
2020,UAB,Conference USA,interceptionTDs,0,2026-09-29T20:11:17Z
2020,UAB,Conference USA,interceptionTDsOpponent,0,2026-09-29T20:11:17Z
2020,UAB,Conference USA,interceptionYards,75,2026-09-29T20:11:17Z
2020,UAB,Conference USA,interceptionYardsOpponent,133,2026-09-29T20:11:17Z
2020,UAB,Conference USA,kickReturns,13,2026-09-29T20:11:17Z
2020,UAB,Conference USA,kickReturnsOpponent,31,2026-09-29T20:11:17Z
2020,UAB,Conference USA,kickReturnTDs,0,2026-09-29T20:11:17Z
2020,UAB,Conference USA,kickReturnTDsOpponent,1,2026-09-29T20:11:17Z
2020,UAB,Conference USA,kickReturnYards,269,2026-09-29T20:11:17Z
2020,UAB,Conference USA,kickReturnYardsOpponent,753,2026-09-29T20:11:17Z
2020,UAB,Conference USA,netPassingYards,1812,2026-09-29T20:11:17Z
2020,UAB,Conference USA,netPassingYardsOpponent,1578,2026-09-29T20:11:17Z
2020,UAB,Conference USA,passAttempts,244,2026-09-29T20:11:17Z
2020,UAB,Conference USA,passAttemptsOpponent,284,2026-09-29T20:11:17Z
2020,UAB,Conference USA,passCompletions,136,2026-09-29T20:11:17Z
2020,UAB,Conference USA,passCompletionsOpponent,149,2026-09-29T20:11:17Z
2020,UAB,Conference USA,passesIntercepted,8,2026-09-29T20:11:17Z
2020,UAB,Conference USA,passesInterceptedOpponent,9,2026-09-29T20:11:17Z
2020,UAB,Conference USA,passingTDs,14,2026-09-29T20:11:17Z
2020,UAB,Conference USA,passingTDsOpponent,15,2026-09-29T20:11:17Z
2020,UAB,Conference USA,penalties,74,2026-09-29T20:11:17Z
2020,UAB,Conference USA,penaltiesOpponent,38,2026-09-29T20:11:17Z
2020,UAB,Conference USA,penaltyYards,676,2026-09-29T20:11:17Z
2020,UAB,Conference USA,penaltyYardsOpponent,367,2026-09-29T20:11:17Z
2020,UAB,Conference USA,possessionTime,15243,2026-09-29T20:11:17Z
2020,UAB,Conference USA,possessionTimeOpponent,14386,2026-09-29T20:11:17Z
2020,UAB,Conference USA,puntReturns,7,2026-09-29T20:11:17Z
2020,UAB,Conference USA,puntReturnsOpponent,12,2026-09-29T20:11:17Z
2020,UAB,Conference USA,puntReturnTDs,1,2026-09-29T20:11:17Z
2020,UAB,Conference USA,puntReturnTDsOpponent,0,2026-09-29T20:11:17Z
2020,UAB,Conference USA,puntReturnYards,75,2026-09-29T20:11:17Z
2020,UAB,Conference USA,puntReturnYardsOpponent,77,2026-09-29T20:11:17Z
2020,UAB,Conference USA,rushingAttempts,366,2026-09-29T20:11:17Z
2020,UAB,Conference USA,rushingAttemptsOpponent,311,2026-09-29T20:11:17Z
2020,UAB,Conference USA,rushingTDs,17,2026-09-29T20:11:17Z
2020,UAB,Conference USA,rushingTDsOpponent,5,2026-09-29T20:11:17Z
2020,UAB,Conference USA,rushingYards,1800,2026-09-29T20:11:17Z
2020,UAB,Conference USA,rushingYardsOpponent,1249,2026-09-29T20:11:17Z
2020,UAB,Conference USA,sacks,21,2026-09-29T20:11:17Z
2020,UAB,Conference USA,sacksOpponent,4,2026-09-29T20:11:17Z
2020,UAB,Conference USA,tacklesForLoss,59,2026-09-29T20:11:17Z
2020,UAB,Conference USA,tacklesForLossOpponent,44,2026-09-29T20:11:17Z
2020,UAB,Conference USA,thirdDownConversions,47,2026-09-29T20:11:17Z
2020,UAB,Conference USA,thirdDownConversionsOpponent,33,2026-09-29T20:11:17Z
2020,UAB,Conference USA,thirdDowns,115,2026-09-29T20:11:17Z
2020,UAB,Conference USA,thirdDownsOpponent,117,2026-09-29T20:11:17Z
2020,UAB,Conference USA,totalYards,3612,2026-09-29T20:11:17Z
2020,UAB,Conference USA,totalYardsOpponent,2827,2026-09-29T20:11:17Z
2020,UAB,Conference USA,turnovers,16,2026-09-29T20:11:17Z
2020,UAB,Conference USA,turnoversOpponent,14,2026-09-29T20:11:17Z
2020,UCF,American Athletic,firstDowns,281,2026-09-29T20:11:17Z
2020,UCF,American Athletic,firstDownsOpponent,276,2026-09-29T20:11:17Z
2020,UCF,American Athletic,fourthDownConversions,12,2026-09-29T20:11:17Z
2020,UCF,American Athletic,fourthDownConversionsOpponent,11,2026-09-29T20:11:17Z
2020,UCF,American Athletic,fourthDowns,22,2026-09-29T20:11:17Z
2020,UCF,American Athletic,fourthDownsOpponent,20,2026-09-29T20:11:17Z
2020,UCF,American Athletic,fumblesLost,6,2026-09-29T20:11:17Z
2020,UCF,American Athletic,fumblesLostOpponent,13,2026-09-29T20:11:17Z
2020,UCF,American Athletic,fumblesRecovered,13,2026-09-29T20:11:17Z
2020,UCF,American Athletic,fumblesRecoveredOpponent,6,2026-09-29T20:11:17Z
2020,UCF,American Athletic,games,10,2026-09-29T20:11:17Z
2020,UCF,American Athletic,interceptions,4,2026-09-29T20:11:17Z
2020,UCF,American Athletic,interceptionsOpponent,9,2026-09-29T20:11:17Z
2020,UCF,American Athletic,interceptionTDs,0,2026-09-29T20:11:17Z
2020,UCF,American Athletic,interceptionTDsOpponent,0,2026-09-29T20:11:17Z
2020,UCF,American Athletic,interceptionYards,56,2026-09-29T20:11:17Z
2020,UCF,American Athletic,interceptionYardsOpponent,36,2026-09-29T20:11:17Z
2020,UCF,American Athletic,kickReturns,20,2026-09-29T20:11:17Z
2020,UCF,American Athletic,kickReturnsOpponent,25,2026-09-29T20:11:17Z
2020,UCF,American Athletic,kickReturnTDs,0,2026-09-29T20:11:17Z
2020,UCF,American Athletic,kickReturnTDsOpponent,0,2026-09-29T20:11:17Z
2020,UCF,American Athletic,kickReturnYards,317,2026-09-29T20:11:17Z
2020,UCF,American Athletic,kickReturnYardsOpponent,571,2026-09-29T20:11:17Z
2020,UCF,American Athletic,netPassingYards,3521,2026-09-29T20:11:17Z
2020,UCF,American Athletic,netPassingYardsOpponent,2992,2026-09-29T20:11:17Z
2020,UCF,American Athletic,passAttempts,408,2026-09-29T20:11:17Z
2020,UCF,American Athletic,passAttemptsOpponent,350,2026-09-29T20:11:17Z
2020,UCF,American Athletic,passCompletions,244,2026-09-29T20:11:17Z
2020,UCF,American Athletic,passCompletionsOpponent,209,2026-09-29T20:11:17Z
2020,UCF,American Athletic,passesIntercepted,9,2026-09-29T20:11:17Z
2020,UCF,American Athletic,passesInterceptedOpponent,4,2026-09-29T20:11:17Z
2020,UCF,American Athletic,passingTDs,32,2026-09-29T20:11:17Z
2020,UCF,American Athletic,passingTDsOpponent,26,2026-09-29T20:11:17Z
2020,UCF,American Athletic,penalties,92,2026-09-29T20:11:17Z
2020,UCF,American Athletic,penaltiesOpponent,70,2026-09-29T20:11:17Z
2020,UCF,American Athletic,penaltyYards,750,2026-09-29T20:11:17Z
2020,UCF,American Athletic,penaltyYardsOpponent,593,2026-09-29T20:11:17Z
2020,UCF,American Athletic,possessionTime,16500,2026-09-29T20:11:17Z
2020,UCF,American Athletic,possessionTimeOpponent,19436,2026-09-29T20:11:17Z
2020,UCF,American Athletic,puntReturns,9,2026-09-29T20:11:17Z
2020,UCF,American Athletic,puntReturnsOpponent,11,2026-09-29T20:11:17Z
2020,UCF,American Athletic,puntReturnTDs,0,2026-09-29T20:11:17Z
2020,UCF,American Athletic,puntReturnTDsOpponent,0,2026-09-29T20:11:17Z
2020,UCF,American Athletic,puntReturnYards,53,2026-09-29T20:11:17Z
2020,UCF,American Athletic,puntReturnYardsOpponent,120,2026-09-29T20:11:17Z
2020,UCF,American Athletic,rushingAttempts,444,2026-09-29T20:11:17Z
2020,UCF,American Athletic,rushingAttemptsOpponent,442,2026-09-29T20:11:17Z
2020,UCF,American Athletic,rushingTDs,23,2026-09-29T20:11:17Z
2020,UCF,American Athletic,rushingTDsOpponent,17,2026-09-29T20:11:17Z
2020,UCF,American Athletic,rushingYards,2107,2026-09-29T20:11:17Z
2020,UCF,American Athletic,rushingYardsOpponent,1927,2026-09-29T20:11:17Z
2020,UCF,American Athletic,sacks,26,2026-09-29T20:11:17Z
2020,UCF,American Athletic,sacksOpponent,21,2026-09-29T20:11:17Z
2020,UCF,American Athletic,tacklesForLoss,71,2026-09-29T20:11:17Z
2020,UCF,American Athletic,tacklesForLossOpponent,58,2026-09-29T20:11:17Z
2020,UCF,American Athletic,thirdDownConversions,78,2026-09-29T20:11:17Z
2020,UCF,American Athletic,thirdDownConversionsOpponent,62,2026-09-29T20:11:17Z
2020,UCF,American Athletic,thirdDowns,158,2026-09-29T20:11:17Z
2020,UCF,American Athletic,thirdDownsOpponent,145,2026-09-29T20:11:17Z
2020,UCF,American Athletic,totalYards,5628,2026-09-29T20:11:17Z
2020,UCF,American Athletic,totalYardsOpponent,4919,2026-09-29T20:11:17Z
2020,UCF,American Athletic,turnovers,10,2026-09-29T20:11:17Z
2020,UCF,American Athletic,turnoversOpponent,22,2026-09-29T20:11:17Z
2020,UCLA,Pac-12,firstDowns,172,2026-09-29T20:11:17Z
2020,UCLA,Pac-12,firstDownsOpponent,156,2026-09-29T20:11:17Z
2020,UCLA,Pac-12,fourthDownConversions,7,2026-09-29T20:11:17Z
2020,UCLA,Pac-12,fourthDownConversionsOpponent,3,2026-09-29T20:11:17Z
2020,UCLA,Pac-12,fourthDowns,17,2026-09-29T20:11:17Z
2020,UCLA,Pac-12,fourthDownsOpponent,9,2026-09-29T20:11:17Z
2020,UCLA,Pac-12,fumblesLost,7,2026-09-29T20:11:17Z
2020,UCLA,Pac-12,fumblesLostOpponent,2,2026-09-29T20:11:17Z
2020,UCLA,Pac-12,fumblesRecovered,2,2026-09-29T20:11:17Z
2020,UCLA,Pac-12,fumblesRecoveredOpponent,7,2026-09-29T20:11:17Z
2020,UCLA,Pac-12,games,7,2026-09-29T20:11:17Z
2020,UCLA,Pac-12,interceptions,6,2026-09-29T20:11:17Z
2020,UCLA,Pac-12,interceptionsOpponent,9,2026-09-29T20:11:17Z
2020,UCLA,Pac-12,interceptionTDs,0,2026-09-29T20:11:17Z
2020,UCLA,Pac-12,interceptionTDsOpponent,1,2026-09-29T20:11:17Z
2020,UCLA,Pac-12,interceptionYards,55,2026-09-29T20:11:17Z
2020,UCLA,Pac-12,interceptionYardsOpponent,132,2026-09-29T20:11:17Z
2020,UCLA,Pac-12,kickReturns,10,2026-09-29T20:11:17Z
2020,UCLA,Pac-12,kickReturnsOpponent,17,2026-09-29T20:11:17Z
2020,UCLA,Pac-12,kickReturnTDs,0,2026-09-29T20:11:17Z
2020,UCLA,Pac-12,kickReturnTDsOpponent,0,2026-09-29T20:11:17Z
2020,UCLA,Pac-12,kickReturnYards,201,2026-09-29T20:11:17Z
2020,UCLA,Pac-12,kickReturnYardsOpponent,373,2026-09-29T20:11:17Z
2020,UCLA,Pac-12,netPassingYards,1571,2026-09-29T20:11:17Z
2020,UCLA,Pac-12,netPassingYardsOpponent,1919,2026-09-29T20:11:17Z
2020,UCLA,Pac-12,passAttempts,200,2026-09-29T20:11:17Z
2020,UCLA,Pac-12,passAttemptsOpponent,263,2026-09-29T20:11:17Z
2020,UCLA,Pac-12,passCompletions,130,2026-09-29T20:11:17Z
2020,UCLA,Pac-12,passCompletionsOpponent,161,2026-09-29T20:11:17Z
2020,UCLA,Pac-12,passesIntercepted,8,2026-09-29T20:11:17Z
2020,UCLA,Pac-12,passesInterceptedOpponent,6,2026-09-29T20:11:17Z
2020,UCLA,Pac-12,passingTDs,18,2026-09-29T20:11:17Z
2020,UCLA,Pac-12,passingTDsOpponent,13,2026-09-29T20:11:17Z
2020,UCLA,Pac-12,penalties,48,2026-09-29T20:11:17Z
2020,UCLA,Pac-12,penaltiesOpponent,50,2026-09-29T20:11:17Z
2020,UCLA,Pac-12,penaltyYards,374,2026-09-29T20:11:17Z
2020,UCLA,Pac-12,penaltyYardsOpponent,415,2026-09-29T20:11:17Z
2020,UCLA,Pac-12,possessionTime,12109,2026-09-29T20:11:17Z
2020,UCLA,Pac-12,possessionTimeOpponent,13072,2026-09-29T20:11:17Z
2020,UCLA,Pac-12,puntReturns,5,2026-09-29T20:11:17Z
2020,UCLA,Pac-12,puntReturnsOpponent,8,2026-09-29T20:11:17Z
2020,UCLA,Pac-12,puntReturnTDs,0,2026-09-29T20:11:17Z
2020,UCLA,Pac-12,puntReturnTDsOpponent,0,2026-09-29T20:11:17Z
2020,UCLA,Pac-12,puntReturnYards,49,2026-09-29T20:11:17Z
2020,UCLA,Pac-12,puntReturnYardsOpponent,60,2026-09-29T20:11:17Z
2020,UCLA,Pac-12,rushingAttempts,319,2026-09-29T20:11:17Z
2020,UCLA,Pac-12,rushingAttemptsOpponent,264,2026-09-29T20:11:17Z
2020,UCLA,Pac-12,rushingTDs,13,2026-09-29T20:11:17Z
2020,UCLA,Pac-12,rushingTDsOpponent,14,2026-09-29T20:11:17Z
2020,UCLA,Pac-12,rushingYards,1614,2026-09-29T20:11:17Z
2020,UCLA,Pac-12,rushingYardsOpponent,1014,2026-09-29T20:11:17Z
2020,UCLA,Pac-12,sacks,22,2026-09-29T20:11:17Z
2020,UCLA,Pac-12,sacksOpponent,12,2026-09-29T20:11:17Z
2020,UCLA,Pac-12,tacklesForLoss,46,2026-09-29T20:11:17Z
2020,UCLA,Pac-12,tacklesForLossOpponent,46,2026-09-29T20:11:17Z
2020,UCLA,Pac-12,thirdDownConversions,43,2026-09-29T20:11:17Z
2020,UCLA,Pac-12,thirdDownConversionsOpponent,49,2026-09-29T20:11:17Z
2020,UCLA,Pac-12,thirdDowns,96,2026-09-29T20:11:17Z
2020,UCLA,Pac-12,thirdDownsOpponent,106,2026-09-29T20:11:17Z
2020,UCLA,Pac-12,totalYards,3185,2026-09-29T20:11:17Z
2020,UCLA,Pac-12,totalYardsOpponent,2933,2026-09-29T20:11:17Z
2020,UCLA,Pac-12,turnovers,13,2026-09-29T20:11:17Z
2020,UCLA,Pac-12,turnoversOpponent,11,2026-09-29T20:11:17Z
2020,UL Monroe,Sun Belt,firstDowns,166,2026-09-29T20:11:17Z
2020,UL Monroe,Sun Belt,firstDownsOpponent,219,2026-09-29T20:11:17Z
2020,UL Monroe,Sun Belt,fourthDownConversions,17,2026-09-29T20:11:17Z
2020,UL Monroe,Sun Belt,fourthDownConversionsOpponent,13,2026-09-29T20:11:17Z
2020,UL Monroe,Sun Belt,fourthDowns,32,2026-09-29T20:11:17Z
2020,UL Monroe,Sun Belt,fourthDownsOpponent,19,2026-09-29T20:11:17Z
2020,UL Monroe,Sun Belt,fumblesLost,6,2026-09-29T20:11:17Z
2020,UL Monroe,Sun Belt,fumblesLostOpponent,6,2026-09-29T20:11:17Z
2020,UL Monroe,Sun Belt,fumblesRecovered,6,2026-09-29T20:11:17Z
2020,UL Monroe,Sun Belt,fumblesRecoveredOpponent,6,2026-09-29T20:11:17Z
2020,UL Monroe,Sun Belt,games,10,2026-09-29T20:11:17Z
2020,UL Monroe,Sun Belt,interceptions,12,2026-09-29T20:11:17Z
2020,UL Monroe,Sun Belt,interceptionsOpponent,4,2026-09-29T20:11:17Z
2020,UL Monroe,Sun Belt,interceptionTDs,0,2026-09-29T20:11:17Z
2020,UL Monroe,Sun Belt,interceptionTDsOpponent,3,2026-09-29T20:11:17Z
2020,UL Monroe,Sun Belt,interceptionYards,111,2026-09-29T20:11:17Z
2020,UL Monroe,Sun Belt,interceptionYardsOpponent,314,2026-09-29T20:11:17Z
2020,UL Monroe,Sun Belt,kickReturns,42,2026-09-29T20:11:17Z
2020,UL Monroe,Sun Belt,kickReturnsOpponent,18,2026-09-29T20:11:17Z
2020,UL Monroe,Sun Belt,kickReturnTDs,0,2026-09-29T20:11:17Z
2020,UL Monroe,Sun Belt,kickReturnTDsOpponent,0,2026-09-29T20:11:17Z
2020,UL Monroe,Sun Belt,kickReturnYards,758,2026-09-29T20:11:17Z
2020,UL Monroe,Sun Belt,kickReturnYardsOpponent,315,2026-09-29T20:11:17Z
2020,UL Monroe,Sun Belt,netPassingYards,2290,2026-09-29T20:11:17Z
2020,UL Monroe,Sun Belt,netPassingYardsOpponent,2153,2026-09-29T20:11:17Z
2020,UL Monroe,Sun Belt,passAttempts,383,2026-09-29T20:11:17Z
2020,UL Monroe,Sun Belt,passAttemptsOpponent,217,2026-09-29T20:11:17Z
2020,UL Monroe,Sun Belt,passCompletions,223,2026-09-29T20:11:17Z
2020,UL Monroe,Sun Belt,passCompletionsOpponent,126,2026-09-29T20:11:17Z
2020,UL Monroe,Sun Belt,passesIntercepted,4,2026-09-29T20:11:17Z
2020,UL Monroe,Sun Belt,passesInterceptedOpponent,12,2026-09-29T20:11:17Z
2020,UL Monroe,Sun Belt,passingTDs,14,2026-09-29T20:11:17Z
2020,UL Monroe,Sun Belt,passingTDsOpponent,20,2026-09-29T20:11:17Z
2020,UL Monroe,Sun Belt,penalties,48,2026-09-29T20:11:17Z
2020,UL Monroe,Sun Belt,penaltiesOpponent,53,2026-09-29T20:11:17Z
2020,UL Monroe,Sun Belt,penaltyYards,437,2026-09-29T20:11:17Z
2020,UL Monroe,Sun Belt,penaltyYardsOpponent,474,2026-09-29T20:11:17Z
2020,UL Monroe,Sun Belt,possessionTime,16347,2026-09-29T20:11:17Z
2020,UL Monroe,Sun Belt,possessionTimeOpponent,19544,2026-09-29T20:11:17Z
2020,UL Monroe,Sun Belt,puntReturns,6,2026-09-29T20:11:17Z
2020,UL Monroe,Sun Belt,puntReturnsOpponent,14,2026-09-29T20:11:17Z
2020,UL Monroe,Sun Belt,puntReturnTDs,0,2026-09-29T20:11:17Z
2020,UL Monroe,Sun Belt,puntReturnTDsOpponent,2,2026-09-29T20:11:17Z
2020,UL Monroe,Sun Belt,puntReturnYards,30,2026-09-29T20:11:17Z
2020,UL Monroe,Sun Belt,puntReturnYardsOpponent,171,2026-09-29T20:11:17Z
2020,UL Monroe,Sun Belt,rushingAttempts,249,2026-09-29T20:11:17Z
2020,UL Monroe,Sun Belt,rushingAttemptsOpponent,459,2026-09-29T20:11:17Z
2020,UL Monroe,Sun Belt,rushingTDs,8,2026-09-29T20:11:17Z
2020,UL Monroe,Sun Belt,rushingTDsOpponent,29,2026-09-29T20:11:17Z
2020,UL Monroe,Sun Belt,rushingYards,761,2026-09-29T20:11:17Z
2020,UL Monroe,Sun Belt,rushingYardsOpponent,2486,2026-09-29T20:11:17Z
2020,UL Monroe,Sun Belt,sacks,17,2026-09-29T20:11:17Z
2020,UL Monroe,Sun Belt,sacksOpponent,27,2026-09-29T20:11:17Z
2020,UL Monroe,Sun Belt,tacklesForLoss,53,2026-09-29T20:11:17Z
2020,UL Monroe,Sun Belt,tacklesForLossOpponent,52,2026-09-29T20:11:17Z
2020,UL Monroe,Sun Belt,thirdDownConversions,34,2026-09-29T20:11:17Z
2020,UL Monroe,Sun Belt,thirdDownConversionsOpponent,81,2026-09-29T20:11:17Z
2020,UL Monroe,Sun Belt,thirdDowns,133,2026-09-29T20:11:17Z
2020,UL Monroe,Sun Belt,thirdDownsOpponent,142,2026-09-29T20:11:17Z
2020,UL Monroe,Sun Belt,totalYards,3051,2026-09-29T20:11:17Z
2020,UL Monroe,Sun Belt,totalYardsOpponent,4639,2026-09-29T20:11:17Z
2020,UL Monroe,Sun Belt,turnovers,18,2026-09-29T20:11:17Z
2020,UL Monroe,Sun Belt,turnoversOpponent,10,2026-09-29T20:11:17Z
2020,UNLV,Mountain West,firstDowns,112,2026-09-29T20:11:17Z
2020,UNLV,Mountain West,firstDownsOpponent,136,2026-09-29T20:11:17Z
2020,UNLV,Mountain West,fourthDownConversions,10,2026-09-29T20:11:17Z
2020,UNLV,Mountain West,fourthDownConversionsOpponent,4,2026-09-29T20:11:17Z
2020,UNLV,Mountain West,fourthDowns,15,2026-09-29T20:11:17Z
2020,UNLV,Mountain West,fourthDownsOpponent,6,2026-09-29T20:11:17Z
2020,UNLV,Mountain West,fumblesLost,5,2026-09-29T20:11:17Z
2020,UNLV,Mountain West,fumblesLostOpponent,3,2026-09-29T20:11:17Z
2020,UNLV,Mountain West,fumblesRecovered,3,2026-09-29T20:11:17Z
2020,UNLV,Mountain West,fumblesRecoveredOpponent,5,2026-09-29T20:11:17Z
2020,UNLV,Mountain West,games,6,2026-09-29T20:11:17Z
2020,UNLV,Mountain West,interceptions,4,2026-09-29T20:11:17Z
2020,UNLV,Mountain West,interceptionsOpponent,2,2026-09-29T20:11:17Z
2020,UNLV,Mountain West,interceptionTDs,0,2026-09-29T20:11:17Z
2020,UNLV,Mountain West,interceptionTDsOpponent,0,2026-09-29T20:11:17Z
2020,UNLV,Mountain West,interceptionYards,23,2026-09-29T20:11:17Z
2020,UNLV,Mountain West,interceptionYardsOpponent,30,2026-09-29T20:11:17Z
2020,UNLV,Mountain West,kickReturns,21,2026-09-29T20:11:17Z
2020,UNLV,Mountain West,kickReturnsOpponent,18,2026-09-29T20:11:17Z
2020,UNLV,Mountain West,kickReturnTDs,0,2026-09-29T20:11:17Z
2020,UNLV,Mountain West,kickReturnTDsOpponent,0,2026-09-29T20:11:17Z
2020,UNLV,Mountain West,kickReturnYards,409,2026-09-29T20:11:17Z
2020,UNLV,Mountain West,kickReturnYardsOpponent,427,2026-09-29T20:11:17Z
2020,UNLV,Mountain West,netPassingYards,1115,2026-09-29T20:11:17Z
2020,UNLV,Mountain West,netPassingYardsOpponent,1363,2026-09-29T20:11:17Z
2020,UNLV,Mountain West,passAttempts,196,2026-09-29T20:11:17Z
2020,UNLV,Mountain West,passAttemptsOpponent,163,2026-09-29T20:11:17Z
2020,UNLV,Mountain West,passCompletions,115,2026-09-29T20:11:17Z
2020,UNLV,Mountain West,passCompletionsOpponent,99,2026-09-29T20:11:17Z
2020,UNLV,Mountain West,passesIntercepted,2,2026-09-29T20:11:17Z
2020,UNLV,Mountain West,passesInterceptedOpponent,4,2026-09-29T20:11:17Z
2020,UNLV,Mountain West,passingTDs,6,2026-09-29T20:11:17Z
2020,UNLV,Mountain West,passingTDsOpponent,6,2026-09-29T20:11:17Z
2020,UNLV,Mountain West,penalties,39,2026-09-29T20:11:17Z
2020,UNLV,Mountain West,penaltiesOpponent,41,2026-09-29T20:11:17Z
2020,UNLV,Mountain West,penaltyYards,324,2026-09-29T20:11:17Z
2020,UNLV,Mountain West,penaltyYardsOpponent,327,2026-09-29T20:11:17Z
2020,UNLV,Mountain West,possessionTime,10538,2026-09-29T20:11:17Z
2020,UNLV,Mountain West,possessionTimeOpponent,11053,2026-09-29T20:11:17Z
2020,UNLV,Mountain West,puntReturns,5,2026-09-29T20:11:17Z
2020,UNLV,Mountain West,puntReturnsOpponent,15,2026-09-29T20:11:17Z
2020,UNLV,Mountain West,puntReturnTDs,0,2026-09-29T20:11:17Z
2020,UNLV,Mountain West,puntReturnTDsOpponent,0,2026-09-29T20:11:17Z
2020,UNLV,Mountain West,puntReturnYards,39,2026-09-29T20:11:17Z
2020,UNLV,Mountain West,puntReturnYardsOpponent,74,2026-09-29T20:11:17Z
2020,UNLV,Mountain West,rushingAttempts,223,2026-09-29T20:11:17Z
2020,UNLV,Mountain West,rushingAttemptsOpponent,241,2026-09-29T20:11:17Z
2020,UNLV,Mountain West,rushingTDs,7,2026-09-29T20:11:17Z
2020,UNLV,Mountain West,rushingTDsOpponent,22,2026-09-29T20:11:17Z
2020,UNLV,Mountain West,rushingYards,841,2026-09-29T20:11:17Z
2020,UNLV,Mountain West,rushingYardsOpponent,1530,2026-09-29T20:11:17Z
2020,UNLV,Mountain West,sacks,14,2026-09-29T20:11:17Z
2020,UNLV,Mountain West,sacksOpponent,29,2026-09-29T20:11:17Z
2020,UNLV,Mountain West,tacklesForLoss,31,2026-09-29T20:11:17Z
2020,UNLV,Mountain West,tacklesForLossOpponent,58,2026-09-29T20:11:17Z
2020,UNLV,Mountain West,thirdDownConversions,34,2026-09-29T20:11:17Z
2020,UNLV,Mountain West,thirdDownConversionsOpponent,36,2026-09-29T20:11:17Z
2020,UNLV,Mountain West,thirdDowns,92,2026-09-29T20:11:17Z
2020,UNLV,Mountain West,thirdDownsOpponent,77,2026-09-29T20:11:17Z
2020,UNLV,Mountain West,totalYards,1956,2026-09-29T20:11:17Z
2020,UNLV,Mountain West,totalYardsOpponent,2893,2026-09-29T20:11:17Z
2020,UNLV,Mountain West,turnovers,9,2026-09-29T20:11:17Z
2020,UNLV,Mountain West,turnoversOpponent,5,2026-09-29T20:11:17Z
2020,USC,Pac-12,firstDowns,134,2026-09-29T20:11:17Z
2020,USC,Pac-12,firstDownsOpponent,126,2026-09-29T20:11:17Z
2020,USC,Pac-12,fourthDownConversions,10,2026-09-29T20:11:17Z
2020,USC,Pac-12,fourthDownConversionsOpponent,5,2026-09-29T20:11:17Z
2020,USC,Pac-12,fourthDowns,15,2026-09-29T20:11:17Z
2020,USC,Pac-12,fourthDownsOpponent,12,2026-09-29T20:11:17Z
2020,USC,Pac-12,fumblesLost,4,2026-09-29T20:11:17Z
2020,USC,Pac-12,fumblesLostOpponent,6,2026-09-29T20:11:17Z
2020,USC,Pac-12,fumblesRecovered,6,2026-09-29T20:11:17Z
2020,USC,Pac-12,fumblesRecoveredOpponent,4,2026-09-29T20:11:17Z
2020,USC,Pac-12,games,6,2026-09-29T20:11:17Z
2020,USC,Pac-12,interceptions,7,2026-09-29T20:11:17Z
2020,USC,Pac-12,interceptionsOpponent,9,2026-09-29T20:11:17Z
2020,USC,Pac-12,interceptionTDs,0,2026-09-29T20:11:17Z
2020,USC,Pac-12,interceptionTDsOpponent,0,2026-09-29T20:11:17Z
2020,USC,Pac-12,interceptionYards,141,2026-09-29T20:11:17Z
2020,USC,Pac-12,interceptionYardsOpponent,24,2026-09-29T20:11:17Z
2020,USC,Pac-12,kickReturns,13,2026-09-29T20:11:17Z
2020,USC,Pac-12,kickReturnsOpponent,6,2026-09-29T20:11:17Z
2020,USC,Pac-12,kickReturnTDs,0,2026-09-29T20:11:17Z
2020,USC,Pac-12,kickReturnTDsOpponent,0,2026-09-29T20:11:17Z
2020,USC,Pac-12,kickReturnYards,305,2026-09-29T20:11:17Z
2020,USC,Pac-12,kickReturnYardsOpponent,100,2026-09-29T20:11:17Z
2020,USC,Pac-12,netPassingYards,1916,2026-09-29T20:11:17Z
2020,USC,Pac-12,netPassingYardsOpponent,1298,2026-09-29T20:11:17Z
2020,USC,Pac-12,passAttempts,263,2026-09-29T20:11:17Z
2020,USC,Pac-12,passAttemptsOpponent,186,2026-09-29T20:11:17Z
2020,USC,Pac-12,passCompletions,178,2026-09-29T20:11:17Z
2020,USC,Pac-12,passCompletionsOpponent,120,2026-09-29T20:11:17Z
2020,USC,Pac-12,passesIntercepted,9,2026-09-29T20:11:17Z
2020,USC,Pac-12,passesInterceptedOpponent,7,2026-09-29T20:11:17Z
2020,USC,Pac-12,passingTDs,17,2026-09-29T20:11:17Z
2020,USC,Pac-12,passingTDsOpponent,14,2026-09-29T20:11:17Z
2020,USC,Pac-12,penalties,40,2026-09-29T20:11:17Z
2020,USC,Pac-12,penaltiesOpponent,32,2026-09-29T20:11:17Z
2020,USC,Pac-12,penaltyYards,431,2026-09-29T20:11:17Z
2020,USC,Pac-12,penaltyYardsOpponent,313,2026-09-29T20:11:17Z
2020,USC,Pac-12,possessionTime,10887,2026-09-29T20:11:17Z
2020,USC,Pac-12,possessionTimeOpponent,10706,2026-09-29T20:11:17Z
2020,USC,Pac-12,puntReturns,10,2026-09-29T20:11:17Z
2020,USC,Pac-12,puntReturnsOpponent,5,2026-09-29T20:11:17Z
2020,USC,Pac-12,puntReturnTDs,0,2026-09-29T20:11:17Z
2020,USC,Pac-12,puntReturnTDsOpponent,0,2026-09-29T20:11:17Z
2020,USC,Pac-12,puntReturnYards,43,2026-09-29T20:11:17Z
2020,USC,Pac-12,puntReturnYardsOpponent,61,2026-09-29T20:11:17Z
2020,USC,Pac-12,rushingAttempts,184,2026-09-29T20:11:17Z
2020,USC,Pac-12,rushingAttemptsOpponent,217,2026-09-29T20:11:17Z
2020,USC,Pac-12,rushingTDs,8,2026-09-29T20:11:17Z
2020,USC,Pac-12,rushingTDsOpponent,4,2026-09-29T20:11:17Z
2020,USC,Pac-12,rushingYards,584,2026-09-29T20:11:17Z
2020,USC,Pac-12,rushingYardsOpponent,921,2026-09-29T20:11:17Z
2020,USC,Pac-12,sacks,13,2026-09-29T20:11:17Z
2020,USC,Pac-12,sacksOpponent,12,2026-09-29T20:11:17Z
2020,USC,Pac-12,tacklesForLoss,34,2026-09-29T20:11:17Z
2020,USC,Pac-12,tacklesForLossOpponent,35,2026-09-29T20:11:17Z
2020,USC,Pac-12,thirdDownConversions,39,2026-09-29T20:11:17Z
2020,USC,Pac-12,thirdDownConversionsOpponent,31,2026-09-29T20:11:17Z
2020,USC,Pac-12,thirdDowns,89,2026-09-29T20:11:17Z
2020,USC,Pac-12,thirdDownsOpponent,79,2026-09-29T20:11:17Z
2020,USC,Pac-12,totalYards,2500,2026-09-29T20:11:17Z
2020,USC,Pac-12,totalYardsOpponent,2219,2026-09-29T20:11:17Z
2020,USC,Pac-12,turnovers,11,2026-09-29T20:11:17Z
2020,USC,Pac-12,turnoversOpponent,15,2026-09-29T20:11:17Z
2020,Utah,Pac-12,firstDowns,102,2026-09-29T20:11:17Z
2020,Utah,Pac-12,firstDownsOpponent,91,2026-09-29T20:11:17Z
2020,Utah,Pac-12,fourthDownConversions,5,2026-09-29T20:11:17Z
2020,Utah,Pac-12,fourthDownConversionsOpponent,2,2026-09-29T20:11:17Z
2020,Utah,Pac-12,fourthDowns,11,2026-09-29T20:11:17Z
2020,Utah,Pac-12,fourthDownsOpponent,10,2026-09-29T20:11:17Z
2020,Utah,Pac-12,fumblesLost,6,2026-09-29T20:11:17Z
2020,Utah,Pac-12,fumblesLostOpponent,6,2026-09-29T20:11:17Z
2020,Utah,Pac-12,fumblesRecovered,6,2026-09-29T20:11:17Z
2020,Utah,Pac-12,fumblesRecoveredOpponent,6,2026-09-29T20:11:17Z
2020,Utah,Pac-12,games,5,2026-09-29T20:11:17Z
2020,Utah,Pac-12,interceptions,7,2026-09-29T20:11:17Z
2020,Utah,Pac-12,interceptionsOpponent,7,2026-09-29T20:11:17Z
2020,Utah,Pac-12,interceptionTDs,1,2026-09-29T20:11:17Z
2020,Utah,Pac-12,interceptionTDsOpponent,0,2026-09-29T20:11:17Z
2020,Utah,Pac-12,interceptionYards,201,2026-09-29T20:11:17Z
2020,Utah,Pac-12,interceptionYardsOpponent,74,2026-09-29T20:11:17Z
2020,Utah,Pac-12,kickReturns,4,2026-09-29T20:11:17Z
2020,Utah,Pac-12,kickReturnsOpponent,17,2026-09-29T20:11:17Z
2020,Utah,Pac-12,kickReturnTDs,0,2026-09-29T20:11:17Z
2020,Utah,Pac-12,kickReturnTDsOpponent,0,2026-09-29T20:11:17Z
2020,Utah,Pac-12,kickReturnYards,113,2026-09-29T20:11:17Z
2020,Utah,Pac-12,kickReturnYardsOpponent,403,2026-09-29T20:11:17Z
2020,Utah,Pac-12,netPassingYards,1079,2026-09-29T20:11:17Z
2020,Utah,Pac-12,netPassingYardsOpponent,1286,2026-09-29T20:11:17Z
2020,Utah,Pac-12,passAttempts,156,2026-09-29T20:11:17Z
2020,Utah,Pac-12,passAttemptsOpponent,191,2026-09-29T20:11:17Z
2020,Utah,Pac-12,passCompletions,95,2026-09-29T20:11:17Z
2020,Utah,Pac-12,passCompletionsOpponent,110,2026-09-29T20:11:17Z
2020,Utah,Pac-12,passesIntercepted,7,2026-09-29T20:11:17Z
2020,Utah,Pac-12,passesInterceptedOpponent,7,2026-09-29T20:11:17Z
2020,Utah,Pac-12,passingTDs,6,2026-09-29T20:11:17Z
2020,Utah,Pac-12,passingTDsOpponent,8,2026-09-29T20:11:17Z
2020,Utah,Pac-12,penalties,26,2026-09-29T20:11:17Z
2020,Utah,Pac-12,penaltiesOpponent,29,2026-09-29T20:11:17Z
2020,Utah,Pac-12,penaltyYards,238,2026-09-29T20:11:17Z
2020,Utah,Pac-12,penaltyYardsOpponent,258,2026-09-29T20:11:17Z
2020,Utah,Pac-12,possessionTime,9978,2026-09-29T20:11:17Z
2020,Utah,Pac-12,possessionTimeOpponent,8001,2026-09-29T20:11:17Z
2020,Utah,Pac-12,puntReturns,9,2026-09-29T20:11:17Z
2020,Utah,Pac-12,puntReturnsOpponent,4,2026-09-29T20:11:17Z
2020,Utah,Pac-12,puntReturnTDs,1,2026-09-29T20:11:17Z
2020,Utah,Pac-12,puntReturnTDsOpponent,1,2026-09-29T20:11:17Z
2020,Utah,Pac-12,puntReturnYards,147,2026-09-29T20:11:17Z
2020,Utah,Pac-12,puntReturnYardsOpponent,92,2026-09-29T20:11:17Z
2020,Utah,Pac-12,rushingAttempts,190,2026-09-29T20:11:17Z
2020,Utah,Pac-12,rushingAttemptsOpponent,141,2026-09-29T20:11:17Z
2020,Utah,Pac-12,rushingTDs,9,2026-09-29T20:11:17Z
2020,Utah,Pac-12,rushingTDsOpponent,7,2026-09-29T20:11:17Z
2020,Utah,Pac-12,rushingYards,971,2026-09-29T20:11:17Z
2020,Utah,Pac-12,rushingYardsOpponent,539,2026-09-29T20:11:17Z
2020,Utah,Pac-12,sacks,7,2026-09-29T20:11:17Z
2020,Utah,Pac-12,sacksOpponent,4,2026-09-29T20:11:17Z
2020,Utah,Pac-12,tacklesForLoss,27,2026-09-29T20:11:17Z
2020,Utah,Pac-12,tacklesForLossOpponent,25,2026-09-29T20:11:17Z
2020,Utah,Pac-12,thirdDownConversions,26,2026-09-29T20:11:17Z
2020,Utah,Pac-12,thirdDownConversionsOpponent,23,2026-09-29T20:11:17Z
2020,Utah,Pac-12,thirdDowns,69,2026-09-29T20:11:17Z
2020,Utah,Pac-12,thirdDownsOpponent,67,2026-09-29T20:11:17Z
2020,Utah,Pac-12,totalYards,2050,2026-09-29T20:11:17Z
2020,Utah,Pac-12,totalYardsOpponent,1825,2026-09-29T20:11:17Z
2020,Utah,Pac-12,turnovers,13,2026-09-29T20:11:17Z
2020,Utah,Pac-12,turnoversOpponent,13,2026-09-29T20:11:17Z
2020,Utah State,Mountain West,firstDowns,82,2026-09-29T20:11:17Z
2020,Utah State,Mountain West,firstDownsOpponent,156,2026-09-29T20:11:17Z
2020,Utah State,Mountain West,fourthDownConversions,5,2026-09-29T20:11:17Z
2020,Utah State,Mountain West,fourthDownConversionsOpponent,11,2026-09-29T20:11:17Z
2020,Utah State,Mountain West,fourthDowns,10,2026-09-29T20:11:17Z
2020,Utah State,Mountain West,fourthDownsOpponent,14,2026-09-29T20:11:17Z
2020,Utah State,Mountain West,fumblesLost,5,2026-09-29T20:11:17Z
2020,Utah State,Mountain West,fumblesLostOpponent,2,2026-09-29T20:11:17Z
2020,Utah State,Mountain West,fumblesRecovered,2,2026-09-29T20:11:17Z
2020,Utah State,Mountain West,fumblesRecoveredOpponent,5,2026-09-29T20:11:17Z
2020,Utah State,Mountain West,games,6,2026-09-29T20:11:17Z
2020,Utah State,Mountain West,interceptions,4,2026-09-29T20:11:17Z
2020,Utah State,Mountain West,interceptionsOpponent,2,2026-09-29T20:11:17Z
2020,Utah State,Mountain West,interceptionTDs,0,2026-09-29T20:11:17Z
2020,Utah State,Mountain West,interceptionTDsOpponent,0,2026-09-29T20:11:17Z
2020,Utah State,Mountain West,interceptionYards,11,2026-09-29T20:11:17Z
2020,Utah State,Mountain West,interceptionYardsOpponent,14,2026-09-29T20:11:17Z
2020,Utah State,Mountain West,kickReturns,23,2026-09-29T20:11:17Z
2020,Utah State,Mountain West,kickReturnsOpponent,14,2026-09-29T20:11:17Z
2020,Utah State,Mountain West,kickReturnTDs,1,2026-09-29T20:11:17Z
2020,Utah State,Mountain West,kickReturnTDsOpponent,0,2026-09-29T20:11:17Z
2020,Utah State,Mountain West,kickReturnYards,564,2026-09-29T20:11:17Z
2020,Utah State,Mountain West,kickReturnYardsOpponent,243,2026-09-29T20:11:17Z
2020,Utah State,Mountain West,netPassingYards,815,2026-09-29T20:11:17Z
2020,Utah State,Mountain West,netPassingYardsOpponent,1564,2026-09-29T20:11:17Z
2020,Utah State,Mountain West,passAttempts,169,2026-09-29T20:11:17Z
2020,Utah State,Mountain West,passAttemptsOpponent,192,2026-09-29T20:11:17Z
2020,Utah State,Mountain West,passCompletions,89,2026-09-29T20:11:17Z
2020,Utah State,Mountain West,passCompletionsOpponent,130,2026-09-29T20:11:17Z
2020,Utah State,Mountain West,passesIntercepted,2,2026-09-29T20:11:17Z
2020,Utah State,Mountain West,passesInterceptedOpponent,3,2026-09-29T20:11:17Z
2020,Utah State,Mountain West,passingTDs,6,2026-09-29T20:11:17Z
2020,Utah State,Mountain West,passingTDsOpponent,14,2026-09-29T20:11:17Z
2020,Utah State,Mountain West,penalties,32,2026-09-29T20:11:17Z
2020,Utah State,Mountain West,penaltiesOpponent,37,2026-09-29T20:11:17Z
2020,Utah State,Mountain West,penaltyYards,284,2026-09-29T20:11:17Z
2020,Utah State,Mountain West,penaltyYardsOpponent,328,2026-09-29T20:11:17Z
2020,Utah State,Mountain West,possessionTime,9065,2026-09-29T20:11:17Z
2020,Utah State,Mountain West,possessionTimeOpponent,12190,2026-09-29T20:11:17Z
2020,Utah State,Mountain West,puntReturns,5,2026-09-29T20:11:17Z
2020,Utah State,Mountain West,puntReturnsOpponent,9,2026-09-29T20:11:17Z
2020,Utah State,Mountain West,puntReturnTDs,0,2026-09-29T20:11:17Z
2020,Utah State,Mountain West,puntReturnTDsOpponent,0,2026-09-29T20:11:17Z
2020,Utah State,Mountain West,puntReturnYards,22,2026-09-29T20:11:17Z
2020,Utah State,Mountain West,puntReturnYardsOpponent,13,2026-09-29T20:11:17Z
2020,Utah State,Mountain West,rushingAttempts,192,2026-09-29T20:11:17Z
2020,Utah State,Mountain West,rushingAttemptsOpponent,252,2026-09-29T20:11:17Z
2020,Utah State,Mountain West,rushingTDs,4,2026-09-29T20:11:17Z
2020,Utah State,Mountain West,rushingTDsOpponent,14,2026-09-29T20:11:17Z
2020,Utah State,Mountain West,rushingYards,840,2026-09-29T20:11:17Z
2020,Utah State,Mountain West,rushingYardsOpponent,1348,2026-09-29T20:11:17Z
2020,Utah State,Mountain West,sacks,16,2026-09-29T20:11:17Z
2020,Utah State,Mountain West,sacksOpponent,14,2026-09-29T20:11:17Z
2020,Utah State,Mountain West,tacklesForLoss,38,2026-09-29T20:11:17Z
2020,Utah State,Mountain West,tacklesForLossOpponent,28,2026-09-29T20:11:17Z
2020,Utah State,Mountain West,thirdDownConversions,35,2026-09-29T20:11:17Z
2020,Utah State,Mountain West,thirdDownConversionsOpponent,38,2026-09-29T20:11:17Z
2020,Utah State,Mountain West,thirdDowns,91,2026-09-29T20:11:17Z
2020,Utah State,Mountain West,thirdDownsOpponent,82,2026-09-29T20:11:17Z
2020,Utah State,Mountain West,totalYards,1655,2026-09-29T20:11:17Z
2020,Utah State,Mountain West,totalYardsOpponent,2912,2026-09-29T20:11:17Z
2020,Utah State,Mountain West,turnovers,9,2026-09-29T20:11:17Z
2020,Utah State,Mountain West,turnoversOpponent,4,2026-09-29T20:11:17Z
2020,UTEP,Conference USA,firstDowns,149,2026-09-29T20:11:17Z
2020,UTEP,Conference USA,firstDownsOpponent,149,2026-09-29T20:11:17Z
2020,UTEP,Conference USA,fourthDownConversions,6,2026-09-29T20:11:17Z
2020,UTEP,Conference USA,fourthDownConversionsOpponent,7,2026-09-29T20:11:17Z
2020,UTEP,Conference USA,fourthDowns,13,2026-09-29T20:11:17Z
2020,UTEP,Conference USA,fourthDownsOpponent,11,2026-09-29T20:11:17Z
2020,UTEP,Conference USA,fumblesLost,6,2026-09-29T20:11:17Z
2020,UTEP,Conference USA,fumblesLostOpponent,6,2026-09-29T20:11:17Z
2020,UTEP,Conference USA,fumblesRecovered,6,2026-09-29T20:11:17Z
2020,UTEP,Conference USA,fumblesRecoveredOpponent,6,2026-09-29T20:11:17Z
2020,UTEP,Conference USA,games,8,2026-09-29T20:11:17Z
2020,UTEP,Conference USA,interceptions,9,2026-09-29T20:11:17Z
2020,UTEP,Conference USA,interceptionsOpponent,2,2026-09-29T20:11:17Z
2020,UTEP,Conference USA,interceptionTDs,0,2026-09-29T20:11:17Z
2020,UTEP,Conference USA,interceptionTDsOpponent,0,2026-09-29T20:11:17Z
2020,UTEP,Conference USA,interceptionYards,8,2026-09-29T20:11:17Z
2020,UTEP,Conference USA,interceptionYardsOpponent,49,2026-09-29T20:11:17Z
2020,UTEP,Conference USA,kickReturns,26,2026-09-29T20:11:17Z
2020,UTEP,Conference USA,kickReturnsOpponent,22,2026-09-29T20:11:17Z
2020,UTEP,Conference USA,kickReturnTDs,1,2026-09-29T20:11:17Z
2020,UTEP,Conference USA,kickReturnTDsOpponent,0,2026-09-29T20:11:17Z
2020,UTEP,Conference USA,kickReturnYards,668,2026-09-29T20:11:17Z
2020,UTEP,Conference USA,kickReturnYardsOpponent,464,2026-09-29T20:11:17Z
2020,UTEP,Conference USA,netPassingYards,1674,2026-09-29T20:11:17Z
2020,UTEP,Conference USA,netPassingYardsOpponent,1922,2026-09-29T20:11:17Z
2020,UTEP,Conference USA,passAttempts,239,2026-09-29T20:11:17Z
2020,UTEP,Conference USA,passAttemptsOpponent,224,2026-09-29T20:11:17Z
2020,UTEP,Conference USA,passCompletions,126,2026-09-29T20:11:17Z
2020,UTEP,Conference USA,passCompletionsOpponent,142,2026-09-29T20:11:17Z
2020,UTEP,Conference USA,passesIntercepted,2,2026-09-29T20:11:17Z
2020,UTEP,Conference USA,passesInterceptedOpponent,9,2026-09-29T20:11:17Z
2020,UTEP,Conference USA,passingTDs,7,2026-09-29T20:11:17Z
2020,UTEP,Conference USA,passingTDsOpponent,19,2026-09-29T20:11:17Z
2020,UTEP,Conference USA,penalties,57,2026-09-29T20:11:17Z
2020,UTEP,Conference USA,penaltiesOpponent,49,2026-09-29T20:11:17Z
2020,UTEP,Conference USA,penaltyYards,519,2026-09-29T20:11:17Z
2020,UTEP,Conference USA,penaltyYardsOpponent,473,2026-09-29T20:11:17Z
2020,UTEP,Conference USA,possessionTime,15691,2026-09-29T20:11:17Z
2020,UTEP,Conference USA,possessionTimeOpponent,13039,2026-09-29T20:11:17Z
2020,UTEP,Conference USA,puntReturns,7,2026-09-29T20:11:17Z
2020,UTEP,Conference USA,puntReturnsOpponent,6,2026-09-29T20:11:17Z
2020,UTEP,Conference USA,puntReturnTDs,0,2026-09-29T20:11:17Z
2020,UTEP,Conference USA,puntReturnTDsOpponent,0,2026-09-29T20:11:17Z
2020,UTEP,Conference USA,puntReturnYards,23,2026-09-29T20:11:17Z
2020,UTEP,Conference USA,puntReturnYardsOpponent,55,2026-09-29T20:11:17Z
2020,UTEP,Conference USA,rushingAttempts,299,2026-09-29T20:11:17Z
2020,UTEP,Conference USA,rushingAttemptsOpponent,273,2026-09-29T20:11:17Z
2020,UTEP,Conference USA,rushingTDs,16,2026-09-29T20:11:17Z
2020,UTEP,Conference USA,rushingTDsOpponent,14,2026-09-29T20:11:17Z
2020,UTEP,Conference USA,rushingYards,1121,2026-09-29T20:11:17Z
2020,UTEP,Conference USA,rushingYardsOpponent,1129,2026-09-29T20:11:17Z
2020,UTEP,Conference USA,sacks,12,2026-09-29T20:11:17Z
2020,UTEP,Conference USA,sacksOpponent,12,2026-09-29T20:11:17Z
2020,UTEP,Conference USA,tacklesForLoss,47,2026-09-29T20:11:17Z
2020,UTEP,Conference USA,tacklesForLossOpponent,36,2026-09-29T20:11:17Z
2020,UTEP,Conference USA,thirdDownConversions,48,2026-09-29T20:11:17Z
2020,UTEP,Conference USA,thirdDownConversionsOpponent,37,2026-09-29T20:11:17Z
2020,UTEP,Conference USA,thirdDowns,109,2026-09-29T20:11:17Z
2020,UTEP,Conference USA,thirdDownsOpponent,95,2026-09-29T20:11:17Z
2020,UTEP,Conference USA,totalYards,2795,2026-09-29T20:11:17Z
2020,UTEP,Conference USA,totalYardsOpponent,3051,2026-09-29T20:11:17Z
2020,UTEP,Conference USA,turnovers,15,2026-09-29T20:11:17Z
2020,UTEP,Conference USA,turnoversOpponent,8,2026-09-29T20:11:17Z
2020,UTSA,Conference USA,firstDowns,262,2026-09-29T20:11:17Z
2020,UTSA,Conference USA,firstDownsOpponent,242,2026-09-29T20:11:17Z
2020,UTSA,Conference USA,fourthDownConversions,10,2026-09-29T20:11:17Z
2020,UTSA,Conference USA,fourthDownConversionsOpponent,9,2026-09-29T20:11:17Z
2020,UTSA,Conference USA,fourthDowns,19,2026-09-29T20:11:17Z
2020,UTSA,Conference USA,fourthDownsOpponent,17,2026-09-29T20:11:17Z
2020,UTSA,Conference USA,fumblesLost,4,2026-09-29T20:11:17Z
2020,UTSA,Conference USA,fumblesLostOpponent,8,2026-09-29T20:11:17Z
2020,UTSA,Conference USA,fumblesRecovered,8,2026-09-29T20:11:17Z
2020,UTSA,Conference USA,fumblesRecoveredOpponent,4,2026-09-29T20:11:17Z
2020,UTSA,Conference USA,games,12,2026-09-29T20:11:17Z
2020,UTSA,Conference USA,interceptions,8,2026-09-29T20:11:17Z
2020,UTSA,Conference USA,interceptionsOpponent,11,2026-09-29T20:11:17Z
2020,UTSA,Conference USA,interceptionTDs,1,2026-09-29T20:11:17Z
2020,UTSA,Conference USA,interceptionTDsOpponent,1,2026-09-29T20:11:17Z
2020,UTSA,Conference USA,interceptionYards,147,2026-09-29T20:11:17Z
2020,UTSA,Conference USA,interceptionYardsOpponent,80,2026-09-29T20:11:17Z
2020,UTSA,Conference USA,kickReturns,29,2026-09-29T20:11:17Z
2020,UTSA,Conference USA,kickReturnsOpponent,33,2026-09-29T20:11:17Z
2020,UTSA,Conference USA,kickReturnTDs,0,2026-09-29T20:11:17Z
2020,UTSA,Conference USA,kickReturnTDsOpponent,0,2026-09-29T20:11:17Z
2020,UTSA,Conference USA,kickReturnYards,508,2026-09-29T20:11:17Z
2020,UTSA,Conference USA,kickReturnYardsOpponent,670,2026-09-29T20:11:17Z
2020,UTSA,Conference USA,netPassingYards,2399,2026-09-29T20:11:17Z
2020,UTSA,Conference USA,netPassingYardsOpponent,2655,2026-09-29T20:11:17Z
2020,UTSA,Conference USA,passAttempts,370,2026-09-29T20:11:17Z
2020,UTSA,Conference USA,passAttemptsOpponent,360,2026-09-29T20:11:17Z
2020,UTSA,Conference USA,passCompletions,222,2026-09-29T20:11:17Z
2020,UTSA,Conference USA,passCompletionsOpponent,219,2026-09-29T20:11:17Z
2020,UTSA,Conference USA,passesIntercepted,11,2026-09-29T20:11:17Z
2020,UTSA,Conference USA,passesInterceptedOpponent,8,2026-09-29T20:11:17Z
2020,UTSA,Conference USA,passingTDs,16,2026-09-29T20:11:17Z
2020,UTSA,Conference USA,passingTDsOpponent,22,2026-09-29T20:11:17Z
2020,UTSA,Conference USA,penalties,84,2026-09-29T20:11:17Z
2020,UTSA,Conference USA,penaltiesOpponent,71,2026-09-29T20:11:17Z
2020,UTSA,Conference USA,penaltyYards,803,2026-09-29T20:11:17Z
2020,UTSA,Conference USA,penaltyYardsOpponent,659,2026-09-29T20:11:17Z
2020,UTSA,Conference USA,possessionTime,21272,2026-09-29T20:11:17Z
2020,UTSA,Conference USA,possessionTimeOpponent,21842,2026-09-29T20:11:17Z
2020,UTSA,Conference USA,puntReturns,21,2026-09-29T20:11:17Z
2020,UTSA,Conference USA,puntReturnsOpponent,17,2026-09-29T20:11:17Z
2020,UTSA,Conference USA,puntReturnTDs,0,2026-09-29T20:11:17Z
2020,UTSA,Conference USA,puntReturnTDsOpponent,1,2026-09-29T20:11:17Z
2020,UTSA,Conference USA,puntReturnYards,66,2026-09-29T20:11:17Z
2020,UTSA,Conference USA,puntReturnYardsOpponent,266,2026-09-29T20:11:17Z
2020,UTSA,Conference USA,rushingAttempts,496,2026-09-29T20:11:17Z
2020,UTSA,Conference USA,rushingAttemptsOpponent,457,2026-09-29T20:11:17Z
2020,UTSA,Conference USA,rushingTDs,24,2026-09-29T20:11:17Z
2020,UTSA,Conference USA,rushingTDsOpponent,16,2026-09-29T20:11:17Z
2020,UTSA,Conference USA,rushingYards,2585,2026-09-29T20:11:17Z
2020,UTSA,Conference USA,rushingYardsOpponent,1947,2026-09-29T20:11:17Z
2020,UTSA,Conference USA,sacks,25,2026-09-29T20:11:17Z
2020,UTSA,Conference USA,sacksOpponent,22,2026-09-29T20:11:17Z
2020,UTSA,Conference USA,tacklesForLoss,85,2026-09-29T20:11:17Z
2020,UTSA,Conference USA,tacklesForLossOpponent,64,2026-09-29T20:11:17Z
2020,UTSA,Conference USA,thirdDownConversions,78,2026-09-29T20:11:17Z
2020,UTSA,Conference USA,thirdDownConversionsOpponent,66,2026-09-29T20:11:17Z
2020,UTSA,Conference USA,thirdDowns,179,2026-09-29T20:11:17Z
2020,UTSA,Conference USA,thirdDownsOpponent,165,2026-09-29T20:11:17Z
2020,UTSA,Conference USA,totalYards,4984,2026-09-29T20:11:17Z
2020,UTSA,Conference USA,totalYardsOpponent,4602,2026-09-29T20:11:17Z
2020,UTSA,Conference USA,turnovers,12,2026-09-29T20:11:17Z
2020,UTSA,Conference USA,turnoversOpponent,19,2026-09-29T20:11:17Z
2020,Vanderbilt,SEC,firstDowns,180,2026-09-29T20:11:17Z
2020,Vanderbilt,SEC,firstDownsOpponent,219,2026-09-29T20:11:17Z
2020,Vanderbilt,SEC,fourthDownConversions,12,2026-09-29T20:11:17Z
2020,Vanderbilt,SEC,fourthDownConversionsOpponent,6,2026-09-29T20:11:17Z
2020,Vanderbilt,SEC,fourthDowns,20,2026-09-29T20:11:17Z
2020,Vanderbilt,SEC,fourthDownsOpponent,10,2026-09-29T20:11:17Z
2020,Vanderbilt,SEC,fumblesLost,6,2026-09-29T20:11:17Z
2020,Vanderbilt,SEC,fumblesLostOpponent,7,2026-09-29T20:11:17Z
2020,Vanderbilt,SEC,fumblesRecovered,8,2026-09-29T20:11:17Z
2020,Vanderbilt,SEC,fumblesRecoveredOpponent,6,2026-09-29T20:11:17Z
2020,Vanderbilt,SEC,games,9,2026-09-29T20:11:17Z
2020,Vanderbilt,SEC,interceptions,11,2026-09-29T20:11:17Z
2020,Vanderbilt,SEC,interceptionsOpponent,2,2026-09-29T20:11:17Z
2020,Vanderbilt,SEC,interceptionTDs,0,2026-09-29T20:11:17Z
2020,Vanderbilt,SEC,interceptionTDsOpponent,1,2026-09-29T20:11:17Z
2020,Vanderbilt,SEC,interceptionYards,32,2026-09-29T20:11:17Z
2020,Vanderbilt,SEC,interceptionYardsOpponent,150,2026-09-29T20:11:17Z
2020,Vanderbilt,SEC,kickReturns,20,2026-09-29T20:11:17Z
2020,Vanderbilt,SEC,kickReturnsOpponent,14,2026-09-29T20:11:17Z
2020,Vanderbilt,SEC,kickReturnTDs,0,2026-09-29T20:11:17Z
2020,Vanderbilt,SEC,kickReturnTDsOpponent,0,2026-09-29T20:11:17Z
2020,Vanderbilt,SEC,kickReturnYards,336,2026-09-29T20:11:17Z
2020,Vanderbilt,SEC,kickReturnYardsOpponent,265,2026-09-29T20:11:17Z
2020,Vanderbilt,SEC,netPassingYards,1979,2026-09-29T20:11:17Z
2020,Vanderbilt,SEC,netPassingYardsOpponent,2668,2026-09-29T20:11:17Z
2020,Vanderbilt,SEC,passAttempts,300,2026-09-29T20:11:17Z
2020,Vanderbilt,SEC,passAttemptsOpponent,301,2026-09-29T20:11:17Z
2020,Vanderbilt,SEC,passCompletions,192,2026-09-29T20:11:17Z
2020,Vanderbilt,SEC,passCompletionsOpponent,221,2026-09-29T20:11:17Z
2020,Vanderbilt,SEC,passesIntercepted,2,2026-09-29T20:11:17Z
2020,Vanderbilt,SEC,passesInterceptedOpponent,12,2026-09-29T20:11:17Z
2020,Vanderbilt,SEC,passingTDs,13,2026-09-29T20:11:17Z
2020,Vanderbilt,SEC,passingTDsOpponent,24,2026-09-29T20:11:17Z
2020,Vanderbilt,SEC,penalties,42,2026-09-29T20:11:17Z
2020,Vanderbilt,SEC,penaltiesOpponent,58,2026-09-29T20:11:17Z
2020,Vanderbilt,SEC,penaltyYards,343,2026-09-29T20:11:17Z
2020,Vanderbilt,SEC,penaltyYardsOpponent,496,2026-09-29T20:11:17Z
2020,Vanderbilt,SEC,possessionTime,16028,2026-09-29T20:11:17Z
2020,Vanderbilt,SEC,possessionTimeOpponent,15947,2026-09-29T20:11:17Z
2020,Vanderbilt,SEC,puntReturns,5,2026-09-29T20:11:17Z
2020,Vanderbilt,SEC,puntReturnsOpponent,16,2026-09-29T20:11:17Z
2020,Vanderbilt,SEC,puntReturnTDs,0,2026-09-29T20:11:17Z
2020,Vanderbilt,SEC,puntReturnTDsOpponent,0,2026-09-29T20:11:17Z
2020,Vanderbilt,SEC,puntReturnYards,46,2026-09-29T20:11:17Z
2020,Vanderbilt,SEC,puntReturnYardsOpponent,201,2026-09-29T20:11:17Z
2020,Vanderbilt,SEC,rushingAttempts,330,2026-09-29T20:11:17Z
2020,Vanderbilt,SEC,rushingAttemptsOpponent,298,2026-09-29T20:11:17Z
2020,Vanderbilt,SEC,rushingTDs,4,2026-09-29T20:11:17Z
2020,Vanderbilt,SEC,rushingTDsOpponent,16,2026-09-29T20:11:17Z
2020,Vanderbilt,SEC,rushingYards,980,2026-09-29T20:11:17Z
2020,Vanderbilt,SEC,rushingYardsOpponent,1714,2026-09-29T20:11:17Z
2020,Vanderbilt,SEC,sacks,13,2026-09-29T20:11:17Z
2020,Vanderbilt,SEC,sacksOpponent,19,2026-09-29T20:11:17Z
2020,Vanderbilt,SEC,tacklesForLoss,33,2026-09-29T20:11:17Z
2020,Vanderbilt,SEC,tacklesForLossOpponent,62,2026-09-29T20:11:17Z
2020,Vanderbilt,SEC,thirdDownConversions,55,2026-09-29T20:11:17Z
2020,Vanderbilt,SEC,thirdDownConversionsOpponent,43,2026-09-29T20:11:17Z
2020,Vanderbilt,SEC,thirdDowns,139,2026-09-29T20:11:17Z
2020,Vanderbilt,SEC,thirdDownsOpponent,97,2026-09-29T20:11:17Z
2020,Vanderbilt,SEC,totalYards,2959,2026-09-29T20:11:17Z
2020,Vanderbilt,SEC,totalYardsOpponent,4382,2026-09-29T20:11:17Z
2020,Vanderbilt,SEC,turnovers,17,2026-09-29T20:11:17Z
2020,Vanderbilt,SEC,turnoversOpponent,9,2026-09-29T20:11:17Z
2020,Virginia,ACC,firstDowns,236,2026-09-29T20:11:17Z
2020,Virginia,ACC,firstDownsOpponent,204,2026-09-29T20:11:17Z
2020,Virginia,ACC,fourthDownConversions,16,2026-09-29T20:11:17Z
2020,Virginia,ACC,fourthDownConversionsOpponent,5,2026-09-29T20:11:17Z
2020,Virginia,ACC,fourthDowns,25,2026-09-29T20:11:17Z
2020,Virginia,ACC,fourthDownsOpponent,15,2026-09-29T20:11:17Z
2020,Virginia,ACC,fumblesLost,5,2026-09-29T20:11:17Z
2020,Virginia,ACC,fumblesLostOpponent,7,2026-09-29T20:11:17Z
2020,Virginia,ACC,fumblesRecovered,7,2026-09-29T20:11:17Z
2020,Virginia,ACC,fumblesRecoveredOpponent,5,2026-09-29T20:11:17Z
2020,Virginia,ACC,games,10,2026-09-29T20:11:17Z
2020,Virginia,ACC,interceptions,14,2026-09-29T20:11:17Z
2020,Virginia,ACC,interceptionsOpponent,11,2026-09-29T20:11:17Z
2020,Virginia,ACC,interceptionTDs,2,2026-09-29T20:11:17Z
2020,Virginia,ACC,interceptionTDsOpponent,1,2026-09-29T20:11:17Z
2020,Virginia,ACC,interceptionYards,175,2026-09-29T20:11:17Z
2020,Virginia,ACC,interceptionYardsOpponent,80,2026-09-29T20:11:17Z
2020,Virginia,ACC,kickReturns,23,2026-09-29T20:11:17Z
2020,Virginia,ACC,kickReturnsOpponent,16,2026-09-29T20:11:17Z
2020,Virginia,ACC,kickReturnTDs,0,2026-09-29T20:11:17Z
2020,Virginia,ACC,kickReturnTDsOpponent,0,2026-09-29T20:11:17Z
2020,Virginia,ACC,kickReturnYards,533,2026-09-29T20:11:17Z
2020,Virginia,ACC,kickReturnYardsOpponent,316,2026-09-29T20:11:17Z
2020,Virginia,ACC,netPassingYards,2605,2026-09-29T20:11:17Z
2020,Virginia,ACC,netPassingYardsOpponent,3044,2026-09-29T20:11:17Z
2020,Virginia,ACC,passAttempts,379,2026-09-29T20:11:17Z
2020,Virginia,ACC,passAttemptsOpponent,323,2026-09-29T20:11:17Z
2020,Virginia,ACC,passCompletions,221,2026-09-29T20:11:17Z
2020,Virginia,ACC,passCompletionsOpponent,203,2026-09-29T20:11:17Z
2020,Virginia,ACC,passesIntercepted,11,2026-09-29T20:11:17Z
2020,Virginia,ACC,passesInterceptedOpponent,14,2026-09-29T20:11:17Z
2020,Virginia,ACC,passingTDs,22,2026-09-29T20:11:17Z
2020,Virginia,ACC,passingTDsOpponent,19,2026-09-29T20:11:17Z
2020,Virginia,ACC,penalties,53,2026-09-29T20:11:17Z
2020,Virginia,ACC,penaltiesOpponent,79,2026-09-29T20:11:17Z
2020,Virginia,ACC,penaltyYards,483,2026-09-29T20:11:17Z
2020,Virginia,ACC,penaltyYardsOpponent,667,2026-09-29T20:11:17Z
2020,Virginia,ACC,possessionTime,18644,2026-09-29T20:11:17Z
2020,Virginia,ACC,possessionTimeOpponent,18256,2026-09-29T20:11:17Z
2020,Virginia,ACC,puntReturns,14,2026-09-29T20:11:17Z
2020,Virginia,ACC,puntReturnsOpponent,12,2026-09-29T20:11:17Z
2020,Virginia,ACC,puntReturnTDs,0,2026-09-29T20:11:17Z
2020,Virginia,ACC,puntReturnTDsOpponent,0,2026-09-29T20:11:17Z
2020,Virginia,ACC,puntReturnYards,71,2026-09-29T20:11:17Z
2020,Virginia,ACC,puntReturnYardsOpponent,142,2026-09-29T20:11:17Z
2020,Virginia,ACC,rushingAttempts,366,2026-09-29T20:11:17Z
2020,Virginia,ACC,rushingAttemptsOpponent,369,2026-09-29T20:11:17Z
2020,Virginia,ACC,rushingTDs,16,2026-09-29T20:11:17Z
2020,Virginia,ACC,rushingTDsOpponent,14,2026-09-29T20:11:17Z
2020,Virginia,ACC,rushingYards,1629,2026-09-29T20:11:17Z
2020,Virginia,ACC,rushingYardsOpponent,1386,2026-09-29T20:11:17Z
2020,Virginia,ACC,sacks,32,2026-09-29T20:11:17Z
2020,Virginia,ACC,sacksOpponent,20,2026-09-29T20:11:17Z
2020,Virginia,ACC,tacklesForLoss,72,2026-09-29T20:11:17Z
2020,Virginia,ACC,tacklesForLossOpponent,42,2026-09-29T20:11:17Z
2020,Virginia,ACC,thirdDownConversions,53,2026-09-29T20:11:17Z
2020,Virginia,ACC,thirdDownConversionsOpponent,60,2026-09-29T20:11:17Z
2020,Virginia,ACC,thirdDowns,143,2026-09-29T20:11:17Z
2020,Virginia,ACC,thirdDownsOpponent,144,2026-09-29T20:11:17Z
2020,Virginia,ACC,totalYards,4234,2026-09-29T20:11:17Z
2020,Virginia,ACC,totalYardsOpponent,4430,2026-09-29T20:11:17Z
2020,Virginia,ACC,turnovers,19,2026-09-29T20:11:17Z
2020,Virginia,ACC,turnoversOpponent,18,2026-09-29T20:11:17Z
2020,Virginia Tech,ACC,firstDowns,246,2026-09-29T20:11:17Z
2020,Virginia Tech,ACC,firstDownsOpponent,255,2026-09-29T20:11:17Z
2020,Virginia Tech,ACC,fourthDownConversions,7,2026-09-29T20:11:17Z
2020,Virginia Tech,ACC,fourthDownConversionsOpponent,18,2026-09-29T20:11:17Z
2020,Virginia Tech,ACC,fourthDowns,12,2026-09-29T20:11:17Z
2020,Virginia Tech,ACC,fourthDownsOpponent,25,2026-09-29T20:11:17Z
2020,Virginia Tech,ACC,fumblesLost,8,2026-09-29T20:11:17Z
2020,Virginia Tech,ACC,fumblesLostOpponent,5,2026-09-29T20:11:17Z
2020,Virginia Tech,ACC,fumblesRecovered,5,2026-09-29T20:11:17Z
2020,Virginia Tech,ACC,fumblesRecoveredOpponent,8,2026-09-29T20:11:17Z
2020,Virginia Tech,ACC,games,11,2026-09-29T20:11:17Z
2020,Virginia Tech,ACC,interceptions,6,2026-09-29T20:11:17Z
2020,Virginia Tech,ACC,interceptionsOpponent,12,2026-09-29T20:11:17Z
2020,Virginia Tech,ACC,interceptionTDs,0,2026-09-29T20:11:17Z
2020,Virginia Tech,ACC,interceptionTDsOpponent,0,2026-09-29T20:11:17Z
2020,Virginia Tech,ACC,interceptionYards,140,2026-09-29T20:11:17Z
2020,Virginia Tech,ACC,interceptionYardsOpponent,20,2026-09-29T20:11:17Z
2020,Virginia Tech,ACC,kickReturns,23,2026-09-29T20:11:17Z
2020,Virginia Tech,ACC,kickReturnsOpponent,21,2026-09-29T20:11:17Z
2020,Virginia Tech,ACC,kickReturnTDs,0,2026-09-29T20:11:17Z
2020,Virginia Tech,ACC,kickReturnTDsOpponent,0,2026-09-29T20:11:17Z
2020,Virginia Tech,ACC,kickReturnYards,546,2026-09-29T20:11:17Z
2020,Virginia Tech,ACC,kickReturnYardsOpponent,382,2026-09-29T20:11:17Z
2020,Virginia Tech,ACC,netPassingYards,2212,2026-09-29T20:11:17Z
2020,Virginia Tech,ACC,netPassingYardsOpponent,2910,2026-09-29T20:11:17Z
2020,Virginia Tech,ACC,passAttempts,253,2026-09-29T20:11:17Z
2020,Virginia Tech,ACC,passAttemptsOpponent,387,2026-09-29T20:11:17Z
2020,Virginia Tech,ACC,passCompletions,157,2026-09-29T20:11:17Z
2020,Virginia Tech,ACC,passCompletionsOpponent,238,2026-09-29T20:11:17Z
2020,Virginia Tech,ACC,passesIntercepted,12,2026-09-29T20:11:17Z
2020,Virginia Tech,ACC,passesInterceptedOpponent,6,2026-09-29T20:11:17Z
2020,Virginia Tech,ACC,passingTDs,13,2026-09-29T20:11:17Z
2020,Virginia Tech,ACC,passingTDsOpponent,19,2026-09-29T20:11:17Z
2020,Virginia Tech,ACC,penalties,58,2026-09-29T20:11:17Z
2020,Virginia Tech,ACC,penaltiesOpponent,81,2026-09-29T20:11:17Z
2020,Virginia Tech,ACC,penaltyYards,514,2026-09-29T20:11:17Z
2020,Virginia Tech,ACC,penaltyYardsOpponent,714,2026-09-29T20:11:17Z
2020,Virginia Tech,ACC,possessionTime,19894,2026-09-29T20:11:17Z
2020,Virginia Tech,ACC,possessionTimeOpponent,19432,2026-09-29T20:11:17Z
2020,Virginia Tech,ACC,puntReturns,17,2026-09-29T20:11:17Z
2020,Virginia Tech,ACC,puntReturnsOpponent,7,2026-09-29T20:11:17Z
2020,Virginia Tech,ACC,puntReturnTDs,0,2026-09-29T20:11:17Z
2020,Virginia Tech,ACC,puntReturnTDsOpponent,0,2026-09-29T20:11:17Z
2020,Virginia Tech,ACC,puntReturnYards,66,2026-09-29T20:11:17Z
2020,Virginia Tech,ACC,puntReturnYardsOpponent,28,2026-09-29T20:11:17Z
2020,Virginia Tech,ACC,rushingAttempts,472,2026-09-29T20:11:17Z
2020,Virginia Tech,ACC,rushingAttemptsOpponent,406,2026-09-29T20:11:17Z
2020,Virginia Tech,ACC,rushingTDs,27,2026-09-29T20:11:17Z
2020,Virginia Tech,ACC,rushingTDsOpponent,24,2026-09-29T20:11:17Z
2020,Virginia Tech,ACC,rushingYards,2648,2026-09-29T20:11:17Z
2020,Virginia Tech,ACC,rushingYardsOpponent,2026,2026-09-29T20:11:17Z
2020,Virginia Tech,ACC,sacks,36,2026-09-29T20:11:17Z
2020,Virginia Tech,ACC,sacksOpponent,22,2026-09-29T20:11:17Z
2020,Virginia Tech,ACC,tacklesForLoss,75,2026-09-29T20:11:17Z
2020,Virginia Tech,ACC,tacklesForLossOpponent,64,2026-09-29T20:11:17Z
2020,Virginia Tech,ACC,thirdDownConversions,51,2026-09-29T20:11:17Z
2020,Virginia Tech,ACC,thirdDownConversionsOpponent,62,2026-09-29T20:11:17Z
2020,Virginia Tech,ACC,thirdDowns,133,2026-09-29T20:11:17Z
2020,Virginia Tech,ACC,thirdDownsOpponent,153,2026-09-29T20:11:17Z
2020,Virginia Tech,ACC,totalYards,4860,2026-09-29T20:11:17Z
2020,Virginia Tech,ACC,totalYardsOpponent,4936,2026-09-29T20:11:17Z
2020,Virginia Tech,ACC,turnovers,14,2026-09-29T20:11:17Z
2020,Virginia Tech,ACC,turnoversOpponent,17,2026-09-29T20:11:17Z
2020,Wake Forest,ACC,firstDowns,212,2026-09-29T20:11:17Z
2020,Wake Forest,ACC,firstDownsOpponent,209,2026-09-29T20:11:17Z
2020,Wake Forest,ACC,fourthDownConversions,10,2026-09-29T20:11:17Z
2020,Wake Forest,ACC,fourthDownConversionsOpponent,6,2026-09-29T20:11:17Z
2020,Wake Forest,ACC,fourthDowns,21,2026-09-29T20:11:17Z
2020,Wake Forest,ACC,fourthDownsOpponent,10,2026-09-29T20:11:17Z
2020,Wake Forest,ACC,fumblesLost,2,2026-09-29T20:11:17Z
2020,Wake Forest,ACC,fumblesLostOpponent,4,2026-09-29T20:11:17Z
2020,Wake Forest,ACC,fumblesRecovered,4,2026-09-29T20:11:17Z
2020,Wake Forest,ACC,fumblesRecoveredOpponent,2,2026-09-29T20:11:17Z
2020,Wake Forest,ACC,games,9,2026-09-29T20:11:17Z
2020,Wake Forest,ACC,interceptions,5,2026-09-29T20:11:17Z
2020,Wake Forest,ACC,interceptionsOpponent,13,2026-09-29T20:11:17Z
2020,Wake Forest,ACC,interceptionTDs,3,2026-09-29T20:11:17Z
2020,Wake Forest,ACC,interceptionTDsOpponent,0,2026-09-29T20:11:17Z
2020,Wake Forest,ACC,interceptionYards,132,2026-09-29T20:11:17Z
2020,Wake Forest,ACC,interceptionYardsOpponent,176,2026-09-29T20:11:17Z
2020,Wake Forest,ACC,kickReturns,15,2026-09-29T20:11:17Z
2020,Wake Forest,ACC,kickReturnsOpponent,21,2026-09-29T20:11:17Z
2020,Wake Forest,ACC,kickReturnTDs,1,2026-09-29T20:11:17Z
2020,Wake Forest,ACC,kickReturnTDsOpponent,0,2026-09-29T20:11:17Z
2020,Wake Forest,ACC,kickReturnYards,352,2026-09-29T20:11:17Z
2020,Wake Forest,ACC,kickReturnYardsOpponent,469,2026-09-29T20:11:17Z
2020,Wake Forest,ACC,netPassingYards,2533,2026-09-29T20:11:17Z
2020,Wake Forest,ACC,netPassingYardsOpponent,2271,2026-09-29T20:11:17Z
2020,Wake Forest,ACC,passAttempts,310,2026-09-29T20:11:17Z
2020,Wake Forest,ACC,passAttemptsOpponent,298,2026-09-29T20:11:17Z
2020,Wake Forest,ACC,passCompletions,175,2026-09-29T20:11:17Z
2020,Wake Forest,ACC,passCompletionsOpponent,189,2026-09-29T20:11:17Z
2020,Wake Forest,ACC,passesIntercepted,13,2026-09-29T20:11:17Z
2020,Wake Forest,ACC,passesInterceptedOpponent,5,2026-09-29T20:11:17Z
2020,Wake Forest,ACC,passingTDs,14,2026-09-29T20:11:17Z
2020,Wake Forest,ACC,passingTDsOpponent,17,2026-09-29T20:11:17Z
2020,Wake Forest,ACC,penalties,48,2026-09-29T20:11:17Z
2020,Wake Forest,ACC,penaltiesOpponent,58,2026-09-29T20:11:17Z
2020,Wake Forest,ACC,penaltyYards,401,2026-09-29T20:11:17Z
2020,Wake Forest,ACC,penaltyYardsOpponent,536,2026-09-29T20:11:17Z
2020,Wake Forest,ACC,possessionTime,14795,2026-09-29T20:11:17Z
2020,Wake Forest,ACC,possessionTimeOpponent,17352,2026-09-29T20:11:17Z
2020,Wake Forest,ACC,puntReturns,10,2026-09-29T20:11:17Z
2020,Wake Forest,ACC,puntReturnsOpponent,9,2026-09-29T20:11:17Z
2020,Wake Forest,ACC,puntReturnTDs,0,2026-09-29T20:11:17Z
2020,Wake Forest,ACC,puntReturnTDsOpponent,0,2026-09-29T20:11:17Z
2020,Wake Forest,ACC,puntReturnYards,96,2026-09-29T20:11:17Z
2020,Wake Forest,ACC,puntReturnYardsOpponent,52,2026-09-29T20:11:17Z
2020,Wake Forest,ACC,rushingAttempts,378,2026-09-29T20:11:17Z
2020,Wake Forest,ACC,rushingAttemptsOpponent,365,2026-09-29T20:11:17Z
2020,Wake Forest,ACC,rushingTDs,22,2026-09-29T20:11:17Z
2020,Wake Forest,ACC,rushingTDsOpponent,20,2026-09-29T20:11:17Z
2020,Wake Forest,ACC,rushingYards,1491,2026-09-29T20:11:17Z
2020,Wake Forest,ACC,rushingYardsOpponent,1650,2026-09-29T20:11:17Z
2020,Wake Forest,ACC,sacks,16,2026-09-29T20:11:17Z
2020,Wake Forest,ACC,sacksOpponent,27,2026-09-29T20:11:17Z
2020,Wake Forest,ACC,tacklesForLoss,68,2026-09-29T20:11:17Z
2020,Wake Forest,ACC,tacklesForLossOpponent,65,2026-09-29T20:11:17Z
2020,Wake Forest,ACC,thirdDownConversions,56,2026-09-29T20:11:17Z
2020,Wake Forest,ACC,thirdDownConversionsOpponent,52,2026-09-29T20:11:17Z
2020,Wake Forest,ACC,thirdDowns,139,2026-09-29T20:11:17Z
2020,Wake Forest,ACC,thirdDownsOpponent,125,2026-09-29T20:11:17Z
2020,Wake Forest,ACC,totalYards,4024,2026-09-29T20:11:17Z
2020,Wake Forest,ACC,totalYardsOpponent,3921,2026-09-29T20:11:17Z
2020,Wake Forest,ACC,turnovers,7,2026-09-29T20:11:17Z
2020,Wake Forest,ACC,turnoversOpponent,17,2026-09-29T20:11:17Z
2020,Washington,Pac-12,firstDowns,87,2026-09-29T20:11:17Z
2020,Washington,Pac-12,firstDownsOpponent,80,2026-09-29T20:11:17Z
2020,Washington,Pac-12,fourthDownConversions,5,2026-09-29T20:11:17Z
2020,Washington,Pac-12,fourthDownConversionsOpponent,4,2026-09-29T20:11:17Z
2020,Washington,Pac-12,fourthDowns,6,2026-09-29T20:11:17Z
2020,Washington,Pac-12,fourthDownsOpponent,8,2026-09-29T20:11:17Z
2020,Washington,Pac-12,fumblesLost,0,2026-09-29T20:11:17Z
2020,Washington,Pac-12,fumblesLostOpponent,5,2026-09-29T20:11:17Z
2020,Washington,Pac-12,fumblesRecovered,5,2026-09-29T20:11:17Z
2020,Washington,Pac-12,fumblesRecoveredOpponent,0,2026-09-29T20:11:17Z
2020,Washington,Pac-12,games,4,2026-09-29T20:11:17Z
2020,Washington,Pac-12,interceptions,3,2026-09-29T20:11:17Z
2020,Washington,Pac-12,interceptionsOpponent,3,2026-09-29T20:11:17Z
2020,Washington,Pac-12,interceptionTDs,0,2026-09-29T20:11:17Z
2020,Washington,Pac-12,interceptionTDsOpponent,0,2026-09-29T20:11:17Z
2020,Washington,Pac-12,interceptionYards,24,2026-09-29T20:11:17Z
2020,Washington,Pac-12,interceptionYardsOpponent,119,2026-09-29T20:11:17Z
2020,Washington,Pac-12,kickReturns,7,2026-09-29T20:11:17Z
2020,Washington,Pac-12,kickReturnsOpponent,13,2026-09-29T20:11:17Z
2020,Washington,Pac-12,kickReturnTDs,0,2026-09-29T20:11:17Z
2020,Washington,Pac-12,kickReturnTDsOpponent,0,2026-09-29T20:11:17Z
2020,Washington,Pac-12,kickReturnYards,124,2026-09-29T20:11:17Z
2020,Washington,Pac-12,kickReturnYardsOpponent,332,2026-09-29T20:11:17Z
2020,Washington,Pac-12,netPassingYards,906,2026-09-29T20:11:17Z
2020,Washington,Pac-12,netPassingYardsOpponent,740,2026-09-29T20:11:17Z
2020,Washington,Pac-12,passAttempts,111,2026-09-29T20:11:17Z
2020,Washington,Pac-12,passAttemptsOpponent,117,2026-09-29T20:11:17Z
2020,Washington,Pac-12,passCompletions,68,2026-09-29T20:11:17Z
2020,Washington,Pac-12,passCompletionsOpponent,74,2026-09-29T20:11:17Z
2020,Washington,Pac-12,passesIntercepted,3,2026-09-29T20:11:17Z
2020,Washington,Pac-12,passesInterceptedOpponent,3,2026-09-29T20:11:17Z
2020,Washington,Pac-12,passingTDs,4,2026-09-29T20:11:17Z
2020,Washington,Pac-12,passingTDsOpponent,5,2026-09-29T20:11:17Z
2020,Washington,Pac-12,penalties,21,2026-09-29T20:11:17Z
2020,Washington,Pac-12,penaltiesOpponent,18,2026-09-29T20:11:17Z
2020,Washington,Pac-12,penaltyYards,162,2026-09-29T20:11:17Z
2020,Washington,Pac-12,penaltyYardsOpponent,145,2026-09-29T20:11:17Z
2020,Washington,Pac-12,possessionTime,7593,2026-09-29T20:11:17Z
2020,Washington,Pac-12,possessionTimeOpponent,6723,2026-09-29T20:11:17Z
2020,Washington,Pac-12,puntReturns,3,2026-09-29T20:11:17Z
2020,Washington,Pac-12,puntReturnsOpponent,3,2026-09-29T20:11:17Z
2020,Washington,Pac-12,puntReturnTDs,0,2026-09-29T20:11:17Z
2020,Washington,Pac-12,puntReturnTDsOpponent,1,2026-09-29T20:11:17Z
2020,Washington,Pac-12,puntReturnYards,56,2026-09-29T20:11:17Z
2020,Washington,Pac-12,puntReturnYardsOpponent,64,2026-09-29T20:11:17Z
2020,Washington,Pac-12,rushingAttempts,156,2026-09-29T20:11:17Z
2020,Washington,Pac-12,rushingAttemptsOpponent,142,2026-09-29T20:11:17Z
2020,Washington,Pac-12,rushingTDs,11,2026-09-29T20:11:17Z
2020,Washington,Pac-12,rushingTDsOpponent,8,2026-09-29T20:11:17Z
2020,Washington,Pac-12,rushingYards,705,2026-09-29T20:11:17Z
2020,Washington,Pac-12,rushingYardsOpponent,645,2026-09-29T20:11:17Z
2020,Washington,Pac-12,sacks,10,2026-09-29T20:11:17Z
2020,Washington,Pac-12,sacksOpponent,1,2026-09-29T20:11:17Z
2020,Washington,Pac-12,tacklesForLoss,18,2026-09-29T20:11:17Z
2020,Washington,Pac-12,tacklesForLossOpponent,10,2026-09-29T20:11:17Z
2020,Washington,Pac-12,thirdDownConversions,26,2026-09-29T20:11:17Z
2020,Washington,Pac-12,thirdDownConversionsOpponent,22,2026-09-29T20:11:17Z
2020,Washington,Pac-12,thirdDowns,54,2026-09-29T20:11:17Z
2020,Washington,Pac-12,thirdDownsOpponent,52,2026-09-29T20:11:17Z
2020,Washington,Pac-12,totalYards,1611,2026-09-29T20:11:17Z
2020,Washington,Pac-12,totalYardsOpponent,1385,2026-09-29T20:11:17Z
2020,Washington,Pac-12,turnovers,3,2026-09-29T20:11:17Z
2020,Washington,Pac-12,turnoversOpponent,8,2026-09-29T20:11:17Z
2020,Washington State,Pac-12,firstDowns,78,2026-09-29T20:11:17Z
2020,Washington State,Pac-12,firstDownsOpponent,93,2026-09-29T20:11:17Z
2020,Washington State,Pac-12,fourthDownConversions,3,2026-09-29T20:11:17Z
2020,Washington State,Pac-12,fourthDownConversionsOpponent,6,2026-09-29T20:11:17Z
2020,Washington State,Pac-12,fourthDowns,7,2026-09-29T20:11:17Z
2020,Washington State,Pac-12,fourthDownsOpponent,7,2026-09-29T20:11:17Z
2020,Washington State,Pac-12,fumblesLost,4,2026-09-29T20:11:17Z
2020,Washington State,Pac-12,fumblesLostOpponent,4,2026-09-29T20:11:17Z
2020,Washington State,Pac-12,fumblesRecovered,4,2026-09-29T20:11:17Z
2020,Washington State,Pac-12,fumblesRecoveredOpponent,4,2026-09-29T20:11:17Z
2020,Washington State,Pac-12,games,4,2026-09-29T20:11:17Z
2020,Washington State,Pac-12,interceptions,4,2026-09-29T20:11:17Z
2020,Washington State,Pac-12,interceptionsOpponent,2,2026-09-29T20:11:17Z
2020,Washington State,Pac-12,interceptionTDs,0,2026-09-29T20:11:17Z
2020,Washington State,Pac-12,interceptionTDsOpponent,1,2026-09-29T20:11:17Z
2020,Washington State,Pac-12,interceptionYards,36,2026-09-29T20:11:17Z
2020,Washington State,Pac-12,interceptionYardsOpponent,72,2026-09-29T20:11:17Z
2020,Washington State,Pac-12,kickReturns,10,2026-09-29T20:11:17Z
2020,Washington State,Pac-12,kickReturnsOpponent,9,2026-09-29T20:11:17Z
2020,Washington State,Pac-12,kickReturnTDs,0,2026-09-29T20:11:17Z
2020,Washington State,Pac-12,kickReturnTDsOpponent,0,2026-09-29T20:11:17Z
2020,Washington State,Pac-12,kickReturnYards,200,2026-09-29T20:11:17Z
2020,Washington State,Pac-12,kickReturnYardsOpponent,181,2026-09-29T20:11:17Z
2020,Washington State,Pac-12,netPassingYards,1019,2026-09-29T20:11:17Z
2020,Washington State,Pac-12,netPassingYardsOpponent,1228,2026-09-29T20:11:17Z
2020,Washington State,Pac-12,passAttempts,152,2026-09-29T20:11:17Z
2020,Washington State,Pac-12,passAttemptsOpponent,152,2026-09-29T20:11:17Z
2020,Washington State,Pac-12,passCompletions,94,2026-09-29T20:11:17Z
2020,Washington State,Pac-12,passCompletionsOpponent,103,2026-09-29T20:11:17Z
2020,Washington State,Pac-12,passesIntercepted,2,2026-09-29T20:11:17Z
2020,Washington State,Pac-12,passesInterceptedOpponent,4,2026-09-29T20:11:17Z
2020,Washington State,Pac-12,passingTDs,6,2026-09-29T20:11:17Z
2020,Washington State,Pac-12,passingTDsOpponent,11,2026-09-29T20:11:17Z
2020,Washington State,Pac-12,penalties,21,2026-09-29T20:11:17Z
2020,Washington State,Pac-12,penaltiesOpponent,19,2026-09-29T20:11:17Z
2020,Washington State,Pac-12,penaltyYards,187,2026-09-29T20:11:17Z
2020,Washington State,Pac-12,penaltyYardsOpponent,195,2026-09-29T20:11:17Z
2020,Washington State,Pac-12,possessionTime,7553,2026-09-29T20:11:17Z
2020,Washington State,Pac-12,possessionTimeOpponent,6847,2026-09-29T20:11:17Z
2020,Washington State,Pac-12,puntReturns,1,2026-09-29T20:11:17Z
2020,Washington State,Pac-12,puntReturnsOpponent,7,2026-09-29T20:11:17Z
2020,Washington State,Pac-12,puntReturnTDs,0,2026-09-29T20:11:17Z
2020,Washington State,Pac-12,puntReturnTDsOpponent,0,2026-09-29T20:11:17Z
2020,Washington State,Pac-12,puntReturnYards,10,2026-09-29T20:11:17Z
2020,Washington State,Pac-12,puntReturnYardsOpponent,38,2026-09-29T20:11:17Z
2020,Washington State,Pac-12,rushingAttempts,110,2026-09-29T20:11:17Z
2020,Washington State,Pac-12,rushingAttemptsOpponent,124,2026-09-29T20:11:17Z
2020,Washington State,Pac-12,rushingTDs,8,2026-09-29T20:11:17Z
2020,Washington State,Pac-12,rushingTDsOpponent,9,2026-09-29T20:11:17Z
2020,Washington State,Pac-12,rushingYards,517,2026-09-29T20:11:17Z
2020,Washington State,Pac-12,rushingYardsOpponent,619,2026-09-29T20:11:17Z
2020,Washington State,Pac-12,sacks,8,2026-09-29T20:11:17Z
2020,Washington State,Pac-12,sacksOpponent,9,2026-09-29T20:11:17Z
2020,Washington State,Pac-12,tacklesForLoss,25,2026-09-29T20:11:17Z
2020,Washington State,Pac-12,tacklesForLossOpponent,25,2026-09-29T20:11:17Z
2020,Washington State,Pac-12,thirdDownConversions,20,2026-09-29T20:11:17Z
2020,Washington State,Pac-12,thirdDownConversionsOpponent,25,2026-09-29T20:11:17Z
2020,Washington State,Pac-12,thirdDowns,51,2026-09-29T20:11:17Z
2020,Washington State,Pac-12,thirdDownsOpponent,52,2026-09-29T20:11:17Z
2020,Washington State,Pac-12,totalYards,1536,2026-09-29T20:11:17Z
2020,Washington State,Pac-12,totalYardsOpponent,1847,2026-09-29T20:11:17Z
2020,Washington State,Pac-12,turnovers,8,2026-09-29T20:11:17Z
2020,Washington State,Pac-12,turnoversOpponent,6,2026-09-29T20:11:17Z
2020,Western Kentucky,Conference USA,firstDowns,197,2026-09-29T20:11:17Z
2020,Western Kentucky,Conference USA,firstDownsOpponent,232,2026-09-29T20:11:17Z
2020,Western Kentucky,Conference USA,fourthDownConversions,18,2026-09-29T20:11:17Z
2020,Western Kentucky,Conference USA,fourthDownConversionsOpponent,19,2026-09-29T20:11:17Z
2020,Western Kentucky,Conference USA,fourthDowns,32,2026-09-29T20:11:17Z
2020,Western Kentucky,Conference USA,fourthDownsOpponent,33,2026-09-29T20:11:17Z
2020,Western Kentucky,Conference USA,fumblesLost,11,2026-09-29T20:11:17Z
2020,Western Kentucky,Conference USA,fumblesLostOpponent,4,2026-09-29T20:11:17Z
2020,Western Kentucky,Conference USA,fumblesRecovered,4,2026-09-29T20:11:17Z
2020,Western Kentucky,Conference USA,fumblesRecoveredOpponent,11,2026-09-29T20:11:17Z
2020,Western Kentucky,Conference USA,games,12,2026-09-29T20:11:17Z
2020,Western Kentucky,Conference USA,interceptions,4,2026-09-29T20:11:17Z
2020,Western Kentucky,Conference USA,interceptionsOpponent,6,2026-09-29T20:11:17Z
2020,Western Kentucky,Conference USA,interceptionTDs,1,2026-09-29T20:11:17Z
2020,Western Kentucky,Conference USA,interceptionTDsOpponent,0,2026-09-29T20:11:17Z
2020,Western Kentucky,Conference USA,interceptionYards,69,2026-09-29T20:11:17Z
2020,Western Kentucky,Conference USA,interceptionYardsOpponent,36,2026-09-29T20:11:17Z
2020,Western Kentucky,Conference USA,kickReturns,31,2026-09-29T20:11:17Z
2020,Western Kentucky,Conference USA,kickReturnsOpponent,24,2026-09-29T20:11:17Z
2020,Western Kentucky,Conference USA,kickReturnTDs,0,2026-09-29T20:11:17Z
2020,Western Kentucky,Conference USA,kickReturnTDsOpponent,1,2026-09-29T20:11:17Z
2020,Western Kentucky,Conference USA,kickReturnYards,492,2026-09-29T20:11:17Z
2020,Western Kentucky,Conference USA,kickReturnYardsOpponent,477,2026-09-29T20:11:17Z
2020,Western Kentucky,Conference USA,netPassingYards,1984,2026-09-29T20:11:17Z
2020,Western Kentucky,Conference USA,netPassingYardsOpponent,2128,2026-09-29T20:11:17Z
2020,Western Kentucky,Conference USA,passAttempts,369,2026-09-29T20:11:17Z
2020,Western Kentucky,Conference USA,passAttemptsOpponent,335,2026-09-29T20:11:17Z
2020,Western Kentucky,Conference USA,passCompletions,208,2026-09-29T20:11:17Z
2020,Western Kentucky,Conference USA,passCompletionsOpponent,175,2026-09-29T20:11:17Z
2020,Western Kentucky,Conference USA,passesIntercepted,6,2026-09-29T20:11:17Z
2020,Western Kentucky,Conference USA,passesInterceptedOpponent,4,2026-09-29T20:11:17Z
2020,Western Kentucky,Conference USA,passingTDs,12,2026-09-29T20:11:17Z
2020,Western Kentucky,Conference USA,passingTDsOpponent,16,2026-09-29T20:11:17Z
2020,Western Kentucky,Conference USA,penalties,54,2026-09-29T20:11:17Z
2020,Western Kentucky,Conference USA,penaltiesOpponent,55,2026-09-29T20:11:17Z
2020,Western Kentucky,Conference USA,penaltyYards,481,2026-09-29T20:11:17Z
2020,Western Kentucky,Conference USA,penaltyYardsOpponent,517,2026-09-29T20:11:17Z
2020,Western Kentucky,Conference USA,possessionTime,20839,2026-09-29T20:11:17Z
2020,Western Kentucky,Conference USA,possessionTimeOpponent,22145,2026-09-29T20:11:17Z
2020,Western Kentucky,Conference USA,puntReturns,11,2026-09-29T20:11:17Z
2020,Western Kentucky,Conference USA,puntReturnsOpponent,19,2026-09-29T20:11:17Z
2020,Western Kentucky,Conference USA,puntReturnTDs,0,2026-09-29T20:11:17Z
2020,Western Kentucky,Conference USA,puntReturnTDsOpponent,1,2026-09-29T20:11:17Z
2020,Western Kentucky,Conference USA,puntReturnYards,28,2026-09-29T20:11:17Z
2020,Western Kentucky,Conference USA,puntReturnYardsOpponent,230,2026-09-29T20:11:17Z
2020,Western Kentucky,Conference USA,rushingAttempts,389,2026-09-29T20:11:17Z
2020,Western Kentucky,Conference USA,rushingAttemptsOpponent,492,2026-09-29T20:11:17Z
2020,Western Kentucky,Conference USA,rushingTDs,11,2026-09-29T20:11:17Z
2020,Western Kentucky,Conference USA,rushingTDsOpponent,20,2026-09-29T20:11:17Z
2020,Western Kentucky,Conference USA,rushingYards,1500,2026-09-29T20:11:17Z
2020,Western Kentucky,Conference USA,rushingYardsOpponent,2052,2026-09-29T20:11:17Z
2020,Western Kentucky,Conference USA,sacks,23,2026-09-29T20:11:17Z
2020,Western Kentucky,Conference USA,sacksOpponent,26,2026-09-29T20:11:17Z
2020,Western Kentucky,Conference USA,tacklesForLoss,74,2026-09-29T20:11:17Z
2020,Western Kentucky,Conference USA,tacklesForLossOpponent,69,2026-09-29T20:11:17Z
2020,Western Kentucky,Conference USA,thirdDownConversions,50,2026-09-29T20:11:17Z
2020,Western Kentucky,Conference USA,thirdDownConversionsOpponent,77,2026-09-29T20:11:17Z
2020,Western Kentucky,Conference USA,thirdDowns,156,2026-09-29T20:11:17Z
2020,Western Kentucky,Conference USA,thirdDownsOpponent,184,2026-09-29T20:11:17Z
2020,Western Kentucky,Conference USA,totalYards,3484,2026-09-29T20:11:17Z
2020,Western Kentucky,Conference USA,totalYardsOpponent,4180,2026-09-29T20:11:17Z
2020,Western Kentucky,Conference USA,turnovers,15,2026-09-29T20:11:17Z
2020,Western Kentucky,Conference USA,turnoversOpponent,10,2026-09-29T20:11:17Z
2020,Western Michigan,Mid-American,firstDowns,142,2026-09-29T20:11:17Z
2020,Western Michigan,Mid-American,firstDownsOpponent,122,2026-09-29T20:11:17Z
2020,Western Michigan,Mid-American,fourthDownConversions,5,2026-09-29T20:11:17Z
2020,Western Michigan,Mid-American,fourthDownConversionsOpponent,10,2026-09-29T20:11:17Z
2020,Western Michigan,Mid-American,fourthDowns,8,2026-09-29T20:11:17Z
2020,Western Michigan,Mid-American,fourthDownsOpponent,14,2026-09-29T20:11:17Z
2020,Western Michigan,Mid-American,fumblesLost,4,2026-09-29T20:11:17Z
2020,Western Michigan,Mid-American,fumblesLostOpponent,1,2026-09-29T20:11:17Z
2020,Western Michigan,Mid-American,fumblesRecovered,1,2026-09-29T20:11:17Z
2020,Western Michigan,Mid-American,fumblesRecoveredOpponent,4,2026-09-29T20:11:17Z
2020,Western Michigan,Mid-American,games,6,2026-09-29T20:11:17Z
2020,Western Michigan,Mid-American,interceptions,2,2026-09-29T20:11:17Z
2020,Western Michigan,Mid-American,interceptionsOpponent,2,2026-09-29T20:11:17Z
2020,Western Michigan,Mid-American,interceptionTDs,1,2026-09-29T20:11:17Z
2020,Western Michigan,Mid-American,interceptionTDsOpponent,0,2026-09-29T20:11:17Z
2020,Western Michigan,Mid-American,interceptionYards,42,2026-09-29T20:11:17Z
2020,Western Michigan,Mid-American,interceptionYardsOpponent,15,2026-09-29T20:11:17Z
2020,Western Michigan,Mid-American,kickReturns,28,2026-09-29T20:11:17Z
2020,Western Michigan,Mid-American,kickReturnsOpponent,22,2026-09-29T20:11:17Z
2020,Western Michigan,Mid-American,kickReturnTDs,1,2026-09-29T20:11:17Z
2020,Western Michigan,Mid-American,kickReturnTDsOpponent,0,2026-09-29T20:11:17Z
2020,Western Michigan,Mid-American,kickReturnYards,536,2026-09-29T20:11:17Z
2020,Western Michigan,Mid-American,kickReturnYardsOpponent,439,2026-09-29T20:11:17Z
2020,Western Michigan,Mid-American,netPassingYards,1704,2026-09-29T20:11:17Z
2020,Western Michigan,Mid-American,netPassingYardsOpponent,1454,2026-09-29T20:11:17Z
2020,Western Michigan,Mid-American,passAttempts,155,2026-09-29T20:11:17Z
2020,Western Michigan,Mid-American,passAttemptsOpponent,199,2026-09-29T20:11:17Z
2020,Western Michigan,Mid-American,passCompletions,98,2026-09-29T20:11:17Z
2020,Western Michigan,Mid-American,passCompletionsOpponent,127,2026-09-29T20:11:17Z
2020,Western Michigan,Mid-American,passesIntercepted,2,2026-09-29T20:11:17Z
2020,Western Michigan,Mid-American,passesInterceptedOpponent,2,2026-09-29T20:11:17Z
2020,Western Michigan,Mid-American,passingTDs,18,2026-09-29T20:11:17Z
2020,Western Michigan,Mid-American,passingTDsOpponent,12,2026-09-29T20:11:17Z
2020,Western Michigan,Mid-American,penalties,46,2026-09-29T20:11:17Z
2020,Western Michigan,Mid-American,penaltiesOpponent,43,2026-09-29T20:11:17Z
2020,Western Michigan,Mid-American,penaltyYards,391,2026-09-29T20:11:17Z
2020,Western Michigan,Mid-American,penaltyYardsOpponent,345,2026-09-29T20:11:17Z
2020,Western Michigan,Mid-American,possessionTime,10138,2026-09-29T20:11:17Z
2020,Western Michigan,Mid-American,possessionTimeOpponent,11223,2026-09-29T20:11:17Z
2020,Western Michigan,Mid-American,puntReturns,9,2026-09-29T20:11:17Z
2020,Western Michigan,Mid-American,puntReturnsOpponent,6,2026-09-29T20:11:17Z
2020,Western Michigan,Mid-American,puntReturnTDs,0,2026-09-29T20:11:17Z
2020,Western Michigan,Mid-American,puntReturnTDsOpponent,0,2026-09-29T20:11:17Z
2020,Western Michigan,Mid-American,puntReturnYards,31,2026-09-29T20:11:17Z
2020,Western Michigan,Mid-American,puntReturnYardsOpponent,30,2026-09-29T20:11:17Z
2020,Western Michigan,Mid-American,rushingAttempts,236,2026-09-29T20:11:17Z
2020,Western Michigan,Mid-American,rushingAttemptsOpponent,228,2026-09-29T20:11:17Z
2020,Western Michigan,Mid-American,rushingTDs,13,2026-09-29T20:11:17Z
2020,Western Michigan,Mid-American,rushingTDsOpponent,12,2026-09-29T20:11:17Z
2020,Western Michigan,Mid-American,rushingYards,1175,2026-09-29T20:11:17Z
2020,Western Michigan,Mid-American,rushingYardsOpponent,936,2026-09-29T20:11:17Z
2020,Western Michigan,Mid-American,sacks,19,2026-09-29T20:11:17Z
2020,Western Michigan,Mid-American,sacksOpponent,7,2026-09-29T20:11:17Z
2020,Western Michigan,Mid-American,tacklesForLoss,51,2026-09-29T20:11:17Z
2020,Western Michigan,Mid-American,tacklesForLossOpponent,25,2026-09-29T20:11:17Z
2020,Western Michigan,Mid-American,thirdDownConversions,29,2026-09-29T20:11:17Z
2020,Western Michigan,Mid-American,thirdDownConversionsOpponent,36,2026-09-29T20:11:17Z
2020,Western Michigan,Mid-American,thirdDowns,67,2026-09-29T20:11:17Z
2020,Western Michigan,Mid-American,thirdDownsOpponent,90,2026-09-29T20:11:17Z
2020,Western Michigan,Mid-American,totalYards,2879,2026-09-29T20:11:17Z
2020,Western Michigan,Mid-American,totalYardsOpponent,2390,2026-09-29T20:11:17Z
2020,Western Michigan,Mid-American,turnovers,6,2026-09-29T20:11:17Z
2020,Western Michigan,Mid-American,turnoversOpponent,3,2026-09-29T20:11:17Z
2020,West Virginia,Big 12,firstDowns,219,2026-09-29T20:11:17Z
2020,West Virginia,Big 12,firstDownsOpponent,159,2026-09-29T20:11:17Z
2020,West Virginia,Big 12,fourthDownConversions,12,2026-09-29T20:11:17Z
2020,West Virginia,Big 12,fourthDownConversionsOpponent,6,2026-09-29T20:11:17Z
2020,West Virginia,Big 12,fourthDowns,22,2026-09-29T20:11:17Z
2020,West Virginia,Big 12,fourthDownsOpponent,11,2026-09-29T20:11:17Z
2020,West Virginia,Big 12,fumblesLost,8,2026-09-29T20:11:17Z
2020,West Virginia,Big 12,fumblesLostOpponent,2,2026-09-29T20:11:17Z
2020,West Virginia,Big 12,fumblesRecovered,2,2026-09-29T20:11:17Z
2020,West Virginia,Big 12,fumblesRecoveredOpponent,8,2026-09-29T20:11:17Z
2020,West Virginia,Big 12,games,10,2026-09-29T20:11:17Z
2020,West Virginia,Big 12,interceptions,4,2026-09-29T20:11:17Z
2020,West Virginia,Big 12,interceptionsOpponent,11,2026-09-29T20:11:17Z
2020,West Virginia,Big 12,interceptionTDs,1,2026-09-29T20:11:17Z
2020,West Virginia,Big 12,interceptionTDsOpponent,0,2026-09-29T20:11:17Z
2020,West Virginia,Big 12,interceptionYards,112,2026-09-29T20:11:17Z
2020,West Virginia,Big 12,interceptionYardsOpponent,60,2026-09-29T20:11:17Z
2020,West Virginia,Big 12,kickReturns,23,2026-09-29T20:11:17Z
2020,West Virginia,Big 12,kickReturnsOpponent,36,2026-09-29T20:11:17Z
2020,West Virginia,Big 12,kickReturnTDs,0,2026-09-29T20:11:17Z
2020,West Virginia,Big 12,kickReturnTDsOpponent,1,2026-09-29T20:11:17Z
2020,West Virginia,Big 12,kickReturnYards,460,2026-09-29T20:11:17Z
2020,West Virginia,Big 12,kickReturnYardsOpponent,686,2026-09-29T20:11:17Z
2020,West Virginia,Big 12,netPassingYards,2775,2026-09-29T20:11:17Z
2020,West Virginia,Big 12,netPassingYardsOpponent,1596,2026-09-29T20:11:17Z
2020,West Virginia,Big 12,passAttempts,401,2026-09-29T20:11:17Z
2020,West Virginia,Big 12,passAttemptsOpponent,254,2026-09-29T20:11:17Z
2020,West Virginia,Big 12,passCompletions,253,2026-09-29T20:11:17Z
2020,West Virginia,Big 12,passCompletionsOpponent,157,2026-09-29T20:11:17Z
2020,West Virginia,Big 12,passesIntercepted,11,2026-09-29T20:11:17Z
2020,West Virginia,Big 12,passesInterceptedOpponent,4,2026-09-29T20:11:17Z
2020,West Virginia,Big 12,passingTDs,16,2026-09-29T20:11:17Z
2020,West Virginia,Big 12,passingTDsOpponent,12,2026-09-29T20:11:17Z
2020,West Virginia,Big 12,penalties,82,2026-09-29T20:11:17Z
2020,West Virginia,Big 12,penaltiesOpponent,60,2026-09-29T20:11:17Z
2020,West Virginia,Big 12,penaltyYards,741,2026-09-29T20:11:17Z
2020,West Virginia,Big 12,penaltyYardsOpponent,518,2026-09-29T20:11:17Z
2020,West Virginia,Big 12,possessionTime,19093,2026-09-29T20:11:17Z
2020,West Virginia,Big 12,possessionTimeOpponent,16674,2026-09-29T20:11:17Z
2020,West Virginia,Big 12,puntReturns,21,2026-09-29T20:11:17Z
2020,West Virginia,Big 12,puntReturnsOpponent,12,2026-09-29T20:11:17Z
2020,West Virginia,Big 12,puntReturnTDs,0,2026-09-29T20:11:17Z
2020,West Virginia,Big 12,puntReturnTDsOpponent,0,2026-09-29T20:11:17Z
2020,West Virginia,Big 12,puntReturnYards,105,2026-09-29T20:11:17Z
2020,West Virginia,Big 12,puntReturnYardsOpponent,33,2026-09-29T20:11:17Z
2020,West Virginia,Big 12,rushingAttempts,358,2026-09-29T20:11:17Z
2020,West Virginia,Big 12,rushingAttemptsOpponent,371,2026-09-29T20:11:17Z
2020,West Virginia,Big 12,rushingTDs,15,2026-09-29T20:11:17Z
2020,West Virginia,Big 12,rushingTDsOpponent,11,2026-09-29T20:11:17Z
2020,West Virginia,Big 12,rushingYards,1350,2026-09-29T20:11:17Z
2020,West Virginia,Big 12,rushingYardsOpponent,1313,2026-09-29T20:11:17Z
2020,West Virginia,Big 12,sacks,21,2026-09-29T20:11:17Z
2020,West Virginia,Big 12,sacksOpponent,21,2026-09-29T20:11:17Z
2020,West Virginia,Big 12,tacklesForLoss,62,2026-09-29T20:11:17Z
2020,West Virginia,Big 12,tacklesForLossOpponent,76,2026-09-29T20:11:17Z
2020,West Virginia,Big 12,thirdDownConversions,67,2026-09-29T20:11:17Z
2020,West Virginia,Big 12,thirdDownConversionsOpponent,55,2026-09-29T20:11:17Z
2020,West Virginia,Big 12,thirdDowns,162,2026-09-29T20:11:17Z
2020,West Virginia,Big 12,thirdDownsOpponent,140,2026-09-29T20:11:17Z
2020,West Virginia,Big 12,totalYards,4125,2026-09-29T20:11:17Z
2020,West Virginia,Big 12,totalYardsOpponent,2909,2026-09-29T20:11:17Z
2020,West Virginia,Big 12,turnovers,12,2026-09-29T20:11:17Z
2020,West Virginia,Big 12,turnoversOpponent,13,2026-09-29T20:11:17Z
2020,Wisconsin,Big Ten,firstDowns,137,2026-09-29T20:11:17Z
2020,Wisconsin,Big Ten,firstDownsOpponent,107,2026-09-29T20:11:17Z
2020,Wisconsin,Big Ten,fourthDownConversions,5,2026-09-29T20:11:17Z
2020,Wisconsin,Big Ten,fourthDownConversionsOpponent,2,2026-09-29T20:11:17Z
2020,Wisconsin,Big Ten,fourthDowns,12,2026-09-29T20:11:17Z
2020,Wisconsin,Big Ten,fourthDownsOpponent,11,2026-09-29T20:11:17Z
2020,Wisconsin,Big Ten,fumblesLost,5,2026-09-29T20:11:17Z
2020,Wisconsin,Big Ten,fumblesLostOpponent,4,2026-09-29T20:11:17Z
2020,Wisconsin,Big Ten,fumblesRecovered,4,2026-09-29T20:11:17Z
2020,Wisconsin,Big Ten,fumblesRecoveredOpponent,5,2026-09-29T20:11:17Z
2020,Wisconsin,Big Ten,games,7,2026-09-29T20:11:17Z
2020,Wisconsin,Big Ten,interceptions,7,2026-09-29T20:11:17Z
2020,Wisconsin,Big Ten,interceptionsOpponent,8,2026-09-29T20:11:17Z
2020,Wisconsin,Big Ten,interceptionTDs,0,2026-09-29T20:11:17Z
2020,Wisconsin,Big Ten,interceptionTDsOpponent,0,2026-09-29T20:11:17Z
2020,Wisconsin,Big Ten,interceptionYards,217,2026-09-29T20:11:17Z
2020,Wisconsin,Big Ten,interceptionYardsOpponent,21,2026-09-29T20:11:17Z
2020,Wisconsin,Big Ten,kickReturns,11,2026-09-29T20:11:17Z
2020,Wisconsin,Big Ten,kickReturnsOpponent,13,2026-09-29T20:11:17Z
2020,Wisconsin,Big Ten,kickReturnTDs,0,2026-09-29T20:11:17Z
2020,Wisconsin,Big Ten,kickReturnTDsOpponent,0,2026-09-29T20:11:17Z
2020,Wisconsin,Big Ten,kickReturnYards,251,2026-09-29T20:11:17Z
2020,Wisconsin,Big Ten,kickReturnYardsOpponent,278,2026-09-29T20:11:17Z
2020,Wisconsin,Big Ten,netPassingYards,1267,2026-09-29T20:11:17Z
2020,Wisconsin,Big Ten,netPassingYardsOpponent,1426,2026-09-29T20:11:17Z
2020,Wisconsin,Big Ten,passAttempts,202,2026-09-29T20:11:17Z
2020,Wisconsin,Big Ten,passAttemptsOpponent,218,2026-09-29T20:11:17Z
2020,Wisconsin,Big Ten,passCompletions,124,2026-09-29T20:11:17Z
2020,Wisconsin,Big Ten,passCompletionsOpponent,110,2026-09-29T20:11:17Z
2020,Wisconsin,Big Ten,passesIntercepted,8,2026-09-29T20:11:17Z
2020,Wisconsin,Big Ten,passesInterceptedOpponent,6,2026-09-29T20:11:17Z
2020,Wisconsin,Big Ten,passingTDs,10,2026-09-29T20:11:17Z
2020,Wisconsin,Big Ten,passingTDsOpponent,12,2026-09-29T20:11:17Z
2020,Wisconsin,Big Ten,penalties,36,2026-09-29T20:11:17Z
2020,Wisconsin,Big Ten,penaltiesOpponent,29,2026-09-29T20:11:17Z
2020,Wisconsin,Big Ten,penaltyYards,296,2026-09-29T20:11:17Z
2020,Wisconsin,Big Ten,penaltyYardsOpponent,261,2026-09-29T20:11:17Z
2020,Wisconsin,Big Ten,possessionTime,15263,2026-09-29T20:11:17Z
2020,Wisconsin,Big Ten,possessionTimeOpponent,9880,2026-09-29T20:11:17Z
2020,Wisconsin,Big Ten,puntReturns,11,2026-09-29T20:11:17Z
2020,Wisconsin,Big Ten,puntReturnsOpponent,8,2026-09-29T20:11:17Z
2020,Wisconsin,Big Ten,puntReturnTDs,0,2026-09-29T20:11:17Z
2020,Wisconsin,Big Ten,puntReturnTDsOpponent,0,2026-09-29T20:11:17Z
2020,Wisconsin,Big Ten,puntReturnYards,30,2026-09-29T20:11:17Z
2020,Wisconsin,Big Ten,puntReturnYardsOpponent,39,2026-09-29T20:11:17Z
2020,Wisconsin,Big Ten,rushingAttempts,293,2026-09-29T20:11:17Z
2020,Wisconsin,Big Ten,rushingAttemptsOpponent,200,2026-09-29T20:11:17Z
2020,Wisconsin,Big Ten,rushingTDs,13,2026-09-29T20:11:17Z
2020,Wisconsin,Big Ten,rushingTDsOpponent,2,2026-09-29T20:11:17Z
2020,Wisconsin,Big Ten,rushingYards,1152,2026-09-29T20:11:17Z
2020,Wisconsin,Big Ten,rushingYardsOpponent,676,2026-09-29T20:11:17Z
2020,Wisconsin,Big Ten,sacks,11,2026-09-29T20:11:17Z
2020,Wisconsin,Big Ten,sacksOpponent,12,2026-09-29T20:11:17Z
2020,Wisconsin,Big Ten,tacklesForLoss,36,2026-09-29T20:11:17Z
2020,Wisconsin,Big Ten,tacklesForLossOpponent,41,2026-09-29T20:11:17Z
2020,Wisconsin,Big Ten,thirdDownConversions,38,2026-09-29T20:11:17Z
2020,Wisconsin,Big Ten,thirdDownConversionsOpponent,25,2026-09-29T20:11:17Z
2020,Wisconsin,Big Ten,thirdDowns,100,2026-09-29T20:11:17Z
2020,Wisconsin,Big Ten,thirdDownsOpponent,87,2026-09-29T20:11:17Z
2020,Wisconsin,Big Ten,totalYards,2419,2026-09-29T20:11:17Z
2020,Wisconsin,Big Ten,totalYardsOpponent,2102,2026-09-29T20:11:17Z
2020,Wisconsin,Big Ten,turnovers,12,2026-09-29T20:11:17Z
2020,Wisconsin,Big Ten,turnoversOpponent,12,2026-09-29T20:11:17Z
2020,Wyoming,Mountain West,firstDowns,111,2026-09-29T20:11:17Z
2020,Wyoming,Mountain West,firstDownsOpponent,105,2026-09-29T20:11:17Z
2020,Wyoming,Mountain West,fourthDownConversions,6,2026-09-29T20:11:17Z
2020,Wyoming,Mountain West,fourthDownConversionsOpponent,0,2026-09-29T20:11:17Z
2020,Wyoming,Mountain West,fourthDowns,12,2026-09-29T20:11:17Z
2020,Wyoming,Mountain West,fourthDownsOpponent,6,2026-09-29T20:11:17Z
2020,Wyoming,Mountain West,fumblesLost,4,2026-09-29T20:11:17Z
2020,Wyoming,Mountain West,fumblesLostOpponent,6,2026-09-29T20:11:17Z
2020,Wyoming,Mountain West,fumblesRecovered,6,2026-09-29T20:11:17Z
2020,Wyoming,Mountain West,fumblesRecoveredOpponent,4,2026-09-29T20:11:17Z
2020,Wyoming,Mountain West,games,6,2026-09-29T20:11:17Z
2020,Wyoming,Mountain West,interceptions,5,2026-09-29T20:11:17Z
2020,Wyoming,Mountain West,interceptionsOpponent,4,2026-09-29T20:11:17Z
2020,Wyoming,Mountain West,interceptionTDs,0,2026-09-29T20:11:17Z
2020,Wyoming,Mountain West,interceptionTDsOpponent,1,2026-09-29T20:11:17Z
2020,Wyoming,Mountain West,interceptionYards,60,2026-09-29T20:11:17Z
2020,Wyoming,Mountain West,interceptionYardsOpponent,35,2026-09-29T20:11:17Z
2020,Wyoming,Mountain West,kickReturns,15,2026-09-29T20:11:17Z
2020,Wyoming,Mountain West,kickReturnsOpponent,17,2026-09-29T20:11:17Z
2020,Wyoming,Mountain West,kickReturnTDs,0,2026-09-29T20:11:17Z
2020,Wyoming,Mountain West,kickReturnTDsOpponent,0,2026-09-29T20:11:17Z
2020,Wyoming,Mountain West,kickReturnYards,290,2026-09-29T20:11:17Z
2020,Wyoming,Mountain West,kickReturnYardsOpponent,407,2026-09-29T20:11:17Z
2020,Wyoming,Mountain West,netPassingYards,920,2026-09-29T20:11:17Z
2020,Wyoming,Mountain West,netPassingYardsOpponent,1201,2026-09-29T20:11:17Z
2020,Wyoming,Mountain West,passAttempts,134,2026-09-29T20:11:17Z
2020,Wyoming,Mountain West,passAttemptsOpponent,176,2026-09-29T20:11:17Z
2020,Wyoming,Mountain West,passCompletions,62,2026-09-29T20:11:17Z
2020,Wyoming,Mountain West,passCompletionsOpponent,111,2026-09-29T20:11:17Z
2020,Wyoming,Mountain West,passesIntercepted,4,2026-09-29T20:11:17Z
2020,Wyoming,Mountain West,passesInterceptedOpponent,5,2026-09-29T20:11:17Z
2020,Wyoming,Mountain West,passingTDs,1,2026-09-29T20:11:17Z
2020,Wyoming,Mountain West,passingTDsOpponent,7,2026-09-29T20:11:17Z
2020,Wyoming,Mountain West,penalties,31,2026-09-29T20:11:17Z
2020,Wyoming,Mountain West,penaltiesOpponent,37,2026-09-29T20:11:17Z
2020,Wyoming,Mountain West,penaltyYards,279,2026-09-29T20:11:17Z
2020,Wyoming,Mountain West,penaltyYardsOpponent,311,2026-09-29T20:11:17Z
2020,Wyoming,Mountain West,possessionTime,11047,2026-09-29T20:11:17Z
2020,Wyoming,Mountain West,possessionTimeOpponent,10553,2026-09-29T20:11:17Z
2020,Wyoming,Mountain West,puntReturns,12,2026-09-29T20:11:17Z
2020,Wyoming,Mountain West,puntReturnsOpponent,8,2026-09-29T20:11:17Z
2020,Wyoming,Mountain West,puntReturnTDs,0,2026-09-29T20:11:17Z
2020,Wyoming,Mountain West,puntReturnTDsOpponent,0,2026-09-29T20:11:17Z
2020,Wyoming,Mountain West,puntReturnYards,66,2026-09-29T20:11:17Z
2020,Wyoming,Mountain West,puntReturnYardsOpponent,64,2026-09-29T20:11:17Z
2020,Wyoming,Mountain West,rushingAttempts,275,2026-09-29T20:11:17Z
2020,Wyoming,Mountain West,rushingAttemptsOpponent,219,2026-09-29T20:11:17Z
2020,Wyoming,Mountain West,rushingTDs,16,2026-09-29T20:11:17Z
2020,Wyoming,Mountain West,rushingTDsOpponent,7,2026-09-29T20:11:17Z
2020,Wyoming,Mountain West,rushingYards,1317,2026-09-29T20:11:17Z
2020,Wyoming,Mountain West,rushingYardsOpponent,742,2026-09-29T20:11:17Z
2020,Wyoming,Mountain West,sacks,17,2026-09-29T20:11:17Z
2020,Wyoming,Mountain West,sacksOpponent,15,2026-09-29T20:11:17Z
2020,Wyoming,Mountain West,tacklesForLoss,46,2026-09-29T20:11:17Z
2020,Wyoming,Mountain West,tacklesForLossOpponent,37,2026-09-29T20:11:17Z
2020,Wyoming,Mountain West,thirdDownConversions,27,2026-09-29T20:11:17Z
2020,Wyoming,Mountain West,thirdDownConversionsOpponent,29,2026-09-29T20:11:17Z
2020,Wyoming,Mountain West,thirdDowns,89,2026-09-29T20:11:17Z
2020,Wyoming,Mountain West,thirdDownsOpponent,80,2026-09-29T20:11:17Z
2020,Wyoming,Mountain West,totalYards,2237,2026-09-29T20:11:17Z
2020,Wyoming,Mountain West,totalYardsOpponent,1943,2026-09-29T20:11:17Z
2020,Wyoming,Mountain West,turnovers,9,2026-09-29T20:11:17Z
2020,Wyoming,Mountain West,turnoversOpponent,10,2026-09-29T20:11:17Z
