season,team,conference,statName,statValue,fetched_at
2021,Air Force,Mountain West,firstDowns,284,2026-09-29T20:11:43Z
2021,Air Force,Mountain West,firstDownsOpponent,198,2026-09-29T20:11:43Z
2021,Air Force,Mountain West,fourthDownConversions,32,2026-09-29T20:11:43Z
2021,Air Force,Mountain West,fourthDownConversionsOpponent,10,2026-09-29T20:11:43Z
2021,Air Force,Mountain West,fourthDowns,41,2026-09-29T20:11:43Z
2021,Air Force,Mountain West,fourthDownsOpponent,24,2026-09-29T20:11:43Z
2021,Air Force,Mountain West,fumblesLost,6,2026-09-29T20:11:43Z
2021,Air Force,Mountain West,fumblesLostOpponent,8,2026-09-29T20:11:43Z
2021,Air Force,Mountain West,fumblesRecovered,9,2026-09-29T20:11:43Z
2021,Air Force,Mountain West,fumblesRecoveredOpponent,7,2026-09-29T20:11:43Z
2021,Air Force,Mountain West,games,13,2026-09-29T20:11:43Z
2021,Air Force,Mountain West,interceptions,4,2026-09-29T20:11:43Z
2021,Air Force,Mountain West,interceptionsOpponent,8,2026-09-29T20:11:43Z
2021,Air Force,Mountain West,interceptionTDs,0,2026-09-29T20:11:43Z
2021,Air Force,Mountain West,interceptionTDsOpponent,0,2026-09-29T20:11:43Z
2021,Air Force,Mountain West,interceptionYards,53,2026-09-29T20:11:43Z
2021,Air Force,Mountain West,interceptionYardsOpponent,89,2026-09-29T20:11:43Z
2021,Air Force,Mountain West,kickReturns,14,2026-09-29T20:11:43Z
2021,Air Force,Mountain West,kickReturnsOpponent,39,2026-09-29T20:11:43Z
2021,Air Force,Mountain West,kickReturnTDs,0,2026-09-29T20:11:43Z
2021,Air Force,Mountain West,kickReturnTDsOpponent,1,2026-09-29T20:11:43Z
2021,Air Force,Mountain West,kickReturnYards,68,2026-09-29T20:11:43Z
2021,Air Force,Mountain West,kickReturnYardsOpponent,794,2026-09-29T20:11:43Z
2021,Air Force,Mountain West,netPassingYards,1242,2026-09-29T20:11:43Z
2021,Air Force,Mountain West,netPassingYardsOpponent,2526,2026-09-29T20:11:43Z
2021,Air Force,Mountain West,passAttempts,113,2026-09-29T20:11:43Z
2021,Air Force,Mountain West,passAttemptsOpponent,341,2026-09-29T20:11:43Z
2021,Air Force,Mountain West,passCompletions,55,2026-09-29T20:11:43Z
2021,Air Force,Mountain West,passCompletionsOpponent,191,2026-09-29T20:11:43Z
2021,Air Force,Mountain West,passesIntercepted,8,2026-09-29T20:11:43Z
2021,Air Force,Mountain West,passesInterceptedOpponent,4,2026-09-29T20:11:43Z
2021,Air Force,Mountain West,passingTDs,8,2026-09-29T20:11:43Z
2021,Air Force,Mountain West,passingTDsOpponent,15,2026-09-29T20:11:43Z
2021,Air Force,Mountain West,penalties,55,2026-09-29T20:11:43Z
2021,Air Force,Mountain West,penaltiesOpponent,71,2026-09-29T20:11:43Z
2021,Air Force,Mountain West,penaltyYards,505,2026-09-29T20:11:43Z
2021,Air Force,Mountain West,penaltyYardsOpponent,568,2026-09-29T20:11:43Z
2021,Air Force,Mountain West,possessionTime,28564,2026-09-29T20:11:43Z
2021,Air Force,Mountain West,possessionTimeOpponent,18236,2026-09-29T20:11:43Z
2021,Air Force,Mountain West,puntReturns,5,2026-09-29T20:11:43Z
2021,Air Force,Mountain West,puntReturnsOpponent,7,2026-09-29T20:11:43Z
2021,Air Force,Mountain West,puntReturnTDs,0,2026-09-29T20:11:43Z
2021,Air Force,Mountain West,puntReturnTDsOpponent,0,2026-09-29T20:11:43Z
2021,Air Force,Mountain West,puntReturnYards,36,2026-09-29T20:11:43Z
2021,Air Force,Mountain West,puntReturnYardsOpponent,26,2026-09-29T20:11:43Z
2021,Air Force,Mountain West,rushingAttempts,836,2026-09-29T20:11:43Z
2021,Air Force,Mountain West,rushingAttemptsOpponent,397,2026-09-29T20:11:43Z
2021,Air Force,Mountain West,rushingTDs,44,2026-09-29T20:11:43Z
2021,Air Force,Mountain West,rushingTDsOpponent,18,2026-09-29T20:11:43Z
2021,Air Force,Mountain West,rushingYards,4267,2026-09-29T20:11:43Z
2021,Air Force,Mountain West,rushingYardsOpponent,1330,2026-09-29T20:11:43Z
2021,Air Force,Mountain West,sacks,37,2026-09-29T20:11:43Z
2021,Air Force,Mountain West,sacksOpponent,11,2026-09-29T20:11:43Z
2021,Air Force,Mountain West,tacklesForLoss,68,2026-09-29T20:11:43Z
2021,Air Force,Mountain West,tacklesForLossOpponent,41,2026-09-29T20:11:43Z
2021,Air Force,Mountain West,thirdDownConversions,88,2026-09-29T20:11:43Z
2021,Air Force,Mountain West,thirdDownConversionsOpponent,69,2026-09-29T20:11:43Z
2021,Air Force,Mountain West,thirdDowns,195,2026-09-29T20:11:43Z
2021,Air Force,Mountain West,thirdDownsOpponent,171,2026-09-29T20:11:43Z
2021,Air Force,Mountain West,totalYards,5509,2026-09-29T20:11:43Z
2021,Air Force,Mountain West,totalYardsOpponent,3856,2026-09-29T20:11:43Z
2021,Air Force,Mountain West,turnovers,10,2026-09-29T20:11:43Z
2021,Air Force,Mountain West,turnoversOpponent,16,2026-09-29T20:11:43Z
2021,Akron,Mid-American,firstDowns,225,2026-09-29T20:11:43Z
2021,Akron,Mid-American,firstDownsOpponent,286,2026-09-29T20:11:43Z
2021,Akron,Mid-American,fourthDownConversions,14,2026-09-29T20:11:43Z
2021,Akron,Mid-American,fourthDownConversionsOpponent,7,2026-09-29T20:11:43Z
2021,Akron,Mid-American,fourthDowns,32,2026-09-29T20:11:43Z
2021,Akron,Mid-American,fourthDownsOpponent,10,2026-09-29T20:11:43Z
2021,Akron,Mid-American,fumblesLost,12,2026-09-29T20:11:43Z
2021,Akron,Mid-American,fumblesLostOpponent,5,2026-09-29T20:11:43Z
2021,Akron,Mid-American,fumblesRecovered,6,2026-09-29T20:11:43Z
2021,Akron,Mid-American,fumblesRecoveredOpponent,13,2026-09-29T20:11:43Z
2021,Akron,Mid-American,games,12,2026-09-29T20:11:43Z
2021,Akron,Mid-American,interceptions,5,2026-09-29T20:11:43Z
2021,Akron,Mid-American,interceptionsOpponent,6,2026-09-29T20:11:43Z
2021,Akron,Mid-American,interceptionTDs,1,2026-09-29T20:11:43Z
2021,Akron,Mid-American,interceptionTDsOpponent,2,2026-09-29T20:11:43Z
2021,Akron,Mid-American,interceptionYards,79,2026-09-29T20:11:43Z
2021,Akron,Mid-American,interceptionYardsOpponent,77,2026-09-29T20:11:43Z
2021,Akron,Mid-American,kickReturns,53,2026-09-29T20:11:43Z
2021,Akron,Mid-American,kickReturnsOpponent,24,2026-09-29T20:11:43Z
2021,Akron,Mid-American,kickReturnTDs,1,2026-09-29T20:11:43Z
2021,Akron,Mid-American,kickReturnTDsOpponent,1,2026-09-29T20:11:43Z
2021,Akron,Mid-American,kickReturnYards,662,2026-09-29T20:11:43Z
2021,Akron,Mid-American,kickReturnYardsOpponent,452,2026-09-29T20:11:43Z
2021,Akron,Mid-American,netPassingYards,2610,2026-09-29T20:11:43Z
2021,Akron,Mid-American,netPassingYardsOpponent,2622,2026-09-29T20:11:43Z
2021,Akron,Mid-American,passAttempts,352,2026-09-29T20:11:43Z
2021,Akron,Mid-American,passAttemptsOpponent,301,2026-09-29T20:11:43Z
2021,Akron,Mid-American,passCompletions,226,2026-09-29T20:11:43Z
2021,Akron,Mid-American,passCompletionsOpponent,201,2026-09-29T20:11:43Z
2021,Akron,Mid-American,passesIntercepted,6,2026-09-29T20:11:43Z
2021,Akron,Mid-American,passesInterceptedOpponent,5,2026-09-29T20:11:43Z
2021,Akron,Mid-American,passingTDs,21,2026-09-29T20:11:43Z
2021,Akron,Mid-American,passingTDsOpponent,26,2026-09-29T20:11:43Z
2021,Akron,Mid-American,penalties,68,2026-09-29T20:11:43Z
2021,Akron,Mid-American,penaltiesOpponent,78,2026-09-29T20:11:43Z
2021,Akron,Mid-American,penaltyYards,553,2026-09-29T20:11:43Z
2021,Akron,Mid-American,penaltyYardsOpponent,651,2026-09-29T20:11:43Z
2021,Akron,Mid-American,possessionTime,22428,2026-09-29T20:11:43Z
2021,Akron,Mid-American,possessionTimeOpponent,20772,2026-09-29T20:11:43Z
2021,Akron,Mid-American,puntReturns,9,2026-09-29T20:11:43Z
2021,Akron,Mid-American,puntReturnsOpponent,26,2026-09-29T20:11:43Z
2021,Akron,Mid-American,puntReturnTDs,0,2026-09-29T20:11:43Z
2021,Akron,Mid-American,puntReturnTDsOpponent,0,2026-09-29T20:11:43Z
2021,Akron,Mid-American,puntReturnYards,50,2026-09-29T20:11:43Z
2021,Akron,Mid-American,puntReturnYardsOpponent,217,2026-09-29T20:11:43Z
2021,Akron,Mid-American,rushingAttempts,432,2026-09-29T20:11:43Z
2021,Akron,Mid-American,rushingAttemptsOpponent,482,2026-09-29T20:11:43Z
2021,Akron,Mid-American,rushingTDs,8,2026-09-29T20:11:43Z
2021,Akron,Mid-American,rushingTDsOpponent,32,2026-09-29T20:11:43Z
2021,Akron,Mid-American,rushingYards,1463,2026-09-29T20:11:43Z
2021,Akron,Mid-American,rushingYardsOpponent,2987,2026-09-29T20:11:43Z
2021,Akron,Mid-American,sacks,15,2026-09-29T20:11:43Z
2021,Akron,Mid-American,sacksOpponent,63,2026-09-29T20:11:43Z
2021,Akron,Mid-American,tacklesForLoss,48,2026-09-29T20:11:43Z
2021,Akron,Mid-American,tacklesForLossOpponent,104,2026-09-29T20:11:43Z
2021,Akron,Mid-American,thirdDownConversions,62,2026-09-29T20:11:43Z
2021,Akron,Mid-American,thirdDownConversionsOpponent,77,2026-09-29T20:11:43Z
2021,Akron,Mid-American,thirdDowns,163,2026-09-29T20:11:43Z
2021,Akron,Mid-American,thirdDownsOpponent,142,2026-09-29T20:11:43Z
2021,Akron,Mid-American,totalYards,4073,2026-09-29T20:11:43Z
2021,Akron,Mid-American,totalYardsOpponent,5609,2026-09-29T20:11:43Z
2021,Akron,Mid-American,turnovers,17,2026-09-29T20:11:43Z
2021,Akron,Mid-American,turnoversOpponent,11,2026-09-29T20:11:43Z
2021,Alabama,SEC,firstDowns,367,2026-09-29T20:11:43Z
2021,Alabama,SEC,firstDownsOpponent,265,2026-09-29T20:11:43Z
2021,Alabama,SEC,fourthDownConversions,9,2026-09-29T20:11:43Z
2021,Alabama,SEC,fourthDownConversionsOpponent,17,2026-09-29T20:11:43Z
2021,Alabama,SEC,fourthDowns,17,2026-09-29T20:11:43Z
2021,Alabama,SEC,fourthDownsOpponent,31,2026-09-29T20:11:43Z
2021,Alabama,SEC,fumblesLost,6,2026-09-29T20:11:43Z
2021,Alabama,SEC,fumblesLostOpponent,6,2026-09-29T20:11:43Z
2021,Alabama,SEC,fumblesRecovered,6,2026-09-29T20:11:43Z
2021,Alabama,SEC,fumblesRecoveredOpponent,6,2026-09-29T20:11:43Z
2021,Alabama,SEC,games,15,2026-09-29T20:11:43Z
2021,Alabama,SEC,interceptions,7,2026-09-29T20:11:43Z
2021,Alabama,SEC,interceptionsOpponent,15,2026-09-29T20:11:43Z
2021,Alabama,SEC,interceptionTDs,2,2026-09-29T20:11:43Z
2021,Alabama,SEC,interceptionTDsOpponent,1,2026-09-29T20:11:43Z
2021,Alabama,SEC,interceptionYards,189,2026-09-29T20:11:43Z
2021,Alabama,SEC,interceptionYardsOpponent,96,2026-09-29T20:11:43Z
2021,Alabama,SEC,kickReturns,20,2026-09-29T20:11:43Z
2021,Alabama,SEC,kickReturnsOpponent,26,2026-09-29T20:11:43Z
2021,Alabama,SEC,kickReturnTDs,2,2026-09-29T20:11:43Z
2021,Alabama,SEC,kickReturnTDsOpponent,1,2026-09-29T20:11:43Z
2021,Alabama,SEC,kickReturnYards,480,2026-09-29T20:11:43Z
2021,Alabama,SEC,kickReturnYardsOpponent,455,2026-09-29T20:11:43Z
2021,Alabama,SEC,netPassingYards,5073,2026-09-29T20:11:43Z
2021,Alabama,SEC,netPassingYardsOpponent,3271,2026-09-29T20:11:43Z
2021,Alabama,SEC,passAttempts,571,2026-09-29T20:11:43Z
2021,Alabama,SEC,passAttemptsOpponent,471,2026-09-29T20:11:43Z
2021,Alabama,SEC,passCompletions,380,2026-09-29T20:11:43Z
2021,Alabama,SEC,passCompletionsOpponent,297,2026-09-29T20:11:43Z
2021,Alabama,SEC,passesIntercepted,15,2026-09-29T20:11:43Z
2021,Alabama,SEC,passesInterceptedOpponent,7,2026-09-29T20:11:43Z
2021,Alabama,SEC,passingTDs,48,2026-09-29T20:11:43Z
2021,Alabama,SEC,passingTDsOpponent,25,2026-09-29T20:11:43Z
2021,Alabama,SEC,penalties,107,2026-09-29T20:11:43Z
2021,Alabama,SEC,penaltiesOpponent,100,2026-09-29T20:11:43Z
2021,Alabama,SEC,penaltyYards,990,2026-09-29T20:11:43Z
2021,Alabama,SEC,penaltyYardsOpponent,731,2026-09-29T20:11:43Z
2021,Alabama,SEC,possessionTime,29142,2026-09-29T20:11:43Z
2021,Alabama,SEC,possessionTimeOpponent,25448,2026-09-29T20:11:43Z
2021,Alabama,SEC,puntReturns,33,2026-09-29T20:11:43Z
2021,Alabama,SEC,puntReturnsOpponent,14,2026-09-29T20:11:43Z
2021,Alabama,SEC,puntReturnTDs,2,2026-09-29T20:11:43Z
2021,Alabama,SEC,puntReturnTDsOpponent,0,2026-09-29T20:11:43Z
2021,Alabama,SEC,puntReturnYards,260,2026-09-29T20:11:43Z
2021,Alabama,SEC,puntReturnYardsOpponent,85,2026-09-29T20:11:43Z
2021,Alabama,SEC,rushingAttempts,548,2026-09-29T20:11:43Z
2021,Alabama,SEC,rushingAttemptsOpponent,485,2026-09-29T20:11:43Z
2021,Alabama,SEC,rushingTDs,21,2026-09-29T20:11:43Z
2021,Alabama,SEC,rushingTDsOpponent,9,2026-09-29T20:11:43Z
2021,Alabama,SEC,rushingYards,2250,2026-09-29T20:11:43Z
2021,Alabama,SEC,rushingYardsOpponent,1271,2026-09-29T20:11:43Z
2021,Alabama,SEC,sacks,57,2026-09-29T20:11:43Z
2021,Alabama,SEC,sacksOpponent,41,2026-09-29T20:11:43Z
2021,Alabama,SEC,tacklesForLoss,119,2026-09-29T20:11:43Z
2021,Alabama,SEC,tacklesForLossOpponent,105,2026-09-29T20:11:43Z
2021,Alabama,SEC,thirdDownConversions,117,2026-09-29T20:11:43Z
2021,Alabama,SEC,thirdDownConversionsOpponent,65,2026-09-29T20:11:43Z
2021,Alabama,SEC,thirdDowns,225,2026-09-29T20:11:43Z
2021,Alabama,SEC,thirdDownsOpponent,209,2026-09-29T20:11:43Z
2021,Alabama,SEC,totalYards,7323,2026-09-29T20:11:43Z
2021,Alabama,SEC,totalYardsOpponent,4542,2026-09-29T20:11:43Z
2021,Alabama,SEC,turnovers,13,2026-09-29T20:11:43Z
2021,Alabama,SEC,turnoversOpponent,21,2026-09-29T20:11:43Z
2021,App State,Sun Belt,firstDowns,317,2026-09-29T20:11:43Z
2021,App State,Sun Belt,firstDownsOpponent,255,2026-09-29T20:11:43Z
2021,App State,Sun Belt,fourthDownConversions,25,2026-09-29T20:11:43Z
2021,App State,Sun Belt,fourthDownConversionsOpponent,9,2026-09-29T20:11:43Z
2021,App State,Sun Belt,fourthDowns,38,2026-09-29T20:11:43Z
2021,App State,Sun Belt,fourthDownsOpponent,24,2026-09-29T20:11:43Z
2021,App State,Sun Belt,fumblesLost,14,2026-09-29T20:11:43Z
2021,App State,Sun Belt,fumblesLostOpponent,7,2026-09-29T20:11:43Z
2021,App State,Sun Belt,fumblesRecovered,7,2026-09-29T20:11:43Z
2021,App State,Sun Belt,fumblesRecoveredOpponent,17,2026-09-29T20:11:43Z
2021,App State,Sun Belt,games,14,2026-09-29T20:11:43Z
2021,App State,Sun Belt,interceptions,12,2026-09-29T20:11:43Z
2021,App State,Sun Belt,interceptionsOpponent,15,2026-09-29T20:11:43Z
2021,App State,Sun Belt,interceptionTDs,4,2026-09-29T20:11:43Z
2021,App State,Sun Belt,interceptionTDsOpponent,0,2026-09-29T20:11:43Z
2021,App State,Sun Belt,interceptionYards,347,2026-09-29T20:11:43Z
2021,App State,Sun Belt,interceptionYardsOpponent,110,2026-09-29T20:11:43Z
2021,App State,Sun Belt,kickReturns,43,2026-09-29T20:11:43Z
2021,App State,Sun Belt,kickReturnsOpponent,54,2026-09-29T20:11:43Z
2021,App State,Sun Belt,kickReturnTDs,2,2026-09-29T20:11:43Z
2021,App State,Sun Belt,kickReturnTDsOpponent,1,2026-09-29T20:11:43Z
2021,App State,Sun Belt,kickReturnYards,1141,2026-09-29T20:11:43Z
2021,App State,Sun Belt,kickReturnYardsOpponent,850,2026-09-29T20:11:43Z
2021,App State,Sun Belt,netPassingYards,3487,2026-09-29T20:11:43Z
2021,App State,Sun Belt,netPassingYardsOpponent,3108,2026-09-29T20:11:43Z
2021,App State,Sun Belt,passAttempts,413,2026-09-29T20:11:43Z
2021,App State,Sun Belt,passAttemptsOpponent,442,2026-09-29T20:11:43Z
2021,App State,Sun Belt,passCompletions,255,2026-09-29T20:11:43Z
2021,App State,Sun Belt,passCompletionsOpponent,251,2026-09-29T20:11:43Z
2021,App State,Sun Belt,passesIntercepted,15,2026-09-29T20:11:43Z
2021,App State,Sun Belt,passesInterceptedOpponent,12,2026-09-29T20:11:43Z
2021,App State,Sun Belt,passingTDs,29,2026-09-29T20:11:43Z
2021,App State,Sun Belt,passingTDsOpponent,18,2026-09-29T20:11:43Z
2021,App State,Sun Belt,penalties,85,2026-09-29T20:11:43Z
2021,App State,Sun Belt,penaltiesOpponent,73,2026-09-29T20:11:43Z
2021,App State,Sun Belt,penaltyYards,744,2026-09-29T20:11:43Z
2021,App State,Sun Belt,penaltyYardsOpponent,682,2026-09-29T20:11:43Z
2021,App State,Sun Belt,possessionTime,25964,2026-09-29T20:11:43Z
2021,App State,Sun Belt,possessionTimeOpponent,24437,2026-09-29T20:11:43Z
2021,App State,Sun Belt,puntReturns,25,2026-09-29T20:11:43Z
2021,App State,Sun Belt,puntReturnsOpponent,14,2026-09-29T20:11:43Z
2021,App State,Sun Belt,puntReturnTDs,0,2026-09-29T20:11:43Z
2021,App State,Sun Belt,puntReturnTDsOpponent,0,2026-09-29T20:11:43Z
2021,App State,Sun Belt,puntReturnYards,168,2026-09-29T20:11:43Z
2021,App State,Sun Belt,puntReturnYardsOpponent,53,2026-09-29T20:11:43Z
2021,App State,Sun Belt,rushingAttempts,567,2026-09-29T20:11:43Z
2021,App State,Sun Belt,rushingAttemptsOpponent,481,2026-09-29T20:11:43Z
2021,App State,Sun Belt,rushingTDs,26,2026-09-29T20:11:43Z
2021,App State,Sun Belt,rushingTDsOpponent,18,2026-09-29T20:11:43Z
2021,App State,Sun Belt,rushingYards,2691,2026-09-29T20:11:43Z
2021,App State,Sun Belt,rushingYardsOpponent,1765,2026-09-29T20:11:43Z
2021,App State,Sun Belt,sacks,37,2026-09-29T20:11:43Z
2021,App State,Sun Belt,sacksOpponent,17,2026-09-29T20:11:43Z
2021,App State,Sun Belt,tacklesForLoss,111,2026-09-29T20:11:43Z
2021,App State,Sun Belt,tacklesForLossOpponent,64,2026-09-29T20:11:43Z
2021,App State,Sun Belt,thirdDownConversions,68,2026-09-29T20:11:43Z
2021,App State,Sun Belt,thirdDownConversionsOpponent,68,2026-09-29T20:11:43Z
2021,App State,Sun Belt,thirdDowns,188,2026-09-29T20:11:43Z
2021,App State,Sun Belt,thirdDownsOpponent,199,2026-09-29T20:11:43Z
2021,App State,Sun Belt,totalYards,6178,2026-09-29T20:11:43Z
2021,App State,Sun Belt,totalYardsOpponent,4873,2026-09-29T20:11:43Z
2021,App State,Sun Belt,turnovers,26,2026-09-29T20:11:43Z
2021,App State,Sun Belt,turnoversOpponent,22,2026-09-29T20:11:43Z
2021,Arizona,Pac-12,firstDowns,248,2026-09-29T20:11:43Z
2021,Arizona,Pac-12,firstDownsOpponent,231,2026-09-29T20:11:43Z
2021,Arizona,Pac-12,fourthDownConversions,18,2026-09-29T20:11:43Z
2021,Arizona,Pac-12,fourthDownConversionsOpponent,4,2026-09-29T20:11:43Z
2021,Arizona,Pac-12,fourthDowns,28,2026-09-29T20:11:43Z
2021,Arizona,Pac-12,fourthDownsOpponent,8,2026-09-29T20:11:43Z
2021,Arizona,Pac-12,fumblesLost,5,2026-09-29T20:11:43Z
2021,Arizona,Pac-12,fumblesLostOpponent,2,2026-09-29T20:11:43Z
2021,Arizona,Pac-12,fumblesRecovered,3,2026-09-29T20:11:43Z
2021,Arizona,Pac-12,fumblesRecoveredOpponent,6,2026-09-29T20:11:43Z
2021,Arizona,Pac-12,games,12,2026-09-29T20:11:43Z
2021,Arizona,Pac-12,interceptions,18,2026-09-29T20:11:43Z
2021,Arizona,Pac-12,interceptionsOpponent,4,2026-09-29T20:11:43Z
2021,Arizona,Pac-12,interceptionTDs,1,2026-09-29T20:11:43Z
2021,Arizona,Pac-12,interceptionTDsOpponent,4,2026-09-29T20:11:43Z
2021,Arizona,Pac-12,interceptionYards,89,2026-09-29T20:11:43Z
2021,Arizona,Pac-12,interceptionYardsOpponent,275,2026-09-29T20:11:43Z
2021,Arizona,Pac-12,kickReturns,27,2026-09-29T20:11:43Z
2021,Arizona,Pac-12,kickReturnsOpponent,7,2026-09-29T20:11:43Z
2021,Arizona,Pac-12,kickReturnTDs,0,2026-09-29T20:11:43Z
2021,Arizona,Pac-12,kickReturnTDsOpponent,0,2026-09-29T20:11:43Z
2021,Arizona,Pac-12,kickReturnYards,483,2026-09-29T20:11:43Z
2021,Arizona,Pac-12,kickReturnYardsOpponent,215,2026-09-29T20:11:43Z
2021,Arizona,Pac-12,netPassingYards,2716,2026-09-29T20:11:43Z
2021,Arizona,Pac-12,netPassingYardsOpponent,2281,2026-09-29T20:11:43Z
2021,Arizona,Pac-12,passAttempts,444,2026-09-29T20:11:43Z
2021,Arizona,Pac-12,passAttemptsOpponent,283,2026-09-29T20:11:43Z
2021,Arizona,Pac-12,passCompletions,268,2026-09-29T20:11:43Z
2021,Arizona,Pac-12,passCompletionsOpponent,164,2026-09-29T20:11:43Z
2021,Arizona,Pac-12,passesIntercepted,4,2026-09-29T20:11:43Z
2021,Arizona,Pac-12,passesInterceptedOpponent,18,2026-09-29T20:11:43Z
2021,Arizona,Pac-12,passingTDs,12,2026-09-29T20:11:43Z
2021,Arizona,Pac-12,passingTDsOpponent,25,2026-09-29T20:11:43Z
2021,Arizona,Pac-12,penalties,105,2026-09-29T20:11:43Z
2021,Arizona,Pac-12,penaltiesOpponent,82,2026-09-29T20:11:43Z
2021,Arizona,Pac-12,penaltyYards,845,2026-09-29T20:11:43Z
2021,Arizona,Pac-12,penaltyYardsOpponent,868,2026-09-29T20:11:43Z
2021,Arizona,Pac-12,possessionTime,21767,2026-09-29T20:11:43Z
2021,Arizona,Pac-12,possessionTimeOpponent,21415,2026-09-29T20:11:43Z
2021,Arizona,Pac-12,puntReturns,23,2026-09-29T20:11:43Z
2021,Arizona,Pac-12,puntReturnsOpponent,22,2026-09-29T20:11:43Z
2021,Arizona,Pac-12,puntReturnTDs,1,2026-09-29T20:11:43Z
2021,Arizona,Pac-12,puntReturnTDsOpponent,2,2026-09-29T20:11:43Z
2021,Arizona,Pac-12,puntReturnYards,202,2026-09-29T20:11:43Z
2021,Arizona,Pac-12,puntReturnYardsOpponent,193,2026-09-29T20:11:43Z
2021,Arizona,Pac-12,rushingAttempts,426,2026-09-29T20:11:43Z
2021,Arizona,Pac-12,rushingAttemptsOpponent,474,2026-09-29T20:11:43Z
2021,Arizona,Pac-12,rushingTDs,6,2026-09-29T20:11:43Z
2021,Arizona,Pac-12,rushingTDsOpponent,17,2026-09-29T20:11:43Z
2021,Arizona,Pac-12,rushingYards,1556,2026-09-29T20:11:43Z
2021,Arizona,Pac-12,rushingYardsOpponent,2188,2026-09-29T20:11:43Z
2021,Arizona,Pac-12,sacks,22,2026-09-29T20:11:43Z
2021,Arizona,Pac-12,sacksOpponent,35,2026-09-29T20:11:43Z
2021,Arizona,Pac-12,tacklesForLoss,69,2026-09-29T20:11:43Z
2021,Arizona,Pac-12,tacklesForLossOpponent,89,2026-09-29T20:11:43Z
2021,Arizona,Pac-12,thirdDownConversions,61,2026-09-29T20:11:43Z
2021,Arizona,Pac-12,thirdDownConversionsOpponent,54,2026-09-29T20:11:43Z
2021,Arizona,Pac-12,thirdDowns,190,2026-09-29T20:11:43Z
2021,Arizona,Pac-12,thirdDownsOpponent,148,2026-09-29T20:11:43Z
2021,Arizona,Pac-12,totalYards,4272,2026-09-29T20:11:43Z
2021,Arizona,Pac-12,totalYardsOpponent,4469,2026-09-29T20:11:43Z
2021,Arizona,Pac-12,turnovers,23,2026-09-29T20:11:43Z
2021,Arizona,Pac-12,turnoversOpponent,6,2026-09-29T20:11:43Z
2021,Arizona State,Pac-12,firstDowns,260,2026-09-29T20:11:43Z
2021,Arizona State,Pac-12,firstDownsOpponent,254,2026-09-29T20:11:43Z
2021,Arizona State,Pac-12,fourthDownConversions,9,2026-09-29T20:11:43Z
2021,Arizona State,Pac-12,fourthDownConversionsOpponent,13,2026-09-29T20:11:43Z
2021,Arizona State,Pac-12,fourthDowns,14,2026-09-29T20:11:43Z
2021,Arizona State,Pac-12,fourthDownsOpponent,25,2026-09-29T20:11:43Z
2021,Arizona State,Pac-12,fumblesLost,12,2026-09-29T20:11:43Z
2021,Arizona State,Pac-12,fumblesLostOpponent,5,2026-09-29T20:11:43Z
2021,Arizona State,Pac-12,fumblesRecovered,5,2026-09-29T20:11:43Z
2021,Arizona State,Pac-12,fumblesRecoveredOpponent,12,2026-09-29T20:11:43Z
2021,Arizona State,Pac-12,games,13,2026-09-29T20:11:43Z
2021,Arizona State,Pac-12,interceptions,10,2026-09-29T20:11:43Z
2021,Arizona State,Pac-12,interceptionsOpponent,16,2026-09-29T20:11:43Z
2021,Arizona State,Pac-12,interceptionTDs,2,2026-09-29T20:11:43Z
2021,Arizona State,Pac-12,interceptionTDsOpponent,0,2026-09-29T20:11:43Z
2021,Arizona State,Pac-12,interceptionYards,229,2026-09-29T20:11:43Z
2021,Arizona State,Pac-12,interceptionYardsOpponent,40,2026-09-29T20:11:43Z
2021,Arizona State,Pac-12,kickReturns,37,2026-09-29T20:11:43Z
2021,Arizona State,Pac-12,kickReturnsOpponent,22,2026-09-29T20:11:43Z
2021,Arizona State,Pac-12,kickReturnTDs,0,2026-09-29T20:11:43Z
2021,Arizona State,Pac-12,kickReturnTDsOpponent,0,2026-09-29T20:11:43Z
2021,Arizona State,Pac-12,kickReturnYards,681,2026-09-29T20:11:43Z
2021,Arizona State,Pac-12,kickReturnYardsOpponent,338,2026-09-29T20:11:43Z
2021,Arizona State,Pac-12,netPassingYards,2530,2026-09-29T20:11:43Z
2021,Arizona State,Pac-12,netPassingYardsOpponent,2533,2026-09-29T20:11:43Z
2021,Arizona State,Pac-12,passAttempts,313,2026-09-29T20:11:43Z
2021,Arizona State,Pac-12,passAttemptsOpponent,382,2026-09-29T20:11:43Z
2021,Arizona State,Pac-12,passCompletions,206,2026-09-29T20:11:43Z
2021,Arizona State,Pac-12,passCompletionsOpponent,229,2026-09-29T20:11:43Z
2021,Arizona State,Pac-12,passesIntercepted,16,2026-09-29T20:11:43Z
2021,Arizona State,Pac-12,passesInterceptedOpponent,10,2026-09-29T20:11:43Z
2021,Arizona State,Pac-12,passingTDs,12,2026-09-29T20:11:43Z
2021,Arizona State,Pac-12,passingTDsOpponent,13,2026-09-29T20:11:43Z
2021,Arizona State,Pac-12,penalties,113,2026-09-29T20:11:43Z
2021,Arizona State,Pac-12,penaltiesOpponent,66,2026-09-29T20:11:43Z
2021,Arizona State,Pac-12,penaltyYards,1015,2026-09-29T20:11:43Z
2021,Arizona State,Pac-12,penaltyYardsOpponent,608,2026-09-29T20:11:43Z
2021,Arizona State,Pac-12,possessionTime,22955,2026-09-29T20:11:43Z
2021,Arizona State,Pac-12,possessionTimeOpponent,23844,2026-09-29T20:11:43Z
2021,Arizona State,Pac-12,puntReturns,21,2026-09-29T20:11:43Z
2021,Arizona State,Pac-12,puntReturnsOpponent,16,2026-09-29T20:11:43Z
2021,Arizona State,Pac-12,puntReturnTDs,0,2026-09-29T20:11:43Z
2021,Arizona State,Pac-12,puntReturnTDsOpponent,0,2026-09-29T20:11:43Z
2021,Arizona State,Pac-12,puntReturnYards,255,2026-09-29T20:11:43Z
2021,Arizona State,Pac-12,puntReturnYardsOpponent,84,2026-09-29T20:11:43Z
2021,Arizona State,Pac-12,rushingAttempts,495,2026-09-29T20:11:43Z
2021,Arizona State,Pac-12,rushingAttemptsOpponent,471,2026-09-29T20:11:43Z
2021,Arizona State,Pac-12,rushingTDs,34,2026-09-29T20:11:43Z
2021,Arizona State,Pac-12,rushingTDsOpponent,18,2026-09-29T20:11:43Z
2021,Arizona State,Pac-12,rushingYards,2514,2026-09-29T20:11:43Z
2021,Arizona State,Pac-12,rushingYardsOpponent,1710,2026-09-29T20:11:43Z
2021,Arizona State,Pac-12,sacks,27,2026-09-29T20:11:43Z
2021,Arizona State,Pac-12,sacksOpponent,27,2026-09-29T20:11:43Z
2021,Arizona State,Pac-12,tacklesForLoss,75,2026-09-29T20:11:43Z
2021,Arizona State,Pac-12,tacklesForLossOpponent,69,2026-09-29T20:11:43Z
2021,Arizona State,Pac-12,thirdDownConversions,67,2026-09-29T20:11:43Z
2021,Arizona State,Pac-12,thirdDownConversionsOpponent,67,2026-09-29T20:11:43Z
2021,Arizona State,Pac-12,thirdDowns,150,2026-09-29T20:11:43Z
2021,Arizona State,Pac-12,thirdDownsOpponent,180,2026-09-29T20:11:43Z
2021,Arizona State,Pac-12,totalYards,5044,2026-09-29T20:11:43Z
2021,Arizona State,Pac-12,totalYardsOpponent,4243,2026-09-29T20:11:43Z
2021,Arizona State,Pac-12,turnovers,22,2026-09-29T20:11:43Z
2021,Arizona State,Pac-12,turnoversOpponent,21,2026-09-29T20:11:43Z
2021,Arkansas,SEC,firstDowns,284,2026-09-29T20:11:43Z
2021,Arkansas,SEC,firstDownsOpponent,250,2026-09-29T20:11:43Z
2021,Arkansas,SEC,fourthDownConversions,12,2026-09-29T20:11:43Z
2021,Arkansas,SEC,fourthDownConversionsOpponent,15,2026-09-29T20:11:43Z
2021,Arkansas,SEC,fourthDowns,19,2026-09-29T20:11:43Z
2021,Arkansas,SEC,fourthDownsOpponent,25,2026-09-29T20:11:43Z
2021,Arkansas,SEC,fumblesLost,6,2026-09-29T20:11:43Z
2021,Arkansas,SEC,fumblesLostOpponent,3,2026-09-29T20:11:43Z
2021,Arkansas,SEC,fumblesRecovered,6,2026-09-29T20:11:43Z
2021,Arkansas,SEC,fumblesRecoveredOpponent,8,2026-09-29T20:11:43Z
2021,Arkansas,SEC,games,13,2026-09-29T20:11:43Z
2021,Arkansas,SEC,interceptions,5,2026-09-29T20:11:43Z
2021,Arkansas,SEC,interceptionsOpponent,13,2026-09-29T20:11:43Z
2021,Arkansas,SEC,interceptionTDs,0,2026-09-29T20:11:43Z
2021,Arkansas,SEC,interceptionTDsOpponent,0,2026-09-29T20:11:43Z
2021,Arkansas,SEC,interceptionYards,97,2026-09-29T20:11:43Z
2021,Arkansas,SEC,interceptionYardsOpponent,9,2026-09-29T20:11:43Z
2021,Arkansas,SEC,kickReturns,20,2026-09-29T20:11:43Z
2021,Arkansas,SEC,kickReturnsOpponent,10,2026-09-29T20:11:43Z
2021,Arkansas,SEC,kickReturnTDs,0,2026-09-29T20:11:43Z
2021,Arkansas,SEC,kickReturnTDsOpponent,0,2026-09-29T20:11:43Z
2021,Arkansas,SEC,kickReturnYards,310,2026-09-29T20:11:43Z
2021,Arkansas,SEC,kickReturnYardsOpponent,211,2026-09-29T20:11:43Z
2021,Arkansas,SEC,netPassingYards,2781,2026-09-29T20:11:43Z
2021,Arkansas,SEC,netPassingYardsOpponent,2779,2026-09-29T20:11:43Z
2021,Arkansas,SEC,passAttempts,314,2026-09-29T20:11:43Z
2021,Arkansas,SEC,passAttemptsOpponent,387,2026-09-29T20:11:43Z
2021,Arkansas,SEC,passCompletions,205,2026-09-29T20:11:43Z
2021,Arkansas,SEC,passCompletionsOpponent,226,2026-09-29T20:11:43Z
2021,Arkansas,SEC,passesIntercepted,13,2026-09-29T20:11:43Z
2021,Arkansas,SEC,passesInterceptedOpponent,5,2026-09-29T20:11:43Z
2021,Arkansas,SEC,passingTDs,22,2026-09-29T20:11:43Z
2021,Arkansas,SEC,passingTDsOpponent,16,2026-09-29T20:11:43Z
2021,Arkansas,SEC,penalties,103,2026-09-29T20:11:43Z
2021,Arkansas,SEC,penaltiesOpponent,84,2026-09-29T20:11:43Z
2021,Arkansas,SEC,penaltyYards,820,2026-09-29T20:11:43Z
2021,Arkansas,SEC,penaltyYardsOpponent,616,2026-09-29T20:11:43Z
2021,Arkansas,SEC,possessionTime,23010,2026-09-29T20:11:43Z
2021,Arkansas,SEC,possessionTimeOpponent,23790,2026-09-29T20:11:43Z
2021,Arkansas,SEC,puntReturns,25,2026-09-29T20:11:43Z
2021,Arkansas,SEC,puntReturnsOpponent,21,2026-09-29T20:11:43Z
2021,Arkansas,SEC,puntReturnTDs,1,2026-09-29T20:11:43Z
2021,Arkansas,SEC,puntReturnTDsOpponent,1,2026-09-29T20:11:43Z
2021,Arkansas,SEC,puntReturnYards,264,2026-09-29T20:11:43Z
2021,Arkansas,SEC,puntReturnYardsOpponent,149,2026-09-29T20:11:43Z
2021,Arkansas,SEC,rushingAttempts,588,2026-09-29T20:11:43Z
2021,Arkansas,SEC,rushingAttemptsOpponent,497,2026-09-29T20:11:43Z
2021,Arkansas,SEC,rushingTDs,26,2026-09-29T20:11:43Z
2021,Arkansas,SEC,rushingTDsOpponent,17,2026-09-29T20:11:43Z
2021,Arkansas,SEC,rushingYards,2961,2026-09-29T20:11:43Z
2021,Arkansas,SEC,rushingYardsOpponent,2001,2026-09-29T20:11:43Z
2021,Arkansas,SEC,sacks,24,2026-09-29T20:11:43Z
2021,Arkansas,SEC,sacksOpponent,30,2026-09-29T20:11:43Z
2021,Arkansas,SEC,tacklesForLoss,79,2026-09-29T20:11:43Z
2021,Arkansas,SEC,tacklesForLossOpponent,88,2026-09-29T20:11:43Z
2021,Arkansas,SEC,thirdDownConversions,64,2026-09-29T20:11:43Z
2021,Arkansas,SEC,thirdDownConversionsOpponent,62,2026-09-29T20:11:43Z
2021,Arkansas,SEC,thirdDowns,173,2026-09-29T20:11:43Z
2021,Arkansas,SEC,thirdDownsOpponent,185,2026-09-29T20:11:43Z
2021,Arkansas,SEC,totalYards,5742,2026-09-29T20:11:43Z
2021,Arkansas,SEC,totalYardsOpponent,4780,2026-09-29T20:11:43Z
2021,Arkansas,SEC,turnovers,11,2026-09-29T20:11:43Z
2021,Arkansas,SEC,turnoversOpponent,16,2026-09-29T20:11:43Z
2021,Arkansas State,Sun Belt,firstDowns,257,2026-09-29T20:11:43Z
2021,Arkansas State,Sun Belt,firstDownsOpponent,268,2026-09-29T20:11:43Z
2021,Arkansas State,Sun Belt,fourthDownConversions,5,2026-09-29T20:11:43Z
2021,Arkansas State,Sun Belt,fourthDownConversionsOpponent,11,2026-09-29T20:11:43Z
2021,Arkansas State,Sun Belt,fourthDowns,17,2026-09-29T20:11:43Z
2021,Arkansas State,Sun Belt,fourthDownsOpponent,13,2026-09-29T20:11:43Z
2021,Arkansas State,Sun Belt,fumblesLost,5,2026-09-29T20:11:43Z
2021,Arkansas State,Sun Belt,fumblesLostOpponent,6,2026-09-29T20:11:43Z
2021,Arkansas State,Sun Belt,fumblesRecovered,5,2026-09-29T20:11:43Z
2021,Arkansas State,Sun Belt,fumblesRecoveredOpponent,5,2026-09-29T20:11:43Z
2021,Arkansas State,Sun Belt,games,12,2026-09-29T20:11:43Z
2021,Arkansas State,Sun Belt,interceptions,17,2026-09-29T20:11:43Z
2021,Arkansas State,Sun Belt,interceptionsOpponent,11,2026-09-29T20:11:43Z
2021,Arkansas State,Sun Belt,interceptionTDs,0,2026-09-29T20:11:43Z
2021,Arkansas State,Sun Belt,interceptionTDsOpponent,3,2026-09-29T20:11:43Z
2021,Arkansas State,Sun Belt,interceptionYards,93,2026-09-29T20:11:43Z
2021,Arkansas State,Sun Belt,interceptionYardsOpponent,204,2026-09-29T20:11:43Z
2021,Arkansas State,Sun Belt,kickReturns,63,2026-09-29T20:11:43Z
2021,Arkansas State,Sun Belt,kickReturnsOpponent,31,2026-09-29T20:11:43Z
2021,Arkansas State,Sun Belt,kickReturnTDs,2,2026-09-29T20:11:43Z
2021,Arkansas State,Sun Belt,kickReturnTDsOpponent,0,2026-09-29T20:11:43Z
2021,Arkansas State,Sun Belt,kickReturnYards,1400,2026-09-29T20:11:43Z
2021,Arkansas State,Sun Belt,kickReturnYardsOpponent,517,2026-09-29T20:11:43Z
2021,Arkansas State,Sun Belt,netPassingYards,3757,2026-09-29T20:11:43Z
2021,Arkansas State,Sun Belt,netPassingYardsOpponent,2938,2026-09-29T20:11:43Z
2021,Arkansas State,Sun Belt,passAttempts,525,2026-09-29T20:11:43Z
2021,Arkansas State,Sun Belt,passAttemptsOpponent,352,2026-09-29T20:11:43Z
2021,Arkansas State,Sun Belt,passCompletions,310,2026-09-29T20:11:43Z
2021,Arkansas State,Sun Belt,passCompletionsOpponent,206,2026-09-29T20:11:43Z
2021,Arkansas State,Sun Belt,passesIntercepted,9,2026-09-29T20:11:43Z
2021,Arkansas State,Sun Belt,passesInterceptedOpponent,17,2026-09-29T20:11:43Z
2021,Arkansas State,Sun Belt,passingTDs,27,2026-09-29T20:11:43Z
2021,Arkansas State,Sun Belt,passingTDsOpponent,26,2026-09-29T20:11:43Z
2021,Arkansas State,Sun Belt,penalties,67,2026-09-29T20:11:43Z
2021,Arkansas State,Sun Belt,penaltiesOpponent,82,2026-09-29T20:11:43Z
2021,Arkansas State,Sun Belt,penaltyYards,552,2026-09-29T20:11:43Z
2021,Arkansas State,Sun Belt,penaltyYardsOpponent,825,2026-09-29T20:11:43Z
2021,Arkansas State,Sun Belt,possessionTime,20968,2026-09-29T20:11:43Z
2021,Arkansas State,Sun Belt,possessionTimeOpponent,22232,2026-09-29T20:11:43Z
2021,Arkansas State,Sun Belt,puntReturns,17,2026-09-29T20:11:43Z
2021,Arkansas State,Sun Belt,puntReturnsOpponent,21,2026-09-29T20:11:43Z
2021,Arkansas State,Sun Belt,puntReturnTDs,1,2026-09-29T20:11:43Z
2021,Arkansas State,Sun Belt,puntReturnTDsOpponent,0,2026-09-29T20:11:43Z
2021,Arkansas State,Sun Belt,puntReturnYards,131,2026-09-29T20:11:43Z
2021,Arkansas State,Sun Belt,puntReturnYardsOpponent,77,2026-09-29T20:11:43Z
2021,Arkansas State,Sun Belt,rushingAttempts,349,2026-09-29T20:11:43Z
2021,Arkansas State,Sun Belt,rushingAttemptsOpponent,488,2026-09-29T20:11:43Z
2021,Arkansas State,Sun Belt,rushingTDs,4,2026-09-29T20:11:43Z
2021,Arkansas State,Sun Belt,rushingTDsOpponent,32,2026-09-29T20:11:43Z
2021,Arkansas State,Sun Belt,rushingYards,975,2026-09-29T20:11:43Z
2021,Arkansas State,Sun Belt,rushingYardsOpponent,3133,2026-09-29T20:11:43Z
2021,Arkansas State,Sun Belt,sacks,24,2026-09-29T20:11:43Z
2021,Arkansas State,Sun Belt,sacksOpponent,48,2026-09-29T20:11:43Z
2021,Arkansas State,Sun Belt,tacklesForLoss,66,2026-09-29T20:11:43Z
2021,Arkansas State,Sun Belt,tacklesForLossOpponent,104,2026-09-29T20:11:43Z
2021,Arkansas State,Sun Belt,thirdDownConversions,58,2026-09-29T20:11:43Z
2021,Arkansas State,Sun Belt,thirdDownConversionsOpponent,67,2026-09-29T20:11:43Z
2021,Arkansas State,Sun Belt,thirdDowns,179,2026-09-29T20:11:43Z
2021,Arkansas State,Sun Belt,thirdDownsOpponent,162,2026-09-29T20:11:43Z
2021,Arkansas State,Sun Belt,totalYards,4732,2026-09-29T20:11:43Z
2021,Arkansas State,Sun Belt,totalYardsOpponent,6071,2026-09-29T20:11:43Z
2021,Arkansas State,Sun Belt,turnovers,22,2026-09-29T20:11:43Z
2021,Arkansas State,Sun Belt,turnoversOpponent,17,2026-09-29T20:11:43Z
2021,Army,FBS Independents,firstDowns,261,2026-09-29T20:11:43Z
2021,Army,FBS Independents,firstDownsOpponent,216,2026-09-29T20:11:43Z
2021,Army,FBS Independents,fourthDownConversions,30,2026-09-29T20:11:43Z
2021,Army,FBS Independents,fourthDownConversionsOpponent,11,2026-09-29T20:11:43Z
2021,Army,FBS Independents,fourthDowns,41,2026-09-29T20:11:43Z
2021,Army,FBS Independents,fourthDownsOpponent,31,2026-09-29T20:11:43Z
2021,Army,FBS Independents,fumblesLost,5,2026-09-29T20:11:43Z
2021,Army,FBS Independents,fumblesLostOpponent,6,2026-09-29T20:11:43Z
2021,Army,FBS Independents,fumblesRecovered,7,2026-09-29T20:11:43Z
2021,Army,FBS Independents,fumblesRecoveredOpponent,6,2026-09-29T20:11:43Z
2021,Army,FBS Independents,games,13,2026-09-29T20:11:43Z
2021,Army,FBS Independents,interceptions,3,2026-09-29T20:11:43Z
2021,Army,FBS Independents,interceptionsOpponent,10,2026-09-29T20:11:43Z
2021,Army,FBS Independents,interceptionTDs,0,2026-09-29T20:11:43Z
2021,Army,FBS Independents,interceptionTDsOpponent,1,2026-09-29T20:11:43Z
2021,Army,FBS Independents,interceptionYards,141,2026-09-29T20:11:43Z
2021,Army,FBS Independents,interceptionYardsOpponent,83,2026-09-29T20:11:43Z
2021,Army,FBS Independents,kickReturns,25,2026-09-29T20:11:43Z
2021,Army,FBS Independents,kickReturnsOpponent,39,2026-09-29T20:11:43Z
2021,Army,FBS Independents,kickReturnTDs,0,2026-09-29T20:11:43Z
2021,Army,FBS Independents,kickReturnTDsOpponent,2,2026-09-29T20:11:43Z
2021,Army,FBS Independents,kickReturnYards,161,2026-09-29T20:11:43Z
2021,Army,FBS Independents,kickReturnYardsOpponent,626,2026-09-29T20:11:43Z
2021,Army,FBS Independents,netPassingYards,1233,2026-09-29T20:11:43Z
2021,Army,FBS Independents,netPassingYardsOpponent,2745,2026-09-29T20:11:43Z
2021,Army,FBS Independents,passAttempts,110,2026-09-29T20:11:43Z
2021,Army,FBS Independents,passAttemptsOpponent,340,2026-09-29T20:11:43Z
2021,Army,FBS Independents,passCompletions,60,2026-09-29T20:11:43Z
2021,Army,FBS Independents,passCompletionsOpponent,202,2026-09-29T20:11:43Z
2021,Army,FBS Independents,passesIntercepted,10,2026-09-29T20:11:43Z
2021,Army,FBS Independents,passesInterceptedOpponent,3,2026-09-29T20:11:43Z
2021,Army,FBS Independents,passingTDs,11,2026-09-29T20:11:43Z
2021,Army,FBS Independents,passingTDsOpponent,15,2026-09-29T20:11:43Z
2021,Army,FBS Independents,penalties,50,2026-09-29T20:11:43Z
2021,Army,FBS Independents,penaltiesOpponent,63,2026-09-29T20:11:43Z
2021,Army,FBS Independents,penaltyYards,479,2026-09-29T20:11:43Z
2021,Army,FBS Independents,penaltyYardsOpponent,484,2026-09-29T20:11:43Z
2021,Army,FBS Independents,possessionTime,27673,2026-09-29T20:11:43Z
2021,Army,FBS Independents,possessionTimeOpponent,19127,2026-09-29T20:11:43Z
2021,Army,FBS Independents,puntReturns,14,2026-09-29T20:11:43Z
2021,Army,FBS Independents,puntReturnsOpponent,8,2026-09-29T20:11:43Z
2021,Army,FBS Independents,puntReturnTDs,0,2026-09-29T20:11:43Z
2021,Army,FBS Independents,puntReturnTDsOpponent,0,2026-09-29T20:11:43Z
2021,Army,FBS Independents,puntReturnYards,154,2026-09-29T20:11:43Z
2021,Army,FBS Independents,puntReturnYardsOpponent,40,2026-09-29T20:11:43Z
2021,Army,FBS Independents,rushingAttempts,758,2026-09-29T20:11:43Z
2021,Army,FBS Independents,rushingAttemptsOpponent,401,2026-09-29T20:11:43Z
2021,Army,FBS Independents,rushingTDs,46,2026-09-29T20:11:43Z
2021,Army,FBS Independents,rushingTDsOpponent,19,2026-09-29T20:11:43Z
2021,Army,FBS Independents,rushingYards,3648,2026-09-29T20:11:43Z
2021,Army,FBS Independents,rushingYardsOpponent,1531,2026-09-29T20:11:43Z
2021,Army,FBS Independents,sacks,28,2026-09-29T20:11:43Z
2021,Army,FBS Independents,sacksOpponent,7,2026-09-29T20:11:43Z
2021,Army,FBS Independents,tacklesForLoss,62,2026-09-29T20:11:43Z
2021,Army,FBS Independents,tacklesForLossOpponent,48,2026-09-29T20:11:43Z
2021,Army,FBS Independents,thirdDownConversions,82,2026-09-29T20:11:43Z
2021,Army,FBS Independents,thirdDownConversionsOpponent,61,2026-09-29T20:11:43Z
2021,Army,FBS Independents,thirdDowns,178,2026-09-29T20:11:43Z
2021,Army,FBS Independents,thirdDownsOpponent,150,2026-09-29T20:11:43Z
2021,Army,FBS Independents,totalYards,4881,2026-09-29T20:11:43Z
2021,Army,FBS Independents,totalYardsOpponent,4276,2026-09-29T20:11:43Z
2021,Army,FBS Independents,turnovers,8,2026-09-29T20:11:43Z
2021,Army,FBS Independents,turnoversOpponent,16,2026-09-29T20:11:43Z
2021,Auburn,SEC,firstDowns,271,2026-09-29T20:11:43Z
2021,Auburn,SEC,firstDownsOpponent,262,2026-09-29T20:11:43Z
2021,Auburn,SEC,fourthDownConversions,13,2026-09-29T20:11:43Z
2021,Auburn,SEC,fourthDownConversionsOpponent,10,2026-09-29T20:11:43Z
2021,Auburn,SEC,fourthDowns,23,2026-09-29T20:11:43Z
2021,Auburn,SEC,fourthDownsOpponent,27,2026-09-29T20:11:43Z
2021,Auburn,SEC,fumblesLost,8,2026-09-29T20:11:43Z
2021,Auburn,SEC,fumblesLostOpponent,3,2026-09-29T20:11:43Z
2021,Auburn,SEC,fumblesRecovered,4,2026-09-29T20:11:43Z
2021,Auburn,SEC,fumblesRecoveredOpponent,9,2026-09-29T20:11:43Z
2021,Auburn,SEC,games,13,2026-09-29T20:11:43Z
2021,Auburn,SEC,interceptions,4,2026-09-29T20:11:43Z
2021,Auburn,SEC,interceptionsOpponent,9,2026-09-29T20:11:43Z
2021,Auburn,SEC,interceptionTDs,2,2026-09-29T20:11:43Z
2021,Auburn,SEC,interceptionTDsOpponent,0,2026-09-29T20:11:43Z
2021,Auburn,SEC,interceptionYards,110,2026-09-29T20:11:43Z
2021,Auburn,SEC,interceptionYardsOpponent,-3,2026-09-29T20:11:43Z
2021,Auburn,SEC,kickReturns,27,2026-09-29T20:11:43Z
2021,Auburn,SEC,kickReturnsOpponent,24,2026-09-29T20:11:43Z
2021,Auburn,SEC,kickReturnTDs,0,2026-09-29T20:11:43Z
2021,Auburn,SEC,kickReturnTDsOpponent,0,2026-09-29T20:11:43Z
2021,Auburn,SEC,kickReturnYards,621,2026-09-29T20:11:43Z
2021,Auburn,SEC,kickReturnYardsOpponent,382,2026-09-29T20:11:43Z
2021,Auburn,SEC,netPassingYards,3121,2026-09-29T20:11:43Z
2021,Auburn,SEC,netPassingYardsOpponent,3195,2026-09-29T20:11:43Z
2021,Auburn,SEC,passAttempts,455,2026-09-29T20:11:43Z
2021,Auburn,SEC,passAttemptsOpponent,450,2026-09-29T20:11:43Z
2021,Auburn,SEC,passCompletions,267,2026-09-29T20:11:43Z
2021,Auburn,SEC,passCompletionsOpponent,289,2026-09-29T20:11:43Z
2021,Auburn,SEC,passesIntercepted,9,2026-09-29T20:11:43Z
2021,Auburn,SEC,passesInterceptedOpponent,4,2026-09-29T20:11:43Z
2021,Auburn,SEC,passingTDs,17,2026-09-29T20:11:43Z
2021,Auburn,SEC,passingTDsOpponent,23,2026-09-29T20:11:43Z
2021,Auburn,SEC,penalties,73,2026-09-29T20:11:43Z
2021,Auburn,SEC,penaltiesOpponent,69,2026-09-29T20:11:43Z
2021,Auburn,SEC,penaltyYards,598,2026-09-29T20:11:43Z
2021,Auburn,SEC,penaltyYardsOpponent,566,2026-09-29T20:11:43Z
2021,Auburn,SEC,possessionTime,21736,2026-09-29T20:11:43Z
2021,Auburn,SEC,possessionTimeOpponent,25063,2026-09-29T20:11:43Z
2021,Auburn,SEC,puntReturns,23,2026-09-29T20:11:43Z
2021,Auburn,SEC,puntReturnsOpponent,8,2026-09-29T20:11:43Z
2021,Auburn,SEC,puntReturnTDs,1,2026-09-29T20:11:43Z
2021,Auburn,SEC,puntReturnTDsOpponent,0,2026-09-29T20:11:43Z
2021,Auburn,SEC,puntReturnYards,204,2026-09-29T20:11:43Z
2021,Auburn,SEC,puntReturnYardsOpponent,33,2026-09-29T20:11:43Z
2021,Auburn,SEC,rushingAttempts,443,2026-09-29T20:11:43Z
2021,Auburn,SEC,rushingAttemptsOpponent,470,2026-09-29T20:11:43Z
2021,Auburn,SEC,rushingTDs,22,2026-09-29T20:11:43Z
2021,Auburn,SEC,rushingTDsOpponent,8,2026-09-29T20:11:43Z
2021,Auburn,SEC,rushingYards,2096,2026-09-29T20:11:43Z
2021,Auburn,SEC,rushingYardsOpponent,1641,2026-09-29T20:11:43Z
2021,Auburn,SEC,sacks,36,2026-09-29T20:11:43Z
2021,Auburn,SEC,sacksOpponent,22,2026-09-29T20:11:43Z
2021,Auburn,SEC,tacklesForLoss,97,2026-09-29T20:11:43Z
2021,Auburn,SEC,tacklesForLossOpponent,63,2026-09-29T20:11:43Z
2021,Auburn,SEC,thirdDownConversions,74,2026-09-29T20:11:43Z
2021,Auburn,SEC,thirdDownConversionsOpponent,67,2026-09-29T20:11:43Z
2021,Auburn,SEC,thirdDowns,184,2026-09-29T20:11:43Z
2021,Auburn,SEC,thirdDownsOpponent,187,2026-09-29T20:11:43Z
2021,Auburn,SEC,totalYards,5217,2026-09-29T20:11:43Z
2021,Auburn,SEC,totalYardsOpponent,4836,2026-09-29T20:11:43Z
2021,Auburn,SEC,turnovers,12,2026-09-29T20:11:43Z
2021,Auburn,SEC,turnoversOpponent,12,2026-09-29T20:11:43Z
2021,Ball State,Mid-American,firstDowns,248,2026-09-29T20:11:43Z
2021,Ball State,Mid-American,firstDownsOpponent,288,2026-09-29T20:11:43Z
2021,Ball State,Mid-American,fourthDownConversions,11,2026-09-29T20:11:43Z
2021,Ball State,Mid-American,fourthDownConversionsOpponent,11,2026-09-29T20:11:43Z
2021,Ball State,Mid-American,fourthDowns,21,2026-09-29T20:11:43Z
2021,Ball State,Mid-American,fourthDownsOpponent,21,2026-09-29T20:11:43Z
2021,Ball State,Mid-American,fumblesLost,5,2026-09-29T20:11:43Z
2021,Ball State,Mid-American,fumblesLostOpponent,4,2026-09-29T20:11:43Z
2021,Ball State,Mid-American,fumblesRecovered,4,2026-09-29T20:11:43Z
2021,Ball State,Mid-American,fumblesRecoveredOpponent,7,2026-09-29T20:11:43Z
2021,Ball State,Mid-American,games,13,2026-09-29T20:11:43Z
2021,Ball State,Mid-American,interceptions,7,2026-09-29T20:11:43Z
2021,Ball State,Mid-American,interceptionsOpponent,15,2026-09-29T20:11:43Z
2021,Ball State,Mid-American,interceptionTDs,0,2026-09-29T20:11:43Z
2021,Ball State,Mid-American,interceptionTDsOpponent,4,2026-09-29T20:11:43Z
2021,Ball State,Mid-American,interceptionYards,140,2026-09-29T20:11:43Z
2021,Ball State,Mid-American,interceptionYardsOpponent,171,2026-09-29T20:11:43Z
2021,Ball State,Mid-American,kickReturns,31,2026-09-29T20:11:43Z
2021,Ball State,Mid-American,kickReturnsOpponent,24,2026-09-29T20:11:43Z
2021,Ball State,Mid-American,kickReturnTDs,1,2026-09-29T20:11:43Z
2021,Ball State,Mid-American,kickReturnTDsOpponent,0,2026-09-29T20:11:43Z
2021,Ball State,Mid-American,kickReturnYards,703,2026-09-29T20:11:43Z
2021,Ball State,Mid-American,kickReturnYardsOpponent,378,2026-09-29T20:11:43Z
2021,Ball State,Mid-American,netPassingYards,2699,2026-09-29T20:11:43Z
2021,Ball State,Mid-American,netPassingYardsOpponent,3159,2026-09-29T20:11:43Z
2021,Ball State,Mid-American,passAttempts,440,2026-09-29T20:11:43Z
2021,Ball State,Mid-American,passAttemptsOpponent,397,2026-09-29T20:11:43Z
2021,Ball State,Mid-American,passCompletions,267,2026-09-29T20:11:43Z
2021,Ball State,Mid-American,passCompletionsOpponent,262,2026-09-29T20:11:43Z
2021,Ball State,Mid-American,passesIntercepted,15,2026-09-29T20:11:43Z
2021,Ball State,Mid-American,passesInterceptedOpponent,7,2026-09-29T20:11:43Z
2021,Ball State,Mid-American,passingTDs,18,2026-09-29T20:11:43Z
2021,Ball State,Mid-American,passingTDsOpponent,17,2026-09-29T20:11:43Z
2021,Ball State,Mid-American,penalties,64,2026-09-29T20:11:43Z
2021,Ball State,Mid-American,penaltiesOpponent,74,2026-09-29T20:11:43Z
2021,Ball State,Mid-American,penaltyYards,531,2026-09-29T20:11:43Z
2021,Ball State,Mid-American,penaltyYardsOpponent,704,2026-09-29T20:11:43Z
2021,Ball State,Mid-American,possessionTime,21572,2026-09-29T20:11:43Z
2021,Ball State,Mid-American,possessionTimeOpponent,25228,2026-09-29T20:11:43Z
2021,Ball State,Mid-American,puntReturns,20,2026-09-29T20:11:43Z
2021,Ball State,Mid-American,puntReturnsOpponent,7,2026-09-29T20:11:43Z
2021,Ball State,Mid-American,puntReturnTDs,0,2026-09-29T20:11:43Z
2021,Ball State,Mid-American,puntReturnTDsOpponent,0,2026-09-29T20:11:43Z
2021,Ball State,Mid-American,puntReturnYards,169,2026-09-29T20:11:43Z
2021,Ball State,Mid-American,puntReturnYardsOpponent,28,2026-09-29T20:11:43Z
2021,Ball State,Mid-American,rushingAttempts,444,2026-09-29T20:11:43Z
2021,Ball State,Mid-American,rushingAttemptsOpponent,528,2026-09-29T20:11:43Z
2021,Ball State,Mid-American,rushingTDs,17,2026-09-29T20:11:43Z
2021,Ball State,Mid-American,rushingTDsOpponent,22,2026-09-29T20:11:43Z
2021,Ball State,Mid-American,rushingYards,1685,2026-09-29T20:11:43Z
2021,Ball State,Mid-American,rushingYardsOpponent,2293,2026-09-29T20:11:43Z
2021,Ball State,Mid-American,sacks,23,2026-09-29T20:11:43Z
2021,Ball State,Mid-American,sacksOpponent,24,2026-09-29T20:11:43Z
2021,Ball State,Mid-American,tacklesForLoss,69,2026-09-29T20:11:43Z
2021,Ball State,Mid-American,tacklesForLossOpponent,63,2026-09-29T20:11:43Z
2021,Ball State,Mid-American,thirdDownConversions,75,2026-09-29T20:11:43Z
2021,Ball State,Mid-American,thirdDownConversionsOpponent,70,2026-09-29T20:11:43Z
2021,Ball State,Mid-American,thirdDowns,188,2026-09-29T20:11:43Z
2021,Ball State,Mid-American,thirdDownsOpponent,171,2026-09-29T20:11:43Z
2021,Ball State,Mid-American,totalYards,4384,2026-09-29T20:11:43Z
2021,Ball State,Mid-American,totalYardsOpponent,5452,2026-09-29T20:11:43Z
2021,Ball State,Mid-American,turnovers,12,2026-09-29T20:11:43Z
2021,Ball State,Mid-American,turnoversOpponent,19,2026-09-29T20:11:43Z
2021,Baylor,Big 12,firstDowns,290,2026-09-29T20:11:43Z
2021,Baylor,Big 12,firstDownsOpponent,270,2026-09-29T20:11:43Z
2021,Baylor,Big 12,fourthDownConversions,22,2026-09-29T20:11:43Z
2021,Baylor,Big 12,fourthDownConversionsOpponent,17,2026-09-29T20:11:43Z
2021,Baylor,Big 12,fourthDowns,35,2026-09-29T20:11:43Z
2021,Baylor,Big 12,fourthDownsOpponent,28,2026-09-29T20:11:43Z
2021,Baylor,Big 12,fumblesLost,8,2026-09-29T20:11:43Z
2021,Baylor,Big 12,fumblesLostOpponent,8,2026-09-29T20:11:43Z
2021,Baylor,Big 12,fumblesRecovered,6,2026-09-29T20:11:43Z
2021,Baylor,Big 12,fumblesRecoveredOpponent,7,2026-09-29T20:11:43Z
2021,Baylor,Big 12,games,14,2026-09-29T20:11:43Z
2021,Baylor,Big 12,interceptions,7,2026-09-29T20:11:43Z
2021,Baylor,Big 12,interceptionsOpponent,19,2026-09-29T20:11:43Z
2021,Baylor,Big 12,interceptionTDs,2,2026-09-29T20:11:43Z
2021,Baylor,Big 12,interceptionTDsOpponent,0,2026-09-29T20:11:43Z
2021,Baylor,Big 12,interceptionYards,254,2026-09-29T20:11:43Z
2021,Baylor,Big 12,interceptionYardsOpponent,49,2026-09-29T20:11:43Z
2021,Baylor,Big 12,kickReturns,30,2026-09-29T20:11:43Z
2021,Baylor,Big 12,kickReturnsOpponent,6,2026-09-29T20:11:43Z
2021,Baylor,Big 12,kickReturnTDs,1,2026-09-29T20:11:43Z
2021,Baylor,Big 12,kickReturnTDsOpponent,0,2026-09-29T20:11:43Z
2021,Baylor,Big 12,kickReturnYards,650,2026-09-29T20:11:43Z
2021,Baylor,Big 12,kickReturnYardsOpponent,112,2026-09-29T20:11:43Z
2021,Baylor,Big 12,netPassingYards,2843,2026-09-29T20:11:43Z
2021,Baylor,Big 12,netPassingYardsOpponent,3185,2026-09-29T20:11:43Z
2021,Baylor,Big 12,passAttempts,365,2026-09-29T20:11:43Z
2021,Baylor,Big 12,passAttemptsOpponent,443,2026-09-29T20:11:43Z
2021,Baylor,Big 12,passCompletions,237,2026-09-29T20:11:43Z
2021,Baylor,Big 12,passCompletionsOpponent,266,2026-09-29T20:11:43Z
2021,Baylor,Big 12,passesIntercepted,19,2026-09-29T20:11:43Z
2021,Baylor,Big 12,passesInterceptedOpponent,7,2026-09-29T20:11:43Z
2021,Baylor,Big 12,passingTDs,24,2026-09-29T20:11:43Z
2021,Baylor,Big 12,passingTDsOpponent,13,2026-09-29T20:11:43Z
2021,Baylor,Big 12,penalties,75,2026-09-29T20:11:43Z
2021,Baylor,Big 12,penaltiesOpponent,72,2026-09-29T20:11:43Z
2021,Baylor,Big 12,penaltyYards,677,2026-09-29T20:11:43Z
2021,Baylor,Big 12,penaltyYardsOpponent,627,2026-09-29T20:11:43Z
2021,Baylor,Big 12,possessionTime,26367,2026-09-29T20:11:43Z
2021,Baylor,Big 12,possessionTimeOpponent,24033,2026-09-29T20:11:43Z
2021,Baylor,Big 12,puntReturns,19,2026-09-29T20:11:43Z
2021,Baylor,Big 12,puntReturnsOpponent,12,2026-09-29T20:11:43Z
2021,Baylor,Big 12,puntReturnTDs,0,2026-09-29T20:11:43Z
2021,Baylor,Big 12,puntReturnTDsOpponent,0,2026-09-29T20:11:43Z
2021,Baylor,Big 12,puntReturnYards,154,2026-09-29T20:11:43Z
2021,Baylor,Big 12,puntReturnYardsOpponent,44,2026-09-29T20:11:43Z
2021,Baylor,Big 12,rushingAttempts,572,2026-09-29T20:11:43Z
2021,Baylor,Big 12,rushingAttemptsOpponent,497,2026-09-29T20:11:43Z
2021,Baylor,Big 12,rushingTDs,29,2026-09-29T20:11:43Z
2021,Baylor,Big 12,rushingTDsOpponent,16,2026-09-29T20:11:43Z
2021,Baylor,Big 12,rushingYards,3070,2026-09-29T20:11:43Z
2021,Baylor,Big 12,rushingYardsOpponent,1656,2026-09-29T20:11:43Z
2021,Baylor,Big 12,sacks,44,2026-09-29T20:11:43Z
2021,Baylor,Big 12,sacksOpponent,18,2026-09-29T20:11:43Z
2021,Baylor,Big 12,tacklesForLoss,103,2026-09-29T20:11:43Z
2021,Baylor,Big 12,tacklesForLossOpponent,84,2026-09-29T20:11:43Z
2021,Baylor,Big 12,thirdDownConversions,77,2026-09-29T20:11:43Z
2021,Baylor,Big 12,thirdDownConversionsOpponent,68,2026-09-29T20:11:43Z
2021,Baylor,Big 12,thirdDowns,183,2026-09-29T20:11:43Z
2021,Baylor,Big 12,thirdDownsOpponent,201,2026-09-29T20:11:43Z
2021,Baylor,Big 12,totalYards,5913,2026-09-29T20:11:43Z
2021,Baylor,Big 12,totalYardsOpponent,4841,2026-09-29T20:11:43Z
2021,Baylor,Big 12,turnovers,15,2026-09-29T20:11:43Z
2021,Baylor,Big 12,turnoversOpponent,27,2026-09-29T20:11:43Z
2021,Boise State,Mountain West,firstDowns,264,2026-09-29T20:11:43Z
2021,Boise State,Mountain West,firstDownsOpponent,225,2026-09-29T20:11:43Z
2021,Boise State,Mountain West,fourthDownConversions,6,2026-09-29T20:11:43Z
2021,Boise State,Mountain West,fourthDownConversionsOpponent,6,2026-09-29T20:11:43Z
2021,Boise State,Mountain West,fourthDowns,16,2026-09-29T20:11:43Z
2021,Boise State,Mountain West,fourthDownsOpponent,15,2026-09-29T20:11:43Z
2021,Boise State,Mountain West,fumblesLost,5,2026-09-29T20:11:43Z
2021,Boise State,Mountain West,fumblesLostOpponent,10,2026-09-29T20:11:43Z
2021,Boise State,Mountain West,fumblesRecovered,10,2026-09-29T20:11:43Z
2021,Boise State,Mountain West,fumblesRecoveredOpponent,7,2026-09-29T20:11:43Z
2021,Boise State,Mountain West,games,12,2026-09-29T20:11:43Z
2021,Boise State,Mountain West,interceptions,10,2026-09-29T20:11:43Z
2021,Boise State,Mountain West,interceptionsOpponent,13,2026-09-29T20:11:43Z
2021,Boise State,Mountain West,interceptionTDs,1,2026-09-29T20:11:43Z
2021,Boise State,Mountain West,interceptionTDsOpponent,0,2026-09-29T20:11:43Z
2021,Boise State,Mountain West,interceptionYards,268,2026-09-29T20:11:43Z
2021,Boise State,Mountain West,interceptionYardsOpponent,82,2026-09-29T20:11:43Z
2021,Boise State,Mountain West,kickReturns,24,2026-09-29T20:11:43Z
2021,Boise State,Mountain West,kickReturnsOpponent,38,2026-09-29T20:11:43Z
2021,Boise State,Mountain West,kickReturnTDs,0,2026-09-29T20:11:43Z
2021,Boise State,Mountain West,kickReturnTDsOpponent,0,2026-09-29T20:11:43Z
2021,Boise State,Mountain West,kickReturnYards,484,2026-09-29T20:11:43Z
2021,Boise State,Mountain West,kickReturnYardsOpponent,683,2026-09-29T20:11:43Z
2021,Boise State,Mountain West,netPassingYards,3127,2026-09-29T20:11:43Z
2021,Boise State,Mountain West,netPassingYardsOpponent,2483,2026-09-29T20:11:43Z
2021,Boise State,Mountain West,passAttempts,410,2026-09-29T20:11:43Z
2021,Boise State,Mountain West,passAttemptsOpponent,323,2026-09-29T20:11:43Z
2021,Boise State,Mountain West,passCompletions,254,2026-09-29T20:11:43Z
2021,Boise State,Mountain West,passCompletionsOpponent,186,2026-09-29T20:11:43Z
2021,Boise State,Mountain West,passesIntercepted,13,2026-09-29T20:11:43Z
2021,Boise State,Mountain West,passesInterceptedOpponent,10,2026-09-29T20:11:43Z
2021,Boise State,Mountain West,passingTDs,20,2026-09-29T20:11:43Z
2021,Boise State,Mountain West,passingTDsOpponent,12,2026-09-29T20:11:43Z
2021,Boise State,Mountain West,penalties,60,2026-09-29T20:11:43Z
2021,Boise State,Mountain West,penaltiesOpponent,95,2026-09-29T20:11:43Z
2021,Boise State,Mountain West,penaltyYards,595,2026-09-29T20:11:43Z
2021,Boise State,Mountain West,penaltyYardsOpponent,758,2026-09-29T20:11:43Z
2021,Boise State,Mountain West,possessionTime,21573,2026-09-29T20:11:43Z
2021,Boise State,Mountain West,possessionTimeOpponent,21627,2026-09-29T20:11:43Z
2021,Boise State,Mountain West,puntReturns,17,2026-09-29T20:11:43Z
2021,Boise State,Mountain West,puntReturnsOpponent,12,2026-09-29T20:11:43Z
2021,Boise State,Mountain West,puntReturnTDs,3,2026-09-29T20:11:43Z
2021,Boise State,Mountain West,puntReturnTDsOpponent,0,2026-09-29T20:11:43Z
2021,Boise State,Mountain West,puntReturnYards,238,2026-09-29T20:11:43Z
2021,Boise State,Mountain West,puntReturnYardsOpponent,93,2026-09-29T20:11:43Z
2021,Boise State,Mountain West,rushingAttempts,460,2026-09-29T20:11:43Z
2021,Boise State,Mountain West,rushingAttemptsOpponent,478,2026-09-29T20:11:43Z
2021,Boise State,Mountain West,rushingTDs,15,2026-09-29T20:11:43Z
2021,Boise State,Mountain West,rushingTDsOpponent,14,2026-09-29T20:11:43Z
2021,Boise State,Mountain West,rushingYards,1466,2026-09-29T20:11:43Z
2021,Boise State,Mountain West,rushingYardsOpponent,1903,2026-09-29T20:11:43Z
2021,Boise State,Mountain West,sacks,28,2026-09-29T20:11:43Z
2021,Boise State,Mountain West,sacksOpponent,27,2026-09-29T20:11:43Z
2021,Boise State,Mountain West,tacklesForLoss,66,2026-09-29T20:11:43Z
2021,Boise State,Mountain West,tacklesForLossOpponent,72,2026-09-29T20:11:43Z
2021,Boise State,Mountain West,thirdDownConversions,80,2026-09-29T20:11:43Z
2021,Boise State,Mountain West,thirdDownConversionsOpponent,66,2026-09-29T20:11:43Z
2021,Boise State,Mountain West,thirdDowns,181,2026-09-29T20:11:43Z
2021,Boise State,Mountain West,thirdDownsOpponent,174,2026-09-29T20:11:43Z
2021,Boise State,Mountain West,totalYards,4593,2026-09-29T20:11:43Z
2021,Boise State,Mountain West,totalYardsOpponent,4386,2026-09-29T20:11:43Z
2021,Boise State,Mountain West,turnovers,15,2026-09-29T20:11:43Z
2021,Boise State,Mountain West,turnoversOpponent,23,2026-09-29T20:11:43Z
2021,Boston College,ACC,firstDowns,231,2026-09-29T20:11:43Z
2021,Boston College,ACC,firstDownsOpponent,223,2026-09-29T20:11:43Z
2021,Boston College,ACC,fourthDownConversions,12,2026-09-29T20:11:43Z
2021,Boston College,ACC,fourthDownConversionsOpponent,11,2026-09-29T20:11:43Z
2021,Boston College,ACC,fourthDowns,21,2026-09-29T20:11:43Z
2021,Boston College,ACC,fourthDownsOpponent,22,2026-09-29T20:11:43Z
2021,Boston College,ACC,fumblesLost,7,2026-09-29T20:11:43Z
2021,Boston College,ACC,fumblesLostOpponent,7,2026-09-29T20:11:43Z
2021,Boston College,ACC,fumblesRecovered,7,2026-09-29T20:11:43Z
2021,Boston College,ACC,fumblesRecoveredOpponent,9,2026-09-29T20:11:43Z
2021,Boston College,ACC,games,12,2026-09-29T20:11:43Z
2021,Boston College,ACC,interceptions,11,2026-09-29T20:11:43Z
2021,Boston College,ACC,interceptionsOpponent,10,2026-09-29T20:11:43Z
2021,Boston College,ACC,interceptionTDs,1,2026-09-29T20:11:43Z
2021,Boston College,ACC,interceptionTDsOpponent,0,2026-09-29T20:11:43Z
2021,Boston College,ACC,interceptionYards,27,2026-09-29T20:11:43Z
2021,Boston College,ACC,interceptionYardsOpponent,13,2026-09-29T20:11:43Z
2021,Boston College,ACC,kickReturns,24,2026-09-29T20:11:43Z
2021,Boston College,ACC,kickReturnsOpponent,30,2026-09-29T20:11:43Z
2021,Boston College,ACC,kickReturnTDs,1,2026-09-29T20:11:43Z
2021,Boston College,ACC,kickReturnTDsOpponent,1,2026-09-29T20:11:43Z
2021,Boston College,ACC,kickReturnYards,596,2026-09-29T20:11:43Z
2021,Boston College,ACC,kickReturnYardsOpponent,589,2026-09-29T20:11:43Z
2021,Boston College,ACC,netPassingYards,2217,2026-09-29T20:11:43Z
2021,Boston College,ACC,netPassingYardsOpponent,2082,2026-09-29T20:11:43Z
2021,Boston College,ACC,passAttempts,304,2026-09-29T20:11:43Z
2021,Boston College,ACC,passAttemptsOpponent,309,2026-09-29T20:11:43Z
2021,Boston College,ACC,passCompletions,169,2026-09-29T20:11:43Z
2021,Boston College,ACC,passCompletionsOpponent,179,2026-09-29T20:11:43Z
2021,Boston College,ACC,passesIntercepted,10,2026-09-29T20:11:43Z
2021,Boston College,ACC,passesInterceptedOpponent,11,2026-09-29T20:11:43Z
2021,Boston College,ACC,passingTDs,13,2026-09-29T20:11:43Z
2021,Boston College,ACC,passingTDsOpponent,14,2026-09-29T20:11:43Z
2021,Boston College,ACC,penalties,65,2026-09-29T20:11:43Z
2021,Boston College,ACC,penaltiesOpponent,84,2026-09-29T20:11:43Z
2021,Boston College,ACC,penaltyYards,596,2026-09-29T20:11:43Z
2021,Boston College,ACC,penaltyYardsOpponent,732,2026-09-29T20:11:43Z
2021,Boston College,ACC,possessionTime,21745,2026-09-29T20:11:43Z
2021,Boston College,ACC,possessionTimeOpponent,21455,2026-09-29T20:11:43Z
2021,Boston College,ACC,puntReturns,16,2026-09-29T20:11:43Z
2021,Boston College,ACC,puntReturnsOpponent,18,2026-09-29T20:11:43Z
2021,Boston College,ACC,puntReturnTDs,0,2026-09-29T20:11:43Z
2021,Boston College,ACC,puntReturnTDsOpponent,1,2026-09-29T20:11:43Z
2021,Boston College,ACC,puntReturnYards,79,2026-09-29T20:11:43Z
2021,Boston College,ACC,puntReturnYardsOpponent,212,2026-09-29T20:11:43Z
2021,Boston College,ACC,rushingAttempts,475,2026-09-29T20:11:43Z
2021,Boston College,ACC,rushingAttemptsOpponent,451,2026-09-29T20:11:43Z
2021,Boston College,ACC,rushingTDs,21,2026-09-29T20:11:43Z
2021,Boston College,ACC,rushingTDsOpponent,15,2026-09-29T20:11:43Z
2021,Boston College,ACC,rushingYards,1987,2026-09-29T20:11:43Z
2021,Boston College,ACC,rushingYardsOpponent,2043,2026-09-29T20:11:43Z
2021,Boston College,ACC,sacks,20,2026-09-29T20:11:43Z
2021,Boston College,ACC,sacksOpponent,24,2026-09-29T20:11:43Z
2021,Boston College,ACC,tacklesForLoss,56,2026-09-29T20:11:43Z
2021,Boston College,ACC,tacklesForLossOpponent,75,2026-09-29T20:11:43Z
2021,Boston College,ACC,thirdDownConversions,64,2026-09-29T20:11:43Z
2021,Boston College,ACC,thirdDownConversionsOpponent,51,2026-09-29T20:11:43Z
2021,Boston College,ACC,thirdDowns,159,2026-09-29T20:11:43Z
2021,Boston College,ACC,thirdDownsOpponent,148,2026-09-29T20:11:43Z
2021,Boston College,ACC,totalYards,4204,2026-09-29T20:11:43Z
2021,Boston College,ACC,totalYardsOpponent,4125,2026-09-29T20:11:43Z
2021,Boston College,ACC,turnovers,18,2026-09-29T20:11:43Z
2021,Boston College,ACC,turnoversOpponent,17,2026-09-29T20:11:43Z
2021,Bowling Green,Mid-American,firstDowns,187,2026-09-29T20:11:43Z
2021,Bowling Green,Mid-American,firstDownsOpponent,256,2026-09-29T20:11:43Z
2021,Bowling Green,Mid-American,fourthDownConversions,6,2026-09-29T20:11:43Z
2021,Bowling Green,Mid-American,fourthDownConversionsOpponent,11,2026-09-29T20:11:43Z
2021,Bowling Green,Mid-American,fourthDowns,18,2026-09-29T20:11:43Z
2021,Bowling Green,Mid-American,fourthDownsOpponent,25,2026-09-29T20:11:43Z
2021,Bowling Green,Mid-American,fumblesLost,8,2026-09-29T20:11:43Z
2021,Bowling Green,Mid-American,fumblesLostOpponent,6,2026-09-29T20:11:43Z
2021,Bowling Green,Mid-American,fumblesRecovered,6,2026-09-29T20:11:43Z
2021,Bowling Green,Mid-American,fumblesRecoveredOpponent,8,2026-09-29T20:11:43Z
2021,Bowling Green,Mid-American,games,12,2026-09-29T20:11:43Z
2021,Bowling Green,Mid-American,interceptions,9,2026-09-29T20:11:43Z
2021,Bowling Green,Mid-American,interceptionsOpponent,12,2026-09-29T20:11:43Z
2021,Bowling Green,Mid-American,interceptionTDs,1,2026-09-29T20:11:43Z
2021,Bowling Green,Mid-American,interceptionTDsOpponent,0,2026-09-29T20:11:43Z
2021,Bowling Green,Mid-American,interceptionYards,158,2026-09-29T20:11:43Z
2021,Bowling Green,Mid-American,interceptionYardsOpponent,48,2026-09-29T20:11:43Z
2021,Bowling Green,Mid-American,kickReturns,38,2026-09-29T20:11:43Z
2021,Bowling Green,Mid-American,kickReturnsOpponent,40,2026-09-29T20:11:43Z
2021,Bowling Green,Mid-American,kickReturnTDs,0,2026-09-29T20:11:43Z
2021,Bowling Green,Mid-American,kickReturnTDsOpponent,1,2026-09-29T20:11:43Z
2021,Bowling Green,Mid-American,kickReturnYards,703,2026-09-29T20:11:43Z
2021,Bowling Green,Mid-American,kickReturnYardsOpponent,806,2026-09-29T20:11:43Z
2021,Bowling Green,Mid-American,netPassingYards,2578,2026-09-29T20:11:43Z
2021,Bowling Green,Mid-American,netPassingYardsOpponent,2234,2026-09-29T20:11:43Z
2021,Bowling Green,Mid-American,passAttempts,407,2026-09-29T20:11:43Z
2021,Bowling Green,Mid-American,passAttemptsOpponent,308,2026-09-29T20:11:43Z
2021,Bowling Green,Mid-American,passCompletions,238,2026-09-29T20:11:43Z
2021,Bowling Green,Mid-American,passCompletionsOpponent,180,2026-09-29T20:11:43Z
2021,Bowling Green,Mid-American,passesIntercepted,12,2026-09-29T20:11:43Z
2021,Bowling Green,Mid-American,passesInterceptedOpponent,9,2026-09-29T20:11:43Z
2021,Bowling Green,Mid-American,passingTDs,12,2026-09-29T20:11:43Z
2021,Bowling Green,Mid-American,passingTDsOpponent,15,2026-09-29T20:11:43Z
2021,Bowling Green,Mid-American,penalties,96,2026-09-29T20:11:43Z
2021,Bowling Green,Mid-American,penaltiesOpponent,57,2026-09-29T20:11:43Z
2021,Bowling Green,Mid-American,penaltyYards,853,2026-09-29T20:11:43Z
2021,Bowling Green,Mid-American,penaltyYardsOpponent,560,2026-09-29T20:11:43Z
2021,Bowling Green,Mid-American,possessionTime,21353,2026-09-29T20:11:43Z
2021,Bowling Green,Mid-American,possessionTimeOpponent,21847,2026-09-29T20:11:43Z
2021,Bowling Green,Mid-American,puntReturns,23,2026-09-29T20:11:43Z
2021,Bowling Green,Mid-American,puntReturnsOpponent,31,2026-09-29T20:11:43Z
2021,Bowling Green,Mid-American,puntReturnTDs,0,2026-09-29T20:11:43Z
2021,Bowling Green,Mid-American,puntReturnTDsOpponent,1,2026-09-29T20:11:43Z
2021,Bowling Green,Mid-American,puntReturnYards,188,2026-09-29T20:11:43Z
2021,Bowling Green,Mid-American,puntReturnYardsOpponent,208,2026-09-29T20:11:43Z
2021,Bowling Green,Mid-American,rushingAttempts,370,2026-09-29T20:11:43Z
2021,Bowling Green,Mid-American,rushingAttemptsOpponent,543,2026-09-29T20:11:43Z
2021,Bowling Green,Mid-American,rushingTDs,15,2026-09-29T20:11:43Z
2021,Bowling Green,Mid-American,rushingTDsOpponent,30,2026-09-29T20:11:43Z
2021,Bowling Green,Mid-American,rushingYards,1228,2026-09-29T20:11:43Z
2021,Bowling Green,Mid-American,rushingYardsOpponent,2254,2026-09-29T20:11:43Z
2021,Bowling Green,Mid-American,sacks,28,2026-09-29T20:11:43Z
2021,Bowling Green,Mid-American,sacksOpponent,39,2026-09-29T20:11:43Z
2021,Bowling Green,Mid-American,tacklesForLoss,82,2026-09-29T20:11:43Z
2021,Bowling Green,Mid-American,tacklesForLossOpponent,89,2026-09-29T20:11:43Z
2021,Bowling Green,Mid-American,thirdDownConversions,61,2026-09-29T20:11:43Z
2021,Bowling Green,Mid-American,thirdDownConversionsOpponent,70,2026-09-29T20:11:43Z
2021,Bowling Green,Mid-American,thirdDowns,179,2026-09-29T20:11:43Z
2021,Bowling Green,Mid-American,thirdDownsOpponent,172,2026-09-29T20:11:43Z
2021,Bowling Green,Mid-American,totalYards,3806,2026-09-29T20:11:43Z
2021,Bowling Green,Mid-American,totalYardsOpponent,4488,2026-09-29T20:11:43Z
2021,Bowling Green,Mid-American,turnovers,17,2026-09-29T20:11:43Z
2021,Bowling Green,Mid-American,turnoversOpponent,18,2026-09-29T20:11:43Z
2021,Buffalo,Mid-American,firstDowns,285,2026-09-29T20:11:43Z
2021,Buffalo,Mid-American,firstDownsOpponent,245,2026-09-29T20:11:43Z
2021,Buffalo,Mid-American,fourthDownConversions,14,2026-09-29T20:11:43Z
2021,Buffalo,Mid-American,fourthDownConversionsOpponent,14,2026-09-29T20:11:43Z
2021,Buffalo,Mid-American,fourthDowns,24,2026-09-29T20:11:43Z
2021,Buffalo,Mid-American,fourthDownsOpponent,20,2026-09-29T20:11:43Z
2021,Buffalo,Mid-American,fumblesLost,8,2026-09-29T20:11:43Z
2021,Buffalo,Mid-American,fumblesLostOpponent,9,2026-09-29T20:11:43Z
2021,Buffalo,Mid-American,fumblesRecovered,12,2026-09-29T20:11:43Z
2021,Buffalo,Mid-American,fumblesRecoveredOpponent,9,2026-09-29T20:11:43Z
2021,Buffalo,Mid-American,games,12,2026-09-29T20:11:43Z
2021,Buffalo,Mid-American,interceptions,11,2026-09-29T20:11:43Z
2021,Buffalo,Mid-American,interceptionsOpponent,3,2026-09-29T20:11:43Z
2021,Buffalo,Mid-American,interceptionTDs,0,2026-09-29T20:11:43Z
2021,Buffalo,Mid-American,interceptionTDsOpponent,0,2026-09-29T20:11:43Z
2021,Buffalo,Mid-American,interceptionYards,19,2026-09-29T20:11:43Z
2021,Buffalo,Mid-American,interceptionYardsOpponent,165,2026-09-29T20:11:43Z
2021,Buffalo,Mid-American,kickReturns,36,2026-09-29T20:11:43Z
2021,Buffalo,Mid-American,kickReturnsOpponent,23,2026-09-29T20:11:43Z
2021,Buffalo,Mid-American,kickReturnTDs,0,2026-09-29T20:11:43Z
2021,Buffalo,Mid-American,kickReturnTDsOpponent,0,2026-09-29T20:11:43Z
2021,Buffalo,Mid-American,kickReturnYards,683,2026-09-29T20:11:43Z
2021,Buffalo,Mid-American,kickReturnYardsOpponent,384,2026-09-29T20:11:43Z
2021,Buffalo,Mid-American,netPassingYards,2579,2026-09-29T20:11:43Z
2021,Buffalo,Mid-American,netPassingYardsOpponent,2654,2026-09-29T20:11:43Z
2021,Buffalo,Mid-American,passAttempts,367,2026-09-29T20:11:43Z
2021,Buffalo,Mid-American,passAttemptsOpponent,298,2026-09-29T20:11:43Z
2021,Buffalo,Mid-American,passCompletions,218,2026-09-29T20:11:43Z
2021,Buffalo,Mid-American,passCompletionsOpponent,184,2026-09-29T20:11:43Z
2021,Buffalo,Mid-American,passesIntercepted,3,2026-09-29T20:11:43Z
2021,Buffalo,Mid-American,passesInterceptedOpponent,11,2026-09-29T20:11:43Z
2021,Buffalo,Mid-American,passingTDs,12,2026-09-29T20:11:43Z
2021,Buffalo,Mid-American,passingTDsOpponent,20,2026-09-29T20:11:43Z
2021,Buffalo,Mid-American,penalties,65,2026-09-29T20:11:43Z
2021,Buffalo,Mid-American,penaltiesOpponent,95,2026-09-29T20:11:43Z
2021,Buffalo,Mid-American,penaltyYards,624,2026-09-29T20:11:43Z
2021,Buffalo,Mid-American,penaltyYardsOpponent,846,2026-09-29T20:11:43Z
2021,Buffalo,Mid-American,possessionTime,22745,2026-09-29T20:11:43Z
2021,Buffalo,Mid-American,possessionTimeOpponent,20544,2026-09-29T20:11:43Z
2021,Buffalo,Mid-American,puntReturns,13,2026-09-29T20:11:43Z
2021,Buffalo,Mid-American,puntReturnsOpponent,17,2026-09-29T20:11:43Z
2021,Buffalo,Mid-American,puntReturnTDs,0,2026-09-29T20:11:43Z
2021,Buffalo,Mid-American,puntReturnTDsOpponent,0,2026-09-29T20:11:43Z
2021,Buffalo,Mid-American,puntReturnYards,88,2026-09-29T20:11:43Z
2021,Buffalo,Mid-American,puntReturnYardsOpponent,173,2026-09-29T20:11:43Z
2021,Buffalo,Mid-American,rushingAttempts,539,2026-09-29T20:11:43Z
2021,Buffalo,Mid-American,rushingAttemptsOpponent,489,2026-09-29T20:11:43Z
2021,Buffalo,Mid-American,rushingTDs,30,2026-09-29T20:11:43Z
2021,Buffalo,Mid-American,rushingTDsOpponent,27,2026-09-29T20:11:43Z
2021,Buffalo,Mid-American,rushingYards,2346,2026-09-29T20:11:43Z
2021,Buffalo,Mid-American,rushingYardsOpponent,2342,2026-09-29T20:11:43Z
2021,Buffalo,Mid-American,sacks,37,2026-09-29T20:11:43Z
2021,Buffalo,Mid-American,sacksOpponent,16,2026-09-29T20:11:43Z
2021,Buffalo,Mid-American,tacklesForLoss,87,2026-09-29T20:11:43Z
2021,Buffalo,Mid-American,tacklesForLossOpponent,63,2026-09-29T20:11:43Z
2021,Buffalo,Mid-American,thirdDownConversions,87,2026-09-29T20:11:43Z
2021,Buffalo,Mid-American,thirdDownConversionsOpponent,62,2026-09-29T20:11:43Z
2021,Buffalo,Mid-American,thirdDowns,187,2026-09-29T20:11:43Z
2021,Buffalo,Mid-American,thirdDownsOpponent,159,2026-09-29T20:11:43Z
2021,Buffalo,Mid-American,totalYards,4925,2026-09-29T20:11:43Z
2021,Buffalo,Mid-American,totalYardsOpponent,4996,2026-09-29T20:11:43Z
2021,Buffalo,Mid-American,turnovers,19,2026-09-29T20:11:43Z
2021,Buffalo,Mid-American,turnoversOpponent,12,2026-09-29T20:11:43Z
2021,BYU,FBS Independents,firstDowns,301,2026-09-29T20:11:43Z
2021,BYU,FBS Independents,firstDownsOpponent,278,2026-09-29T20:11:43Z
2021,BYU,FBS Independents,fourthDownConversions,16,2026-09-29T20:11:43Z
2021,BYU,FBS Independents,fourthDownConversionsOpponent,17,2026-09-29T20:11:43Z
2021,BYU,FBS Independents,fourthDowns,24,2026-09-29T20:11:43Z
2021,BYU,FBS Independents,fourthDownsOpponent,26,2026-09-29T20:11:43Z
2021,BYU,FBS Independents,fumblesLost,7,2026-09-29T20:11:43Z
2021,BYU,FBS Independents,fumblesLostOpponent,5,2026-09-29T20:11:43Z
2021,BYU,FBS Independents,fumblesRecovered,4,2026-09-29T20:11:43Z
2021,BYU,FBS Independents,fumblesRecoveredOpponent,8,2026-09-29T20:11:43Z
2021,BYU,FBS Independents,games,13,2026-09-29T20:11:43Z
2021,BYU,FBS Independents,interceptions,5,2026-09-29T20:11:43Z
2021,BYU,FBS Independents,interceptionsOpponent,15,2026-09-29T20:11:43Z
2021,BYU,FBS Independents,interceptionTDs,0,2026-09-29T20:11:43Z
2021,BYU,FBS Independents,interceptionTDsOpponent,0,2026-09-29T20:11:43Z
2021,BYU,FBS Independents,interceptionYards,82,2026-09-29T20:11:43Z
2021,BYU,FBS Independents,interceptionYardsOpponent,60,2026-09-29T20:11:43Z
2021,BYU,FBS Independents,kickReturns,18,2026-09-29T20:11:43Z
2021,BYU,FBS Independents,kickReturnsOpponent,32,2026-09-29T20:11:43Z
2021,BYU,FBS Independents,kickReturnTDs,0,2026-09-29T20:11:43Z
2021,BYU,FBS Independents,kickReturnTDsOpponent,0,2026-09-29T20:11:43Z
2021,BYU,FBS Independents,kickReturnYards,298,2026-09-29T20:11:43Z
2021,BYU,FBS Independents,kickReturnYardsOpponent,665,2026-09-29T20:11:43Z
2021,BYU,FBS Independents,netPassingYards,3433,2026-09-29T20:11:43Z
2021,BYU,FBS Independents,netPassingYardsOpponent,3015,2026-09-29T20:11:43Z
2021,BYU,FBS Independents,passAttempts,389,2026-09-29T20:11:43Z
2021,BYU,FBS Independents,passAttemptsOpponent,411,2026-09-29T20:11:43Z
2021,BYU,FBS Independents,passCompletions,253,2026-09-29T20:11:43Z
2021,BYU,FBS Independents,passCompletionsOpponent,269,2026-09-29T20:11:43Z
2021,BYU,FBS Independents,passesIntercepted,15,2026-09-29T20:11:43Z
2021,BYU,FBS Independents,passesInterceptedOpponent,5,2026-09-29T20:11:43Z
2021,BYU,FBS Independents,passingTDs,26,2026-09-29T20:11:43Z
2021,BYU,FBS Independents,passingTDsOpponent,14,2026-09-29T20:11:43Z
2021,BYU,FBS Independents,penalties,66,2026-09-29T20:11:43Z
2021,BYU,FBS Independents,penaltiesOpponent,68,2026-09-29T20:11:43Z
2021,BYU,FBS Independents,penaltyYards,539,2026-09-29T20:11:43Z
2021,BYU,FBS Independents,penaltyYardsOpponent,520,2026-09-29T20:11:43Z
2021,BYU,FBS Independents,possessionTime,22845,2026-09-29T20:11:43Z
2021,BYU,FBS Independents,possessionTimeOpponent,23955,2026-09-29T20:11:43Z
2021,BYU,FBS Independents,puntReturns,27,2026-09-29T20:11:43Z
2021,BYU,FBS Independents,puntReturnsOpponent,15,2026-09-29T20:11:43Z
2021,BYU,FBS Independents,puntReturnTDs,1,2026-09-29T20:11:43Z
2021,BYU,FBS Independents,puntReturnTDsOpponent,0,2026-09-29T20:11:43Z
2021,BYU,FBS Independents,puntReturnYards,238,2026-09-29T20:11:43Z
2021,BYU,FBS Independents,puntReturnYardsOpponent,112,2026-09-29T20:11:43Z
2021,BYU,FBS Independents,rushingAttempts,480,2026-09-29T20:11:43Z
2021,BYU,FBS Independents,rushingAttemptsOpponent,470,2026-09-29T20:11:43Z
2021,BYU,FBS Independents,rushingTDs,30,2026-09-29T20:11:43Z
2021,BYU,FBS Independents,rushingTDsOpponent,24,2026-09-29T20:11:43Z
2021,BYU,FBS Independents,rushingYards,2457,2026-09-29T20:11:43Z
2021,BYU,FBS Independents,rushingYardsOpponent,2042,2026-09-29T20:11:43Z
2021,BYU,FBS Independents,sacks,20,2026-09-29T20:11:43Z
2021,BYU,FBS Independents,sacksOpponent,15,2026-09-29T20:11:43Z
2021,BYU,FBS Independents,tacklesForLoss,64,2026-09-29T20:11:43Z
2021,BYU,FBS Independents,tacklesForLossOpponent,61,2026-09-29T20:11:43Z
2021,BYU,FBS Independents,thirdDownConversions,72,2026-09-29T20:11:43Z
2021,BYU,FBS Independents,thirdDownConversionsOpponent,77,2026-09-29T20:11:43Z
2021,BYU,FBS Independents,thirdDowns,158,2026-09-29T20:11:43Z
2021,BYU,FBS Independents,thirdDownsOpponent,179,2026-09-29T20:11:43Z
2021,BYU,FBS Independents,totalYards,5890,2026-09-29T20:11:43Z
2021,BYU,FBS Independents,totalYardsOpponent,5057,2026-09-29T20:11:43Z
2021,BYU,FBS Independents,turnovers,12,2026-09-29T20:11:43Z
2021,BYU,FBS Independents,turnoversOpponent,20,2026-09-29T20:11:43Z
2021,California,Pac-12,firstDowns,228,2026-09-29T20:11:43Z
2021,California,Pac-12,firstDownsOpponent,255,2026-09-29T20:11:43Z
2021,California,Pac-12,fourthDownConversions,9,2026-09-29T20:11:43Z
2021,California,Pac-12,fourthDownConversionsOpponent,6,2026-09-29T20:11:43Z
2021,California,Pac-12,fourthDowns,27,2026-09-29T20:11:43Z
2021,California,Pac-12,fourthDownsOpponent,12,2026-09-29T20:11:43Z
2021,California,Pac-12,fumblesLost,2,2026-09-29T20:11:43Z
2021,California,Pac-12,fumblesLostOpponent,7,2026-09-29T20:11:43Z
2021,California,Pac-12,fumblesRecovered,7,2026-09-29T20:11:43Z
2021,California,Pac-12,fumblesRecoveredOpponent,3,2026-09-29T20:11:43Z
2021,California,Pac-12,games,12,2026-09-29T20:11:43Z
2021,California,Pac-12,interceptions,8,2026-09-29T20:11:43Z
2021,California,Pac-12,interceptionsOpponent,13,2026-09-29T20:11:43Z
2021,California,Pac-12,interceptionTDs,1,2026-09-29T20:11:43Z
2021,California,Pac-12,interceptionTDsOpponent,0,2026-09-29T20:11:43Z
2021,California,Pac-12,interceptionYards,28,2026-09-29T20:11:43Z
2021,California,Pac-12,interceptionYardsOpponent,62,2026-09-29T20:11:43Z
2021,California,Pac-12,kickReturns,18,2026-09-29T20:11:43Z
2021,California,Pac-12,kickReturnsOpponent,28,2026-09-29T20:11:43Z
2021,California,Pac-12,kickReturnTDs,1,2026-09-29T20:11:43Z
2021,California,Pac-12,kickReturnTDsOpponent,0,2026-09-29T20:11:43Z
2021,California,Pac-12,kickReturnYards,491,2026-09-29T20:11:43Z
2021,California,Pac-12,kickReturnYardsOpponent,565,2026-09-29T20:11:43Z
2021,California,Pac-12,netPassingYards,2659,2026-09-29T20:11:43Z
2021,California,Pac-12,netPassingYardsOpponent,2754,2026-09-29T20:11:43Z
2021,California,Pac-12,passAttempts,382,2026-09-29T20:11:43Z
2021,California,Pac-12,passAttemptsOpponent,411,2026-09-29T20:11:43Z
2021,California,Pac-12,passCompletions,235,2026-09-29T20:11:43Z
2021,California,Pac-12,passCompletionsOpponent,242,2026-09-29T20:11:43Z
2021,California,Pac-12,passesIntercepted,13,2026-09-29T20:11:43Z
2021,California,Pac-12,passesInterceptedOpponent,8,2026-09-29T20:11:43Z
2021,California,Pac-12,passingTDs,16,2026-09-29T20:11:43Z
2021,California,Pac-12,passingTDsOpponent,20,2026-09-29T20:11:43Z
2021,California,Pac-12,penalties,74,2026-09-29T20:11:43Z
2021,California,Pac-12,penaltiesOpponent,70,2026-09-29T20:11:43Z
2021,California,Pac-12,penaltyYards,694,2026-09-29T20:11:43Z
2021,California,Pac-12,penaltyYardsOpponent,598,2026-09-29T20:11:43Z
2021,California,Pac-12,possessionTime,21905,2026-09-29T20:11:43Z
2021,California,Pac-12,possessionTimeOpponent,21295,2026-09-29T20:11:43Z
2021,California,Pac-12,puntReturns,14,2026-09-29T20:11:43Z
2021,California,Pac-12,puntReturnsOpponent,11,2026-09-29T20:11:43Z
2021,California,Pac-12,puntReturnTDs,0,2026-09-29T20:11:43Z
2021,California,Pac-12,puntReturnTDsOpponent,0,2026-09-29T20:11:43Z
2021,California,Pac-12,puntReturnYards,100,2026-09-29T20:11:43Z
2021,California,Pac-12,puntReturnYardsOpponent,113,2026-09-29T20:11:43Z
2021,California,Pac-12,rushingAttempts,402,2026-09-29T20:11:43Z
2021,California,Pac-12,rushingAttemptsOpponent,418,2026-09-29T20:11:43Z
2021,California,Pac-12,rushingTDs,17,2026-09-29T20:11:43Z
2021,California,Pac-12,rushingTDsOpponent,13,2026-09-29T20:11:43Z
2021,California,Pac-12,rushingYards,1970,2026-09-29T20:11:43Z
2021,California,Pac-12,rushingYardsOpponent,1646,2026-09-29T20:11:43Z
2021,California,Pac-12,sacks,23,2026-09-29T20:11:43Z
2021,California,Pac-12,sacksOpponent,26,2026-09-29T20:11:43Z
2021,California,Pac-12,tacklesForLoss,64,2026-09-29T20:11:43Z
2021,California,Pac-12,tacklesForLossOpponent,56,2026-09-29T20:11:43Z
2021,California,Pac-12,thirdDownConversions,68,2026-09-29T20:11:43Z
2021,California,Pac-12,thirdDownConversionsOpponent,83,2026-09-29T20:11:43Z
2021,California,Pac-12,thirdDowns,167,2026-09-29T20:11:43Z
2021,California,Pac-12,thirdDownsOpponent,179,2026-09-29T20:11:43Z
2021,California,Pac-12,totalYards,4629,2026-09-29T20:11:43Z
2021,California,Pac-12,totalYardsOpponent,4400,2026-09-29T20:11:43Z
2021,California,Pac-12,turnovers,10,2026-09-29T20:11:43Z
2021,California,Pac-12,turnoversOpponent,20,2026-09-29T20:11:43Z
2021,Central Michigan,Mid-American,firstDowns,300,2026-09-29T20:11:43Z
2021,Central Michigan,Mid-American,firstDownsOpponent,255,2026-09-29T20:11:43Z
2021,Central Michigan,Mid-American,fourthDownConversions,17,2026-09-29T20:11:43Z
2021,Central Michigan,Mid-American,fourthDownConversionsOpponent,14,2026-09-29T20:11:43Z
2021,Central Michigan,Mid-American,fourthDowns,29,2026-09-29T20:11:43Z
2021,Central Michigan,Mid-American,fourthDownsOpponent,31,2026-09-29T20:11:43Z
2021,Central Michigan,Mid-American,fumblesLost,4,2026-09-29T20:11:43Z
2021,Central Michigan,Mid-American,fumblesLostOpponent,10,2026-09-29T20:11:43Z
2021,Central Michigan,Mid-American,fumblesRecovered,11,2026-09-29T20:11:43Z
2021,Central Michigan,Mid-American,fumblesRecoveredOpponent,5,2026-09-29T20:11:43Z
2021,Central Michigan,Mid-American,games,13,2026-09-29T20:11:43Z
2021,Central Michigan,Mid-American,interceptions,10,2026-09-29T20:11:43Z
2021,Central Michigan,Mid-American,interceptionsOpponent,5,2026-09-29T20:11:43Z
2021,Central Michigan,Mid-American,interceptionTDs,0,2026-09-29T20:11:43Z
2021,Central Michigan,Mid-American,interceptionTDsOpponent,0,2026-09-29T20:11:43Z
2021,Central Michigan,Mid-American,interceptionYards,31,2026-09-29T20:11:43Z
2021,Central Michigan,Mid-American,interceptionYardsOpponent,53,2026-09-29T20:11:43Z
2021,Central Michigan,Mid-American,kickReturns,32,2026-09-29T20:11:43Z
2021,Central Michigan,Mid-American,kickReturnsOpponent,47,2026-09-29T20:11:43Z
2021,Central Michigan,Mid-American,kickReturnTDs,1,2026-09-29T20:11:43Z
2021,Central Michigan,Mid-American,kickReturnTDsOpponent,0,2026-09-29T20:11:43Z
2021,Central Michigan,Mid-American,kickReturnYards,647,2026-09-29T20:11:43Z
2021,Central Michigan,Mid-American,kickReturnYardsOpponent,864,2026-09-29T20:11:43Z
2021,Central Michigan,Mid-American,netPassingYards,3450,2026-09-29T20:11:43Z
2021,Central Michigan,Mid-American,netPassingYardsOpponent,3380,2026-09-29T20:11:43Z
2021,Central Michigan,Mid-American,passAttempts,448,2026-09-29T20:11:43Z
2021,Central Michigan,Mid-American,passAttemptsOpponent,422,2026-09-29T20:11:43Z
2021,Central Michigan,Mid-American,passCompletions,273,2026-09-29T20:11:43Z
2021,Central Michigan,Mid-American,passCompletionsOpponent,257,2026-09-29T20:11:43Z
2021,Central Michigan,Mid-American,passesIntercepted,5,2026-09-29T20:11:43Z
2021,Central Michigan,Mid-American,passesInterceptedOpponent,10,2026-09-29T20:11:43Z
2021,Central Michigan,Mid-American,passingTDs,31,2026-09-29T20:11:43Z
2021,Central Michigan,Mid-American,passingTDsOpponent,22,2026-09-29T20:11:43Z
2021,Central Michigan,Mid-American,penalties,82,2026-09-29T20:11:43Z
2021,Central Michigan,Mid-American,penaltiesOpponent,69,2026-09-29T20:11:43Z
2021,Central Michigan,Mid-American,penaltyYards,726,2026-09-29T20:11:43Z
2021,Central Michigan,Mid-American,penaltyYardsOpponent,633,2026-09-29T20:11:43Z
2021,Central Michigan,Mid-American,possessionTime,24220,2026-09-29T20:11:43Z
2021,Central Michigan,Mid-American,possessionTimeOpponent,22586,2026-09-29T20:11:43Z
2021,Central Michigan,Mid-American,puntReturns,15,2026-09-29T20:11:43Z
2021,Central Michigan,Mid-American,puntReturnsOpponent,15,2026-09-29T20:11:43Z
2021,Central Michigan,Mid-American,puntReturnTDs,2,2026-09-29T20:11:43Z
2021,Central Michigan,Mid-American,puntReturnTDsOpponent,1,2026-09-29T20:11:43Z
2021,Central Michigan,Mid-American,puntReturnYards,290,2026-09-29T20:11:43Z
2021,Central Michigan,Mid-American,puntReturnYardsOpponent,98,2026-09-29T20:11:43Z
2021,Central Michigan,Mid-American,rushingAttempts,520,2026-09-29T20:11:43Z
2021,Central Michigan,Mid-American,rushingAttemptsOpponent,466,2026-09-29T20:11:43Z
2021,Central Michigan,Mid-American,rushingTDs,18,2026-09-29T20:11:43Z
2021,Central Michigan,Mid-American,rushingTDsOpponent,18,2026-09-29T20:11:43Z
2021,Central Michigan,Mid-American,rushingYards,2329,2026-09-29T20:11:43Z
2021,Central Michigan,Mid-American,rushingYardsOpponent,1605,2026-09-29T20:11:43Z
2021,Central Michigan,Mid-American,sacks,36,2026-09-29T20:11:43Z
2021,Central Michigan,Mid-American,sacksOpponent,26,2026-09-29T20:11:43Z
2021,Central Michigan,Mid-American,tacklesForLoss,98,2026-09-29T20:11:43Z
2021,Central Michigan,Mid-American,tacklesForLossOpponent,82,2026-09-29T20:11:43Z
2021,Central Michigan,Mid-American,thirdDownConversions,71,2026-09-29T20:11:43Z
2021,Central Michigan,Mid-American,thirdDownConversionsOpponent,56,2026-09-29T20:11:43Z
2021,Central Michigan,Mid-American,thirdDowns,191,2026-09-29T20:11:43Z
2021,Central Michigan,Mid-American,thirdDownsOpponent,188,2026-09-29T20:11:43Z
2021,Central Michigan,Mid-American,totalYards,5779,2026-09-29T20:11:43Z
2021,Central Michigan,Mid-American,totalYardsOpponent,4985,2026-09-29T20:11:43Z
2021,Central Michigan,Mid-American,turnovers,14,2026-09-29T20:11:43Z
2021,Central Michigan,Mid-American,turnoversOpponent,15,2026-09-29T20:11:43Z
2021,Charlotte,Conference USA,firstDowns,265,2026-09-29T20:11:43Z
2021,Charlotte,Conference USA,firstDownsOpponent,268,2026-09-29T20:11:43Z
2021,Charlotte,Conference USA,fourthDownConversions,22,2026-09-29T20:11:43Z
2021,Charlotte,Conference USA,fourthDownConversionsOpponent,15,2026-09-29T20:11:43Z
2021,Charlotte,Conference USA,fourthDowns,35,2026-09-29T20:11:43Z
2021,Charlotte,Conference USA,fourthDownsOpponent,24,2026-09-29T20:11:43Z
2021,Charlotte,Conference USA,fumblesLost,10,2026-09-29T20:11:43Z
2021,Charlotte,Conference USA,fumblesLostOpponent,6,2026-09-29T20:11:43Z
2021,Charlotte,Conference USA,fumblesRecovered,6,2026-09-29T20:11:43Z
2021,Charlotte,Conference USA,fumblesRecoveredOpponent,15,2026-09-29T20:11:43Z
2021,Charlotte,Conference USA,games,12,2026-09-29T20:11:43Z
2021,Charlotte,Conference USA,interceptions,10,2026-09-29T20:11:43Z
2021,Charlotte,Conference USA,interceptionsOpponent,8,2026-09-29T20:11:43Z
2021,Charlotte,Conference USA,interceptionTDs,2,2026-09-29T20:11:43Z
2021,Charlotte,Conference USA,interceptionTDsOpponent,0,2026-09-29T20:11:43Z
2021,Charlotte,Conference USA,interceptionYards,44,2026-09-29T20:11:43Z
2021,Charlotte,Conference USA,interceptionYardsOpponent,184,2026-09-29T20:11:43Z
2021,Charlotte,Conference USA,kickReturns,40,2026-09-29T20:11:43Z
2021,Charlotte,Conference USA,kickReturnsOpponent,14,2026-09-29T20:11:43Z
2021,Charlotte,Conference USA,kickReturnTDs,0,2026-09-29T20:11:43Z
2021,Charlotte,Conference USA,kickReturnTDsOpponent,0,2026-09-29T20:11:43Z
2021,Charlotte,Conference USA,kickReturnYards,877,2026-09-29T20:11:43Z
2021,Charlotte,Conference USA,kickReturnYardsOpponent,264,2026-09-29T20:11:43Z
2021,Charlotte,Conference USA,netPassingYards,3044,2026-09-29T20:11:43Z
2021,Charlotte,Conference USA,netPassingYardsOpponent,3130,2026-09-29T20:11:43Z
2021,Charlotte,Conference USA,passAttempts,394,2026-09-29T20:11:43Z
2021,Charlotte,Conference USA,passAttemptsOpponent,324,2026-09-29T20:11:43Z
2021,Charlotte,Conference USA,passCompletions,247,2026-09-29T20:11:43Z
2021,Charlotte,Conference USA,passCompletionsOpponent,209,2026-09-29T20:11:43Z
2021,Charlotte,Conference USA,passesIntercepted,8,2026-09-29T20:11:43Z
2021,Charlotte,Conference USA,passesInterceptedOpponent,10,2026-09-29T20:11:43Z
2021,Charlotte,Conference USA,passingTDs,27,2026-09-29T20:11:43Z
2021,Charlotte,Conference USA,passingTDsOpponent,27,2026-09-29T20:11:43Z
2021,Charlotte,Conference USA,penalties,77,2026-09-29T20:11:43Z
2021,Charlotte,Conference USA,penaltiesOpponent,91,2026-09-29T20:11:43Z
2021,Charlotte,Conference USA,penaltyYards,636,2026-09-29T20:11:43Z
2021,Charlotte,Conference USA,penaltyYardsOpponent,793,2026-09-29T20:11:43Z
2021,Charlotte,Conference USA,possessionTime,23205,2026-09-29T20:11:43Z
2021,Charlotte,Conference USA,possessionTimeOpponent,19995,2026-09-29T20:11:43Z
2021,Charlotte,Conference USA,puntReturns,8,2026-09-29T20:11:43Z
2021,Charlotte,Conference USA,puntReturnsOpponent,8,2026-09-29T20:11:43Z
2021,Charlotte,Conference USA,puntReturnTDs,0,2026-09-29T20:11:43Z
2021,Charlotte,Conference USA,puntReturnTDsOpponent,0,2026-09-29T20:11:43Z
2021,Charlotte,Conference USA,puntReturnYards,46,2026-09-29T20:11:43Z
2021,Charlotte,Conference USA,puntReturnYardsOpponent,22,2026-09-29T20:11:43Z
2021,Charlotte,Conference USA,rushingAttempts,430,2026-09-29T20:11:43Z
2021,Charlotte,Conference USA,rushingAttemptsOpponent,458,2026-09-29T20:11:43Z
2021,Charlotte,Conference USA,rushingTDs,13,2026-09-29T20:11:43Z
2021,Charlotte,Conference USA,rushingTDsOpponent,27,2026-09-29T20:11:43Z
2021,Charlotte,Conference USA,rushingYards,1805,2026-09-29T20:11:43Z
2021,Charlotte,Conference USA,rushingYardsOpponent,2437,2026-09-29T20:11:43Z
2021,Charlotte,Conference USA,sacks,16,2026-09-29T20:11:43Z
2021,Charlotte,Conference USA,sacksOpponent,25,2026-09-29T20:11:43Z
2021,Charlotte,Conference USA,tacklesForLoss,51,2026-09-29T20:11:43Z
2021,Charlotte,Conference USA,tacklesForLossOpponent,71,2026-09-29T20:11:43Z
2021,Charlotte,Conference USA,thirdDownConversions,66,2026-09-29T20:11:43Z
2021,Charlotte,Conference USA,thirdDownConversionsOpponent,63,2026-09-29T20:11:43Z
2021,Charlotte,Conference USA,thirdDowns,165,2026-09-29T20:11:43Z
2021,Charlotte,Conference USA,thirdDownsOpponent,141,2026-09-29T20:11:43Z
2021,Charlotte,Conference USA,totalYards,4849,2026-09-29T20:11:43Z
2021,Charlotte,Conference USA,totalYardsOpponent,5567,2026-09-29T20:11:43Z
2021,Charlotte,Conference USA,turnovers,20,2026-09-29T20:11:43Z
2021,Charlotte,Conference USA,turnoversOpponent,14,2026-09-29T20:11:43Z
2021,Cincinnati,American Athletic,firstDowns,277,2026-09-29T20:11:43Z
2021,Cincinnati,American Athletic,firstDownsOpponent,268,2026-09-29T20:11:43Z
2021,Cincinnati,American Athletic,fourthDownConversions,12,2026-09-29T20:11:43Z
2021,Cincinnati,American Athletic,fourthDownConversionsOpponent,19,2026-09-29T20:11:43Z
2021,Cincinnati,American Athletic,fourthDowns,19,2026-09-29T20:11:43Z
2021,Cincinnati,American Athletic,fourthDownsOpponent,37,2026-09-29T20:11:43Z
2021,Cincinnati,American Athletic,fumblesLost,10,2026-09-29T20:11:43Z
2021,Cincinnati,American Athletic,fumblesLostOpponent,15,2026-09-29T20:11:43Z
2021,Cincinnati,American Athletic,fumblesRecovered,15,2026-09-29T20:11:43Z
2021,Cincinnati,American Athletic,fumblesRecoveredOpponent,12,2026-09-29T20:11:43Z
2021,Cincinnati,American Athletic,games,14,2026-09-29T20:11:43Z
2021,Cincinnati,American Athletic,interceptions,9,2026-09-29T20:11:43Z
2021,Cincinnati,American Athletic,interceptionsOpponent,19,2026-09-29T20:11:43Z
2021,Cincinnati,American Athletic,interceptionTDs,1,2026-09-29T20:11:43Z
2021,Cincinnati,American Athletic,interceptionTDsOpponent,1,2026-09-29T20:11:43Z
2021,Cincinnati,American Athletic,interceptionYards,214,2026-09-29T20:11:43Z
2021,Cincinnati,American Athletic,interceptionYardsOpponent,127,2026-09-29T20:11:43Z
2021,Cincinnati,American Athletic,kickReturns,28,2026-09-29T20:11:43Z
2021,Cincinnati,American Athletic,kickReturnsOpponent,35,2026-09-29T20:11:43Z
2021,Cincinnati,American Athletic,kickReturnTDs,1,2026-09-29T20:11:43Z
2021,Cincinnati,American Athletic,kickReturnTDsOpponent,0,2026-09-29T20:11:43Z
2021,Cincinnati,American Athletic,kickReturnYards,667,2026-09-29T20:11:43Z
2021,Cincinnati,American Athletic,kickReturnYardsOpponent,579,2026-09-29T20:11:43Z
2021,Cincinnati,American Athletic,netPassingYards,3377,2026-09-29T20:11:43Z
2021,Cincinnati,American Athletic,netPassingYardsOpponent,2369,2026-09-29T20:11:43Z
2021,Cincinnati,American Athletic,passAttempts,400,2026-09-29T20:11:43Z
2021,Cincinnati,American Athletic,passAttemptsOpponent,413,2026-09-29T20:11:43Z
2021,Cincinnati,American Athletic,passCompletions,257,2026-09-29T20:11:43Z
2021,Cincinnati,American Athletic,passCompletionsOpponent,223,2026-09-29T20:11:43Z
2021,Cincinnati,American Athletic,passesIntercepted,19,2026-09-29T20:11:43Z
2021,Cincinnati,American Athletic,passesInterceptedOpponent,9,2026-09-29T20:11:43Z
2021,Cincinnati,American Athletic,passingTDs,33,2026-09-29T20:11:43Z
2021,Cincinnati,American Athletic,passingTDsOpponent,13,2026-09-29T20:11:43Z
2021,Cincinnati,American Athletic,penalties,101,2026-09-29T20:11:43Z
2021,Cincinnati,American Athletic,penaltiesOpponent,91,2026-09-29T20:11:43Z
2021,Cincinnati,American Athletic,penaltyYards,754,2026-09-29T20:11:43Z
2021,Cincinnati,American Athletic,penaltyYardsOpponent,684,2026-09-29T20:11:43Z
2021,Cincinnati,American Athletic,possessionTime,22810,2026-09-29T20:11:43Z
2021,Cincinnati,American Athletic,possessionTimeOpponent,27590,2026-09-29T20:11:43Z
2021,Cincinnati,American Athletic,puntReturns,22,2026-09-29T20:11:43Z
2021,Cincinnati,American Athletic,puntReturnsOpponent,17,2026-09-29T20:11:43Z
2021,Cincinnati,American Athletic,puntReturnTDs,0,2026-09-29T20:11:43Z
2021,Cincinnati,American Athletic,puntReturnTDsOpponent,0,2026-09-29T20:11:43Z
2021,Cincinnati,American Athletic,puntReturnYards,224,2026-09-29T20:11:43Z
2021,Cincinnati,American Athletic,puntReturnYardsOpponent,26,2026-09-29T20:11:43Z
2021,Cincinnati,American Athletic,rushingAttempts,464,2026-09-29T20:11:43Z
2021,Cincinnati,American Athletic,rushingAttemptsOpponent,584,2026-09-29T20:11:43Z
2021,Cincinnati,American Athletic,rushingTDs,34,2026-09-29T20:11:43Z
2021,Cincinnati,American Athletic,rushingTDsOpponent,14,2026-09-29T20:11:43Z
2021,Cincinnati,American Athletic,rushingYards,2406,2026-09-29T20:11:43Z
2021,Cincinnati,American Athletic,rushingYardsOpponent,2089,2026-09-29T20:11:43Z
2021,Cincinnati,American Athletic,sacks,39,2026-09-29T20:11:43Z
2021,Cincinnati,American Athletic,sacksOpponent,26,2026-09-29T20:11:43Z
2021,Cincinnati,American Athletic,tacklesForLoss,102,2026-09-29T20:11:43Z
2021,Cincinnati,American Athletic,tacklesForLossOpponent,54,2026-09-29T20:11:43Z
2021,Cincinnati,American Athletic,thirdDownConversions,62,2026-09-29T20:11:43Z
2021,Cincinnati,American Athletic,thirdDownConversionsOpponent,71,2026-09-29T20:11:43Z
2021,Cincinnati,American Athletic,thirdDowns,158,2026-09-29T20:11:43Z
2021,Cincinnati,American Athletic,thirdDownsOpponent,210,2026-09-29T20:11:43Z
2021,Cincinnati,American Athletic,totalYards,5783,2026-09-29T20:11:43Z
2021,Cincinnati,American Athletic,totalYardsOpponent,4458,2026-09-29T20:11:43Z
2021,Cincinnati,American Athletic,turnovers,19,2026-09-29T20:11:43Z
2021,Cincinnati,American Athletic,turnoversOpponent,34,2026-09-29T20:11:43Z
2021,Clemson,ACC,firstDowns,258,2026-09-29T20:11:43Z
2021,Clemson,ACC,firstDownsOpponent,223,2026-09-29T20:11:43Z
2021,Clemson,ACC,fourthDownConversions,9,2026-09-29T20:11:43Z
2021,Clemson,ACC,fourthDownConversionsOpponent,10,2026-09-29T20:11:43Z
2021,Clemson,ACC,fourthDowns,16,2026-09-29T20:11:43Z
2021,Clemson,ACC,fourthDownsOpponent,24,2026-09-29T20:11:43Z
2021,Clemson,ACC,fumblesLost,8,2026-09-29T20:11:43Z
2021,Clemson,ACC,fumblesLostOpponent,8,2026-09-29T20:11:43Z
2021,Clemson,ACC,fumblesRecovered,9,2026-09-29T20:11:43Z
2021,Clemson,ACC,fumblesRecoveredOpponent,10,2026-09-29T20:11:43Z
2021,Clemson,ACC,games,13,2026-09-29T20:11:43Z
2021,Clemson,ACC,interceptions,11,2026-09-29T20:11:43Z
2021,Clemson,ACC,interceptionsOpponent,12,2026-09-29T20:11:43Z
2021,Clemson,ACC,interceptionTDs,1,2026-09-29T20:11:43Z
2021,Clemson,ACC,interceptionTDsOpponent,2,2026-09-29T20:11:43Z
2021,Clemson,ACC,interceptionYards,69,2026-09-29T20:11:43Z
2021,Clemson,ACC,interceptionYardsOpponent,137,2026-09-29T20:11:43Z
2021,Clemson,ACC,kickReturns,21,2026-09-29T20:11:43Z
2021,Clemson,ACC,kickReturnsOpponent,19,2026-09-29T20:11:43Z
2021,Clemson,ACC,kickReturnTDs,0,2026-09-29T20:11:43Z
2021,Clemson,ACC,kickReturnTDsOpponent,1,2026-09-29T20:11:43Z
2021,Clemson,ACC,kickReturnYards,522,2026-09-29T20:11:43Z
2021,Clemson,ACC,kickReturnYardsOpponent,431,2026-09-29T20:11:43Z
2021,Clemson,ACC,netPassingYards,2485,2026-09-29T20:11:43Z
2021,Clemson,ACC,netPassingYardsOpponent,2715,2026-09-29T20:11:43Z
2021,Clemson,ACC,passAttempts,414,2026-09-29T20:11:43Z
2021,Clemson,ACC,passAttemptsOpponent,455,2026-09-29T20:11:43Z
2021,Clemson,ACC,passCompletions,228,2026-09-29T20:11:43Z
2021,Clemson,ACC,passCompletionsOpponent,260,2026-09-29T20:11:43Z
2021,Clemson,ACC,passesIntercepted,12,2026-09-29T20:11:43Z
2021,Clemson,ACC,passesInterceptedOpponent,11,2026-09-29T20:11:43Z
2021,Clemson,ACC,passingTDs,12,2026-09-29T20:11:43Z
2021,Clemson,ACC,passingTDsOpponent,11,2026-09-29T20:11:43Z
2021,Clemson,ACC,penalties,79,2026-09-29T20:11:43Z
2021,Clemson,ACC,penaltiesOpponent,113,2026-09-29T20:11:43Z
2021,Clemson,ACC,penaltyYards,657,2026-09-29T20:11:43Z
2021,Clemson,ACC,penaltyYardsOpponent,889,2026-09-29T20:11:43Z
2021,Clemson,ACC,possessionTime,22933,2026-09-29T20:11:43Z
2021,Clemson,ACC,possessionTimeOpponent,23867,2026-09-29T20:11:43Z
2021,Clemson,ACC,puntReturns,20,2026-09-29T20:11:43Z
2021,Clemson,ACC,puntReturnsOpponent,20,2026-09-29T20:11:43Z
2021,Clemson,ACC,puntReturnTDs,0,2026-09-29T20:11:43Z
2021,Clemson,ACC,puntReturnTDsOpponent,0,2026-09-29T20:11:43Z
2021,Clemson,ACC,puntReturnYards,92,2026-09-29T20:11:43Z
2021,Clemson,ACC,puntReturnYardsOpponent,82,2026-09-29T20:11:43Z
2021,Clemson,ACC,rushingAttempts,488,2026-09-29T20:11:43Z
2021,Clemson,ACC,rushingAttemptsOpponent,439,2026-09-29T20:11:43Z
2021,Clemson,ACC,rushingTDs,26,2026-09-29T20:11:43Z
2021,Clemson,ACC,rushingTDsOpponent,7,2026-09-29T20:11:43Z
2021,Clemson,ACC,rushingYards,2184,2026-09-29T20:11:43Z
2021,Clemson,ACC,rushingYardsOpponent,1256,2026-09-29T20:11:43Z
2021,Clemson,ACC,sacks,41,2026-09-29T20:11:43Z
2021,Clemson,ACC,sacksOpponent,21,2026-09-29T20:11:43Z
2021,Clemson,ACC,tacklesForLoss,90,2026-09-29T20:11:43Z
2021,Clemson,ACC,tacklesForLossOpponent,66,2026-09-29T20:11:43Z
2021,Clemson,ACC,thirdDownConversions,69,2026-09-29T20:11:43Z
2021,Clemson,ACC,thirdDownConversionsOpponent,71,2026-09-29T20:11:43Z
2021,Clemson,ACC,thirdDowns,186,2026-09-29T20:11:43Z
2021,Clemson,ACC,thirdDownsOpponent,207,2026-09-29T20:11:43Z
2021,Clemson,ACC,totalYards,4669,2026-09-29T20:11:43Z
2021,Clemson,ACC,totalYardsOpponent,3971,2026-09-29T20:11:43Z
2021,Clemson,ACC,turnovers,19,2026-09-29T20:11:43Z
2021,Clemson,ACC,turnoversOpponent,20,2026-09-29T20:11:43Z
2021,Coastal Carolina,Sun Belt,firstDowns,309,2026-09-29T20:11:43Z
2021,Coastal Carolina,Sun Belt,firstDownsOpponent,230,2026-09-29T20:11:43Z
2021,Coastal Carolina,Sun Belt,fourthDownConversions,10,2026-09-29T20:11:43Z
2021,Coastal Carolina,Sun Belt,fourthDownConversionsOpponent,14,2026-09-29T20:11:43Z
2021,Coastal Carolina,Sun Belt,fourthDowns,13,2026-09-29T20:11:43Z
2021,Coastal Carolina,Sun Belt,fourthDownsOpponent,30,2026-09-29T20:11:43Z
2021,Coastal Carolina,Sun Belt,fumblesLost,6,2026-09-29T20:11:43Z
2021,Coastal Carolina,Sun Belt,fumblesLostOpponent,7,2026-09-29T20:11:43Z
2021,Coastal Carolina,Sun Belt,fumblesRecovered,8,2026-09-29T20:11:43Z
2021,Coastal Carolina,Sun Belt,fumblesRecoveredOpponent,6,2026-09-29T20:11:43Z
2021,Coastal Carolina,Sun Belt,games,13,2026-09-29T20:11:43Z
2021,Coastal Carolina,Sun Belt,interceptions,4,2026-09-29T20:11:43Z
2021,Coastal Carolina,Sun Belt,interceptionsOpponent,6,2026-09-29T20:11:43Z
2021,Coastal Carolina,Sun Belt,interceptionTDs,0,2026-09-29T20:11:43Z
2021,Coastal Carolina,Sun Belt,interceptionTDsOpponent,0,2026-09-29T20:11:43Z
2021,Coastal Carolina,Sun Belt,interceptionYards,27,2026-09-29T20:11:43Z
2021,Coastal Carolina,Sun Belt,interceptionYardsOpponent,59,2026-09-29T20:11:43Z
2021,Coastal Carolina,Sun Belt,kickReturns,28,2026-09-29T20:11:43Z
2021,Coastal Carolina,Sun Belt,kickReturnsOpponent,57,2026-09-29T20:11:43Z
2021,Coastal Carolina,Sun Belt,kickReturnTDs,0,2026-09-29T20:11:43Z
2021,Coastal Carolina,Sun Belt,kickReturnTDsOpponent,0,2026-09-29T20:11:43Z
2021,Coastal Carolina,Sun Belt,kickReturnYards,542,2026-09-29T20:11:43Z
2021,Coastal Carolina,Sun Belt,kickReturnYardsOpponent,1037,2026-09-29T20:11:43Z
2021,Coastal Carolina,Sun Belt,netPassingYards,3457,2026-09-29T20:11:43Z
2021,Coastal Carolina,Sun Belt,netPassingYardsOpponent,2474,2026-09-29T20:11:43Z
2021,Coastal Carolina,Sun Belt,passAttempts,322,2026-09-29T20:11:43Z
2021,Coastal Carolina,Sun Belt,passAttemptsOpponent,358,2026-09-29T20:11:43Z
2021,Coastal Carolina,Sun Belt,passCompletions,227,2026-09-29T20:11:43Z
2021,Coastal Carolina,Sun Belt,passCompletionsOpponent,208,2026-09-29T20:11:43Z
2021,Coastal Carolina,Sun Belt,passesIntercepted,6,2026-09-29T20:11:43Z
2021,Coastal Carolina,Sun Belt,passesInterceptedOpponent,4,2026-09-29T20:11:43Z
2021,Coastal Carolina,Sun Belt,passingTDs,33,2026-09-29T20:11:43Z
2021,Coastal Carolina,Sun Belt,passingTDsOpponent,15,2026-09-29T20:11:43Z
2021,Coastal Carolina,Sun Belt,penalties,70,2026-09-29T20:11:43Z
2021,Coastal Carolina,Sun Belt,penaltiesOpponent,51,2026-09-29T20:11:43Z
2021,Coastal Carolina,Sun Belt,penaltyYards,666,2026-09-29T20:11:43Z
2021,Coastal Carolina,Sun Belt,penaltyYardsOpponent,388,2026-09-29T20:11:43Z
2021,Coastal Carolina,Sun Belt,possessionTime,24394,2026-09-29T20:11:43Z
2021,Coastal Carolina,Sun Belt,possessionTimeOpponent,22406,2026-09-29T20:11:43Z
2021,Coastal Carolina,Sun Belt,puntReturns,25,2026-09-29T20:11:43Z
2021,Coastal Carolina,Sun Belt,puntReturnsOpponent,4,2026-09-29T20:11:43Z
2021,Coastal Carolina,Sun Belt,puntReturnTDs,3,2026-09-29T20:11:43Z
2021,Coastal Carolina,Sun Belt,puntReturnTDsOpponent,0,2026-09-29T20:11:43Z
2021,Coastal Carolina,Sun Belt,puntReturnYards,241,2026-09-29T20:11:43Z
2021,Coastal Carolina,Sun Belt,puntReturnYardsOpponent,0,2026-09-29T20:11:43Z
2021,Coastal Carolina,Sun Belt,rushingAttempts,509,2026-09-29T20:11:43Z
2021,Coastal Carolina,Sun Belt,rushingAttemptsOpponent,477,2026-09-29T20:11:43Z
2021,Coastal Carolina,Sun Belt,rushingTDs,36,2026-09-29T20:11:43Z
2021,Coastal Carolina,Sun Belt,rushingTDsOpponent,21,2026-09-29T20:11:43Z
2021,Coastal Carolina,Sun Belt,rushingYards,2974,2026-09-29T20:11:43Z
2021,Coastal Carolina,Sun Belt,rushingYardsOpponent,1942,2026-09-29T20:11:43Z
2021,Coastal Carolina,Sun Belt,sacks,32,2026-09-29T20:11:43Z
2021,Coastal Carolina,Sun Belt,sacksOpponent,21,2026-09-29T20:11:43Z
2021,Coastal Carolina,Sun Belt,tacklesForLoss,82,2026-09-29T20:11:43Z
2021,Coastal Carolina,Sun Belt,tacklesForLossOpponent,63,2026-09-29T20:11:43Z
2021,Coastal Carolina,Sun Belt,thirdDownConversions,77,2026-09-29T20:11:43Z
2021,Coastal Carolina,Sun Belt,thirdDownConversionsOpponent,61,2026-09-29T20:11:43Z
2021,Coastal Carolina,Sun Belt,thirdDowns,143,2026-09-29T20:11:43Z
2021,Coastal Carolina,Sun Belt,thirdDownsOpponent,171,2026-09-29T20:11:43Z
2021,Coastal Carolina,Sun Belt,totalYards,6431,2026-09-29T20:11:43Z
2021,Coastal Carolina,Sun Belt,totalYardsOpponent,4416,2026-09-29T20:11:43Z
2021,Coastal Carolina,Sun Belt,turnovers,10,2026-09-29T20:11:43Z
2021,Coastal Carolina,Sun Belt,turnoversOpponent,13,2026-09-29T20:11:43Z
2021,Colorado,Pac-12,firstDowns,173,2026-09-29T20:11:43Z
2021,Colorado,Pac-12,firstDownsOpponent,267,2026-09-29T20:11:43Z
2021,Colorado,Pac-12,fourthDownConversions,6,2026-09-29T20:11:43Z
2021,Colorado,Pac-12,fourthDownConversionsOpponent,8,2026-09-29T20:11:43Z
2021,Colorado,Pac-12,fourthDowns,18,2026-09-29T20:11:43Z
2021,Colorado,Pac-12,fourthDownsOpponent,17,2026-09-29T20:11:43Z
2021,Colorado,Pac-12,fumblesLost,4,2026-09-29T20:11:43Z
2021,Colorado,Pac-12,fumblesLostOpponent,4,2026-09-29T20:11:43Z
2021,Colorado,Pac-12,fumblesRecovered,6,2026-09-29T20:11:43Z
2021,Colorado,Pac-12,fumblesRecoveredOpponent,4,2026-09-29T20:11:43Z
2021,Colorado,Pac-12,games,12,2026-09-29T20:11:43Z
2021,Colorado,Pac-12,interceptions,3,2026-09-29T20:11:43Z
2021,Colorado,Pac-12,interceptionsOpponent,9,2026-09-29T20:11:43Z
2021,Colorado,Pac-12,interceptionTDs,1,2026-09-29T20:11:43Z
2021,Colorado,Pac-12,interceptionTDsOpponent,0,2026-09-29T20:11:43Z
2021,Colorado,Pac-12,interceptionYards,143,2026-09-29T20:11:43Z
2021,Colorado,Pac-12,interceptionYardsOpponent,2,2026-09-29T20:11:43Z
2021,Colorado,Pac-12,kickReturns,21,2026-09-29T20:11:43Z
2021,Colorado,Pac-12,kickReturnsOpponent,17,2026-09-29T20:11:43Z
2021,Colorado,Pac-12,kickReturnTDs,1,2026-09-29T20:11:43Z
2021,Colorado,Pac-12,kickReturnTDsOpponent,0,2026-09-29T20:11:43Z
2021,Colorado,Pac-12,kickReturnYards,603,2026-09-29T20:11:43Z
2021,Colorado,Pac-12,kickReturnYardsOpponent,378,2026-09-29T20:11:43Z
2021,Colorado,Pac-12,netPassingYards,1575,2026-09-29T20:11:43Z
2021,Colorado,Pac-12,netPassingYardsOpponent,2908,2026-09-29T20:11:43Z
2021,Colorado,Pac-12,passAttempts,269,2026-09-29T20:11:43Z
2021,Colorado,Pac-12,passAttemptsOpponent,403,2026-09-29T20:11:43Z
2021,Colorado,Pac-12,passCompletions,154,2026-09-29T20:11:43Z
2021,Colorado,Pac-12,passCompletionsOpponent,247,2026-09-29T20:11:43Z
2021,Colorado,Pac-12,passesIntercepted,9,2026-09-29T20:11:43Z
2021,Colorado,Pac-12,passesInterceptedOpponent,3,2026-09-29T20:11:43Z
2021,Colorado,Pac-12,passingTDs,10,2026-09-29T20:11:43Z
2021,Colorado,Pac-12,passingTDsOpponent,17,2026-09-29T20:11:43Z
2021,Colorado,Pac-12,penalties,76,2026-09-29T20:11:43Z
2021,Colorado,Pac-12,penaltiesOpponent,83,2026-09-29T20:11:43Z
2021,Colorado,Pac-12,penaltyYards,677,2026-09-29T20:11:43Z
2021,Colorado,Pac-12,penaltyYardsOpponent,787,2026-09-29T20:11:43Z
2021,Colorado,Pac-12,possessionTime,19582,2026-09-29T20:11:43Z
2021,Colorado,Pac-12,possessionTimeOpponent,23618,2026-09-29T20:11:43Z
2021,Colorado,Pac-12,puntReturns,20,2026-09-29T20:11:43Z
2021,Colorado,Pac-12,puntReturnsOpponent,39,2026-09-29T20:11:43Z
2021,Colorado,Pac-12,puntReturnTDs,1,2026-09-29T20:11:43Z
2021,Colorado,Pac-12,puntReturnTDsOpponent,1,2026-09-29T20:11:43Z
2021,Colorado,Pac-12,puntReturnYards,273,2026-09-29T20:11:43Z
2021,Colorado,Pac-12,puntReturnYardsOpponent,407,2026-09-29T20:11:43Z
2021,Colorado,Pac-12,rushingAttempts,438,2026-09-29T20:11:43Z
2021,Colorado,Pac-12,rushingAttemptsOpponent,431,2026-09-29T20:11:43Z
2021,Colorado,Pac-12,rushingTDs,12,2026-09-29T20:11:43Z
2021,Colorado,Pac-12,rushingTDsOpponent,22,2026-09-29T20:11:43Z
2021,Colorado,Pac-12,rushingYards,1514,2026-09-29T20:11:43Z
2021,Colorado,Pac-12,rushingYardsOpponent,2143,2026-09-29T20:11:43Z
2021,Colorado,Pac-12,sacks,13,2026-09-29T20:11:43Z
2021,Colorado,Pac-12,sacksOpponent,32,2026-09-29T20:11:43Z
2021,Colorado,Pac-12,tacklesForLoss,60,2026-09-29T20:11:43Z
2021,Colorado,Pac-12,tacklesForLossOpponent,79,2026-09-29T20:11:43Z
2021,Colorado,Pac-12,thirdDownConversions,51,2026-09-29T20:11:43Z
2021,Colorado,Pac-12,thirdDownConversionsOpponent,72,2026-09-29T20:11:43Z
2021,Colorado,Pac-12,thirdDowns,158,2026-09-29T20:11:43Z
2021,Colorado,Pac-12,thirdDownsOpponent,167,2026-09-29T20:11:43Z
2021,Colorado,Pac-12,totalYards,3089,2026-09-29T20:11:43Z
2021,Colorado,Pac-12,totalYardsOpponent,5051,2026-09-29T20:11:43Z
2021,Colorado,Pac-12,turnovers,7,2026-09-29T20:11:43Z
2021,Colorado,Pac-12,turnoversOpponent,13,2026-09-29T20:11:43Z
2021,Colorado State,Mountain West,firstDowns,254,2026-09-29T20:11:43Z
2021,Colorado State,Mountain West,firstDownsOpponent,238,2026-09-29T20:11:43Z
2021,Colorado State,Mountain West,fourthDownConversions,10,2026-09-29T20:11:43Z
2021,Colorado State,Mountain West,fourthDownConversionsOpponent,11,2026-09-29T20:11:43Z
2021,Colorado State,Mountain West,fourthDowns,25,2026-09-29T20:11:43Z
2021,Colorado State,Mountain West,fourthDownsOpponent,17,2026-09-29T20:11:43Z
2021,Colorado State,Mountain West,fumblesLost,8,2026-09-29T20:11:43Z
2021,Colorado State,Mountain West,fumblesLostOpponent,8,2026-09-29T20:11:43Z
2021,Colorado State,Mountain West,fumblesRecovered,9,2026-09-29T20:11:43Z
2021,Colorado State,Mountain West,fumblesRecoveredOpponent,12,2026-09-29T20:11:43Z
2021,Colorado State,Mountain West,games,12,2026-09-29T20:11:43Z
2021,Colorado State,Mountain West,interceptions,11,2026-09-29T20:11:43Z
2021,Colorado State,Mountain West,interceptionsOpponent,6,2026-09-29T20:11:43Z
2021,Colorado State,Mountain West,interceptionTDs,0,2026-09-29T20:11:43Z
2021,Colorado State,Mountain West,interceptionTDsOpponent,1,2026-09-29T20:11:43Z
2021,Colorado State,Mountain West,interceptionYards,106,2026-09-29T20:11:43Z
2021,Colorado State,Mountain West,interceptionYardsOpponent,53,2026-09-29T20:11:43Z
2021,Colorado State,Mountain West,kickReturns,19,2026-09-29T20:11:43Z
2021,Colorado State,Mountain West,kickReturnsOpponent,34,2026-09-29T20:11:43Z
2021,Colorado State,Mountain West,kickReturnTDs,0,2026-09-29T20:11:43Z
2021,Colorado State,Mountain West,kickReturnTDsOpponent,0,2026-09-29T20:11:43Z
2021,Colorado State,Mountain West,kickReturnYards,461,2026-09-29T20:11:43Z
2021,Colorado State,Mountain West,kickReturnYardsOpponent,644,2026-09-29T20:11:43Z
2021,Colorado State,Mountain West,netPassingYards,3020,2026-09-29T20:11:43Z
2021,Colorado State,Mountain West,netPassingYardsOpponent,2533,2026-09-29T20:11:43Z
2021,Colorado State,Mountain West,passAttempts,396,2026-09-29T20:11:43Z
2021,Colorado State,Mountain West,passAttemptsOpponent,335,2026-09-29T20:11:43Z
2021,Colorado State,Mountain West,passCompletions,237,2026-09-29T20:11:43Z
2021,Colorado State,Mountain West,passCompletionsOpponent,194,2026-09-29T20:11:43Z
2021,Colorado State,Mountain West,passesIntercepted,6,2026-09-29T20:11:43Z
2021,Colorado State,Mountain West,passesInterceptedOpponent,11,2026-09-29T20:11:43Z
2021,Colorado State,Mountain West,passingTDs,15,2026-09-29T20:11:43Z
2021,Colorado State,Mountain West,passingTDsOpponent,23,2026-09-29T20:11:43Z
2021,Colorado State,Mountain West,penalties,85,2026-09-29T20:11:43Z
2021,Colorado State,Mountain West,penaltiesOpponent,68,2026-09-29T20:11:43Z
2021,Colorado State,Mountain West,penaltyYards,822,2026-09-29T20:11:43Z
2021,Colorado State,Mountain West,penaltyYardsOpponent,580,2026-09-29T20:11:43Z
2021,Colorado State,Mountain West,possessionTime,20906,2026-09-29T20:11:43Z
2021,Colorado State,Mountain West,possessionTimeOpponent,22294,2026-09-29T20:11:43Z
2021,Colorado State,Mountain West,puntReturns,24,2026-09-29T20:11:43Z
2021,Colorado State,Mountain West,puntReturnsOpponent,21,2026-09-29T20:11:43Z
2021,Colorado State,Mountain West,puntReturnTDs,1,2026-09-29T20:11:43Z
2021,Colorado State,Mountain West,puntReturnTDsOpponent,1,2026-09-29T20:11:43Z
2021,Colorado State,Mountain West,puntReturnYards,166,2026-09-29T20:11:43Z
2021,Colorado State,Mountain West,puntReturnYardsOpponent,279,2026-09-29T20:11:43Z
2021,Colorado State,Mountain West,rushingAttempts,515,2026-09-29T20:11:43Z
2021,Colorado State,Mountain West,rushingAttemptsOpponent,494,2026-09-29T20:11:43Z
2021,Colorado State,Mountain West,rushingTDs,14,2026-09-29T20:11:43Z
2021,Colorado State,Mountain West,rushingTDsOpponent,18,2026-09-29T20:11:43Z
2021,Colorado State,Mountain West,rushingYards,1969,2026-09-29T20:11:43Z
2021,Colorado State,Mountain West,rushingYardsOpponent,1995,2026-09-29T20:11:43Z
2021,Colorado State,Mountain West,sacks,39,2026-09-29T20:11:43Z
2021,Colorado State,Mountain West,sacksOpponent,28,2026-09-29T20:11:43Z
2021,Colorado State,Mountain West,tacklesForLoss,83,2026-09-29T20:11:43Z
2021,Colorado State,Mountain West,tacklesForLossOpponent,69,2026-09-29T20:11:43Z
2021,Colorado State,Mountain West,thirdDownConversions,82,2026-09-29T20:11:43Z
2021,Colorado State,Mountain West,thirdDownConversionsOpponent,66,2026-09-29T20:11:43Z
2021,Colorado State,Mountain West,thirdDowns,202,2026-09-29T20:11:43Z
2021,Colorado State,Mountain West,thirdDownsOpponent,179,2026-09-29T20:11:43Z
2021,Colorado State,Mountain West,totalYards,4989,2026-09-29T20:11:43Z
2021,Colorado State,Mountain West,totalYardsOpponent,4528,2026-09-29T20:11:43Z
2021,Colorado State,Mountain West,turnovers,19,2026-09-29T20:11:43Z
2021,Colorado State,Mountain West,turnoversOpponent,14,2026-09-29T20:11:43Z
2021,Duke,ACC,firstDowns,262,2026-09-29T20:11:43Z
2021,Duke,ACC,firstDownsOpponent,293,2026-09-29T20:11:43Z
2021,Duke,ACC,fourthDownConversions,11,2026-09-29T20:11:43Z
2021,Duke,ACC,fourthDownConversionsOpponent,9,2026-09-29T20:11:43Z
2021,Duke,ACC,fourthDowns,29,2026-09-29T20:11:43Z
2021,Duke,ACC,fourthDownsOpponent,12,2026-09-29T20:11:43Z
2021,Duke,ACC,fumblesLost,12,2026-09-29T20:11:43Z
2021,Duke,ACC,fumblesLostOpponent,6,2026-09-29T20:11:43Z
2021,Duke,ACC,fumblesRecovered,6,2026-09-29T20:11:43Z
2021,Duke,ACC,fumblesRecoveredOpponent,14,2026-09-29T20:11:43Z
2021,Duke,ACC,games,12,2026-09-29T20:11:43Z
2021,Duke,ACC,interceptions,9,2026-09-29T20:11:43Z
2021,Duke,ACC,interceptionsOpponent,8,2026-09-29T20:11:43Z
2021,Duke,ACC,interceptionTDs,0,2026-09-29T20:11:43Z
2021,Duke,ACC,interceptionTDsOpponent,0,2026-09-29T20:11:43Z
2021,Duke,ACC,interceptionYards,101,2026-09-29T20:11:43Z
2021,Duke,ACC,interceptionYardsOpponent,115,2026-09-29T20:11:43Z
2021,Duke,ACC,kickReturns,43,2026-09-29T20:11:43Z
2021,Duke,ACC,kickReturnsOpponent,19,2026-09-29T20:11:43Z
2021,Duke,ACC,kickReturnTDs,2,2026-09-29T20:11:43Z
2021,Duke,ACC,kickReturnTDsOpponent,0,2026-09-29T20:11:43Z
2021,Duke,ACC,kickReturnYards,995,2026-09-29T20:11:43Z
2021,Duke,ACC,kickReturnYardsOpponent,288,2026-09-29T20:11:43Z
2021,Duke,ACC,netPassingYards,2855,2026-09-29T20:11:43Z
2021,Duke,ACC,netPassingYardsOpponent,3741,2026-09-29T20:11:43Z
2021,Duke,ACC,passAttempts,410,2026-09-29T20:11:43Z
2021,Duke,ACC,passAttemptsOpponent,405,2026-09-29T20:11:43Z
2021,Duke,ACC,passCompletions,265,2026-09-29T20:11:43Z
2021,Duke,ACC,passCompletionsOpponent,241,2026-09-29T20:11:43Z
2021,Duke,ACC,passesIntercepted,8,2026-09-29T20:11:43Z
2021,Duke,ACC,passesInterceptedOpponent,9,2026-09-29T20:11:43Z
2021,Duke,ACC,passingTDs,9,2026-09-29T20:11:43Z
2021,Duke,ACC,passingTDsOpponent,32,2026-09-29T20:11:43Z
2021,Duke,ACC,penalties,78,2026-09-29T20:11:43Z
2021,Duke,ACC,penaltiesOpponent,77,2026-09-29T20:11:43Z
2021,Duke,ACC,penaltyYards,740,2026-09-29T20:11:43Z
2021,Duke,ACC,penaltyYardsOpponent,643,2026-09-29T20:11:43Z
2021,Duke,ACC,possessionTime,21103,2026-09-29T20:11:43Z
2021,Duke,ACC,possessionTimeOpponent,22097,2026-09-29T20:11:43Z
2021,Duke,ACC,puntReturns,16,2026-09-29T20:11:43Z
2021,Duke,ACC,puntReturnsOpponent,27,2026-09-29T20:11:43Z
2021,Duke,ACC,puntReturnTDs,0,2026-09-29T20:11:43Z
2021,Duke,ACC,puntReturnTDsOpponent,0,2026-09-29T20:11:43Z
2021,Duke,ACC,puntReturnYards,135,2026-09-29T20:11:43Z
2021,Duke,ACC,puntReturnYardsOpponent,221,2026-09-29T20:11:43Z
2021,Duke,ACC,rushingAttempts,524,2026-09-29T20:11:43Z
2021,Duke,ACC,rushingAttemptsOpponent,468,2026-09-29T20:11:43Z
2021,Duke,ACC,rushingTDs,22,2026-09-29T20:11:43Z
2021,Duke,ACC,rushingTDsOpponent,26,2026-09-29T20:11:43Z
2021,Duke,ACC,rushingYards,2163,2026-09-29T20:11:43Z
2021,Duke,ACC,rushingYardsOpponent,2475,2026-09-29T20:11:43Z
2021,Duke,ACC,sacks,21,2026-09-29T20:11:43Z
2021,Duke,ACC,sacksOpponent,27,2026-09-29T20:11:43Z
2021,Duke,ACC,tacklesForLoss,60,2026-09-29T20:11:43Z
2021,Duke,ACC,tacklesForLossOpponent,83,2026-09-29T20:11:43Z
2021,Duke,ACC,thirdDownConversions,86,2026-09-29T20:11:43Z
2021,Duke,ACC,thirdDownConversionsOpponent,84,2026-09-29T20:11:43Z
2021,Duke,ACC,thirdDowns,203,2026-09-29T20:11:43Z
2021,Duke,ACC,thirdDownsOpponent,173,2026-09-29T20:11:43Z
2021,Duke,ACC,totalYards,5018,2026-09-29T20:11:43Z
2021,Duke,ACC,totalYardsOpponent,6216,2026-09-29T20:11:43Z
2021,Duke,ACC,turnovers,21,2026-09-29T20:11:43Z
2021,Duke,ACC,turnoversOpponent,14,2026-09-29T20:11:43Z
2021,East Carolina,American Athletic,firstDowns,267,2026-09-29T20:11:43Z
2021,East Carolina,American Athletic,firstDownsOpponent,232,2026-09-29T20:11:43Z
2021,East Carolina,American Athletic,fourthDownConversions,26,2026-09-29T20:11:43Z
2021,East Carolina,American Athletic,fourthDownConversionsOpponent,11,2026-09-29T20:11:43Z
2021,East Carolina,American Athletic,fourthDowns,36,2026-09-29T20:11:43Z
2021,East Carolina,American Athletic,fourthDownsOpponent,17,2026-09-29T20:11:43Z
2021,East Carolina,American Athletic,fumblesLost,11,2026-09-29T20:11:43Z
2021,East Carolina,American Athletic,fumblesLostOpponent,7,2026-09-29T20:11:43Z
2021,East Carolina,American Athletic,fumblesRecovered,8,2026-09-29T20:11:43Z
2021,East Carolina,American Athletic,fumblesRecoveredOpponent,11,2026-09-29T20:11:43Z
2021,East Carolina,American Athletic,games,12,2026-09-29T20:11:43Z
2021,East Carolina,American Athletic,interceptions,11,2026-09-29T20:11:43Z
2021,East Carolina,American Athletic,interceptionsOpponent,15,2026-09-29T20:11:43Z
2021,East Carolina,American Athletic,interceptionTDs,2,2026-09-29T20:11:43Z
2021,East Carolina,American Athletic,interceptionTDsOpponent,1,2026-09-29T20:11:43Z
2021,East Carolina,American Athletic,interceptionYards,147,2026-09-29T20:11:43Z
2021,East Carolina,American Athletic,interceptionYardsOpponent,142,2026-09-29T20:11:43Z
2021,East Carolina,American Athletic,kickReturns,23,2026-09-29T20:11:43Z
2021,East Carolina,American Athletic,kickReturnsOpponent,37,2026-09-29T20:11:43Z
2021,East Carolina,American Athletic,kickReturnTDs,0,2026-09-29T20:11:43Z
2021,East Carolina,American Athletic,kickReturnTDsOpponent,2,2026-09-29T20:11:43Z
2021,East Carolina,American Athletic,kickReturnYards,403,2026-09-29T20:11:43Z
2021,East Carolina,American Athletic,kickReturnYardsOpponent,861,2026-09-29T20:11:43Z
2021,East Carolina,American Athletic,netPassingYards,3249,2026-09-29T20:11:43Z
2021,East Carolina,American Athletic,netPassingYardsOpponent,2797,2026-09-29T20:11:43Z
2021,East Carolina,American Athletic,passAttempts,424,2026-09-29T20:11:43Z
2021,East Carolina,American Athletic,passAttemptsOpponent,378,2026-09-29T20:11:43Z
2021,East Carolina,American Athletic,passCompletions,261,2026-09-29T20:11:43Z
2021,East Carolina,American Athletic,passCompletionsOpponent,225,2026-09-29T20:11:43Z
2021,East Carolina,American Athletic,passesIntercepted,15,2026-09-29T20:11:43Z
2021,East Carolina,American Athletic,passesInterceptedOpponent,11,2026-09-29T20:11:43Z
2021,East Carolina,American Athletic,passingTDs,21,2026-09-29T20:11:43Z
2021,East Carolina,American Athletic,passingTDsOpponent,17,2026-09-29T20:11:43Z
2021,East Carolina,American Athletic,penalties,63,2026-09-29T20:11:43Z
2021,East Carolina,American Athletic,penaltiesOpponent,68,2026-09-29T20:11:43Z
2021,East Carolina,American Athletic,penaltyYards,591,2026-09-29T20:11:43Z
2021,East Carolina,American Athletic,penaltyYardsOpponent,594,2026-09-29T20:11:43Z
2021,East Carolina,American Athletic,possessionTime,24471,2026-09-29T20:11:43Z
2021,East Carolina,American Athletic,possessionTimeOpponent,18729,2026-09-29T20:11:43Z
2021,East Carolina,American Athletic,puntReturns,13,2026-09-29T20:11:43Z
2021,East Carolina,American Athletic,puntReturnsOpponent,8,2026-09-29T20:11:43Z
2021,East Carolina,American Athletic,puntReturnTDs,0,2026-09-29T20:11:43Z
2021,East Carolina,American Athletic,puntReturnTDsOpponent,0,2026-09-29T20:11:43Z
2021,East Carolina,American Athletic,puntReturnYards,81,2026-09-29T20:11:43Z
2021,East Carolina,American Athletic,puntReturnYardsOpponent,35,2026-09-29T20:11:43Z
2021,East Carolina,American Athletic,rushingAttempts,475,2026-09-29T20:11:43Z
2021,East Carolina,American Athletic,rushingAttemptsOpponent,412,2026-09-29T20:11:43Z
2021,East Carolina,American Athletic,rushingTDs,20,2026-09-29T20:11:43Z
2021,East Carolina,American Athletic,rushingTDsOpponent,20,2026-09-29T20:11:43Z
2021,East Carolina,American Athletic,rushingYards,1949,2026-09-29T20:11:43Z
2021,East Carolina,American Athletic,rushingYardsOpponent,1941,2026-09-29T20:11:43Z
2021,East Carolina,American Athletic,sacks,26,2026-09-29T20:11:43Z
2021,East Carolina,American Athletic,sacksOpponent,36,2026-09-29T20:11:43Z
2021,East Carolina,American Athletic,tacklesForLoss,73,2026-09-29T20:11:43Z
2021,East Carolina,American Athletic,tacklesForLossOpponent,80,2026-09-29T20:11:43Z
2021,East Carolina,American Athletic,thirdDownConversions,66,2026-09-29T20:11:43Z
2021,East Carolina,American Athletic,thirdDownConversionsOpponent,49,2026-09-29T20:11:43Z
2021,East Carolina,American Athletic,thirdDowns,191,2026-09-29T20:11:43Z
2021,East Carolina,American Athletic,thirdDownsOpponent,152,2026-09-29T20:11:43Z
2021,East Carolina,American Athletic,totalYards,5198,2026-09-29T20:11:43Z
2021,East Carolina,American Athletic,totalYardsOpponent,4738,2026-09-29T20:11:43Z
2021,East Carolina,American Athletic,turnovers,22,2026-09-29T20:11:43Z
2021,East Carolina,American Athletic,turnoversOpponent,22,2026-09-29T20:11:43Z
2021,Eastern Michigan,Mid-American,firstDowns,289,2026-09-29T20:11:43Z
2021,Eastern Michigan,Mid-American,firstDownsOpponent,298,2026-09-29T20:11:43Z
2021,Eastern Michigan,Mid-American,fourthDownConversions,14,2026-09-29T20:11:43Z
2021,Eastern Michigan,Mid-American,fourthDownConversionsOpponent,10,2026-09-29T20:11:43Z
2021,Eastern Michigan,Mid-American,fourthDowns,29,2026-09-29T20:11:43Z
2021,Eastern Michigan,Mid-American,fourthDownsOpponent,21,2026-09-29T20:11:43Z
2021,Eastern Michigan,Mid-American,fumblesLost,5,2026-09-29T20:11:43Z
2021,Eastern Michigan,Mid-American,fumblesLostOpponent,9,2026-09-29T20:11:43Z
2021,Eastern Michigan,Mid-American,fumblesRecovered,11,2026-09-29T20:11:43Z
2021,Eastern Michigan,Mid-American,fumblesRecoveredOpponent,5,2026-09-29T20:11:43Z
2021,Eastern Michigan,Mid-American,games,13,2026-09-29T20:11:43Z
2021,Eastern Michigan,Mid-American,interceptions,9,2026-09-29T20:11:43Z
2021,Eastern Michigan,Mid-American,interceptionsOpponent,8,2026-09-29T20:11:43Z
2021,Eastern Michigan,Mid-American,interceptionTDs,2,2026-09-29T20:11:43Z
2021,Eastern Michigan,Mid-American,interceptionTDsOpponent,2,2026-09-29T20:11:43Z
2021,Eastern Michigan,Mid-American,interceptionYards,166,2026-09-29T20:11:43Z
2021,Eastern Michigan,Mid-American,interceptionYardsOpponent,94,2026-09-29T20:11:43Z
2021,Eastern Michigan,Mid-American,kickReturns,32,2026-09-29T20:11:43Z
2021,Eastern Michigan,Mid-American,kickReturnsOpponent,31,2026-09-29T20:11:43Z
2021,Eastern Michigan,Mid-American,kickReturnTDs,0,2026-09-29T20:11:43Z
2021,Eastern Michigan,Mid-American,kickReturnTDsOpponent,2,2026-09-29T20:11:43Z
2021,Eastern Michigan,Mid-American,kickReturnYards,459,2026-09-29T20:11:43Z
2021,Eastern Michigan,Mid-American,kickReturnYardsOpponent,652,2026-09-29T20:11:43Z
2021,Eastern Michigan,Mid-American,netPassingYards,3417,2026-09-29T20:11:43Z
2021,Eastern Michigan,Mid-American,netPassingYardsOpponent,3093,2026-09-29T20:11:43Z
2021,Eastern Michigan,Mid-American,passAttempts,455,2026-09-29T20:11:43Z
2021,Eastern Michigan,Mid-American,passAttemptsOpponent,393,2026-09-29T20:11:43Z
2021,Eastern Michigan,Mid-American,passCompletions,309,2026-09-29T20:11:43Z
2021,Eastern Michigan,Mid-American,passCompletionsOpponent,230,2026-09-29T20:11:43Z
2021,Eastern Michigan,Mid-American,passesIntercepted,8,2026-09-29T20:11:43Z
2021,Eastern Michigan,Mid-American,passesInterceptedOpponent,9,2026-09-29T20:11:43Z
2021,Eastern Michigan,Mid-American,passingTDs,19,2026-09-29T20:11:43Z
2021,Eastern Michigan,Mid-American,passingTDsOpponent,19,2026-09-29T20:11:43Z
2021,Eastern Michigan,Mid-American,penalties,50,2026-09-29T20:11:43Z
2021,Eastern Michigan,Mid-American,penaltiesOpponent,89,2026-09-29T20:11:43Z
2021,Eastern Michigan,Mid-American,penaltyYards,448,2026-09-29T20:11:43Z
2021,Eastern Michigan,Mid-American,penaltyYardsOpponent,786,2026-09-29T20:11:43Z
2021,Eastern Michigan,Mid-American,possessionTime,23820,2026-09-29T20:11:43Z
2021,Eastern Michigan,Mid-American,possessionTimeOpponent,22980,2026-09-29T20:11:43Z
2021,Eastern Michigan,Mid-American,puntReturns,16,2026-09-29T20:11:43Z
2021,Eastern Michigan,Mid-American,puntReturnsOpponent,14,2026-09-29T20:11:43Z
2021,Eastern Michigan,Mid-American,puntReturnTDs,1,2026-09-29T20:11:43Z
2021,Eastern Michigan,Mid-American,puntReturnTDsOpponent,0,2026-09-29T20:11:43Z
2021,Eastern Michigan,Mid-American,puntReturnYards,114,2026-09-29T20:11:43Z
2021,Eastern Michigan,Mid-American,puntReturnYardsOpponent,69,2026-09-29T20:11:43Z
2021,Eastern Michigan,Mid-American,rushingAttempts,455,2026-09-29T20:11:43Z
2021,Eastern Michigan,Mid-American,rushingAttemptsOpponent,508,2026-09-29T20:11:43Z
2021,Eastern Michigan,Mid-American,rushingTDs,26,2026-09-29T20:11:43Z
2021,Eastern Michigan,Mid-American,rushingTDsOpponent,27,2026-09-29T20:11:43Z
2021,Eastern Michigan,Mid-American,rushingYards,1541,2026-09-29T20:11:43Z
2021,Eastern Michigan,Mid-American,rushingYardsOpponent,2600,2026-09-29T20:11:43Z
2021,Eastern Michigan,Mid-American,sacks,24,2026-09-29T20:11:43Z
2021,Eastern Michigan,Mid-American,sacksOpponent,41,2026-09-29T20:11:43Z
2021,Eastern Michigan,Mid-American,tacklesForLoss,52,2026-09-29T20:11:43Z
2021,Eastern Michigan,Mid-American,tacklesForLossOpponent,81,2026-09-29T20:11:43Z
2021,Eastern Michigan,Mid-American,thirdDownConversions,73,2026-09-29T20:11:43Z
2021,Eastern Michigan,Mid-American,thirdDownConversionsOpponent,71,2026-09-29T20:11:43Z
2021,Eastern Michigan,Mid-American,thirdDowns,175,2026-09-29T20:11:43Z
2021,Eastern Michigan,Mid-American,thirdDownsOpponent,164,2026-09-29T20:11:43Z
2021,Eastern Michigan,Mid-American,totalYards,4958,2026-09-29T20:11:43Z
2021,Eastern Michigan,Mid-American,totalYardsOpponent,5693,2026-09-29T20:11:43Z
2021,Eastern Michigan,Mid-American,turnovers,14,2026-09-29T20:11:43Z
2021,Eastern Michigan,Mid-American,turnoversOpponent,17,2026-09-29T20:11:43Z
2021,Florida,SEC,firstDowns,291,2026-09-29T20:11:43Z
2021,Florida,SEC,firstDownsOpponent,261,2026-09-29T20:11:43Z
2021,Florida,SEC,fourthDownConversions,14,2026-09-29T20:11:43Z
2021,Florida,SEC,fourthDownConversionsOpponent,9,2026-09-29T20:11:43Z
2021,Florida,SEC,fourthDowns,26,2026-09-29T20:11:43Z
2021,Florida,SEC,fourthDownsOpponent,20,2026-09-29T20:11:43Z
2021,Florida,SEC,fumblesLost,3,2026-09-29T20:11:43Z
2021,Florida,SEC,fumblesLostOpponent,4,2026-09-29T20:11:43Z
2021,Florida,SEC,fumblesRecovered,4,2026-09-29T20:11:43Z
2021,Florida,SEC,fumblesRecoveredOpponent,5,2026-09-29T20:11:43Z
2021,Florida,SEC,games,13,2026-09-29T20:11:43Z
2021,Florida,SEC,interceptions,18,2026-09-29T20:11:43Z
2021,Florida,SEC,interceptionsOpponent,9,2026-09-29T20:11:43Z
2021,Florida,SEC,interceptionTDs,0,2026-09-29T20:11:43Z
2021,Florida,SEC,interceptionTDsOpponent,2,2026-09-29T20:11:43Z
2021,Florida,SEC,interceptionYards,43,2026-09-29T20:11:43Z
2021,Florida,SEC,interceptionYardsOpponent,302,2026-09-29T20:11:43Z
2021,Florida,SEC,kickReturns,26,2026-09-29T20:11:43Z
2021,Florida,SEC,kickReturnsOpponent,34,2026-09-29T20:11:43Z
2021,Florida,SEC,kickReturnTDs,0,2026-09-29T20:11:43Z
2021,Florida,SEC,kickReturnTDsOpponent,0,2026-09-29T20:11:43Z
2021,Florida,SEC,kickReturnYards,413,2026-09-29T20:11:43Z
2021,Florida,SEC,kickReturnYardsOpponent,773,2026-09-29T20:11:43Z
2021,Florida,SEC,netPassingYards,3304,2026-09-29T20:11:43Z
2021,Florida,SEC,netPassingYardsOpponent,2651,2026-09-29T20:11:43Z
2021,Florida,SEC,passAttempts,416,2026-09-29T20:11:43Z
2021,Florida,SEC,passAttemptsOpponent,395,2026-09-29T20:11:43Z
2021,Florida,SEC,passCompletions,265,2026-09-29T20:11:43Z
2021,Florida,SEC,passCompletionsOpponent,226,2026-09-29T20:11:43Z
2021,Florida,SEC,passesIntercepted,9,2026-09-29T20:11:43Z
2021,Florida,SEC,passesInterceptedOpponent,18,2026-09-29T20:11:43Z
2021,Florida,SEC,passingTDs,27,2026-09-29T20:11:43Z
2021,Florida,SEC,passingTDsOpponent,19,2026-09-29T20:11:43Z
2021,Florida,SEC,penalties,104,2026-09-29T20:11:43Z
2021,Florida,SEC,penaltiesOpponent,68,2026-09-29T20:11:43Z
2021,Florida,SEC,penaltyYards,918,2026-09-29T20:11:43Z
2021,Florida,SEC,penaltyYardsOpponent,559,2026-09-29T20:11:43Z
2021,Florida,SEC,possessionTime,23790,2026-09-29T20:11:43Z
2021,Florida,SEC,possessionTimeOpponent,23023,2026-09-29T20:11:43Z
2021,Florida,SEC,puntReturns,25,2026-09-29T20:11:43Z
2021,Florida,SEC,puntReturnsOpponent,10,2026-09-29T20:11:43Z
2021,Florida,SEC,puntReturnTDs,0,2026-09-29T20:11:43Z
2021,Florida,SEC,puntReturnTDsOpponent,0,2026-09-29T20:11:43Z
2021,Florida,SEC,puntReturnYards,176,2026-09-29T20:11:43Z
2021,Florida,SEC,puntReturnYardsOpponent,92,2026-09-29T20:11:43Z
2021,Florida,SEC,rushingAttempts,495,2026-09-29T20:11:43Z
2021,Florida,SEC,rushingAttemptsOpponent,478,2026-09-29T20:11:43Z
2021,Florida,SEC,rushingTDs,26,2026-09-29T20:11:43Z
2021,Florida,SEC,rushingTDsOpponent,19,2026-09-29T20:11:43Z
2021,Florida,SEC,rushingYards,2714,2026-09-29T20:11:43Z
2021,Florida,SEC,rushingYardsOpponent,2131,2026-09-29T20:11:43Z
2021,Florida,SEC,sacks,36,2026-09-29T20:11:43Z
2021,Florida,SEC,sacksOpponent,14,2026-09-29T20:11:43Z
2021,Florida,SEC,tacklesForLoss,81,2026-09-29T20:11:43Z
2021,Florida,SEC,tacklesForLossOpponent,68,2026-09-29T20:11:43Z
2021,Florida,SEC,thirdDownConversions,72,2026-09-29T20:11:43Z
2021,Florida,SEC,thirdDownConversionsOpponent,62,2026-09-29T20:11:43Z
2021,Florida,SEC,thirdDowns,174,2026-09-29T20:11:43Z
2021,Florida,SEC,thirdDownsOpponent,175,2026-09-29T20:11:43Z
2021,Florida,SEC,totalYards,6018,2026-09-29T20:11:43Z
2021,Florida,SEC,totalYardsOpponent,4782,2026-09-29T20:11:43Z
2021,Florida,SEC,turnovers,21,2026-09-29T20:11:43Z
2021,Florida,SEC,turnoversOpponent,13,2026-09-29T20:11:43Z
2021,Florida Atlantic,Conference USA,firstDowns,240,2026-09-29T20:11:43Z
2021,Florida Atlantic,Conference USA,firstDownsOpponent,240,2026-09-29T20:11:43Z
2021,Florida Atlantic,Conference USA,fourthDownConversions,9,2026-09-29T20:11:43Z
2021,Florida Atlantic,Conference USA,fourthDownConversionsOpponent,15,2026-09-29T20:11:43Z
2021,Florida Atlantic,Conference USA,fourthDowns,23,2026-09-29T20:11:43Z
2021,Florida Atlantic,Conference USA,fourthDownsOpponent,27,2026-09-29T20:11:43Z
2021,Florida Atlantic,Conference USA,fumblesLost,11,2026-09-29T20:11:43Z
2021,Florida Atlantic,Conference USA,fumblesLostOpponent,6,2026-09-29T20:11:43Z
2021,Florida Atlantic,Conference USA,fumblesRecovered,7,2026-09-29T20:11:43Z
2021,Florida Atlantic,Conference USA,fumblesRecoveredOpponent,10,2026-09-29T20:11:43Z
2021,Florida Atlantic,Conference USA,games,12,2026-09-29T20:11:43Z
2021,Florida Atlantic,Conference USA,interceptions,8,2026-09-29T20:11:43Z
2021,Florida Atlantic,Conference USA,interceptionsOpponent,13,2026-09-29T20:11:43Z
2021,Florida Atlantic,Conference USA,interceptionTDs,2,2026-09-29T20:11:43Z
2021,Florida Atlantic,Conference USA,interceptionTDsOpponent,1,2026-09-29T20:11:43Z
2021,Florida Atlantic,Conference USA,interceptionYards,169,2026-09-29T20:11:43Z
2021,Florida Atlantic,Conference USA,interceptionYardsOpponent,134,2026-09-29T20:11:43Z
2021,Florida Atlantic,Conference USA,kickReturns,29,2026-09-29T20:11:43Z
2021,Florida Atlantic,Conference USA,kickReturnsOpponent,29,2026-09-29T20:11:43Z
2021,Florida Atlantic,Conference USA,kickReturnTDs,0,2026-09-29T20:11:43Z
2021,Florida Atlantic,Conference USA,kickReturnTDsOpponent,1,2026-09-29T20:11:43Z
2021,Florida Atlantic,Conference USA,kickReturnYards,606,2026-09-29T20:11:43Z
2021,Florida Atlantic,Conference USA,kickReturnYardsOpponent,643,2026-09-29T20:11:43Z
2021,Florida Atlantic,Conference USA,netPassingYards,2982,2026-09-29T20:11:43Z
2021,Florida Atlantic,Conference USA,netPassingYardsOpponent,3026,2026-09-29T20:11:43Z
2021,Florida Atlantic,Conference USA,passAttempts,386,2026-09-29T20:11:43Z
2021,Florida Atlantic,Conference USA,passAttemptsOpponent,420,2026-09-29T20:11:43Z
2021,Florida Atlantic,Conference USA,passCompletions,230,2026-09-29T20:11:43Z
2021,Florida Atlantic,Conference USA,passCompletionsOpponent,247,2026-09-29T20:11:43Z
2021,Florida Atlantic,Conference USA,passesIntercepted,13,2026-09-29T20:11:43Z
2021,Florida Atlantic,Conference USA,passesInterceptedOpponent,8,2026-09-29T20:11:43Z
2021,Florida Atlantic,Conference USA,passingTDs,20,2026-09-29T20:11:43Z
2021,Florida Atlantic,Conference USA,passingTDsOpponent,19,2026-09-29T20:11:43Z
2021,Florida Atlantic,Conference USA,penalties,85,2026-09-29T20:11:43Z
2021,Florida Atlantic,Conference USA,penaltiesOpponent,92,2026-09-29T20:11:43Z
2021,Florida Atlantic,Conference USA,penaltyYards,717,2026-09-29T20:11:43Z
2021,Florida Atlantic,Conference USA,penaltyYardsOpponent,829,2026-09-29T20:11:43Z
2021,Florida Atlantic,Conference USA,possessionTime,20515,2026-09-29T20:11:43Z
2021,Florida Atlantic,Conference USA,possessionTimeOpponent,22685,2026-09-29T20:11:43Z
2021,Florida Atlantic,Conference USA,puntReturns,19,2026-09-29T20:11:43Z
2021,Florida Atlantic,Conference USA,puntReturnsOpponent,17,2026-09-29T20:11:43Z
2021,Florida Atlantic,Conference USA,puntReturnTDs,0,2026-09-29T20:11:43Z
2021,Florida Atlantic,Conference USA,puntReturnTDsOpponent,0,2026-09-29T20:11:43Z
2021,Florida Atlantic,Conference USA,puntReturnYards,129,2026-09-29T20:11:43Z
2021,Florida Atlantic,Conference USA,puntReturnYardsOpponent,168,2026-09-29T20:11:43Z
2021,Florida Atlantic,Conference USA,rushingAttempts,449,2026-09-29T20:11:43Z
2021,Florida Atlantic,Conference USA,rushingAttemptsOpponent,422,2026-09-29T20:11:43Z
2021,Florida Atlantic,Conference USA,rushingTDs,18,2026-09-29T20:11:43Z
2021,Florida Atlantic,Conference USA,rushingTDsOpponent,17,2026-09-29T20:11:43Z
2021,Florida Atlantic,Conference USA,rushingYards,1819,2026-09-29T20:11:43Z
2021,Florida Atlantic,Conference USA,rushingYardsOpponent,1891,2026-09-29T20:11:43Z
2021,Florida Atlantic,Conference USA,sacks,15,2026-09-29T20:11:43Z
2021,Florida Atlantic,Conference USA,sacksOpponent,35,2026-09-29T20:11:43Z
2021,Florida Atlantic,Conference USA,tacklesForLoss,65,2026-09-29T20:11:43Z
2021,Florida Atlantic,Conference USA,tacklesForLossOpponent,76,2026-09-29T20:11:43Z
2021,Florida Atlantic,Conference USA,thirdDownConversions,75,2026-09-29T20:11:43Z
2021,Florida Atlantic,Conference USA,thirdDownConversionsOpponent,56,2026-09-29T20:11:43Z
2021,Florida Atlantic,Conference USA,thirdDowns,177,2026-09-29T20:11:43Z
2021,Florida Atlantic,Conference USA,thirdDownsOpponent,176,2026-09-29T20:11:43Z
2021,Florida Atlantic,Conference USA,totalYards,4801,2026-09-29T20:11:43Z
2021,Florida Atlantic,Conference USA,totalYardsOpponent,4917,2026-09-29T20:11:43Z
2021,Florida Atlantic,Conference USA,turnovers,19,2026-09-29T20:11:43Z
2021,Florida Atlantic,Conference USA,turnoversOpponent,19,2026-09-29T20:11:43Z
2021,Florida International,Conference USA,firstDowns,194,2026-09-29T20:11:43Z
2021,Florida International,Conference USA,firstDownsOpponent,299,2026-09-29T20:11:43Z
2021,Florida International,Conference USA,fourthDownConversions,6,2026-09-29T20:11:43Z
2021,Florida International,Conference USA,fourthDownConversionsOpponent,9,2026-09-29T20:11:43Z
2021,Florida International,Conference USA,fourthDowns,14,2026-09-29T20:11:43Z
2021,Florida International,Conference USA,fourthDownsOpponent,12,2026-09-29T20:11:43Z
2021,Florida International,Conference USA,fumblesLost,10,2026-09-29T20:11:43Z
2021,Florida International,Conference USA,fumblesLostOpponent,6,2026-09-29T20:11:43Z
2021,Florida International,Conference USA,fumblesRecovered,8,2026-09-29T20:11:43Z
2021,Florida International,Conference USA,fumblesRecoveredOpponent,11,2026-09-29T20:11:43Z
2021,Florida International,Conference USA,games,12,2026-09-29T20:11:43Z
2021,Florida International,Conference USA,interceptions,12,2026-09-29T20:11:43Z
2021,Florida International,Conference USA,interceptionsOpponent,3,2026-09-29T20:11:43Z
2021,Florida International,Conference USA,interceptionTDs,0,2026-09-29T20:11:43Z
2021,Florida International,Conference USA,interceptionTDsOpponent,4,2026-09-29T20:11:43Z
2021,Florida International,Conference USA,interceptionYards,0,2026-09-29T20:11:43Z
2021,Florida International,Conference USA,interceptionYardsOpponent,255,2026-09-29T20:11:43Z
2021,Florida International,Conference USA,kickReturns,32,2026-09-29T20:11:43Z
2021,Florida International,Conference USA,kickReturnsOpponent,25,2026-09-29T20:11:43Z
2021,Florida International,Conference USA,kickReturnTDs,0,2026-09-29T20:11:43Z
2021,Florida International,Conference USA,kickReturnTDsOpponent,0,2026-09-29T20:11:43Z
2021,Florida International,Conference USA,kickReturnYards,574,2026-09-29T20:11:43Z
2021,Florida International,Conference USA,kickReturnYardsOpponent,533,2026-09-29T20:11:43Z
2021,Florida International,Conference USA,netPassingYards,3182,2026-09-29T20:11:43Z
2021,Florida International,Conference USA,netPassingYardsOpponent,3154,2026-09-29T20:11:43Z
2021,Florida International,Conference USA,passAttempts,379,2026-09-29T20:11:43Z
2021,Florida International,Conference USA,passAttemptsOpponent,376,2026-09-29T20:11:43Z
2021,Florida International,Conference USA,passCompletions,202,2026-09-29T20:11:43Z
2021,Florida International,Conference USA,passCompletionsOpponent,258,2026-09-29T20:11:43Z
2021,Florida International,Conference USA,passesIntercepted,3,2026-09-29T20:11:43Z
2021,Florida International,Conference USA,passesInterceptedOpponent,12,2026-09-29T20:11:43Z
2021,Florida International,Conference USA,passingTDs,20,2026-09-29T20:11:43Z
2021,Florida International,Conference USA,passingTDsOpponent,28,2026-09-29T20:11:43Z
2021,Florida International,Conference USA,penalties,71,2026-09-29T20:11:43Z
2021,Florida International,Conference USA,penaltiesOpponent,62,2026-09-29T20:11:43Z
2021,Florida International,Conference USA,penaltyYards,626,2026-09-29T20:11:43Z
2021,Florida International,Conference USA,penaltyYardsOpponent,573,2026-09-29T20:11:43Z
2021,Florida International,Conference USA,possessionTime,19364,2026-09-29T20:11:43Z
2021,Florida International,Conference USA,possessionTimeOpponent,23830,2026-09-29T20:11:43Z
2021,Florida International,Conference USA,puntReturns,16,2026-09-29T20:11:43Z
2021,Florida International,Conference USA,puntReturnsOpponent,26,2026-09-29T20:11:43Z
2021,Florida International,Conference USA,puntReturnTDs,1,2026-09-29T20:11:43Z
2021,Florida International,Conference USA,puntReturnTDsOpponent,0,2026-09-29T20:11:43Z
2021,Florida International,Conference USA,puntReturnYards,98,2026-09-29T20:11:43Z
2021,Florida International,Conference USA,puntReturnYardsOpponent,256,2026-09-29T20:11:43Z
2021,Florida International,Conference USA,rushingAttempts,371,2026-09-29T20:11:43Z
2021,Florida International,Conference USA,rushingAttemptsOpponent,506,2026-09-29T20:11:43Z
2021,Florida International,Conference USA,rushingTDs,11,2026-09-29T20:11:43Z
2021,Florida International,Conference USA,rushingTDsOpponent,30,2026-09-29T20:11:43Z
2021,Florida International,Conference USA,rushingYards,1225,2026-09-29T20:11:43Z
2021,Florida International,Conference USA,rushingYardsOpponent,2758,2026-09-29T20:11:43Z
2021,Florida International,Conference USA,sacks,14,2026-09-29T20:11:43Z
2021,Florida International,Conference USA,sacksOpponent,40,2026-09-29T20:11:43Z
2021,Florida International,Conference USA,tacklesForLoss,55,2026-09-29T20:11:43Z
2021,Florida International,Conference USA,tacklesForLossOpponent,69,2026-09-29T20:11:43Z
2021,Florida International,Conference USA,thirdDownConversions,53,2026-09-29T20:11:43Z
2021,Florida International,Conference USA,thirdDownConversionsOpponent,78,2026-09-29T20:11:43Z
2021,Florida International,Conference USA,thirdDowns,162,2026-09-29T20:11:43Z
2021,Florida International,Conference USA,thirdDownsOpponent,168,2026-09-29T20:11:43Z
2021,Florida International,Conference USA,totalYards,4407,2026-09-29T20:11:43Z
2021,Florida International,Conference USA,totalYardsOpponent,5912,2026-09-29T20:11:43Z
2021,Florida International,Conference USA,turnovers,22,2026-09-29T20:11:43Z
2021,Florida International,Conference USA,turnoversOpponent,9,2026-09-29T20:11:43Z
2021,Florida State,ACC,firstDowns,247,2026-09-29T20:11:43Z
2021,Florida State,ACC,firstDownsOpponent,245,2026-09-29T20:11:43Z
2021,Florida State,ACC,fourthDownConversions,7,2026-09-29T20:11:43Z
2021,Florida State,ACC,fourthDownConversionsOpponent,11,2026-09-29T20:11:43Z
2021,Florida State,ACC,fourthDowns,21,2026-09-29T20:11:43Z
2021,Florida State,ACC,fourthDownsOpponent,23,2026-09-29T20:11:43Z
2021,Florida State,ACC,fumblesLost,9,2026-09-29T20:11:43Z
2021,Florida State,ACC,fumblesLostOpponent,6,2026-09-29T20:11:43Z
2021,Florida State,ACC,fumblesRecovered,7,2026-09-29T20:11:43Z
2021,Florida State,ACC,fumblesRecoveredOpponent,10,2026-09-29T20:11:43Z
2021,Florida State,ACC,games,12,2026-09-29T20:11:43Z
2021,Florida State,ACC,interceptions,12,2026-09-29T20:11:43Z
2021,Florida State,ACC,interceptionsOpponent,14,2026-09-29T20:11:43Z
2021,Florida State,ACC,interceptionTDs,1,2026-09-29T20:11:43Z
2021,Florida State,ACC,interceptionTDsOpponent,0,2026-09-29T20:11:43Z
2021,Florida State,ACC,interceptionYards,150,2026-09-29T20:11:43Z
2021,Florida State,ACC,interceptionYardsOpponent,26,2026-09-29T20:11:43Z
2021,Florida State,ACC,kickReturns,27,2026-09-29T20:11:43Z
2021,Florida State,ACC,kickReturnsOpponent,22,2026-09-29T20:11:43Z
2021,Florida State,ACC,kickReturnTDs,0,2026-09-29T20:11:43Z
2021,Florida State,ACC,kickReturnTDsOpponent,0,2026-09-29T20:11:43Z
2021,Florida State,ACC,kickReturnYards,509,2026-09-29T20:11:43Z
2021,Florida State,ACC,kickReturnYardsOpponent,555,2026-09-29T20:11:43Z
2021,Florida State,ACC,netPassingYards,2419,2026-09-29T20:11:43Z
2021,Florida State,ACC,netPassingYardsOpponent,2798,2026-09-29T20:11:43Z
2021,Florida State,ACC,passAttempts,340,2026-09-29T20:11:43Z
2021,Florida State,ACC,passAttemptsOpponent,397,2026-09-29T20:11:43Z
2021,Florida State,ACC,passCompletions,209,2026-09-29T20:11:43Z
2021,Florida State,ACC,passCompletionsOpponent,231,2026-09-29T20:11:43Z
2021,Florida State,ACC,passesIntercepted,14,2026-09-29T20:11:43Z
2021,Florida State,ACC,passesInterceptedOpponent,12,2026-09-29T20:11:43Z
2021,Florida State,ACC,passingTDs,20,2026-09-29T20:11:43Z
2021,Florida State,ACC,passingTDsOpponent,25,2026-09-29T20:11:43Z
2021,Florida State,ACC,penalties,83,2026-09-29T20:11:43Z
2021,Florida State,ACC,penaltiesOpponent,102,2026-09-29T20:11:43Z
2021,Florida State,ACC,penaltyYards,750,2026-09-29T20:11:43Z
2021,Florida State,ACC,penaltyYardsOpponent,848,2026-09-29T20:11:43Z
2021,Florida State,ACC,possessionTime,20403,2026-09-29T20:11:43Z
2021,Florida State,ACC,possessionTimeOpponent,22788,2026-09-29T20:11:43Z
2021,Florida State,ACC,puntReturns,17,2026-09-29T20:11:43Z
2021,Florida State,ACC,puntReturnsOpponent,12,2026-09-29T20:11:43Z
2021,Florida State,ACC,puntReturnTDs,0,2026-09-29T20:11:43Z
2021,Florida State,ACC,puntReturnTDsOpponent,0,2026-09-29T20:11:43Z
2021,Florida State,ACC,puntReturnYards,71,2026-09-29T20:11:43Z
2021,Florida State,ACC,puntReturnYardsOpponent,106,2026-09-29T20:11:43Z
2021,Florida State,ACC,rushingAttempts,446,2026-09-29T20:11:43Z
2021,Florida State,ACC,rushingAttemptsOpponent,477,2026-09-29T20:11:43Z
2021,Florida State,ACC,rushingTDs,21,2026-09-29T20:11:43Z
2021,Florida State,ACC,rushingTDsOpponent,15,2026-09-29T20:11:43Z
2021,Florida State,ACC,rushingYards,2134,2026-09-29T20:11:43Z
2021,Florida State,ACC,rushingYardsOpponent,1735,2026-09-29T20:11:43Z
2021,Florida State,ACC,sacks,33,2026-09-29T20:11:43Z
2021,Florida State,ACC,sacksOpponent,36,2026-09-29T20:11:43Z
2021,Florida State,ACC,tacklesForLoss,86,2026-09-29T20:11:43Z
2021,Florida State,ACC,tacklesForLossOpponent,81,2026-09-29T20:11:43Z
2021,Florida State,ACC,thirdDownConversions,52,2026-09-29T20:11:43Z
2021,Florida State,ACC,thirdDownConversionsOpponent,79,2026-09-29T20:11:43Z
2021,Florida State,ACC,thirdDowns,153,2026-09-29T20:11:43Z
2021,Florida State,ACC,thirdDownsOpponent,193,2026-09-29T20:11:43Z
2021,Florida State,ACC,totalYards,4553,2026-09-29T20:11:43Z
2021,Florida State,ACC,totalYardsOpponent,4533,2026-09-29T20:11:43Z
2021,Florida State,ACC,turnovers,21,2026-09-29T20:11:43Z
2021,Florida State,ACC,turnoversOpponent,20,2026-09-29T20:11:43Z
2021,Fresno State,Mountain West,firstDowns,316,2026-09-29T20:11:43Z
2021,Fresno State,Mountain West,firstDownsOpponent,237,2026-09-29T20:11:43Z
2021,Fresno State,Mountain West,fourthDownConversions,8,2026-09-29T20:11:43Z
2021,Fresno State,Mountain West,fourthDownConversionsOpponent,7,2026-09-29T20:11:43Z
2021,Fresno State,Mountain West,fourthDowns,15,2026-09-29T20:11:43Z
2021,Fresno State,Mountain West,fourthDownsOpponent,20,2026-09-29T20:11:43Z
2021,Fresno State,Mountain West,fumblesLost,12,2026-09-29T20:11:43Z
2021,Fresno State,Mountain West,fumblesLostOpponent,13,2026-09-29T20:11:43Z
2021,Fresno State,Mountain West,fumblesRecovered,17,2026-09-29T20:11:43Z
2021,Fresno State,Mountain West,fumblesRecoveredOpponent,16,2026-09-29T20:11:43Z
2021,Fresno State,Mountain West,games,13,2026-09-29T20:11:43Z
2021,Fresno State,Mountain West,interceptions,10,2026-09-29T20:11:43Z
2021,Fresno State,Mountain West,interceptionsOpponent,11,2026-09-29T20:11:43Z
2021,Fresno State,Mountain West,interceptionTDs,0,2026-09-29T20:11:43Z
2021,Fresno State,Mountain West,interceptionTDsOpponent,0,2026-09-29T20:11:43Z
2021,Fresno State,Mountain West,interceptionYards,197,2026-09-29T20:11:43Z
2021,Fresno State,Mountain West,interceptionYardsOpponent,76,2026-09-29T20:11:43Z
2021,Fresno State,Mountain West,kickReturns,31,2026-09-29T20:11:43Z
2021,Fresno State,Mountain West,kickReturnsOpponent,60,2026-09-29T20:11:43Z
2021,Fresno State,Mountain West,kickReturnTDs,0,2026-09-29T20:11:43Z
2021,Fresno State,Mountain West,kickReturnTDsOpponent,0,2026-09-29T20:11:43Z
2021,Fresno State,Mountain West,kickReturnYards,504,2026-09-29T20:11:43Z
2021,Fresno State,Mountain West,kickReturnYardsOpponent,1267,2026-09-29T20:11:43Z
2021,Fresno State,Mountain West,netPassingYards,4247,2026-09-29T20:11:43Z
2021,Fresno State,Mountain West,netPassingYardsOpponent,2886,2026-09-29T20:11:43Z
2021,Fresno State,Mountain West,passAttempts,514,2026-09-29T20:11:43Z
2021,Fresno State,Mountain West,passAttemptsOpponent,405,2026-09-29T20:11:43Z
2021,Fresno State,Mountain West,passCompletions,342,2026-09-29T20:11:43Z
2021,Fresno State,Mountain West,passCompletionsOpponent,212,2026-09-29T20:11:43Z
2021,Fresno State,Mountain West,passesIntercepted,12,2026-09-29T20:11:43Z
2021,Fresno State,Mountain West,passesInterceptedOpponent,10,2026-09-29T20:11:43Z
2021,Fresno State,Mountain West,passingTDs,35,2026-09-29T20:11:43Z
2021,Fresno State,Mountain West,passingTDsOpponent,17,2026-09-29T20:11:43Z
2021,Fresno State,Mountain West,penalties,99,2026-09-29T20:11:43Z
2021,Fresno State,Mountain West,penaltiesOpponent,83,2026-09-29T20:11:43Z
2021,Fresno State,Mountain West,penaltyYards,926,2026-09-29T20:11:43Z
2021,Fresno State,Mountain West,penaltyYardsOpponent,730,2026-09-29T20:11:43Z
2021,Fresno State,Mountain West,possessionTime,24530,2026-09-29T20:11:43Z
2021,Fresno State,Mountain West,possessionTimeOpponent,22270,2026-09-29T20:11:43Z
2021,Fresno State,Mountain West,puntReturns,16,2026-09-29T20:11:43Z
2021,Fresno State,Mountain West,puntReturnsOpponent,10,2026-09-29T20:11:43Z
2021,Fresno State,Mountain West,puntReturnTDs,0,2026-09-29T20:11:43Z
2021,Fresno State,Mountain West,puntReturnTDsOpponent,0,2026-09-29T20:11:43Z
2021,Fresno State,Mountain West,puntReturnYards,46,2026-09-29T20:11:43Z
2021,Fresno State,Mountain West,puntReturnYardsOpponent,72,2026-09-29T20:11:43Z
2021,Fresno State,Mountain West,rushingAttempts,439,2026-09-29T20:11:43Z
2021,Fresno State,Mountain West,rushingAttemptsOpponent,453,2026-09-29T20:11:43Z
2021,Fresno State,Mountain West,rushingTDs,17,2026-09-29T20:11:43Z
2021,Fresno State,Mountain West,rushingTDsOpponent,15,2026-09-29T20:11:43Z
2021,Fresno State,Mountain West,rushingYards,1783,2026-09-29T20:11:43Z
2021,Fresno State,Mountain West,rushingYardsOpponent,1626,2026-09-29T20:11:43Z
2021,Fresno State,Mountain West,sacks,30,2026-09-29T20:11:43Z
2021,Fresno State,Mountain West,sacksOpponent,25,2026-09-29T20:11:43Z
2021,Fresno State,Mountain West,tacklesForLoss,90,2026-09-29T20:11:43Z
2021,Fresno State,Mountain West,tacklesForLossOpponent,66,2026-09-29T20:11:43Z
2021,Fresno State,Mountain West,thirdDownConversions,78,2026-09-29T20:11:43Z
2021,Fresno State,Mountain West,thirdDownConversionsOpponent,65,2026-09-29T20:11:43Z
2021,Fresno State,Mountain West,thirdDowns,183,2026-09-29T20:11:43Z
2021,Fresno State,Mountain West,thirdDownsOpponent,185,2026-09-29T20:11:43Z
2021,Fresno State,Mountain West,totalYards,6030,2026-09-29T20:11:43Z
2021,Fresno State,Mountain West,totalYardsOpponent,4512,2026-09-29T20:11:43Z
2021,Fresno State,Mountain West,turnovers,22,2026-09-29T20:11:43Z
2021,Fresno State,Mountain West,turnoversOpponent,24,2026-09-29T20:11:43Z
2021,Georgia,SEC,firstDowns,339,2026-09-29T20:11:43Z
2021,Georgia,SEC,firstDownsOpponent,223,2026-09-29T20:11:43Z
2021,Georgia,SEC,fourthDownConversions,8,2026-09-29T20:11:43Z
2021,Georgia,SEC,fourthDownConversionsOpponent,13,2026-09-29T20:11:43Z
2021,Georgia,SEC,fourthDowns,14,2026-09-29T20:11:43Z
2021,Georgia,SEC,fourthDownsOpponent,32,2026-09-29T20:11:43Z
2021,Georgia,SEC,fumblesLost,5,2026-09-29T20:11:43Z
2021,Georgia,SEC,fumblesLostOpponent,5,2026-09-29T20:11:43Z
2021,Georgia,SEC,fumblesRecovered,7,2026-09-29T20:11:43Z
2021,Georgia,SEC,fumblesRecoveredOpponent,6,2026-09-29T20:11:43Z
2021,Georgia,SEC,games,15,2026-09-29T20:11:43Z
2021,Georgia,SEC,interceptions,12,2026-09-29T20:11:43Z
2021,Georgia,SEC,interceptionsOpponent,16,2026-09-29T20:11:43Z
2021,Georgia,SEC,interceptionTDs,4,2026-09-29T20:11:43Z
2021,Georgia,SEC,interceptionTDsOpponent,2,2026-09-29T20:11:43Z
2021,Georgia,SEC,interceptionYards,265,2026-09-29T20:11:43Z
2021,Georgia,SEC,interceptionYardsOpponent,172,2026-09-29T20:11:43Z
2021,Georgia,SEC,kickReturns,17,2026-09-29T20:11:43Z
2021,Georgia,SEC,kickReturnsOpponent,20,2026-09-29T20:11:43Z
2021,Georgia,SEC,kickReturnTDs,0,2026-09-29T20:11:43Z
2021,Georgia,SEC,kickReturnTDsOpponent,0,2026-09-29T20:11:43Z
2021,Georgia,SEC,kickReturnYards,322,2026-09-29T20:11:43Z
2021,Georgia,SEC,kickReturnYardsOpponent,219,2026-09-29T20:11:43Z
2021,Georgia,SEC,netPassingYards,3778,2026-09-29T20:11:43Z
2021,Georgia,SEC,netPassingYardsOpponent,2845,2026-09-29T20:11:43Z
2021,Georgia,SEC,passAttempts,407,2026-09-29T20:11:43Z
2021,Georgia,SEC,passAttemptsOpponent,507,2026-09-29T20:11:43Z
2021,Georgia,SEC,passCompletions,264,2026-09-29T20:11:43Z
2021,Georgia,SEC,passCompletionsOpponent,285,2026-09-29T20:11:43Z
2021,Georgia,SEC,passesIntercepted,16,2026-09-29T20:11:43Z
2021,Georgia,SEC,passesInterceptedOpponent,12,2026-09-29T20:11:43Z
2021,Georgia,SEC,passingTDs,39,2026-09-29T20:11:43Z
2021,Georgia,SEC,passingTDsOpponent,10,2026-09-29T20:11:43Z
2021,Georgia,SEC,penalties,77,2026-09-29T20:11:43Z
2021,Georgia,SEC,penaltiesOpponent,97,2026-09-29T20:11:43Z
2021,Georgia,SEC,penaltyYards,648,2026-09-29T20:11:43Z
2021,Georgia,SEC,penaltyYardsOpponent,759,2026-09-29T20:11:43Z
2021,Georgia,SEC,possessionTime,27499,2026-09-29T20:11:43Z
2021,Georgia,SEC,possessionTimeOpponent,26501,2026-09-29T20:11:43Z
2021,Georgia,SEC,puntReturns,33,2026-09-29T20:11:43Z
2021,Georgia,SEC,puntReturnsOpponent,12,2026-09-29T20:11:43Z
2021,Georgia,SEC,puntReturnTDs,1,2026-09-29T20:11:43Z
2021,Georgia,SEC,puntReturnTDsOpponent,0,2026-09-29T20:11:43Z
2021,Georgia,SEC,puntReturnYards,317,2026-09-29T20:11:43Z
2021,Georgia,SEC,puntReturnYardsOpponent,120,2026-09-29T20:11:43Z
2021,Georgia,SEC,rushingAttempts,545,2026-09-29T20:11:43Z
2021,Georgia,SEC,rushingAttemptsOpponent,463,2026-09-29T20:11:43Z
2021,Georgia,SEC,rushingTDs,29,2026-09-29T20:11:43Z
2021,Georgia,SEC,rushingTDsOpponent,3,2026-09-29T20:11:43Z
2021,Georgia,SEC,rushingYards,2864,2026-09-29T20:11:43Z
2021,Georgia,SEC,rushingYardsOpponent,1183,2026-09-29T20:11:43Z
2021,Georgia,SEC,sacks,49,2026-09-29T20:11:43Z
2021,Georgia,SEC,sacksOpponent,16,2026-09-29T20:11:43Z
2021,Georgia,SEC,tacklesForLoss,99,2026-09-29T20:11:43Z
2021,Georgia,SEC,tacklesForLossOpponent,52,2026-09-29T20:11:43Z
2021,Georgia,SEC,thirdDownConversions,77,2026-09-29T20:11:43Z
2021,Georgia,SEC,thirdDownConversionsOpponent,84,2026-09-29T20:11:43Z
2021,Georgia,SEC,thirdDowns,172,2026-09-29T20:11:43Z
2021,Georgia,SEC,thirdDownsOpponent,239,2026-09-29T20:11:43Z
2021,Georgia,SEC,totalYards,6642,2026-09-29T20:11:43Z
2021,Georgia,SEC,totalYardsOpponent,4028,2026-09-29T20:11:43Z
2021,Georgia,SEC,turnovers,17,2026-09-29T20:11:43Z
2021,Georgia,SEC,turnoversOpponent,21,2026-09-29T20:11:43Z
2021,Georgia Southern,Sun Belt,firstDowns,215,2026-09-29T20:11:43Z
2021,Georgia Southern,Sun Belt,firstDownsOpponent,266,2026-09-29T20:11:43Z
2021,Georgia Southern,Sun Belt,fourthDownConversions,12,2026-09-29T20:11:43Z
2021,Georgia Southern,Sun Belt,fourthDownConversionsOpponent,8,2026-09-29T20:11:43Z
2021,Georgia Southern,Sun Belt,fourthDowns,27,2026-09-29T20:11:43Z
2021,Georgia Southern,Sun Belt,fourthDownsOpponent,20,2026-09-29T20:11:43Z
2021,Georgia Southern,Sun Belt,fumblesLost,5,2026-09-29T20:11:43Z
2021,Georgia Southern,Sun Belt,fumblesLostOpponent,4,2026-09-29T20:11:43Z
2021,Georgia Southern,Sun Belt,fumblesRecovered,3,2026-09-29T20:11:43Z
2021,Georgia Southern,Sun Belt,fumblesRecoveredOpponent,5,2026-09-29T20:11:43Z
2021,Georgia Southern,Sun Belt,games,12,2026-09-29T20:11:43Z
2021,Georgia Southern,Sun Belt,interceptions,12,2026-09-29T20:11:43Z
2021,Georgia Southern,Sun Belt,interceptionsOpponent,5,2026-09-29T20:11:43Z
2021,Georgia Southern,Sun Belt,interceptionTDs,1,2026-09-29T20:11:43Z
2021,Georgia Southern,Sun Belt,interceptionTDsOpponent,0,2026-09-29T20:11:43Z
2021,Georgia Southern,Sun Belt,interceptionYards,54,2026-09-29T20:11:43Z
2021,Georgia Southern,Sun Belt,interceptionYardsOpponent,35,2026-09-29T20:11:43Z
2021,Georgia Southern,Sun Belt,kickReturns,34,2026-09-29T20:11:43Z
2021,Georgia Southern,Sun Belt,kickReturnsOpponent,35,2026-09-29T20:11:43Z
2021,Georgia Southern,Sun Belt,kickReturnTDs,0,2026-09-29T20:11:43Z
2021,Georgia Southern,Sun Belt,kickReturnTDsOpponent,1,2026-09-29T20:11:43Z
2021,Georgia Southern,Sun Belt,kickReturnYards,461,2026-09-29T20:11:43Z
2021,Georgia Southern,Sun Belt,kickReturnYardsOpponent,666,2026-09-29T20:11:43Z
2021,Georgia Southern,Sun Belt,netPassingYards,1765,2026-09-29T20:11:43Z
2021,Georgia Southern,Sun Belt,netPassingYardsOpponent,3464,2026-09-29T20:11:43Z
2021,Georgia Southern,Sun Belt,passAttempts,275,2026-09-29T20:11:43Z
2021,Georgia Southern,Sun Belt,passAttemptsOpponent,404,2026-09-29T20:11:43Z
2021,Georgia Southern,Sun Belt,passCompletions,141,2026-09-29T20:11:43Z
2021,Georgia Southern,Sun Belt,passCompletionsOpponent,250,2026-09-29T20:11:43Z
2021,Georgia Southern,Sun Belt,passesIntercepted,5,2026-09-29T20:11:43Z
2021,Georgia Southern,Sun Belt,passesInterceptedOpponent,12,2026-09-29T20:11:43Z
2021,Georgia Southern,Sun Belt,passingTDs,5,2026-09-29T20:11:43Z
2021,Georgia Southern,Sun Belt,passingTDsOpponent,28,2026-09-29T20:11:43Z
2021,Georgia Southern,Sun Belt,penalties,68,2026-09-29T20:11:43Z
2021,Georgia Southern,Sun Belt,penaltiesOpponent,76,2026-09-29T20:11:43Z
2021,Georgia Southern,Sun Belt,penaltyYards,544,2026-09-29T20:11:43Z
2021,Georgia Southern,Sun Belt,penaltyYardsOpponent,682,2026-09-29T20:11:43Z
2021,Georgia Southern,Sun Belt,possessionTime,22129,2026-09-29T20:11:43Z
2021,Georgia Southern,Sun Belt,possessionTimeOpponent,21071,2026-09-29T20:11:43Z
2021,Georgia Southern,Sun Belt,puntReturns,11,2026-09-29T20:11:43Z
2021,Georgia Southern,Sun Belt,puntReturnsOpponent,18,2026-09-29T20:11:43Z
2021,Georgia Southern,Sun Belt,puntReturnTDs,1,2026-09-29T20:11:43Z
2021,Georgia Southern,Sun Belt,puntReturnTDsOpponent,2,2026-09-29T20:11:43Z
2021,Georgia Southern,Sun Belt,puntReturnYards,58,2026-09-29T20:11:43Z
2021,Georgia Southern,Sun Belt,puntReturnYardsOpponent,169,2026-09-29T20:11:43Z
2021,Georgia Southern,Sun Belt,rushingAttempts,536,2026-09-29T20:11:43Z
2021,Georgia Southern,Sun Belt,rushingAttemptsOpponent,420,2026-09-29T20:11:43Z
2021,Georgia Southern,Sun Belt,rushingTDs,22,2026-09-29T20:11:43Z
2021,Georgia Southern,Sun Belt,rushingTDsOpponent,17,2026-09-29T20:11:43Z
2021,Georgia Southern,Sun Belt,rushingYards,2320,2026-09-29T20:11:43Z
2021,Georgia Southern,Sun Belt,rushingYardsOpponent,1840,2026-09-29T20:11:43Z
2021,Georgia Southern,Sun Belt,sacks,26,2026-09-29T20:11:43Z
2021,Georgia Southern,Sun Belt,sacksOpponent,27,2026-09-29T20:11:43Z
2021,Georgia Southern,Sun Belt,tacklesForLoss,79,2026-09-29T20:11:43Z
2021,Georgia Southern,Sun Belt,tacklesForLossOpponent,81,2026-09-29T20:11:43Z
2021,Georgia Southern,Sun Belt,thirdDownConversions,61,2026-09-29T20:11:43Z
2021,Georgia Southern,Sun Belt,thirdDownConversionsOpponent,62,2026-09-29T20:11:43Z
2021,Georgia Southern,Sun Belt,thirdDowns,173,2026-09-29T20:11:43Z
2021,Georgia Southern,Sun Belt,thirdDownsOpponent,159,2026-09-29T20:11:43Z
2021,Georgia Southern,Sun Belt,totalYards,4085,2026-09-29T20:11:43Z
2021,Georgia Southern,Sun Belt,totalYardsOpponent,5304,2026-09-29T20:11:43Z
2021,Georgia Southern,Sun Belt,turnovers,17,2026-09-29T20:11:43Z
2021,Georgia Southern,Sun Belt,turnoversOpponent,9,2026-09-29T20:11:43Z
2021,Georgia State,Sun Belt,firstDowns,279,2026-09-29T20:11:43Z
2021,Georgia State,Sun Belt,firstDownsOpponent,283,2026-09-29T20:11:43Z
2021,Georgia State,Sun Belt,fourthDownConversions,10,2026-09-29T20:11:43Z
2021,Georgia State,Sun Belt,fourthDownConversionsOpponent,15,2026-09-29T20:11:43Z
2021,Georgia State,Sun Belt,fourthDowns,18,2026-09-29T20:11:43Z
2021,Georgia State,Sun Belt,fourthDownsOpponent,30,2026-09-29T20:11:43Z
2021,Georgia State,Sun Belt,fumblesLost,7,2026-09-29T20:11:43Z
2021,Georgia State,Sun Belt,fumblesLostOpponent,10,2026-09-29T20:11:43Z
2021,Georgia State,Sun Belt,fumblesRecovered,15,2026-09-29T20:11:43Z
2021,Georgia State,Sun Belt,fumblesRecoveredOpponent,9,2026-09-29T20:11:43Z
2021,Georgia State,Sun Belt,games,13,2026-09-29T20:11:43Z
2021,Georgia State,Sun Belt,interceptions,8,2026-09-29T20:11:43Z
2021,Georgia State,Sun Belt,interceptionsOpponent,11,2026-09-29T20:11:43Z
2021,Georgia State,Sun Belt,interceptionTDs,1,2026-09-29T20:11:43Z
2021,Georgia State,Sun Belt,interceptionTDsOpponent,1,2026-09-29T20:11:43Z
2021,Georgia State,Sun Belt,interceptionYards,170,2026-09-29T20:11:43Z
2021,Georgia State,Sun Belt,interceptionYardsOpponent,80,2026-09-29T20:11:43Z
2021,Georgia State,Sun Belt,kickReturns,19,2026-09-29T20:11:43Z
2021,Georgia State,Sun Belt,kickReturnsOpponent,42,2026-09-29T20:11:43Z
2021,Georgia State,Sun Belt,kickReturnTDs,0,2026-09-29T20:11:43Z
2021,Georgia State,Sun Belt,kickReturnTDsOpponent,0,2026-09-29T20:11:43Z
2021,Georgia State,Sun Belt,kickReturnYards,133,2026-09-29T20:11:43Z
2021,Georgia State,Sun Belt,kickReturnYardsOpponent,953,2026-09-29T20:11:43Z
2021,Georgia State,Sun Belt,netPassingYards,2101,2026-09-29T20:11:43Z
2021,Georgia State,Sun Belt,netPassingYardsOpponent,3398,2026-09-29T20:11:43Z
2021,Georgia State,Sun Belt,passAttempts,311,2026-09-29T20:11:43Z
2021,Georgia State,Sun Belt,passAttemptsOpponent,439,2026-09-29T20:11:43Z
2021,Georgia State,Sun Belt,passCompletions,180,2026-09-29T20:11:43Z
2021,Georgia State,Sun Belt,passCompletionsOpponent,260,2026-09-29T20:11:43Z
2021,Georgia State,Sun Belt,passesIntercepted,11,2026-09-29T20:11:43Z
2021,Georgia State,Sun Belt,passesInterceptedOpponent,8,2026-09-29T20:11:43Z
2021,Georgia State,Sun Belt,passingTDs,19,2026-09-29T20:11:43Z
2021,Georgia State,Sun Belt,passingTDsOpponent,20,2026-09-29T20:11:43Z
2021,Georgia State,Sun Belt,penalties,70,2026-09-29T20:11:43Z
2021,Georgia State,Sun Belt,penaltiesOpponent,56,2026-09-29T20:11:43Z
2021,Georgia State,Sun Belt,penaltyYards,656,2026-09-29T20:11:43Z
2021,Georgia State,Sun Belt,penaltyYardsOpponent,512,2026-09-29T20:11:43Z
2021,Georgia State,Sun Belt,possessionTime,22125,2026-09-29T20:11:43Z
2021,Georgia State,Sun Belt,possessionTimeOpponent,24675,2026-09-29T20:11:43Z
2021,Georgia State,Sun Belt,puntReturns,3,2026-09-29T20:11:43Z
2021,Georgia State,Sun Belt,puntReturnsOpponent,17,2026-09-29T20:11:43Z
2021,Georgia State,Sun Belt,puntReturnTDs,0,2026-09-29T20:11:43Z
2021,Georgia State,Sun Belt,puntReturnTDsOpponent,1,2026-09-29T20:11:43Z
2021,Georgia State,Sun Belt,puntReturnYards,4,2026-09-29T20:11:43Z
2021,Georgia State,Sun Belt,puntReturnYardsOpponent,100,2026-09-29T20:11:43Z
2021,Georgia State,Sun Belt,rushingAttempts,586,2026-09-29T20:11:43Z
2021,Georgia State,Sun Belt,rushingAttemptsOpponent,524,2026-09-29T20:11:43Z
2021,Georgia State,Sun Belt,rushingTDs,25,2026-09-29T20:11:43Z
2021,Georgia State,Sun Belt,rushingTDsOpponent,20,2026-09-29T20:11:43Z
2021,Georgia State,Sun Belt,rushingYards,2931,2026-09-29T20:11:43Z
2021,Georgia State,Sun Belt,rushingYardsOpponent,1838,2026-09-29T20:11:43Z
2021,Georgia State,Sun Belt,sacks,37,2026-09-29T20:11:43Z
2021,Georgia State,Sun Belt,sacksOpponent,23,2026-09-29T20:11:43Z
2021,Georgia State,Sun Belt,tacklesForLoss,90,2026-09-29T20:11:43Z
2021,Georgia State,Sun Belt,tacklesForLossOpponent,68,2026-09-29T20:11:43Z
2021,Georgia State,Sun Belt,thirdDownConversions,72,2026-09-29T20:11:43Z
2021,Georgia State,Sun Belt,thirdDownConversionsOpponent,89,2026-09-29T20:11:43Z
2021,Georgia State,Sun Belt,thirdDowns,172,2026-09-29T20:11:43Z
2021,Georgia State,Sun Belt,thirdDownsOpponent,205,2026-09-29T20:11:43Z
2021,Georgia State,Sun Belt,totalYards,5032,2026-09-29T20:11:43Z
2021,Georgia State,Sun Belt,totalYardsOpponent,5236,2026-09-29T20:11:43Z
2021,Georgia State,Sun Belt,turnovers,15,2026-09-29T20:11:43Z
2021,Georgia State,Sun Belt,turnoversOpponent,21,2026-09-29T20:11:43Z
2021,Georgia Tech,ACC,firstDowns,226,2026-09-29T20:11:43Z
2021,Georgia Tech,ACC,firstDownsOpponent,268,2026-09-29T20:11:43Z
2021,Georgia Tech,ACC,fourthDownConversions,10,2026-09-29T20:11:43Z
2021,Georgia Tech,ACC,fourthDownConversionsOpponent,9,2026-09-29T20:11:43Z
2021,Georgia Tech,ACC,fourthDowns,23,2026-09-29T20:11:43Z
2021,Georgia Tech,ACC,fourthDownsOpponent,15,2026-09-29T20:11:43Z
2021,Georgia Tech,ACC,fumblesLost,5,2026-09-29T20:11:43Z
2021,Georgia Tech,ACC,fumblesLostOpponent,10,2026-09-29T20:11:43Z
2021,Georgia Tech,ACC,fumblesRecovered,11,2026-09-29T20:11:43Z
2021,Georgia Tech,ACC,fumblesRecoveredOpponent,8,2026-09-29T20:11:43Z
2021,Georgia Tech,ACC,games,12,2026-09-29T20:11:43Z
2021,Georgia Tech,ACC,interceptions,10,2026-09-29T20:11:43Z
2021,Georgia Tech,ACC,interceptionsOpponent,3,2026-09-29T20:11:43Z
2021,Georgia Tech,ACC,interceptionTDs,0,2026-09-29T20:11:43Z
2021,Georgia Tech,ACC,interceptionTDsOpponent,2,2026-09-29T20:11:43Z
2021,Georgia Tech,ACC,interceptionYards,6,2026-09-29T20:11:43Z
2021,Georgia Tech,ACC,interceptionYardsOpponent,154,2026-09-29T20:11:43Z
2021,Georgia Tech,ACC,kickReturns,37,2026-09-29T20:11:43Z
2021,Georgia Tech,ACC,kickReturnsOpponent,17,2026-09-29T20:11:43Z
2021,Georgia Tech,ACC,kickReturnTDs,1,2026-09-29T20:11:43Z
2021,Georgia Tech,ACC,kickReturnTDsOpponent,0,2026-09-29T20:11:43Z
2021,Georgia Tech,ACC,kickReturnYards,732,2026-09-29T20:11:43Z
2021,Georgia Tech,ACC,kickReturnYardsOpponent,243,2026-09-29T20:11:43Z
2021,Georgia Tech,ACC,netPassingYards,2375,2026-09-29T20:11:43Z
2021,Georgia Tech,ACC,netPassingYardsOpponent,3276,2026-09-29T20:11:43Z
2021,Georgia Tech,ACC,passAttempts,342,2026-09-29T20:11:43Z
2021,Georgia Tech,ACC,passAttemptsOpponent,335,2026-09-29T20:11:43Z
2021,Georgia Tech,ACC,passCompletions,205,2026-09-29T20:11:43Z
2021,Georgia Tech,ACC,passCompletionsOpponent,219,2026-09-29T20:11:43Z
2021,Georgia Tech,ACC,passesIntercepted,3,2026-09-29T20:11:43Z
2021,Georgia Tech,ACC,passesInterceptedOpponent,10,2026-09-29T20:11:43Z
2021,Georgia Tech,ACC,passingTDs,18,2026-09-29T20:11:43Z
2021,Georgia Tech,ACC,passingTDsOpponent,28,2026-09-29T20:11:43Z
2021,Georgia Tech,ACC,penalties,72,2026-09-29T20:11:43Z
2021,Georgia Tech,ACC,penaltiesOpponent,67,2026-09-29T20:11:43Z
2021,Georgia Tech,ACC,penaltyYards,609,2026-09-29T20:11:43Z
2021,Georgia Tech,ACC,penaltyYardsOpponent,621,2026-09-29T20:11:43Z
2021,Georgia Tech,ACC,possessionTime,21029,2026-09-29T20:11:43Z
2021,Georgia Tech,ACC,possessionTimeOpponent,22168,2026-09-29T20:11:43Z
2021,Georgia Tech,ACC,puntReturns,17,2026-09-29T20:11:43Z
2021,Georgia Tech,ACC,puntReturnsOpponent,14,2026-09-29T20:11:43Z
2021,Georgia Tech,ACC,puntReturnTDs,0,2026-09-29T20:11:43Z
2021,Georgia Tech,ACC,puntReturnTDsOpponent,0,2026-09-29T20:11:43Z
2021,Georgia Tech,ACC,puntReturnYards,65,2026-09-29T20:11:43Z
2021,Georgia Tech,ACC,puntReturnYardsOpponent,152,2026-09-29T20:11:43Z
2021,Georgia Tech,ACC,rushingAttempts,444,2026-09-29T20:11:43Z
2021,Georgia Tech,ACC,rushingAttemptsOpponent,491,2026-09-29T20:11:43Z
2021,Georgia Tech,ACC,rushingTDs,15,2026-09-29T20:11:43Z
2021,Georgia Tech,ACC,rushingTDsOpponent,19,2026-09-29T20:11:43Z
2021,Georgia Tech,ACC,rushingYards,2028,2026-09-29T20:11:43Z
2021,Georgia Tech,ACC,rushingYardsOpponent,2175,2026-09-29T20:11:43Z
2021,Georgia Tech,ACC,sacks,20,2026-09-29T20:11:43Z
2021,Georgia Tech,ACC,sacksOpponent,33,2026-09-29T20:11:43Z
2021,Georgia Tech,ACC,tacklesForLoss,61,2026-09-29T20:11:43Z
2021,Georgia Tech,ACC,tacklesForLossOpponent,74,2026-09-29T20:11:43Z
2021,Georgia Tech,ACC,thirdDownConversions,58,2026-09-29T20:11:43Z
2021,Georgia Tech,ACC,thirdDownConversionsOpponent,71,2026-09-29T20:11:43Z
2021,Georgia Tech,ACC,thirdDowns,163,2026-09-29T20:11:43Z
2021,Georgia Tech,ACC,thirdDownsOpponent,157,2026-09-29T20:11:43Z
2021,Georgia Tech,ACC,totalYards,4403,2026-09-29T20:11:43Z
2021,Georgia Tech,ACC,totalYardsOpponent,5451,2026-09-29T20:11:43Z
2021,Georgia Tech,ACC,turnovers,15,2026-09-29T20:11:43Z
2021,Georgia Tech,ACC,turnoversOpponent,13,2026-09-29T20:11:43Z
2021,Hawai'i,Mountain West,firstDowns,263,2026-09-29T20:11:43Z
2021,Hawai'i,Mountain West,firstDownsOpponent,303,2026-09-29T20:11:43Z
2021,Hawai'i,Mountain West,fourthDownConversions,5,2026-09-29T20:11:43Z
2021,Hawai'i,Mountain West,fourthDownConversionsOpponent,8,2026-09-29T20:11:43Z
2021,Hawai'i,Mountain West,fourthDowns,20,2026-09-29T20:11:43Z
2021,Hawai'i,Mountain West,fourthDownsOpponent,20,2026-09-29T20:11:43Z
2021,Hawai'i,Mountain West,fumblesLost,13,2026-09-29T20:11:43Z
2021,Hawai'i,Mountain West,fumblesLostOpponent,13,2026-09-29T20:11:43Z
2021,Hawai'i,Mountain West,fumblesRecovered,14,2026-09-29T20:11:43Z
2021,Hawai'i,Mountain West,fumblesRecoveredOpponent,14,2026-09-29T20:11:43Z
2021,Hawai'i,Mountain West,games,13,2026-09-29T20:11:43Z
2021,Hawai'i,Mountain West,interceptions,16,2026-09-29T20:11:43Z
2021,Hawai'i,Mountain West,interceptionsOpponent,14,2026-09-29T20:11:43Z
2021,Hawai'i,Mountain West,interceptionTDs,3,2026-09-29T20:11:43Z
2021,Hawai'i,Mountain West,interceptionTDsOpponent,0,2026-09-29T20:11:43Z
2021,Hawai'i,Mountain West,interceptionYards,297,2026-09-29T20:11:43Z
2021,Hawai'i,Mountain West,interceptionYardsOpponent,75,2026-09-29T20:11:43Z
2021,Hawai'i,Mountain West,kickReturns,33,2026-09-29T20:11:43Z
2021,Hawai'i,Mountain West,kickReturnsOpponent,27,2026-09-29T20:11:43Z
2021,Hawai'i,Mountain West,kickReturnTDs,0,2026-09-29T20:11:43Z
2021,Hawai'i,Mountain West,kickReturnTDsOpponent,1,2026-09-29T20:11:43Z
2021,Hawai'i,Mountain West,kickReturnYards,565,2026-09-29T20:11:43Z
2021,Hawai'i,Mountain West,kickReturnYardsOpponent,630,2026-09-29T20:11:43Z
2021,Hawai'i,Mountain West,netPassingYards,3408,2026-09-29T20:11:43Z
2021,Hawai'i,Mountain West,netPassingYardsOpponent,3766,2026-09-29T20:11:43Z
2021,Hawai'i,Mountain West,passAttempts,462,2026-09-29T20:11:43Z
2021,Hawai'i,Mountain West,passAttemptsOpponent,506,2026-09-29T20:11:43Z
2021,Hawai'i,Mountain West,passCompletions,260,2026-09-29T20:11:43Z
2021,Hawai'i,Mountain West,passCompletionsOpponent,289,2026-09-29T20:11:43Z
2021,Hawai'i,Mountain West,passesIntercepted,14,2026-09-29T20:11:43Z
2021,Hawai'i,Mountain West,passesInterceptedOpponent,16,2026-09-29T20:11:43Z
2021,Hawai'i,Mountain West,passingTDs,19,2026-09-29T20:11:43Z
2021,Hawai'i,Mountain West,passingTDsOpponent,24,2026-09-29T20:11:43Z
2021,Hawai'i,Mountain West,penalties,68,2026-09-29T20:11:43Z
2021,Hawai'i,Mountain West,penaltiesOpponent,81,2026-09-29T20:11:43Z
2021,Hawai'i,Mountain West,penaltyYards,586,2026-09-29T20:11:43Z
2021,Hawai'i,Mountain West,penaltyYardsOpponent,797,2026-09-29T20:11:43Z
2021,Hawai'i,Mountain West,possessionTime,21469,2026-09-29T20:11:43Z
2021,Hawai'i,Mountain West,possessionTimeOpponent,25331,2026-09-29T20:11:43Z
2021,Hawai'i,Mountain West,puntReturns,11,2026-09-29T20:11:43Z
2021,Hawai'i,Mountain West,puntReturnsOpponent,11,2026-09-29T20:11:43Z
2021,Hawai'i,Mountain West,puntReturnTDs,0,2026-09-29T20:11:43Z
2021,Hawai'i,Mountain West,puntReturnTDsOpponent,1,2026-09-29T20:11:43Z
2021,Hawai'i,Mountain West,puntReturnYards,69,2026-09-29T20:11:43Z
2021,Hawai'i,Mountain West,puntReturnYardsOpponent,111,2026-09-29T20:11:43Z
2021,Hawai'i,Mountain West,rushingAttempts,431,2026-09-29T20:11:43Z
2021,Hawai'i,Mountain West,rushingAttemptsOpponent,502,2026-09-29T20:11:43Z
2021,Hawai'i,Mountain West,rushingTDs,22,2026-09-29T20:11:43Z
2021,Hawai'i,Mountain West,rushingTDsOpponent,24,2026-09-29T20:11:43Z
2021,Hawai'i,Mountain West,rushingYards,1857,2026-09-29T20:11:43Z
2021,Hawai'i,Mountain West,rushingYardsOpponent,2032,2026-09-29T20:11:43Z
2021,Hawai'i,Mountain West,sacks,27,2026-09-29T20:11:43Z
2021,Hawai'i,Mountain West,sacksOpponent,38,2026-09-29T20:11:43Z
2021,Hawai'i,Mountain West,tacklesForLoss,79,2026-09-29T20:11:43Z
2021,Hawai'i,Mountain West,tacklesForLossOpponent,95,2026-09-29T20:11:43Z
2021,Hawai'i,Mountain West,thirdDownConversions,64,2026-09-29T20:11:43Z
2021,Hawai'i,Mountain West,thirdDownConversionsOpponent,96,2026-09-29T20:11:43Z
2021,Hawai'i,Mountain West,thirdDowns,179,2026-09-29T20:11:43Z
2021,Hawai'i,Mountain West,thirdDownsOpponent,208,2026-09-29T20:11:43Z
2021,Hawai'i,Mountain West,totalYards,5265,2026-09-29T20:11:43Z
2021,Hawai'i,Mountain West,totalYardsOpponent,5798,2026-09-29T20:11:43Z
2021,Hawai'i,Mountain West,turnovers,29,2026-09-29T20:11:43Z
2021,Hawai'i,Mountain West,turnoversOpponent,27,2026-09-29T20:11:43Z
2021,Houston,American Athletic,firstDowns,303,2026-09-29T20:11:43Z
2021,Houston,American Athletic,firstDownsOpponent,219,2026-09-29T20:11:43Z
2021,Houston,American Athletic,fourthDownConversions,17,2026-09-29T20:11:43Z
2021,Houston,American Athletic,fourthDownConversionsOpponent,13,2026-09-29T20:11:43Z
2021,Houston,American Athletic,fourthDowns,25,2026-09-29T20:11:43Z
2021,Houston,American Athletic,fourthDownsOpponent,30,2026-09-29T20:11:43Z
2021,Houston,American Athletic,fumblesLost,2,2026-09-29T20:11:43Z
2021,Houston,American Athletic,fumblesLostOpponent,8,2026-09-29T20:11:43Z
2021,Houston,American Athletic,fumblesRecovered,11,2026-09-29T20:11:43Z
2021,Houston,American Athletic,fumblesRecoveredOpponent,2,2026-09-29T20:11:43Z
2021,Houston,American Athletic,games,14,2026-09-29T20:11:43Z
2021,Houston,American Athletic,interceptions,12,2026-09-29T20:11:43Z
2021,Houston,American Athletic,interceptionsOpponent,14,2026-09-29T20:11:43Z
2021,Houston,American Athletic,interceptionTDs,2,2026-09-29T20:11:43Z
2021,Houston,American Athletic,interceptionTDsOpponent,2,2026-09-29T20:11:43Z
2021,Houston,American Athletic,interceptionYards,210,2026-09-29T20:11:43Z
2021,Houston,American Athletic,interceptionYardsOpponent,86,2026-09-29T20:11:43Z
2021,Houston,American Athletic,kickReturns,43,2026-09-29T20:11:43Z
2021,Houston,American Athletic,kickReturnsOpponent,43,2026-09-29T20:11:43Z
2021,Houston,American Athletic,kickReturnTDs,2,2026-09-29T20:11:43Z
2021,Houston,American Athletic,kickReturnTDsOpponent,3,2026-09-29T20:11:43Z
2021,Houston,American Athletic,kickReturnYards,878,2026-09-29T20:11:43Z
2021,Houston,American Athletic,kickReturnYardsOpponent,955,2026-09-29T20:11:43Z
2021,Houston,American Athletic,netPassingYards,3802,2026-09-29T20:11:43Z
2021,Houston,American Athletic,netPassingYardsOpponent,2716,2026-09-29T20:11:43Z
2021,Houston,American Athletic,passAttempts,459,2026-09-29T20:11:43Z
2021,Houston,American Athletic,passAttemptsOpponent,413,2026-09-29T20:11:43Z
2021,Houston,American Athletic,passCompletions,307,2026-09-29T20:11:43Z
2021,Houston,American Athletic,passCompletionsOpponent,228,2026-09-29T20:11:43Z
2021,Houston,American Athletic,passesIntercepted,14,2026-09-29T20:11:43Z
2021,Houston,American Athletic,passesInterceptedOpponent,12,2026-09-29T20:11:43Z
2021,Houston,American Athletic,passingTDs,32,2026-09-29T20:11:43Z
2021,Houston,American Athletic,passingTDsOpponent,18,2026-09-29T20:11:43Z
2021,Houston,American Athletic,penalties,91,2026-09-29T20:11:43Z
2021,Houston,American Athletic,penaltiesOpponent,76,2026-09-29T20:11:43Z
2021,Houston,American Athletic,penaltyYards,860,2026-09-29T20:11:43Z
2021,Houston,American Athletic,penaltyYardsOpponent,618,2026-09-29T20:11:43Z
2021,Houston,American Athletic,possessionTime,28214,2026-09-29T20:11:43Z
2021,Houston,American Athletic,possessionTimeOpponent,22186,2026-09-29T20:11:43Z
2021,Houston,American Athletic,puntReturns,29,2026-09-29T20:11:43Z
2021,Houston,American Athletic,puntReturnsOpponent,9,2026-09-29T20:11:43Z
2021,Houston,American Athletic,puntReturnTDs,2,2026-09-29T20:11:43Z
2021,Houston,American Athletic,puntReturnTDsOpponent,0,2026-09-29T20:11:43Z
2021,Houston,American Athletic,puntReturnYards,396,2026-09-29T20:11:43Z
2021,Houston,American Athletic,puntReturnYardsOpponent,66,2026-09-29T20:11:43Z
2021,Houston,American Athletic,rushingAttempts,515,2026-09-29T20:11:43Z
2021,Houston,American Athletic,rushingAttemptsOpponent,445,2026-09-29T20:11:43Z
2021,Houston,American Athletic,rushingTDs,27,2026-09-29T20:11:43Z
2021,Houston,American Athletic,rushingTDsOpponent,13,2026-09-29T20:11:43Z
2021,Houston,American Athletic,rushingYards,2003,2026-09-29T20:11:43Z
2021,Houston,American Athletic,rushingYardsOpponent,1510,2026-09-29T20:11:43Z
2021,Houston,American Athletic,sacks,45,2026-09-29T20:11:43Z
2021,Houston,American Athletic,sacksOpponent,38,2026-09-29T20:11:43Z
2021,Houston,American Athletic,tacklesForLoss,99,2026-09-29T20:11:43Z
2021,Houston,American Athletic,tacklesForLossOpponent,102,2026-09-29T20:11:43Z
2021,Houston,American Athletic,thirdDownConversions,83,2026-09-29T20:11:43Z
2021,Houston,American Athletic,thirdDownConversionsOpponent,48,2026-09-29T20:11:43Z
2021,Houston,American Athletic,thirdDowns,197,2026-09-29T20:11:43Z
2021,Houston,American Athletic,thirdDownsOpponent,187,2026-09-29T20:11:43Z
2021,Houston,American Athletic,totalYards,5805,2026-09-29T20:11:43Z
2021,Houston,American Athletic,totalYardsOpponent,4226,2026-09-29T20:11:43Z
2021,Houston,American Athletic,turnovers,14,2026-09-29T20:11:43Z
2021,Houston,American Athletic,turnoversOpponent,22,2026-09-29T20:11:43Z
2021,Illinois,Big Ten,firstDowns,211,2026-09-29T20:11:43Z
2021,Illinois,Big Ten,firstDownsOpponent,250,2026-09-29T20:11:43Z
2021,Illinois,Big Ten,fourthDownConversions,5,2026-09-29T20:11:43Z
2021,Illinois,Big Ten,fourthDownConversionsOpponent,13,2026-09-29T20:11:43Z
2021,Illinois,Big Ten,fourthDowns,13,2026-09-29T20:11:43Z
2021,Illinois,Big Ten,fourthDownsOpponent,18,2026-09-29T20:11:43Z
2021,Illinois,Big Ten,fumblesLost,6,2026-09-29T20:11:43Z
2021,Illinois,Big Ten,fumblesLostOpponent,8,2026-09-29T20:11:43Z
2021,Illinois,Big Ten,fumblesRecovered,10,2026-09-29T20:11:43Z
2021,Illinois,Big Ten,fumblesRecoveredOpponent,6,2026-09-29T20:11:43Z
2021,Illinois,Big Ten,games,12,2026-09-29T20:11:43Z
2021,Illinois,Big Ten,interceptions,6,2026-09-29T20:11:43Z
2021,Illinois,Big Ten,interceptionsOpponent,9,2026-09-29T20:11:43Z
2021,Illinois,Big Ten,interceptionTDs,0,2026-09-29T20:11:43Z
2021,Illinois,Big Ten,interceptionTDsOpponent,1,2026-09-29T20:11:43Z
2021,Illinois,Big Ten,interceptionYards,39,2026-09-29T20:11:43Z
2021,Illinois,Big Ten,interceptionYardsOpponent,42,2026-09-29T20:11:43Z
2021,Illinois,Big Ten,kickReturns,12,2026-09-29T20:11:43Z
2021,Illinois,Big Ten,kickReturnsOpponent,9,2026-09-29T20:11:43Z
2021,Illinois,Big Ten,kickReturnTDs,0,2026-09-29T20:11:43Z
2021,Illinois,Big Ten,kickReturnTDsOpponent,1,2026-09-29T20:11:43Z
2021,Illinois,Big Ten,kickReturnYards,49,2026-09-29T20:11:43Z
2021,Illinois,Big Ten,kickReturnYardsOpponent,241,2026-09-29T20:11:43Z
2021,Illinois,Big Ten,netPassingYards,1874,2026-09-29T20:11:43Z
2021,Illinois,Big Ten,netPassingYardsOpponent,2582,2026-09-29T20:11:43Z
2021,Illinois,Big Ten,passAttempts,322,2026-09-29T20:11:43Z
2021,Illinois,Big Ten,passAttemptsOpponent,362,2026-09-29T20:11:43Z
2021,Illinois,Big Ten,passCompletions,165,2026-09-29T20:11:43Z
2021,Illinois,Big Ten,passCompletionsOpponent,213,2026-09-29T20:11:43Z
2021,Illinois,Big Ten,passesIntercepted,9,2026-09-29T20:11:43Z
2021,Illinois,Big Ten,passesInterceptedOpponent,6,2026-09-29T20:11:43Z
2021,Illinois,Big Ten,passingTDs,13,2026-09-29T20:11:43Z
2021,Illinois,Big Ten,passingTDsOpponent,12,2026-09-29T20:11:43Z
2021,Illinois,Big Ten,penalties,60,2026-09-29T20:11:43Z
2021,Illinois,Big Ten,penaltiesOpponent,59,2026-09-29T20:11:43Z
2021,Illinois,Big Ten,penaltyYards,633,2026-09-29T20:11:43Z
2021,Illinois,Big Ten,penaltyYardsOpponent,588,2026-09-29T20:11:43Z
2021,Illinois,Big Ten,possessionTime,21021,2026-09-29T20:11:43Z
2021,Illinois,Big Ten,possessionTimeOpponent,22179,2026-09-29T20:11:43Z
2021,Illinois,Big Ten,puntReturns,16,2026-09-29T20:11:43Z
2021,Illinois,Big Ten,puntReturnsOpponent,27,2026-09-29T20:11:43Z
2021,Illinois,Big Ten,puntReturnTDs,0,2026-09-29T20:11:43Z
2021,Illinois,Big Ten,puntReturnTDsOpponent,0,2026-09-29T20:11:43Z
2021,Illinois,Big Ten,puntReturnYards,121,2026-09-29T20:11:43Z
2021,Illinois,Big Ten,puntReturnYardsOpponent,100,2026-09-29T20:11:43Z
2021,Illinois,Big Ten,rushingAttempts,468,2026-09-29T20:11:43Z
2021,Illinois,Big Ten,rushingAttemptsOpponent,478,2026-09-29T20:11:43Z
2021,Illinois,Big Ten,rushingTDs,12,2026-09-29T20:11:43Z
2021,Illinois,Big Ten,rushingTDsOpponent,16,2026-09-29T20:11:43Z
2021,Illinois,Big Ten,rushingYards,2083,2026-09-29T20:11:43Z
2021,Illinois,Big Ten,rushingYardsOpponent,1813,2026-09-29T20:11:43Z
2021,Illinois,Big Ten,sacks,30,2026-09-29T20:11:43Z
2021,Illinois,Big Ten,sacksOpponent,23,2026-09-29T20:11:43Z
2021,Illinois,Big Ten,tacklesForLoss,68,2026-09-29T20:11:43Z
2021,Illinois,Big Ten,tacklesForLossOpponent,62,2026-09-29T20:11:43Z
2021,Illinois,Big Ten,thirdDownConversions,68,2026-09-29T20:11:43Z
2021,Illinois,Big Ten,thirdDownConversionsOpponent,59,2026-09-29T20:11:43Z
2021,Illinois,Big Ten,thirdDowns,178,2026-09-29T20:11:43Z
2021,Illinois,Big Ten,thirdDownsOpponent,167,2026-09-29T20:11:43Z
2021,Illinois,Big Ten,totalYards,3957,2026-09-29T20:11:43Z
2021,Illinois,Big Ten,totalYardsOpponent,4395,2026-09-29T20:11:43Z
2021,Illinois,Big Ten,turnovers,12,2026-09-29T20:11:43Z
2021,Illinois,Big Ten,turnoversOpponent,17,2026-09-29T20:11:43Z
2021,Indiana,Big Ten,firstDowns,206,2026-09-29T20:11:43Z
2021,Indiana,Big Ten,firstDownsOpponent,252,2026-09-29T20:11:43Z
2021,Indiana,Big Ten,fourthDownConversions,11,2026-09-29T20:11:43Z
2021,Indiana,Big Ten,fourthDownConversionsOpponent,10,2026-09-29T20:11:43Z
2021,Indiana,Big Ten,fourthDowns,22,2026-09-29T20:11:43Z
2021,Indiana,Big Ten,fourthDownsOpponent,15,2026-09-29T20:11:43Z
2021,Indiana,Big Ten,fumblesLost,7,2026-09-29T20:11:43Z
2021,Indiana,Big Ten,fumblesLostOpponent,4,2026-09-29T20:11:43Z
2021,Indiana,Big Ten,fumblesRecovered,4,2026-09-29T20:11:43Z
2021,Indiana,Big Ten,fumblesRecoveredOpponent,7,2026-09-29T20:11:43Z
2021,Indiana,Big Ten,games,12,2026-09-29T20:11:43Z
2021,Indiana,Big Ten,interceptions,15,2026-09-29T20:11:43Z
2021,Indiana,Big Ten,interceptionsOpponent,5,2026-09-29T20:11:43Z
2021,Indiana,Big Ten,interceptionTDs,0,2026-09-29T20:11:43Z
2021,Indiana,Big Ten,interceptionTDsOpponent,3,2026-09-29T20:11:43Z
2021,Indiana,Big Ten,interceptionYards,42,2026-09-29T20:11:43Z
2021,Indiana,Big Ten,interceptionYardsOpponent,229,2026-09-29T20:11:43Z
2021,Indiana,Big Ten,kickReturns,29,2026-09-29T20:11:43Z
2021,Indiana,Big Ten,kickReturnsOpponent,17,2026-09-29T20:11:43Z
2021,Indiana,Big Ten,kickReturnTDs,0,2026-09-29T20:11:43Z
2021,Indiana,Big Ten,kickReturnTDsOpponent,1,2026-09-29T20:11:43Z
2021,Indiana,Big Ten,kickReturnYards,424,2026-09-29T20:11:43Z
2021,Indiana,Big Ten,kickReturnYardsOpponent,443,2026-09-29T20:11:43Z
2021,Indiana,Big Ten,netPassingYards,2106,2026-09-29T20:11:43Z
2021,Indiana,Big Ten,netPassingYardsOpponent,2828,2026-09-29T20:11:43Z
2021,Indiana,Big Ten,passAttempts,390,2026-09-29T20:11:43Z
2021,Indiana,Big Ten,passAttemptsOpponent,385,2026-09-29T20:11:43Z
2021,Indiana,Big Ten,passCompletions,199,2026-09-29T20:11:43Z
2021,Indiana,Big Ten,passCompletionsOpponent,240,2026-09-29T20:11:43Z
2021,Indiana,Big Ten,passesIntercepted,5,2026-09-29T20:11:43Z
2021,Indiana,Big Ten,passesInterceptedOpponent,15,2026-09-29T20:11:43Z
2021,Indiana,Big Ten,passingTDs,9,2026-09-29T20:11:43Z
2021,Indiana,Big Ten,passingTDsOpponent,24,2026-09-29T20:11:43Z
2021,Indiana,Big Ten,penalties,56,2026-09-29T20:11:43Z
2021,Indiana,Big Ten,penaltiesOpponent,79,2026-09-29T20:11:43Z
2021,Indiana,Big Ten,penaltyYards,496,2026-09-29T20:11:43Z
2021,Indiana,Big Ten,penaltyYardsOpponent,658,2026-09-29T20:11:43Z
2021,Indiana,Big Ten,possessionTime,21497,2026-09-29T20:11:43Z
2021,Indiana,Big Ten,possessionTimeOpponent,21703,2026-09-29T20:11:43Z
2021,Indiana,Big Ten,puntReturns,15,2026-09-29T20:11:43Z
2021,Indiana,Big Ten,puntReturnsOpponent,21,2026-09-29T20:11:43Z
2021,Indiana,Big Ten,puntReturnTDs,2,2026-09-29T20:11:43Z
2021,Indiana,Big Ten,puntReturnTDsOpponent,0,2026-09-29T20:11:43Z
2021,Indiana,Big Ten,puntReturnYards,156,2026-09-29T20:11:43Z
2021,Indiana,Big Ten,puntReturnYardsOpponent,172,2026-09-29T20:11:43Z
2021,Indiana,Big Ten,rushingAttempts,428,2026-09-29T20:11:43Z
2021,Indiana,Big Ten,rushingAttemptsOpponent,433,2026-09-29T20:11:43Z
2021,Indiana,Big Ten,rushingTDs,13,2026-09-29T20:11:43Z
2021,Indiana,Big Ten,rushingTDsOpponent,23,2026-09-29T20:11:43Z
2021,Indiana,Big Ten,rushingYards,1384,2026-09-29T20:11:43Z
2021,Indiana,Big Ten,rushingYardsOpponent,1777,2026-09-29T20:11:43Z
2021,Indiana,Big Ten,sacks,17,2026-09-29T20:11:43Z
2021,Indiana,Big Ten,sacksOpponent,29,2026-09-29T20:11:43Z
2021,Indiana,Big Ten,tacklesForLoss,57,2026-09-29T20:11:43Z
2021,Indiana,Big Ten,tacklesForLossOpponent,72,2026-09-29T20:11:43Z
2021,Indiana,Big Ten,thirdDownConversions,69,2026-09-29T20:11:43Z
2021,Indiana,Big Ten,thirdDownConversionsOpponent,57,2026-09-29T20:11:43Z
2021,Indiana,Big Ten,thirdDowns,187,2026-09-29T20:11:43Z
2021,Indiana,Big Ten,thirdDownsOpponent,156,2026-09-29T20:11:43Z
2021,Indiana,Big Ten,totalYards,3490,2026-09-29T20:11:43Z
2021,Indiana,Big Ten,totalYardsOpponent,4605,2026-09-29T20:11:43Z
2021,Indiana,Big Ten,turnovers,22,2026-09-29T20:11:43Z
2021,Indiana,Big Ten,turnoversOpponent,9,2026-09-29T20:11:43Z
2021,Iowa,Big Ten,firstDowns,232,2026-09-29T20:11:43Z
2021,Iowa,Big Ten,firstDownsOpponent,250,2026-09-29T20:11:43Z
2021,Iowa,Big Ten,fourthDownConversions,5,2026-09-29T20:11:43Z
2021,Iowa,Big Ten,fourthDownConversionsOpponent,12,2026-09-29T20:11:43Z
2021,Iowa,Big Ten,fourthDowns,16,2026-09-29T20:11:43Z
2021,Iowa,Big Ten,fourthDownsOpponent,26,2026-09-29T20:11:43Z
2021,Iowa,Big Ten,fumblesLost,8,2026-09-29T20:11:43Z
2021,Iowa,Big Ten,fumblesLostOpponent,6,2026-09-29T20:11:43Z
2021,Iowa,Big Ten,fumblesRecovered,8,2026-09-29T20:11:43Z
2021,Iowa,Big Ten,fumblesRecoveredOpponent,11,2026-09-29T20:11:43Z
2021,Iowa,Big Ten,games,14,2026-09-29T20:11:43Z
2021,Iowa,Big Ten,interceptions,11,2026-09-29T20:11:43Z
2021,Iowa,Big Ten,interceptionsOpponent,25,2026-09-29T20:11:43Z
2021,Iowa,Big Ten,interceptionTDs,3,2026-09-29T20:11:43Z
2021,Iowa,Big Ten,interceptionTDsOpponent,0,2026-09-29T20:11:43Z
2021,Iowa,Big Ten,interceptionYards,225,2026-09-29T20:11:43Z
2021,Iowa,Big Ten,interceptionYardsOpponent,73,2026-09-29T20:11:43Z
2021,Iowa,Big Ten,kickReturns,30,2026-09-29T20:11:43Z
2021,Iowa,Big Ten,kickReturnsOpponent,17,2026-09-29T20:11:43Z
2021,Iowa,Big Ten,kickReturnTDs,1,2026-09-29T20:11:43Z
2021,Iowa,Big Ten,kickReturnTDsOpponent,0,2026-09-29T20:11:43Z
2021,Iowa,Big Ten,kickReturnYards,759,2026-09-29T20:11:43Z
2021,Iowa,Big Ten,kickReturnYardsOpponent,208,2026-09-29T20:11:43Z
2021,Iowa,Big Ten,netPassingYards,2521,2026-09-29T20:11:43Z
2021,Iowa,Big Ten,netPassingYardsOpponent,3003,2026-09-29T20:11:43Z
2021,Iowa,Big Ten,passAttempts,404,2026-09-29T20:11:43Z
2021,Iowa,Big Ten,passAttemptsOpponent,468,2026-09-29T20:11:43Z
2021,Iowa,Big Ten,passCompletions,222,2026-09-29T20:11:43Z
2021,Iowa,Big Ten,passCompletionsOpponent,262,2026-09-29T20:11:43Z
2021,Iowa,Big Ten,passesIntercepted,25,2026-09-29T20:11:43Z
2021,Iowa,Big Ten,passesInterceptedOpponent,11,2026-09-29T20:11:43Z
2021,Iowa,Big Ten,passingTDs,12,2026-09-29T20:11:43Z
2021,Iowa,Big Ten,passingTDsOpponent,16,2026-09-29T20:11:43Z
2021,Iowa,Big Ten,penalties,57,2026-09-29T20:11:43Z
2021,Iowa,Big Ten,penaltiesOpponent,86,2026-09-29T20:11:43Z
2021,Iowa,Big Ten,penaltyYards,505,2026-09-29T20:11:43Z
2021,Iowa,Big Ten,penaltyYardsOpponent,718,2026-09-29T20:11:43Z
2021,Iowa,Big Ten,possessionTime,25271,2026-09-29T20:11:43Z
2021,Iowa,Big Ten,possessionTimeOpponent,25129,2026-09-29T20:11:43Z
2021,Iowa,Big Ten,puntReturns,41,2026-09-29T20:11:43Z
2021,Iowa,Big Ten,puntReturnsOpponent,20,2026-09-29T20:11:43Z
2021,Iowa,Big Ten,puntReturnTDs,1,2026-09-29T20:11:43Z
2021,Iowa,Big Ten,puntReturnTDsOpponent,0,2026-09-29T20:11:43Z
2021,Iowa,Big Ten,puntReturnYards,315,2026-09-29T20:11:43Z
2021,Iowa,Big Ten,puntReturnYardsOpponent,94,2026-09-29T20:11:43Z
2021,Iowa,Big Ten,rushingAttempts,507,2026-09-29T20:11:43Z
2021,Iowa,Big Ten,rushingAttemptsOpponent,508,2026-09-29T20:11:43Z
2021,Iowa,Big Ten,rushingTDs,18,2026-09-29T20:11:43Z
2021,Iowa,Big Ten,rushingTDsOpponent,15,2026-09-29T20:11:43Z
2021,Iowa,Big Ten,rushingYards,1731,2026-09-29T20:11:43Z
2021,Iowa,Big Ten,rushingYardsOpponent,1601,2026-09-29T20:11:43Z
2021,Iowa,Big Ten,sacks,31,2026-09-29T20:11:43Z
2021,Iowa,Big Ten,sacksOpponent,32,2026-09-29T20:11:43Z
2021,Iowa,Big Ten,tacklesForLoss,67,2026-09-29T20:11:43Z
2021,Iowa,Big Ten,tacklesForLossOpponent,97,2026-09-29T20:11:43Z
2021,Iowa,Big Ten,thirdDownConversions,68,2026-09-29T20:11:43Z
2021,Iowa,Big Ten,thirdDownConversionsOpponent,78,2026-09-29T20:11:43Z
2021,Iowa,Big Ten,thirdDowns,200,2026-09-29T20:11:43Z
2021,Iowa,Big Ten,thirdDownsOpponent,213,2026-09-29T20:11:43Z
2021,Iowa,Big Ten,totalYards,4252,2026-09-29T20:11:43Z
2021,Iowa,Big Ten,totalYardsOpponent,4604,2026-09-29T20:11:43Z
2021,Iowa,Big Ten,turnovers,19,2026-09-29T20:11:43Z
2021,Iowa,Big Ten,turnoversOpponent,31,2026-09-29T20:11:43Z
2021,Iowa State,Big 12,firstDowns,280,2026-09-29T20:11:43Z
2021,Iowa State,Big 12,firstDownsOpponent,215,2026-09-29T20:11:43Z
2021,Iowa State,Big 12,fourthDownConversions,15,2026-09-29T20:11:43Z
2021,Iowa State,Big 12,fourthDownConversionsOpponent,8,2026-09-29T20:11:43Z
2021,Iowa State,Big 12,fourthDowns,23,2026-09-29T20:11:43Z
2021,Iowa State,Big 12,fourthDownsOpponent,19,2026-09-29T20:11:43Z
2021,Iowa State,Big 12,fumblesLost,5,2026-09-29T20:11:43Z
2021,Iowa State,Big 12,fumblesLostOpponent,4,2026-09-29T20:11:43Z
2021,Iowa State,Big 12,fumblesRecovered,7,2026-09-29T20:11:43Z
2021,Iowa State,Big 12,fumblesRecoveredOpponent,6,2026-09-29T20:11:43Z
2021,Iowa State,Big 12,games,13,2026-09-29T20:11:43Z
2021,Iowa State,Big 12,interceptions,9,2026-09-29T20:11:43Z
2021,Iowa State,Big 12,interceptionsOpponent,11,2026-09-29T20:11:43Z
2021,Iowa State,Big 12,interceptionTDs,1,2026-09-29T20:11:43Z
2021,Iowa State,Big 12,interceptionTDsOpponent,1,2026-09-29T20:11:43Z
2021,Iowa State,Big 12,interceptionYards,78,2026-09-29T20:11:43Z
2021,Iowa State,Big 12,interceptionYardsOpponent,73,2026-09-29T20:11:43Z
2021,Iowa State,Big 12,kickReturns,22,2026-09-29T20:11:43Z
2021,Iowa State,Big 12,kickReturnsOpponent,23,2026-09-29T20:11:43Z
2021,Iowa State,Big 12,kickReturnTDs,0,2026-09-29T20:11:43Z
2021,Iowa State,Big 12,kickReturnTDsOpponent,1,2026-09-29T20:11:43Z
2021,Iowa State,Big 12,kickReturnYards,405,2026-09-29T20:11:43Z
2021,Iowa State,Big 12,kickReturnYardsOpponent,600,2026-09-29T20:11:43Z
2021,Iowa State,Big 12,netPassingYards,3430,2026-09-29T20:11:43Z
2021,Iowa State,Big 12,netPassingYardsOpponent,2441,2026-09-29T20:11:43Z
2021,Iowa State,Big 12,passAttempts,446,2026-09-29T20:11:43Z
2021,Iowa State,Big 12,passAttemptsOpponent,349,2026-09-29T20:11:43Z
2021,Iowa State,Big 12,passCompletions,313,2026-09-29T20:11:43Z
2021,Iowa State,Big 12,passCompletionsOpponent,213,2026-09-29T20:11:43Z
2021,Iowa State,Big 12,passesIntercepted,11,2026-09-29T20:11:43Z
2021,Iowa State,Big 12,passesInterceptedOpponent,9,2026-09-29T20:11:43Z
2021,Iowa State,Big 12,passingTDs,22,2026-09-29T20:11:43Z
2021,Iowa State,Big 12,passingTDsOpponent,19,2026-09-29T20:11:43Z
2021,Iowa State,Big 12,penalties,63,2026-09-29T20:11:43Z
2021,Iowa State,Big 12,penaltiesOpponent,68,2026-09-29T20:11:43Z
2021,Iowa State,Big 12,penaltyYards,502,2026-09-29T20:11:43Z
2021,Iowa State,Big 12,penaltyYardsOpponent,622,2026-09-29T20:11:43Z
2021,Iowa State,Big 12,possessionTime,24110,2026-09-29T20:11:43Z
2021,Iowa State,Big 12,possessionTimeOpponent,22690,2026-09-29T20:11:43Z
2021,Iowa State,Big 12,puntReturns,17,2026-09-29T20:11:43Z
2021,Iowa State,Big 12,puntReturnsOpponent,18,2026-09-29T20:11:43Z
2021,Iowa State,Big 12,puntReturnTDs,0,2026-09-29T20:11:43Z
2021,Iowa State,Big 12,puntReturnTDsOpponent,0,2026-09-29T20:11:43Z
2021,Iowa State,Big 12,puntReturnYards,111,2026-09-29T20:11:43Z
2021,Iowa State,Big 12,puntReturnYardsOpponent,194,2026-09-29T20:11:43Z
2021,Iowa State,Big 12,rushingAttempts,411,2026-09-29T20:11:43Z
2021,Iowa State,Big 12,rushingAttemptsOpponent,449,2026-09-29T20:11:43Z
2021,Iowa State,Big 12,rushingTDs,25,2026-09-29T20:11:43Z
2021,Iowa State,Big 12,rushingTDsOpponent,11,2026-09-29T20:11:43Z
2021,Iowa State,Big 12,rushingYards,2089,2026-09-29T20:11:43Z
2021,Iowa State,Big 12,rushingYardsOpponent,1595,2026-09-29T20:11:43Z
2021,Iowa State,Big 12,sacks,33,2026-09-29T20:11:43Z
2021,Iowa State,Big 12,sacksOpponent,21,2026-09-29T20:11:43Z
2021,Iowa State,Big 12,tacklesForLoss,85,2026-09-29T20:11:43Z
2021,Iowa State,Big 12,tacklesForLossOpponent,62,2026-09-29T20:11:43Z
2021,Iowa State,Big 12,thirdDownConversions,60,2026-09-29T20:11:43Z
2021,Iowa State,Big 12,thirdDownConversionsOpponent,69,2026-09-29T20:11:43Z
2021,Iowa State,Big 12,thirdDowns,165,2026-09-29T20:11:43Z
2021,Iowa State,Big 12,thirdDownsOpponent,178,2026-09-29T20:11:43Z
2021,Iowa State,Big 12,totalYards,5519,2026-09-29T20:11:43Z
2021,Iowa State,Big 12,totalYardsOpponent,4036,2026-09-29T20:11:43Z
2021,Iowa State,Big 12,turnovers,14,2026-09-29T20:11:43Z
2021,Iowa State,Big 12,turnoversOpponent,15,2026-09-29T20:11:43Z
2021,Kansas,Big 12,firstDowns,196,2026-09-29T20:11:43Z
2021,Kansas,Big 12,firstDownsOpponent,288,2026-09-29T20:11:43Z
2021,Kansas,Big 12,fourthDownConversions,11,2026-09-29T20:11:43Z
2021,Kansas,Big 12,fourthDownConversionsOpponent,11,2026-09-29T20:11:43Z
2021,Kansas,Big 12,fourthDowns,30,2026-09-29T20:11:43Z
2021,Kansas,Big 12,fourthDownsOpponent,18,2026-09-29T20:11:43Z
2021,Kansas,Big 12,fumblesLost,3,2026-09-29T20:11:43Z
2021,Kansas,Big 12,fumblesLostOpponent,9,2026-09-29T20:11:43Z
2021,Kansas,Big 12,fumblesRecovered,7,2026-09-29T20:11:43Z
2021,Kansas,Big 12,fumblesRecoveredOpponent,3,2026-09-29T20:11:43Z
2021,Kansas,Big 12,games,12,2026-09-29T20:11:43Z
2021,Kansas,Big 12,interceptions,10,2026-09-29T20:11:43Z
2021,Kansas,Big 12,interceptionsOpponent,7,2026-09-29T20:11:43Z
2021,Kansas,Big 12,interceptionTDs,2,2026-09-29T20:11:43Z
2021,Kansas,Big 12,interceptionTDsOpponent,0,2026-09-29T20:11:43Z
2021,Kansas,Big 12,interceptionYards,146,2026-09-29T20:11:43Z
2021,Kansas,Big 12,interceptionYardsOpponent,84,2026-09-29T20:11:43Z
2021,Kansas,Big 12,kickReturns,27,2026-09-29T20:11:43Z
2021,Kansas,Big 12,kickReturnsOpponent,9,2026-09-29T20:11:43Z
2021,Kansas,Big 12,kickReturnTDs,0,2026-09-29T20:11:43Z
2021,Kansas,Big 12,kickReturnTDsOpponent,0,2026-09-29T20:11:43Z
2021,Kansas,Big 12,kickReturnYards,553,2026-09-29T20:11:43Z
2021,Kansas,Big 12,kickReturnYardsOpponent,114,2026-09-29T20:11:43Z
2021,Kansas,Big 12,netPassingYards,2218,2026-09-29T20:11:43Z
2021,Kansas,Big 12,netPassingYardsOpponent,2842,2026-09-29T20:11:43Z
2021,Kansas,Big 12,passAttempts,318,2026-09-29T20:11:43Z
2021,Kansas,Big 12,passAttemptsOpponent,314,2026-09-29T20:11:43Z
2021,Kansas,Big 12,passCompletions,195,2026-09-29T20:11:43Z
2021,Kansas,Big 12,passCompletionsOpponent,221,2026-09-29T20:11:43Z
2021,Kansas,Big 12,passesIntercepted,7,2026-09-29T20:11:43Z
2021,Kansas,Big 12,passesInterceptedOpponent,10,2026-09-29T20:11:43Z
2021,Kansas,Big 12,passingTDs,15,2026-09-29T20:11:43Z
2021,Kansas,Big 12,passingTDsOpponent,27,2026-09-29T20:11:43Z
2021,Kansas,Big 12,penalties,49,2026-09-29T20:11:43Z
2021,Kansas,Big 12,penaltiesOpponent,66,2026-09-29T20:11:43Z
2021,Kansas,Big 12,penaltyYards,404,2026-09-29T20:11:43Z
2021,Kansas,Big 12,penaltyYardsOpponent,564,2026-09-29T20:11:43Z
2021,Kansas,Big 12,possessionTime,22197,2026-09-29T20:11:43Z
2021,Kansas,Big 12,possessionTimeOpponent,21005,2026-09-29T20:11:43Z
2021,Kansas,Big 12,puntReturns,8,2026-09-29T20:11:43Z
2021,Kansas,Big 12,puntReturnsOpponent,16,2026-09-29T20:11:43Z
2021,Kansas,Big 12,puntReturnTDs,0,2026-09-29T20:11:43Z
2021,Kansas,Big 12,puntReturnTDsOpponent,1,2026-09-29T20:11:43Z
2021,Kansas,Big 12,puntReturnYards,108,2026-09-29T20:11:43Z
2021,Kansas,Big 12,puntReturnYardsOpponent,210,2026-09-29T20:11:43Z
2021,Kansas,Big 12,rushingAttempts,435,2026-09-29T20:11:43Z
2021,Kansas,Big 12,rushingAttemptsOpponent,495,2026-09-29T20:11:43Z
2021,Kansas,Big 12,rushingTDs,15,2026-09-29T20:11:43Z
2021,Kansas,Big 12,rushingTDsOpponent,40,2026-09-29T20:11:43Z
2021,Kansas,Big 12,rushingYards,1674,2026-09-29T20:11:43Z
2021,Kansas,Big 12,rushingYardsOpponent,3005,2026-09-29T20:11:43Z
2021,Kansas,Big 12,sacks,16,2026-09-29T20:11:43Z
2021,Kansas,Big 12,sacksOpponent,16,2026-09-29T20:11:43Z
2021,Kansas,Big 12,tacklesForLoss,43,2026-09-29T20:11:43Z
2021,Kansas,Big 12,tacklesForLossOpponent,69,2026-09-29T20:11:43Z
2021,Kansas,Big 12,thirdDownConversions,59,2026-09-29T20:11:43Z
2021,Kansas,Big 12,thirdDownConversionsOpponent,77,2026-09-29T20:11:43Z
2021,Kansas,Big 12,thirdDowns,164,2026-09-29T20:11:43Z
2021,Kansas,Big 12,thirdDownsOpponent,141,2026-09-29T20:11:43Z
2021,Kansas,Big 12,totalYards,3892,2026-09-29T20:11:43Z
2021,Kansas,Big 12,totalYardsOpponent,5847,2026-09-29T20:11:43Z
2021,Kansas,Big 12,turnovers,13,2026-09-29T20:11:43Z
2021,Kansas,Big 12,turnoversOpponent,16,2026-09-29T20:11:43Z
2021,Kansas State,Big 12,firstDowns,233,2026-09-29T20:11:43Z
2021,Kansas State,Big 12,firstDownsOpponent,234,2026-09-29T20:11:43Z
2021,Kansas State,Big 12,fourthDownConversions,15,2026-09-29T20:11:43Z
2021,Kansas State,Big 12,fourthDownConversionsOpponent,20,2026-09-29T20:11:43Z
2021,Kansas State,Big 12,fourthDowns,20,2026-09-29T20:11:43Z
2021,Kansas State,Big 12,fourthDownsOpponent,33,2026-09-29T20:11:43Z
2021,Kansas State,Big 12,fumblesLost,7,2026-09-29T20:11:43Z
2021,Kansas State,Big 12,fumblesLostOpponent,6,2026-09-29T20:11:43Z
2021,Kansas State,Big 12,fumblesRecovered,4,2026-09-29T20:11:43Z
2021,Kansas State,Big 12,fumblesRecoveredOpponent,9,2026-09-29T20:11:43Z
2021,Kansas State,Big 12,games,13,2026-09-29T20:11:43Z
2021,Kansas State,Big 12,interceptions,7,2026-09-29T20:11:43Z
2021,Kansas State,Big 12,interceptionsOpponent,11,2026-09-29T20:11:43Z
2021,Kansas State,Big 12,interceptionTDs,0,2026-09-29T20:11:43Z
2021,Kansas State,Big 12,interceptionTDsOpponent,1,2026-09-29T20:11:43Z
2021,Kansas State,Big 12,interceptionYards,108,2026-09-29T20:11:43Z
2021,Kansas State,Big 12,interceptionYardsOpponent,87,2026-09-29T20:11:43Z
2021,Kansas State,Big 12,kickReturns,27,2026-09-29T20:11:43Z
2021,Kansas State,Big 12,kickReturnsOpponent,21,2026-09-29T20:11:43Z
2021,Kansas State,Big 12,kickReturnTDs,2,2026-09-29T20:11:43Z
2021,Kansas State,Big 12,kickReturnTDsOpponent,0,2026-09-29T20:11:43Z
2021,Kansas State,Big 12,kickReturnYards,735,2026-09-29T20:11:43Z
2021,Kansas State,Big 12,kickReturnYardsOpponent,474,2026-09-29T20:11:43Z
2021,Kansas State,Big 12,netPassingYards,2599,2026-09-29T20:11:43Z
2021,Kansas State,Big 12,netPassingYardsOpponent,2798,2026-09-29T20:11:43Z
2021,Kansas State,Big 12,passAttempts,311,2026-09-29T20:11:43Z
2021,Kansas State,Big 12,passAttemptsOpponent,377,2026-09-29T20:11:43Z
2021,Kansas State,Big 12,passCompletions,204,2026-09-29T20:11:43Z
2021,Kansas State,Big 12,passCompletionsOpponent,258,2026-09-29T20:11:43Z
2021,Kansas State,Big 12,passesIntercepted,11,2026-09-29T20:11:43Z
2021,Kansas State,Big 12,passesInterceptedOpponent,7,2026-09-29T20:11:43Z
2021,Kansas State,Big 12,passingTDs,14,2026-09-29T20:11:43Z
2021,Kansas State,Big 12,passingTDsOpponent,15,2026-09-29T20:11:43Z
2021,Kansas State,Big 12,penalties,71,2026-09-29T20:11:43Z
2021,Kansas State,Big 12,penaltiesOpponent,69,2026-09-29T20:11:43Z
2021,Kansas State,Big 12,penaltyYards,595,2026-09-29T20:11:43Z
2021,Kansas State,Big 12,penaltyYardsOpponent,566,2026-09-29T20:11:43Z
2021,Kansas State,Big 12,possessionTime,23324,2026-09-29T20:11:43Z
2021,Kansas State,Big 12,possessionTimeOpponent,23476,2026-09-29T20:11:43Z
2021,Kansas State,Big 12,puntReturns,12,2026-09-29T20:11:43Z
2021,Kansas State,Big 12,puntReturnsOpponent,11,2026-09-29T20:11:43Z
2021,Kansas State,Big 12,puntReturnTDs,1,2026-09-29T20:11:43Z
2021,Kansas State,Big 12,puntReturnTDsOpponent,0,2026-09-29T20:11:43Z
2021,Kansas State,Big 12,puntReturnYards,102,2026-09-29T20:11:43Z
2021,Kansas State,Big 12,puntReturnYardsOpponent,117,2026-09-29T20:11:43Z
2021,Kansas State,Big 12,rushingAttempts,436,2026-09-29T20:11:43Z
2021,Kansas State,Big 12,rushingAttemptsOpponent,458,2026-09-29T20:11:43Z
2021,Kansas State,Big 12,rushingTDs,29,2026-09-29T20:11:43Z
2021,Kansas State,Big 12,rushingTDsOpponent,14,2026-09-29T20:11:43Z
2021,Kansas State,Big 12,rushingYards,2111,2026-09-29T20:11:43Z
2021,Kansas State,Big 12,rushingYardsOpponent,1686,2026-09-29T20:11:43Z
2021,Kansas State,Big 12,sacks,30,2026-09-29T20:11:43Z
2021,Kansas State,Big 12,sacksOpponent,24,2026-09-29T20:11:43Z
2021,Kansas State,Big 12,tacklesForLoss,90,2026-09-29T20:11:43Z
2021,Kansas State,Big 12,tacklesForLossOpponent,77,2026-09-29T20:11:43Z
2021,Kansas State,Big 12,thirdDownConversions,64,2026-09-29T20:11:43Z
2021,Kansas State,Big 12,thirdDownConversionsOpponent,71,2026-09-29T20:11:43Z
2021,Kansas State,Big 12,thirdDowns,146,2026-09-29T20:11:43Z
2021,Kansas State,Big 12,thirdDownsOpponent,178,2026-09-29T20:11:43Z
2021,Kansas State,Big 12,totalYards,4710,2026-09-29T20:11:43Z
2021,Kansas State,Big 12,totalYardsOpponent,4484,2026-09-29T20:11:43Z
2021,Kansas State,Big 12,turnovers,14,2026-09-29T20:11:43Z
2021,Kansas State,Big 12,turnoversOpponent,17,2026-09-29T20:11:43Z
2021,Kent State,Mid-American,firstDowns,362,2026-09-29T20:11:43Z
2021,Kent State,Mid-American,firstDownsOpponent,362,2026-09-29T20:11:43Z
2021,Kent State,Mid-American,fourthDownConversions,13,2026-09-29T20:11:43Z
2021,Kent State,Mid-American,fourthDownConversionsOpponent,21,2026-09-29T20:11:43Z
2021,Kent State,Mid-American,fourthDowns,27,2026-09-29T20:11:43Z
2021,Kent State,Mid-American,fourthDownsOpponent,35,2026-09-29T20:11:43Z
2021,Kent State,Mid-American,fumblesLost,6,2026-09-29T20:11:43Z
2021,Kent State,Mid-American,fumblesLostOpponent,9,2026-09-29T20:11:43Z
2021,Kent State,Mid-American,fumblesRecovered,9,2026-09-29T20:11:43Z
2021,Kent State,Mid-American,fumblesRecoveredOpponent,6,2026-09-29T20:11:43Z
2021,Kent State,Mid-American,games,14,2026-09-29T20:11:43Z
2021,Kent State,Mid-American,interceptions,6,2026-09-29T20:11:43Z
2021,Kent State,Mid-American,interceptionsOpponent,16,2026-09-29T20:11:43Z
2021,Kent State,Mid-American,interceptionTDs,0,2026-09-29T20:11:43Z
2021,Kent State,Mid-American,interceptionTDsOpponent,2,2026-09-29T20:11:43Z
2021,Kent State,Mid-American,interceptionYards,116,2026-09-29T20:11:43Z
2021,Kent State,Mid-American,interceptionYardsOpponent,116,2026-09-29T20:11:43Z
2021,Kent State,Mid-American,kickReturns,57,2026-09-29T20:11:43Z
2021,Kent State,Mid-American,kickReturnsOpponent,59,2026-09-29T20:11:43Z
2021,Kent State,Mid-American,kickReturnTDs,0,2026-09-29T20:11:43Z
2021,Kent State,Mid-American,kickReturnTDsOpponent,0,2026-09-29T20:11:43Z
2021,Kent State,Mid-American,kickReturnYards,1140,2026-09-29T20:11:43Z
2021,Kent State,Mid-American,kickReturnYardsOpponent,862,2026-09-29T20:11:43Z
2021,Kent State,Mid-American,netPassingYards,3425,2026-09-29T20:11:43Z
2021,Kent State,Mid-American,netPassingYardsOpponent,3724,2026-09-29T20:11:43Z
2021,Kent State,Mid-American,passAttempts,405,2026-09-29T20:11:43Z
2021,Kent State,Mid-American,passAttemptsOpponent,487,2026-09-29T20:11:43Z
2021,Kent State,Mid-American,passCompletions,261,2026-09-29T20:11:43Z
2021,Kent State,Mid-American,passCompletionsOpponent,308,2026-09-29T20:11:43Z
2021,Kent State,Mid-American,passesIntercepted,16,2026-09-29T20:11:43Z
2021,Kent State,Mid-American,passesInterceptedOpponent,6,2026-09-29T20:11:43Z
2021,Kent State,Mid-American,passingTDs,21,2026-09-29T20:11:43Z
2021,Kent State,Mid-American,passingTDsOpponent,23,2026-09-29T20:11:43Z
2021,Kent State,Mid-American,penalties,109,2026-09-29T20:11:43Z
2021,Kent State,Mid-American,penaltiesOpponent,80,2026-09-29T20:11:43Z
2021,Kent State,Mid-American,penaltyYards,993,2026-09-29T20:11:43Z
2021,Kent State,Mid-American,penaltyYardsOpponent,789,2026-09-29T20:11:43Z
2021,Kent State,Mid-American,possessionTime,22241,2026-09-29T20:11:43Z
2021,Kent State,Mid-American,possessionTimeOpponent,28159,2026-09-29T20:11:43Z
2021,Kent State,Mid-American,puntReturns,15,2026-09-29T20:11:43Z
2021,Kent State,Mid-American,puntReturnsOpponent,8,2026-09-29T20:11:43Z
2021,Kent State,Mid-American,puntReturnTDs,0,2026-09-29T20:11:43Z
2021,Kent State,Mid-American,puntReturnTDsOpponent,0,2026-09-29T20:11:43Z
2021,Kent State,Mid-American,puntReturnYards,82,2026-09-29T20:11:43Z
2021,Kent State,Mid-American,puntReturnYardsOpponent,25,2026-09-29T20:11:43Z
2021,Kent State,Mid-American,rushingAttempts,647,2026-09-29T20:11:43Z
2021,Kent State,Mid-American,rushingAttemptsOpponent,580,2026-09-29T20:11:43Z
2021,Kent State,Mid-American,rushingTDs,36,2026-09-29T20:11:43Z
2021,Kent State,Mid-American,rushingTDsOpponent,40,2026-09-29T20:11:43Z
2021,Kent State,Mid-American,rushingYards,3482,2026-09-29T20:11:43Z
2021,Kent State,Mid-American,rushingYardsOpponent,2886,2026-09-29T20:11:43Z
2021,Kent State,Mid-American,sacks,23,2026-09-29T20:11:43Z
2021,Kent State,Mid-American,sacksOpponent,40,2026-09-29T20:11:43Z
2021,Kent State,Mid-American,tacklesForLoss,73,2026-09-29T20:11:43Z
2021,Kent State,Mid-American,tacklesForLossOpponent,105,2026-09-29T20:11:43Z
2021,Kent State,Mid-American,thirdDownConversions,88,2026-09-29T20:11:43Z
2021,Kent State,Mid-American,thirdDownConversionsOpponent,96,2026-09-29T20:11:43Z
2021,Kent State,Mid-American,thirdDowns,202,2026-09-29T20:11:43Z
2021,Kent State,Mid-American,thirdDownsOpponent,202,2026-09-29T20:11:43Z
2021,Kent State,Mid-American,totalYards,6907,2026-09-29T20:11:43Z
2021,Kent State,Mid-American,totalYardsOpponent,6610,2026-09-29T20:11:43Z
2021,Kent State,Mid-American,turnovers,12,2026-09-29T20:11:43Z
2021,Kent State,Mid-American,turnoversOpponent,25,2026-09-29T20:11:43Z
2021,Kentucky,SEC,firstDowns,296,2026-09-29T20:11:43Z
2021,Kentucky,SEC,firstDownsOpponent,239,2026-09-29T20:11:43Z
2021,Kentucky,SEC,fourthDownConversions,6,2026-09-29T20:11:43Z
2021,Kentucky,SEC,fourthDownConversionsOpponent,5,2026-09-29T20:11:43Z
2021,Kentucky,SEC,fourthDowns,16,2026-09-29T20:11:43Z
2021,Kentucky,SEC,fourthDownsOpponent,18,2026-09-29T20:11:43Z
2021,Kentucky,SEC,fumblesLost,10,2026-09-29T20:11:43Z
2021,Kentucky,SEC,fumblesLostOpponent,3,2026-09-29T20:11:43Z
2021,Kentucky,SEC,fumblesRecovered,3,2026-09-29T20:11:43Z
2021,Kentucky,SEC,fumblesRecoveredOpponent,12,2026-09-29T20:11:43Z
2021,Kentucky,SEC,games,13,2026-09-29T20:11:43Z
2021,Kentucky,SEC,interceptions,13,2026-09-29T20:11:43Z
2021,Kentucky,SEC,interceptionsOpponent,9,2026-09-29T20:11:43Z
2021,Kentucky,SEC,interceptionTDs,3,2026-09-29T20:11:43Z
2021,Kentucky,SEC,interceptionTDsOpponent,1,2026-09-29T20:11:43Z
2021,Kentucky,SEC,interceptionYards,188,2026-09-29T20:11:43Z
2021,Kentucky,SEC,interceptionYardsOpponent,161,2026-09-29T20:11:43Z
2021,Kentucky,SEC,kickReturns,22,2026-09-29T20:11:43Z
2021,Kentucky,SEC,kickReturnsOpponent,16,2026-09-29T20:11:43Z
2021,Kentucky,SEC,kickReturnTDs,0,2026-09-29T20:11:43Z
2021,Kentucky,SEC,kickReturnTDsOpponent,0,2026-09-29T20:11:43Z
2021,Kentucky,SEC,kickReturnYards,301,2026-09-29T20:11:43Z
2021,Kentucky,SEC,kickReturnYardsOpponent,276,2026-09-29T20:11:43Z
2021,Kentucky,SEC,netPassingYards,2933,2026-09-29T20:11:43Z
2021,Kentucky,SEC,netPassingYardsOpponent,2842,2026-09-29T20:11:43Z
2021,Kentucky,SEC,passAttempts,366,2026-09-29T20:11:43Z
2021,Kentucky,SEC,passAttemptsOpponent,403,2026-09-29T20:11:43Z
2021,Kentucky,SEC,passCompletions,242,2026-09-29T20:11:43Z
2021,Kentucky,SEC,passCompletionsOpponent,268,2026-09-29T20:11:43Z
2021,Kentucky,SEC,passesIntercepted,9,2026-09-29T20:11:43Z
2021,Kentucky,SEC,passesInterceptedOpponent,13,2026-09-29T20:11:43Z
2021,Kentucky,SEC,passingTDs,24,2026-09-29T20:11:43Z
2021,Kentucky,SEC,passingTDsOpponent,20,2026-09-29T20:11:43Z
2021,Kentucky,SEC,penalties,63,2026-09-29T20:11:43Z
2021,Kentucky,SEC,penaltiesOpponent,78,2026-09-29T20:11:43Z
2021,Kentucky,SEC,penaltyYards,548,2026-09-29T20:11:43Z
2021,Kentucky,SEC,penaltyYardsOpponent,608,2026-09-29T20:11:43Z
2021,Kentucky,SEC,possessionTime,25425,2026-09-29T20:11:43Z
2021,Kentucky,SEC,possessionTimeOpponent,21375,2026-09-29T20:11:43Z
2021,Kentucky,SEC,puntReturns,16,2026-09-29T20:11:43Z
2021,Kentucky,SEC,puntReturnsOpponent,9,2026-09-29T20:11:43Z
2021,Kentucky,SEC,puntReturnTDs,1,2026-09-29T20:11:43Z
2021,Kentucky,SEC,puntReturnTDsOpponent,0,2026-09-29T20:11:43Z
2021,Kentucky,SEC,puntReturnYards,165,2026-09-29T20:11:43Z
2021,Kentucky,SEC,puntReturnYardsOpponent,50,2026-09-29T20:11:43Z
2021,Kentucky,SEC,rushingAttempts,496,2026-09-29T20:11:43Z
2021,Kentucky,SEC,rushingAttemptsOpponent,401,2026-09-29T20:11:43Z
2021,Kentucky,SEC,rushingTDs,27,2026-09-29T20:11:43Z
2021,Kentucky,SEC,rushingTDsOpponent,12,2026-09-29T20:11:43Z
2021,Kentucky,SEC,rushingYards,2594,2026-09-29T20:11:43Z
2021,Kentucky,SEC,rushingYardsOpponent,1587,2026-09-29T20:11:43Z
2021,Kentucky,SEC,sacks,29,2026-09-29T20:11:43Z
2021,Kentucky,SEC,sacksOpponent,24,2026-09-29T20:11:43Z
2021,Kentucky,SEC,tacklesForLoss,79,2026-09-29T20:11:43Z
2021,Kentucky,SEC,tacklesForLossOpponent,59,2026-09-29T20:11:43Z
2021,Kentucky,SEC,thirdDownConversions,76,2026-09-29T20:11:43Z
2021,Kentucky,SEC,thirdDownConversionsOpponent,64,2026-09-29T20:11:43Z
2021,Kentucky,SEC,thirdDowns,151,2026-09-29T20:11:43Z
2021,Kentucky,SEC,thirdDownsOpponent,166,2026-09-29T20:11:43Z
2021,Kentucky,SEC,totalYards,5527,2026-09-29T20:11:43Z
2021,Kentucky,SEC,totalYardsOpponent,4429,2026-09-29T20:11:43Z
2021,Kentucky,SEC,turnovers,23,2026-09-29T20:11:43Z
2021,Kentucky,SEC,turnoversOpponent,12,2026-09-29T20:11:43Z
2021,Liberty,FBS Independents,firstDowns,294,2026-09-29T20:11:43Z
2021,Liberty,FBS Independents,firstDownsOpponent,240,2026-09-29T20:11:43Z
2021,Liberty,FBS Independents,fourthDownConversions,13,2026-09-29T20:11:43Z
2021,Liberty,FBS Independents,fourthDownConversionsOpponent,15,2026-09-29T20:11:43Z
2021,Liberty,FBS Independents,fourthDowns,30,2026-09-29T20:11:43Z
2021,Liberty,FBS Independents,fourthDownsOpponent,29,2026-09-29T20:11:43Z
2021,Liberty,FBS Independents,fumblesLost,7,2026-09-29T20:11:43Z
2021,Liberty,FBS Independents,fumblesLostOpponent,2,2026-09-29T20:11:43Z
2021,Liberty,FBS Independents,fumblesRecovered,1,2026-09-29T20:11:43Z
2021,Liberty,FBS Independents,fumblesRecoveredOpponent,8,2026-09-29T20:11:43Z
2021,Liberty,FBS Independents,games,13,2026-09-29T20:11:43Z
2021,Liberty,FBS Independents,interceptions,15,2026-09-29T20:11:43Z
2021,Liberty,FBS Independents,interceptionsOpponent,9,2026-09-29T20:11:43Z
2021,Liberty,FBS Independents,interceptionTDs,1,2026-09-29T20:11:43Z
2021,Liberty,FBS Independents,interceptionTDsOpponent,1,2026-09-29T20:11:43Z
2021,Liberty,FBS Independents,interceptionYards,49,2026-09-29T20:11:43Z
2021,Liberty,FBS Independents,interceptionYardsOpponent,127,2026-09-29T20:11:43Z
2021,Liberty,FBS Independents,kickReturns,38,2026-09-29T20:11:43Z
2021,Liberty,FBS Independents,kickReturnsOpponent,23,2026-09-29T20:11:43Z
2021,Liberty,FBS Independents,kickReturnTDs,0,2026-09-29T20:11:43Z
2021,Liberty,FBS Independents,kickReturnTDsOpponent,0,2026-09-29T20:11:43Z
2021,Liberty,FBS Independents,kickReturnYards,735,2026-09-29T20:11:43Z
2021,Liberty,FBS Independents,kickReturnYardsOpponent,382,2026-09-29T20:11:43Z
2021,Liberty,FBS Independents,netPassingYards,3315,2026-09-29T20:11:43Z
2021,Liberty,FBS Independents,netPassingYardsOpponent,2344,2026-09-29T20:11:43Z
2021,Liberty,FBS Independents,passAttempts,381,2026-09-29T20:11:43Z
2021,Liberty,FBS Independents,passAttemptsOpponent,354,2026-09-29T20:11:43Z
2021,Liberty,FBS Independents,passCompletions,226,2026-09-29T20:11:43Z
2021,Liberty,FBS Independents,passCompletionsOpponent,200,2026-09-29T20:11:43Z
2021,Liberty,FBS Independents,passesIntercepted,9,2026-09-29T20:11:43Z
2021,Liberty,FBS Independents,passesInterceptedOpponent,15,2026-09-29T20:11:43Z
2021,Liberty,FBS Independents,passingTDs,33,2026-09-29T20:11:43Z
2021,Liberty,FBS Independents,passingTDsOpponent,14,2026-09-29T20:11:43Z
2021,Liberty,FBS Independents,penalties,92,2026-09-29T20:11:43Z
2021,Liberty,FBS Independents,penaltiesOpponent,78,2026-09-29T20:11:43Z
2021,Liberty,FBS Independents,penaltyYards,865,2026-09-29T20:11:43Z
2021,Liberty,FBS Independents,penaltyYardsOpponent,722,2026-09-29T20:11:43Z
2021,Liberty,FBS Independents,possessionTime,23655,2026-09-29T20:11:43Z
2021,Liberty,FBS Independents,possessionTimeOpponent,23145,2026-09-29T20:11:43Z
2021,Liberty,FBS Independents,puntReturns,27,2026-09-29T20:11:43Z
2021,Liberty,FBS Independents,puntReturnsOpponent,11,2026-09-29T20:11:43Z
2021,Liberty,FBS Independents,puntReturnTDs,1,2026-09-29T20:11:43Z
2021,Liberty,FBS Independents,puntReturnTDsOpponent,0,2026-09-29T20:11:43Z
2021,Liberty,FBS Independents,puntReturnYards,190,2026-09-29T20:11:43Z
2021,Liberty,FBS Independents,puntReturnYardsOpponent,99,2026-09-29T20:11:43Z
2021,Liberty,FBS Independents,rushingAttempts,508,2026-09-29T20:11:43Z
2021,Liberty,FBS Independents,rushingAttemptsOpponent,520,2026-09-29T20:11:43Z
2021,Liberty,FBS Independents,rushingTDs,26,2026-09-29T20:11:43Z
2021,Liberty,FBS Independents,rushingTDsOpponent,19,2026-09-29T20:11:43Z
2021,Liberty,FBS Independents,rushingYards,2350,2026-09-29T20:11:43Z
2021,Liberty,FBS Independents,rushingYardsOpponent,1819,2026-09-29T20:11:43Z
2021,Liberty,FBS Independents,sacks,32,2026-09-29T20:11:43Z
2021,Liberty,FBS Independents,sacksOpponent,51,2026-09-29T20:11:43Z
2021,Liberty,FBS Independents,tacklesForLoss,90,2026-09-29T20:11:43Z
2021,Liberty,FBS Independents,tacklesForLossOpponent,77,2026-09-29T20:11:43Z
2021,Liberty,FBS Independents,thirdDownConversions,69,2026-09-29T20:11:43Z
2021,Liberty,FBS Independents,thirdDownConversionsOpponent,63,2026-09-29T20:11:43Z
2021,Liberty,FBS Independents,thirdDowns,162,2026-09-29T20:11:43Z
2021,Liberty,FBS Independents,thirdDownsOpponent,186,2026-09-29T20:11:43Z
2021,Liberty,FBS Independents,totalYards,5665,2026-09-29T20:11:43Z
2021,Liberty,FBS Independents,totalYardsOpponent,4163,2026-09-29T20:11:43Z
2021,Liberty,FBS Independents,turnovers,22,2026-09-29T20:11:43Z
2021,Liberty,FBS Independents,turnoversOpponent,11,2026-09-29T20:11:43Z
2021,Louisiana,Sun Belt,firstDowns,300,2026-09-29T20:11:43Z
2021,Louisiana,Sun Belt,firstDownsOpponent,255,2026-09-29T20:11:43Z
2021,Louisiana,Sun Belt,fourthDownConversions,22,2026-09-29T20:11:43Z
2021,Louisiana,Sun Belt,fourthDownConversionsOpponent,21,2026-09-29T20:11:43Z
2021,Louisiana,Sun Belt,fourthDowns,37,2026-09-29T20:11:43Z
2021,Louisiana,Sun Belt,fourthDownsOpponent,37,2026-09-29T20:11:43Z
2021,Louisiana,Sun Belt,fumblesLost,4,2026-09-29T20:11:43Z
2021,Louisiana,Sun Belt,fumblesLostOpponent,13,2026-09-29T20:11:43Z
2021,Louisiana,Sun Belt,fumblesRecovered,17,2026-09-29T20:11:43Z
2021,Louisiana,Sun Belt,fumblesRecoveredOpponent,5,2026-09-29T20:11:43Z
2021,Louisiana,Sun Belt,games,14,2026-09-29T20:11:43Z
2021,Louisiana,Sun Belt,interceptions,4,2026-09-29T20:11:43Z
2021,Louisiana,Sun Belt,interceptionsOpponent,10,2026-09-29T20:11:43Z
2021,Louisiana,Sun Belt,interceptionTDs,1,2026-09-29T20:11:43Z
2021,Louisiana,Sun Belt,interceptionTDsOpponent,0,2026-09-29T20:11:43Z
2021,Louisiana,Sun Belt,interceptionYards,150,2026-09-29T20:11:43Z
2021,Louisiana,Sun Belt,interceptionYardsOpponent,35,2026-09-29T20:11:43Z
2021,Louisiana,Sun Belt,kickReturns,36,2026-09-29T20:11:43Z
2021,Louisiana,Sun Belt,kickReturnsOpponent,56,2026-09-29T20:11:43Z
2021,Louisiana,Sun Belt,kickReturnTDs,0,2026-09-29T20:11:43Z
2021,Louisiana,Sun Belt,kickReturnTDsOpponent,0,2026-09-29T20:11:43Z
2021,Louisiana,Sun Belt,kickReturnYards,608,2026-09-29T20:11:43Z
2021,Louisiana,Sun Belt,kickReturnYardsOpponent,769,2026-09-29T20:11:43Z
2021,Louisiana,Sun Belt,netPassingYards,3060,2026-09-29T20:11:43Z
2021,Louisiana,Sun Belt,netPassingYardsOpponent,2688,2026-09-29T20:11:43Z
2021,Louisiana,Sun Belt,passAttempts,405,2026-09-29T20:11:43Z
2021,Louisiana,Sun Belt,passAttemptsOpponent,414,2026-09-29T20:11:43Z
2021,Louisiana,Sun Belt,passCompletions,246,2026-09-29T20:11:43Z
2021,Louisiana,Sun Belt,passCompletionsOpponent,220,2026-09-29T20:11:43Z
2021,Louisiana,Sun Belt,passesIntercepted,10,2026-09-29T20:11:43Z
2021,Louisiana,Sun Belt,passesInterceptedOpponent,4,2026-09-29T20:11:43Z
2021,Louisiana,Sun Belt,passingTDs,22,2026-09-29T20:11:43Z
2021,Louisiana,Sun Belt,passingTDsOpponent,17,2026-09-29T20:11:43Z
2021,Louisiana,Sun Belt,penalties,74,2026-09-29T20:11:43Z
2021,Louisiana,Sun Belt,penaltiesOpponent,80,2026-09-29T20:11:43Z
2021,Louisiana,Sun Belt,penaltyYards,686,2026-09-29T20:11:43Z
2021,Louisiana,Sun Belt,penaltyYardsOpponent,674,2026-09-29T20:11:43Z
2021,Louisiana,Sun Belt,possessionTime,25936,2026-09-29T20:11:43Z
2021,Louisiana,Sun Belt,possessionTimeOpponent,24464,2026-09-29T20:11:43Z
2021,Louisiana,Sun Belt,puntReturns,25,2026-09-29T20:11:43Z
2021,Louisiana,Sun Belt,puntReturnsOpponent,24,2026-09-29T20:11:43Z
2021,Louisiana,Sun Belt,puntReturnTDs,0,2026-09-29T20:11:43Z
2021,Louisiana,Sun Belt,puntReturnTDsOpponent,0,2026-09-29T20:11:43Z
2021,Louisiana,Sun Belt,puntReturnYards,159,2026-09-29T20:11:43Z
2021,Louisiana,Sun Belt,puntReturnYardsOpponent,122,2026-09-29T20:11:43Z
2021,Louisiana,Sun Belt,rushingAttempts,565,2026-09-29T20:11:43Z
2021,Louisiana,Sun Belt,rushingAttemptsOpponent,520,2026-09-29T20:11:43Z
2021,Louisiana,Sun Belt,rushingTDs,34,2026-09-29T20:11:43Z
2021,Louisiana,Sun Belt,rushingTDsOpponent,16,2026-09-29T20:11:43Z
2021,Louisiana,Sun Belt,rushingYards,2715,2026-09-29T20:11:43Z
2021,Louisiana,Sun Belt,rushingYardsOpponent,2084,2026-09-29T20:11:43Z
2021,Louisiana,Sun Belt,sacks,39,2026-09-29T20:11:43Z
2021,Louisiana,Sun Belt,sacksOpponent,26,2026-09-29T20:11:43Z
2021,Louisiana,Sun Belt,tacklesForLoss,85,2026-09-29T20:11:43Z
2021,Louisiana,Sun Belt,tacklesForLossOpponent,90,2026-09-29T20:11:43Z
2021,Louisiana,Sun Belt,thirdDownConversions,69,2026-09-29T20:11:43Z
2021,Louisiana,Sun Belt,thirdDownConversionsOpponent,73,2026-09-29T20:11:43Z
2021,Louisiana,Sun Belt,thirdDowns,189,2026-09-29T20:11:43Z
2021,Louisiana,Sun Belt,thirdDownsOpponent,200,2026-09-29T20:11:43Z
2021,Louisiana,Sun Belt,totalYards,5775,2026-09-29T20:11:43Z
2021,Louisiana,Sun Belt,totalYardsOpponent,4772,2026-09-29T20:11:43Z
2021,Louisiana,Sun Belt,turnovers,8,2026-09-29T20:11:43Z
2021,Louisiana,Sun Belt,turnoversOpponent,23,2026-09-29T20:11:43Z
2021,Louisiana Tech,Conference USA,firstDowns,249,2026-09-29T20:11:43Z
2021,Louisiana Tech,Conference USA,firstDownsOpponent,274,2026-09-29T20:11:43Z
2021,Louisiana Tech,Conference USA,fourthDownConversions,8,2026-09-29T20:11:43Z
2021,Louisiana Tech,Conference USA,fourthDownConversionsOpponent,10,2026-09-29T20:11:43Z
2021,Louisiana Tech,Conference USA,fourthDowns,18,2026-09-29T20:11:43Z
2021,Louisiana Tech,Conference USA,fourthDownsOpponent,24,2026-09-29T20:11:43Z
2021,Louisiana Tech,Conference USA,fumblesLost,7,2026-09-29T20:11:43Z
2021,Louisiana Tech,Conference USA,fumblesLostOpponent,13,2026-09-29T20:11:43Z
2021,Louisiana Tech,Conference USA,fumblesRecovered,15,2026-09-29T20:11:43Z
2021,Louisiana Tech,Conference USA,fumblesRecoveredOpponent,8,2026-09-29T20:11:43Z
2021,Louisiana Tech,Conference USA,games,12,2026-09-29T20:11:43Z
2021,Louisiana Tech,Conference USA,interceptions,16,2026-09-29T20:11:43Z
2021,Louisiana Tech,Conference USA,interceptionsOpponent,9,2026-09-29T20:11:43Z
2021,Louisiana Tech,Conference USA,interceptionTDs,2,2026-09-29T20:11:43Z
2021,Louisiana Tech,Conference USA,interceptionTDsOpponent,2,2026-09-29T20:11:43Z
2021,Louisiana Tech,Conference USA,interceptionYards,211,2026-09-29T20:11:43Z
2021,Louisiana Tech,Conference USA,interceptionYardsOpponent,97,2026-09-29T20:11:43Z
2021,Louisiana Tech,Conference USA,kickReturns,37,2026-09-29T20:11:43Z
2021,Louisiana Tech,Conference USA,kickReturnsOpponent,47,2026-09-29T20:11:43Z
2021,Louisiana Tech,Conference USA,kickReturnTDs,0,2026-09-29T20:11:43Z
2021,Louisiana Tech,Conference USA,kickReturnTDsOpponent,1,2026-09-29T20:11:43Z
2021,Louisiana Tech,Conference USA,kickReturnYards,750,2026-09-29T20:11:43Z
2021,Louisiana Tech,Conference USA,kickReturnYardsOpponent,921,2026-09-29T20:11:43Z
2021,Louisiana Tech,Conference USA,netPassingYards,3151,2026-09-29T20:11:43Z
2021,Louisiana Tech,Conference USA,netPassingYardsOpponent,3214,2026-09-29T20:11:43Z
2021,Louisiana Tech,Conference USA,passAttempts,411,2026-09-29T20:11:43Z
2021,Louisiana Tech,Conference USA,passAttemptsOpponent,411,2026-09-29T20:11:43Z
2021,Louisiana Tech,Conference USA,passCompletions,248,2026-09-29T20:11:43Z
2021,Louisiana Tech,Conference USA,passCompletionsOpponent,271,2026-09-29T20:11:43Z
2021,Louisiana Tech,Conference USA,passesIntercepted,9,2026-09-29T20:11:43Z
2021,Louisiana Tech,Conference USA,passesInterceptedOpponent,16,2026-09-29T20:11:43Z
2021,Louisiana Tech,Conference USA,passingTDs,22,2026-09-29T20:11:43Z
2021,Louisiana Tech,Conference USA,passingTDsOpponent,25,2026-09-29T20:11:43Z
2021,Louisiana Tech,Conference USA,penalties,81,2026-09-29T20:11:43Z
2021,Louisiana Tech,Conference USA,penaltiesOpponent,89,2026-09-29T20:11:43Z
2021,Louisiana Tech,Conference USA,penaltyYards,625,2026-09-29T20:11:43Z
2021,Louisiana Tech,Conference USA,penaltyYardsOpponent,875,2026-09-29T20:11:43Z
2021,Louisiana Tech,Conference USA,possessionTime,20361,2026-09-29T20:11:43Z
2021,Louisiana Tech,Conference USA,possessionTimeOpponent,22839,2026-09-29T20:11:43Z
2021,Louisiana Tech,Conference USA,puntReturns,22,2026-09-29T20:11:43Z
2021,Louisiana Tech,Conference USA,puntReturnsOpponent,14,2026-09-29T20:11:43Z
2021,Louisiana Tech,Conference USA,puntReturnTDs,0,2026-09-29T20:11:43Z
2021,Louisiana Tech,Conference USA,puntReturnTDsOpponent,0,2026-09-29T20:11:43Z
2021,Louisiana Tech,Conference USA,puntReturnYards,195,2026-09-29T20:11:43Z
2021,Louisiana Tech,Conference USA,puntReturnYardsOpponent,209,2026-09-29T20:11:43Z
2021,Louisiana Tech,Conference USA,rushingAttempts,416,2026-09-29T20:11:43Z
2021,Louisiana Tech,Conference USA,rushingAttemptsOpponent,442,2026-09-29T20:11:43Z
2021,Louisiana Tech,Conference USA,rushingTDs,16,2026-09-29T20:11:43Z
2021,Louisiana Tech,Conference USA,rushingTDsOpponent,25,2026-09-29T20:11:43Z
2021,Louisiana Tech,Conference USA,rushingYards,1466,2026-09-29T20:11:43Z
2021,Louisiana Tech,Conference USA,rushingYardsOpponent,1998,2026-09-29T20:11:43Z
2021,Louisiana Tech,Conference USA,sacks,20,2026-09-29T20:11:43Z
2021,Louisiana Tech,Conference USA,sacksOpponent,28,2026-09-29T20:11:43Z
2021,Louisiana Tech,Conference USA,tacklesForLoss,65,2026-09-29T20:11:43Z
2021,Louisiana Tech,Conference USA,tacklesForLossOpponent,68,2026-09-29T20:11:43Z
2021,Louisiana Tech,Conference USA,thirdDownConversions,66,2026-09-29T20:11:43Z
2021,Louisiana Tech,Conference USA,thirdDownConversionsOpponent,60,2026-09-29T20:11:43Z
2021,Louisiana Tech,Conference USA,thirdDowns,168,2026-09-29T20:11:43Z
2021,Louisiana Tech,Conference USA,thirdDownsOpponent,156,2026-09-29T20:11:43Z
2021,Louisiana Tech,Conference USA,totalYards,4617,2026-09-29T20:11:43Z
2021,Louisiana Tech,Conference USA,totalYardsOpponent,5212,2026-09-29T20:11:43Z
2021,Louisiana Tech,Conference USA,turnovers,23,2026-09-29T20:11:43Z
2021,Louisiana Tech,Conference USA,turnoversOpponent,22,2026-09-29T20:11:43Z
2021,Louisville,ACC,firstDowns,274,2026-09-29T20:11:43Z
2021,Louisville,ACC,firstDownsOpponent,293,2026-09-29T20:11:43Z
2021,Louisville,ACC,fourthDownConversions,14,2026-09-29T20:11:43Z
2021,Louisville,ACC,fourthDownConversionsOpponent,12,2026-09-29T20:11:43Z
2021,Louisville,ACC,fourthDowns,27,2026-09-29T20:11:43Z
2021,Louisville,ACC,fourthDownsOpponent,23,2026-09-29T20:11:43Z
2021,Louisville,ACC,fumblesLost,7,2026-09-29T20:11:43Z
2021,Louisville,ACC,fumblesLostOpponent,5,2026-09-29T20:11:43Z
2021,Louisville,ACC,fumblesRecovered,7,2026-09-29T20:11:43Z
2021,Louisville,ACC,fumblesRecoveredOpponent,6,2026-09-29T20:11:43Z
2021,Louisville,ACC,games,13,2026-09-29T20:11:43Z
2021,Louisville,ACC,interceptions,6,2026-09-29T20:11:43Z
2021,Louisville,ACC,interceptionsOpponent,10,2026-09-29T20:11:43Z
2021,Louisville,ACC,interceptionTDs,1,2026-09-29T20:11:43Z
2021,Louisville,ACC,interceptionTDsOpponent,0,2026-09-29T20:11:43Z
2021,Louisville,ACC,interceptionYards,161,2026-09-29T20:11:43Z
2021,Louisville,ACC,interceptionYardsOpponent,28,2026-09-29T20:11:43Z
2021,Louisville,ACC,kickReturns,31,2026-09-29T20:11:43Z
2021,Louisville,ACC,kickReturnsOpponent,33,2026-09-29T20:11:43Z
2021,Louisville,ACC,kickReturnTDs,1,2026-09-29T20:11:43Z
2021,Louisville,ACC,kickReturnTDsOpponent,0,2026-09-29T20:11:43Z
2021,Louisville,ACC,kickReturnYards,732,2026-09-29T20:11:43Z
2021,Louisville,ACC,kickReturnYardsOpponent,645,2026-09-29T20:11:43Z
2021,Louisville,ACC,netPassingYards,3074,2026-09-29T20:11:43Z
2021,Louisville,ACC,netPassingYardsOpponent,3193,2026-09-29T20:11:43Z
2021,Louisville,ACC,passAttempts,364,2026-09-29T20:11:43Z
2021,Louisville,ACC,passAttemptsOpponent,432,2026-09-29T20:11:43Z
2021,Louisville,ACC,passCompletions,221,2026-09-29T20:11:43Z
2021,Louisville,ACC,passCompletionsOpponent,282,2026-09-29T20:11:43Z
2021,Louisville,ACC,passesIntercepted,10,2026-09-29T20:11:43Z
2021,Louisville,ACC,passesInterceptedOpponent,6,2026-09-29T20:11:43Z
2021,Louisville,ACC,passingTDs,21,2026-09-29T20:11:43Z
2021,Louisville,ACC,passingTDsOpponent,20,2026-09-29T20:11:43Z
2021,Louisville,ACC,penalties,80,2026-09-29T20:11:43Z
2021,Louisville,ACC,penaltiesOpponent,72,2026-09-29T20:11:43Z
2021,Louisville,ACC,penaltyYards,714,2026-09-29T20:11:43Z
2021,Louisville,ACC,penaltyYardsOpponent,587,2026-09-29T20:11:43Z
2021,Louisville,ACC,possessionTime,23827,2026-09-29T20:11:43Z
2021,Louisville,ACC,possessionTimeOpponent,22767,2026-09-29T20:11:43Z
2021,Louisville,ACC,puntReturns,15,2026-09-29T20:11:43Z
2021,Louisville,ACC,puntReturnsOpponent,13,2026-09-29T20:11:43Z
2021,Louisville,ACC,puntReturnTDs,1,2026-09-29T20:11:43Z
2021,Louisville,ACC,puntReturnTDsOpponent,0,2026-09-29T20:11:43Z
2021,Louisville,ACC,puntReturnYards,157,2026-09-29T20:11:43Z
2021,Louisville,ACC,puntReturnYardsOpponent,74,2026-09-29T20:11:43Z
2021,Louisville,ACC,rushingAttempts,504,2026-09-29T20:11:43Z
2021,Louisville,ACC,rushingAttemptsOpponent,471,2026-09-29T20:11:43Z
2021,Louisville,ACC,rushingTDs,29,2026-09-29T20:11:43Z
2021,Louisville,ACC,rushingTDsOpponent,23,2026-09-29T20:11:43Z
2021,Louisville,ACC,rushingYards,2728,2026-09-29T20:11:43Z
2021,Louisville,ACC,rushingYardsOpponent,2050,2026-09-29T20:11:43Z
2021,Louisville,ACC,sacks,32,2026-09-29T20:11:43Z
2021,Louisville,ACC,sacksOpponent,20,2026-09-29T20:11:43Z
2021,Louisville,ACC,tacklesForLoss,80,2026-09-29T20:11:43Z
2021,Louisville,ACC,tacklesForLossOpponent,62,2026-09-29T20:11:43Z
2021,Louisville,ACC,thirdDownConversions,70,2026-09-29T20:11:43Z
2021,Louisville,ACC,thirdDownConversionsOpponent,67,2026-09-29T20:11:43Z
2021,Louisville,ACC,thirdDowns,176,2026-09-29T20:11:43Z
2021,Louisville,ACC,thirdDownsOpponent,178,2026-09-29T20:11:43Z
2021,Louisville,ACC,totalYards,5802,2026-09-29T20:11:43Z
2021,Louisville,ACC,totalYardsOpponent,5243,2026-09-29T20:11:43Z
2021,Louisville,ACC,turnovers,13,2026-09-29T20:11:43Z
2021,Louisville,ACC,turnoversOpponent,15,2026-09-29T20:11:43Z
2021,LSU,SEC,firstDowns,252,2026-09-29T20:11:43Z
2021,LSU,SEC,firstDownsOpponent,259,2026-09-29T20:11:43Z
2021,LSU,SEC,fourthDownConversions,20,2026-09-29T20:11:43Z
2021,LSU,SEC,fourthDownConversionsOpponent,14,2026-09-29T20:11:43Z
2021,LSU,SEC,fourthDowns,32,2026-09-29T20:11:43Z
2021,LSU,SEC,fourthDownsOpponent,21,2026-09-29T20:11:43Z
2021,LSU,SEC,fumblesLost,5,2026-09-29T20:11:43Z
2021,LSU,SEC,fumblesLostOpponent,5,2026-09-29T20:11:43Z
2021,LSU,SEC,fumblesRecovered,6,2026-09-29T20:11:43Z
2021,LSU,SEC,fumblesRecoveredOpponent,6,2026-09-29T20:11:43Z
2021,LSU,SEC,games,13,2026-09-29T20:11:43Z
2021,LSU,SEC,interceptions,11,2026-09-29T20:11:43Z
2021,LSU,SEC,interceptionsOpponent,8,2026-09-29T20:11:43Z
2021,LSU,SEC,interceptionTDs,1,2026-09-29T20:11:43Z
2021,LSU,SEC,interceptionTDsOpponent,0,2026-09-29T20:11:43Z
2021,LSU,SEC,interceptionYards,142,2026-09-29T20:11:43Z
2021,LSU,SEC,interceptionYardsOpponent,98,2026-09-29T20:11:43Z
2021,LSU,SEC,kickReturns,13,2026-09-29T20:11:43Z
2021,LSU,SEC,kickReturnsOpponent,11,2026-09-29T20:11:43Z
2021,LSU,SEC,kickReturnTDs,0,2026-09-29T20:11:43Z
2021,LSU,SEC,kickReturnTDsOpponent,0,2026-09-29T20:11:43Z
2021,LSU,SEC,kickReturnYards,216,2026-09-29T20:11:43Z
2021,LSU,SEC,kickReturnYardsOpponent,232,2026-09-29T20:11:43Z
2021,LSU,SEC,netPassingYards,3308,2026-09-29T20:11:43Z
2021,LSU,SEC,netPassingYardsOpponent,3078,2026-09-29T20:11:43Z
2021,LSU,SEC,passAttempts,443,2026-09-29T20:11:43Z
2021,LSU,SEC,passAttemptsOpponent,422,2026-09-29T20:11:43Z
2021,LSU,SEC,passCompletions,262,2026-09-29T20:11:43Z
2021,LSU,SEC,passCompletionsOpponent,271,2026-09-29T20:11:43Z
2021,LSU,SEC,passesIntercepted,8,2026-09-29T20:11:43Z
2021,LSU,SEC,passesInterceptedOpponent,11,2026-09-29T20:11:43Z
2021,LSU,SEC,passingTDs,32,2026-09-29T20:11:43Z
2021,LSU,SEC,passingTDsOpponent,29,2026-09-29T20:11:43Z
2021,LSU,SEC,penalties,56,2026-09-29T20:11:43Z
2021,LSU,SEC,penaltiesOpponent,72,2026-09-29T20:11:43Z
2021,LSU,SEC,penaltyYards,446,2026-09-29T20:11:43Z
2021,LSU,SEC,penaltyYardsOpponent,584,2026-09-29T20:11:43Z
2021,LSU,SEC,possessionTime,23099,2026-09-29T20:11:43Z
2021,LSU,SEC,possessionTimeOpponent,23701,2026-09-29T20:11:43Z
2021,LSU,SEC,puntReturns,22,2026-09-29T20:11:43Z
2021,LSU,SEC,puntReturnsOpponent,17,2026-09-29T20:11:43Z
2021,LSU,SEC,puntReturnTDs,0,2026-09-29T20:11:43Z
2021,LSU,SEC,puntReturnTDsOpponent,0,2026-09-29T20:11:43Z
2021,LSU,SEC,puntReturnYards,117,2026-09-29T20:11:43Z
2021,LSU,SEC,puntReturnYardsOpponent,157,2026-09-29T20:11:43Z
2021,LSU,SEC,rushingAttempts,445,2026-09-29T20:11:43Z
2021,LSU,SEC,rushingAttemptsOpponent,469,2026-09-29T20:11:43Z
2021,LSU,SEC,rushingTDs,9,2026-09-29T20:11:43Z
2021,LSU,SEC,rushingTDsOpponent,16,2026-09-29T20:11:43Z
2021,LSU,SEC,rushingYards,1482,2026-09-29T20:11:43Z
2021,LSU,SEC,rushingYardsOpponent,1830,2026-09-29T20:11:43Z
2021,LSU,SEC,sacks,38,2026-09-29T20:11:43Z
2021,LSU,SEC,sacksOpponent,38,2026-09-29T20:11:43Z
2021,LSU,SEC,tacklesForLoss,98,2026-09-29T20:11:43Z
2021,LSU,SEC,tacklesForLossOpponent,69,2026-09-29T20:11:43Z
2021,LSU,SEC,thirdDownConversions,71,2026-09-29T20:11:43Z
2021,LSU,SEC,thirdDownConversionsOpponent,74,2026-09-29T20:11:43Z
2021,LSU,SEC,thirdDowns,192,2026-09-29T20:11:43Z
2021,LSU,SEC,thirdDownsOpponent,185,2026-09-29T20:11:43Z
2021,LSU,SEC,totalYards,4790,2026-09-29T20:11:43Z
2021,LSU,SEC,totalYardsOpponent,4908,2026-09-29T20:11:43Z
2021,LSU,SEC,turnovers,16,2026-09-29T20:11:43Z
2021,LSU,SEC,turnoversOpponent,13,2026-09-29T20:11:43Z
2021,Marshall,Conference USA,firstDowns,304,2026-09-29T20:11:43Z
2021,Marshall,Conference USA,firstDownsOpponent,276,2026-09-29T20:11:43Z
2021,Marshall,Conference USA,fourthDownConversions,10,2026-09-29T20:11:43Z
2021,Marshall,Conference USA,fourthDownConversionsOpponent,16,2026-09-29T20:11:43Z
2021,Marshall,Conference USA,fourthDowns,16,2026-09-29T20:11:43Z
2021,Marshall,Conference USA,fourthDownsOpponent,33,2026-09-29T20:11:43Z
2021,Marshall,Conference USA,fumblesLost,10,2026-09-29T20:11:43Z
2021,Marshall,Conference USA,fumblesLostOpponent,8,2026-09-29T20:11:43Z
2021,Marshall,Conference USA,fumblesRecovered,10,2026-09-29T20:11:43Z
2021,Marshall,Conference USA,fumblesRecoveredOpponent,10,2026-09-29T20:11:43Z
2021,Marshall,Conference USA,games,13,2026-09-29T20:11:43Z
2021,Marshall,Conference USA,interceptions,15,2026-09-29T20:11:43Z
2021,Marshall,Conference USA,interceptionsOpponent,10,2026-09-29T20:11:43Z
2021,Marshall,Conference USA,interceptionTDs,0,2026-09-29T20:11:43Z
2021,Marshall,Conference USA,interceptionTDsOpponent,1,2026-09-29T20:11:43Z
2021,Marshall,Conference USA,interceptionYards,163,2026-09-29T20:11:43Z
2021,Marshall,Conference USA,interceptionYardsOpponent,309,2026-09-29T20:11:43Z
2021,Marshall,Conference USA,kickReturns,37,2026-09-29T20:11:43Z
2021,Marshall,Conference USA,kickReturnsOpponent,39,2026-09-29T20:11:43Z
2021,Marshall,Conference USA,kickReturnTDs,2,2026-09-29T20:11:43Z
2021,Marshall,Conference USA,kickReturnTDsOpponent,2,2026-09-29T20:11:43Z
2021,Marshall,Conference USA,kickReturnYards,731,2026-09-29T20:11:43Z
2021,Marshall,Conference USA,kickReturnYardsOpponent,751,2026-09-29T20:11:43Z
2021,Marshall,Conference USA,netPassingYards,3827,2026-09-29T20:11:43Z
2021,Marshall,Conference USA,netPassingYardsOpponent,2669,2026-09-29T20:11:43Z
2021,Marshall,Conference USA,passAttempts,491,2026-09-29T20:11:43Z
2021,Marshall,Conference USA,passAttemptsOpponent,419,2026-09-29T20:11:43Z
2021,Marshall,Conference USA,passCompletions,324,2026-09-29T20:11:43Z
2021,Marshall,Conference USA,passCompletionsOpponent,229,2026-09-29T20:11:43Z
2021,Marshall,Conference USA,passesIntercepted,10,2026-09-29T20:11:43Z
2021,Marshall,Conference USA,passesInterceptedOpponent,15,2026-09-29T20:11:43Z
2021,Marshall,Conference USA,passingTDs,18,2026-09-29T20:11:43Z
2021,Marshall,Conference USA,passingTDsOpponent,18,2026-09-29T20:11:43Z
2021,Marshall,Conference USA,penalties,87,2026-09-29T20:11:43Z
2021,Marshall,Conference USA,penaltiesOpponent,85,2026-09-29T20:11:43Z
2021,Marshall,Conference USA,penaltyYards,750,2026-09-29T20:11:43Z
2021,Marshall,Conference USA,penaltyYardsOpponent,764,2026-09-29T20:11:43Z
2021,Marshall,Conference USA,possessionTime,21318,2026-09-29T20:11:43Z
2021,Marshall,Conference USA,possessionTimeOpponent,25482,2026-09-29T20:11:43Z
2021,Marshall,Conference USA,puntReturns,23,2026-09-29T20:11:43Z
2021,Marshall,Conference USA,puntReturnsOpponent,18,2026-09-29T20:11:43Z
2021,Marshall,Conference USA,puntReturnTDs,0,2026-09-29T20:11:43Z
2021,Marshall,Conference USA,puntReturnTDsOpponent,0,2026-09-29T20:11:43Z
2021,Marshall,Conference USA,puntReturnYards,157,2026-09-29T20:11:43Z
2021,Marshall,Conference USA,puntReturnYardsOpponent,83,2026-09-29T20:11:43Z
2021,Marshall,Conference USA,rushingAttempts,449,2026-09-29T20:11:43Z
2021,Marshall,Conference USA,rushingAttemptsOpponent,585,2026-09-29T20:11:43Z
2021,Marshall,Conference USA,rushingTDs,38,2026-09-29T20:11:43Z
2021,Marshall,Conference USA,rushingTDsOpponent,18,2026-09-29T20:11:43Z
2021,Marshall,Conference USA,rushingYards,2109,2026-09-29T20:11:43Z
2021,Marshall,Conference USA,rushingYardsOpponent,2483,2026-09-29T20:11:43Z
2021,Marshall,Conference USA,sacks,40,2026-09-29T20:11:43Z
2021,Marshall,Conference USA,sacksOpponent,19,2026-09-29T20:11:43Z
2021,Marshall,Conference USA,tacklesForLoss,96,2026-09-29T20:11:43Z
2021,Marshall,Conference USA,tacklesForLossOpponent,54,2026-09-29T20:11:43Z
2021,Marshall,Conference USA,thirdDownConversions,71,2026-09-29T20:11:43Z
2021,Marshall,Conference USA,thirdDownConversionsOpponent,80,2026-09-29T20:11:43Z
2021,Marshall,Conference USA,thirdDowns,169,2026-09-29T20:11:43Z
2021,Marshall,Conference USA,thirdDownsOpponent,213,2026-09-29T20:11:43Z
2021,Marshall,Conference USA,totalYards,5936,2026-09-29T20:11:43Z
2021,Marshall,Conference USA,totalYardsOpponent,5152,2026-09-29T20:11:43Z
2021,Marshall,Conference USA,turnovers,25,2026-09-29T20:11:43Z
2021,Marshall,Conference USA,turnoversOpponent,18,2026-09-29T20:11:43Z
2021,Maryland,Big Ten,firstDowns,303,2026-09-29T20:11:43Z
2021,Maryland,Big Ten,firstDownsOpponent,272,2026-09-29T20:11:43Z
2021,Maryland,Big Ten,fourthDownConversions,11,2026-09-29T20:11:43Z
2021,Maryland,Big Ten,fourthDownConversionsOpponent,11,2026-09-29T20:11:43Z
2021,Maryland,Big Ten,fourthDowns,22,2026-09-29T20:11:43Z
2021,Maryland,Big Ten,fourthDownsOpponent,25,2026-09-29T20:11:43Z
2021,Maryland,Big Ten,fumblesLost,6,2026-09-29T20:11:43Z
2021,Maryland,Big Ten,fumblesLostOpponent,5,2026-09-29T20:11:43Z
2021,Maryland,Big Ten,fumblesRecovered,5,2026-09-29T20:11:43Z
2021,Maryland,Big Ten,fumblesRecoveredOpponent,17,2026-09-29T20:11:43Z
2021,Maryland,Big Ten,games,13,2026-09-29T20:11:43Z
2021,Maryland,Big Ten,interceptions,12,2026-09-29T20:11:43Z
2021,Maryland,Big Ten,interceptionsOpponent,6,2026-09-29T20:11:43Z
2021,Maryland,Big Ten,interceptionTDs,0,2026-09-29T20:11:43Z
2021,Maryland,Big Ten,interceptionTDsOpponent,3,2026-09-29T20:11:43Z
2021,Maryland,Big Ten,interceptionYards,54,2026-09-29T20:11:43Z
2021,Maryland,Big Ten,interceptionYardsOpponent,317,2026-09-29T20:11:43Z
2021,Maryland,Big Ten,kickReturns,28,2026-09-29T20:11:43Z
2021,Maryland,Big Ten,kickReturnsOpponent,47,2026-09-29T20:11:43Z
2021,Maryland,Big Ten,kickReturnTDs,0,2026-09-29T20:11:43Z
2021,Maryland,Big Ten,kickReturnTDsOpponent,1,2026-09-29T20:11:43Z
2021,Maryland,Big Ten,kickReturnYards,460,2026-09-29T20:11:43Z
2021,Maryland,Big Ten,kickReturnYardsOpponent,1197,2026-09-29T20:11:43Z
2021,Maryland,Big Ten,netPassingYards,3960,2026-09-29T20:11:43Z
2021,Maryland,Big Ten,netPassingYardsOpponent,3234,2026-09-29T20:11:43Z
2021,Maryland,Big Ten,passAttempts,489,2026-09-29T20:11:43Z
2021,Maryland,Big Ten,passAttemptsOpponent,410,2026-09-29T20:11:43Z
2021,Maryland,Big Ten,passCompletions,339,2026-09-29T20:11:43Z
2021,Maryland,Big Ten,passCompletionsOpponent,241,2026-09-29T20:11:43Z
2021,Maryland,Big Ten,passesIntercepted,6,2026-09-29T20:11:43Z
2021,Maryland,Big Ten,passesInterceptedOpponent,12,2026-09-29T20:11:43Z
2021,Maryland,Big Ten,passingTDs,27,2026-09-29T20:11:43Z
2021,Maryland,Big Ten,passingTDsOpponent,22,2026-09-29T20:11:43Z
2021,Maryland,Big Ten,penalties,87,2026-09-29T20:11:43Z
2021,Maryland,Big Ten,penaltiesOpponent,73,2026-09-29T20:11:43Z
2021,Maryland,Big Ten,penaltyYards,739,2026-09-29T20:11:43Z
2021,Maryland,Big Ten,penaltyYardsOpponent,613,2026-09-29T20:11:43Z
2021,Maryland,Big Ten,possessionTime,22933,2026-09-29T20:11:43Z
2021,Maryland,Big Ten,possessionTimeOpponent,23867,2026-09-29T20:11:43Z
2021,Maryland,Big Ten,puntReturns,24,2026-09-29T20:11:43Z
2021,Maryland,Big Ten,puntReturnsOpponent,22,2026-09-29T20:11:43Z
2021,Maryland,Big Ten,puntReturnTDs,1,2026-09-29T20:11:43Z
2021,Maryland,Big Ten,puntReturnTDsOpponent,0,2026-09-29T20:11:43Z
2021,Maryland,Big Ten,puntReturnYards,183,2026-09-29T20:11:43Z
2021,Maryland,Big Ten,puntReturnYardsOpponent,140,2026-09-29T20:11:43Z
2021,Maryland,Big Ten,rushingAttempts,439,2026-09-29T20:11:43Z
2021,Maryland,Big Ten,rushingAttemptsOpponent,500,2026-09-29T20:11:43Z
2021,Maryland,Big Ten,rushingTDs,20,2026-09-29T20:11:43Z
2021,Maryland,Big Ten,rushingTDsOpponent,24,2026-09-29T20:11:43Z
2021,Maryland,Big Ten,rushingYards,1770,2026-09-29T20:11:43Z
2021,Maryland,Big Ten,rushingYardsOpponent,2012,2026-09-29T20:11:43Z
2021,Maryland,Big Ten,sacks,31,2026-09-29T20:11:43Z
2021,Maryland,Big Ten,sacksOpponent,25,2026-09-29T20:11:43Z
2021,Maryland,Big Ten,tacklesForLoss,64,2026-09-29T20:11:43Z
2021,Maryland,Big Ten,tacklesForLossOpponent,77,2026-09-29T20:11:43Z
2021,Maryland,Big Ten,thirdDownConversions,65,2026-09-29T20:11:43Z
2021,Maryland,Big Ten,thirdDownConversionsOpponent,74,2026-09-29T20:11:43Z
2021,Maryland,Big Ten,thirdDowns,170,2026-09-29T20:11:43Z
2021,Maryland,Big Ten,thirdDownsOpponent,183,2026-09-29T20:11:43Z
2021,Maryland,Big Ten,totalYards,5730,2026-09-29T20:11:43Z
2021,Maryland,Big Ten,totalYardsOpponent,5246,2026-09-29T20:11:43Z
2021,Maryland,Big Ten,turnovers,18,2026-09-29T20:11:43Z
2021,Maryland,Big Ten,turnoversOpponent,11,2026-09-29T20:11:43Z
2021,Massachusetts,FBS Independents,firstDowns,196,2026-09-29T20:11:43Z
2021,Massachusetts,FBS Independents,firstDownsOpponent,286,2026-09-29T20:11:43Z
2021,Massachusetts,FBS Independents,fourthDownConversions,11,2026-09-29T20:11:43Z
2021,Massachusetts,FBS Independents,fourthDownConversionsOpponent,11,2026-09-29T20:11:43Z
2021,Massachusetts,FBS Independents,fourthDowns,25,2026-09-29T20:11:43Z
2021,Massachusetts,FBS Independents,fourthDownsOpponent,19,2026-09-29T20:11:43Z
2021,Massachusetts,FBS Independents,fumblesLost,9,2026-09-29T20:11:43Z
2021,Massachusetts,FBS Independents,fumblesLostOpponent,9,2026-09-29T20:11:43Z
2021,Massachusetts,FBS Independents,fumblesRecovered,8,2026-09-29T20:11:43Z
2021,Massachusetts,FBS Independents,fumblesRecoveredOpponent,9,2026-09-29T20:11:43Z
2021,Massachusetts,FBS Independents,games,12,2026-09-29T20:11:43Z
2021,Massachusetts,FBS Independents,interceptions,11,2026-09-29T20:11:43Z
2021,Massachusetts,FBS Independents,interceptionsOpponent,2,2026-09-29T20:11:43Z
2021,Massachusetts,FBS Independents,interceptionTDs,0,2026-09-29T20:11:43Z
2021,Massachusetts,FBS Independents,interceptionTDsOpponent,1,2026-09-29T20:11:43Z
2021,Massachusetts,FBS Independents,interceptionYards,12,2026-09-29T20:11:43Z
2021,Massachusetts,FBS Independents,interceptionYardsOpponent,188,2026-09-29T20:11:43Z
2021,Massachusetts,FBS Independents,kickReturns,38,2026-09-29T20:11:43Z
2021,Massachusetts,FBS Independents,kickReturnsOpponent,24,2026-09-29T20:11:43Z
2021,Massachusetts,FBS Independents,kickReturnTDs,0,2026-09-29T20:11:43Z
2021,Massachusetts,FBS Independents,kickReturnTDsOpponent,1,2026-09-29T20:11:43Z
2021,Massachusetts,FBS Independents,kickReturnYards,471,2026-09-29T20:11:43Z
2021,Massachusetts,FBS Independents,kickReturnYardsOpponent,443,2026-09-29T20:11:43Z
2021,Massachusetts,FBS Independents,netPassingYards,1832,2026-09-29T20:11:43Z
2021,Massachusetts,FBS Independents,netPassingYardsOpponent,2995,2026-09-29T20:11:43Z
2021,Massachusetts,FBS Independents,passAttempts,331,2026-09-29T20:11:43Z
2021,Massachusetts,FBS Independents,passAttemptsOpponent,307,2026-09-29T20:11:43Z
2021,Massachusetts,FBS Independents,passCompletions,163,2026-09-29T20:11:43Z
2021,Massachusetts,FBS Independents,passCompletionsOpponent,198,2026-09-29T20:11:43Z
2021,Massachusetts,FBS Independents,passesIntercepted,2,2026-09-29T20:11:43Z
2021,Massachusetts,FBS Independents,passesInterceptedOpponent,11,2026-09-29T20:11:43Z
2021,Massachusetts,FBS Independents,passingTDs,11,2026-09-29T20:11:43Z
2021,Massachusetts,FBS Independents,passingTDsOpponent,24,2026-09-29T20:11:43Z
2021,Massachusetts,FBS Independents,penalties,75,2026-09-29T20:11:43Z
2021,Massachusetts,FBS Independents,penaltiesOpponent,76,2026-09-29T20:11:43Z
2021,Massachusetts,FBS Independents,penaltyYards,714,2026-09-29T20:11:43Z
2021,Massachusetts,FBS Independents,penaltyYardsOpponent,700,2026-09-29T20:11:43Z
2021,Massachusetts,FBS Independents,possessionTime,21426,2026-09-29T20:11:43Z
2021,Massachusetts,FBS Independents,possessionTimeOpponent,21774,2026-09-29T20:11:43Z
2021,Massachusetts,FBS Independents,puntReturns,9,2026-09-29T20:11:43Z
2021,Massachusetts,FBS Independents,puntReturnsOpponent,29,2026-09-29T20:11:43Z
2021,Massachusetts,FBS Independents,puntReturnTDs,0,2026-09-29T20:11:43Z
2021,Massachusetts,FBS Independents,puntReturnTDsOpponent,0,2026-09-29T20:11:43Z
2021,Massachusetts,FBS Independents,puntReturnYards,66,2026-09-29T20:11:43Z
2021,Massachusetts,FBS Independents,puntReturnYardsOpponent,186,2026-09-29T20:11:43Z
2021,Massachusetts,FBS Independents,rushingAttempts,416,2026-09-29T20:11:43Z
2021,Massachusetts,FBS Independents,rushingAttemptsOpponent,485,2026-09-29T20:11:43Z
2021,Massachusetts,FBS Independents,rushingTDs,14,2026-09-29T20:11:43Z
2021,Massachusetts,FBS Independents,rushingTDsOpponent,43,2026-09-29T20:11:43Z
2021,Massachusetts,FBS Independents,rushingYards,1764,2026-09-29T20:11:43Z
2021,Massachusetts,FBS Independents,rushingYardsOpponent,2824,2026-09-29T20:11:43Z
2021,Massachusetts,FBS Independents,sacks,11,2026-09-29T20:11:43Z
2021,Massachusetts,FBS Independents,sacksOpponent,26,2026-09-29T20:11:43Z
2021,Massachusetts,FBS Independents,tacklesForLoss,46,2026-09-29T20:11:43Z
2021,Massachusetts,FBS Independents,tacklesForLossOpponent,81,2026-09-29T20:11:43Z
2021,Massachusetts,FBS Independents,thirdDownConversions,53,2026-09-29T20:11:43Z
2021,Massachusetts,FBS Independents,thirdDownConversionsOpponent,72,2026-09-29T20:11:43Z
2021,Massachusetts,FBS Independents,thirdDowns,159,2026-09-29T20:11:43Z
2021,Massachusetts,FBS Independents,thirdDownsOpponent,140,2026-09-29T20:11:43Z
2021,Massachusetts,FBS Independents,totalYards,3596,2026-09-29T20:11:43Z
2021,Massachusetts,FBS Independents,totalYardsOpponent,5819,2026-09-29T20:11:43Z
2021,Massachusetts,FBS Independents,turnovers,20,2026-09-29T20:11:43Z
2021,Massachusetts,FBS Independents,turnoversOpponent,11,2026-09-29T20:11:43Z
2021,Memphis,American Athletic,firstDowns,270,2026-09-29T20:11:43Z
2021,Memphis,American Athletic,firstDownsOpponent,277,2026-09-29T20:11:43Z
2021,Memphis,American Athletic,fourthDownConversions,22,2026-09-29T20:11:43Z
2021,Memphis,American Athletic,fourthDownConversionsOpponent,17,2026-09-29T20:11:43Z
2021,Memphis,American Athletic,fourthDowns,38,2026-09-29T20:11:43Z
2021,Memphis,American Athletic,fourthDownsOpponent,26,2026-09-29T20:11:43Z
2021,Memphis,American Athletic,fumblesLost,8,2026-09-29T20:11:43Z
2021,Memphis,American Athletic,fumblesLostOpponent,5,2026-09-29T20:11:43Z
2021,Memphis,American Athletic,fumblesRecovered,11,2026-09-29T20:11:43Z
2021,Memphis,American Athletic,fumblesRecoveredOpponent,11,2026-09-29T20:11:43Z
2021,Memphis,American Athletic,games,12,2026-09-29T20:11:43Z
2021,Memphis,American Athletic,interceptions,11,2026-09-29T20:11:43Z
2021,Memphis,American Athletic,interceptionsOpponent,9,2026-09-29T20:11:43Z
2021,Memphis,American Athletic,interceptionTDs,0,2026-09-29T20:11:43Z
2021,Memphis,American Athletic,interceptionTDsOpponent,0,2026-09-29T20:11:43Z
2021,Memphis,American Athletic,interceptionYards,41,2026-09-29T20:11:43Z
2021,Memphis,American Athletic,interceptionYardsOpponent,148,2026-09-29T20:11:43Z
2021,Memphis,American Athletic,kickReturns,33,2026-09-29T20:11:43Z
2021,Memphis,American Athletic,kickReturnsOpponent,28,2026-09-29T20:11:43Z
2021,Memphis,American Athletic,kickReturnTDs,0,2026-09-29T20:11:43Z
2021,Memphis,American Athletic,kickReturnTDsOpponent,0,2026-09-29T20:11:43Z
2021,Memphis,American Athletic,kickReturnYards,678,2026-09-29T20:11:43Z
2021,Memphis,American Athletic,kickReturnYardsOpponent,489,2026-09-29T20:11:43Z
2021,Memphis,American Athletic,netPassingYards,3585,2026-09-29T20:11:43Z
2021,Memphis,American Athletic,netPassingYardsOpponent,3007,2026-09-29T20:11:43Z
2021,Memphis,American Athletic,passAttempts,445,2026-09-29T20:11:43Z
2021,Memphis,American Athletic,passAttemptsOpponent,437,2026-09-29T20:11:43Z
2021,Memphis,American Athletic,passCompletions,268,2026-09-29T20:11:43Z
2021,Memphis,American Athletic,passCompletionsOpponent,277,2026-09-29T20:11:43Z
2021,Memphis,American Athletic,passesIntercepted,9,2026-09-29T20:11:43Z
2021,Memphis,American Athletic,passesInterceptedOpponent,11,2026-09-29T20:11:43Z
2021,Memphis,American Athletic,passingTDs,26,2026-09-29T20:11:43Z
2021,Memphis,American Athletic,passingTDsOpponent,22,2026-09-29T20:11:43Z
2021,Memphis,American Athletic,penalties,58,2026-09-29T20:11:43Z
2021,Memphis,American Athletic,penaltiesOpponent,82,2026-09-29T20:11:43Z
2021,Memphis,American Athletic,penaltyYards,475,2026-09-29T20:11:43Z
2021,Memphis,American Athletic,penaltyYardsOpponent,764,2026-09-29T20:11:43Z
2021,Memphis,American Athletic,possessionTime,19227,2026-09-29T20:11:43Z
2021,Memphis,American Athletic,possessionTimeOpponent,23973,2026-09-29T20:11:43Z
2021,Memphis,American Athletic,puntReturns,10,2026-09-29T20:11:43Z
2021,Memphis,American Athletic,puntReturnsOpponent,13,2026-09-29T20:11:43Z
2021,Memphis,American Athletic,puntReturnTDs,1,2026-09-29T20:11:43Z
2021,Memphis,American Athletic,puntReturnTDsOpponent,0,2026-09-29T20:11:43Z
2021,Memphis,American Athletic,puntReturnYards,131,2026-09-29T20:11:43Z
2021,Memphis,American Athletic,puntReturnYardsOpponent,79,2026-09-29T20:11:43Z
2021,Memphis,American Athletic,rushingAttempts,416,2026-09-29T20:11:43Z
2021,Memphis,American Athletic,rushingAttemptsOpponent,489,2026-09-29T20:11:43Z
2021,Memphis,American Athletic,rushingTDs,18,2026-09-29T20:11:43Z
2021,Memphis,American Athletic,rushingTDsOpponent,22,2026-09-29T20:11:43Z
2021,Memphis,American Athletic,rushingYards,1645,2026-09-29T20:11:43Z
2021,Memphis,American Athletic,rushingYardsOpponent,2009,2026-09-29T20:11:43Z
2021,Memphis,American Athletic,sacks,27,2026-09-29T20:11:43Z
2021,Memphis,American Athletic,sacksOpponent,29,2026-09-29T20:11:43Z
2021,Memphis,American Athletic,tacklesForLoss,68,2026-09-29T20:11:43Z
2021,Memphis,American Athletic,tacklesForLossOpponent,67,2026-09-29T20:11:43Z
2021,Memphis,American Athletic,thirdDownConversions,71,2026-09-29T20:11:43Z
2021,Memphis,American Athletic,thirdDownConversionsOpponent,97,2026-09-29T20:11:43Z
2021,Memphis,American Athletic,thirdDowns,175,2026-09-29T20:11:43Z
2021,Memphis,American Athletic,thirdDownsOpponent,202,2026-09-29T20:11:43Z
2021,Memphis,American Athletic,totalYards,5230,2026-09-29T20:11:43Z
2021,Memphis,American Athletic,totalYardsOpponent,5016,2026-09-29T20:11:43Z
2021,Memphis,American Athletic,turnovers,19,2026-09-29T20:11:43Z
2021,Memphis,American Athletic,turnoversOpponent,14,2026-09-29T20:11:43Z
2021,Miami,ACC,firstDowns,292,2026-09-29T20:11:43Z
2021,Miami,ACC,firstDownsOpponent,247,2026-09-29T20:11:43Z
2021,Miami,ACC,fourthDownConversions,15,2026-09-29T20:11:43Z
2021,Miami,ACC,fourthDownConversionsOpponent,10,2026-09-29T20:11:43Z
2021,Miami,ACC,fourthDowns,21,2026-09-29T20:11:43Z
2021,Miami,ACC,fourthDownsOpponent,21,2026-09-29T20:11:43Z
2021,Miami,ACC,fumblesLost,7,2026-09-29T20:11:43Z
2021,Miami,ACC,fumblesLostOpponent,3,2026-09-29T20:11:43Z
2021,Miami,ACC,fumblesRecovered,3,2026-09-29T20:11:43Z
2021,Miami,ACC,fumblesRecoveredOpponent,6,2026-09-29T20:11:43Z
2021,Miami,ACC,games,12,2026-09-29T20:11:43Z
2021,Miami,ACC,interceptions,10,2026-09-29T20:11:43Z
2021,Miami,ACC,interceptionsOpponent,8,2026-09-29T20:11:43Z
2021,Miami,ACC,interceptionTDs,1,2026-09-29T20:11:43Z
2021,Miami,ACC,interceptionTDsOpponent,0,2026-09-29T20:11:43Z
2021,Miami,ACC,interceptionYards,113,2026-09-29T20:11:43Z
2021,Miami,ACC,interceptionYardsOpponent,37,2026-09-29T20:11:43Z
2021,Miami,ACC,kickReturns,19,2026-09-29T20:11:43Z
2021,Miami,ACC,kickReturnsOpponent,27,2026-09-29T20:11:43Z
2021,Miami,ACC,kickReturnTDs,0,2026-09-29T20:11:43Z
2021,Miami,ACC,kickReturnTDsOpponent,2,2026-09-29T20:11:43Z
2021,Miami,ACC,kickReturnYards,306,2026-09-29T20:11:43Z
2021,Miami,ACC,kickReturnYardsOpponent,673,2026-09-29T20:11:43Z
2021,Miami,ACC,netPassingYards,3854,2026-09-29T20:11:43Z
2021,Miami,ACC,netPassingYardsOpponent,3007,2026-09-29T20:11:43Z
2021,Miami,ACC,passAttempts,464,2026-09-29T20:11:43Z
2021,Miami,ACC,passAttemptsOpponent,436,2026-09-29T20:11:43Z
2021,Miami,ACC,passCompletions,295,2026-09-29T20:11:43Z
2021,Miami,ACC,passCompletionsOpponent,270,2026-09-29T20:11:43Z
2021,Miami,ACC,passesIntercepted,8,2026-09-29T20:11:43Z
2021,Miami,ACC,passesInterceptedOpponent,10,2026-09-29T20:11:43Z
2021,Miami,ACC,passingTDs,30,2026-09-29T20:11:43Z
2021,Miami,ACC,passingTDsOpponent,21,2026-09-29T20:11:43Z
2021,Miami,ACC,penalties,87,2026-09-29T20:11:43Z
2021,Miami,ACC,penaltiesOpponent,93,2026-09-29T20:11:43Z
2021,Miami,ACC,penaltyYards,763,2026-09-29T20:11:43Z
2021,Miami,ACC,penaltyYardsOpponent,868,2026-09-29T20:11:43Z
2021,Miami,ACC,possessionTime,19738,2026-09-29T20:11:43Z
2021,Miami,ACC,possessionTimeOpponent,23462,2026-09-29T20:11:43Z
2021,Miami,ACC,puntReturns,21,2026-09-29T20:11:43Z
2021,Miami,ACC,puntReturnsOpponent,15,2026-09-29T20:11:43Z
2021,Miami,ACC,puntReturnTDs,0,2026-09-29T20:11:43Z
2021,Miami,ACC,puntReturnTDsOpponent,0,2026-09-29T20:11:43Z
2021,Miami,ACC,puntReturnYards,199,2026-09-29T20:11:43Z
2021,Miami,ACC,puntReturnYardsOpponent,60,2026-09-29T20:11:43Z
2021,Miami,ACC,rushingAttempts,415,2026-09-29T20:11:43Z
2021,Miami,ACC,rushingAttemptsOpponent,429,2026-09-29T20:11:43Z
2021,Miami,ACC,rushingTDs,20,2026-09-29T20:11:43Z
2021,Miami,ACC,rushingTDsOpponent,16,2026-09-29T20:11:43Z
2021,Miami,ACC,rushingYards,1532,2026-09-29T20:11:43Z
2021,Miami,ACC,rushingYardsOpponent,1668,2026-09-29T20:11:43Z
2021,Miami,ACC,sacks,33,2026-09-29T20:11:43Z
2021,Miami,ACC,sacksOpponent,30,2026-09-29T20:11:43Z
2021,Miami,ACC,tacklesForLoss,93,2026-09-29T20:11:43Z
2021,Miami,ACC,tacklesForLossOpponent,82,2026-09-29T20:11:43Z
2021,Miami,ACC,thirdDownConversions,73,2026-09-29T20:11:43Z
2021,Miami,ACC,thirdDownConversionsOpponent,77,2026-09-29T20:11:43Z
2021,Miami,ACC,thirdDowns,174,2026-09-29T20:11:43Z
2021,Miami,ACC,thirdDownsOpponent,194,2026-09-29T20:11:43Z
2021,Miami,ACC,totalYards,5386,2026-09-29T20:11:43Z
2021,Miami,ACC,totalYardsOpponent,4675,2026-09-29T20:11:43Z
2021,Miami,ACC,turnovers,17,2026-09-29T20:11:43Z
2021,Miami,ACC,turnoversOpponent,11,2026-09-29T20:11:43Z
2021,Miami (OH),Mid-American,firstDowns,279,2026-09-29T20:11:43Z
2021,Miami (OH),Mid-American,firstDownsOpponent,259,2026-09-29T20:11:43Z
2021,Miami (OH),Mid-American,fourthDownConversions,9,2026-09-29T20:11:43Z
2021,Miami (OH),Mid-American,fourthDownConversionsOpponent,11,2026-09-29T20:11:43Z
2021,Miami (OH),Mid-American,fourthDowns,21,2026-09-29T20:11:43Z
2021,Miami (OH),Mid-American,fourthDownsOpponent,21,2026-09-29T20:11:43Z
2021,Miami (OH),Mid-American,fumblesLost,4,2026-09-29T20:11:43Z
2021,Miami (OH),Mid-American,fumblesLostOpponent,8,2026-09-29T20:11:43Z
2021,Miami (OH),Mid-American,fumblesRecovered,8,2026-09-29T20:11:43Z
2021,Miami (OH),Mid-American,fumblesRecoveredOpponent,5,2026-09-29T20:11:43Z
2021,Miami (OH),Mid-American,games,13,2026-09-29T20:11:43Z
2021,Miami (OH),Mid-American,interceptions,8,2026-09-29T20:11:43Z
2021,Miami (OH),Mid-American,interceptionsOpponent,9,2026-09-29T20:11:43Z
2021,Miami (OH),Mid-American,interceptionTDs,1,2026-09-29T20:11:43Z
2021,Miami (OH),Mid-American,interceptionTDsOpponent,0,2026-09-29T20:11:43Z
2021,Miami (OH),Mid-American,interceptionYards,87,2026-09-29T20:11:43Z
2021,Miami (OH),Mid-American,interceptionYardsOpponent,30,2026-09-29T20:11:43Z
2021,Miami (OH),Mid-American,kickReturns,27,2026-09-29T20:11:43Z
2021,Miami (OH),Mid-American,kickReturnsOpponent,39,2026-09-29T20:11:43Z
2021,Miami (OH),Mid-American,kickReturnTDs,0,2026-09-29T20:11:43Z
2021,Miami (OH),Mid-American,kickReturnTDsOpponent,0,2026-09-29T20:11:43Z
2021,Miami (OH),Mid-American,kickReturnYards,395,2026-09-29T20:11:43Z
2021,Miami (OH),Mid-American,kickReturnYardsOpponent,690,2026-09-29T20:11:43Z
2021,Miami (OH),Mid-American,netPassingYards,3621,2026-09-29T20:11:43Z
2021,Miami (OH),Mid-American,netPassingYardsOpponent,2893,2026-09-29T20:11:43Z
2021,Miami (OH),Mid-American,passAttempts,427,2026-09-29T20:11:43Z
2021,Miami (OH),Mid-American,passAttemptsOpponent,383,2026-09-29T20:11:43Z
2021,Miami (OH),Mid-American,passCompletions,247,2026-09-29T20:11:43Z
2021,Miami (OH),Mid-American,passCompletionsOpponent,235,2026-09-29T20:11:43Z
2021,Miami (OH),Mid-American,passesIntercepted,9,2026-09-29T20:11:43Z
2021,Miami (OH),Mid-American,passesInterceptedOpponent,8,2026-09-29T20:11:43Z
2021,Miami (OH),Mid-American,passingTDs,32,2026-09-29T20:11:43Z
2021,Miami (OH),Mid-American,passingTDsOpponent,21,2026-09-29T20:11:43Z
2021,Miami (OH),Mid-American,penalties,87,2026-09-29T20:11:43Z
2021,Miami (OH),Mid-American,penaltiesOpponent,75,2026-09-29T20:11:43Z
2021,Miami (OH),Mid-American,penaltyYards,790,2026-09-29T20:11:43Z
2021,Miami (OH),Mid-American,penaltyYardsOpponent,701,2026-09-29T20:11:43Z
2021,Miami (OH),Mid-American,possessionTime,23217,2026-09-29T20:11:43Z
2021,Miami (OH),Mid-American,possessionTimeOpponent,23583,2026-09-29T20:11:43Z
2021,Miami (OH),Mid-American,puntReturns,13,2026-09-29T20:11:43Z
2021,Miami (OH),Mid-American,puntReturnsOpponent,11,2026-09-29T20:11:43Z
2021,Miami (OH),Mid-American,puntReturnTDs,0,2026-09-29T20:11:43Z
2021,Miami (OH),Mid-American,puntReturnTDsOpponent,0,2026-09-29T20:11:43Z
2021,Miami (OH),Mid-American,puntReturnYards,118,2026-09-29T20:11:43Z
2021,Miami (OH),Mid-American,puntReturnYardsOpponent,88,2026-09-29T20:11:43Z
2021,Miami (OH),Mid-American,rushingAttempts,452,2026-09-29T20:11:43Z
2021,Miami (OH),Mid-American,rushingAttemptsOpponent,476,2026-09-29T20:11:43Z
2021,Miami (OH),Mid-American,rushingTDs,15,2026-09-29T20:11:43Z
2021,Miami (OH),Mid-American,rushingTDsOpponent,18,2026-09-29T20:11:43Z
2021,Miami (OH),Mid-American,rushingYards,1919,2026-09-29T20:11:43Z
2021,Miami (OH),Mid-American,rushingYardsOpponent,1896,2026-09-29T20:11:43Z
2021,Miami (OH),Mid-American,sacks,38,2026-09-29T20:11:43Z
2021,Miami (OH),Mid-American,sacksOpponent,19,2026-09-29T20:11:43Z
2021,Miami (OH),Mid-American,tacklesForLoss,96,2026-09-29T20:11:43Z
2021,Miami (OH),Mid-American,tacklesForLossOpponent,57,2026-09-29T20:11:43Z
2021,Miami (OH),Mid-American,thirdDownConversions,70,2026-09-29T20:11:43Z
2021,Miami (OH),Mid-American,thirdDownConversionsOpponent,67,2026-09-29T20:11:43Z
2021,Miami (OH),Mid-American,thirdDowns,176,2026-09-29T20:11:43Z
2021,Miami (OH),Mid-American,thirdDownsOpponent,179,2026-09-29T20:11:43Z
2021,Miami (OH),Mid-American,totalYards,5540,2026-09-29T20:11:43Z
2021,Miami (OH),Mid-American,totalYardsOpponent,4789,2026-09-29T20:11:43Z
2021,Miami (OH),Mid-American,turnovers,12,2026-09-29T20:11:43Z
2021,Miami (OH),Mid-American,turnoversOpponent,17,2026-09-29T20:11:43Z
2021,Michigan,Big Ten,firstDowns,305,2026-09-29T20:11:43Z
2021,Michigan,Big Ten,firstDownsOpponent,239,2026-09-29T20:11:43Z
2021,Michigan,Big Ten,fourthDownConversions,14,2026-09-29T20:11:43Z
2021,Michigan,Big Ten,fourthDownConversionsOpponent,16,2026-09-29T20:11:43Z
2021,Michigan,Big Ten,fourthDowns,27,2026-09-29T20:11:43Z
2021,Michigan,Big Ten,fourthDownsOpponent,32,2026-09-29T20:11:43Z
2021,Michigan,Big Ten,fumblesLost,5,2026-09-29T20:11:43Z
2021,Michigan,Big Ten,fumblesLostOpponent,8,2026-09-29T20:11:43Z
2021,Michigan,Big Ten,fumblesRecovered,9,2026-09-29T20:11:43Z
2021,Michigan,Big Ten,fumblesRecoveredOpponent,6,2026-09-29T20:11:43Z
2021,Michigan,Big Ten,games,14,2026-09-29T20:11:43Z
2021,Michigan,Big Ten,interceptions,9,2026-09-29T20:11:43Z
2021,Michigan,Big Ten,interceptionsOpponent,8,2026-09-29T20:11:43Z
2021,Michigan,Big Ten,interceptionTDs,1,2026-09-29T20:11:43Z
2021,Michigan,Big Ten,interceptionTDsOpponent,0,2026-09-29T20:11:43Z
2021,Michigan,Big Ten,interceptionYards,101,2026-09-29T20:11:43Z
2021,Michigan,Big Ten,interceptionYardsOpponent,61,2026-09-29T20:11:43Z
2021,Michigan,Big Ten,kickReturns,27,2026-09-29T20:11:43Z
2021,Michigan,Big Ten,kickReturnsOpponent,21,2026-09-29T20:11:43Z
2021,Michigan,Big Ten,kickReturnTDs,1,2026-09-29T20:11:43Z
2021,Michigan,Big Ten,kickReturnTDsOpponent,0,2026-09-29T20:11:43Z
2021,Michigan,Big Ten,kickReturnYards,570,2026-09-29T20:11:43Z
2021,Michigan,Big Ten,kickReturnYardsOpponent,170,2026-09-29T20:11:43Z
2021,Michigan,Big Ten,netPassingYards,3202,2026-09-29T20:11:43Z
2021,Michigan,Big Ten,netPassingYardsOpponent,2862,2026-09-29T20:11:43Z
2021,Michigan,Big Ten,passAttempts,395,2026-09-29T20:11:43Z
2021,Michigan,Big Ten,passAttemptsOpponent,455,2026-09-29T20:11:43Z
2021,Michigan,Big Ten,passCompletions,248,2026-09-29T20:11:43Z
2021,Michigan,Big Ten,passCompletionsOpponent,258,2026-09-29T20:11:43Z
2021,Michigan,Big Ten,passesIntercepted,8,2026-09-29T20:11:43Z
2021,Michigan,Big Ten,passesInterceptedOpponent,9,2026-09-29T20:11:43Z
2021,Michigan,Big Ten,passingTDs,21,2026-09-29T20:11:43Z
2021,Michigan,Big Ten,passingTDsOpponent,17,2026-09-29T20:11:43Z
2021,Michigan,Big Ten,penalties,68,2026-09-29T20:11:43Z
2021,Michigan,Big Ten,penaltiesOpponent,73,2026-09-29T20:11:43Z
2021,Michigan,Big Ten,penaltyYards,581,2026-09-29T20:11:43Z
2021,Michigan,Big Ten,penaltyYardsOpponent,649,2026-09-29T20:11:43Z
2021,Michigan,Big Ten,possessionTime,26344,2026-09-29T20:11:43Z
2021,Michigan,Big Ten,possessionTimeOpponent,24056,2026-09-29T20:11:43Z
2021,Michigan,Big Ten,puntReturns,36,2026-09-29T20:11:43Z
2021,Michigan,Big Ten,puntReturnsOpponent,9,2026-09-29T20:11:43Z
2021,Michigan,Big Ten,puntReturnTDs,0,2026-09-29T20:11:43Z
2021,Michigan,Big Ten,puntReturnTDsOpponent,0,2026-09-29T20:11:43Z
2021,Michigan,Big Ten,puntReturnYards,364,2026-09-29T20:11:43Z
2021,Michigan,Big Ten,puntReturnYardsOpponent,35,2026-09-29T20:11:43Z
2021,Michigan,Big Ten,rushingAttempts,575,2026-09-29T20:11:43Z
2021,Michigan,Big Ten,rushingAttemptsOpponent,484,2026-09-29T20:11:43Z
2021,Michigan,Big Ten,rushingTDs,39,2026-09-29T20:11:43Z
2021,Michigan,Big Ten,rushingTDsOpponent,11,2026-09-29T20:11:43Z
2021,Michigan,Big Ten,rushingYards,3001,2026-09-29T20:11:43Z
2021,Michigan,Big Ten,rushingYardsOpponent,1770,2026-09-29T20:11:43Z
2021,Michigan,Big Ten,sacks,34,2026-09-29T20:11:43Z
2021,Michigan,Big Ten,sacksOpponent,14,2026-09-29T20:11:43Z
2021,Michigan,Big Ten,tacklesForLoss,71,2026-09-29T20:11:43Z
2021,Michigan,Big Ten,tacklesForLossOpponent,33,2026-09-29T20:11:43Z
2021,Michigan,Big Ten,thirdDownConversions,87,2026-09-29T20:11:43Z
2021,Michigan,Big Ten,thirdDownConversionsOpponent,75,2026-09-29T20:11:43Z
2021,Michigan,Big Ten,thirdDowns,190,2026-09-29T20:11:43Z
2021,Michigan,Big Ten,thirdDownsOpponent,217,2026-09-29T20:11:43Z
2021,Michigan,Big Ten,totalYards,6203,2026-09-29T20:11:43Z
2021,Michigan,Big Ten,totalYardsOpponent,4632,2026-09-29T20:11:43Z
2021,Michigan,Big Ten,turnovers,14,2026-09-29T20:11:43Z
2021,Michigan,Big Ten,turnoversOpponent,16,2026-09-29T20:11:43Z
2021,Michigan State,Big Ten,firstDowns,271,2026-09-29T20:11:43Z
2021,Michigan State,Big Ten,firstDownsOpponent,316,2026-09-29T20:11:43Z
2021,Michigan State,Big Ten,fourthDownConversions,14,2026-09-29T20:11:43Z
2021,Michigan State,Big Ten,fourthDownConversionsOpponent,24,2026-09-29T20:11:43Z
2021,Michigan State,Big Ten,fourthDowns,20,2026-09-29T20:11:43Z
2021,Michigan State,Big Ten,fourthDownsOpponent,37,2026-09-29T20:11:43Z
2021,Michigan State,Big Ten,fumblesLost,8,2026-09-29T20:11:43Z
2021,Michigan State,Big Ten,fumblesLostOpponent,10,2026-09-29T20:11:43Z
2021,Michigan State,Big Ten,fumblesRecovered,12,2026-09-29T20:11:43Z
2021,Michigan State,Big Ten,fumblesRecoveredOpponent,8,2026-09-29T20:11:43Z
2021,Michigan State,Big Ten,games,13,2026-09-29T20:11:43Z
2021,Michigan State,Big Ten,interceptions,10,2026-09-29T20:11:43Z
2021,Michigan State,Big Ten,interceptionsOpponent,10,2026-09-29T20:11:43Z
2021,Michigan State,Big Ten,interceptionTDs,2,2026-09-29T20:11:43Z
2021,Michigan State,Big Ten,interceptionTDsOpponent,1,2026-09-29T20:11:43Z
2021,Michigan State,Big Ten,interceptionYards,232,2026-09-29T20:11:43Z
2021,Michigan State,Big Ten,interceptionYardsOpponent,67,2026-09-29T20:11:43Z
2021,Michigan State,Big Ten,kickReturns,29,2026-09-29T20:11:43Z
2021,Michigan State,Big Ten,kickReturnsOpponent,28,2026-09-29T20:11:43Z
2021,Michigan State,Big Ten,kickReturnTDs,0,2026-09-29T20:11:43Z
2021,Michigan State,Big Ten,kickReturnTDsOpponent,0,2026-09-29T20:11:43Z
2021,Michigan State,Big Ten,kickReturnYards,534,2026-09-29T20:11:43Z
2021,Michigan State,Big Ten,kickReturnYardsOpponent,496,2026-09-29T20:11:43Z
2021,Michigan State,Big Ten,netPassingYards,3298,2026-09-29T20:11:43Z
2021,Michigan State,Big Ten,netPassingYardsOpponent,4222,2026-09-29T20:11:43Z
2021,Michigan State,Big Ten,passAttempts,400,2026-09-29T20:11:43Z
2021,Michigan State,Big Ten,passAttemptsOpponent,579,2026-09-29T20:11:43Z
2021,Michigan State,Big Ten,passCompletions,243,2026-09-29T20:11:43Z
2021,Michigan State,Big Ten,passCompletionsOpponent,380,2026-09-29T20:11:43Z
2021,Michigan State,Big Ten,passesIntercepted,10,2026-09-29T20:11:43Z
2021,Michigan State,Big Ten,passesInterceptedOpponent,10,2026-09-29T20:11:43Z
2021,Michigan State,Big Ten,passingTDs,27,2026-09-29T20:11:43Z
2021,Michigan State,Big Ten,passingTDsOpponent,27,2026-09-29T20:11:43Z
2021,Michigan State,Big Ten,penalties,90,2026-09-29T20:11:43Z
2021,Michigan State,Big Ten,penaltiesOpponent,76,2026-09-29T20:11:43Z
2021,Michigan State,Big Ten,penaltyYards,831,2026-09-29T20:11:43Z
2021,Michigan State,Big Ten,penaltyYardsOpponent,602,2026-09-29T20:11:43Z
2021,Michigan State,Big Ten,possessionTime,22213,2026-09-29T20:11:43Z
2021,Michigan State,Big Ten,possessionTimeOpponent,24587,2026-09-29T20:11:43Z
2021,Michigan State,Big Ten,puntReturns,13,2026-09-29T20:11:43Z
2021,Michigan State,Big Ten,puntReturnsOpponent,18,2026-09-29T20:11:43Z
2021,Michigan State,Big Ten,puntReturnTDs,2,2026-09-29T20:11:43Z
2021,Michigan State,Big Ten,puntReturnTDsOpponent,0,2026-09-29T20:11:43Z
2021,Michigan State,Big Ten,puntReturnYards,237,2026-09-29T20:11:43Z
2021,Michigan State,Big Ten,puntReturnYardsOpponent,124,2026-09-29T20:11:43Z
2021,Michigan State,Big Ten,rushingAttempts,479,2026-09-29T20:11:43Z
2021,Michigan State,Big Ten,rushingAttemptsOpponent,446,2026-09-29T20:11:43Z
2021,Michigan State,Big Ten,rushingTDs,23,2026-09-29T20:11:43Z
2021,Michigan State,Big Ten,rushingTDsOpponent,10,2026-09-29T20:11:43Z
2021,Michigan State,Big Ten,rushingYards,2283,2026-09-29T20:11:43Z
2021,Michigan State,Big Ten,rushingYardsOpponent,1519,2026-09-29T20:11:43Z
2021,Michigan State,Big Ten,sacks,43,2026-09-29T20:11:43Z
2021,Michigan State,Big Ten,sacksOpponent,21,2026-09-29T20:11:43Z
2021,Michigan State,Big Ten,tacklesForLoss,85,2026-09-29T20:11:43Z
2021,Michigan State,Big Ten,tacklesForLossOpponent,73,2026-09-29T20:11:43Z
2021,Michigan State,Big Ten,thirdDownConversions,72,2026-09-29T20:11:43Z
2021,Michigan State,Big Ten,thirdDownConversionsOpponent,85,2026-09-29T20:11:43Z
2021,Michigan State,Big Ten,thirdDowns,180,2026-09-29T20:11:43Z
2021,Michigan State,Big Ten,thirdDownsOpponent,213,2026-09-29T20:11:43Z
2021,Michigan State,Big Ten,totalYards,5581,2026-09-29T20:11:43Z
2021,Michigan State,Big Ten,totalYardsOpponent,5741,2026-09-29T20:11:43Z
2021,Michigan State,Big Ten,turnovers,18,2026-09-29T20:11:43Z
2021,Michigan State,Big Ten,turnoversOpponent,20,2026-09-29T20:11:43Z
2021,Middle Tennessee,Conference USA,firstDowns,258,2026-09-29T20:11:43Z
2021,Middle Tennessee,Conference USA,firstDownsOpponent,262,2026-09-29T20:11:43Z
2021,Middle Tennessee,Conference USA,fourthDownConversions,15,2026-09-29T20:11:43Z
2021,Middle Tennessee,Conference USA,fourthDownConversionsOpponent,14,2026-09-29T20:11:43Z
2021,Middle Tennessee,Conference USA,fourthDowns,31,2026-09-29T20:11:43Z
2021,Middle Tennessee,Conference USA,fourthDownsOpponent,26,2026-09-29T20:11:43Z
2021,Middle Tennessee,Conference USA,fumblesLost,8,2026-09-29T20:11:43Z
2021,Middle Tennessee,Conference USA,fumblesLostOpponent,15,2026-09-29T20:11:43Z
2021,Middle Tennessee,Conference USA,fumblesRecovered,16,2026-09-29T20:11:43Z
2021,Middle Tennessee,Conference USA,fumblesRecoveredOpponent,9,2026-09-29T20:11:43Z
2021,Middle Tennessee,Conference USA,games,13,2026-09-29T20:11:43Z
2021,Middle Tennessee,Conference USA,interceptions,13,2026-09-29T20:11:43Z
2021,Middle Tennessee,Conference USA,interceptionsOpponent,17,2026-09-29T20:11:43Z
2021,Middle Tennessee,Conference USA,interceptionTDs,3,2026-09-29T20:11:43Z
2021,Middle Tennessee,Conference USA,interceptionTDsOpponent,1,2026-09-29T20:11:43Z
2021,Middle Tennessee,Conference USA,interceptionYards,314,2026-09-29T20:11:43Z
2021,Middle Tennessee,Conference USA,interceptionYardsOpponent,164,2026-09-29T20:11:43Z
2021,Middle Tennessee,Conference USA,kickReturns,18,2026-09-29T20:11:43Z
2021,Middle Tennessee,Conference USA,kickReturnsOpponent,51,2026-09-29T20:11:43Z
2021,Middle Tennessee,Conference USA,kickReturnTDs,0,2026-09-29T20:11:43Z
2021,Middle Tennessee,Conference USA,kickReturnTDsOpponent,0,2026-09-29T20:11:43Z
2021,Middle Tennessee,Conference USA,kickReturnYards,333,2026-09-29T20:11:43Z
2021,Middle Tennessee,Conference USA,kickReturnYardsOpponent,937,2026-09-29T20:11:43Z
2021,Middle Tennessee,Conference USA,netPassingYards,3100,2026-09-29T20:11:43Z
2021,Middle Tennessee,Conference USA,netPassingYardsOpponent,3075,2026-09-29T20:11:43Z
2021,Middle Tennessee,Conference USA,passAttempts,463,2026-09-29T20:11:43Z
2021,Middle Tennessee,Conference USA,passAttemptsOpponent,491,2026-09-29T20:11:43Z
2021,Middle Tennessee,Conference USA,passCompletions,296,2026-09-29T20:11:43Z
2021,Middle Tennessee,Conference USA,passCompletionsOpponent,287,2026-09-29T20:11:43Z
2021,Middle Tennessee,Conference USA,passesIntercepted,17,2026-09-29T20:11:43Z
2021,Middle Tennessee,Conference USA,passesInterceptedOpponent,13,2026-09-29T20:11:43Z
2021,Middle Tennessee,Conference USA,passingTDs,28,2026-09-29T20:11:43Z
2021,Middle Tennessee,Conference USA,passingTDsOpponent,23,2026-09-29T20:11:43Z
2021,Middle Tennessee,Conference USA,penalties,86,2026-09-29T20:11:43Z
2021,Middle Tennessee,Conference USA,penaltiesOpponent,82,2026-09-29T20:11:43Z
2021,Middle Tennessee,Conference USA,penaltyYards,736,2026-09-29T20:11:43Z
2021,Middle Tennessee,Conference USA,penaltyYardsOpponent,676,2026-09-29T20:11:43Z
2021,Middle Tennessee,Conference USA,possessionTime,23574,2026-09-29T20:11:43Z
2021,Middle Tennessee,Conference USA,possessionTimeOpponent,23226,2026-09-29T20:11:43Z
2021,Middle Tennessee,Conference USA,puntReturns,23,2026-09-29T20:11:43Z
2021,Middle Tennessee,Conference USA,puntReturnsOpponent,24,2026-09-29T20:11:43Z
2021,Middle Tennessee,Conference USA,puntReturnTDs,2,2026-09-29T20:11:43Z
2021,Middle Tennessee,Conference USA,puntReturnTDsOpponent,0,2026-09-29T20:11:43Z
2021,Middle Tennessee,Conference USA,puntReturnYards,341,2026-09-29T20:11:43Z
2021,Middle Tennessee,Conference USA,puntReturnYardsOpponent,227,2026-09-29T20:11:43Z
2021,Middle Tennessee,Conference USA,rushingAttempts,457,2026-09-29T20:11:43Z
2021,Middle Tennessee,Conference USA,rushingAttemptsOpponent,450,2026-09-29T20:11:43Z
2021,Middle Tennessee,Conference USA,rushingTDs,15,2026-09-29T20:11:43Z
2021,Middle Tennessee,Conference USA,rushingTDsOpponent,17,2026-09-29T20:11:43Z
2021,Middle Tennessee,Conference USA,rushingYards,1608,2026-09-29T20:11:43Z
2021,Middle Tennessee,Conference USA,rushingYardsOpponent,1781,2026-09-29T20:11:43Z
2021,Middle Tennessee,Conference USA,sacks,32,2026-09-29T20:11:43Z
2021,Middle Tennessee,Conference USA,sacksOpponent,27,2026-09-29T20:11:43Z
2021,Middle Tennessee,Conference USA,tacklesForLoss,89,2026-09-29T20:11:43Z
2021,Middle Tennessee,Conference USA,tacklesForLossOpponent,86,2026-09-29T20:11:43Z
2021,Middle Tennessee,Conference USA,thirdDownConversions,58,2026-09-29T20:11:43Z
2021,Middle Tennessee,Conference USA,thirdDownConversionsOpponent,70,2026-09-29T20:11:43Z
2021,Middle Tennessee,Conference USA,thirdDowns,185,2026-09-29T20:11:43Z
2021,Middle Tennessee,Conference USA,thirdDownsOpponent,190,2026-09-29T20:11:43Z
2021,Middle Tennessee,Conference USA,totalYards,4708,2026-09-29T20:11:43Z
2021,Middle Tennessee,Conference USA,totalYardsOpponent,4856,2026-09-29T20:11:43Z
2021,Middle Tennessee,Conference USA,turnovers,21,2026-09-29T20:11:43Z
2021,Middle Tennessee,Conference USA,turnoversOpponent,32,2026-09-29T20:11:43Z
2021,Minnesota,Big Ten,firstDowns,259,2026-09-29T20:11:43Z
2021,Minnesota,Big Ten,firstDownsOpponent,202,2026-09-29T20:11:43Z
2021,Minnesota,Big Ten,fourthDownConversions,9,2026-09-29T20:11:43Z
2021,Minnesota,Big Ten,fourthDownConversionsOpponent,7,2026-09-29T20:11:43Z
2021,Minnesota,Big Ten,fourthDowns,15,2026-09-29T20:11:43Z
2021,Minnesota,Big Ten,fourthDownsOpponent,19,2026-09-29T20:11:43Z
2021,Minnesota,Big Ten,fumblesLost,4,2026-09-29T20:11:43Z
2021,Minnesota,Big Ten,fumblesLostOpponent,8,2026-09-29T20:11:43Z
2021,Minnesota,Big Ten,fumblesRecovered,10,2026-09-29T20:11:43Z
2021,Minnesota,Big Ten,fumblesRecoveredOpponent,5,2026-09-29T20:11:43Z
2021,Minnesota,Big Ten,games,13,2026-09-29T20:11:43Z
2021,Minnesota,Big Ten,interceptions,9,2026-09-29T20:11:43Z
2021,Minnesota,Big Ten,interceptionsOpponent,8,2026-09-29T20:11:43Z
2021,Minnesota,Big Ten,interceptionTDs,0,2026-09-29T20:11:43Z
2021,Minnesota,Big Ten,interceptionTDsOpponent,1,2026-09-29T20:11:43Z
2021,Minnesota,Big Ten,interceptionYards,99,2026-09-29T20:11:43Z
2021,Minnesota,Big Ten,interceptionYardsOpponent,43,2026-09-29T20:11:43Z
2021,Minnesota,Big Ten,kickReturns,20,2026-09-29T20:11:43Z
2021,Minnesota,Big Ten,kickReturnsOpponent,25,2026-09-29T20:11:43Z
2021,Minnesota,Big Ten,kickReturnTDs,0,2026-09-29T20:11:43Z
2021,Minnesota,Big Ten,kickReturnTDsOpponent,0,2026-09-29T20:11:43Z
2021,Minnesota,Big Ten,kickReturnYards,289,2026-09-29T20:11:43Z
2021,Minnesota,Big Ten,kickReturnYardsOpponent,300,2026-09-29T20:11:43Z
2021,Minnesota,Big Ten,netPassingYards,2106,2026-09-29T20:11:43Z
2021,Minnesota,Big Ten,netPassingYardsOpponent,2356,2026-09-29T20:11:43Z
2021,Minnesota,Big Ten,passAttempts,256,2026-09-29T20:11:43Z
2021,Minnesota,Big Ten,passAttemptsOpponent,369,2026-09-29T20:11:43Z
2021,Minnesota,Big Ten,passCompletions,152,2026-09-29T20:11:43Z
2021,Minnesota,Big Ten,passCompletionsOpponent,205,2026-09-29T20:11:43Z
2021,Minnesota,Big Ten,passesIntercepted,8,2026-09-29T20:11:43Z
2021,Minnesota,Big Ten,passesInterceptedOpponent,9,2026-09-29T20:11:43Z
2021,Minnesota,Big Ten,passingTDs,12,2026-09-29T20:11:43Z
2021,Minnesota,Big Ten,passingTDsOpponent,15,2026-09-29T20:11:43Z
2021,Minnesota,Big Ten,penalties,58,2026-09-29T20:11:43Z
2021,Minnesota,Big Ten,penaltiesOpponent,60,2026-09-29T20:11:43Z
2021,Minnesota,Big Ten,penaltyYards,589,2026-09-29T20:11:43Z
2021,Minnesota,Big Ten,penaltyYardsOpponent,570,2026-09-29T20:11:43Z
2021,Minnesota,Big Ten,possessionTime,27644,2026-09-29T20:11:43Z
2021,Minnesota,Big Ten,possessionTimeOpponent,19156,2026-09-29T20:11:43Z
2021,Minnesota,Big Ten,puntReturns,16,2026-09-29T20:11:43Z
2021,Minnesota,Big Ten,puntReturnsOpponent,10,2026-09-29T20:11:43Z
2021,Minnesota,Big Ten,puntReturnTDs,0,2026-09-29T20:11:43Z
2021,Minnesota,Big Ten,puntReturnTDsOpponent,0,2026-09-29T20:11:43Z
2021,Minnesota,Big Ten,puntReturnYards,136,2026-09-29T20:11:43Z
2021,Minnesota,Big Ten,puntReturnYardsOpponent,21,2026-09-29T20:11:43Z
2021,Minnesota,Big Ten,rushingAttempts,602,2026-09-29T20:11:43Z
2021,Minnesota,Big Ten,rushingAttemptsOpponent,376,2026-09-29T20:11:43Z
2021,Minnesota,Big Ten,rushingTDs,27,2026-09-29T20:11:43Z
2021,Minnesota,Big Ten,rushingTDsOpponent,11,2026-09-29T20:11:43Z
2021,Minnesota,Big Ten,rushingYards,2575,2026-09-29T20:11:43Z
2021,Minnesota,Big Ten,rushingYardsOpponent,1268,2026-09-29T20:11:43Z
2021,Minnesota,Big Ten,sacks,25,2026-09-29T20:11:43Z
2021,Minnesota,Big Ten,sacksOpponent,22,2026-09-29T20:11:43Z
2021,Minnesota,Big Ten,tacklesForLoss,58,2026-09-29T20:11:43Z
2021,Minnesota,Big Ten,tacklesForLossOpponent,64,2026-09-29T20:11:43Z
2021,Minnesota,Big Ten,thirdDownConversions,75,2026-09-29T20:11:43Z
2021,Minnesota,Big Ten,thirdDownConversionsOpponent,57,2026-09-29T20:11:43Z
2021,Minnesota,Big Ten,thirdDowns,170,2026-09-29T20:11:43Z
2021,Minnesota,Big Ten,thirdDownsOpponent,164,2026-09-29T20:11:43Z
2021,Minnesota,Big Ten,totalYards,4681,2026-09-29T20:11:43Z
2021,Minnesota,Big Ten,totalYardsOpponent,3624,2026-09-29T20:11:43Z
2021,Minnesota,Big Ten,turnovers,13,2026-09-29T20:11:43Z
2021,Minnesota,Big Ten,turnoversOpponent,16,2026-09-29T20:11:43Z
2021,Mississippi State,SEC,firstDowns,330,2026-09-29T20:11:43Z
2021,Mississippi State,SEC,firstDownsOpponent,218,2026-09-29T20:11:43Z
2021,Mississippi State,SEC,fourthDownConversions,10,2026-09-29T20:11:43Z
2021,Mississippi State,SEC,fourthDownConversionsOpponent,6,2026-09-29T20:11:43Z
2021,Mississippi State,SEC,fourthDowns,16,2026-09-29T20:11:43Z
2021,Mississippi State,SEC,fourthDownsOpponent,15,2026-09-29T20:11:43Z
2021,Mississippi State,SEC,fumblesLost,8,2026-09-29T20:11:43Z
2021,Mississippi State,SEC,fumblesLostOpponent,5,2026-09-29T20:11:43Z
2021,Mississippi State,SEC,fumblesRecovered,6,2026-09-29T20:11:43Z
2021,Mississippi State,SEC,fumblesRecoveredOpponent,10,2026-09-29T20:11:43Z
2021,Mississippi State,SEC,games,13,2026-09-29T20:11:43Z
2021,Mississippi State,SEC,interceptions,9,2026-09-29T20:11:43Z
2021,Mississippi State,SEC,interceptionsOpponent,11,2026-09-29T20:11:43Z
2021,Mississippi State,SEC,interceptionTDs,0,2026-09-29T20:11:43Z
2021,Mississippi State,SEC,interceptionTDsOpponent,2,2026-09-29T20:11:43Z
2021,Mississippi State,SEC,interceptionYards,99,2026-09-29T20:11:43Z
2021,Mississippi State,SEC,interceptionYardsOpponent,110,2026-09-29T20:11:43Z
2021,Mississippi State,SEC,kickReturns,31,2026-09-29T20:11:43Z
2021,Mississippi State,SEC,kickReturnsOpponent,24,2026-09-29T20:11:43Z
2021,Mississippi State,SEC,kickReturnTDs,1,2026-09-29T20:11:43Z
2021,Mississippi State,SEC,kickReturnTDsOpponent,0,2026-09-29T20:11:43Z
2021,Mississippi State,SEC,kickReturnYards,766,2026-09-29T20:11:43Z
2021,Mississippi State,SEC,kickReturnYardsOpponent,460,2026-09-29T20:11:43Z
2021,Mississippi State,SEC,netPassingYards,4918,2026-09-29T20:11:43Z
2021,Mississippi State,SEC,netPassingYardsOpponent,3013,2026-09-29T20:11:43Z
2021,Mississippi State,SEC,passAttempts,704,2026-09-29T20:11:43Z
2021,Mississippi State,SEC,passAttemptsOpponent,401,2026-09-29T20:11:43Z
2021,Mississippi State,SEC,passCompletions,518,2026-09-29T20:11:43Z
2021,Mississippi State,SEC,passCompletionsOpponent,256,2026-09-29T20:11:43Z
2021,Mississippi State,SEC,passesIntercepted,11,2026-09-29T20:11:43Z
2021,Mississippi State,SEC,passesInterceptedOpponent,9,2026-09-29T20:11:43Z
2021,Mississippi State,SEC,passingTDs,37,2026-09-29T20:11:43Z
2021,Mississippi State,SEC,passingTDsOpponent,20,2026-09-29T20:11:43Z
2021,Mississippi State,SEC,penalties,99,2026-09-29T20:11:43Z
2021,Mississippi State,SEC,penaltiesOpponent,90,2026-09-29T20:11:43Z
2021,Mississippi State,SEC,penaltyYards,760,2026-09-29T20:11:43Z
2021,Mississippi State,SEC,penaltyYardsOpponent,727,2026-09-29T20:11:43Z
2021,Mississippi State,SEC,possessionTime,26243,2026-09-29T20:11:43Z
2021,Mississippi State,SEC,possessionTimeOpponent,20557,2026-09-29T20:11:43Z
2021,Mississippi State,SEC,puntReturns,22,2026-09-29T20:11:43Z
2021,Mississippi State,SEC,puntReturnsOpponent,15,2026-09-29T20:11:43Z
2021,Mississippi State,SEC,puntReturnTDs,0,2026-09-29T20:11:43Z
2021,Mississippi State,SEC,puntReturnTDsOpponent,2,2026-09-29T20:11:43Z
2021,Mississippi State,SEC,puntReturnYards,151,2026-09-29T20:11:43Z
2021,Mississippi State,SEC,puntReturnYardsOpponent,290,2026-09-29T20:11:43Z
2021,Mississippi State,SEC,rushingAttempts,270,2026-09-29T20:11:43Z
2021,Mississippi State,SEC,rushingAttemptsOpponent,406,2026-09-29T20:11:43Z
2021,Mississippi State,SEC,rushingTDs,10,2026-09-29T20:11:43Z
2021,Mississippi State,SEC,rushingTDsOpponent,16,2026-09-29T20:11:43Z
2021,Mississippi State,SEC,rushingYards,821,2026-09-29T20:11:43Z
2021,Mississippi State,SEC,rushingYardsOpponent,1474,2026-09-29T20:11:43Z
2021,Mississippi State,SEC,sacks,28,2026-09-29T20:11:43Z
2021,Mississippi State,SEC,sacksOpponent,34,2026-09-29T20:11:43Z
2021,Mississippi State,SEC,tacklesForLoss,70,2026-09-29T20:11:43Z
2021,Mississippi State,SEC,tacklesForLossOpponent,61,2026-09-29T20:11:43Z
2021,Mississippi State,SEC,thirdDownConversions,79,2026-09-29T20:11:43Z
2021,Mississippi State,SEC,thirdDownConversionsOpponent,74,2026-09-29T20:11:43Z
2021,Mississippi State,SEC,thirdDowns,172,2026-09-29T20:11:43Z
2021,Mississippi State,SEC,thirdDownsOpponent,179,2026-09-29T20:11:43Z
2021,Mississippi State,SEC,totalYards,5739,2026-09-29T20:11:43Z
2021,Mississippi State,SEC,totalYardsOpponent,4487,2026-09-29T20:11:43Z
2021,Mississippi State,SEC,turnovers,17,2026-09-29T20:11:43Z
2021,Mississippi State,SEC,turnoversOpponent,16,2026-09-29T20:11:43Z
2021,Missouri,SEC,firstDowns,282,2026-09-29T20:11:43Z
2021,Missouri,SEC,firstDownsOpponent,296,2026-09-29T20:11:43Z
2021,Missouri,SEC,fourthDownConversions,11,2026-09-29T20:11:43Z
2021,Missouri,SEC,fourthDownConversionsOpponent,18,2026-09-29T20:11:43Z
2021,Missouri,SEC,fourthDowns,19,2026-09-29T20:11:43Z
2021,Missouri,SEC,fourthDownsOpponent,22,2026-09-29T20:11:43Z
2021,Missouri,SEC,fumblesLost,2,2026-09-29T20:11:43Z
2021,Missouri,SEC,fumblesLostOpponent,6,2026-09-29T20:11:43Z
2021,Missouri,SEC,fumblesRecovered,5,2026-09-29T20:11:43Z
2021,Missouri,SEC,fumblesRecoveredOpponent,2,2026-09-29T20:11:43Z
2021,Missouri,SEC,games,13,2026-09-29T20:11:43Z
2021,Missouri,SEC,interceptions,11,2026-09-29T20:11:43Z
2021,Missouri,SEC,interceptionsOpponent,11,2026-09-29T20:11:43Z
2021,Missouri,SEC,interceptionTDs,1,2026-09-29T20:11:43Z
2021,Missouri,SEC,interceptionTDsOpponent,0,2026-09-29T20:11:43Z
2021,Missouri,SEC,interceptionYards,91,2026-09-29T20:11:43Z
2021,Missouri,SEC,interceptionYardsOpponent,105,2026-09-29T20:11:43Z
2021,Missouri,SEC,kickReturns,34,2026-09-29T20:11:43Z
2021,Missouri,SEC,kickReturnsOpponent,6,2026-09-29T20:11:43Z
2021,Missouri,SEC,kickReturnTDs,1,2026-09-29T20:11:43Z
2021,Missouri,SEC,kickReturnTDsOpponent,0,2026-09-29T20:11:43Z
2021,Missouri,SEC,kickReturnYards,621,2026-09-29T20:11:43Z
2021,Missouri,SEC,kickReturnYardsOpponent,82,2026-09-29T20:11:43Z
2021,Missouri,SEC,netPassingYards,3036,2026-09-29T20:11:43Z
2021,Missouri,SEC,netPassingYardsOpponent,2688,2026-09-29T20:11:43Z
2021,Missouri,SEC,passAttempts,455,2026-09-29T20:11:43Z
2021,Missouri,SEC,passAttemptsOpponent,329,2026-09-29T20:11:43Z
2021,Missouri,SEC,passCompletions,301,2026-09-29T20:11:43Z
2021,Missouri,SEC,passCompletionsOpponent,196,2026-09-29T20:11:43Z
2021,Missouri,SEC,passesIntercepted,11,2026-09-29T20:11:43Z
2021,Missouri,SEC,passesInterceptedOpponent,11,2026-09-29T20:11:43Z
2021,Missouri,SEC,passingTDs,19,2026-09-29T20:11:43Z
2021,Missouri,SEC,passingTDsOpponent,25,2026-09-29T20:11:43Z
2021,Missouri,SEC,penalties,83,2026-09-29T20:11:43Z
2021,Missouri,SEC,penaltiesOpponent,65,2026-09-29T20:11:43Z
2021,Missouri,SEC,penaltyYards,770,2026-09-29T20:11:43Z
2021,Missouri,SEC,penaltyYardsOpponent,567,2026-09-29T20:11:43Z
2021,Missouri,SEC,possessionTime,23636,2026-09-29T20:11:43Z
2021,Missouri,SEC,possessionTimeOpponent,23164,2026-09-29T20:11:43Z
2021,Missouri,SEC,puntReturns,14,2026-09-29T20:11:43Z
2021,Missouri,SEC,puntReturnsOpponent,15,2026-09-29T20:11:43Z
2021,Missouri,SEC,puntReturnTDs,0,2026-09-29T20:11:43Z
2021,Missouri,SEC,puntReturnTDsOpponent,0,2026-09-29T20:11:43Z
2021,Missouri,SEC,puntReturnYards,69,2026-09-29T20:11:43Z
2021,Missouri,SEC,puntReturnYardsOpponent,141,2026-09-29T20:11:43Z
2021,Missouri,SEC,rushingAttempts,464,2026-09-29T20:11:43Z
2021,Missouri,SEC,rushingAttemptsOpponent,557,2026-09-29T20:11:43Z
2021,Missouri,SEC,rushingTDs,22,2026-09-29T20:11:43Z
2021,Missouri,SEC,rushingTDsOpponent,32,2026-09-29T20:11:43Z
2021,Missouri,SEC,rushingYards,2342,2026-09-29T20:11:43Z
2021,Missouri,SEC,rushingYardsOpponent,2963,2026-09-29T20:11:43Z
2021,Missouri,SEC,sacks,29,2026-09-29T20:11:43Z
2021,Missouri,SEC,sacksOpponent,17,2026-09-29T20:11:43Z
2021,Missouri,SEC,tacklesForLoss,83,2026-09-29T20:11:43Z
2021,Missouri,SEC,tacklesForLossOpponent,77,2026-09-29T20:11:43Z
2021,Missouri,SEC,thirdDownConversions,84,2026-09-29T20:11:43Z
2021,Missouri,SEC,thirdDownConversionsOpponent,71,2026-09-29T20:11:43Z
2021,Missouri,SEC,thirdDowns,190,2026-09-29T20:11:43Z
2021,Missouri,SEC,thirdDownsOpponent,165,2026-09-29T20:11:43Z
2021,Missouri,SEC,totalYards,5378,2026-09-29T20:11:43Z
2021,Missouri,SEC,totalYardsOpponent,5651,2026-09-29T20:11:43Z
2021,Missouri,SEC,turnovers,13,2026-09-29T20:11:43Z
2021,Missouri,SEC,turnoversOpponent,17,2026-09-29T20:11:43Z
2021,Navy,American Athletic,firstDowns,200,2026-09-29T20:11:43Z
2021,Navy,American Athletic,firstDownsOpponent,205,2026-09-29T20:11:43Z
2021,Navy,American Athletic,fourthDownConversions,25,2026-09-29T20:11:43Z
2021,Navy,American Athletic,fourthDownConversionsOpponent,11,2026-09-29T20:11:43Z
2021,Navy,American Athletic,fourthDowns,36,2026-09-29T20:11:43Z
2021,Navy,American Athletic,fourthDownsOpponent,18,2026-09-29T20:11:43Z
2021,Navy,American Athletic,fumblesLost,5,2026-09-29T20:11:43Z
2021,Navy,American Athletic,fumblesLostOpponent,7,2026-09-29T20:11:43Z
2021,Navy,American Athletic,fumblesRecovered,9,2026-09-29T20:11:43Z
2021,Navy,American Athletic,fumblesRecoveredOpponent,6,2026-09-29T20:11:43Z
2021,Navy,American Athletic,games,12,2026-09-29T20:11:43Z
2021,Navy,American Athletic,interceptions,3,2026-09-29T20:11:43Z
2021,Navy,American Athletic,interceptionsOpponent,7,2026-09-29T20:11:43Z
2021,Navy,American Athletic,interceptionTDs,0,2026-09-29T20:11:43Z
2021,Navy,American Athletic,interceptionTDsOpponent,0,2026-09-29T20:11:43Z
2021,Navy,American Athletic,interceptionYards,23,2026-09-29T20:11:43Z
2021,Navy,American Athletic,interceptionYardsOpponent,36,2026-09-29T20:11:43Z
2021,Navy,American Athletic,kickReturns,32,2026-09-29T20:11:43Z
2021,Navy,American Athletic,kickReturnsOpponent,40,2026-09-29T20:11:43Z
2021,Navy,American Athletic,kickReturnTDs,1,2026-09-29T20:11:43Z
2021,Navy,American Athletic,kickReturnTDsOpponent,2,2026-09-29T20:11:43Z
2021,Navy,American Athletic,kickReturnYards,686,2026-09-29T20:11:43Z
2021,Navy,American Athletic,kickReturnYardsOpponent,693,2026-09-29T20:11:43Z
2021,Navy,American Athletic,netPassingYards,681,2026-09-29T20:11:43Z
2021,Navy,American Athletic,netPassingYardsOpponent,2618,2026-09-29T20:11:43Z
2021,Navy,American Athletic,passAttempts,97,2026-09-29T20:11:43Z
2021,Navy,American Athletic,passAttemptsOpponent,306,2026-09-29T20:11:43Z
2021,Navy,American Athletic,passCompletions,48,2026-09-29T20:11:43Z
2021,Navy,American Athletic,passCompletionsOpponent,204,2026-09-29T20:11:43Z
2021,Navy,American Athletic,passesIntercepted,7,2026-09-29T20:11:43Z
2021,Navy,American Athletic,passesInterceptedOpponent,3,2026-09-29T20:11:43Z
2021,Navy,American Athletic,passingTDs,6,2026-09-29T20:11:43Z
2021,Navy,American Athletic,passingTDsOpponent,15,2026-09-29T20:11:43Z
2021,Navy,American Athletic,penalties,53,2026-09-29T20:11:43Z
2021,Navy,American Athletic,penaltiesOpponent,66,2026-09-29T20:11:43Z
2021,Navy,American Athletic,penaltyYards,422,2026-09-29T20:11:43Z
2021,Navy,American Athletic,penaltyYardsOpponent,537,2026-09-29T20:11:43Z
2021,Navy,American Athletic,possessionTime,25052,2026-09-29T20:11:43Z
2021,Navy,American Athletic,possessionTimeOpponent,18148,2026-09-29T20:11:43Z
2021,Navy,American Athletic,puntReturns,16,2026-09-29T20:11:43Z
2021,Navy,American Athletic,puntReturnsOpponent,22,2026-09-29T20:11:43Z
2021,Navy,American Athletic,puntReturnTDs,1,2026-09-29T20:11:43Z
2021,Navy,American Athletic,puntReturnTDsOpponent,1,2026-09-29T20:11:43Z
2021,Navy,American Athletic,puntReturnYards,162,2026-09-29T20:11:43Z
2021,Navy,American Athletic,puntReturnYardsOpponent,197,2026-09-29T20:11:43Z
2021,Navy,American Athletic,rushingAttempts,697,2026-09-29T20:11:43Z
2021,Navy,American Athletic,rushingAttemptsOpponent,390,2026-09-29T20:11:43Z
2021,Navy,American Athletic,rushingTDs,19,2026-09-29T20:11:43Z
2021,Navy,American Athletic,rushingTDsOpponent,25,2026-09-29T20:11:43Z
2021,Navy,American Athletic,rushingYards,2712,2026-09-29T20:11:43Z
2021,Navy,American Athletic,rushingYardsOpponent,1572,2026-09-29T20:11:43Z
2021,Navy,American Athletic,sacks,16,2026-09-29T20:11:43Z
2021,Navy,American Athletic,sacksOpponent,30,2026-09-29T20:11:43Z
2021,Navy,American Athletic,tacklesForLoss,61,2026-09-29T20:11:43Z
2021,Navy,American Athletic,tacklesForLossOpponent,78,2026-09-29T20:11:43Z
2021,Navy,American Athletic,thirdDownConversions,70,2026-09-29T20:11:43Z
2021,Navy,American Athletic,thirdDownConversionsOpponent,54,2026-09-29T20:11:43Z
2021,Navy,American Athletic,thirdDowns,188,2026-09-29T20:11:43Z
2021,Navy,American Athletic,thirdDownsOpponent,138,2026-09-29T20:11:43Z
2021,Navy,American Athletic,totalYards,3393,2026-09-29T20:11:43Z
2021,Navy,American Athletic,totalYardsOpponent,4190,2026-09-29T20:11:43Z
2021,Navy,American Athletic,turnovers,8,2026-09-29T20:11:43Z
2021,Navy,American Athletic,turnoversOpponent,14,2026-09-29T20:11:43Z
2021,NC State,ACC,firstDowns,256,2026-09-29T20:11:43Z
2021,NC State,ACC,firstDownsOpponent,210,2026-09-29T20:11:43Z
2021,NC State,ACC,fourthDownConversions,5,2026-09-29T20:11:43Z
2021,NC State,ACC,fourthDownConversionsOpponent,9,2026-09-29T20:11:43Z
2021,NC State,ACC,fourthDowns,12,2026-09-29T20:11:43Z
2021,NC State,ACC,fourthDownsOpponent,20,2026-09-29T20:11:43Z
2021,NC State,ACC,fumblesLost,5,2026-09-29T20:11:43Z
2021,NC State,ACC,fumblesLostOpponent,1,2026-09-29T20:11:43Z
2021,NC State,ACC,fumblesRecovered,2,2026-09-29T20:11:43Z
2021,NC State,ACC,fumblesRecoveredOpponent,7,2026-09-29T20:11:43Z
2021,NC State,ACC,games,12,2026-09-29T20:11:43Z
2021,NC State,ACC,interceptions,6,2026-09-29T20:11:43Z
2021,NC State,ACC,interceptionsOpponent,15,2026-09-29T20:11:43Z
2021,NC State,ACC,interceptionTDs,1,2026-09-29T20:11:43Z
2021,NC State,ACC,interceptionTDsOpponent,0,2026-09-29T20:11:43Z
2021,NC State,ACC,interceptionYards,73,2026-09-29T20:11:43Z
2021,NC State,ACC,interceptionYardsOpponent,74,2026-09-29T20:11:43Z
2021,NC State,ACC,kickReturns,21,2026-09-29T20:11:43Z
2021,NC State,ACC,kickReturnsOpponent,16,2026-09-29T20:11:43Z
2021,NC State,ACC,kickReturnTDs,2,2026-09-29T20:11:43Z
2021,NC State,ACC,kickReturnTDsOpponent,1,2026-09-29T20:11:43Z
2021,NC State,ACC,kickReturnYards,644,2026-09-29T20:11:43Z
2021,NC State,ACC,kickReturnYardsOpponent,400,2026-09-29T20:11:43Z
2021,NC State,ACC,netPassingYards,3461,2026-09-29T20:11:43Z
2021,NC State,ACC,netPassingYardsOpponent,2491,2026-09-29T20:11:43Z
2021,NC State,ACC,passAttempts,443,2026-09-29T20:11:43Z
2021,NC State,ACC,passAttemptsOpponent,413,2026-09-29T20:11:43Z
2021,NC State,ACC,passCompletions,288,2026-09-29T20:11:43Z
2021,NC State,ACC,passCompletionsOpponent,217,2026-09-29T20:11:43Z
2021,NC State,ACC,passesIntercepted,15,2026-09-29T20:11:43Z
2021,NC State,ACC,passesInterceptedOpponent,6,2026-09-29T20:11:43Z
2021,NC State,ACC,passingTDs,35,2026-09-29T20:11:43Z
2021,NC State,ACC,passingTDsOpponent,19,2026-09-29T20:11:43Z
2021,NC State,ACC,penalties,89,2026-09-29T20:11:43Z
2021,NC State,ACC,penaltiesOpponent,83,2026-09-29T20:11:43Z
2021,NC State,ACC,penaltyYards,774,2026-09-29T20:11:43Z
2021,NC State,ACC,penaltyYardsOpponent,686,2026-09-29T20:11:43Z
2021,NC State,ACC,possessionTime,22511,2026-09-29T20:11:43Z
2021,NC State,ACC,possessionTimeOpponent,20689,2026-09-29T20:11:43Z
2021,NC State,ACC,puntReturns,21,2026-09-29T20:11:43Z
2021,NC State,ACC,puntReturnsOpponent,19,2026-09-29T20:11:43Z
2021,NC State,ACC,puntReturnTDs,1,2026-09-29T20:11:43Z
2021,NC State,ACC,puntReturnTDsOpponent,0,2026-09-29T20:11:43Z
2021,NC State,ACC,puntReturnYards,188,2026-09-29T20:11:43Z
2021,NC State,ACC,puntReturnYardsOpponent,131,2026-09-29T20:11:43Z
2021,NC State,ACC,rushingAttempts,372,2026-09-29T20:11:43Z
2021,NC State,ACC,rushingAttemptsOpponent,391,2026-09-29T20:11:43Z
2021,NC State,ACC,rushingTDs,11,2026-09-29T20:11:43Z
2021,NC State,ACC,rushingTDsOpponent,9,2026-09-29T20:11:43Z
2021,NC State,ACC,rushingYards,1514,2026-09-29T20:11:43Z
2021,NC State,ACC,rushingYardsOpponent,1488,2026-09-29T20:11:43Z
2021,NC State,ACC,sacks,34,2026-09-29T20:11:43Z
2021,NC State,ACC,sacksOpponent,25,2026-09-29T20:11:43Z
2021,NC State,ACC,tacklesForLoss,79,2026-09-29T20:11:43Z
2021,NC State,ACC,tacklesForLossOpponent,58,2026-09-29T20:11:43Z
2021,NC State,ACC,thirdDownConversions,68,2026-09-29T20:11:43Z
2021,NC State,ACC,thirdDownConversionsOpponent,53,2026-09-29T20:11:43Z
2021,NC State,ACC,thirdDowns,170,2026-09-29T20:11:43Z
2021,NC State,ACC,thirdDownsOpponent,181,2026-09-29T20:11:43Z
2021,NC State,ACC,totalYards,4975,2026-09-29T20:11:43Z
2021,NC State,ACC,totalYardsOpponent,3979,2026-09-29T20:11:43Z
2021,NC State,ACC,turnovers,11,2026-09-29T20:11:43Z
2021,NC State,ACC,turnoversOpponent,16,2026-09-29T20:11:43Z
2021,Nebraska,Big Ten,firstDowns,259,2026-09-29T20:11:43Z
2021,Nebraska,Big Ten,firstDownsOpponent,229,2026-09-29T20:11:43Z
2021,Nebraska,Big Ten,fourthDownConversions,14,2026-09-29T20:11:43Z
2021,Nebraska,Big Ten,fourthDownConversionsOpponent,6,2026-09-29T20:11:43Z
2021,Nebraska,Big Ten,fourthDowns,24,2026-09-29T20:11:43Z
2021,Nebraska,Big Ten,fourthDownsOpponent,19,2026-09-29T20:11:43Z
2021,Nebraska,Big Ten,fumblesLost,7,2026-09-29T20:11:43Z
2021,Nebraska,Big Ten,fumblesLostOpponent,3,2026-09-29T20:11:43Z
2021,Nebraska,Big Ten,fumblesRecovered,3,2026-09-29T20:11:43Z
2021,Nebraska,Big Ten,fumblesRecoveredOpponent,8,2026-09-29T20:11:43Z
2021,Nebraska,Big Ten,games,12,2026-09-29T20:11:43Z
2021,Nebraska,Big Ten,interceptions,11,2026-09-29T20:11:43Z
2021,Nebraska,Big Ten,interceptionsOpponent,10,2026-09-29T20:11:43Z
2021,Nebraska,Big Ten,interceptionTDs,0,2026-09-29T20:11:43Z
2021,Nebraska,Big Ten,interceptionTDsOpponent,1,2026-09-29T20:11:43Z
2021,Nebraska,Big Ten,interceptionYards,67,2026-09-29T20:11:43Z
2021,Nebraska,Big Ten,interceptionYardsOpponent,172,2026-09-29T20:11:43Z
2021,Nebraska,Big Ten,kickReturns,17,2026-09-29T20:11:43Z
2021,Nebraska,Big Ten,kickReturnsOpponent,19,2026-09-29T20:11:43Z
2021,Nebraska,Big Ten,kickReturnTDs,0,2026-09-29T20:11:43Z
2021,Nebraska,Big Ten,kickReturnTDsOpponent,1,2026-09-29T20:11:43Z
2021,Nebraska,Big Ten,kickReturnYards,187,2026-09-29T20:11:43Z
2021,Nebraska,Big Ten,kickReturnYardsOpponent,456,2026-09-29T20:11:43Z
2021,Nebraska,Big Ten,netPassingYards,3197,2026-09-29T20:11:43Z
2021,Nebraska,Big Ten,netPassingYardsOpponent,2629,2026-09-29T20:11:43Z
2021,Nebraska,Big Ten,passAttempts,342,2026-09-29T20:11:43Z
2021,Nebraska,Big Ten,passAttemptsOpponent,404,2026-09-29T20:11:43Z
2021,Nebraska,Big Ten,passCompletions,215,2026-09-29T20:11:43Z
2021,Nebraska,Big Ten,passCompletionsOpponent,261,2026-09-29T20:11:43Z
2021,Nebraska,Big Ten,passesIntercepted,10,2026-09-29T20:11:43Z
2021,Nebraska,Big Ten,passesInterceptedOpponent,11,2026-09-29T20:11:43Z
2021,Nebraska,Big Ten,passingTDs,14,2026-09-29T20:11:43Z
2021,Nebraska,Big Ten,passingTDsOpponent,14,2026-09-29T20:11:43Z
2021,Nebraska,Big Ten,penalties,63,2026-09-29T20:11:43Z
2021,Nebraska,Big Ten,penaltiesOpponent,61,2026-09-29T20:11:43Z
2021,Nebraska,Big Ten,penaltyYards,540,2026-09-29T20:11:43Z
2021,Nebraska,Big Ten,penaltyYardsOpponent,552,2026-09-29T20:11:43Z
2021,Nebraska,Big Ten,possessionTime,20798,2026-09-29T20:11:43Z
2021,Nebraska,Big Ten,possessionTimeOpponent,22402,2026-09-29T20:11:43Z
2021,Nebraska,Big Ten,puntReturns,9,2026-09-29T20:11:43Z
2021,Nebraska,Big Ten,puntReturnsOpponent,15,2026-09-29T20:11:43Z
2021,Nebraska,Big Ten,puntReturnTDs,0,2026-09-29T20:11:43Z
2021,Nebraska,Big Ten,puntReturnTDsOpponent,2,2026-09-29T20:11:43Z
2021,Nebraska,Big Ten,puntReturnYards,30,2026-09-29T20:11:43Z
2021,Nebraska,Big Ten,puntReturnYardsOpponent,131,2026-09-29T20:11:43Z
2021,Nebraska,Big Ten,rushingAttempts,490,2026-09-29T20:11:43Z
2021,Nebraska,Big Ten,rushingAttemptsOpponent,424,2026-09-29T20:11:43Z
2021,Nebraska,Big Ten,rushingTDs,31,2026-09-29T20:11:43Z
2021,Nebraska,Big Ten,rushingTDsOpponent,12,2026-09-29T20:11:43Z
2021,Nebraska,Big Ten,rushingYards,2174,2026-09-29T20:11:43Z
2021,Nebraska,Big Ten,rushingYardsOpponent,1763,2026-09-29T20:11:43Z
2021,Nebraska,Big Ten,sacks,20,2026-09-29T20:11:43Z
2021,Nebraska,Big Ten,sacksOpponent,29,2026-09-29T20:11:43Z
2021,Nebraska,Big Ten,tacklesForLoss,67,2026-09-29T20:11:43Z
2021,Nebraska,Big Ten,tacklesForLossOpponent,65,2026-09-29T20:11:43Z
2021,Nebraska,Big Ten,thirdDownConversions,65,2026-09-29T20:11:43Z
2021,Nebraska,Big Ten,thirdDownConversionsOpponent,65,2026-09-29T20:11:43Z
2021,Nebraska,Big Ten,thirdDowns,159,2026-09-29T20:11:43Z
2021,Nebraska,Big Ten,thirdDownsOpponent,167,2026-09-29T20:11:43Z
2021,Nebraska,Big Ten,totalYards,5371,2026-09-29T20:11:43Z
2021,Nebraska,Big Ten,totalYardsOpponent,4392,2026-09-29T20:11:43Z
2021,Nebraska,Big Ten,turnovers,18,2026-09-29T20:11:43Z
2021,Nebraska,Big Ten,turnoversOpponent,13,2026-09-29T20:11:43Z
2021,Nevada,Mountain West,firstDowns,289,2026-09-29T20:11:43Z
2021,Nevada,Mountain West,firstDownsOpponent,275,2026-09-29T20:11:43Z
2021,Nevada,Mountain West,fourthDownConversions,12,2026-09-29T20:11:43Z
2021,Nevada,Mountain West,fourthDownConversionsOpponent,14,2026-09-29T20:11:43Z
2021,Nevada,Mountain West,fourthDowns,21,2026-09-29T20:11:43Z
2021,Nevada,Mountain West,fourthDownsOpponent,28,2026-09-29T20:11:43Z
2021,Nevada,Mountain West,fumblesLost,2,2026-09-29T20:11:43Z
2021,Nevada,Mountain West,fumblesLostOpponent,13,2026-09-29T20:11:43Z
2021,Nevada,Mountain West,fumblesRecovered,21,2026-09-29T20:11:43Z
2021,Nevada,Mountain West,fumblesRecoveredOpponent,2,2026-09-29T20:11:43Z
2021,Nevada,Mountain West,games,13,2026-09-29T20:11:43Z
2021,Nevada,Mountain West,interceptions,9,2026-09-29T20:11:43Z
2021,Nevada,Mountain West,interceptionsOpponent,14,2026-09-29T20:11:43Z
2021,Nevada,Mountain West,interceptionTDs,3,2026-09-29T20:11:43Z
2021,Nevada,Mountain West,interceptionTDsOpponent,0,2026-09-29T20:11:43Z
2021,Nevada,Mountain West,interceptionYards,219,2026-09-29T20:11:43Z
2021,Nevada,Mountain West,interceptionYardsOpponent,85,2026-09-29T20:11:43Z
2021,Nevada,Mountain West,kickReturns,39,2026-09-29T20:11:43Z
2021,Nevada,Mountain West,kickReturnsOpponent,27,2026-09-29T20:11:43Z
2021,Nevada,Mountain West,kickReturnTDs,0,2026-09-29T20:11:43Z
2021,Nevada,Mountain West,kickReturnTDsOpponent,1,2026-09-29T20:11:43Z
2021,Nevada,Mountain West,kickReturnYards,810,2026-09-29T20:11:43Z
2021,Nevada,Mountain West,kickReturnYardsOpponent,597,2026-09-29T20:11:43Z
2021,Nevada,Mountain West,netPassingYards,4511,2026-09-29T20:11:43Z
2021,Nevada,Mountain West,netPassingYardsOpponent,2867,2026-09-29T20:11:43Z
2021,Nevada,Mountain West,passAttempts,572,2026-09-29T20:11:43Z
2021,Nevada,Mountain West,passAttemptsOpponent,436,2026-09-29T20:11:43Z
2021,Nevada,Mountain West,passCompletions,395,2026-09-29T20:11:43Z
2021,Nevada,Mountain West,passCompletionsOpponent,270,2026-09-29T20:11:43Z
2021,Nevada,Mountain West,passesIntercepted,14,2026-09-29T20:11:43Z
2021,Nevada,Mountain West,passesInterceptedOpponent,9,2026-09-29T20:11:43Z
2021,Nevada,Mountain West,passingTDs,38,2026-09-29T20:11:43Z
2021,Nevada,Mountain West,passingTDsOpponent,19,2026-09-29T20:11:43Z
2021,Nevada,Mountain West,penalties,85,2026-09-29T20:11:43Z
2021,Nevada,Mountain West,penaltiesOpponent,68,2026-09-29T20:11:43Z
2021,Nevada,Mountain West,penaltyYards,716,2026-09-29T20:11:43Z
2021,Nevada,Mountain West,penaltyYardsOpponent,643,2026-09-29T20:11:43Z
2021,Nevada,Mountain West,possessionTime,22524,2026-09-29T20:11:43Z
2021,Nevada,Mountain West,possessionTimeOpponent,24276,2026-09-29T20:11:43Z
2021,Nevada,Mountain West,puntReturns,19,2026-09-29T20:11:43Z
2021,Nevada,Mountain West,puntReturnsOpponent,14,2026-09-29T20:11:43Z
2021,Nevada,Mountain West,puntReturnTDs,0,2026-09-29T20:11:43Z
2021,Nevada,Mountain West,puntReturnTDsOpponent,0,2026-09-29T20:11:43Z
2021,Nevada,Mountain West,puntReturnYards,223,2026-09-29T20:11:43Z
2021,Nevada,Mountain West,puntReturnYardsOpponent,142,2026-09-29T20:11:43Z
2021,Nevada,Mountain West,rushingAttempts,337,2026-09-29T20:11:43Z
2021,Nevada,Mountain West,rushingAttemptsOpponent,515,2026-09-29T20:11:43Z
2021,Nevada,Mountain West,rushingTDs,13,2026-09-29T20:11:43Z
2021,Nevada,Mountain West,rushingTDsOpponent,23,2026-09-29T20:11:43Z
2021,Nevada,Mountain West,rushingYards,1006,2026-09-29T20:11:43Z
2021,Nevada,Mountain West,rushingYardsOpponent,2441,2026-09-29T20:11:43Z
2021,Nevada,Mountain West,sacks,41,2026-09-29T20:11:43Z
2021,Nevada,Mountain West,sacksOpponent,44,2026-09-29T20:11:43Z
2021,Nevada,Mountain West,tacklesForLoss,79,2026-09-29T20:11:43Z
2021,Nevada,Mountain West,tacklesForLossOpponent,89,2026-09-29T20:11:43Z
2021,Nevada,Mountain West,thirdDownConversions,78,2026-09-29T20:11:43Z
2021,Nevada,Mountain West,thirdDownConversionsOpponent,74,2026-09-29T20:11:43Z
2021,Nevada,Mountain West,thirdDowns,188,2026-09-29T20:11:43Z
2021,Nevada,Mountain West,thirdDownsOpponent,190,2026-09-29T20:11:43Z
2021,Nevada,Mountain West,totalYards,5517,2026-09-29T20:11:43Z
2021,Nevada,Mountain West,totalYardsOpponent,5308,2026-09-29T20:11:43Z
2021,Nevada,Mountain West,turnovers,11,2026-09-29T20:11:43Z
2021,Nevada,Mountain West,turnoversOpponent,27,2026-09-29T20:11:43Z
2021,New Mexico,Mountain West,firstDowns,165,2026-09-29T20:11:43Z
2021,New Mexico,Mountain West,firstDownsOpponent,224,2026-09-29T20:11:43Z
2021,New Mexico,Mountain West,fourthDownConversions,7,2026-09-29T20:11:43Z
2021,New Mexico,Mountain West,fourthDownConversionsOpponent,11,2026-09-29T20:11:43Z
2021,New Mexico,Mountain West,fourthDowns,21,2026-09-29T20:11:43Z
2021,New Mexico,Mountain West,fourthDownsOpponent,15,2026-09-29T20:11:43Z
2021,New Mexico,Mountain West,fumblesLost,12,2026-09-29T20:11:43Z
2021,New Mexico,Mountain West,fumblesLostOpponent,5,2026-09-29T20:11:43Z
2021,New Mexico,Mountain West,fumblesRecovered,5,2026-09-29T20:11:43Z
2021,New Mexico,Mountain West,fumblesRecoveredOpponent,16,2026-09-29T20:11:43Z
2021,New Mexico,Mountain West,games,12,2026-09-29T20:11:43Z
2021,New Mexico,Mountain West,interceptions,8,2026-09-29T20:11:43Z
2021,New Mexico,Mountain West,interceptionsOpponent,9,2026-09-29T20:11:43Z
2021,New Mexico,Mountain West,interceptionTDs,0,2026-09-29T20:11:43Z
2021,New Mexico,Mountain West,interceptionTDsOpponent,0,2026-09-29T20:11:43Z
2021,New Mexico,Mountain West,interceptionYards,24,2026-09-29T20:11:43Z
2021,New Mexico,Mountain West,interceptionYardsOpponent,72,2026-09-29T20:11:43Z
2021,New Mexico,Mountain West,kickReturns,43,2026-09-29T20:11:43Z
2021,New Mexico,Mountain West,kickReturnsOpponent,13,2026-09-29T20:11:43Z
2021,New Mexico,Mountain West,kickReturnTDs,0,2026-09-29T20:11:43Z
2021,New Mexico,Mountain West,kickReturnTDsOpponent,0,2026-09-29T20:11:43Z
2021,New Mexico,Mountain West,kickReturnYards,993,2026-09-29T20:11:43Z
2021,New Mexico,Mountain West,kickReturnYardsOpponent,280,2026-09-29T20:11:43Z
2021,New Mexico,Mountain West,netPassingYards,1369,2026-09-29T20:11:43Z
2021,New Mexico,Mountain West,netPassingYardsOpponent,2638,2026-09-29T20:11:43Z
2021,New Mexico,Mountain West,passAttempts,260,2026-09-29T20:11:43Z
2021,New Mexico,Mountain West,passAttemptsOpponent,351,2026-09-29T20:11:43Z
2021,New Mexico,Mountain West,passCompletions,143,2026-09-29T20:11:43Z
2021,New Mexico,Mountain West,passCompletionsOpponent,197,2026-09-29T20:11:43Z
2021,New Mexico,Mountain West,passesIntercepted,9,2026-09-29T20:11:43Z
2021,New Mexico,Mountain West,passesInterceptedOpponent,8,2026-09-29T20:11:43Z
2021,New Mexico,Mountain West,passingTDs,10,2026-09-29T20:11:43Z
2021,New Mexico,Mountain West,passingTDsOpponent,19,2026-09-29T20:11:43Z
2021,New Mexico,Mountain West,penalties,83,2026-09-29T20:11:43Z
2021,New Mexico,Mountain West,penaltiesOpponent,73,2026-09-29T20:11:43Z
2021,New Mexico,Mountain West,penaltyYards,685,2026-09-29T20:11:43Z
2021,New Mexico,Mountain West,penaltyYardsOpponent,659,2026-09-29T20:11:43Z
2021,New Mexico,Mountain West,possessionTime,21502,2026-09-29T20:11:43Z
2021,New Mexico,Mountain West,possessionTimeOpponent,21698,2026-09-29T20:11:43Z
2021,New Mexico,Mountain West,puntReturns,16,2026-09-29T20:11:43Z
2021,New Mexico,Mountain West,puntReturnsOpponent,28,2026-09-29T20:11:43Z
2021,New Mexico,Mountain West,puntReturnTDs,1,2026-09-29T20:11:43Z
2021,New Mexico,Mountain West,puntReturnTDsOpponent,2,2026-09-29T20:11:43Z
2021,New Mexico,Mountain West,puntReturnYards,196,2026-09-29T20:11:43Z
2021,New Mexico,Mountain West,puntReturnYardsOpponent,250,2026-09-29T20:11:43Z
2021,New Mexico,Mountain West,rushingAttempts,465,2026-09-29T20:11:43Z
2021,New Mexico,Mountain West,rushingAttemptsOpponent,464,2026-09-29T20:11:43Z
2021,New Mexico,Mountain West,rushingTDs,5,2026-09-29T20:11:43Z
2021,New Mexico,Mountain West,rushingTDsOpponent,17,2026-09-29T20:11:43Z
2021,New Mexico,Mountain West,rushingYards,1434,2026-09-29T20:11:43Z
2021,New Mexico,Mountain West,rushingYardsOpponent,1719,2026-09-29T20:11:43Z
2021,New Mexico,Mountain West,sacks,25,2026-09-29T20:11:43Z
2021,New Mexico,Mountain West,sacksOpponent,34,2026-09-29T20:11:43Z
2021,New Mexico,Mountain West,tacklesForLoss,62,2026-09-29T20:11:43Z
2021,New Mexico,Mountain West,tacklesForLossOpponent,92,2026-09-29T20:11:43Z
2021,New Mexico,Mountain West,thirdDownConversions,43,2026-09-29T20:11:43Z
2021,New Mexico,Mountain West,thirdDownConversionsOpponent,67,2026-09-29T20:11:43Z
2021,New Mexico,Mountain West,thirdDowns,169,2026-09-29T20:11:43Z
2021,New Mexico,Mountain West,thirdDownsOpponent,175,2026-09-29T20:11:43Z
2021,New Mexico,Mountain West,totalYards,2803,2026-09-29T20:11:43Z
2021,New Mexico,Mountain West,totalYardsOpponent,4357,2026-09-29T20:11:43Z
2021,New Mexico,Mountain West,turnovers,20,2026-09-29T20:11:43Z
2021,New Mexico,Mountain West,turnoversOpponent,14,2026-09-29T20:11:43Z
2021,New Mexico State,FBS Independents,firstDowns,263,2026-09-29T20:11:43Z
2021,New Mexico State,FBS Independents,firstDownsOpponent,277,2026-09-29T20:11:43Z
2021,New Mexico State,FBS Independents,fourthDownConversions,9,2026-09-29T20:11:43Z
2021,New Mexico State,FBS Independents,fourthDownConversionsOpponent,8,2026-09-29T20:11:43Z
2021,New Mexico State,FBS Independents,fourthDowns,20,2026-09-29T20:11:43Z
2021,New Mexico State,FBS Independents,fourthDownsOpponent,15,2026-09-29T20:11:43Z
2021,New Mexico State,FBS Independents,fumblesLost,6,2026-09-29T20:11:43Z
2021,New Mexico State,FBS Independents,fumblesLostOpponent,10,2026-09-29T20:11:43Z
2021,New Mexico State,FBS Independents,fumblesRecovered,14,2026-09-29T20:11:43Z
2021,New Mexico State,FBS Independents,fumblesRecoveredOpponent,9,2026-09-29T20:11:43Z
2021,New Mexico State,FBS Independents,games,12,2026-09-29T20:11:43Z
2021,New Mexico State,FBS Independents,interceptions,10,2026-09-29T20:11:43Z
2021,New Mexico State,FBS Independents,interceptionsOpponent,10,2026-09-29T20:11:43Z
2021,New Mexico State,FBS Independents,interceptionTDs,0,2026-09-29T20:11:43Z
2021,New Mexico State,FBS Independents,interceptionTDsOpponent,4,2026-09-29T20:11:43Z
2021,New Mexico State,FBS Independents,interceptionYards,102,2026-09-29T20:11:43Z
2021,New Mexico State,FBS Independents,interceptionYardsOpponent,281,2026-09-29T20:11:43Z
2021,New Mexico State,FBS Independents,kickReturns,29,2026-09-29T20:11:43Z
2021,New Mexico State,FBS Independents,kickReturnsOpponent,23,2026-09-29T20:11:43Z
2021,New Mexico State,FBS Independents,kickReturnTDs,0,2026-09-29T20:11:43Z
2021,New Mexico State,FBS Independents,kickReturnTDsOpponent,0,2026-09-29T20:11:43Z
2021,New Mexico State,FBS Independents,kickReturnYards,449,2026-09-29T20:11:43Z
2021,New Mexico State,FBS Independents,kickReturnYardsOpponent,440,2026-09-29T20:11:43Z
2021,New Mexico State,FBS Independents,netPassingYards,3236,2026-09-29T20:11:43Z
2021,New Mexico State,FBS Independents,netPassingYardsOpponent,3492,2026-09-29T20:11:43Z
2021,New Mexico State,FBS Independents,passAttempts,518,2026-09-29T20:11:43Z
2021,New Mexico State,FBS Independents,passAttemptsOpponent,369,2026-09-29T20:11:43Z
2021,New Mexico State,FBS Independents,passCompletions,296,2026-09-29T20:11:43Z
2021,New Mexico State,FBS Independents,passCompletionsOpponent,252,2026-09-29T20:11:43Z
2021,New Mexico State,FBS Independents,passesIntercepted,10,2026-09-29T20:11:43Z
2021,New Mexico State,FBS Independents,passesInterceptedOpponent,10,2026-09-29T20:11:43Z
2021,New Mexico State,FBS Independents,passingTDs,15,2026-09-29T20:11:43Z
2021,New Mexico State,FBS Independents,passingTDsOpponent,32,2026-09-29T20:11:43Z
2021,New Mexico State,FBS Independents,penalties,83,2026-09-29T20:11:43Z
2021,New Mexico State,FBS Independents,penaltiesOpponent,88,2026-09-29T20:11:43Z
2021,New Mexico State,FBS Independents,penaltyYards,722,2026-09-29T20:11:43Z
2021,New Mexico State,FBS Independents,penaltyYardsOpponent,836,2026-09-29T20:11:43Z
2021,New Mexico State,FBS Independents,possessionTime,21976,2026-09-29T20:11:43Z
2021,New Mexico State,FBS Independents,possessionTimeOpponent,21224,2026-09-29T20:11:43Z
2021,New Mexico State,FBS Independents,puntReturns,10,2026-09-29T20:11:43Z
2021,New Mexico State,FBS Independents,puntReturnsOpponent,20,2026-09-29T20:11:43Z
2021,New Mexico State,FBS Independents,puntReturnTDs,0,2026-09-29T20:11:43Z
2021,New Mexico State,FBS Independents,puntReturnTDsOpponent,0,2026-09-29T20:11:43Z
2021,New Mexico State,FBS Independents,puntReturnYards,45,2026-09-29T20:11:43Z
2021,New Mexico State,FBS Independents,puntReturnYardsOpponent,207,2026-09-29T20:11:43Z
2021,New Mexico State,FBS Independents,rushingAttempts,370,2026-09-29T20:11:43Z
2021,New Mexico State,FBS Independents,rushingAttemptsOpponent,429,2026-09-29T20:11:43Z
2021,New Mexico State,FBS Independents,rushingTDs,15,2026-09-29T20:11:43Z
2021,New Mexico State,FBS Independents,rushingTDsOpponent,26,2026-09-29T20:11:43Z
2021,New Mexico State,FBS Independents,rushingYards,1207,2026-09-29T20:11:43Z
2021,New Mexico State,FBS Independents,rushingYardsOpponent,2350,2026-09-29T20:11:43Z
2021,New Mexico State,FBS Independents,sacks,19,2026-09-29T20:11:43Z
2021,New Mexico State,FBS Independents,sacksOpponent,40,2026-09-29T20:11:43Z
2021,New Mexico State,FBS Independents,tacklesForLoss,72,2026-09-29T20:11:43Z
2021,New Mexico State,FBS Independents,tacklesForLossOpponent,87,2026-09-29T20:11:43Z
2021,New Mexico State,FBS Independents,thirdDownConversions,72,2026-09-29T20:11:43Z
2021,New Mexico State,FBS Independents,thirdDownConversionsOpponent,55,2026-09-29T20:11:43Z
2021,New Mexico State,FBS Independents,thirdDowns,191,2026-09-29T20:11:43Z
2021,New Mexico State,FBS Independents,thirdDownsOpponent,135,2026-09-29T20:11:43Z
2021,New Mexico State,FBS Independents,totalYards,4443,2026-09-29T20:11:43Z
2021,New Mexico State,FBS Independents,totalYardsOpponent,5842,2026-09-29T20:11:43Z
2021,New Mexico State,FBS Independents,turnovers,16,2026-09-29T20:11:43Z
2021,New Mexico State,FBS Independents,turnoversOpponent,20,2026-09-29T20:11:43Z
2021,North Carolina,ACC,firstDowns,310,2026-09-29T20:11:43Z
2021,North Carolina,ACC,firstDownsOpponent,297,2026-09-29T20:11:43Z
2021,North Carolina,ACC,fourthDownConversions,11,2026-09-29T20:11:43Z
2021,North Carolina,ACC,fourthDownConversionsOpponent,10,2026-09-29T20:11:43Z
2021,North Carolina,ACC,fourthDowns,19,2026-09-29T20:11:43Z
2021,North Carolina,ACC,fourthDownsOpponent,17,2026-09-29T20:11:43Z
2021,North Carolina,ACC,fumblesLost,5,2026-09-29T20:11:43Z
2021,North Carolina,ACC,fumblesLostOpponent,4,2026-09-29T20:11:43Z
2021,North Carolina,ACC,fumblesRecovered,5,2026-09-29T20:11:43Z
2021,North Carolina,ACC,fumblesRecoveredOpponent,5,2026-09-29T20:11:43Z
2021,North Carolina,ACC,games,13,2026-09-29T20:11:43Z
2021,North Carolina,ACC,interceptions,9,2026-09-29T20:11:43Z
2021,North Carolina,ACC,interceptionsOpponent,11,2026-09-29T20:11:43Z
2021,North Carolina,ACC,interceptionTDs,0,2026-09-29T20:11:43Z
2021,North Carolina,ACC,interceptionTDsOpponent,1,2026-09-29T20:11:43Z
2021,North Carolina,ACC,interceptionYards,71,2026-09-29T20:11:43Z
2021,North Carolina,ACC,interceptionYardsOpponent,129,2026-09-29T20:11:43Z
2021,North Carolina,ACC,kickReturns,25,2026-09-29T20:11:43Z
2021,North Carolina,ACC,kickReturnsOpponent,16,2026-09-29T20:11:43Z
2021,North Carolina,ACC,kickReturnTDs,0,2026-09-29T20:11:43Z
2021,North Carolina,ACC,kickReturnTDsOpponent,0,2026-09-29T20:11:43Z
2021,North Carolina,ACC,kickReturnYards,361,2026-09-29T20:11:43Z
2021,North Carolina,ACC,kickReturnYardsOpponent,320,2026-09-29T20:11:43Z
2021,North Carolina,ACC,netPassingYards,3324,2026-09-29T20:11:43Z
2021,North Carolina,ACC,netPassingYardsOpponent,3094,2026-09-29T20:11:43Z
2021,North Carolina,ACC,passAttempts,382,2026-09-29T20:11:43Z
2021,North Carolina,ACC,passAttemptsOpponent,385,2026-09-29T20:11:43Z
2021,North Carolina,ACC,passCompletions,237,2026-09-29T20:11:43Z
2021,North Carolina,ACC,passCompletionsOpponent,234,2026-09-29T20:11:43Z
2021,North Carolina,ACC,passesIntercepted,11,2026-09-29T20:11:43Z
2021,North Carolina,ACC,passesInterceptedOpponent,9,2026-09-29T20:11:43Z
2021,North Carolina,ACC,passingTDs,26,2026-09-29T20:11:43Z
2021,North Carolina,ACC,passingTDsOpponent,27,2026-09-29T20:11:43Z
2021,North Carolina,ACC,penalties,95,2026-09-29T20:11:43Z
2021,North Carolina,ACC,penaltiesOpponent,81,2026-09-29T20:11:43Z
2021,North Carolina,ACC,penaltyYards,900,2026-09-29T20:11:43Z
2021,North Carolina,ACC,penaltyYardsOpponent,713,2026-09-29T20:11:43Z
2021,North Carolina,ACC,possessionTime,23155,2026-09-29T20:11:43Z
2021,North Carolina,ACC,possessionTimeOpponent,23645,2026-09-29T20:11:43Z
2021,North Carolina,ACC,puntReturns,17,2026-09-29T20:11:43Z
2021,North Carolina,ACC,puntReturnsOpponent,25,2026-09-29T20:11:43Z
2021,North Carolina,ACC,puntReturnTDs,0,2026-09-29T20:11:43Z
2021,North Carolina,ACC,puntReturnTDsOpponent,1,2026-09-29T20:11:43Z
2021,North Carolina,ACC,puntReturnYards,149,2026-09-29T20:11:43Z
2021,North Carolina,ACC,puntReturnYardsOpponent,225,2026-09-29T20:11:43Z
2021,North Carolina,ACC,rushingAttempts,513,2026-09-29T20:11:43Z
2021,North Carolina,ACC,rushingAttemptsOpponent,504,2026-09-29T20:11:43Z
2021,North Carolina,ACC,rushingTDs,30,2026-09-29T20:11:43Z
2021,North Carolina,ACC,rushingTDsOpponent,23,2026-09-29T20:11:43Z
2021,North Carolina,ACC,rushingYards,2765,2026-09-29T20:11:43Z
2021,North Carolina,ACC,rushingYardsOpponent,2346,2026-09-29T20:11:43Z
2021,North Carolina,ACC,sacks,29,2026-09-29T20:11:43Z
2021,North Carolina,ACC,sacksOpponent,50,2026-09-29T20:11:43Z
2021,North Carolina,ACC,tacklesForLoss,71,2026-09-29T20:11:43Z
2021,North Carolina,ACC,tacklesForLossOpponent,94,2026-09-29T20:11:43Z
2021,North Carolina,ACC,thirdDownConversions,71,2026-09-29T20:11:43Z
2021,North Carolina,ACC,thirdDownConversionsOpponent,73,2026-09-29T20:11:43Z
2021,North Carolina,ACC,thirdDowns,165,2026-09-29T20:11:43Z
2021,North Carolina,ACC,thirdDownsOpponent,175,2026-09-29T20:11:43Z
2021,North Carolina,ACC,totalYards,6089,2026-09-29T20:11:43Z
2021,North Carolina,ACC,totalYardsOpponent,5440,2026-09-29T20:11:43Z
2021,North Carolina,ACC,turnovers,14,2026-09-29T20:11:43Z
2021,North Carolina,ACC,turnoversOpponent,15,2026-09-29T20:11:43Z
2021,Northern Illinois,Mid-American,firstDowns,321,2026-09-29T20:11:43Z
2021,Northern Illinois,Mid-American,firstDownsOpponent,309,2026-09-29T20:11:43Z
2021,Northern Illinois,Mid-American,fourthDownConversions,26,2026-09-29T20:11:43Z
2021,Northern Illinois,Mid-American,fourthDownConversionsOpponent,12,2026-09-29T20:11:43Z
2021,Northern Illinois,Mid-American,fourthDowns,31,2026-09-29T20:11:43Z
2021,Northern Illinois,Mid-American,fourthDownsOpponent,29,2026-09-29T20:11:43Z
2021,Northern Illinois,Mid-American,fumblesLost,10,2026-09-29T20:11:43Z
2021,Northern Illinois,Mid-American,fumblesLostOpponent,8,2026-09-29T20:11:43Z
2021,Northern Illinois,Mid-American,fumblesRecovered,9,2026-09-29T20:11:43Z
2021,Northern Illinois,Mid-American,fumblesRecoveredOpponent,12,2026-09-29T20:11:43Z
2021,Northern Illinois,Mid-American,games,14,2026-09-29T20:11:43Z
2021,Northern Illinois,Mid-American,interceptions,8,2026-09-29T20:11:43Z
2021,Northern Illinois,Mid-American,interceptionsOpponent,3,2026-09-29T20:11:43Z
2021,Northern Illinois,Mid-American,interceptionTDs,2,2026-09-29T20:11:43Z
2021,Northern Illinois,Mid-American,interceptionTDsOpponent,1,2026-09-29T20:11:43Z
2021,Northern Illinois,Mid-American,interceptionYards,83,2026-09-29T20:11:43Z
2021,Northern Illinois,Mid-American,interceptionYardsOpponent,109,2026-09-29T20:11:43Z
2021,Northern Illinois,Mid-American,kickReturns,41,2026-09-29T20:11:43Z
2021,Northern Illinois,Mid-American,kickReturnsOpponent,52,2026-09-29T20:11:43Z
2021,Northern Illinois,Mid-American,kickReturnTDs,1,2026-09-29T20:11:43Z
2021,Northern Illinois,Mid-American,kickReturnTDsOpponent,0,2026-09-29T20:11:43Z
2021,Northern Illinois,Mid-American,kickReturnYards,748,2026-09-29T20:11:43Z
2021,Northern Illinois,Mid-American,kickReturnYardsOpponent,756,2026-09-29T20:11:43Z
2021,Northern Illinois,Mid-American,netPassingYards,2623,2026-09-29T20:11:43Z
2021,Northern Illinois,Mid-American,netPassingYardsOpponent,3332,2026-09-29T20:11:43Z
2021,Northern Illinois,Mid-American,passAttempts,355,2026-09-29T20:11:43Z
2021,Northern Illinois,Mid-American,passAttemptsOpponent,408,2026-09-29T20:11:43Z
2021,Northern Illinois,Mid-American,passCompletions,205,2026-09-29T20:11:43Z
2021,Northern Illinois,Mid-American,passCompletionsOpponent,246,2026-09-29T20:11:43Z
2021,Northern Illinois,Mid-American,passesIntercepted,3,2026-09-29T20:11:43Z
2021,Northern Illinois,Mid-American,passesInterceptedOpponent,8,2026-09-29T20:11:43Z
2021,Northern Illinois,Mid-American,passingTDs,15,2026-09-29T20:11:43Z
2021,Northern Illinois,Mid-American,passingTDsOpponent,27,2026-09-29T20:11:43Z
2021,Northern Illinois,Mid-American,penalties,70,2026-09-29T20:11:43Z
2021,Northern Illinois,Mid-American,penaltiesOpponent,77,2026-09-29T20:11:43Z
2021,Northern Illinois,Mid-American,penaltyYards,634,2026-09-29T20:11:43Z
2021,Northern Illinois,Mid-American,penaltyYardsOpponent,651,2026-09-29T20:11:43Z
2021,Northern Illinois,Mid-American,possessionTime,28145,2026-09-29T20:11:43Z
2021,Northern Illinois,Mid-American,possessionTimeOpponent,22255,2026-09-29T20:11:43Z
2021,Northern Illinois,Mid-American,puntReturns,11,2026-09-29T20:11:43Z
2021,Northern Illinois,Mid-American,puntReturnsOpponent,18,2026-09-29T20:11:43Z
2021,Northern Illinois,Mid-American,puntReturnTDs,0,2026-09-29T20:11:43Z
2021,Northern Illinois,Mid-American,puntReturnTDsOpponent,0,2026-09-29T20:11:43Z
2021,Northern Illinois,Mid-American,puntReturnYards,61,2026-09-29T20:11:43Z
2021,Northern Illinois,Mid-American,puntReturnYardsOpponent,176,2026-09-29T20:11:43Z
2021,Northern Illinois,Mid-American,rushingAttempts,649,2026-09-29T20:11:43Z
2021,Northern Illinois,Mid-American,rushingAttemptsOpponent,517,2026-09-29T20:11:43Z
2021,Northern Illinois,Mid-American,rushingTDs,36,2026-09-29T20:11:43Z
2021,Northern Illinois,Mid-American,rushingTDsOpponent,33,2026-09-29T20:11:43Z
2021,Northern Illinois,Mid-American,rushingYards,3381,2026-09-29T20:11:43Z
2021,Northern Illinois,Mid-American,rushingYardsOpponent,3003,2026-09-29T20:11:43Z
2021,Northern Illinois,Mid-American,sacks,19,2026-09-29T20:11:43Z
2021,Northern Illinois,Mid-American,sacksOpponent,11,2026-09-29T20:11:43Z
2021,Northern Illinois,Mid-American,tacklesForLoss,62,2026-09-29T20:11:43Z
2021,Northern Illinois,Mid-American,tacklesForLossOpponent,76,2026-09-29T20:11:43Z
2021,Northern Illinois,Mid-American,thirdDownConversions,73,2026-09-29T20:11:43Z
2021,Northern Illinois,Mid-American,thirdDownConversionsOpponent,71,2026-09-29T20:11:43Z
2021,Northern Illinois,Mid-American,thirdDowns,195,2026-09-29T20:11:43Z
2021,Northern Illinois,Mid-American,thirdDownsOpponent,172,2026-09-29T20:11:43Z
2021,Northern Illinois,Mid-American,totalYards,6004,2026-09-29T20:11:43Z
2021,Northern Illinois,Mid-American,totalYardsOpponent,6335,2026-09-29T20:11:43Z
2021,Northern Illinois,Mid-American,turnovers,18,2026-09-29T20:11:43Z
2021,Northern Illinois,Mid-American,turnoversOpponent,11,2026-09-29T20:11:43Z
2021,North Texas,Conference USA,firstDowns,299,2026-09-29T20:11:43Z
2021,North Texas,Conference USA,firstDownsOpponent,249,2026-09-29T20:11:43Z
2021,North Texas,Conference USA,fourthDownConversions,16,2026-09-29T20:11:43Z
2021,North Texas,Conference USA,fourthDownConversionsOpponent,13,2026-09-29T20:11:43Z
2021,North Texas,Conference USA,fourthDowns,39,2026-09-29T20:11:43Z
2021,North Texas,Conference USA,fourthDownsOpponent,21,2026-09-29T20:11:43Z
2021,North Texas,Conference USA,fumblesLost,5,2026-09-29T20:11:43Z
2021,North Texas,Conference USA,fumblesLostOpponent,12,2026-09-29T20:11:43Z
2021,North Texas,Conference USA,fumblesRecovered,18,2026-09-29T20:11:43Z
2021,North Texas,Conference USA,fumblesRecoveredOpponent,7,2026-09-29T20:11:43Z
2021,North Texas,Conference USA,games,13,2026-09-29T20:11:43Z
2021,North Texas,Conference USA,interceptions,14,2026-09-29T20:11:43Z
2021,North Texas,Conference USA,interceptionsOpponent,6,2026-09-29T20:11:43Z
2021,North Texas,Conference USA,interceptionTDs,0,2026-09-29T20:11:43Z
2021,North Texas,Conference USA,interceptionTDsOpponent,2,2026-09-29T20:11:43Z
2021,North Texas,Conference USA,interceptionYards,114,2026-09-29T20:11:43Z
2021,North Texas,Conference USA,interceptionYardsOpponent,179,2026-09-29T20:11:43Z
2021,North Texas,Conference USA,kickReturns,24,2026-09-29T20:11:43Z
2021,North Texas,Conference USA,kickReturnsOpponent,35,2026-09-29T20:11:43Z
2021,North Texas,Conference USA,kickReturnTDs,0,2026-09-29T20:11:43Z
2021,North Texas,Conference USA,kickReturnTDsOpponent,0,2026-09-29T20:11:43Z
2021,North Texas,Conference USA,kickReturnYards,442,2026-09-29T20:11:43Z
2021,North Texas,Conference USA,kickReturnYardsOpponent,663,2026-09-29T20:11:43Z
2021,North Texas,Conference USA,netPassingYards,2562,2026-09-29T20:11:43Z
2021,North Texas,Conference USA,netPassingYardsOpponent,2943,2026-09-29T20:11:43Z
2021,North Texas,Conference USA,passAttempts,394,2026-09-29T20:11:43Z
2021,North Texas,Conference USA,passAttemptsOpponent,382,2026-09-29T20:11:43Z
2021,North Texas,Conference USA,passCompletions,204,2026-09-29T20:11:43Z
2021,North Texas,Conference USA,passCompletionsOpponent,228,2026-09-29T20:11:43Z
2021,North Texas,Conference USA,passesIntercepted,6,2026-09-29T20:11:43Z
2021,North Texas,Conference USA,passesInterceptedOpponent,14,2026-09-29T20:11:43Z
2021,North Texas,Conference USA,passingTDs,12,2026-09-29T20:11:43Z
2021,North Texas,Conference USA,passingTDsOpponent,25,2026-09-29T20:11:43Z
2021,North Texas,Conference USA,penalties,93,2026-09-29T20:11:43Z
2021,North Texas,Conference USA,penaltiesOpponent,96,2026-09-29T20:11:43Z
2021,North Texas,Conference USA,penaltyYards,889,2026-09-29T20:11:43Z
2021,North Texas,Conference USA,penaltyYardsOpponent,843,2026-09-29T20:11:43Z
2021,North Texas,Conference USA,possessionTime,23285,2026-09-29T20:11:43Z
2021,North Texas,Conference USA,possessionTimeOpponent,23525,2026-09-29T20:11:43Z
2021,North Texas,Conference USA,puntReturns,12,2026-09-29T20:11:43Z
2021,North Texas,Conference USA,puntReturnsOpponent,32,2026-09-29T20:11:43Z
2021,North Texas,Conference USA,puntReturnTDs,0,2026-09-29T20:11:43Z
2021,North Texas,Conference USA,puntReturnTDsOpponent,1,2026-09-29T20:11:43Z
2021,North Texas,Conference USA,puntReturnYards,93,2026-09-29T20:11:43Z
2021,North Texas,Conference USA,puntReturnYardsOpponent,307,2026-09-29T20:11:43Z
2021,North Texas,Conference USA,rushingAttempts,639,2026-09-29T20:11:43Z
2021,North Texas,Conference USA,rushingAttemptsOpponent,493,2026-09-29T20:11:43Z
2021,North Texas,Conference USA,rushingTDs,32,2026-09-29T20:11:43Z
2021,North Texas,Conference USA,rushingTDsOpponent,18,2026-09-29T20:11:43Z
2021,North Texas,Conference USA,rushingYards,3043,2026-09-29T20:11:43Z
2021,North Texas,Conference USA,rushingYardsOpponent,2028,2026-09-29T20:11:43Z
2021,North Texas,Conference USA,sacks,38,2026-09-29T20:11:43Z
2021,North Texas,Conference USA,sacksOpponent,15,2026-09-29T20:11:43Z
2021,North Texas,Conference USA,tacklesForLoss,88,2026-09-29T20:11:43Z
2021,North Texas,Conference USA,tacklesForLossOpponent,63,2026-09-29T20:11:43Z
2021,North Texas,Conference USA,thirdDownConversions,87,2026-09-29T20:11:43Z
2021,North Texas,Conference USA,thirdDownConversionsOpponent,73,2026-09-29T20:11:43Z
2021,North Texas,Conference USA,thirdDowns,210,2026-09-29T20:11:43Z
2021,North Texas,Conference USA,thirdDownsOpponent,188,2026-09-29T20:11:43Z
2021,North Texas,Conference USA,totalYards,5605,2026-09-29T20:11:43Z
2021,North Texas,Conference USA,totalYardsOpponent,4971,2026-09-29T20:11:43Z
2021,North Texas,Conference USA,turnovers,19,2026-09-29T20:11:43Z
2021,North Texas,Conference USA,turnoversOpponent,18,2026-09-29T20:11:43Z
2021,Northwestern,Big Ten,firstDowns,208,2026-09-29T20:11:43Z
2021,Northwestern,Big Ten,firstDownsOpponent,257,2026-09-29T20:11:43Z
2021,Northwestern,Big Ten,fourthDownConversions,16,2026-09-29T20:11:43Z
2021,Northwestern,Big Ten,fourthDownConversionsOpponent,7,2026-09-29T20:11:43Z
2021,Northwestern,Big Ten,fourthDowns,32,2026-09-29T20:11:43Z
2021,Northwestern,Big Ten,fourthDownsOpponent,12,2026-09-29T20:11:43Z
2021,Northwestern,Big Ten,fumblesLost,8,2026-09-29T20:11:43Z
2021,Northwestern,Big Ten,fumblesLostOpponent,10,2026-09-29T20:11:43Z
2021,Northwestern,Big Ten,fumblesRecovered,12,2026-09-29T20:11:43Z
2021,Northwestern,Big Ten,fumblesRecoveredOpponent,11,2026-09-29T20:11:43Z
2021,Northwestern,Big Ten,games,12,2026-09-29T20:11:43Z
2021,Northwestern,Big Ten,interceptions,14,2026-09-29T20:11:43Z
2021,Northwestern,Big Ten,interceptionsOpponent,6,2026-09-29T20:11:43Z
2021,Northwestern,Big Ten,interceptionTDs,0,2026-09-29T20:11:43Z
2021,Northwestern,Big Ten,interceptionTDsOpponent,0,2026-09-29T20:11:43Z
2021,Northwestern,Big Ten,interceptionYards,29,2026-09-29T20:11:43Z
2021,Northwestern,Big Ten,interceptionYardsOpponent,134,2026-09-29T20:11:43Z
2021,Northwestern,Big Ten,kickReturns,23,2026-09-29T20:11:43Z
2021,Northwestern,Big Ten,kickReturnsOpponent,27,2026-09-29T20:11:43Z
2021,Northwestern,Big Ten,kickReturnTDs,0,2026-09-29T20:11:43Z
2021,Northwestern,Big Ten,kickReturnTDsOpponent,0,2026-09-29T20:11:43Z
2021,Northwestern,Big Ten,kickReturnYards,287,2026-09-29T20:11:43Z
2021,Northwestern,Big Ten,kickReturnYardsOpponent,426,2026-09-29T20:11:43Z
2021,Northwestern,Big Ten,netPassingYards,2128,2026-09-29T20:11:43Z
2021,Northwestern,Big Ten,netPassingYardsOpponent,2598,2026-09-29T20:11:43Z
2021,Northwestern,Big Ten,passAttempts,365,2026-09-29T20:11:43Z
2021,Northwestern,Big Ten,passAttemptsOpponent,359,2026-09-29T20:11:43Z
2021,Northwestern,Big Ten,passCompletions,208,2026-09-29T20:11:43Z
2021,Northwestern,Big Ten,passCompletionsOpponent,241,2026-09-29T20:11:43Z
2021,Northwestern,Big Ten,passesIntercepted,6,2026-09-29T20:11:43Z
2021,Northwestern,Big Ten,passesInterceptedOpponent,14,2026-09-29T20:11:43Z
2021,Northwestern,Big Ten,passingTDs,13,2026-09-29T20:11:43Z
2021,Northwestern,Big Ten,passingTDsOpponent,11,2026-09-29T20:11:43Z
2021,Northwestern,Big Ten,penalties,56,2026-09-29T20:11:43Z
2021,Northwestern,Big Ten,penaltiesOpponent,72,2026-09-29T20:11:43Z
2021,Northwestern,Big Ten,penaltyYards,503,2026-09-29T20:11:43Z
2021,Northwestern,Big Ten,penaltyYardsOpponent,614,2026-09-29T20:11:43Z
2021,Northwestern,Big Ten,possessionTime,20282,2026-09-29T20:11:43Z
2021,Northwestern,Big Ten,possessionTimeOpponent,22918,2026-09-29T20:11:43Z
2021,Northwestern,Big Ten,puntReturns,18,2026-09-29T20:11:43Z
2021,Northwestern,Big Ten,puntReturnsOpponent,21,2026-09-29T20:11:43Z
2021,Northwestern,Big Ten,puntReturnTDs,0,2026-09-29T20:11:43Z
2021,Northwestern,Big Ten,puntReturnTDsOpponent,0,2026-09-29T20:11:43Z
2021,Northwestern,Big Ten,puntReturnYards,265,2026-09-29T20:11:43Z
2021,Northwestern,Big Ten,puntReturnYardsOpponent,189,2026-09-29T20:11:43Z
2021,Northwestern,Big Ten,rushingAttempts,452,2026-09-29T20:11:43Z
2021,Northwestern,Big Ten,rushingAttemptsOpponent,480,2026-09-29T20:11:43Z
2021,Northwestern,Big Ten,rushingTDs,12,2026-09-29T20:11:43Z
2021,Northwestern,Big Ten,rushingTDsOpponent,31,2026-09-29T20:11:43Z
2021,Northwestern,Big Ten,rushingYards,1740,2026-09-29T20:11:43Z
2021,Northwestern,Big Ten,rushingYardsOpponent,2556,2026-09-29T20:11:43Z
2021,Northwestern,Big Ten,sacks,19,2026-09-29T20:11:43Z
2021,Northwestern,Big Ten,sacksOpponent,29,2026-09-29T20:11:43Z
2021,Northwestern,Big Ten,tacklesForLoss,48,2026-09-29T20:11:43Z
2021,Northwestern,Big Ten,tacklesForLossOpponent,80,2026-09-29T20:11:43Z
2021,Northwestern,Big Ten,thirdDownConversions,64,2026-09-29T20:11:43Z
2021,Northwestern,Big Ten,thirdDownConversionsOpponent,74,2026-09-29T20:11:43Z
2021,Northwestern,Big Ten,thirdDowns,178,2026-09-29T20:11:43Z
2021,Northwestern,Big Ten,thirdDownsOpponent,173,2026-09-29T20:11:43Z
2021,Northwestern,Big Ten,totalYards,3868,2026-09-29T20:11:43Z
2021,Northwestern,Big Ten,totalYardsOpponent,5154,2026-09-29T20:11:43Z
2021,Northwestern,Big Ten,turnovers,22,2026-09-29T20:11:43Z
2021,Northwestern,Big Ten,turnoversOpponent,16,2026-09-29T20:11:43Z
2021,Notre Dame,FBS Independents,firstDowns,289,2026-09-29T20:11:43Z
2021,Notre Dame,FBS Independents,firstDownsOpponent,244,2026-09-29T20:11:43Z
2021,Notre Dame,FBS Independents,fourthDownConversions,9,2026-09-29T20:11:43Z
2021,Notre Dame,FBS Independents,fourthDownConversionsOpponent,9,2026-09-29T20:11:43Z
2021,Notre Dame,FBS Independents,fourthDowns,17,2026-09-29T20:11:43Z
2021,Notre Dame,FBS Independents,fourthDownsOpponent,16,2026-09-29T20:11:43Z
2021,Notre Dame,FBS Independents,fumblesLost,6,2026-09-29T20:11:43Z
2021,Notre Dame,FBS Independents,fumblesLostOpponent,10,2026-09-29T20:11:43Z
2021,Notre Dame,FBS Independents,fumblesRecovered,12,2026-09-29T20:11:43Z
2021,Notre Dame,FBS Independents,fumblesRecoveredOpponent,8,2026-09-29T20:11:43Z
2021,Notre Dame,FBS Independents,games,13,2026-09-29T20:11:43Z
2021,Notre Dame,FBS Independents,interceptions,10,2026-09-29T20:11:43Z
2021,Notre Dame,FBS Independents,interceptionsOpponent,15,2026-09-29T20:11:43Z
2021,Notre Dame,FBS Independents,interceptionTDs,3,2026-09-29T20:11:43Z
2021,Notre Dame,FBS Independents,interceptionTDsOpponent,2,2026-09-29T20:11:43Z
2021,Notre Dame,FBS Independents,interceptionYards,300,2026-09-29T20:11:43Z
2021,Notre Dame,FBS Independents,interceptionYardsOpponent,137,2026-09-29T20:11:43Z
2021,Notre Dame,FBS Independents,kickReturns,18,2026-09-29T20:11:43Z
2021,Notre Dame,FBS Independents,kickReturnsOpponent,47,2026-09-29T20:11:43Z
2021,Notre Dame,FBS Independents,kickReturnTDs,1,2026-09-29T20:11:43Z
2021,Notre Dame,FBS Independents,kickReturnTDsOpponent,0,2026-09-29T20:11:43Z
2021,Notre Dame,FBS Independents,kickReturnYards,423,2026-09-29T20:11:43Z
2021,Notre Dame,FBS Independents,kickReturnYardsOpponent,937,2026-09-29T20:11:43Z
2021,Notre Dame,FBS Independents,netPassingYards,3672,2026-09-29T20:11:43Z
2021,Notre Dame,FBS Independents,netPassingYardsOpponent,2915,2026-09-29T20:11:43Z
2021,Notre Dame,FBS Independents,passAttempts,450,2026-09-29T20:11:43Z
2021,Notre Dame,FBS Independents,passAttemptsOpponent,431,2026-09-29T20:11:43Z
2021,Notre Dame,FBS Independents,passCompletions,289,2026-09-29T20:11:43Z
2021,Notre Dame,FBS Independents,passCompletionsOpponent,262,2026-09-29T20:11:43Z
2021,Notre Dame,FBS Independents,passesIntercepted,15,2026-09-29T20:11:43Z
2021,Notre Dame,FBS Independents,passesInterceptedOpponent,10,2026-09-29T20:11:43Z
2021,Notre Dame,FBS Independents,passingTDs,30,2026-09-29T20:11:43Z
2021,Notre Dame,FBS Independents,passingTDsOpponent,13,2026-09-29T20:11:43Z
2021,Notre Dame,FBS Independents,penalties,73,2026-09-29T20:11:43Z
2021,Notre Dame,FBS Independents,penaltiesOpponent,90,2026-09-29T20:11:43Z
2021,Notre Dame,FBS Independents,penaltyYards,642,2026-09-29T20:11:43Z
2021,Notre Dame,FBS Independents,penaltyYardsOpponent,705,2026-09-29T20:11:43Z
2021,Notre Dame,FBS Independents,possessionTime,23316,2026-09-29T20:11:43Z
2021,Notre Dame,FBS Independents,possessionTimeOpponent,23484,2026-09-29T20:11:43Z
2021,Notre Dame,FBS Independents,puntReturns,19,2026-09-29T20:11:43Z
2021,Notre Dame,FBS Independents,puntReturnsOpponent,13,2026-09-29T20:11:43Z
2021,Notre Dame,FBS Independents,puntReturnTDs,0,2026-09-29T20:11:43Z
2021,Notre Dame,FBS Independents,puntReturnTDsOpponent,0,2026-09-29T20:11:43Z
2021,Notre Dame,FBS Independents,puntReturnYards,164,2026-09-29T20:11:43Z
2021,Notre Dame,FBS Independents,puntReturnYardsOpponent,82,2026-09-29T20:11:43Z
2021,Notre Dame,FBS Independents,rushingAttempts,451,2026-09-29T20:11:43Z
2021,Notre Dame,FBS Independents,rushingAttemptsOpponent,457,2026-09-29T20:11:43Z
2021,Notre Dame,FBS Independents,rushingTDs,23,2026-09-29T20:11:43Z
2021,Notre Dame,FBS Independents,rushingTDsOpponent,13,2026-09-29T20:11:43Z
2021,Notre Dame,FBS Independents,rushingYards,1868,2026-09-29T20:11:43Z
2021,Notre Dame,FBS Independents,rushingYardsOpponent,1767,2026-09-29T20:11:43Z
2021,Notre Dame,FBS Independents,sacks,41,2026-09-29T20:11:43Z
2021,Notre Dame,FBS Independents,sacksOpponent,35,2026-09-29T20:11:43Z
2021,Notre Dame,FBS Independents,tacklesForLoss,84,2026-09-29T20:11:43Z
2021,Notre Dame,FBS Independents,tacklesForLossOpponent,82,2026-09-29T20:11:43Z
2021,Notre Dame,FBS Independents,thirdDownConversions,77,2026-09-29T20:11:43Z
2021,Notre Dame,FBS Independents,thirdDownConversionsOpponent,59,2026-09-29T20:11:43Z
2021,Notre Dame,FBS Independents,thirdDowns,182,2026-09-29T20:11:43Z
2021,Notre Dame,FBS Independents,thirdDownsOpponent,184,2026-09-29T20:11:43Z
2021,Notre Dame,FBS Independents,totalYards,5540,2026-09-29T20:11:43Z
2021,Notre Dame,FBS Independents,totalYardsOpponent,4682,2026-09-29T20:11:43Z
2021,Notre Dame,FBS Independents,turnovers,16,2026-09-29T20:11:43Z
2021,Notre Dame,FBS Independents,turnoversOpponent,25,2026-09-29T20:11:43Z
2021,Ohio,Mid-American,firstDowns,242,2026-09-29T20:11:43Z
2021,Ohio,Mid-American,firstDownsOpponent,289,2026-09-29T20:11:43Z
2021,Ohio,Mid-American,fourthDownConversions,11,2026-09-29T20:11:43Z
2021,Ohio,Mid-American,fourthDownConversionsOpponent,15,2026-09-29T20:11:43Z
2021,Ohio,Mid-American,fourthDowns,17,2026-09-29T20:11:43Z
2021,Ohio,Mid-American,fourthDownsOpponent,26,2026-09-29T20:11:43Z
2021,Ohio,Mid-American,fumblesLost,8,2026-09-29T20:11:43Z
2021,Ohio,Mid-American,fumblesLostOpponent,2,2026-09-29T20:11:43Z
2021,Ohio,Mid-American,fumblesRecovered,3,2026-09-29T20:11:43Z
2021,Ohio,Mid-American,fumblesRecoveredOpponent,10,2026-09-29T20:11:43Z
2021,Ohio,Mid-American,games,12,2026-09-29T20:11:43Z
2021,Ohio,Mid-American,interceptions,8,2026-09-29T20:11:43Z
2021,Ohio,Mid-American,interceptionsOpponent,6,2026-09-29T20:11:43Z
2021,Ohio,Mid-American,interceptionTDs,0,2026-09-29T20:11:43Z
2021,Ohio,Mid-American,interceptionTDsOpponent,0,2026-09-29T20:11:43Z
2021,Ohio,Mid-American,interceptionYards,19,2026-09-29T20:11:43Z
2021,Ohio,Mid-American,interceptionYardsOpponent,127,2026-09-29T20:11:43Z
2021,Ohio,Mid-American,kickReturns,50,2026-09-29T20:11:43Z
2021,Ohio,Mid-American,kickReturnsOpponent,31,2026-09-29T20:11:43Z
2021,Ohio,Mid-American,kickReturnTDs,1,2026-09-29T20:11:43Z
2021,Ohio,Mid-American,kickReturnTDsOpponent,0,2026-09-29T20:11:43Z
2021,Ohio,Mid-American,kickReturnYards,794,2026-09-29T20:11:43Z
2021,Ohio,Mid-American,kickReturnYardsOpponent,536,2026-09-29T20:11:43Z
2021,Ohio,Mid-American,netPassingYards,2209,2026-09-29T20:11:43Z
2021,Ohio,Mid-American,netPassingYardsOpponent,2871,2026-09-29T20:11:43Z
2021,Ohio,Mid-American,passAttempts,313,2026-09-29T20:11:43Z
2021,Ohio,Mid-American,passAttemptsOpponent,387,2026-09-29T20:11:43Z
2021,Ohio,Mid-American,passCompletions,200,2026-09-29T20:11:43Z
2021,Ohio,Mid-American,passCompletionsOpponent,261,2026-09-29T20:11:43Z
2021,Ohio,Mid-American,passesIntercepted,6,2026-09-29T20:11:43Z
2021,Ohio,Mid-American,passesInterceptedOpponent,8,2026-09-29T20:11:43Z
2021,Ohio,Mid-American,passingTDs,11,2026-09-29T20:11:43Z
2021,Ohio,Mid-American,passingTDsOpponent,17,2026-09-29T20:11:43Z
2021,Ohio,Mid-American,penalties,74,2026-09-29T20:11:43Z
2021,Ohio,Mid-American,penaltiesOpponent,81,2026-09-29T20:11:43Z
2021,Ohio,Mid-American,penaltyYards,703,2026-09-29T20:11:43Z
2021,Ohio,Mid-American,penaltyYardsOpponent,762,2026-09-29T20:11:43Z
2021,Ohio,Mid-American,possessionTime,21443,2026-09-29T20:11:43Z
2021,Ohio,Mid-American,possessionTimeOpponent,21757,2026-09-29T20:11:43Z
2021,Ohio,Mid-American,puntReturns,10,2026-09-29T20:11:43Z
2021,Ohio,Mid-American,puntReturnsOpponent,12,2026-09-29T20:11:43Z
2021,Ohio,Mid-American,puntReturnTDs,0,2026-09-29T20:11:43Z
2021,Ohio,Mid-American,puntReturnTDsOpponent,0,2026-09-29T20:11:43Z
2021,Ohio,Mid-American,puntReturnYards,54,2026-09-29T20:11:43Z
2021,Ohio,Mid-American,puntReturnYardsOpponent,126,2026-09-29T20:11:43Z
2021,Ohio,Mid-American,rushingAttempts,434,2026-09-29T20:11:43Z
2021,Ohio,Mid-American,rushingAttemptsOpponent,478,2026-09-29T20:11:43Z
2021,Ohio,Mid-American,rushingTDs,20,2026-09-29T20:11:43Z
2021,Ohio,Mid-American,rushingTDsOpponent,25,2026-09-29T20:11:43Z
2021,Ohio,Mid-American,rushingYards,2248,2026-09-29T20:11:43Z
2021,Ohio,Mid-American,rushingYardsOpponent,2316,2026-09-29T20:11:43Z
2021,Ohio,Mid-American,sacks,17,2026-09-29T20:11:43Z
2021,Ohio,Mid-American,sacksOpponent,22,2026-09-29T20:11:43Z
2021,Ohio,Mid-American,tacklesForLoss,58,2026-09-29T20:11:43Z
2021,Ohio,Mid-American,tacklesForLossOpponent,63,2026-09-29T20:11:43Z
2021,Ohio,Mid-American,thirdDownConversions,52,2026-09-29T20:11:43Z
2021,Ohio,Mid-American,thirdDownConversionsOpponent,73,2026-09-29T20:11:43Z
2021,Ohio,Mid-American,thirdDowns,144,2026-09-29T20:11:43Z
2021,Ohio,Mid-American,thirdDownsOpponent,167,2026-09-29T20:11:43Z
2021,Ohio,Mid-American,totalYards,4457,2026-09-29T20:11:43Z
2021,Ohio,Mid-American,totalYardsOpponent,5187,2026-09-29T20:11:43Z
2021,Ohio,Mid-American,turnovers,16,2026-09-29T20:11:43Z
2021,Ohio,Mid-American,turnoversOpponent,8,2026-09-29T20:11:43Z
2021,Ohio State,Big Ten,firstDowns,348,2026-09-29T20:11:43Z
2021,Ohio State,Big Ten,firstDownsOpponent,277,2026-09-29T20:11:43Z
2021,Ohio State,Big Ten,fourthDownConversions,11,2026-09-29T20:11:43Z
2021,Ohio State,Big Ten,fourthDownConversionsOpponent,10,2026-09-29T20:11:43Z
2021,Ohio State,Big Ten,fourthDowns,19,2026-09-29T20:11:43Z
2021,Ohio State,Big Ten,fourthDownsOpponent,21,2026-09-29T20:11:43Z
2021,Ohio State,Big Ten,fumblesLost,3,2026-09-29T20:11:43Z
2021,Ohio State,Big Ten,fumblesLostOpponent,8,2026-09-29T20:11:43Z
2021,Ohio State,Big Ten,fumblesRecovered,9,2026-09-29T20:11:43Z
2021,Ohio State,Big Ten,fumblesRecoveredOpponent,3,2026-09-29T20:11:43Z
2021,Ohio State,Big Ten,games,13,2026-09-29T20:11:43Z
2021,Ohio State,Big Ten,interceptions,8,2026-09-29T20:11:43Z
2021,Ohio State,Big Ten,interceptionsOpponent,12,2026-09-29T20:11:43Z
2021,Ohio State,Big Ten,interceptionTDs,4,2026-09-29T20:11:43Z
2021,Ohio State,Big Ten,interceptionTDsOpponent,0,2026-09-29T20:11:43Z
2021,Ohio State,Big Ten,interceptionYards,283,2026-09-29T20:11:43Z
2021,Ohio State,Big Ten,interceptionYardsOpponent,58,2026-09-29T20:11:43Z
2021,Ohio State,Big Ten,kickReturns,29,2026-09-29T20:11:43Z
2021,Ohio State,Big Ten,kickReturnsOpponent,51,2026-09-29T20:11:43Z
2021,Ohio State,Big Ten,kickReturnTDs,0,2026-09-29T20:11:43Z
2021,Ohio State,Big Ten,kickReturnTDsOpponent,1,2026-09-29T20:11:43Z
2021,Ohio State,Big Ten,kickReturnYards,686,2026-09-29T20:11:43Z
2021,Ohio State,Big Ten,kickReturnYardsOpponent,713,2026-09-29T20:11:43Z
2021,Ohio State,Big Ten,netPassingYards,4952,2026-09-29T20:11:43Z
2021,Ohio State,Big Ten,netPassingYardsOpponent,3200,2026-09-29T20:11:43Z
2021,Ohio State,Big Ten,passAttempts,494,2026-09-29T20:11:43Z
2021,Ohio State,Big Ten,passAttemptsOpponent,461,2026-09-29T20:11:43Z
2021,Ohio State,Big Ten,passCompletions,349,2026-09-29T20:11:43Z
2021,Ohio State,Big Ten,passCompletionsOpponent,284,2026-09-29T20:11:43Z
2021,Ohio State,Big Ten,passesIntercepted,12,2026-09-29T20:11:43Z
2021,Ohio State,Big Ten,passesInterceptedOpponent,8,2026-09-29T20:11:43Z
2021,Ohio State,Big Ten,passingTDs,46,2026-09-29T20:11:43Z
2021,Ohio State,Big Ten,passingTDsOpponent,21,2026-09-29T20:11:43Z
2021,Ohio State,Big Ten,penalties,85,2026-09-29T20:11:43Z
2021,Ohio State,Big Ten,penaltiesOpponent,57,2026-09-29T20:11:43Z
2021,Ohio State,Big Ten,penaltyYards,770,2026-09-29T20:11:43Z
2021,Ohio State,Big Ten,penaltyYardsOpponent,497,2026-09-29T20:11:43Z
2021,Ohio State,Big Ten,possessionTime,22909,2026-09-29T20:11:43Z
2021,Ohio State,Big Ten,possessionTimeOpponent,23891,2026-09-29T20:11:43Z
2021,Ohio State,Big Ten,puntReturns,22,2026-09-29T20:11:43Z
2021,Ohio State,Big Ten,puntReturnsOpponent,7,2026-09-29T20:11:43Z
2021,Ohio State,Big Ten,puntReturnTDs,0,2026-09-29T20:11:43Z
2021,Ohio State,Big Ten,puntReturnTDsOpponent,0,2026-09-29T20:11:43Z
2021,Ohio State,Big Ten,puntReturnYards,132,2026-09-29T20:11:43Z
2021,Ohio State,Big Ten,puntReturnYardsOpponent,41,2026-09-29T20:11:43Z
2021,Ohio State,Big Ten,rushingAttempts,423,2026-09-29T20:11:43Z
2021,Ohio State,Big Ten,rushingAttemptsOpponent,448,2026-09-29T20:11:43Z
2021,Ohio State,Big Ten,rushingTDs,24,2026-09-29T20:11:43Z
2021,Ohio State,Big Ten,rushingTDsOpponent,17,2026-09-29T20:11:43Z
2021,Ohio State,Big Ten,rushingYards,2344,2026-09-29T20:11:43Z
2021,Ohio State,Big Ten,rushingYardsOpponent,1662,2026-09-29T20:11:43Z
2021,Ohio State,Big Ten,sacks,36,2026-09-29T20:11:43Z
2021,Ohio State,Big Ten,sacksOpponent,17,2026-09-29T20:11:43Z
2021,Ohio State,Big Ten,tacklesForLoss,83,2026-09-29T20:11:43Z
2021,Ohio State,Big Ten,tacklesForLossOpponent,48,2026-09-29T20:11:43Z
2021,Ohio State,Big Ten,thirdDownConversions,81,2026-09-29T20:11:43Z
2021,Ohio State,Big Ten,thirdDownConversionsOpponent,77,2026-09-29T20:11:43Z
2021,Ohio State,Big Ten,thirdDowns,155,2026-09-29T20:11:43Z
2021,Ohio State,Big Ten,thirdDownsOpponent,184,2026-09-29T20:11:43Z
2021,Ohio State,Big Ten,totalYards,7296,2026-09-29T20:11:43Z
2021,Ohio State,Big Ten,totalYardsOpponent,4862,2026-09-29T20:11:43Z
2021,Ohio State,Big Ten,turnovers,11,2026-09-29T20:11:43Z
2021,Ohio State,Big Ten,turnoversOpponent,20,2026-09-29T20:11:43Z
2021,Oklahoma,Big 12,firstDowns,289,2026-09-29T20:11:43Z
2021,Oklahoma,Big 12,firstDownsOpponent,274,2026-09-29T20:11:43Z
2021,Oklahoma,Big 12,fourthDownConversions,11,2026-09-29T20:11:43Z
2021,Oklahoma,Big 12,fourthDownConversionsOpponent,24,2026-09-29T20:11:43Z
2021,Oklahoma,Big 12,fourthDowns,16,2026-09-29T20:11:43Z
2021,Oklahoma,Big 12,fourthDownsOpponent,38,2026-09-29T20:11:43Z
2021,Oklahoma,Big 12,fumblesLost,4,2026-09-29T20:11:43Z
2021,Oklahoma,Big 12,fumblesLostOpponent,13,2026-09-29T20:11:43Z
2021,Oklahoma,Big 12,fumblesRecovered,14,2026-09-29T20:11:43Z
2021,Oklahoma,Big 12,fumblesRecoveredOpponent,3,2026-09-29T20:11:43Z
2021,Oklahoma,Big 12,games,13,2026-09-29T20:11:43Z
2021,Oklahoma,Big 12,interceptions,9,2026-09-29T20:11:43Z
2021,Oklahoma,Big 12,interceptionsOpponent,11,2026-09-29T20:11:43Z
2021,Oklahoma,Big 12,interceptionTDs,0,2026-09-29T20:11:43Z
2021,Oklahoma,Big 12,interceptionTDsOpponent,0,2026-09-29T20:11:43Z
2021,Oklahoma,Big 12,interceptionYards,104,2026-09-29T20:11:43Z
2021,Oklahoma,Big 12,interceptionYardsOpponent,2,2026-09-29T20:11:43Z
2021,Oklahoma,Big 12,kickReturns,13,2026-09-29T20:11:43Z
2021,Oklahoma,Big 12,kickReturnsOpponent,42,2026-09-29T20:11:43Z
2021,Oklahoma,Big 12,kickReturnTDs,0,2026-09-29T20:11:43Z
2021,Oklahoma,Big 12,kickReturnTDsOpponent,2,2026-09-29T20:11:43Z
2021,Oklahoma,Big 12,kickReturnYards,244,2026-09-29T20:11:43Z
2021,Oklahoma,Big 12,kickReturnYardsOpponent,925,2026-09-29T20:11:43Z
2021,Oklahoma,Big 12,netPassingYards,3425,2026-09-29T20:11:43Z
2021,Oklahoma,Big 12,netPassingYardsOpponent,3403,2026-09-29T20:11:43Z
2021,Oklahoma,Big 12,passAttempts,403,2026-09-29T20:11:43Z
2021,Oklahoma,Big 12,passAttemptsOpponent,445,2026-09-29T20:11:43Z
2021,Oklahoma,Big 12,passCompletions,279,2026-09-29T20:11:43Z
2021,Oklahoma,Big 12,passCompletionsOpponent,293,2026-09-29T20:11:43Z
2021,Oklahoma,Big 12,passesIntercepted,11,2026-09-29T20:11:43Z
2021,Oklahoma,Big 12,passesInterceptedOpponent,9,2026-09-29T20:11:43Z
2021,Oklahoma,Big 12,passingTDs,32,2026-09-29T20:11:43Z
2021,Oklahoma,Big 12,passingTDsOpponent,26,2026-09-29T20:11:43Z
2021,Oklahoma,Big 12,penalties,87,2026-09-29T20:11:43Z
2021,Oklahoma,Big 12,penaltiesOpponent,82,2026-09-29T20:11:43Z
2021,Oklahoma,Big 12,penaltyYards,733,2026-09-29T20:11:43Z
2021,Oklahoma,Big 12,penaltyYardsOpponent,670,2026-09-29T20:11:43Z
2021,Oklahoma,Big 12,possessionTime,22892,2026-09-29T20:11:43Z
2021,Oklahoma,Big 12,possessionTimeOpponent,23728,2026-09-29T20:11:43Z
2021,Oklahoma,Big 12,puntReturns,12,2026-09-29T20:11:43Z
2021,Oklahoma,Big 12,puntReturnsOpponent,15,2026-09-29T20:11:43Z
2021,Oklahoma,Big 12,puntReturnTDs,0,2026-09-29T20:11:43Z
2021,Oklahoma,Big 12,puntReturnTDsOpponent,1,2026-09-29T20:11:43Z
2021,Oklahoma,Big 12,puntReturnYards,69,2026-09-29T20:11:43Z
2021,Oklahoma,Big 12,puntReturnYardsOpponent,125,2026-09-29T20:11:43Z
2021,Oklahoma,Big 12,rushingAttempts,448,2026-09-29T20:11:43Z
2021,Oklahoma,Big 12,rushingAttemptsOpponent,442,2026-09-29T20:11:43Z
2021,Oklahoma,Big 12,rushingTDs,29,2026-09-29T20:11:43Z
2021,Oklahoma,Big 12,rushingTDsOpponent,15,2026-09-29T20:11:43Z
2021,Oklahoma,Big 12,rushingYards,2438,2026-09-29T20:11:43Z
2021,Oklahoma,Big 12,rushingYardsOpponent,1678,2026-09-29T20:11:43Z
2021,Oklahoma,Big 12,sacks,33,2026-09-29T20:11:43Z
2021,Oklahoma,Big 12,sacksOpponent,33,2026-09-29T20:11:43Z
2021,Oklahoma,Big 12,tacklesForLoss,97,2026-09-29T20:11:43Z
2021,Oklahoma,Big 12,tacklesForLossOpponent,73,2026-09-29T20:11:43Z
2021,Oklahoma,Big 12,thirdDownConversions,63,2026-09-29T20:11:43Z
2021,Oklahoma,Big 12,thirdDownConversionsOpponent,67,2026-09-29T20:11:43Z
2021,Oklahoma,Big 12,thirdDowns,148,2026-09-29T20:11:43Z
2021,Oklahoma,Big 12,thirdDownsOpponent,177,2026-09-29T20:11:43Z
2021,Oklahoma,Big 12,totalYards,5863,2026-09-29T20:11:43Z
2021,Oklahoma,Big 12,totalYardsOpponent,5081,2026-09-29T20:11:43Z
2021,Oklahoma,Big 12,turnovers,13,2026-09-29T20:11:43Z
2021,Oklahoma,Big 12,turnoversOpponent,24,2026-09-29T20:11:43Z
2021,Oklahoma State,Big 12,firstDowns,331,2026-09-29T20:11:43Z
2021,Oklahoma State,Big 12,firstDownsOpponent,220,2026-09-29T20:11:43Z
2021,Oklahoma State,Big 12,fourthDownConversions,7,2026-09-29T20:11:43Z
2021,Oklahoma State,Big 12,fourthDownConversionsOpponent,8,2026-09-29T20:11:43Z
2021,Oklahoma State,Big 12,fourthDowns,13,2026-09-29T20:11:43Z
2021,Oklahoma State,Big 12,fourthDownsOpponent,27,2026-09-29T20:11:43Z
2021,Oklahoma State,Big 12,fumblesLost,7,2026-09-29T20:11:43Z
2021,Oklahoma State,Big 12,fumblesLostOpponent,11,2026-09-29T20:11:43Z
2021,Oklahoma State,Big 12,fumblesRecovered,12,2026-09-29T20:11:43Z
2021,Oklahoma State,Big 12,fumblesRecoveredOpponent,8,2026-09-29T20:11:43Z
2021,Oklahoma State,Big 12,games,14,2026-09-29T20:11:43Z
2021,Oklahoma State,Big 12,interceptions,13,2026-09-29T20:11:43Z
2021,Oklahoma State,Big 12,interceptionsOpponent,9,2026-09-29T20:11:43Z
2021,Oklahoma State,Big 12,interceptionTDs,1,2026-09-29T20:11:43Z
2021,Oklahoma State,Big 12,interceptionTDsOpponent,1,2026-09-29T20:11:43Z
2021,Oklahoma State,Big 12,interceptionYards,159,2026-09-29T20:11:43Z
2021,Oklahoma State,Big 12,interceptionYardsOpponent,142,2026-09-29T20:11:43Z
2021,Oklahoma State,Big 12,kickReturns,22,2026-09-29T20:11:43Z
2021,Oklahoma State,Big 12,kickReturnsOpponent,41,2026-09-29T20:11:43Z
2021,Oklahoma State,Big 12,kickReturnTDs,2,2026-09-29T20:11:43Z
2021,Oklahoma State,Big 12,kickReturnTDsOpponent,1,2026-09-29T20:11:43Z
2021,Oklahoma State,Big 12,kickReturnYards,608,2026-09-29T20:11:43Z
2021,Oklahoma State,Big 12,kickReturnYardsOpponent,808,2026-09-29T20:11:43Z
2021,Oklahoma State,Big 12,netPassingYards,3246,2026-09-29T20:11:43Z
2021,Oklahoma State,Big 12,netPassingYardsOpponent,2906,2026-09-29T20:11:43Z
2021,Oklahoma State,Big 12,passAttempts,447,2026-09-29T20:11:43Z
2021,Oklahoma State,Big 12,passAttemptsOpponent,456,2026-09-29T20:11:43Z
2021,Oklahoma State,Big 12,passCompletions,274,2026-09-29T20:11:43Z
2021,Oklahoma State,Big 12,passCompletionsOpponent,262,2026-09-29T20:11:43Z
2021,Oklahoma State,Big 12,passesIntercepted,9,2026-09-29T20:11:43Z
2021,Oklahoma State,Big 12,passesInterceptedOpponent,13,2026-09-29T20:11:43Z
2021,Oklahoma State,Big 12,passingTDs,23,2026-09-29T20:11:43Z
2021,Oklahoma State,Big 12,passingTDsOpponent,17,2026-09-29T20:11:43Z
2021,Oklahoma State,Big 12,penalties,84,2026-09-29T20:11:43Z
2021,Oklahoma State,Big 12,penaltiesOpponent,93,2026-09-29T20:11:43Z
2021,Oklahoma State,Big 12,penaltyYards,781,2026-09-29T20:11:43Z
2021,Oklahoma State,Big 12,penaltyYardsOpponent,727,2026-09-29T20:11:43Z
2021,Oklahoma State,Big 12,possessionTime,25941,2026-09-29T20:11:43Z
2021,Oklahoma State,Big 12,possessionTimeOpponent,24459,2026-09-29T20:11:43Z
2021,Oklahoma State,Big 12,puntReturns,18,2026-09-29T20:11:43Z
2021,Oklahoma State,Big 12,puntReturnsOpponent,20,2026-09-29T20:11:43Z
2021,Oklahoma State,Big 12,puntReturnTDs,1,2026-09-29T20:11:43Z
2021,Oklahoma State,Big 12,puntReturnTDsOpponent,0,2026-09-29T20:11:43Z
2021,Oklahoma State,Big 12,puntReturnYards,68,2026-09-29T20:11:43Z
2021,Oklahoma State,Big 12,puntReturnYardsOpponent,16,2026-09-29T20:11:43Z
2021,Oklahoma State,Big 12,rushingAttempts,620,2026-09-29T20:11:43Z
2021,Oklahoma State,Big 12,rushingAttemptsOpponent,453,2026-09-29T20:11:43Z
2021,Oklahoma State,Big 12,rushingTDs,27,2026-09-29T20:11:43Z
2021,Oklahoma State,Big 12,rushingTDsOpponent,9,2026-09-29T20:11:43Z
2021,Oklahoma State,Big 12,rushingYards,2597,2026-09-29T20:11:43Z
2021,Oklahoma State,Big 12,rushingYardsOpponent,1202,2026-09-29T20:11:43Z
2021,Oklahoma State,Big 12,sacks,57,2026-09-29T20:11:43Z
2021,Oklahoma State,Big 12,sacksOpponent,16,2026-09-29T20:11:43Z
2021,Oklahoma State,Big 12,tacklesForLoss,118,2026-09-29T20:11:43Z
2021,Oklahoma State,Big 12,tacklesForLossOpponent,83,2026-09-29T20:11:43Z
2021,Oklahoma State,Big 12,thirdDownConversions,94,2026-09-29T20:11:43Z
2021,Oklahoma State,Big 12,thirdDownConversionsOpponent,60,2026-09-29T20:11:43Z
2021,Oklahoma State,Big 12,thirdDowns,220,2026-09-29T20:11:43Z
2021,Oklahoma State,Big 12,thirdDownsOpponent,209,2026-09-29T20:11:43Z
2021,Oklahoma State,Big 12,totalYards,5843,2026-09-29T20:11:43Z
2021,Oklahoma State,Big 12,totalYardsOpponent,4108,2026-09-29T20:11:43Z
2021,Oklahoma State,Big 12,turnovers,20,2026-09-29T20:11:43Z
2021,Oklahoma State,Big 12,turnoversOpponent,20,2026-09-29T20:11:43Z
2021,Old Dominion,Conference USA,firstDowns,265,2026-09-29T20:11:43Z
2021,Old Dominion,Conference USA,firstDownsOpponent,276,2026-09-29T20:11:43Z
2021,Old Dominion,Conference USA,fourthDownConversions,9,2026-09-29T20:11:43Z
2021,Old Dominion,Conference USA,fourthDownConversionsOpponent,12,2026-09-29T20:11:43Z
2021,Old Dominion,Conference USA,fourthDowns,21,2026-09-29T20:11:43Z
2021,Old Dominion,Conference USA,fourthDownsOpponent,29,2026-09-29T20:11:43Z
2021,Old Dominion,Conference USA,fumblesLost,9,2026-09-29T20:11:43Z
2021,Old Dominion,Conference USA,fumblesLostOpponent,9,2026-09-29T20:11:43Z
2021,Old Dominion,Conference USA,fumblesRecovered,11,2026-09-29T20:11:43Z
2021,Old Dominion,Conference USA,fumblesRecoveredOpponent,13,2026-09-29T20:11:43Z
2021,Old Dominion,Conference USA,games,13,2026-09-29T20:11:43Z
2021,Old Dominion,Conference USA,interceptions,14,2026-09-29T20:11:43Z
2021,Old Dominion,Conference USA,interceptionsOpponent,7,2026-09-29T20:11:43Z
2021,Old Dominion,Conference USA,interceptionTDs,1,2026-09-29T20:11:43Z
2021,Old Dominion,Conference USA,interceptionTDsOpponent,1,2026-09-29T20:11:43Z
2021,Old Dominion,Conference USA,interceptionYards,159,2026-09-29T20:11:43Z
2021,Old Dominion,Conference USA,interceptionYardsOpponent,161,2026-09-29T20:11:43Z
2021,Old Dominion,Conference USA,kickReturns,34,2026-09-29T20:11:43Z
2021,Old Dominion,Conference USA,kickReturnsOpponent,47,2026-09-29T20:11:43Z
2021,Old Dominion,Conference USA,kickReturnTDs,2,2026-09-29T20:11:43Z
2021,Old Dominion,Conference USA,kickReturnTDsOpponent,1,2026-09-29T20:11:43Z
2021,Old Dominion,Conference USA,kickReturnYards,796,2026-09-29T20:11:43Z
2021,Old Dominion,Conference USA,kickReturnYardsOpponent,1000,2026-09-29T20:11:43Z
2021,Old Dominion,Conference USA,netPassingYards,2792,2026-09-29T20:11:43Z
2021,Old Dominion,Conference USA,netPassingYardsOpponent,3257,2026-09-29T20:11:43Z
2021,Old Dominion,Conference USA,passAttempts,420,2026-09-29T20:11:43Z
2021,Old Dominion,Conference USA,passAttemptsOpponent,448,2026-09-29T20:11:43Z
2021,Old Dominion,Conference USA,passCompletions,245,2026-09-29T20:11:43Z
2021,Old Dominion,Conference USA,passCompletionsOpponent,280,2026-09-29T20:11:43Z
2021,Old Dominion,Conference USA,passesIntercepted,7,2026-09-29T20:11:43Z
2021,Old Dominion,Conference USA,passesInterceptedOpponent,14,2026-09-29T20:11:43Z
2021,Old Dominion,Conference USA,passingTDs,15,2026-09-29T20:11:43Z
2021,Old Dominion,Conference USA,passingTDsOpponent,28,2026-09-29T20:11:43Z
2021,Old Dominion,Conference USA,penalties,89,2026-09-29T20:11:43Z
2021,Old Dominion,Conference USA,penaltiesOpponent,101,2026-09-29T20:11:43Z
2021,Old Dominion,Conference USA,penaltyYards,782,2026-09-29T20:11:43Z
2021,Old Dominion,Conference USA,penaltyYardsOpponent,903,2026-09-29T20:11:43Z
2021,Old Dominion,Conference USA,possessionTime,22499,2026-09-29T20:11:43Z
2021,Old Dominion,Conference USA,possessionTimeOpponent,24301,2026-09-29T20:11:43Z
2021,Old Dominion,Conference USA,puntReturns,28,2026-09-29T20:11:43Z
2021,Old Dominion,Conference USA,puntReturnsOpponent,19,2026-09-29T20:11:43Z
2021,Old Dominion,Conference USA,puntReturnTDs,1,2026-09-29T20:11:43Z
2021,Old Dominion,Conference USA,puntReturnTDsOpponent,0,2026-09-29T20:11:43Z
2021,Old Dominion,Conference USA,puntReturnYards,303,2026-09-29T20:11:43Z
2021,Old Dominion,Conference USA,puntReturnYardsOpponent,127,2026-09-29T20:11:43Z
2021,Old Dominion,Conference USA,rushingAttempts,494,2026-09-29T20:11:43Z
2021,Old Dominion,Conference USA,rushingAttemptsOpponent,491,2026-09-29T20:11:43Z
2021,Old Dominion,Conference USA,rushingTDs,22,2026-09-29T20:11:43Z
2021,Old Dominion,Conference USA,rushingTDsOpponent,12,2026-09-29T20:11:43Z
2021,Old Dominion,Conference USA,rushingYards,2087,2026-09-29T20:11:43Z
2021,Old Dominion,Conference USA,rushingYardsOpponent,1744,2026-09-29T20:11:43Z
2021,Old Dominion,Conference USA,sacks,25,2026-09-29T20:11:43Z
2021,Old Dominion,Conference USA,sacksOpponent,32,2026-09-29T20:11:43Z
2021,Old Dominion,Conference USA,tacklesForLoss,70,2026-09-29T20:11:43Z
2021,Old Dominion,Conference USA,tacklesForLossOpponent,81,2026-09-29T20:11:43Z
2021,Old Dominion,Conference USA,thirdDownConversions,80,2026-09-29T20:11:43Z
2021,Old Dominion,Conference USA,thirdDownConversionsOpponent,83,2026-09-29T20:11:43Z
2021,Old Dominion,Conference USA,thirdDowns,191,2026-09-29T20:11:43Z
2021,Old Dominion,Conference USA,thirdDownsOpponent,197,2026-09-29T20:11:43Z
2021,Old Dominion,Conference USA,totalYards,4879,2026-09-29T20:11:43Z
2021,Old Dominion,Conference USA,totalYardsOpponent,5001,2026-09-29T20:11:43Z
2021,Old Dominion,Conference USA,turnovers,23,2026-09-29T20:11:43Z
2021,Old Dominion,Conference USA,turnoversOpponent,16,2026-09-29T20:11:43Z
2021,Ole Miss,SEC,firstDowns,338,2026-09-29T20:11:43Z
2021,Ole Miss,SEC,firstDownsOpponent,324,2026-09-29T20:11:43Z
2021,Ole Miss,SEC,fourthDownConversions,31,2026-09-29T20:11:43Z
2021,Ole Miss,SEC,fourthDownConversionsOpponent,17,2026-09-29T20:11:43Z
2021,Ole Miss,SEC,fourthDowns,49,2026-09-29T20:11:43Z
2021,Ole Miss,SEC,fourthDownsOpponent,35,2026-09-29T20:11:43Z
2021,Ole Miss,SEC,fumblesLost,5,2026-09-29T20:11:43Z
2021,Ole Miss,SEC,fumblesLostOpponent,10,2026-09-29T20:11:43Z
2021,Ole Miss,SEC,fumblesRecovered,11,2026-09-29T20:11:43Z
2021,Ole Miss,SEC,fumblesRecoveredOpponent,6,2026-09-29T20:11:43Z
2021,Ole Miss,SEC,games,13,2026-09-29T20:11:43Z
2021,Ole Miss,SEC,interceptions,7,2026-09-29T20:11:43Z
2021,Ole Miss,SEC,interceptionsOpponent,11,2026-09-29T20:11:43Z
2021,Ole Miss,SEC,interceptionTDs,1,2026-09-29T20:11:43Z
2021,Ole Miss,SEC,interceptionTDsOpponent,1,2026-09-29T20:11:43Z
2021,Ole Miss,SEC,interceptionYards,100,2026-09-29T20:11:43Z
2021,Ole Miss,SEC,interceptionYardsOpponent,160,2026-09-29T20:11:43Z
2021,Ole Miss,SEC,kickReturns,22,2026-09-29T20:11:43Z
2021,Ole Miss,SEC,kickReturnsOpponent,52,2026-09-29T20:11:43Z
2021,Ole Miss,SEC,kickReturnTDs,0,2026-09-29T20:11:43Z
2021,Ole Miss,SEC,kickReturnTDsOpponent,0,2026-09-29T20:11:43Z
2021,Ole Miss,SEC,kickReturnYards,429,2026-09-29T20:11:43Z
2021,Ole Miss,SEC,kickReturnYardsOpponent,1050,2026-09-29T20:11:43Z
2021,Ole Miss,SEC,netPassingYards,3573,2026-09-29T20:11:43Z
2021,Ole Miss,SEC,netPassingYardsOpponent,2990,2026-09-29T20:11:43Z
2021,Ole Miss,SEC,passAttempts,429,2026-09-29T20:11:43Z
2021,Ole Miss,SEC,passAttemptsOpponent,442,2026-09-29T20:11:43Z
2021,Ole Miss,SEC,passCompletions,286,2026-09-29T20:11:43Z
2021,Ole Miss,SEC,passCompletionsOpponent,269,2026-09-29T20:11:43Z
2021,Ole Miss,SEC,passesIntercepted,11,2026-09-29T20:11:43Z
2021,Ole Miss,SEC,passesInterceptedOpponent,7,2026-09-29T20:11:43Z
2021,Ole Miss,SEC,passingTDs,21,2026-09-29T20:11:43Z
2021,Ole Miss,SEC,passingTDsOpponent,14,2026-09-29T20:11:43Z
2021,Ole Miss,SEC,penalties,117,2026-09-29T20:11:43Z
2021,Ole Miss,SEC,penaltiesOpponent,82,2026-09-29T20:11:43Z
2021,Ole Miss,SEC,penaltyYards,978,2026-09-29T20:11:43Z
2021,Ole Miss,SEC,penaltyYardsOpponent,692,2026-09-29T20:11:43Z
2021,Ole Miss,SEC,possessionTime,21443,2026-09-29T20:11:43Z
2021,Ole Miss,SEC,possessionTimeOpponent,25357,2026-09-29T20:11:43Z
2021,Ole Miss,SEC,puntReturns,8,2026-09-29T20:11:43Z
2021,Ole Miss,SEC,puntReturnsOpponent,17,2026-09-29T20:11:43Z
2021,Ole Miss,SEC,puntReturnTDs,0,2026-09-29T20:11:43Z
2021,Ole Miss,SEC,puntReturnTDsOpponent,0,2026-09-29T20:11:43Z
2021,Ole Miss,SEC,puntReturnYards,93,2026-09-29T20:11:43Z
2021,Ole Miss,SEC,puntReturnYardsOpponent,76,2026-09-29T20:11:43Z
2021,Ole Miss,SEC,rushingAttempts,588,2026-09-29T20:11:43Z
2021,Ole Miss,SEC,rushingAttemptsOpponent,549,2026-09-29T20:11:43Z
2021,Ole Miss,SEC,rushingTDs,33,2026-09-29T20:11:43Z
2021,Ole Miss,SEC,rushingTDsOpponent,25,2026-09-29T20:11:43Z
2021,Ole Miss,SEC,rushingYards,2829,2026-09-29T20:11:43Z
2021,Ole Miss,SEC,rushingYardsOpponent,2505,2026-09-29T20:11:43Z
2021,Ole Miss,SEC,sacks,39,2026-09-29T20:11:43Z
2021,Ole Miss,SEC,sacksOpponent,34,2026-09-29T20:11:43Z
2021,Ole Miss,SEC,tacklesForLoss,80,2026-09-29T20:11:43Z
2021,Ole Miss,SEC,tacklesForLossOpponent,91,2026-09-29T20:11:43Z
2021,Ole Miss,SEC,thirdDownConversions,73,2026-09-29T20:11:43Z
2021,Ole Miss,SEC,thirdDownConversionsOpponent,72,2026-09-29T20:11:43Z
2021,Ole Miss,SEC,thirdDowns,191,2026-09-29T20:11:43Z
2021,Ole Miss,SEC,thirdDownsOpponent,188,2026-09-29T20:11:43Z
2021,Ole Miss,SEC,totalYards,6402,2026-09-29T20:11:43Z
2021,Ole Miss,SEC,totalYardsOpponent,5495,2026-09-29T20:11:43Z
2021,Ole Miss,SEC,turnovers,12,2026-09-29T20:11:43Z
2021,Ole Miss,SEC,turnoversOpponent,21,2026-09-29T20:11:43Z
2021,Oregon,Pac-12,firstDowns,318,2026-09-29T20:11:43Z
2021,Oregon,Pac-12,firstDownsOpponent,313,2026-09-29T20:11:43Z
2021,Oregon,Pac-12,fourthDownConversions,9,2026-09-29T20:11:43Z
2021,Oregon,Pac-12,fourthDownConversionsOpponent,24,2026-09-29T20:11:43Z
2021,Oregon,Pac-12,fourthDowns,19,2026-09-29T20:11:43Z
2021,Oregon,Pac-12,fourthDownsOpponent,36,2026-09-29T20:11:43Z
2021,Oregon,Pac-12,fumblesLost,6,2026-09-29T20:11:43Z
2021,Oregon,Pac-12,fumblesLostOpponent,6,2026-09-29T20:11:43Z
2021,Oregon,Pac-12,fumblesRecovered,7,2026-09-29T20:11:43Z
2021,Oregon,Pac-12,fumblesRecoveredOpponent,6,2026-09-29T20:11:43Z
2021,Oregon,Pac-12,games,14,2026-09-29T20:11:43Z
2021,Oregon,Pac-12,interceptions,8,2026-09-29T20:11:43Z
2021,Oregon,Pac-12,interceptionsOpponent,17,2026-09-29T20:11:43Z
2021,Oregon,Pac-12,interceptionTDs,1,2026-09-29T20:11:43Z
2021,Oregon,Pac-12,interceptionTDsOpponent,1,2026-09-29T20:11:43Z
2021,Oregon,Pac-12,interceptionYards,162,2026-09-29T20:11:43Z
2021,Oregon,Pac-12,interceptionYardsOpponent,123,2026-09-29T20:11:43Z
2021,Oregon,Pac-12,kickReturns,38,2026-09-29T20:11:43Z
2021,Oregon,Pac-12,kickReturnsOpponent,37,2026-09-29T20:11:43Z
2021,Oregon,Pac-12,kickReturnTDs,0,2026-09-29T20:11:43Z
2021,Oregon,Pac-12,kickReturnTDsOpponent,0,2026-09-29T20:11:43Z
2021,Oregon,Pac-12,kickReturnYards,808,2026-09-29T20:11:43Z
2021,Oregon,Pac-12,kickReturnYardsOpponent,853,2026-09-29T20:11:43Z
2021,Oregon,Pac-12,netPassingYards,3098,2026-09-29T20:11:43Z
2021,Oregon,Pac-12,netPassingYardsOpponent,3378,2026-09-29T20:11:43Z
2021,Oregon,Pac-12,passAttempts,410,2026-09-29T20:11:43Z
2021,Oregon,Pac-12,passAttemptsOpponent,487,2026-09-29T20:11:43Z
2021,Oregon,Pac-12,passCompletions,259,2026-09-29T20:11:43Z
2021,Oregon,Pac-12,passCompletionsOpponent,296,2026-09-29T20:11:43Z
2021,Oregon,Pac-12,passesIntercepted,17,2026-09-29T20:11:43Z
2021,Oregon,Pac-12,passesInterceptedOpponent,8,2026-09-29T20:11:43Z
2021,Oregon,Pac-12,passingTDs,20,2026-09-29T20:11:43Z
2021,Oregon,Pac-12,passingTDsOpponent,22,2026-09-29T20:11:43Z
2021,Oregon,Pac-12,penalties,103,2026-09-29T20:11:43Z
2021,Oregon,Pac-12,penaltiesOpponent,112,2026-09-29T20:11:43Z
2021,Oregon,Pac-12,penaltyYards,905,2026-09-29T20:11:43Z
2021,Oregon,Pac-12,penaltyYardsOpponent,866,2026-09-29T20:11:43Z
2021,Oregon,Pac-12,possessionTime,25005,2026-09-29T20:11:43Z
2021,Oregon,Pac-12,possessionTimeOpponent,25395,2026-09-29T20:11:43Z
2021,Oregon,Pac-12,puntReturns,17,2026-09-29T20:11:43Z
2021,Oregon,Pac-12,puntReturnsOpponent,17,2026-09-29T20:11:43Z
2021,Oregon,Pac-12,puntReturnTDs,0,2026-09-29T20:11:43Z
2021,Oregon,Pac-12,puntReturnTDsOpponent,1,2026-09-29T20:11:43Z
2021,Oregon,Pac-12,puntReturnYards,170,2026-09-29T20:11:43Z
2021,Oregon,Pac-12,puntReturnYardsOpponent,176,2026-09-29T20:11:43Z
2021,Oregon,Pac-12,rushingAttempts,535,2026-09-29T20:11:43Z
2021,Oregon,Pac-12,rushingAttemptsOpponent,502,2026-09-29T20:11:43Z
2021,Oregon,Pac-12,rushingTDs,36,2026-09-29T20:11:43Z
2021,Oregon,Pac-12,rushingTDsOpponent,24,2026-09-29T20:11:43Z
2021,Oregon,Pac-12,rushingYards,2833,2026-09-29T20:11:43Z
2021,Oregon,Pac-12,rushingYardsOpponent,2005,2026-09-29T20:11:43Z
2021,Oregon,Pac-12,sacks,23,2026-09-29T20:11:43Z
2021,Oregon,Pac-12,sacksOpponent,23,2026-09-29T20:11:43Z
2021,Oregon,Pac-12,tacklesForLoss,72,2026-09-29T20:11:43Z
2021,Oregon,Pac-12,tacklesForLossOpponent,56,2026-09-29T20:11:43Z
2021,Oregon,Pac-12,thirdDownConversions,91,2026-09-29T20:11:43Z
2021,Oregon,Pac-12,thirdDownConversionsOpponent,91,2026-09-29T20:11:43Z
2021,Oregon,Pac-12,thirdDowns,180,2026-09-29T20:11:43Z
2021,Oregon,Pac-12,thirdDownsOpponent,198,2026-09-29T20:11:43Z
2021,Oregon,Pac-12,totalYards,5931,2026-09-29T20:11:43Z
2021,Oregon,Pac-12,totalYardsOpponent,5383,2026-09-29T20:11:43Z
2021,Oregon,Pac-12,turnovers,14,2026-09-29T20:11:43Z
2021,Oregon,Pac-12,turnoversOpponent,23,2026-09-29T20:11:43Z
2021,Oregon State,Pac-12,firstDowns,299,2026-09-29T20:11:43Z
2021,Oregon State,Pac-12,firstDownsOpponent,290,2026-09-29T20:11:43Z
2021,Oregon State,Pac-12,fourthDownConversions,11,2026-09-29T20:11:43Z
2021,Oregon State,Pac-12,fourthDownConversionsOpponent,8,2026-09-29T20:11:43Z
2021,Oregon State,Pac-12,fourthDowns,23,2026-09-29T20:11:43Z
2021,Oregon State,Pac-12,fourthDownsOpponent,21,2026-09-29T20:11:43Z
2021,Oregon State,Pac-12,fumblesLost,6,2026-09-29T20:11:43Z
2021,Oregon State,Pac-12,fumblesLostOpponent,4,2026-09-29T20:11:43Z
2021,Oregon State,Pac-12,fumblesRecovered,5,2026-09-29T20:11:43Z
2021,Oregon State,Pac-12,fumblesRecoveredOpponent,7,2026-09-29T20:11:43Z
2021,Oregon State,Pac-12,games,13,2026-09-29T20:11:43Z
2021,Oregon State,Pac-12,interceptions,12,2026-09-29T20:11:43Z
2021,Oregon State,Pac-12,interceptionsOpponent,15,2026-09-29T20:11:43Z
2021,Oregon State,Pac-12,interceptionTDs,0,2026-09-29T20:11:43Z
2021,Oregon State,Pac-12,interceptionTDsOpponent,0,2026-09-29T20:11:43Z
2021,Oregon State,Pac-12,interceptionYards,65,2026-09-29T20:11:43Z
2021,Oregon State,Pac-12,interceptionYardsOpponent,82,2026-09-29T20:11:43Z
2021,Oregon State,Pac-12,kickReturns,18,2026-09-29T20:11:43Z
2021,Oregon State,Pac-12,kickReturnsOpponent,17,2026-09-29T20:11:43Z
2021,Oregon State,Pac-12,kickReturnTDs,0,2026-09-29T20:11:43Z
2021,Oregon State,Pac-12,kickReturnTDsOpponent,0,2026-09-29T20:11:43Z
2021,Oregon State,Pac-12,kickReturnYards,320,2026-09-29T20:11:43Z
2021,Oregon State,Pac-12,kickReturnYardsOpponent,344,2026-09-29T20:11:43Z
2021,Oregon State,Pac-12,netPassingYards,2820,2026-09-29T20:11:43Z
2021,Oregon State,Pac-12,netPassingYardsOpponent,3166,2026-09-29T20:11:43Z
2021,Oregon State,Pac-12,passAttempts,347,2026-09-29T20:11:43Z
2021,Oregon State,Pac-12,passAttemptsOpponent,431,2026-09-29T20:11:43Z
2021,Oregon State,Pac-12,passCompletions,218,2026-09-29T20:11:43Z
2021,Oregon State,Pac-12,passCompletionsOpponent,267,2026-09-29T20:11:43Z
2021,Oregon State,Pac-12,passesIntercepted,15,2026-09-29T20:11:43Z
2021,Oregon State,Pac-12,passesInterceptedOpponent,12,2026-09-29T20:11:43Z
2021,Oregon State,Pac-12,passingTDs,19,2026-09-29T20:11:43Z
2021,Oregon State,Pac-12,passingTDsOpponent,22,2026-09-29T20:11:43Z
2021,Oregon State,Pac-12,penalties,89,2026-09-29T20:11:43Z
2021,Oregon State,Pac-12,penaltiesOpponent,81,2026-09-29T20:11:43Z
2021,Oregon State,Pac-12,penaltyYards,820,2026-09-29T20:11:43Z
2021,Oregon State,Pac-12,penaltyYardsOpponent,656,2026-09-29T20:11:43Z
2021,Oregon State,Pac-12,possessionTime,23787,2026-09-29T20:11:43Z
2021,Oregon State,Pac-12,possessionTimeOpponent,23013,2026-09-29T20:11:43Z
2021,Oregon State,Pac-12,puntReturns,15,2026-09-29T20:11:43Z
2021,Oregon State,Pac-12,puntReturnsOpponent,7,2026-09-29T20:11:43Z
2021,Oregon State,Pac-12,puntReturnTDs,1,2026-09-29T20:11:43Z
2021,Oregon State,Pac-12,puntReturnTDsOpponent,0,2026-09-29T20:11:43Z
2021,Oregon State,Pac-12,puntReturnYards,147,2026-09-29T20:11:43Z
2021,Oregon State,Pac-12,puntReturnYardsOpponent,57,2026-09-29T20:11:43Z
2021,Oregon State,Pac-12,rushingAttempts,521,2026-09-29T20:11:43Z
2021,Oregon State,Pac-12,rushingAttemptsOpponent,452,2026-09-29T20:11:43Z
2021,Oregon State,Pac-12,rushingTDs,33,2026-09-29T20:11:43Z
2021,Oregon State,Pac-12,rushingTDsOpponent,19,2026-09-29T20:11:43Z
2021,Oregon State,Pac-12,rushingYards,2761,2026-09-29T20:11:43Z
2021,Oregon State,Pac-12,rushingYardsOpponent,1870,2026-09-29T20:11:43Z
2021,Oregon State,Pac-12,sacks,20,2026-09-29T20:11:43Z
2021,Oregon State,Pac-12,sacksOpponent,14,2026-09-29T20:11:43Z
2021,Oregon State,Pac-12,tacklesForLoss,64,2026-09-29T20:11:43Z
2021,Oregon State,Pac-12,tacklesForLossOpponent,46,2026-09-29T20:11:43Z
2021,Oregon State,Pac-12,thirdDownConversions,80,2026-09-29T20:11:43Z
2021,Oregon State,Pac-12,thirdDownConversionsOpponent,93,2026-09-29T20:11:43Z
2021,Oregon State,Pac-12,thirdDowns,161,2026-09-29T20:11:43Z
2021,Oregon State,Pac-12,thirdDownsOpponent,185,2026-09-29T20:11:43Z
2021,Oregon State,Pac-12,totalYards,5581,2026-09-29T20:11:43Z
2021,Oregon State,Pac-12,totalYardsOpponent,5036,2026-09-29T20:11:43Z
2021,Oregon State,Pac-12,turnovers,18,2026-09-29T20:11:43Z
2021,Oregon State,Pac-12,turnoversOpponent,19,2026-09-29T20:11:43Z
2021,Penn State,Big Ten,firstDowns,264,2026-09-29T20:11:43Z
2021,Penn State,Big Ten,firstDownsOpponent,272,2026-09-29T20:11:43Z
2021,Penn State,Big Ten,fourthDownConversions,12,2026-09-29T20:11:43Z
2021,Penn State,Big Ten,fourthDownConversionsOpponent,15,2026-09-29T20:11:43Z
2021,Penn State,Big Ten,fourthDowns,26,2026-09-29T20:11:43Z
2021,Penn State,Big Ten,fourthDownsOpponent,24,2026-09-29T20:11:43Z
2021,Penn State,Big Ten,fumblesLost,5,2026-09-29T20:11:43Z
2021,Penn State,Big Ten,fumblesLostOpponent,7,2026-09-29T20:11:43Z
2021,Penn State,Big Ten,fumblesRecovered,17,2026-09-29T20:11:43Z
2021,Penn State,Big Ten,fumblesRecoveredOpponent,5,2026-09-29T20:11:43Z
2021,Penn State,Big Ten,games,13,2026-09-29T20:11:43Z
2021,Penn State,Big Ten,interceptions,10,2026-09-29T20:11:43Z
2021,Penn State,Big Ten,interceptionsOpponent,14,2026-09-29T20:11:43Z
2021,Penn State,Big Ten,interceptionTDs,3,2026-09-29T20:11:43Z
2021,Penn State,Big Ten,interceptionTDsOpponent,0,2026-09-29T20:11:43Z
2021,Penn State,Big Ten,interceptionYards,186,2026-09-29T20:11:43Z
2021,Penn State,Big Ten,interceptionYardsOpponent,50,2026-09-29T20:11:43Z
2021,Penn State,Big Ten,kickReturns,19,2026-09-29T20:11:43Z
2021,Penn State,Big Ten,kickReturnsOpponent,2,2026-09-29T20:11:43Z
2021,Penn State,Big Ten,kickReturnTDs,0,2026-09-29T20:11:43Z
2021,Penn State,Big Ten,kickReturnTDsOpponent,0,2026-09-29T20:11:43Z
2021,Penn State,Big Ten,kickReturnYards,352,2026-09-29T20:11:43Z
2021,Penn State,Big Ten,kickReturnYardsOpponent,28,2026-09-29T20:11:43Z
2021,Penn State,Big Ten,netPassingYards,3491,2026-09-29T20:11:43Z
2021,Penn State,Big Ten,netPassingYardsOpponent,2598,2026-09-29T20:11:43Z
2021,Penn State,Big Ten,passAttempts,486,2026-09-29T20:11:43Z
2021,Penn State,Big Ten,passAttemptsOpponent,440,2026-09-29T20:11:43Z
2021,Penn State,Big Ten,passCompletions,291,2026-09-29T20:11:43Z
2021,Penn State,Big Ten,passCompletionsOpponent,262,2026-09-29T20:11:43Z
2021,Penn State,Big Ten,passesIntercepted,14,2026-09-29T20:11:43Z
2021,Penn State,Big Ten,passesInterceptedOpponent,10,2026-09-29T20:11:43Z
2021,Penn State,Big Ten,passingTDs,25,2026-09-29T20:11:43Z
2021,Penn State,Big Ten,passingTDsOpponent,11,2026-09-29T20:11:43Z
2021,Penn State,Big Ten,penalties,70,2026-09-29T20:11:43Z
2021,Penn State,Big Ten,penaltiesOpponent,72,2026-09-29T20:11:43Z
2021,Penn State,Big Ten,penaltyYards,599,2026-09-29T20:11:43Z
2021,Penn State,Big Ten,penaltyYardsOpponent,570,2026-09-29T20:11:43Z
2021,Penn State,Big Ten,possessionTime,21788,2026-09-29T20:11:43Z
2021,Penn State,Big Ten,possessionTimeOpponent,25012,2026-09-29T20:11:43Z
2021,Penn State,Big Ten,puntReturns,17,2026-09-29T20:11:43Z
2021,Penn State,Big Ten,puntReturnsOpponent,14,2026-09-29T20:11:43Z
2021,Penn State,Big Ten,puntReturnTDs,0,2026-09-29T20:11:43Z
2021,Penn State,Big Ten,puntReturnTDsOpponent,0,2026-09-29T20:11:43Z
2021,Penn State,Big Ten,puntReturnYards,128,2026-09-29T20:11:43Z
2021,Penn State,Big Ten,puntReturnYardsOpponent,39,2026-09-29T20:11:43Z
2021,Penn State,Big Ten,rushingAttempts,437,2026-09-29T20:11:43Z
2021,Penn State,Big Ten,rushingAttemptsOpponent,525,2026-09-29T20:11:43Z
2021,Penn State,Big Ten,rushingTDs,11,2026-09-29T20:11:43Z
2021,Penn State,Big Ten,rushingTDsOpponent,12,2026-09-29T20:11:43Z
2021,Penn State,Big Ten,rushingYards,1402,2026-09-29T20:11:43Z
2021,Penn State,Big Ten,rushingYardsOpponent,1981,2026-09-29T20:11:43Z
2021,Penn State,Big Ten,sacks,26,2026-09-29T20:11:43Z
2021,Penn State,Big Ten,sacksOpponent,34,2026-09-29T20:11:43Z
2021,Penn State,Big Ten,tacklesForLoss,84,2026-09-29T20:11:43Z
2021,Penn State,Big Ten,tacklesForLossOpponent,92,2026-09-29T20:11:43Z
2021,Penn State,Big Ten,thirdDownConversions,76,2026-09-29T20:11:43Z
2021,Penn State,Big Ten,thirdDownConversionsOpponent,76,2026-09-29T20:11:43Z
2021,Penn State,Big Ten,thirdDowns,195,2026-09-29T20:11:43Z
2021,Penn State,Big Ten,thirdDownsOpponent,212,2026-09-29T20:11:43Z
2021,Penn State,Big Ten,totalYards,4893,2026-09-29T20:11:43Z
2021,Penn State,Big Ten,totalYardsOpponent,4579,2026-09-29T20:11:43Z
2021,Penn State,Big Ten,turnovers,15,2026-09-29T20:11:43Z
2021,Penn State,Big Ten,turnoversOpponent,21,2026-09-29T20:11:43Z
2021,Pittsburgh,ACC,firstDowns,362,2026-09-29T20:11:43Z
2021,Pittsburgh,ACC,firstDownsOpponent,278,2026-09-29T20:11:43Z
2021,Pittsburgh,ACC,fourthDownConversions,17,2026-09-29T20:11:43Z
2021,Pittsburgh,ACC,fourthDownConversionsOpponent,7,2026-09-29T20:11:43Z
2021,Pittsburgh,ACC,fourthDowns,25,2026-09-29T20:11:43Z
2021,Pittsburgh,ACC,fourthDownsOpponent,25,2026-09-29T20:11:43Z
2021,Pittsburgh,ACC,fumblesLost,7,2026-09-29T20:11:43Z
2021,Pittsburgh,ACC,fumblesLostOpponent,7,2026-09-29T20:11:43Z
2021,Pittsburgh,ACC,fumblesRecovered,10,2026-09-29T20:11:43Z
2021,Pittsburgh,ACC,fumblesRecoveredOpponent,9,2026-09-29T20:11:43Z
2021,Pittsburgh,ACC,games,14,2026-09-29T20:11:43Z
2021,Pittsburgh,ACC,interceptions,8,2026-09-29T20:11:43Z
2021,Pittsburgh,ACC,interceptionsOpponent,16,2026-09-29T20:11:43Z
2021,Pittsburgh,ACC,interceptionTDs,4,2026-09-29T20:11:43Z
2021,Pittsburgh,ACC,interceptionTDsOpponent,1,2026-09-29T20:11:43Z
2021,Pittsburgh,ACC,interceptionYards,265,2026-09-29T20:11:43Z
2021,Pittsburgh,ACC,interceptionYardsOpponent,163,2026-09-29T20:11:43Z
2021,Pittsburgh,ACC,kickReturns,19,2026-09-29T20:11:43Z
2021,Pittsburgh,ACC,kickReturnsOpponent,47,2026-09-29T20:11:43Z
2021,Pittsburgh,ACC,kickReturnTDs,1,2026-09-29T20:11:43Z
2021,Pittsburgh,ACC,kickReturnTDsOpponent,1,2026-09-29T20:11:43Z
2021,Pittsburgh,ACC,kickReturnYards,445,2026-09-29T20:11:43Z
2021,Pittsburgh,ACC,kickReturnYardsOpponent,1002,2026-09-29T20:11:43Z
2021,Pittsburgh,ACC,netPassingYards,4723,2026-09-29T20:11:43Z
2021,Pittsburgh,ACC,netPassingYardsOpponent,3700,2026-09-29T20:11:43Z
2021,Pittsburgh,ACC,passAttempts,544,2026-09-29T20:11:43Z
2021,Pittsburgh,ACC,passAttemptsOpponent,506,2026-09-29T20:11:43Z
2021,Pittsburgh,ACC,passCompletions,367,2026-09-29T20:11:43Z
2021,Pittsburgh,ACC,passCompletionsOpponent,302,2026-09-29T20:11:43Z
2021,Pittsburgh,ACC,passesIntercepted,16,2026-09-29T20:11:43Z
2021,Pittsburgh,ACC,passesInterceptedOpponent,8,2026-09-29T20:11:43Z
2021,Pittsburgh,ACC,passingTDs,44,2026-09-29T20:11:43Z
2021,Pittsburgh,ACC,passingTDsOpponent,26,2026-09-29T20:11:43Z
2021,Pittsburgh,ACC,penalties,94,2026-09-29T20:11:43Z
2021,Pittsburgh,ACC,penaltiesOpponent,101,2026-09-29T20:11:43Z
2021,Pittsburgh,ACC,penaltyYards,895,2026-09-29T20:11:43Z
2021,Pittsburgh,ACC,penaltyYardsOpponent,907,2026-09-29T20:11:43Z
2021,Pittsburgh,ACC,possessionTime,25980,2026-09-29T20:11:43Z
2021,Pittsburgh,ACC,possessionTimeOpponent,24420,2026-09-29T20:11:43Z
2021,Pittsburgh,ACC,puntReturns,30,2026-09-29T20:11:43Z
2021,Pittsburgh,ACC,puntReturnsOpponent,13,2026-09-29T20:11:43Z
2021,Pittsburgh,ACC,puntReturnTDs,0,2026-09-29T20:11:43Z
2021,Pittsburgh,ACC,puntReturnTDsOpponent,0,2026-09-29T20:11:43Z
2021,Pittsburgh,ACC,puntReturnYards,278,2026-09-29T20:11:43Z
2021,Pittsburgh,ACC,puntReturnYardsOpponent,72,2026-09-29T20:11:43Z
2021,Pittsburgh,ACC,rushingAttempts,525,2026-09-29T20:11:43Z
2021,Pittsburgh,ACC,rushingAttemptsOpponent,472,2026-09-29T20:11:43Z
2021,Pittsburgh,ACC,rushingTDs,26,2026-09-29T20:11:43Z
2021,Pittsburgh,ACC,rushingTDsOpponent,15,2026-09-29T20:11:43Z
2021,Pittsburgh,ACC,rushingYards,2107,2026-09-29T20:11:43Z
2021,Pittsburgh,ACC,rushingYardsOpponent,1242,2026-09-29T20:11:43Z
2021,Pittsburgh,ACC,sacks,54,2026-09-29T20:11:43Z
2021,Pittsburgh,ACC,sacksOpponent,34,2026-09-29T20:11:43Z
2021,Pittsburgh,ACC,tacklesForLoss,113,2026-09-29T20:11:43Z
2021,Pittsburgh,ACC,tacklesForLossOpponent,79,2026-09-29T20:11:43Z
2021,Pittsburgh,ACC,thirdDownConversions,90,2026-09-29T20:11:43Z
2021,Pittsburgh,ACC,thirdDownConversionsOpponent,68,2026-09-29T20:11:43Z
2021,Pittsburgh,ACC,thirdDowns,204,2026-09-29T20:11:43Z
2021,Pittsburgh,ACC,thirdDownsOpponent,203,2026-09-29T20:11:43Z
2021,Pittsburgh,ACC,totalYards,6830,2026-09-29T20:11:43Z
2021,Pittsburgh,ACC,totalYardsOpponent,4942,2026-09-29T20:11:43Z
2021,Pittsburgh,ACC,turnovers,15,2026-09-29T20:11:43Z
2021,Pittsburgh,ACC,turnoversOpponent,23,2026-09-29T20:11:43Z
2021,Purdue,Big Ten,firstDowns,311,2026-09-29T20:11:43Z
2021,Purdue,Big Ten,firstDownsOpponent,239,2026-09-29T20:11:43Z
2021,Purdue,Big Ten,fourthDownConversions,8,2026-09-29T20:11:43Z
2021,Purdue,Big Ten,fourthDownConversionsOpponent,8,2026-09-29T20:11:43Z
2021,Purdue,Big Ten,fourthDowns,15,2026-09-29T20:11:43Z
2021,Purdue,Big Ten,fourthDownsOpponent,22,2026-09-29T20:11:43Z
2021,Purdue,Big Ten,fumblesLost,7,2026-09-29T20:11:43Z
2021,Purdue,Big Ten,fumblesLostOpponent,4,2026-09-29T20:11:43Z
2021,Purdue,Big Ten,fumblesRecovered,4,2026-09-29T20:11:43Z
2021,Purdue,Big Ten,fumblesRecoveredOpponent,7,2026-09-29T20:11:43Z
2021,Purdue,Big Ten,games,13,2026-09-29T20:11:43Z
2021,Purdue,Big Ten,interceptions,12,2026-09-29T20:11:43Z
2021,Purdue,Big Ten,interceptionsOpponent,13,2026-09-29T20:11:43Z
2021,Purdue,Big Ten,interceptionTDs,1,2026-09-29T20:11:43Z
2021,Purdue,Big Ten,interceptionTDsOpponent,0,2026-09-29T20:11:43Z
2021,Purdue,Big Ten,interceptionYards,107,2026-09-29T20:11:43Z
2021,Purdue,Big Ten,interceptionYardsOpponent,66,2026-09-29T20:11:43Z
2021,Purdue,Big Ten,kickReturns,22,2026-09-29T20:11:43Z
2021,Purdue,Big Ten,kickReturnsOpponent,38,2026-09-29T20:11:43Z
2021,Purdue,Big Ten,kickReturnTDs,0,2026-09-29T20:11:43Z
2021,Purdue,Big Ten,kickReturnTDsOpponent,0,2026-09-29T20:11:43Z
2021,Purdue,Big Ten,kickReturnYards,223,2026-09-29T20:11:43Z
2021,Purdue,Big Ten,kickReturnYardsOpponent,676,2026-09-29T20:11:43Z
2021,Purdue,Big Ten,netPassingYards,4620,2026-09-29T20:11:43Z
2021,Purdue,Big Ten,netPassingYardsOpponent,2713,2026-09-29T20:11:43Z
2021,Purdue,Big Ten,passAttempts,576,2026-09-29T20:11:43Z
2021,Purdue,Big Ten,passAttemptsOpponent,372,2026-09-29T20:11:43Z
2021,Purdue,Big Ten,passCompletions,407,2026-09-29T20:11:43Z
2021,Purdue,Big Ten,passCompletionsOpponent,222,2026-09-29T20:11:43Z
2021,Purdue,Big Ten,passesIntercepted,13,2026-09-29T20:11:43Z
2021,Purdue,Big Ten,passesInterceptedOpponent,12,2026-09-29T20:11:43Z
2021,Purdue,Big Ten,passingTDs,35,2026-09-29T20:11:43Z
2021,Purdue,Big Ten,passingTDsOpponent,18,2026-09-29T20:11:43Z
2021,Purdue,Big Ten,penalties,58,2026-09-29T20:11:43Z
2021,Purdue,Big Ten,penaltiesOpponent,77,2026-09-29T20:11:43Z
2021,Purdue,Big Ten,penaltyYards,557,2026-09-29T20:11:43Z
2021,Purdue,Big Ten,penaltyYardsOpponent,700,2026-09-29T20:11:43Z
2021,Purdue,Big Ten,possessionTime,24922,2026-09-29T20:11:43Z
2021,Purdue,Big Ten,possessionTimeOpponent,21878,2026-09-29T20:11:43Z
2021,Purdue,Big Ten,puntReturns,21,2026-09-29T20:11:43Z
2021,Purdue,Big Ten,puntReturnsOpponent,13,2026-09-29T20:11:43Z
2021,Purdue,Big Ten,puntReturnTDs,0,2026-09-29T20:11:43Z
2021,Purdue,Big Ten,puntReturnTDsOpponent,0,2026-09-29T20:11:43Z
2021,Purdue,Big Ten,puntReturnYards,123,2026-09-29T20:11:43Z
2021,Purdue,Big Ten,puntReturnYardsOpponent,83,2026-09-29T20:11:43Z
2021,Purdue,Big Ten,rushingAttempts,392,2026-09-29T20:11:43Z
2021,Purdue,Big Ten,rushingAttemptsOpponent,483,2026-09-29T20:11:43Z
2021,Purdue,Big Ten,rushingTDs,7,2026-09-29T20:11:43Z
2021,Purdue,Big Ten,rushingTDsOpponent,18,2026-09-29T20:11:43Z
2021,Purdue,Big Ten,rushingYards,1095,2026-09-29T20:11:43Z
2021,Purdue,Big Ten,rushingYardsOpponent,2051,2026-09-29T20:11:43Z
2021,Purdue,Big Ten,sacks,25,2026-09-29T20:11:43Z
2021,Purdue,Big Ten,sacksOpponent,29,2026-09-29T20:11:43Z
2021,Purdue,Big Ten,tacklesForLoss,77,2026-09-29T20:11:43Z
2021,Purdue,Big Ten,tacklesForLossOpponent,79,2026-09-29T20:11:43Z
2021,Purdue,Big Ten,thirdDownConversions,82,2026-09-29T20:11:43Z
2021,Purdue,Big Ten,thirdDownConversionsOpponent,66,2026-09-29T20:11:43Z
2021,Purdue,Big Ten,thirdDowns,188,2026-09-29T20:11:43Z
2021,Purdue,Big Ten,thirdDownsOpponent,177,2026-09-29T20:11:43Z
2021,Purdue,Big Ten,totalYards,5715,2026-09-29T20:11:43Z
2021,Purdue,Big Ten,totalYardsOpponent,4764,2026-09-29T20:11:43Z
2021,Purdue,Big Ten,turnovers,19,2026-09-29T20:11:43Z
2021,Purdue,Big Ten,turnoversOpponent,17,2026-09-29T20:11:43Z
2021,Rice,Conference USA,firstDowns,234,2026-09-29T20:11:43Z
2021,Rice,Conference USA,firstDownsOpponent,262,2026-09-29T20:11:43Z
2021,Rice,Conference USA,fourthDownConversions,16,2026-09-29T20:11:43Z
2021,Rice,Conference USA,fourthDownConversionsOpponent,12,2026-09-29T20:11:43Z
2021,Rice,Conference USA,fourthDowns,29,2026-09-29T20:11:43Z
2021,Rice,Conference USA,fourthDownsOpponent,18,2026-09-29T20:11:43Z
2021,Rice,Conference USA,fumblesLost,7,2026-09-29T20:11:43Z
2021,Rice,Conference USA,fumblesLostOpponent,5,2026-09-29T20:11:43Z
2021,Rice,Conference USA,fumblesRecovered,7,2026-09-29T20:11:43Z
2021,Rice,Conference USA,fumblesRecoveredOpponent,7,2026-09-29T20:11:43Z
2021,Rice,Conference USA,games,12,2026-09-29T20:11:43Z
2021,Rice,Conference USA,interceptions,15,2026-09-29T20:11:43Z
2021,Rice,Conference USA,interceptionsOpponent,14,2026-09-29T20:11:43Z
2021,Rice,Conference USA,interceptionTDs,0,2026-09-29T20:11:43Z
2021,Rice,Conference USA,interceptionTDsOpponent,3,2026-09-29T20:11:43Z
2021,Rice,Conference USA,interceptionYards,55,2026-09-29T20:11:43Z
2021,Rice,Conference USA,interceptionYardsOpponent,274,2026-09-29T20:11:43Z
2021,Rice,Conference USA,kickReturns,31,2026-09-29T20:11:43Z
2021,Rice,Conference USA,kickReturnsOpponent,31,2026-09-29T20:11:43Z
2021,Rice,Conference USA,kickReturnTDs,0,2026-09-29T20:11:43Z
2021,Rice,Conference USA,kickReturnTDsOpponent,1,2026-09-29T20:11:43Z
2021,Rice,Conference USA,kickReturnYards,660,2026-09-29T20:11:43Z
2021,Rice,Conference USA,kickReturnYardsOpponent,659,2026-09-29T20:11:43Z
2021,Rice,Conference USA,netPassingYards,2540,2026-09-29T20:11:43Z
2021,Rice,Conference USA,netPassingYardsOpponent,3285,2026-09-29T20:11:43Z
2021,Rice,Conference USA,passAttempts,344,2026-09-29T20:11:43Z
2021,Rice,Conference USA,passAttemptsOpponent,377,2026-09-29T20:11:43Z
2021,Rice,Conference USA,passCompletions,205,2026-09-29T20:11:43Z
2021,Rice,Conference USA,passCompletionsOpponent,239,2026-09-29T20:11:43Z
2021,Rice,Conference USA,passesIntercepted,14,2026-09-29T20:11:43Z
2021,Rice,Conference USA,passesInterceptedOpponent,15,2026-09-29T20:11:43Z
2021,Rice,Conference USA,passingTDs,16,2026-09-29T20:11:43Z
2021,Rice,Conference USA,passingTDsOpponent,23,2026-09-29T20:11:43Z
2021,Rice,Conference USA,penalties,89,2026-09-29T20:11:43Z
2021,Rice,Conference USA,penaltiesOpponent,81,2026-09-29T20:11:43Z
2021,Rice,Conference USA,penaltyYards,763,2026-09-29T20:11:43Z
2021,Rice,Conference USA,penaltyYardsOpponent,792,2026-09-29T20:11:43Z
2021,Rice,Conference USA,possessionTime,23952,2026-09-29T20:11:43Z
2021,Rice,Conference USA,possessionTimeOpponent,19241,2026-09-29T20:11:43Z
2021,Rice,Conference USA,puntReturns,11,2026-09-29T20:11:43Z
2021,Rice,Conference USA,puntReturnsOpponent,31,2026-09-29T20:11:43Z
2021,Rice,Conference USA,puntReturnTDs,0,2026-09-29T20:11:43Z
2021,Rice,Conference USA,puntReturnTDsOpponent,0,2026-09-29T20:11:43Z
2021,Rice,Conference USA,puntReturnYards,102,2026-09-29T20:11:43Z
2021,Rice,Conference USA,puntReturnYardsOpponent,232,2026-09-29T20:11:43Z
2021,Rice,Conference USA,rushingAttempts,476,2026-09-29T20:11:43Z
2021,Rice,Conference USA,rushingAttemptsOpponent,406,2026-09-29T20:11:43Z
2021,Rice,Conference USA,rushingTDs,19,2026-09-29T20:11:43Z
2021,Rice,Conference USA,rushingTDsOpponent,30,2026-09-29T20:11:43Z
2021,Rice,Conference USA,rushingYards,1789,2026-09-29T20:11:43Z
2021,Rice,Conference USA,rushingYardsOpponent,1953,2026-09-29T20:11:43Z
2021,Rice,Conference USA,sacks,27,2026-09-29T20:11:43Z
2021,Rice,Conference USA,sacksOpponent,28,2026-09-29T20:11:43Z
2021,Rice,Conference USA,tacklesForLoss,60,2026-09-29T20:11:43Z
2021,Rice,Conference USA,tacklesForLossOpponent,67,2026-09-29T20:11:43Z
2021,Rice,Conference USA,thirdDownConversions,62,2026-09-29T20:11:43Z
2021,Rice,Conference USA,thirdDownConversionsOpponent,55,2026-09-29T20:11:43Z
2021,Rice,Conference USA,thirdDowns,176,2026-09-29T20:11:43Z
2021,Rice,Conference USA,thirdDownsOpponent,141,2026-09-29T20:11:43Z
2021,Rice,Conference USA,totalYards,4329,2026-09-29T20:11:43Z
2021,Rice,Conference USA,totalYardsOpponent,5238,2026-09-29T20:11:43Z
2021,Rice,Conference USA,turnovers,22,2026-09-29T20:11:43Z
2021,Rice,Conference USA,turnoversOpponent,19,2026-09-29T20:11:43Z
2021,Rutgers,Big Ten,firstDowns,227,2026-09-29T20:11:43Z
2021,Rutgers,Big Ten,firstDownsOpponent,252,2026-09-29T20:11:43Z
2021,Rutgers,Big Ten,fourthDownConversions,14,2026-09-29T20:11:43Z
2021,Rutgers,Big Ten,fourthDownConversionsOpponent,8,2026-09-29T20:11:43Z
2021,Rutgers,Big Ten,fourthDowns,39,2026-09-29T20:11:43Z
2021,Rutgers,Big Ten,fourthDownsOpponent,19,2026-09-29T20:11:43Z
2021,Rutgers,Big Ten,fumblesLost,4,2026-09-29T20:11:43Z
2021,Rutgers,Big Ten,fumblesLostOpponent,11,2026-09-29T20:11:43Z
2021,Rutgers,Big Ten,fumblesRecovered,11,2026-09-29T20:11:43Z
2021,Rutgers,Big Ten,fumblesRecoveredOpponent,8,2026-09-29T20:11:43Z
2021,Rutgers,Big Ten,games,13,2026-09-29T20:11:43Z
2021,Rutgers,Big Ten,interceptions,10,2026-09-29T20:11:43Z
2021,Rutgers,Big Ten,interceptionsOpponent,7,2026-09-29T20:11:43Z
2021,Rutgers,Big Ten,interceptionTDs,1,2026-09-29T20:11:43Z
2021,Rutgers,Big Ten,interceptionTDsOpponent,2,2026-09-29T20:11:43Z
2021,Rutgers,Big Ten,interceptionYards,88,2026-09-29T20:11:43Z
2021,Rutgers,Big Ten,interceptionYardsOpponent,54,2026-09-29T20:11:43Z
2021,Rutgers,Big Ten,kickReturns,39,2026-09-29T20:11:43Z
2021,Rutgers,Big Ten,kickReturnsOpponent,22,2026-09-29T20:11:43Z
2021,Rutgers,Big Ten,kickReturnTDs,0,2026-09-29T20:11:43Z
2021,Rutgers,Big Ten,kickReturnTDsOpponent,0,2026-09-29T20:11:43Z
2021,Rutgers,Big Ten,kickReturnYards,813,2026-09-29T20:11:43Z
2021,Rutgers,Big Ten,kickReturnYardsOpponent,334,2026-09-29T20:11:43Z
2021,Rutgers,Big Ten,netPassingYards,2229,2026-09-29T20:11:43Z
2021,Rutgers,Big Ten,netPassingYardsOpponent,3054,2026-09-29T20:11:43Z
2021,Rutgers,Big Ten,passAttempts,394,2026-09-29T20:11:43Z
2021,Rutgers,Big Ten,passAttemptsOpponent,368,2026-09-29T20:11:43Z
2021,Rutgers,Big Ten,passCompletions,231,2026-09-29T20:11:43Z
2021,Rutgers,Big Ten,passCompletionsOpponent,206,2026-09-29T20:11:43Z
2021,Rutgers,Big Ten,passesIntercepted,7,2026-09-29T20:11:43Z
2021,Rutgers,Big Ten,passesInterceptedOpponent,10,2026-09-29T20:11:43Z
2021,Rutgers,Big Ten,passingTDs,9,2026-09-29T20:11:43Z
2021,Rutgers,Big Ten,passingTDsOpponent,25,2026-09-29T20:11:43Z
2021,Rutgers,Big Ten,penalties,65,2026-09-29T20:11:43Z
2021,Rutgers,Big Ten,penaltiesOpponent,70,2026-09-29T20:11:43Z
2021,Rutgers,Big Ten,penaltyYards,529,2026-09-29T20:11:43Z
2021,Rutgers,Big Ten,penaltyYardsOpponent,615,2026-09-29T20:11:43Z
2021,Rutgers,Big Ten,possessionTime,23635,2026-09-29T20:11:43Z
2021,Rutgers,Big Ten,possessionTimeOpponent,23165,2026-09-29T20:11:43Z
2021,Rutgers,Big Ten,puntReturns,24,2026-09-29T20:11:43Z
2021,Rutgers,Big Ten,puntReturnsOpponent,14,2026-09-29T20:11:43Z
2021,Rutgers,Big Ten,puntReturnTDs,1,2026-09-29T20:11:43Z
2021,Rutgers,Big Ten,puntReturnTDsOpponent,0,2026-09-29T20:11:43Z
2021,Rutgers,Big Ten,puntReturnYards,255,2026-09-29T20:11:43Z
2021,Rutgers,Big Ten,puntReturnYardsOpponent,41,2026-09-29T20:11:43Z
2021,Rutgers,Big Ten,rushingAttempts,500,2026-09-29T20:11:43Z
2021,Rutgers,Big Ten,rushingAttemptsOpponent,498,2026-09-29T20:11:43Z
2021,Rutgers,Big Ten,rushingTDs,20,2026-09-29T20:11:43Z
2021,Rutgers,Big Ten,rushingTDsOpponent,16,2026-09-29T20:11:43Z
2021,Rutgers,Big Ten,rushingYards,1799,2026-09-29T20:11:43Z
2021,Rutgers,Big Ten,rushingYardsOpponent,2097,2026-09-29T20:11:43Z
2021,Rutgers,Big Ten,sacks,22,2026-09-29T20:11:43Z
2021,Rutgers,Big Ten,sacksOpponent,22,2026-09-29T20:11:43Z
2021,Rutgers,Big Ten,tacklesForLoss,73,2026-09-29T20:11:43Z
2021,Rutgers,Big Ten,tacklesForLossOpponent,81,2026-09-29T20:11:43Z
2021,Rutgers,Big Ten,thirdDownConversions,61,2026-09-29T20:11:43Z
2021,Rutgers,Big Ten,thirdDownConversionsOpponent,60,2026-09-29T20:11:43Z
2021,Rutgers,Big Ten,thirdDowns,193,2026-09-29T20:11:43Z
2021,Rutgers,Big Ten,thirdDownsOpponent,177,2026-09-29T20:11:43Z
2021,Rutgers,Big Ten,totalYards,4028,2026-09-29T20:11:43Z
2021,Rutgers,Big Ten,totalYardsOpponent,5151,2026-09-29T20:11:43Z
2021,Rutgers,Big Ten,turnovers,14,2026-09-29T20:11:43Z
2021,Rutgers,Big Ten,turnoversOpponent,18,2026-09-29T20:11:43Z
2021,San Diego State,Mountain West,firstDowns,261,2026-09-29T20:11:43Z
2021,San Diego State,Mountain West,firstDownsOpponent,244,2026-09-29T20:11:43Z
2021,San Diego State,Mountain West,fourthDownConversions,12,2026-09-29T20:11:43Z
2021,San Diego State,Mountain West,fourthDownConversionsOpponent,12,2026-09-29T20:11:43Z
2021,San Diego State,Mountain West,fourthDowns,19,2026-09-29T20:11:43Z
2021,San Diego State,Mountain West,fourthDownsOpponent,24,2026-09-29T20:11:43Z
2021,San Diego State,Mountain West,fumblesLost,9,2026-09-29T20:11:43Z
2021,San Diego State,Mountain West,fumblesLostOpponent,5,2026-09-29T20:11:43Z
2021,San Diego State,Mountain West,fumblesRecovered,9,2026-09-29T20:11:43Z
2021,San Diego State,Mountain West,fumblesRecoveredOpponent,11,2026-09-29T20:11:43Z
2021,San Diego State,Mountain West,games,14,2026-09-29T20:11:43Z
2021,San Diego State,Mountain West,interceptions,5,2026-09-29T20:11:43Z
2021,San Diego State,Mountain West,interceptionsOpponent,17,2026-09-29T20:11:43Z
2021,San Diego State,Mountain West,interceptionTDs,2,2026-09-29T20:11:43Z
2021,San Diego State,Mountain West,interceptionTDsOpponent,0,2026-09-29T20:11:43Z
2021,San Diego State,Mountain West,interceptionYards,177,2026-09-29T20:11:43Z
2021,San Diego State,Mountain West,interceptionYardsOpponent,49,2026-09-29T20:11:43Z
2021,San Diego State,Mountain West,kickReturns,39,2026-09-29T20:11:43Z
2021,San Diego State,Mountain West,kickReturnsOpponent,13,2026-09-29T20:11:43Z
2021,San Diego State,Mountain West,kickReturnTDs,1,2026-09-29T20:11:43Z
2021,San Diego State,Mountain West,kickReturnTDsOpponent,0,2026-09-29T20:11:43Z
2021,San Diego State,Mountain West,kickReturnYards,890,2026-09-29T20:11:43Z
2021,San Diego State,Mountain West,kickReturnYardsOpponent,299,2026-09-29T20:11:43Z
2021,San Diego State,Mountain West,netPassingYards,2351,2026-09-29T20:11:43Z
2021,San Diego State,Mountain West,netPassingYardsOpponent,3417,2026-09-29T20:11:43Z
2021,San Diego State,Mountain West,passAttempts,361,2026-09-29T20:11:43Z
2021,San Diego State,Mountain West,passAttemptsOpponent,546,2026-09-29T20:11:43Z
2021,San Diego State,Mountain West,passCompletions,209,2026-09-29T20:11:43Z
2021,San Diego State,Mountain West,passCompletionsOpponent,310,2026-09-29T20:11:43Z
2021,San Diego State,Mountain West,passesIntercepted,17,2026-09-29T20:11:43Z
2021,San Diego State,Mountain West,passesInterceptedOpponent,6,2026-09-29T20:11:43Z
2021,San Diego State,Mountain West,passingTDs,16,2026-09-29T20:11:43Z
2021,San Diego State,Mountain West,passingTDsOpponent,25,2026-09-29T20:11:43Z
2021,San Diego State,Mountain West,penalties,103,2026-09-29T20:11:43Z
2021,San Diego State,Mountain West,penaltiesOpponent,92,2026-09-29T20:11:43Z
2021,San Diego State,Mountain West,penaltyYards,950,2026-09-29T20:11:43Z
2021,San Diego State,Mountain West,penaltyYardsOpponent,819,2026-09-29T20:11:43Z
2021,San Diego State,Mountain West,possessionTime,26942,2026-09-29T20:11:43Z
2021,San Diego State,Mountain West,possessionTimeOpponent,23458,2026-09-29T20:11:43Z
2021,San Diego State,Mountain West,puntReturns,31,2026-09-29T20:11:43Z
2021,San Diego State,Mountain West,puntReturnsOpponent,22,2026-09-29T20:11:43Z
2021,San Diego State,Mountain West,puntReturnTDs,2,2026-09-29T20:11:43Z
2021,San Diego State,Mountain West,puntReturnTDsOpponent,1,2026-09-29T20:11:43Z
2021,San Diego State,Mountain West,puntReturnYards,248,2026-09-29T20:11:43Z
2021,San Diego State,Mountain West,puntReturnYardsOpponent,249,2026-09-29T20:11:43Z
2021,San Diego State,Mountain West,rushingAttempts,571,2026-09-29T20:11:43Z
2021,San Diego State,Mountain West,rushingAttemptsOpponent,413,2026-09-29T20:11:43Z
2021,San Diego State,Mountain West,rushingTDs,26,2026-09-29T20:11:43Z
2021,San Diego State,Mountain West,rushingTDsOpponent,7,2026-09-29T20:11:43Z
2021,San Diego State,Mountain West,rushingYards,2448,2026-09-29T20:11:43Z
2021,San Diego State,Mountain West,rushingYardsOpponent,1126,2026-09-29T20:11:43Z
2021,San Diego State,Mountain West,sacks,41,2026-09-29T20:11:43Z
2021,San Diego State,Mountain West,sacksOpponent,24,2026-09-29T20:11:43Z
2021,San Diego State,Mountain West,tacklesForLoss,95,2026-09-29T20:11:43Z
2021,San Diego State,Mountain West,tacklesForLossOpponent,75,2026-09-29T20:11:43Z
2021,San Diego State,Mountain West,thirdDownConversions,62,2026-09-29T20:11:43Z
2021,San Diego State,Mountain West,thirdDownConversionsOpponent,70,2026-09-29T20:11:43Z
2021,San Diego State,Mountain West,thirdDowns,193,2026-09-29T20:11:43Z
2021,San Diego State,Mountain West,thirdDownsOpponent,221,2026-09-29T20:11:43Z
2021,San Diego State,Mountain West,totalYards,4799,2026-09-29T20:11:43Z
2021,San Diego State,Mountain West,totalYardsOpponent,4543,2026-09-29T20:11:43Z
2021,San Diego State,Mountain West,turnovers,14,2026-09-29T20:11:43Z
2021,San Diego State,Mountain West,turnoversOpponent,22,2026-09-29T20:11:43Z
2021,San José State,Mountain West,firstDowns,202,2026-09-29T20:11:43Z
2021,San José State,Mountain West,firstDownsOpponent,246,2026-09-29T20:11:43Z
2021,San José State,Mountain West,fourthDownConversions,4,2026-09-29T20:11:43Z
2021,San José State,Mountain West,fourthDownConversionsOpponent,11,2026-09-29T20:11:43Z
2021,San José State,Mountain West,fourthDowns,12,2026-09-29T20:11:43Z
2021,San José State,Mountain West,fourthDownsOpponent,18,2026-09-29T20:11:43Z
2021,San José State,Mountain West,fumblesLost,14,2026-09-29T20:11:43Z
2021,San José State,Mountain West,fumblesLostOpponent,6,2026-09-29T20:11:43Z
2021,San José State,Mountain West,fumblesRecovered,7,2026-09-29T20:11:43Z
2021,San José State,Mountain West,fumblesRecoveredOpponent,20,2026-09-29T20:11:43Z
2021,San José State,Mountain West,games,12,2026-09-29T20:11:43Z
2021,San José State,Mountain West,interceptions,10,2026-09-29T20:11:43Z
2021,San José State,Mountain West,interceptionsOpponent,6,2026-09-29T20:11:43Z
2021,San José State,Mountain West,interceptionTDs,1,2026-09-29T20:11:43Z
2021,San José State,Mountain West,interceptionTDsOpponent,3,2026-09-29T20:11:43Z
2021,San José State,Mountain West,interceptionYards,99,2026-09-29T20:11:43Z
2021,San José State,Mountain West,interceptionYardsOpponent,201,2026-09-29T20:11:43Z
2021,San José State,Mountain West,kickReturns,36,2026-09-29T20:11:43Z
2021,San José State,Mountain West,kickReturnsOpponent,24,2026-09-29T20:11:43Z
2021,San José State,Mountain West,kickReturnTDs,0,2026-09-29T20:11:43Z
2021,San José State,Mountain West,kickReturnTDsOpponent,0,2026-09-29T20:11:43Z
2021,San José State,Mountain West,kickReturnYards,577,2026-09-29T20:11:43Z
2021,San José State,Mountain West,kickReturnYardsOpponent,400,2026-09-29T20:11:43Z
2021,San José State,Mountain West,netPassingYards,2636,2026-09-29T20:11:43Z
2021,San José State,Mountain West,netPassingYardsOpponent,2833,2026-09-29T20:11:43Z
2021,San José State,Mountain West,passAttempts,402,2026-09-29T20:11:43Z
2021,San José State,Mountain West,passAttemptsOpponent,408,2026-09-29T20:11:43Z
2021,San José State,Mountain West,passCompletions,207,2026-09-29T20:11:43Z
2021,San José State,Mountain West,passCompletionsOpponent,256,2026-09-29T20:11:43Z
2021,San José State,Mountain West,passesIntercepted,6,2026-09-29T20:11:43Z
2021,San José State,Mountain West,passesInterceptedOpponent,10,2026-09-29T20:11:43Z
2021,San José State,Mountain West,passingTDs,15,2026-09-29T20:11:43Z
2021,San José State,Mountain West,passingTDsOpponent,23,2026-09-29T20:11:43Z
2021,San José State,Mountain West,penalties,87,2026-09-29T20:11:43Z
2021,San José State,Mountain West,penaltiesOpponent,56,2026-09-29T20:11:43Z
2021,San José State,Mountain West,penaltyYards,782,2026-09-29T20:11:43Z
2021,San José State,Mountain West,penaltyYardsOpponent,525,2026-09-29T20:11:43Z
2021,San José State,Mountain West,possessionTime,19252,2026-09-29T20:11:43Z
2021,San José State,Mountain West,possessionTimeOpponent,23948,2026-09-29T20:11:43Z
2021,San José State,Mountain West,puntReturns,18,2026-09-29T20:11:43Z
2021,San José State,Mountain West,puntReturnsOpponent,11,2026-09-29T20:11:43Z
2021,San José State,Mountain West,puntReturnTDs,0,2026-09-29T20:11:43Z
2021,San José State,Mountain West,puntReturnTDsOpponent,0,2026-09-29T20:11:43Z
2021,San José State,Mountain West,puntReturnYards,138,2026-09-29T20:11:43Z
2021,San José State,Mountain West,puntReturnYardsOpponent,37,2026-09-29T20:11:43Z
2021,San José State,Mountain West,rushingAttempts,352,2026-09-29T20:11:43Z
2021,San José State,Mountain West,rushingAttemptsOpponent,459,2026-09-29T20:11:43Z
2021,San José State,Mountain West,rushingTDs,12,2026-09-29T20:11:43Z
2021,San José State,Mountain West,rushingTDsOpponent,9,2026-09-29T20:11:43Z
2021,San José State,Mountain West,rushingYards,1446,2026-09-29T20:11:43Z
2021,San José State,Mountain West,rushingYardsOpponent,1622,2026-09-29T20:11:43Z
2021,San José State,Mountain West,sacks,27,2026-09-29T20:11:43Z
2021,San José State,Mountain West,sacksOpponent,21,2026-09-29T20:11:43Z
2021,San José State,Mountain West,tacklesForLoss,80,2026-09-29T20:11:43Z
2021,San José State,Mountain West,tacklesForLossOpponent,63,2026-09-29T20:11:43Z
2021,San José State,Mountain West,thirdDownConversions,57,2026-09-29T20:11:43Z
2021,San José State,Mountain West,thirdDownConversionsOpponent,75,2026-09-29T20:11:43Z
2021,San José State,Mountain West,thirdDowns,163,2026-09-29T20:11:43Z
2021,San José State,Mountain West,thirdDownsOpponent,190,2026-09-29T20:11:43Z
2021,San José State,Mountain West,totalYards,4082,2026-09-29T20:11:43Z
2021,San José State,Mountain West,totalYardsOpponent,4455,2026-09-29T20:11:43Z
2021,San José State,Mountain West,turnovers,24,2026-09-29T20:11:43Z
2021,San José State,Mountain West,turnoversOpponent,12,2026-09-29T20:11:43Z
2021,SMU,American Athletic,firstDowns,297,2026-09-29T20:11:43Z
2021,SMU,American Athletic,firstDownsOpponent,240,2026-09-29T20:11:43Z
2021,SMU,American Athletic,fourthDownConversions,16,2026-09-29T20:11:43Z
2021,SMU,American Athletic,fourthDownConversionsOpponent,13,2026-09-29T20:11:43Z
2021,SMU,American Athletic,fourthDowns,24,2026-09-29T20:11:43Z
2021,SMU,American Athletic,fourthDownsOpponent,30,2026-09-29T20:11:43Z
2021,SMU,American Athletic,fumblesLost,6,2026-09-29T20:11:43Z
2021,SMU,American Athletic,fumblesLostOpponent,5,2026-09-29T20:11:43Z
2021,SMU,American Athletic,fumblesRecovered,5,2026-09-29T20:11:43Z
2021,SMU,American Athletic,fumblesRecoveredOpponent,8,2026-09-29T20:11:43Z
2021,SMU,American Athletic,games,12,2026-09-29T20:11:43Z
2021,SMU,American Athletic,interceptions,12,2026-09-29T20:11:43Z
2021,SMU,American Athletic,interceptionsOpponent,10,2026-09-29T20:11:43Z
2021,SMU,American Athletic,interceptionTDs,0,2026-09-29T20:11:43Z
2021,SMU,American Athletic,interceptionTDsOpponent,0,2026-09-29T20:11:43Z
2021,SMU,American Athletic,interceptionYards,120,2026-09-29T20:11:43Z
2021,SMU,American Athletic,interceptionYardsOpponent,107,2026-09-29T20:11:43Z
2021,SMU,American Athletic,kickReturns,36,2026-09-29T20:11:43Z
2021,SMU,American Athletic,kickReturnsOpponent,27,2026-09-29T20:11:43Z
2021,SMU,American Athletic,kickReturnTDs,2,2026-09-29T20:11:43Z
2021,SMU,American Athletic,kickReturnTDsOpponent,1,2026-09-29T20:11:43Z
2021,SMU,American Athletic,kickReturnYards,956,2026-09-29T20:11:43Z
2021,SMU,American Athletic,kickReturnYardsOpponent,572,2026-09-29T20:11:43Z
2021,SMU,American Athletic,netPassingYards,3654,2026-09-29T20:11:43Z
2021,SMU,American Athletic,netPassingYardsOpponent,3337,2026-09-29T20:11:43Z
2021,SMU,American Athletic,passAttempts,468,2026-09-29T20:11:43Z
2021,SMU,American Athletic,passAttemptsOpponent,404,2026-09-29T20:11:43Z
2021,SMU,American Athletic,passCompletions,313,2026-09-29T20:11:43Z
2021,SMU,American Athletic,passCompletionsOpponent,239,2026-09-29T20:11:43Z
2021,SMU,American Athletic,passesIntercepted,10,2026-09-29T20:11:43Z
2021,SMU,American Athletic,passesInterceptedOpponent,12,2026-09-29T20:11:43Z
2021,SMU,American Athletic,passingTDs,39,2026-09-29T20:11:43Z
2021,SMU,American Athletic,passingTDsOpponent,27,2026-09-29T20:11:43Z
2021,SMU,American Athletic,penalties,67,2026-09-29T20:11:43Z
2021,SMU,American Athletic,penaltiesOpponent,88,2026-09-29T20:11:43Z
2021,SMU,American Athletic,penaltyYards,627,2026-09-29T20:11:43Z
2021,SMU,American Athletic,penaltyYardsOpponent,654,2026-09-29T20:11:43Z
2021,SMU,American Athletic,possessionTime,21041,2026-09-29T20:11:43Z
2021,SMU,American Athletic,possessionTimeOpponent,22137,2026-09-29T20:11:43Z
2021,SMU,American Athletic,puntReturns,14,2026-09-29T20:11:43Z
2021,SMU,American Athletic,puntReturnsOpponent,13,2026-09-29T20:11:43Z
2021,SMU,American Athletic,puntReturnTDs,0,2026-09-29T20:11:43Z
2021,SMU,American Athletic,puntReturnTDsOpponent,0,2026-09-29T20:11:43Z
2021,SMU,American Athletic,puntReturnYards,75,2026-09-29T20:11:43Z
2021,SMU,American Athletic,puntReturnYardsOpponent,119,2026-09-29T20:11:43Z
2021,SMU,American Athletic,rushingAttempts,422,2026-09-29T20:11:43Z
2021,SMU,American Athletic,rushingAttemptsOpponent,438,2026-09-29T20:11:43Z
2021,SMU,American Athletic,rushingTDs,20,2026-09-29T20:11:43Z
2021,SMU,American Athletic,rushingTDsOpponent,15,2026-09-29T20:11:43Z
2021,SMU,American Athletic,rushingYards,1937,2026-09-29T20:11:43Z
2021,SMU,American Athletic,rushingYardsOpponent,1650,2026-09-29T20:11:43Z
2021,SMU,American Athletic,sacks,27,2026-09-29T20:11:43Z
2021,SMU,American Athletic,sacksOpponent,16,2026-09-29T20:11:43Z
2021,SMU,American Athletic,tacklesForLoss,67,2026-09-29T20:11:43Z
2021,SMU,American Athletic,tacklesForLossOpponent,71,2026-09-29T20:11:43Z
2021,SMU,American Athletic,thirdDownConversions,73,2026-09-29T20:11:43Z
2021,SMU,American Athletic,thirdDownConversionsOpponent,68,2026-09-29T20:11:43Z
2021,SMU,American Athletic,thirdDowns,168,2026-09-29T20:11:43Z
2021,SMU,American Athletic,thirdDownsOpponent,179,2026-09-29T20:11:43Z
2021,SMU,American Athletic,totalYards,5591,2026-09-29T20:11:43Z
2021,SMU,American Athletic,totalYardsOpponent,4987,2026-09-29T20:11:43Z
2021,SMU,American Athletic,turnovers,18,2026-09-29T20:11:43Z
2021,SMU,American Athletic,turnoversOpponent,15,2026-09-29T20:11:43Z
2021,South Alabama,Sun Belt,firstDowns,228,2026-09-29T20:11:43Z
2021,South Alabama,Sun Belt,firstDownsOpponent,218,2026-09-29T20:11:43Z
2021,South Alabama,Sun Belt,fourthDownConversions,28,2026-09-29T20:11:43Z
2021,South Alabama,Sun Belt,fourthDownConversionsOpponent,14,2026-09-29T20:11:43Z
2021,South Alabama,Sun Belt,fourthDowns,46,2026-09-29T20:11:43Z
2021,South Alabama,Sun Belt,fourthDownsOpponent,24,2026-09-29T20:11:43Z
2021,South Alabama,Sun Belt,fumblesLost,9,2026-09-29T20:11:43Z
2021,South Alabama,Sun Belt,fumblesLostOpponent,10,2026-09-29T20:11:43Z
2021,South Alabama,Sun Belt,fumblesRecovered,11,2026-09-29T20:11:43Z
2021,South Alabama,Sun Belt,fumblesRecoveredOpponent,10,2026-09-29T20:11:43Z
2021,South Alabama,Sun Belt,games,12,2026-09-29T20:11:43Z
2021,South Alabama,Sun Belt,interceptions,11,2026-09-29T20:11:43Z
2021,South Alabama,Sun Belt,interceptionsOpponent,15,2026-09-29T20:11:43Z
2021,South Alabama,Sun Belt,interceptionTDs,1,2026-09-29T20:11:43Z
2021,South Alabama,Sun Belt,interceptionTDsOpponent,3,2026-09-29T20:11:43Z
2021,South Alabama,Sun Belt,interceptionYards,173,2026-09-29T20:11:43Z
2021,South Alabama,Sun Belt,interceptionYardsOpponent,198,2026-09-29T20:11:43Z
2021,South Alabama,Sun Belt,kickReturns,25,2026-09-29T20:11:43Z
2021,South Alabama,Sun Belt,kickReturnsOpponent,31,2026-09-29T20:11:43Z
2021,South Alabama,Sun Belt,kickReturnTDs,0,2026-09-29T20:11:43Z
2021,South Alabama,Sun Belt,kickReturnTDsOpponent,2,2026-09-29T20:11:43Z
2021,South Alabama,Sun Belt,kickReturnYards,311,2026-09-29T20:11:43Z
2021,South Alabama,Sun Belt,kickReturnYardsOpponent,782,2026-09-29T20:11:43Z
2021,South Alabama,Sun Belt,netPassingYards,3072,2026-09-29T20:11:43Z
2021,South Alabama,Sun Belt,netPassingYardsOpponent,2501,2026-09-29T20:11:43Z
2021,South Alabama,Sun Belt,passAttempts,407,2026-09-29T20:11:43Z
2021,South Alabama,Sun Belt,passAttemptsOpponent,346,2026-09-29T20:11:43Z
2021,South Alabama,Sun Belt,passCompletions,273,2026-09-29T20:11:43Z
2021,South Alabama,Sun Belt,passCompletionsOpponent,206,2026-09-29T20:11:43Z
2021,South Alabama,Sun Belt,passesIntercepted,15,2026-09-29T20:11:43Z
2021,South Alabama,Sun Belt,passesInterceptedOpponent,11,2026-09-29T20:11:43Z
2021,South Alabama,Sun Belt,passingTDs,22,2026-09-29T20:11:43Z
2021,South Alabama,Sun Belt,passingTDsOpponent,13,2026-09-29T20:11:43Z
2021,South Alabama,Sun Belt,penalties,58,2026-09-29T20:11:43Z
2021,South Alabama,Sun Belt,penaltiesOpponent,78,2026-09-29T20:11:43Z
2021,South Alabama,Sun Belt,penaltyYards,526,2026-09-29T20:11:43Z
2021,South Alabama,Sun Belt,penaltyYardsOpponent,683,2026-09-29T20:11:43Z
2021,South Alabama,Sun Belt,possessionTime,23265,2026-09-29T20:11:43Z
2021,South Alabama,Sun Belt,possessionTimeOpponent,19932,2026-09-29T20:11:43Z
2021,South Alabama,Sun Belt,puntReturns,12,2026-09-29T20:11:43Z
2021,South Alabama,Sun Belt,puntReturnsOpponent,21,2026-09-29T20:11:43Z
2021,South Alabama,Sun Belt,puntReturnTDs,0,2026-09-29T20:11:43Z
2021,South Alabama,Sun Belt,puntReturnTDsOpponent,0,2026-09-29T20:11:43Z
2021,South Alabama,Sun Belt,puntReturnYards,55,2026-09-29T20:11:43Z
2021,South Alabama,Sun Belt,puntReturnYardsOpponent,177,2026-09-29T20:11:43Z
2021,South Alabama,Sun Belt,rushingAttempts,439,2026-09-29T20:11:43Z
2021,South Alabama,Sun Belt,rushingAttemptsOpponent,441,2026-09-29T20:11:43Z
2021,South Alabama,Sun Belt,rushingTDs,15,2026-09-29T20:11:43Z
2021,South Alabama,Sun Belt,rushingTDsOpponent,21,2026-09-29T20:11:43Z
2021,South Alabama,Sun Belt,rushingYards,1337,2026-09-29T20:11:43Z
2021,South Alabama,Sun Belt,rushingYardsOpponent,1755,2026-09-29T20:11:43Z
2021,South Alabama,Sun Belt,sacks,32,2026-09-29T20:11:43Z
2021,South Alabama,Sun Belt,sacksOpponent,29,2026-09-29T20:11:43Z
2021,South Alabama,Sun Belt,tacklesForLoss,68,2026-09-29T20:11:43Z
2021,South Alabama,Sun Belt,tacklesForLossOpponent,98,2026-09-29T20:11:43Z
2021,South Alabama,Sun Belt,thirdDownConversions,54,2026-09-29T20:11:43Z
2021,South Alabama,Sun Belt,thirdDownConversionsOpponent,53,2026-09-29T20:11:43Z
2021,South Alabama,Sun Belt,thirdDowns,176,2026-09-29T20:11:43Z
2021,South Alabama,Sun Belt,thirdDownsOpponent,159,2026-09-29T20:11:43Z
2021,South Alabama,Sun Belt,totalYards,4409,2026-09-29T20:11:43Z
2021,South Alabama,Sun Belt,totalYardsOpponent,4256,2026-09-29T20:11:43Z
2021,South Alabama,Sun Belt,turnovers,20,2026-09-29T20:11:43Z
2021,South Alabama,Sun Belt,turnoversOpponent,25,2026-09-29T20:11:43Z
2021,South Carolina,SEC,firstDowns,227,2026-09-29T20:11:43Z
2021,South Carolina,SEC,firstDownsOpponent,241,2026-09-29T20:11:43Z
2021,South Carolina,SEC,fourthDownConversions,14,2026-09-29T20:11:43Z
2021,South Carolina,SEC,fourthDownConversionsOpponent,5,2026-09-29T20:11:43Z
2021,South Carolina,SEC,fourthDowns,28,2026-09-29T20:11:43Z
2021,South Carolina,SEC,fourthDownsOpponent,10,2026-09-29T20:11:43Z
2021,South Carolina,SEC,fumblesLost,13,2026-09-29T20:11:43Z
2021,South Carolina,SEC,fumblesLostOpponent,9,2026-09-29T20:11:43Z
2021,South Carolina,SEC,fumblesRecovered,13,2026-09-29T20:11:43Z
2021,South Carolina,SEC,fumblesRecoveredOpponent,13,2026-09-29T20:11:43Z
2021,South Carolina,SEC,games,13,2026-09-29T20:11:43Z
2021,South Carolina,SEC,interceptions,11,2026-09-29T20:11:43Z
2021,South Carolina,SEC,interceptionsOpponent,15,2026-09-29T20:11:43Z
2021,South Carolina,SEC,interceptionTDs,3,2026-09-29T20:11:43Z
2021,South Carolina,SEC,interceptionTDsOpponent,0,2026-09-29T20:11:43Z
2021,South Carolina,SEC,interceptionYards,296,2026-09-29T20:11:43Z
2021,South Carolina,SEC,interceptionYardsOpponent,63,2026-09-29T20:11:43Z
2021,South Carolina,SEC,kickReturns,21,2026-09-29T20:11:43Z
2021,South Carolina,SEC,kickReturnsOpponent,26,2026-09-29T20:11:43Z
2021,South Carolina,SEC,kickReturnTDs,0,2026-09-29T20:11:43Z
2021,South Carolina,SEC,kickReturnTDsOpponent,0,2026-09-29T20:11:43Z
2021,South Carolina,SEC,kickReturnYards,479,2026-09-29T20:11:43Z
2021,South Carolina,SEC,kickReturnYardsOpponent,443,2026-09-29T20:11:43Z
2021,South Carolina,SEC,netPassingYards,2615,2026-09-29T20:11:43Z
2021,South Carolina,SEC,netPassingYardsOpponent,2350,2026-09-29T20:11:43Z
2021,South Carolina,SEC,passAttempts,360,2026-09-29T20:11:43Z
2021,South Carolina,SEC,passAttemptsOpponent,337,2026-09-29T20:11:43Z
2021,South Carolina,SEC,passCompletions,211,2026-09-29T20:11:43Z
2021,South Carolina,SEC,passCompletionsOpponent,196,2026-09-29T20:11:43Z
2021,South Carolina,SEC,passesIntercepted,15,2026-09-29T20:11:43Z
2021,South Carolina,SEC,passesInterceptedOpponent,11,2026-09-29T20:11:43Z
2021,South Carolina,SEC,passingTDs,22,2026-09-29T20:11:43Z
2021,South Carolina,SEC,passingTDsOpponent,16,2026-09-29T20:11:43Z
2021,South Carolina,SEC,penalties,76,2026-09-29T20:11:43Z
2021,South Carolina,SEC,penaltiesOpponent,60,2026-09-29T20:11:43Z
2021,South Carolina,SEC,penaltyYards,597,2026-09-29T20:11:43Z
2021,South Carolina,SEC,penaltyYardsOpponent,554,2026-09-29T20:11:43Z
2021,South Carolina,SEC,possessionTime,23417,2026-09-29T20:11:43Z
2021,South Carolina,SEC,possessionTimeOpponent,23383,2026-09-29T20:11:43Z
2021,South Carolina,SEC,puntReturns,12,2026-09-29T20:11:43Z
2021,South Carolina,SEC,puntReturnsOpponent,11,2026-09-29T20:11:43Z
2021,South Carolina,SEC,puntReturnTDs,0,2026-09-29T20:11:43Z
2021,South Carolina,SEC,puntReturnTDsOpponent,1,2026-09-29T20:11:43Z
2021,South Carolina,SEC,puntReturnYards,80,2026-09-29T20:11:43Z
2021,South Carolina,SEC,puntReturnYardsOpponent,127,2026-09-29T20:11:43Z
2021,South Carolina,SEC,rushingAttempts,467,2026-09-29T20:11:43Z
2021,South Carolina,SEC,rushingAttemptsOpponent,485,2026-09-29T20:11:43Z
2021,South Carolina,SEC,rushingTDs,9,2026-09-29T20:11:43Z
2021,South Carolina,SEC,rushingTDsOpponent,18,2026-09-29T20:11:43Z
2021,South Carolina,SEC,rushingYards,1773,2026-09-29T20:11:43Z
2021,South Carolina,SEC,rushingYardsOpponent,2275,2026-09-29T20:11:43Z
2021,South Carolina,SEC,sacks,26,2026-09-29T20:11:43Z
2021,South Carolina,SEC,sacksOpponent,30,2026-09-29T20:11:43Z
2021,South Carolina,SEC,tacklesForLoss,63,2026-09-29T20:11:43Z
2021,South Carolina,SEC,tacklesForLossOpponent,85,2026-09-29T20:11:43Z
2021,South Carolina,SEC,thirdDownConversions,60,2026-09-29T20:11:43Z
2021,South Carolina,SEC,thirdDownConversionsOpponent,68,2026-09-29T20:11:43Z
2021,South Carolina,SEC,thirdDowns,170,2026-09-29T20:11:43Z
2021,South Carolina,SEC,thirdDownsOpponent,169,2026-09-29T20:11:43Z
2021,South Carolina,SEC,totalYards,4388,2026-09-29T20:11:43Z
2021,South Carolina,SEC,totalYardsOpponent,4625,2026-09-29T20:11:43Z
2021,South Carolina,SEC,turnovers,24,2026-09-29T20:11:43Z
2021,South Carolina,SEC,turnoversOpponent,24,2026-09-29T20:11:43Z
2021,Southern Miss,Conference USA,firstDowns,191,2026-09-29T20:11:43Z
2021,Southern Miss,Conference USA,firstDownsOpponent,196,2026-09-29T20:11:43Z
2021,Southern Miss,Conference USA,fourthDownConversions,7,2026-09-29T20:11:43Z
2021,Southern Miss,Conference USA,fourthDownConversionsOpponent,6,2026-09-29T20:11:43Z
2021,Southern Miss,Conference USA,fourthDowns,17,2026-09-29T20:11:43Z
2021,Southern Miss,Conference USA,fourthDownsOpponent,14,2026-09-29T20:11:43Z
2021,Southern Miss,Conference USA,fumblesLost,14,2026-09-29T20:11:43Z
2021,Southern Miss,Conference USA,fumblesLostOpponent,12,2026-09-29T20:11:43Z
2021,Southern Miss,Conference USA,fumblesRecovered,12,2026-09-29T20:11:43Z
2021,Southern Miss,Conference USA,fumblesRecoveredOpponent,18,2026-09-29T20:11:43Z
2021,Southern Miss,Conference USA,games,12,2026-09-29T20:11:43Z
2021,Southern Miss,Conference USA,interceptions,17,2026-09-29T20:11:43Z
2021,Southern Miss,Conference USA,interceptionsOpponent,11,2026-09-29T20:11:43Z
2021,Southern Miss,Conference USA,interceptionTDs,3,2026-09-29T20:11:43Z
2021,Southern Miss,Conference USA,interceptionTDsOpponent,2,2026-09-29T20:11:43Z
2021,Southern Miss,Conference USA,interceptionYards,137,2026-09-29T20:11:43Z
2021,Southern Miss,Conference USA,interceptionYardsOpponent,279,2026-09-29T20:11:43Z
2021,Southern Miss,Conference USA,kickReturns,32,2026-09-29T20:11:43Z
2021,Southern Miss,Conference USA,kickReturnsOpponent,17,2026-09-29T20:11:43Z
2021,Southern Miss,Conference USA,kickReturnTDs,1,2026-09-29T20:11:43Z
2021,Southern Miss,Conference USA,kickReturnTDsOpponent,2,2026-09-29T20:11:43Z
2021,Southern Miss,Conference USA,kickReturnYards,722,2026-09-29T20:11:43Z
2021,Southern Miss,Conference USA,kickReturnYardsOpponent,428,2026-09-29T20:11:43Z
2021,Southern Miss,Conference USA,netPassingYards,1746,2026-09-29T20:11:43Z
2021,Southern Miss,Conference USA,netPassingYardsOpponent,2424,2026-09-29T20:11:43Z
2021,Southern Miss,Conference USA,passAttempts,287,2026-09-29T20:11:43Z
2021,Southern Miss,Conference USA,passAttemptsOpponent,312,2026-09-29T20:11:43Z
2021,Southern Miss,Conference USA,passCompletions,160,2026-09-29T20:11:43Z
2021,Southern Miss,Conference USA,passCompletionsOpponent,189,2026-09-29T20:11:43Z
2021,Southern Miss,Conference USA,passesIntercepted,11,2026-09-29T20:11:43Z
2021,Southern Miss,Conference USA,passesInterceptedOpponent,17,2026-09-29T20:11:43Z
2021,Southern Miss,Conference USA,passingTDs,14,2026-09-29T20:11:43Z
2021,Southern Miss,Conference USA,passingTDsOpponent,16,2026-09-29T20:11:43Z
2021,Southern Miss,Conference USA,penalties,98,2026-09-29T20:11:43Z
2021,Southern Miss,Conference USA,penaltiesOpponent,83,2026-09-29T20:11:43Z
2021,Southern Miss,Conference USA,penaltyYards,750,2026-09-29T20:11:43Z
2021,Southern Miss,Conference USA,penaltyYardsOpponent,741,2026-09-29T20:11:43Z
2021,Southern Miss,Conference USA,possessionTime,22229,2026-09-29T20:11:43Z
2021,Southern Miss,Conference USA,possessionTimeOpponent,20981,2026-09-29T20:11:43Z
2021,Southern Miss,Conference USA,puntReturns,21,2026-09-29T20:11:43Z
2021,Southern Miss,Conference USA,puntReturnsOpponent,13,2026-09-29T20:11:43Z
2021,Southern Miss,Conference USA,puntReturnTDs,0,2026-09-29T20:11:43Z
2021,Southern Miss,Conference USA,puntReturnTDsOpponent,2,2026-09-29T20:11:43Z
2021,Southern Miss,Conference USA,puntReturnYards,225,2026-09-29T20:11:43Z
2021,Southern Miss,Conference USA,puntReturnYardsOpponent,164,2026-09-29T20:11:43Z
2021,Southern Miss,Conference USA,rushingAttempts,465,2026-09-29T20:11:43Z
2021,Southern Miss,Conference USA,rushingAttemptsOpponent,431,2026-09-29T20:11:43Z
2021,Southern Miss,Conference USA,rushingTDs,8,2026-09-29T20:11:43Z
2021,Southern Miss,Conference USA,rushingTDsOpponent,15,2026-09-29T20:11:43Z
2021,Southern Miss,Conference USA,rushingYards,1449,2026-09-29T20:11:43Z
2021,Southern Miss,Conference USA,rushingYardsOpponent,1857,2026-09-29T20:11:43Z
2021,Southern Miss,Conference USA,sacks,23,2026-09-29T20:11:43Z
2021,Southern Miss,Conference USA,sacksOpponent,44,2026-09-29T20:11:43Z
2021,Southern Miss,Conference USA,tacklesForLoss,68,2026-09-29T20:11:43Z
2021,Southern Miss,Conference USA,tacklesForLossOpponent,105,2026-09-29T20:11:43Z
2021,Southern Miss,Conference USA,thirdDownConversions,48,2026-09-29T20:11:43Z
2021,Southern Miss,Conference USA,thirdDownConversionsOpponent,63,2026-09-29T20:11:43Z
2021,Southern Miss,Conference USA,thirdDowns,165,2026-09-29T20:11:43Z
2021,Southern Miss,Conference USA,thirdDownsOpponent,167,2026-09-29T20:11:43Z
2021,Southern Miss,Conference USA,totalYards,3195,2026-09-29T20:11:43Z
2021,Southern Miss,Conference USA,totalYardsOpponent,4281,2026-09-29T20:11:43Z
2021,Southern Miss,Conference USA,turnovers,31,2026-09-29T20:11:43Z
2021,Southern Miss,Conference USA,turnoversOpponent,23,2026-09-29T20:11:43Z
2021,South Florida,American Athletic,firstDowns,243,2026-09-29T20:11:43Z
2021,South Florida,American Athletic,firstDownsOpponent,284,2026-09-29T20:11:43Z
2021,South Florida,American Athletic,fourthDownConversions,16,2026-09-29T20:11:43Z
2021,South Florida,American Athletic,fourthDownConversionsOpponent,14,2026-09-29T20:11:43Z
2021,South Florida,American Athletic,fourthDowns,30,2026-09-29T20:11:43Z
2021,South Florida,American Athletic,fourthDownsOpponent,22,2026-09-29T20:11:43Z
2021,South Florida,American Athletic,fumblesLost,9,2026-09-29T20:11:43Z
2021,South Florida,American Athletic,fumblesLostOpponent,7,2026-09-29T20:11:43Z
2021,South Florida,American Athletic,fumblesRecovered,8,2026-09-29T20:11:43Z
2021,South Florida,American Athletic,fumblesRecoveredOpponent,11,2026-09-29T20:11:43Z
2021,South Florida,American Athletic,games,12,2026-09-29T20:11:43Z
2021,South Florida,American Athletic,interceptions,12,2026-09-29T20:11:43Z
2021,South Florida,American Athletic,interceptionsOpponent,10,2026-09-29T20:11:43Z
2021,South Florida,American Athletic,interceptionTDs,1,2026-09-29T20:11:43Z
2021,South Florida,American Athletic,interceptionTDsOpponent,1,2026-09-29T20:11:43Z
2021,South Florida,American Athletic,interceptionYards,249,2026-09-29T20:11:43Z
2021,South Florida,American Athletic,interceptionYardsOpponent,136,2026-09-29T20:11:43Z
2021,South Florida,American Athletic,kickReturns,36,2026-09-29T20:11:43Z
2021,South Florida,American Athletic,kickReturnsOpponent,22,2026-09-29T20:11:43Z
2021,South Florida,American Athletic,kickReturnTDs,3,2026-09-29T20:11:43Z
2021,South Florida,American Athletic,kickReturnTDsOpponent,0,2026-09-29T20:11:43Z
2021,South Florida,American Athletic,kickReturnYards,803,2026-09-29T20:11:43Z
2021,South Florida,American Athletic,kickReturnYardsOpponent,432,2026-09-29T20:11:43Z
2021,South Florida,American Athletic,netPassingYards,2309,2026-09-29T20:11:43Z
2021,South Florida,American Athletic,netPassingYardsOpponent,3170,2026-09-29T20:11:43Z
2021,South Florida,American Athletic,passAttempts,354,2026-09-29T20:11:43Z
2021,South Florida,American Athletic,passAttemptsOpponent,379,2026-09-29T20:11:43Z
2021,South Florida,American Athletic,passCompletions,191,2026-09-29T20:11:43Z
2021,South Florida,American Athletic,passCompletionsOpponent,249,2026-09-29T20:11:43Z
2021,South Florida,American Athletic,passesIntercepted,10,2026-09-29T20:11:43Z
2021,South Florida,American Athletic,passesInterceptedOpponent,12,2026-09-29T20:11:43Z
2021,South Florida,American Athletic,passingTDs,6,2026-09-29T20:11:43Z
2021,South Florida,American Athletic,passingTDsOpponent,26,2026-09-29T20:11:43Z
2021,South Florida,American Athletic,penalties,60,2026-09-29T20:11:43Z
2021,South Florida,American Athletic,penaltiesOpponent,61,2026-09-29T20:11:43Z
2021,South Florida,American Athletic,penaltyYards,548,2026-09-29T20:11:43Z
2021,South Florida,American Athletic,penaltyYardsOpponent,539,2026-09-29T20:11:43Z
2021,South Florida,American Athletic,possessionTime,21948,2026-09-29T20:11:43Z
2021,South Florida,American Athletic,possessionTimeOpponent,21252,2026-09-29T20:11:43Z
2021,South Florida,American Athletic,puntReturns,10,2026-09-29T20:11:43Z
2021,South Florida,American Athletic,puntReturnsOpponent,12,2026-09-29T20:11:43Z
2021,South Florida,American Athletic,puntReturnTDs,0,2026-09-29T20:11:43Z
2021,South Florida,American Athletic,puntReturnTDsOpponent,0,2026-09-29T20:11:43Z
2021,South Florida,American Athletic,puntReturnYards,120,2026-09-29T20:11:43Z
2021,South Florida,American Athletic,puntReturnYardsOpponent,132,2026-09-29T20:11:43Z
2021,South Florida,American Athletic,rushingAttempts,487,2026-09-29T20:11:43Z
2021,South Florida,American Athletic,rushingAttemptsOpponent,429,2026-09-29T20:11:43Z
2021,South Florida,American Athletic,rushingTDs,25,2026-09-29T20:11:43Z
2021,South Florida,American Athletic,rushingTDsOpponent,28,2026-09-29T20:11:43Z
2021,South Florida,American Athletic,rushingYards,1898,2026-09-29T20:11:43Z
2021,South Florida,American Athletic,rushingYardsOpponent,2487,2026-09-29T20:11:43Z
2021,South Florida,American Athletic,sacks,9,2026-09-29T20:11:43Z
2021,South Florida,American Athletic,sacksOpponent,25,2026-09-29T20:11:43Z
2021,South Florida,American Athletic,tacklesForLoss,49,2026-09-29T20:11:43Z
2021,South Florida,American Athletic,tacklesForLossOpponent,75,2026-09-29T20:11:43Z
2021,South Florida,American Athletic,thirdDownConversions,58,2026-09-29T20:11:43Z
2021,South Florida,American Athletic,thirdDownConversionsOpponent,59,2026-09-29T20:11:43Z
2021,South Florida,American Athletic,thirdDowns,169,2026-09-29T20:11:43Z
2021,South Florida,American Athletic,thirdDownsOpponent,147,2026-09-29T20:11:43Z
2021,South Florida,American Athletic,totalYards,4207,2026-09-29T20:11:43Z
2021,South Florida,American Athletic,totalYardsOpponent,5657,2026-09-29T20:11:43Z
2021,South Florida,American Athletic,turnovers,21,2026-09-29T20:11:43Z
2021,South Florida,American Athletic,turnoversOpponent,17,2026-09-29T20:11:43Z
2021,Stanford,Pac-12,firstDowns,200,2026-09-29T20:11:43Z
2021,Stanford,Pac-12,firstDownsOpponent,278,2026-09-29T20:11:43Z
2021,Stanford,Pac-12,fourthDownConversions,9,2026-09-29T20:11:43Z
2021,Stanford,Pac-12,fourthDownConversionsOpponent,14,2026-09-29T20:11:43Z
2021,Stanford,Pac-12,fourthDowns,15,2026-09-29T20:11:43Z
2021,Stanford,Pac-12,fourthDownsOpponent,24,2026-09-29T20:11:43Z
2021,Stanford,Pac-12,fumblesLost,7,2026-09-29T20:11:43Z
2021,Stanford,Pac-12,fumblesLostOpponent,3,2026-09-29T20:11:43Z
2021,Stanford,Pac-12,fumblesRecovered,3,2026-09-29T20:11:43Z
2021,Stanford,Pac-12,fumblesRecoveredOpponent,8,2026-09-29T20:11:43Z
2021,Stanford,Pac-12,games,12,2026-09-29T20:11:43Z
2021,Stanford,Pac-12,interceptions,12,2026-09-29T20:11:43Z
2021,Stanford,Pac-12,interceptionsOpponent,6,2026-09-29T20:11:43Z
2021,Stanford,Pac-12,interceptionTDs,1,2026-09-29T20:11:43Z
2021,Stanford,Pac-12,interceptionTDsOpponent,1,2026-09-29T20:11:43Z
2021,Stanford,Pac-12,interceptionYards,84,2026-09-29T20:11:43Z
2021,Stanford,Pac-12,interceptionYardsOpponent,67,2026-09-29T20:11:43Z
2021,Stanford,Pac-12,kickReturns,32,2026-09-29T20:11:43Z
2021,Stanford,Pac-12,kickReturnsOpponent,7,2026-09-29T20:11:43Z
2021,Stanford,Pac-12,kickReturnTDs,0,2026-09-29T20:11:43Z
2021,Stanford,Pac-12,kickReturnTDsOpponent,0,2026-09-29T20:11:43Z
2021,Stanford,Pac-12,kickReturnYards,764,2026-09-29T20:11:43Z
2021,Stanford,Pac-12,kickReturnYardsOpponent,69,2026-09-29T20:11:43Z
2021,Stanford,Pac-12,netPassingYards,2582,2026-09-29T20:11:43Z
2021,Stanford,Pac-12,netPassingYardsOpponent,2587,2026-09-29T20:11:43Z
2021,Stanford,Pac-12,passAttempts,372,2026-09-29T20:11:43Z
2021,Stanford,Pac-12,passAttemptsOpponent,341,2026-09-29T20:11:43Z
2021,Stanford,Pac-12,passCompletions,239,2026-09-29T20:11:43Z
2021,Stanford,Pac-12,passCompletionsOpponent,212,2026-09-29T20:11:43Z
2021,Stanford,Pac-12,passesIntercepted,6,2026-09-29T20:11:43Z
2021,Stanford,Pac-12,passesInterceptedOpponent,12,2026-09-29T20:11:43Z
2021,Stanford,Pac-12,passingTDs,16,2026-09-29T20:11:43Z
2021,Stanford,Pac-12,passingTDsOpponent,15,2026-09-29T20:11:43Z
2021,Stanford,Pac-12,penalties,76,2026-09-29T20:11:43Z
2021,Stanford,Pac-12,penaltiesOpponent,78,2026-09-29T20:11:43Z
2021,Stanford,Pac-12,penaltyYards,534,2026-09-29T20:11:43Z
2021,Stanford,Pac-12,penaltyYardsOpponent,767,2026-09-29T20:11:43Z
2021,Stanford,Pac-12,possessionTime,19730,2026-09-29T20:11:43Z
2021,Stanford,Pac-12,possessionTimeOpponent,23470,2026-09-29T20:11:43Z
2021,Stanford,Pac-12,puntReturns,13,2026-09-29T20:11:43Z
2021,Stanford,Pac-12,puntReturnsOpponent,19,2026-09-29T20:11:43Z
2021,Stanford,Pac-12,puntReturnTDs,0,2026-09-29T20:11:43Z
2021,Stanford,Pac-12,puntReturnTDsOpponent,0,2026-09-29T20:11:43Z
2021,Stanford,Pac-12,puntReturnYards,180,2026-09-29T20:11:43Z
2021,Stanford,Pac-12,puntReturnYardsOpponent,213,2026-09-29T20:11:43Z
2021,Stanford,Pac-12,rushingAttempts,325,2026-09-29T20:11:43Z
2021,Stanford,Pac-12,rushingAttemptsOpponent,490,2026-09-29T20:11:43Z
2021,Stanford,Pac-12,rushingTDs,13,2026-09-29T20:11:43Z
2021,Stanford,Pac-12,rushingTDsOpponent,33,2026-09-29T20:11:43Z
2021,Stanford,Pac-12,rushingYards,1051,2026-09-29T20:11:43Z
2021,Stanford,Pac-12,rushingYardsOpponent,2827,2026-09-29T20:11:43Z
2021,Stanford,Pac-12,sacks,15,2026-09-29T20:11:43Z
2021,Stanford,Pac-12,sacksOpponent,30,2026-09-29T20:11:43Z
2021,Stanford,Pac-12,tacklesForLoss,52,2026-09-29T20:11:43Z
2021,Stanford,Pac-12,tacklesForLossOpponent,77,2026-09-29T20:11:43Z
2021,Stanford,Pac-12,thirdDownConversions,49,2026-09-29T20:11:43Z
2021,Stanford,Pac-12,thirdDownConversionsOpponent,69,2026-09-29T20:11:43Z
2021,Stanford,Pac-12,thirdDowns,145,2026-09-29T20:11:43Z
2021,Stanford,Pac-12,thirdDownsOpponent,158,2026-09-29T20:11:43Z
2021,Stanford,Pac-12,totalYards,3633,2026-09-29T20:11:43Z
2021,Stanford,Pac-12,totalYardsOpponent,5414,2026-09-29T20:11:43Z
2021,Stanford,Pac-12,turnovers,19,2026-09-29T20:11:43Z
2021,Stanford,Pac-12,turnoversOpponent,9,2026-09-29T20:11:43Z
2021,Syracuse,ACC,firstDowns,234,2026-09-29T20:11:43Z
2021,Syracuse,ACC,firstDownsOpponent,222,2026-09-29T20:11:43Z
2021,Syracuse,ACC,fourthDownConversions,9,2026-09-29T20:11:43Z
2021,Syracuse,ACC,fourthDownConversionsOpponent,10,2026-09-29T20:11:43Z
2021,Syracuse,ACC,fourthDowns,17,2026-09-29T20:11:43Z
2021,Syracuse,ACC,fourthDownsOpponent,19,2026-09-29T20:11:43Z
2021,Syracuse,ACC,fumblesLost,6,2026-09-29T20:11:43Z
2021,Syracuse,ACC,fumblesLostOpponent,3,2026-09-29T20:11:43Z
2021,Syracuse,ACC,fumblesRecovered,3,2026-09-29T20:11:43Z
2021,Syracuse,ACC,fumblesRecoveredOpponent,7,2026-09-29T20:11:43Z
2021,Syracuse,ACC,games,12,2026-09-29T20:11:43Z
2021,Syracuse,ACC,interceptions,6,2026-09-29T20:11:43Z
2021,Syracuse,ACC,interceptionsOpponent,4,2026-09-29T20:11:43Z
2021,Syracuse,ACC,interceptionTDs,0,2026-09-29T20:11:43Z
2021,Syracuse,ACC,interceptionTDsOpponent,2,2026-09-29T20:11:43Z
2021,Syracuse,ACC,interceptionYards,32,2026-09-29T20:11:43Z
2021,Syracuse,ACC,interceptionYardsOpponent,87,2026-09-29T20:11:43Z
2021,Syracuse,ACC,kickReturns,36,2026-09-29T20:11:43Z
2021,Syracuse,ACC,kickReturnsOpponent,34,2026-09-29T20:11:43Z
2021,Syracuse,ACC,kickReturnTDs,0,2026-09-29T20:11:43Z
2021,Syracuse,ACC,kickReturnTDsOpponent,1,2026-09-29T20:11:43Z
2021,Syracuse,ACC,kickReturnYards,752,2026-09-29T20:11:43Z
2021,Syracuse,ACC,kickReturnYardsOpponent,669,2026-09-29T20:11:43Z
2021,Syracuse,ACC,netPassingYards,1836,2026-09-29T20:11:43Z
2021,Syracuse,ACC,netPassingYardsOpponent,2451,2026-09-29T20:11:43Z
2021,Syracuse,ACC,passAttempts,287,2026-09-29T20:11:43Z
2021,Syracuse,ACC,passAttemptsOpponent,338,2026-09-29T20:11:43Z
2021,Syracuse,ACC,passCompletions,156,2026-09-29T20:11:43Z
2021,Syracuse,ACC,passCompletionsOpponent,223,2026-09-29T20:11:43Z
2021,Syracuse,ACC,passesIntercepted,4,2026-09-29T20:11:43Z
2021,Syracuse,ACC,passesInterceptedOpponent,6,2026-09-29T20:11:43Z
2021,Syracuse,ACC,passingTDs,10,2026-09-29T20:11:43Z
2021,Syracuse,ACC,passingTDsOpponent,22,2026-09-29T20:11:43Z
2021,Syracuse,ACC,penalties,84,2026-09-29T20:11:43Z
2021,Syracuse,ACC,penaltiesOpponent,56,2026-09-29T20:11:43Z
2021,Syracuse,ACC,penaltyYards,692,2026-09-29T20:11:43Z
2021,Syracuse,ACC,penaltyYardsOpponent,535,2026-09-29T20:11:43Z
2021,Syracuse,ACC,possessionTime,21063,2026-09-29T20:11:43Z
2021,Syracuse,ACC,possessionTimeOpponent,22137,2026-09-29T20:11:43Z
2021,Syracuse,ACC,puntReturns,23,2026-09-29T20:11:43Z
2021,Syracuse,ACC,puntReturnsOpponent,28,2026-09-29T20:11:43Z
2021,Syracuse,ACC,puntReturnTDs,1,2026-09-29T20:11:43Z
2021,Syracuse,ACC,puntReturnTDsOpponent,0,2026-09-29T20:11:43Z
2021,Syracuse,ACC,puntReturnYards,241,2026-09-29T20:11:43Z
2021,Syracuse,ACC,puntReturnYardsOpponent,228,2026-09-29T20:11:43Z
2021,Syracuse,ACC,rushingAttempts,491,2026-09-29T20:11:43Z
2021,Syracuse,ACC,rushingAttemptsOpponent,438,2026-09-29T20:11:43Z
2021,Syracuse,ACC,rushingTDs,28,2026-09-29T20:11:43Z
2021,Syracuse,ACC,rushingTDsOpponent,12,2026-09-29T20:11:43Z
2021,Syracuse,ACC,rushingYards,2562,2026-09-29T20:11:43Z
2021,Syracuse,ACC,rushingYardsOpponent,1513,2026-09-29T20:11:43Z
2021,Syracuse,ACC,sacks,37,2026-09-29T20:11:43Z
2021,Syracuse,ACC,sacksOpponent,32,2026-09-29T20:11:43Z
2021,Syracuse,ACC,tacklesForLoss,84,2026-09-29T20:11:43Z
2021,Syracuse,ACC,tacklesForLossOpponent,75,2026-09-29T20:11:43Z
2021,Syracuse,ACC,thirdDownConversions,51,2026-09-29T20:11:43Z
2021,Syracuse,ACC,thirdDownConversionsOpponent,61,2026-09-29T20:11:43Z
2021,Syracuse,ACC,thirdDowns,156,2026-09-29T20:11:43Z
2021,Syracuse,ACC,thirdDownsOpponent,163,2026-09-29T20:11:43Z
2021,Syracuse,ACC,totalYards,4398,2026-09-29T20:11:43Z
2021,Syracuse,ACC,totalYardsOpponent,3964,2026-09-29T20:11:43Z
2021,Syracuse,ACC,turnovers,12,2026-09-29T20:11:43Z
2021,Syracuse,ACC,turnoversOpponent,7,2026-09-29T20:11:43Z
2021,TCU,Big 12,firstDowns,252,2026-09-29T20:11:43Z
2021,TCU,Big 12,firstDownsOpponent,261,2026-09-29T20:11:43Z
2021,TCU,Big 12,fourthDownConversions,7,2026-09-29T20:11:43Z
2021,TCU,Big 12,fourthDownConversionsOpponent,10,2026-09-29T20:11:43Z
2021,TCU,Big 12,fourthDowns,18,2026-09-29T20:11:43Z
2021,TCU,Big 12,fourthDownsOpponent,18,2026-09-29T20:11:43Z
2021,TCU,Big 12,fumblesLost,10,2026-09-29T20:11:43Z
2021,TCU,Big 12,fumblesLostOpponent,4,2026-09-29T20:11:43Z
2021,TCU,Big 12,fumblesRecovered,3,2026-09-29T20:11:43Z
2021,TCU,Big 12,fumblesRecoveredOpponent,9,2026-09-29T20:11:43Z
2021,TCU,Big 12,games,12,2026-09-29T20:11:43Z
2021,TCU,Big 12,interceptions,6,2026-09-29T20:11:43Z
2021,TCU,Big 12,interceptionsOpponent,10,2026-09-29T20:11:43Z
2021,TCU,Big 12,interceptionTDs,1,2026-09-29T20:11:43Z
2021,TCU,Big 12,interceptionTDsOpponent,1,2026-09-29T20:11:43Z
2021,TCU,Big 12,interceptionYards,83,2026-09-29T20:11:43Z
2021,TCU,Big 12,interceptionYardsOpponent,84,2026-09-29T20:11:43Z
2021,TCU,Big 12,kickReturns,30,2026-09-29T20:11:43Z
2021,TCU,Big 12,kickReturnsOpponent,26,2026-09-29T20:11:43Z
2021,TCU,Big 12,kickReturnTDs,1,2026-09-29T20:11:43Z
2021,TCU,Big 12,kickReturnTDsOpponent,0,2026-09-29T20:11:43Z
2021,TCU,Big 12,kickReturnYards,804,2026-09-29T20:11:43Z
2021,TCU,Big 12,kickReturnYardsOpponent,474,2026-09-29T20:11:43Z
2021,TCU,Big 12,netPassingYards,2838,2026-09-29T20:11:43Z
2021,TCU,Big 12,netPassingYardsOpponent,2877,2026-09-29T20:11:43Z
2021,TCU,Big 12,passAttempts,310,2026-09-29T20:11:43Z
2021,TCU,Big 12,passAttemptsOpponent,308,2026-09-29T20:11:43Z
2021,TCU,Big 12,passCompletions,200,2026-09-29T20:11:43Z
2021,TCU,Big 12,passCompletionsOpponent,198,2026-09-29T20:11:43Z
2021,TCU,Big 12,passesIntercepted,10,2026-09-29T20:11:43Z
2021,TCU,Big 12,passesInterceptedOpponent,6,2026-09-29T20:11:43Z
2021,TCU,Big 12,passingTDs,19,2026-09-29T20:11:43Z
2021,TCU,Big 12,passingTDsOpponent,20,2026-09-29T20:11:43Z
2021,TCU,Big 12,penalties,85,2026-09-29T20:11:43Z
2021,TCU,Big 12,penaltiesOpponent,52,2026-09-29T20:11:43Z
2021,TCU,Big 12,penaltyYards,737,2026-09-29T20:11:43Z
2021,TCU,Big 12,penaltyYardsOpponent,473,2026-09-29T20:11:43Z
2021,TCU,Big 12,possessionTime,21223,2026-09-29T20:11:43Z
2021,TCU,Big 12,possessionTimeOpponent,21977,2026-09-29T20:11:43Z
2021,TCU,Big 12,puntReturns,10,2026-09-29T20:11:43Z
2021,TCU,Big 12,puntReturnsOpponent,7,2026-09-29T20:11:43Z
2021,TCU,Big 12,puntReturnTDs,0,2026-09-29T20:11:43Z
2021,TCU,Big 12,puntReturnTDsOpponent,0,2026-09-29T20:11:43Z
2021,TCU,Big 12,puntReturnYards,92,2026-09-29T20:11:43Z
2021,TCU,Big 12,puntReturnYardsOpponent,18,2026-09-29T20:11:43Z
2021,TCU,Big 12,rushingAttempts,473,2026-09-29T20:11:43Z
2021,TCU,Big 12,rushingAttemptsOpponent,460,2026-09-29T20:11:43Z
2021,TCU,Big 12,rushingTDs,21,2026-09-29T20:11:43Z
2021,TCU,Big 12,rushingTDsOpponent,34,2026-09-29T20:11:43Z
2021,TCU,Big 12,rushingYards,2330,2026-09-29T20:11:43Z
2021,TCU,Big 12,rushingYardsOpponent,2664,2026-09-29T20:11:43Z
2021,TCU,Big 12,sacks,15,2026-09-29T20:11:43Z
2021,TCU,Big 12,sacksOpponent,28,2026-09-29T20:11:43Z
2021,TCU,Big 12,tacklesForLoss,49,2026-09-29T20:11:43Z
2021,TCU,Big 12,tacklesForLossOpponent,72,2026-09-29T20:11:43Z
2021,TCU,Big 12,thirdDownConversions,76,2026-09-29T20:11:43Z
2021,TCU,Big 12,thirdDownConversionsOpponent,67,2026-09-29T20:11:43Z
2021,TCU,Big 12,thirdDowns,166,2026-09-29T20:11:43Z
2021,TCU,Big 12,thirdDownsOpponent,146,2026-09-29T20:11:43Z
2021,TCU,Big 12,totalYards,5168,2026-09-29T20:11:43Z
2021,TCU,Big 12,totalYardsOpponent,5541,2026-09-29T20:11:43Z
2021,TCU,Big 12,turnovers,16,2026-09-29T20:11:43Z
2021,TCU,Big 12,turnoversOpponent,14,2026-09-29T20:11:43Z
2021,Temple,American Athletic,firstDowns,177,2026-09-29T20:11:43Z
2021,Temple,American Athletic,firstDownsOpponent,267,2026-09-29T20:11:43Z
2021,Temple,American Athletic,fourthDownConversions,11,2026-09-29T20:11:43Z
2021,Temple,American Athletic,fourthDownConversionsOpponent,24,2026-09-29T20:11:43Z
2021,Temple,American Athletic,fourthDowns,26,2026-09-29T20:11:43Z
2021,Temple,American Athletic,fourthDownsOpponent,31,2026-09-29T20:11:43Z
2021,Temple,American Athletic,fumblesLost,12,2026-09-29T20:11:43Z
2021,Temple,American Athletic,fumblesLostOpponent,8,2026-09-29T20:11:43Z
2021,Temple,American Athletic,fumblesRecovered,14,2026-09-29T20:11:43Z
2021,Temple,American Athletic,fumblesRecoveredOpponent,19,2026-09-29T20:11:43Z
2021,Temple,American Athletic,games,12,2026-09-29T20:11:43Z
2021,Temple,American Athletic,interceptions,9,2026-09-29T20:11:43Z
2021,Temple,American Athletic,interceptionsOpponent,6,2026-09-29T20:11:43Z
2021,Temple,American Athletic,interceptionTDs,1,2026-09-29T20:11:43Z
2021,Temple,American Athletic,interceptionTDsOpponent,1,2026-09-29T20:11:43Z
2021,Temple,American Athletic,interceptionYards,56,2026-09-29T20:11:43Z
2021,Temple,American Athletic,interceptionYardsOpponent,162,2026-09-29T20:11:43Z
2021,Temple,American Athletic,kickReturns,33,2026-09-29T20:11:43Z
2021,Temple,American Athletic,kickReturnsOpponent,23,2026-09-29T20:11:43Z
2021,Temple,American Athletic,kickReturnTDs,0,2026-09-29T20:11:43Z
2021,Temple,American Athletic,kickReturnTDsOpponent,0,2026-09-29T20:11:43Z
2021,Temple,American Athletic,kickReturnYards,580,2026-09-29T20:11:43Z
2021,Temple,American Athletic,kickReturnYardsOpponent,543,2026-09-29T20:11:43Z
2021,Temple,American Athletic,netPassingYards,2126,2026-09-29T20:11:43Z
2021,Temple,American Athletic,netPassingYardsOpponent,2135,2026-09-29T20:11:43Z
2021,Temple,American Athletic,passAttempts,363,2026-09-29T20:11:43Z
2021,Temple,American Athletic,passAttemptsOpponent,305,2026-09-29T20:11:43Z
2021,Temple,American Athletic,passCompletions,213,2026-09-29T20:11:43Z
2021,Temple,American Athletic,passCompletionsOpponent,186,2026-09-29T20:11:43Z
2021,Temple,American Athletic,passesIntercepted,6,2026-09-29T20:11:43Z
2021,Temple,American Athletic,passesInterceptedOpponent,9,2026-09-29T20:11:43Z
2021,Temple,American Athletic,passingTDs,10,2026-09-29T20:11:43Z
2021,Temple,American Athletic,passingTDsOpponent,25,2026-09-29T20:11:43Z
2021,Temple,American Athletic,penalties,70,2026-09-29T20:11:43Z
2021,Temple,American Athletic,penaltiesOpponent,45,2026-09-29T20:11:43Z
2021,Temple,American Athletic,penaltyYards,538,2026-09-29T20:11:43Z
2021,Temple,American Athletic,penaltyYardsOpponent,434,2026-09-29T20:11:43Z
2021,Temple,American Athletic,possessionTime,19811,2026-09-29T20:11:43Z
2021,Temple,American Athletic,possessionTimeOpponent,23389,2026-09-29T20:11:43Z
2021,Temple,American Athletic,puntReturns,15,2026-09-29T20:11:43Z
2021,Temple,American Athletic,puntReturnsOpponent,22,2026-09-29T20:11:43Z
2021,Temple,American Athletic,puntReturnTDs,0,2026-09-29T20:11:43Z
2021,Temple,American Athletic,puntReturnTDsOpponent,0,2026-09-29T20:11:43Z
2021,Temple,American Athletic,puntReturnYards,53,2026-09-29T20:11:43Z
2021,Temple,American Athletic,puntReturnYardsOpponent,251,2026-09-29T20:11:43Z
2021,Temple,American Athletic,rushingAttempts,361,2026-09-29T20:11:43Z
2021,Temple,American Athletic,rushingAttemptsOpponent,555,2026-09-29T20:11:43Z
2021,Temple,American Athletic,rushingTDs,12,2026-09-29T20:11:43Z
2021,Temple,American Athletic,rushingTDsOpponent,33,2026-09-29T20:11:43Z
2021,Temple,American Athletic,rushingYards,1316,2026-09-29T20:11:43Z
2021,Temple,American Athletic,rushingYardsOpponent,2646,2026-09-29T20:11:43Z
2021,Temple,American Athletic,sacks,15,2026-09-29T20:11:43Z
2021,Temple,American Athletic,sacksOpponent,29,2026-09-29T20:11:43Z
2021,Temple,American Athletic,tacklesForLoss,76,2026-09-29T20:11:43Z
2021,Temple,American Athletic,tacklesForLossOpponent,66,2026-09-29T20:11:43Z
2021,Temple,American Athletic,thirdDownConversions,43,2026-09-29T20:11:43Z
2021,Temple,American Athletic,thirdDownConversionsOpponent,68,2026-09-29T20:11:43Z
2021,Temple,American Athletic,thirdDowns,155,2026-09-29T20:11:43Z
2021,Temple,American Athletic,thirdDownsOpponent,163,2026-09-29T20:11:43Z
2021,Temple,American Athletic,totalYards,3442,2026-09-29T20:11:43Z
2021,Temple,American Athletic,totalYardsOpponent,4781,2026-09-29T20:11:43Z
2021,Temple,American Athletic,turnovers,21,2026-09-29T20:11:43Z
2021,Temple,American Athletic,turnoversOpponent,14,2026-09-29T20:11:43Z
2021,Tennessee,SEC,firstDowns,316,2026-09-29T20:11:43Z
2021,Tennessee,SEC,firstDownsOpponent,292,2026-09-29T20:11:43Z
2021,Tennessee,SEC,fourthDownConversions,15,2026-09-29T20:11:43Z
2021,Tennessee,SEC,fourthDownConversionsOpponent,19,2026-09-29T20:11:43Z
2021,Tennessee,SEC,fourthDowns,31,2026-09-29T20:11:43Z
2021,Tennessee,SEC,fourthDownsOpponent,36,2026-09-29T20:11:43Z
2021,Tennessee,SEC,fumblesLost,10,2026-09-29T20:11:43Z
2021,Tennessee,SEC,fumblesLostOpponent,3,2026-09-29T20:11:43Z
2021,Tennessee,SEC,fumblesRecovered,3,2026-09-29T20:11:43Z
2021,Tennessee,SEC,fumblesRecoveredOpponent,11,2026-09-29T20:11:43Z
2021,Tennessee,SEC,games,13,2026-09-29T20:11:43Z
2021,Tennessee,SEC,interceptions,3,2026-09-29T20:11:43Z
2021,Tennessee,SEC,interceptionsOpponent,13,2026-09-29T20:11:43Z
2021,Tennessee,SEC,interceptionTDs,3,2026-09-29T20:11:43Z
2021,Tennessee,SEC,interceptionTDsOpponent,0,2026-09-29T20:11:43Z
2021,Tennessee,SEC,interceptionYards,256,2026-09-29T20:11:43Z
2021,Tennessee,SEC,interceptionYardsOpponent,85,2026-09-29T20:11:43Z
2021,Tennessee,SEC,kickReturns,33,2026-09-29T20:11:43Z
2021,Tennessee,SEC,kickReturnsOpponent,29,2026-09-29T20:11:43Z
2021,Tennessee,SEC,kickReturnTDs,1,2026-09-29T20:11:43Z
2021,Tennessee,SEC,kickReturnTDsOpponent,1,2026-09-29T20:11:43Z
2021,Tennessee,SEC,kickReturnYards,813,2026-09-29T20:11:43Z
2021,Tennessee,SEC,kickReturnYardsOpponent,550,2026-09-29T20:11:43Z
2021,Tennessee,SEC,netPassingYards,3342,2026-09-29T20:11:43Z
2021,Tennessee,SEC,netPassingYardsOpponent,3551,2026-09-29T20:11:43Z
2021,Tennessee,SEC,passAttempts,375,2026-09-29T20:11:43Z
2021,Tennessee,SEC,passAttemptsOpponent,490,2026-09-29T20:11:43Z
2021,Tennessee,SEC,passCompletions,243,2026-09-29T20:11:43Z
2021,Tennessee,SEC,passCompletionsOpponent,300,2026-09-29T20:11:43Z
2021,Tennessee,SEC,passesIntercepted,13,2026-09-29T20:11:43Z
2021,Tennessee,SEC,passesInterceptedOpponent,3,2026-09-29T20:11:43Z
2021,Tennessee,SEC,passingTDs,33,2026-09-29T20:11:43Z
2021,Tennessee,SEC,passingTDsOpponent,23,2026-09-29T20:11:43Z
2021,Tennessee,SEC,penalties,89,2026-09-29T20:11:43Z
2021,Tennessee,SEC,penaltiesOpponent,89,2026-09-29T20:11:43Z
2021,Tennessee,SEC,penaltyYards,788,2026-09-29T20:11:43Z
2021,Tennessee,SEC,penaltyYardsOpponent,779,2026-09-29T20:11:43Z
2021,Tennessee,SEC,possessionTime,19116,2026-09-29T20:11:43Z
2021,Tennessee,SEC,possessionTimeOpponent,27684,2026-09-29T20:11:43Z
2021,Tennessee,SEC,puntReturns,26,2026-09-29T20:11:43Z
2021,Tennessee,SEC,puntReturnsOpponent,8,2026-09-29T20:11:43Z
2021,Tennessee,SEC,puntReturnTDs,0,2026-09-29T20:11:43Z
2021,Tennessee,SEC,puntReturnTDsOpponent,0,2026-09-29T20:11:43Z
2021,Tennessee,SEC,puntReturnYards,306,2026-09-29T20:11:43Z
2021,Tennessee,SEC,puntReturnYardsOpponent,14,2026-09-29T20:11:43Z
2021,Tennessee,SEC,rushingAttempts,577,2026-09-29T20:11:43Z
2021,Tennessee,SEC,rushingAttemptsOpponent,521,2026-09-29T20:11:43Z
2021,Tennessee,SEC,rushingTDs,30,2026-09-29T20:11:43Z
2021,Tennessee,SEC,rushingTDsOpponent,24,2026-09-29T20:11:43Z
2021,Tennessee,SEC,rushingYards,2832,2026-09-29T20:11:43Z
2021,Tennessee,SEC,rushingYardsOpponent,1931,2026-09-29T20:11:43Z
2021,Tennessee,SEC,sacks,34,2026-09-29T20:11:43Z
2021,Tennessee,SEC,sacksOpponent,44,2026-09-29T20:11:43Z
2021,Tennessee,SEC,tacklesForLoss,103,2026-09-29T20:11:43Z
2021,Tennessee,SEC,tacklesForLossOpponent,72,2026-09-29T20:11:43Z
2021,Tennessee,SEC,thirdDownConversions,80,2026-09-29T20:11:43Z
2021,Tennessee,SEC,thirdDownConversionsOpponent,91,2026-09-29T20:11:43Z
2021,Tennessee,SEC,thirdDowns,178,2026-09-29T20:11:43Z
2021,Tennessee,SEC,thirdDownsOpponent,216,2026-09-29T20:11:43Z
2021,Tennessee,SEC,totalYards,6174,2026-09-29T20:11:43Z
2021,Tennessee,SEC,totalYardsOpponent,5482,2026-09-29T20:11:43Z
2021,Tennessee,SEC,turnovers,13,2026-09-29T20:11:43Z
2021,Tennessee,SEC,turnoversOpponent,16,2026-09-29T20:11:43Z
2021,Texas,Big 12,firstDowns,244,2026-09-29T20:11:43Z
2021,Texas,Big 12,firstDownsOpponent,261,2026-09-29T20:11:43Z
2021,Texas,Big 12,fourthDownConversions,9,2026-09-29T20:11:43Z
2021,Texas,Big 12,fourthDownConversionsOpponent,11,2026-09-29T20:11:43Z
2021,Texas,Big 12,fourthDowns,20,2026-09-29T20:11:43Z
2021,Texas,Big 12,fourthDownsOpponent,19,2026-09-29T20:11:43Z
2021,Texas,Big 12,fumblesLost,7,2026-09-29T20:11:43Z
2021,Texas,Big 12,fumblesLostOpponent,7,2026-09-29T20:11:43Z
2021,Texas,Big 12,fumblesRecovered,8,2026-09-29T20:11:43Z
2021,Texas,Big 12,fumblesRecoveredOpponent,10,2026-09-29T20:11:43Z
2021,Texas,Big 12,games,12,2026-09-29T20:11:43Z
2021,Texas,Big 12,interceptions,10,2026-09-29T20:11:43Z
2021,Texas,Big 12,interceptionsOpponent,7,2026-09-29T20:11:43Z
2021,Texas,Big 12,interceptionTDs,1,2026-09-29T20:11:43Z
2021,Texas,Big 12,interceptionTDsOpponent,2,2026-09-29T20:11:43Z
2021,Texas,Big 12,interceptionYards,91,2026-09-29T20:11:43Z
2021,Texas,Big 12,interceptionYardsOpponent,197,2026-09-29T20:11:43Z
2021,Texas,Big 12,kickReturns,28,2026-09-29T20:11:43Z
2021,Texas,Big 12,kickReturnsOpponent,20,2026-09-29T20:11:43Z
2021,Texas,Big 12,kickReturnTDs,0,2026-09-29T20:11:43Z
2021,Texas,Big 12,kickReturnTDsOpponent,0,2026-09-29T20:11:43Z
2021,Texas,Big 12,kickReturnYards,504,2026-09-29T20:11:43Z
2021,Texas,Big 12,kickReturnYardsOpponent,498,2026-09-29T20:11:43Z
2021,Texas,Big 12,netPassingYards,2705,2026-09-29T20:11:43Z
2021,Texas,Big 12,netPassingYardsOpponent,2688,2026-09-29T20:11:43Z
2021,Texas,Big 12,passAttempts,346,2026-09-29T20:11:43Z
2021,Texas,Big 12,passAttemptsOpponent,376,2026-09-29T20:11:43Z
2021,Texas,Big 12,passCompletions,217,2026-09-29T20:11:43Z
2021,Texas,Big 12,passCompletionsOpponent,254,2026-09-29T20:11:43Z
2021,Texas,Big 12,passesIntercepted,7,2026-09-29T20:11:43Z
2021,Texas,Big 12,passesInterceptedOpponent,10,2026-09-29T20:11:43Z
2021,Texas,Big 12,passingTDs,29,2026-09-29T20:11:43Z
2021,Texas,Big 12,passingTDsOpponent,16,2026-09-29T20:11:43Z
2021,Texas,Big 12,penalties,69,2026-09-29T20:11:43Z
2021,Texas,Big 12,penaltiesOpponent,53,2026-09-29T20:11:43Z
2021,Texas,Big 12,penaltyYards,579,2026-09-29T20:11:43Z
2021,Texas,Big 12,penaltyYardsOpponent,442,2026-09-29T20:11:43Z
2021,Texas,Big 12,possessionTime,20217,2026-09-29T20:11:43Z
2021,Texas,Big 12,possessionTimeOpponent,22983,2026-09-29T20:11:43Z
2021,Texas,Big 12,puntReturns,17,2026-09-29T20:11:43Z
2021,Texas,Big 12,puntReturnsOpponent,14,2026-09-29T20:11:43Z
2021,Texas,Big 12,puntReturnTDs,0,2026-09-29T20:11:43Z
2021,Texas,Big 12,puntReturnTDsOpponent,0,2026-09-29T20:11:43Z
2021,Texas,Big 12,puntReturnYards,174,2026-09-29T20:11:43Z
2021,Texas,Big 12,puntReturnYardsOpponent,40,2026-09-29T20:11:43Z
2021,Texas,Big 12,rushingAttempts,457,2026-09-29T20:11:43Z
2021,Texas,Big 12,rushingAttemptsOpponent,470,2026-09-29T20:11:43Z
2021,Texas,Big 12,rushingTDs,25,2026-09-29T20:11:43Z
2021,Texas,Big 12,rushingTDsOpponent,26,2026-09-29T20:11:43Z
2021,Texas,Big 12,rushingYards,2392,2026-09-29T20:11:43Z
2021,Texas,Big 12,rushingYardsOpponent,2419,2026-09-29T20:11:43Z
2021,Texas,Big 12,sacks,20,2026-09-29T20:11:43Z
2021,Texas,Big 12,sacksOpponent,26,2026-09-29T20:11:43Z
2021,Texas,Big 12,tacklesForLoss,72,2026-09-29T20:11:43Z
2021,Texas,Big 12,tacklesForLossOpponent,65,2026-09-29T20:11:43Z
2021,Texas,Big 12,thirdDownConversions,70,2026-09-29T20:11:43Z
2021,Texas,Big 12,thirdDownConversionsOpponent,72,2026-09-29T20:11:43Z
2021,Texas,Big 12,thirdDowns,160,2026-09-29T20:11:43Z
2021,Texas,Big 12,thirdDownsOpponent,171,2026-09-29T20:11:43Z
2021,Texas,Big 12,totalYards,5097,2026-09-29T20:11:43Z
2021,Texas,Big 12,totalYardsOpponent,5107,2026-09-29T20:11:43Z
2021,Texas,Big 12,turnovers,17,2026-09-29T20:11:43Z
2021,Texas,Big 12,turnoversOpponent,14,2026-09-29T20:11:43Z
2021,Texas A&M,SEC,firstDowns,251,2026-09-29T20:11:43Z
2021,Texas A&M,SEC,firstDownsOpponent,226,2026-09-29T20:11:43Z
2021,Texas A&M,SEC,fourthDownConversions,6,2026-09-29T20:11:43Z
2021,Texas A&M,SEC,fourthDownConversionsOpponent,6,2026-09-29T20:11:43Z
2021,Texas A&M,SEC,fourthDowns,10,2026-09-29T20:11:43Z
2021,Texas A&M,SEC,fourthDownsOpponent,17,2026-09-29T20:11:43Z
2021,Texas A&M,SEC,fumblesLost,3,2026-09-29T20:11:43Z
2021,Texas A&M,SEC,fumblesLostOpponent,5,2026-09-29T20:11:43Z
2021,Texas A&M,SEC,fumblesRecovered,5,2026-09-29T20:11:43Z
2021,Texas A&M,SEC,fumblesRecoveredOpponent,3,2026-09-29T20:11:43Z
2021,Texas A&M,SEC,games,12,2026-09-29T20:11:43Z
2021,Texas A&M,SEC,interceptions,13,2026-09-29T20:11:43Z
2021,Texas A&M,SEC,interceptionsOpponent,10,2026-09-29T20:11:43Z
2021,Texas A&M,SEC,interceptionTDs,1,2026-09-29T20:11:43Z
2021,Texas A&M,SEC,interceptionTDsOpponent,1,2026-09-29T20:11:43Z
2021,Texas A&M,SEC,interceptionYards,115,2026-09-29T20:11:43Z
2021,Texas A&M,SEC,interceptionYardsOpponent,179,2026-09-29T20:11:43Z
2021,Texas A&M,SEC,kickReturns,13,2026-09-29T20:11:43Z
2021,Texas A&M,SEC,kickReturnsOpponent,13,2026-09-29T20:11:43Z
2021,Texas A&M,SEC,kickReturnTDs,1,2026-09-29T20:11:43Z
2021,Texas A&M,SEC,kickReturnTDsOpponent,0,2026-09-29T20:11:43Z
2021,Texas A&M,SEC,kickReturnYards,336,2026-09-29T20:11:43Z
2021,Texas A&M,SEC,kickReturnYardsOpponent,275,2026-09-29T20:11:43Z
2021,Texas A&M,SEC,netPassingYards,2503,2026-09-29T20:11:43Z
2021,Texas A&M,SEC,netPassingYardsOpponent,2312,2026-09-29T20:11:43Z
2021,Texas A&M,SEC,passAttempts,370,2026-09-29T20:11:43Z
2021,Texas A&M,SEC,passAttemptsOpponent,401,2026-09-29T20:11:43Z
2021,Texas A&M,SEC,passCompletions,208,2026-09-29T20:11:43Z
2021,Texas A&M,SEC,passCompletionsOpponent,232,2026-09-29T20:11:43Z
2021,Texas A&M,SEC,passesIntercepted,10,2026-09-29T20:11:43Z
2021,Texas A&M,SEC,passesInterceptedOpponent,13,2026-09-29T20:11:43Z
2021,Texas A&M,SEC,passingTDs,19,2026-09-29T20:11:43Z
2021,Texas A&M,SEC,passingTDsOpponent,13,2026-09-29T20:11:43Z
2021,Texas A&M,SEC,penalties,76,2026-09-29T20:11:43Z
2021,Texas A&M,SEC,penaltiesOpponent,71,2026-09-29T20:11:43Z
2021,Texas A&M,SEC,penaltyYards,656,2026-09-29T20:11:43Z
2021,Texas A&M,SEC,penaltyYardsOpponent,563,2026-09-29T20:11:43Z
2021,Texas A&M,SEC,possessionTime,21740,2026-09-29T20:11:43Z
2021,Texas A&M,SEC,possessionTimeOpponent,21466,2026-09-29T20:11:43Z
2021,Texas A&M,SEC,puntReturns,30,2026-09-29T20:11:43Z
2021,Texas A&M,SEC,puntReturnsOpponent,21,2026-09-29T20:11:43Z
2021,Texas A&M,SEC,puntReturnTDs,1,2026-09-29T20:11:43Z
2021,Texas A&M,SEC,puntReturnTDsOpponent,1,2026-09-29T20:11:43Z
2021,Texas A&M,SEC,puntReturnYards,320,2026-09-29T20:11:43Z
2021,Texas A&M,SEC,puntReturnYardsOpponent,122,2026-09-29T20:11:43Z
2021,Texas A&M,SEC,rushingAttempts,418,2026-09-29T20:11:43Z
2021,Texas A&M,SEC,rushingAttemptsOpponent,443,2026-09-29T20:11:43Z
2021,Texas A&M,SEC,rushingTDs,17,2026-09-29T20:11:43Z
2021,Texas A&M,SEC,rushingTDsOpponent,6,2026-09-29T20:11:43Z
2021,Texas A&M,SEC,rushingYards,2196,2026-09-29T20:11:43Z
2021,Texas A&M,SEC,rushingYardsOpponent,1618,2026-09-29T20:11:43Z
2021,Texas A&M,SEC,sacks,39,2026-09-29T20:11:43Z
2021,Texas A&M,SEC,sacksOpponent,19,2026-09-29T20:11:43Z
2021,Texas A&M,SEC,tacklesForLoss,89,2026-09-29T20:11:43Z
2021,Texas A&M,SEC,tacklesForLossOpponent,69,2026-09-29T20:11:43Z
2021,Texas A&M,SEC,thirdDownConversions,58,2026-09-29T20:11:43Z
2021,Texas A&M,SEC,thirdDownConversionsOpponent,61,2026-09-29T20:11:43Z
2021,Texas A&M,SEC,thirdDowns,155,2026-09-29T20:11:43Z
2021,Texas A&M,SEC,thirdDownsOpponent,186,2026-09-29T20:11:43Z
2021,Texas A&M,SEC,totalYards,4699,2026-09-29T20:11:43Z
2021,Texas A&M,SEC,totalYardsOpponent,3930,2026-09-29T20:11:43Z
2021,Texas A&M,SEC,turnovers,16,2026-09-29T20:11:43Z
2021,Texas A&M,SEC,turnoversOpponent,15,2026-09-29T20:11:43Z
2021,Texas State,Sun Belt,firstDowns,241,2026-09-29T20:11:43Z
2021,Texas State,Sun Belt,firstDownsOpponent,298,2026-09-29T20:11:43Z
2021,Texas State,Sun Belt,fourthDownConversions,16,2026-09-29T20:11:43Z
2021,Texas State,Sun Belt,fourthDownConversionsOpponent,15,2026-09-29T20:11:43Z
2021,Texas State,Sun Belt,fourthDowns,24,2026-09-29T20:11:43Z
2021,Texas State,Sun Belt,fourthDownsOpponent,21,2026-09-29T20:11:43Z
2021,Texas State,Sun Belt,fumblesLost,8,2026-09-29T20:11:43Z
2021,Texas State,Sun Belt,fumblesLostOpponent,9,2026-09-29T20:11:43Z
2021,Texas State,Sun Belt,fumblesRecovered,10,2026-09-29T20:11:43Z
2021,Texas State,Sun Belt,fumblesRecoveredOpponent,10,2026-09-29T20:11:43Z
2021,Texas State,Sun Belt,games,12,2026-09-29T20:11:43Z
2021,Texas State,Sun Belt,interceptions,12,2026-09-29T20:11:43Z
2021,Texas State,Sun Belt,interceptionsOpponent,3,2026-09-29T20:11:43Z
2021,Texas State,Sun Belt,interceptionTDs,0,2026-09-29T20:11:43Z
2021,Texas State,Sun Belt,interceptionTDsOpponent,2,2026-09-29T20:11:43Z
2021,Texas State,Sun Belt,interceptionYards,20,2026-09-29T20:11:43Z
2021,Texas State,Sun Belt,interceptionYardsOpponent,209,2026-09-29T20:11:43Z
2021,Texas State,Sun Belt,kickReturns,44,2026-09-29T20:11:43Z
2021,Texas State,Sun Belt,kickReturnsOpponent,17,2026-09-29T20:11:43Z
2021,Texas State,Sun Belt,kickReturnTDs,0,2026-09-29T20:11:43Z
2021,Texas State,Sun Belt,kickReturnTDsOpponent,0,2026-09-29T20:11:43Z
2021,Texas State,Sun Belt,kickReturnYards,769,2026-09-29T20:11:43Z
2021,Texas State,Sun Belt,kickReturnYardsOpponent,283,2026-09-29T20:11:43Z
2021,Texas State,Sun Belt,netPassingYards,2317,2026-09-29T20:11:43Z
2021,Texas State,Sun Belt,netPassingYardsOpponent,2962,2026-09-29T20:11:43Z
2021,Texas State,Sun Belt,passAttempts,387,2026-09-29T20:11:43Z
2021,Texas State,Sun Belt,passAttemptsOpponent,390,2026-09-29T20:11:43Z
2021,Texas State,Sun Belt,passCompletions,223,2026-09-29T20:11:43Z
2021,Texas State,Sun Belt,passCompletionsOpponent,255,2026-09-29T20:11:43Z
2021,Texas State,Sun Belt,passesIntercepted,3,2026-09-29T20:11:43Z
2021,Texas State,Sun Belt,passesInterceptedOpponent,12,2026-09-29T20:11:43Z
2021,Texas State,Sun Belt,passingTDs,15,2026-09-29T20:11:43Z
2021,Texas State,Sun Belt,passingTDsOpponent,27,2026-09-29T20:11:43Z
2021,Texas State,Sun Belt,penalties,70,2026-09-29T20:11:43Z
2021,Texas State,Sun Belt,penaltiesOpponent,78,2026-09-29T20:11:43Z
2021,Texas State,Sun Belt,penaltyYards,705,2026-09-29T20:11:43Z
2021,Texas State,Sun Belt,penaltyYardsOpponent,685,2026-09-29T20:11:43Z
2021,Texas State,Sun Belt,possessionTime,20382,2026-09-29T20:11:43Z
2021,Texas State,Sun Belt,possessionTimeOpponent,22818,2026-09-29T20:11:43Z
2021,Texas State,Sun Belt,puntReturns,11,2026-09-29T20:11:43Z
2021,Texas State,Sun Belt,puntReturnsOpponent,14,2026-09-29T20:11:43Z
2021,Texas State,Sun Belt,puntReturnTDs,1,2026-09-29T20:11:43Z
2021,Texas State,Sun Belt,puntReturnTDsOpponent,1,2026-09-29T20:11:43Z
2021,Texas State,Sun Belt,puntReturnYards,86,2026-09-29T20:11:43Z
2021,Texas State,Sun Belt,puntReturnYardsOpponent,86,2026-09-29T20:11:43Z
2021,Texas State,Sun Belt,rushingAttempts,443,2026-09-29T20:11:43Z
2021,Texas State,Sun Belt,rushingAttemptsOpponent,502,2026-09-29T20:11:43Z
2021,Texas State,Sun Belt,rushingTDs,17,2026-09-29T20:11:43Z
2021,Texas State,Sun Belt,rushingTDsOpponent,20,2026-09-29T20:11:43Z
2021,Texas State,Sun Belt,rushingYards,1790,2026-09-29T20:11:43Z
2021,Texas State,Sun Belt,rushingYardsOpponent,2203,2026-09-29T20:11:43Z
2021,Texas State,Sun Belt,sacks,18,2026-09-29T20:11:43Z
2021,Texas State,Sun Belt,sacksOpponent,27,2026-09-29T20:11:43Z
2021,Texas State,Sun Belt,tacklesForLoss,56,2026-09-29T20:11:43Z
2021,Texas State,Sun Belt,tacklesForLossOpponent,89,2026-09-29T20:11:43Z
2021,Texas State,Sun Belt,thirdDownConversions,56,2026-09-29T20:11:43Z
2021,Texas State,Sun Belt,thirdDownConversionsOpponent,83,2026-09-29T20:11:43Z
2021,Texas State,Sun Belt,thirdDowns,169,2026-09-29T20:11:43Z
2021,Texas State,Sun Belt,thirdDownsOpponent,179,2026-09-29T20:11:43Z
2021,Texas State,Sun Belt,totalYards,4107,2026-09-29T20:11:43Z
2021,Texas State,Sun Belt,totalYardsOpponent,5165,2026-09-29T20:11:43Z
2021,Texas State,Sun Belt,turnovers,20,2026-09-29T20:11:43Z
2021,Texas State,Sun Belt,turnoversOpponent,12,2026-09-29T20:11:43Z
2021,Texas Tech,Big 12,firstDowns,254,2026-09-29T20:11:43Z
2021,Texas Tech,Big 12,firstDownsOpponent,273,2026-09-29T20:11:43Z
2021,Texas Tech,Big 12,fourthDownConversions,14,2026-09-29T20:11:43Z
2021,Texas Tech,Big 12,fourthDownConversionsOpponent,22,2026-09-29T20:11:43Z
2021,Texas Tech,Big 12,fourthDowns,29,2026-09-29T20:11:43Z
2021,Texas Tech,Big 12,fourthDownsOpponent,30,2026-09-29T20:11:43Z
2021,Texas Tech,Big 12,fumblesLost,9,2026-09-29T20:11:43Z
2021,Texas Tech,Big 12,fumblesLostOpponent,5,2026-09-29T20:11:43Z
2021,Texas Tech,Big 12,fumblesRecovered,5,2026-09-29T20:11:43Z
2021,Texas Tech,Big 12,fumblesRecoveredOpponent,10,2026-09-29T20:11:43Z
2021,Texas Tech,Big 12,games,13,2026-09-29T20:11:43Z
2021,Texas Tech,Big 12,interceptions,11,2026-09-29T20:11:43Z
2021,Texas Tech,Big 12,interceptionsOpponent,10,2026-09-29T20:11:43Z
2021,Texas Tech,Big 12,interceptionTDs,2,2026-09-29T20:11:43Z
2021,Texas Tech,Big 12,interceptionTDsOpponent,3,2026-09-29T20:11:43Z
2021,Texas Tech,Big 12,interceptionYards,28,2026-09-29T20:11:43Z
2021,Texas Tech,Big 12,interceptionYardsOpponent,159,2026-09-29T20:11:43Z
2021,Texas Tech,Big 12,kickReturns,20,2026-09-29T20:11:43Z
2021,Texas Tech,Big 12,kickReturnsOpponent,28,2026-09-29T20:11:43Z
2021,Texas Tech,Big 12,kickReturnTDs,0,2026-09-29T20:11:43Z
2021,Texas Tech,Big 12,kickReturnTDsOpponent,0,2026-09-29T20:11:43Z
2021,Texas Tech,Big 12,kickReturnYards,368,2026-09-29T20:11:43Z
2021,Texas Tech,Big 12,kickReturnYardsOpponent,503,2026-09-29T20:11:43Z
2021,Texas Tech,Big 12,netPassingYards,3344,2026-09-29T20:11:43Z
2021,Texas Tech,Big 12,netPassingYardsOpponent,3487,2026-09-29T20:11:43Z
2021,Texas Tech,Big 12,passAttempts,388,2026-09-29T20:11:43Z
2021,Texas Tech,Big 12,passAttemptsOpponent,454,2026-09-29T20:11:43Z
2021,Texas Tech,Big 12,passCompletions,245,2026-09-29T20:11:43Z
2021,Texas Tech,Big 12,passCompletionsOpponent,300,2026-09-29T20:11:43Z
2021,Texas Tech,Big 12,passesIntercepted,10,2026-09-29T20:11:43Z
2021,Texas Tech,Big 12,passesInterceptedOpponent,11,2026-09-29T20:11:43Z
2021,Texas Tech,Big 12,passingTDs,18,2026-09-29T20:11:43Z
2021,Texas Tech,Big 12,passingTDsOpponent,29,2026-09-29T20:11:43Z
2021,Texas Tech,Big 12,penalties,68,2026-09-29T20:11:43Z
2021,Texas Tech,Big 12,penaltiesOpponent,78,2026-09-29T20:11:43Z
2021,Texas Tech,Big 12,penaltyYards,580,2026-09-29T20:11:43Z
2021,Texas Tech,Big 12,penaltyYardsOpponent,660,2026-09-29T20:11:43Z
2021,Texas Tech,Big 12,possessionTime,21820,2026-09-29T20:11:43Z
2021,Texas Tech,Big 12,possessionTimeOpponent,24980,2026-09-29T20:11:43Z
2021,Texas Tech,Big 12,puntReturns,22,2026-09-29T20:11:43Z
2021,Texas Tech,Big 12,puntReturnsOpponent,9,2026-09-29T20:11:43Z
2021,Texas Tech,Big 12,puntReturnTDs,0,2026-09-29T20:11:43Z
2021,Texas Tech,Big 12,puntReturnTDsOpponent,0,2026-09-29T20:11:43Z
2021,Texas Tech,Big 12,puntReturnYards,148,2026-09-29T20:11:43Z
2021,Texas Tech,Big 12,puntReturnYardsOpponent,76,2026-09-29T20:11:43Z
2021,Texas Tech,Big 12,rushingAttempts,436,2026-09-29T20:11:43Z
2021,Texas Tech,Big 12,rushingAttemptsOpponent,444,2026-09-29T20:11:43Z
2021,Texas Tech,Big 12,rushingTDs,30,2026-09-29T20:11:43Z
2021,Texas Tech,Big 12,rushingTDsOpponent,18,2026-09-29T20:11:43Z
2021,Texas Tech,Big 12,rushingYards,2068,2026-09-29T20:11:43Z
2021,Texas Tech,Big 12,rushingYardsOpponent,1787,2026-09-29T20:11:43Z
2021,Texas Tech,Big 12,sacks,20,2026-09-29T20:11:43Z
2021,Texas Tech,Big 12,sacksOpponent,24,2026-09-29T20:11:43Z
2021,Texas Tech,Big 12,tacklesForLoss,61,2026-09-29T20:11:43Z
2021,Texas Tech,Big 12,tacklesForLossOpponent,69,2026-09-29T20:11:43Z
2021,Texas Tech,Big 12,thirdDownConversions,67,2026-09-29T20:11:43Z
2021,Texas Tech,Big 12,thirdDownConversionsOpponent,85,2026-09-29T20:11:43Z
2021,Texas Tech,Big 12,thirdDowns,157,2026-09-29T20:11:43Z
2021,Texas Tech,Big 12,thirdDownsOpponent,190,2026-09-29T20:11:43Z
2021,Texas Tech,Big 12,totalYards,5412,2026-09-29T20:11:43Z
2021,Texas Tech,Big 12,totalYardsOpponent,5274,2026-09-29T20:11:43Z
2021,Texas Tech,Big 12,turnovers,20,2026-09-29T20:11:43Z
2021,Texas Tech,Big 12,turnoversOpponent,15,2026-09-29T20:11:43Z
2021,Toledo,Mid-American,firstDowns,270,2026-09-29T20:11:43Z
2021,Toledo,Mid-American,firstDownsOpponent,254,2026-09-29T20:11:43Z
2021,Toledo,Mid-American,fourthDownConversions,10,2026-09-29T20:11:43Z
2021,Toledo,Mid-American,fourthDownConversionsOpponent,11,2026-09-29T20:11:43Z
2021,Toledo,Mid-American,fourthDowns,23,2026-09-29T20:11:43Z
2021,Toledo,Mid-American,fourthDownsOpponent,24,2026-09-29T20:11:43Z
2021,Toledo,Mid-American,fumblesLost,4,2026-09-29T20:11:43Z
2021,Toledo,Mid-American,fumblesLostOpponent,10,2026-09-29T20:11:43Z
2021,Toledo,Mid-American,fumblesRecovered,11,2026-09-29T20:11:43Z
2021,Toledo,Mid-American,fumblesRecoveredOpponent,4,2026-09-29T20:11:43Z
2021,Toledo,Mid-American,games,13,2026-09-29T20:11:43Z
2021,Toledo,Mid-American,interceptions,3,2026-09-29T20:11:43Z
2021,Toledo,Mid-American,interceptionsOpponent,8,2026-09-29T20:11:43Z
2021,Toledo,Mid-American,interceptionTDs,1,2026-09-29T20:11:43Z
2021,Toledo,Mid-American,interceptionTDsOpponent,0,2026-09-29T20:11:43Z
2021,Toledo,Mid-American,interceptionYards,185,2026-09-29T20:11:43Z
2021,Toledo,Mid-American,interceptionYardsOpponent,40,2026-09-29T20:11:43Z
2021,Toledo,Mid-American,kickReturns,36,2026-09-29T20:11:43Z
2021,Toledo,Mid-American,kickReturnsOpponent,38,2026-09-29T20:11:43Z
2021,Toledo,Mid-American,kickReturnTDs,1,2026-09-29T20:11:43Z
2021,Toledo,Mid-American,kickReturnTDsOpponent,0,2026-09-29T20:11:43Z
2021,Toledo,Mid-American,kickReturnYards,898,2026-09-29T20:11:43Z
2021,Toledo,Mid-American,kickReturnYardsOpponent,649,2026-09-29T20:11:43Z
2021,Toledo,Mid-American,netPassingYards,3108,2026-09-29T20:11:43Z
2021,Toledo,Mid-American,netPassingYardsOpponent,2574,2026-09-29T20:11:43Z
2021,Toledo,Mid-American,passAttempts,390,2026-09-29T20:11:43Z
2021,Toledo,Mid-American,passAttemptsOpponent,407,2026-09-29T20:11:43Z
2021,Toledo,Mid-American,passCompletions,226,2026-09-29T20:11:43Z
2021,Toledo,Mid-American,passCompletionsOpponent,227,2026-09-29T20:11:43Z
2021,Toledo,Mid-American,passesIntercepted,8,2026-09-29T20:11:43Z
2021,Toledo,Mid-American,passesInterceptedOpponent,3,2026-09-29T20:11:43Z
2021,Toledo,Mid-American,passingTDs,22,2026-09-29T20:11:43Z
2021,Toledo,Mid-American,passingTDsOpponent,17,2026-09-29T20:11:43Z
2021,Toledo,Mid-American,penalties,130,2026-09-29T20:11:43Z
2021,Toledo,Mid-American,penaltiesOpponent,82,2026-09-29T20:11:43Z
2021,Toledo,Mid-American,penaltyYards,1172,2026-09-29T20:11:43Z
2021,Toledo,Mid-American,penaltyYardsOpponent,727,2026-09-29T20:11:43Z
2021,Toledo,Mid-American,possessionTime,22102,2026-09-29T20:11:43Z
2021,Toledo,Mid-American,possessionTimeOpponent,24899,2026-09-29T20:11:43Z
2021,Toledo,Mid-American,puntReturns,27,2026-09-29T20:11:43Z
2021,Toledo,Mid-American,puntReturnsOpponent,17,2026-09-29T20:11:43Z
2021,Toledo,Mid-American,puntReturnTDs,3,2026-09-29T20:11:43Z
2021,Toledo,Mid-American,puntReturnTDsOpponent,1,2026-09-29T20:11:43Z
2021,Toledo,Mid-American,puntReturnYards,232,2026-09-29T20:11:43Z
2021,Toledo,Mid-American,puntReturnYardsOpponent,170,2026-09-29T20:11:43Z
2021,Toledo,Mid-American,rushingAttempts,472,2026-09-29T20:11:43Z
2021,Toledo,Mid-American,rushingAttemptsOpponent,525,2026-09-29T20:11:43Z
2021,Toledo,Mid-American,rushingTDs,29,2026-09-29T20:11:43Z
2021,Toledo,Mid-American,rushingTDsOpponent,11,2026-09-29T20:11:43Z
2021,Toledo,Mid-American,rushingYards,2553,2026-09-29T20:11:43Z
2021,Toledo,Mid-American,rushingYardsOpponent,1969,2026-09-29T20:11:43Z
2021,Toledo,Mid-American,sacks,38,2026-09-29T20:11:43Z
2021,Toledo,Mid-American,sacksOpponent,35,2026-09-29T20:11:43Z
2021,Toledo,Mid-American,tacklesForLoss,89,2026-09-29T20:11:43Z
2021,Toledo,Mid-American,tacklesForLossOpponent,80,2026-09-29T20:11:43Z
2021,Toledo,Mid-American,thirdDownConversions,62,2026-09-29T20:11:43Z
2021,Toledo,Mid-American,thirdDownConversionsOpponent,80,2026-09-29T20:11:43Z
2021,Toledo,Mid-American,thirdDowns,175,2026-09-29T20:11:43Z
2021,Toledo,Mid-American,thirdDownsOpponent,211,2026-09-29T20:11:43Z
2021,Toledo,Mid-American,totalYards,5661,2026-09-29T20:11:43Z
2021,Toledo,Mid-American,totalYardsOpponent,4543,2026-09-29T20:11:43Z
2021,Toledo,Mid-American,turnovers,7,2026-09-29T20:11:43Z
2021,Toledo,Mid-American,turnoversOpponent,18,2026-09-29T20:11:43Z
2021,Troy,Sun Belt,firstDowns,219,2026-09-29T20:11:43Z
2021,Troy,Sun Belt,firstDownsOpponent,224,2026-09-29T20:11:43Z
2021,Troy,Sun Belt,fourthDownConversions,15,2026-09-29T20:11:43Z
2021,Troy,Sun Belt,fourthDownConversionsOpponent,23,2026-09-29T20:11:43Z
2021,Troy,Sun Belt,fourthDowns,24,2026-09-29T20:11:43Z
2021,Troy,Sun Belt,fourthDownsOpponent,32,2026-09-29T20:11:43Z
2021,Troy,Sun Belt,fumblesLost,11,2026-09-29T20:11:43Z
2021,Troy,Sun Belt,fumblesLostOpponent,8,2026-09-29T20:11:43Z
2021,Troy,Sun Belt,fumblesRecovered,12,2026-09-29T20:11:43Z
2021,Troy,Sun Belt,fumblesRecoveredOpponent,17,2026-09-29T20:11:43Z
2021,Troy,Sun Belt,games,12,2026-09-29T20:11:43Z
2021,Troy,Sun Belt,interceptions,10,2026-09-29T20:11:43Z
2021,Troy,Sun Belt,interceptionsOpponent,16,2026-09-29T20:11:43Z
2021,Troy,Sun Belt,interceptionTDs,3,2026-09-29T20:11:43Z
2021,Troy,Sun Belt,interceptionTDsOpponent,2,2026-09-29T20:11:43Z
2021,Troy,Sun Belt,interceptionYards,198,2026-09-29T20:11:43Z
2021,Troy,Sun Belt,interceptionYardsOpponent,210,2026-09-29T20:11:43Z
2021,Troy,Sun Belt,kickReturns,24,2026-09-29T20:11:43Z
2021,Troy,Sun Belt,kickReturnsOpponent,33,2026-09-29T20:11:43Z
2021,Troy,Sun Belt,kickReturnTDs,0,2026-09-29T20:11:43Z
2021,Troy,Sun Belt,kickReturnTDsOpponent,0,2026-09-29T20:11:43Z
2021,Troy,Sun Belt,kickReturnYards,275,2026-09-29T20:11:43Z
2021,Troy,Sun Belt,kickReturnYardsOpponent,552,2026-09-29T20:11:43Z
2021,Troy,Sun Belt,netPassingYards,2864,2026-09-29T20:11:43Z
2021,Troy,Sun Belt,netPassingYardsOpponent,2339,2026-09-29T20:11:43Z
2021,Troy,Sun Belt,passAttempts,419,2026-09-29T20:11:43Z
2021,Troy,Sun Belt,passAttemptsOpponent,307,2026-09-29T20:11:43Z
2021,Troy,Sun Belt,passCompletions,265,2026-09-29T20:11:43Z
2021,Troy,Sun Belt,passCompletionsOpponent,189,2026-09-29T20:11:43Z
2021,Troy,Sun Belt,passesIntercepted,16,2026-09-29T20:11:43Z
2021,Troy,Sun Belt,passesInterceptedOpponent,10,2026-09-29T20:11:43Z
2021,Troy,Sun Belt,passingTDs,15,2026-09-29T20:11:43Z
2021,Troy,Sun Belt,passingTDsOpponent,19,2026-09-29T20:11:43Z
2021,Troy,Sun Belt,penalties,60,2026-09-29T20:11:43Z
2021,Troy,Sun Belt,penaltiesOpponent,85,2026-09-29T20:11:43Z
2021,Troy,Sun Belt,penaltyYards,534,2026-09-29T20:11:43Z
2021,Troy,Sun Belt,penaltyYardsOpponent,739,2026-09-29T20:11:43Z
2021,Troy,Sun Belt,possessionTime,19895,2026-09-29T20:11:43Z
2021,Troy,Sun Belt,possessionTimeOpponent,23305,2026-09-29T20:11:43Z
2021,Troy,Sun Belt,puntReturns,8,2026-09-29T20:11:43Z
2021,Troy,Sun Belt,puntReturnsOpponent,19,2026-09-29T20:11:43Z
2021,Troy,Sun Belt,puntReturnTDs,0,2026-09-29T20:11:43Z
2021,Troy,Sun Belt,puntReturnTDsOpponent,0,2026-09-29T20:11:43Z
2021,Troy,Sun Belt,puntReturnYards,63,2026-09-29T20:11:43Z
2021,Troy,Sun Belt,puntReturnYardsOpponent,128,2026-09-29T20:11:43Z
2021,Troy,Sun Belt,rushingAttempts,366,2026-09-29T20:11:43Z
2021,Troy,Sun Belt,rushingAttemptsOpponent,492,2026-09-29T20:11:43Z
2021,Troy,Sun Belt,rushingTDs,18,2026-09-29T20:11:43Z
2021,Troy,Sun Belt,rushingTDsOpponent,15,2026-09-29T20:11:43Z
2021,Troy,Sun Belt,rushingYards,1197,2026-09-29T20:11:43Z
2021,Troy,Sun Belt,rushingYardsOpponent,1709,2026-09-29T20:11:43Z
2021,Troy,Sun Belt,sacks,38,2026-09-29T20:11:43Z
2021,Troy,Sun Belt,sacksOpponent,32,2026-09-29T20:11:43Z
2021,Troy,Sun Belt,tacklesForLoss,90,2026-09-29T20:11:43Z
2021,Troy,Sun Belt,tacklesForLossOpponent,74,2026-09-29T20:11:43Z
2021,Troy,Sun Belt,thirdDownConversions,67,2026-09-29T20:11:43Z
2021,Troy,Sun Belt,thirdDownConversionsOpponent,57,2026-09-29T20:11:43Z
2021,Troy,Sun Belt,thirdDowns,167,2026-09-29T20:11:43Z
2021,Troy,Sun Belt,thirdDownsOpponent,171,2026-09-29T20:11:43Z
2021,Troy,Sun Belt,totalYards,4061,2026-09-29T20:11:43Z
2021,Troy,Sun Belt,totalYardsOpponent,4048,2026-09-29T20:11:43Z
2021,Troy,Sun Belt,turnovers,21,2026-09-29T20:11:43Z
2021,Troy,Sun Belt,turnoversOpponent,24,2026-09-29T20:11:43Z
2021,Tulane,American Athletic,firstDowns,234,2026-09-29T20:11:43Z
2021,Tulane,American Athletic,firstDownsOpponent,272,2026-09-29T20:11:43Z
2021,Tulane,American Athletic,fourthDownConversions,19,2026-09-29T20:11:43Z
2021,Tulane,American Athletic,fourthDownConversionsOpponent,23,2026-09-29T20:11:43Z
2021,Tulane,American Athletic,fourthDowns,38,2026-09-29T20:11:43Z
2021,Tulane,American Athletic,fourthDownsOpponent,29,2026-09-29T20:11:43Z
2021,Tulane,American Athletic,fumblesLost,12,2026-09-29T20:11:43Z
2021,Tulane,American Athletic,fumblesLostOpponent,6,2026-09-29T20:11:43Z
2021,Tulane,American Athletic,fumblesRecovered,9,2026-09-29T20:11:43Z
2021,Tulane,American Athletic,fumblesRecoveredOpponent,14,2026-09-29T20:11:43Z
2021,Tulane,American Athletic,games,12,2026-09-29T20:11:43Z
2021,Tulane,American Athletic,interceptions,13,2026-09-29T20:11:43Z
2021,Tulane,American Athletic,interceptionsOpponent,10,2026-09-29T20:11:43Z
2021,Tulane,American Athletic,interceptionTDs,1,2026-09-29T20:11:43Z
2021,Tulane,American Athletic,interceptionTDsOpponent,0,2026-09-29T20:11:43Z
2021,Tulane,American Athletic,interceptionYards,156,2026-09-29T20:11:43Z
2021,Tulane,American Athletic,interceptionYardsOpponent,62,2026-09-29T20:11:43Z
2021,Tulane,American Athletic,kickReturns,34,2026-09-29T20:11:43Z
2021,Tulane,American Athletic,kickReturnsOpponent,23,2026-09-29T20:11:43Z
2021,Tulane,American Athletic,kickReturnTDs,0,2026-09-29T20:11:43Z
2021,Tulane,American Athletic,kickReturnTDsOpponent,0,2026-09-29T20:11:43Z
2021,Tulane,American Athletic,kickReturnYards,693,2026-09-29T20:11:43Z
2021,Tulane,American Athletic,kickReturnYardsOpponent,474,2026-09-29T20:11:43Z
2021,Tulane,American Athletic,netPassingYards,2661,2026-09-29T20:11:43Z
2021,Tulane,American Athletic,netPassingYardsOpponent,3255,2026-09-29T20:11:43Z
2021,Tulane,American Athletic,passAttempts,376,2026-09-29T20:11:43Z
2021,Tulane,American Athletic,passAttemptsOpponent,404,2026-09-29T20:11:43Z
2021,Tulane,American Athletic,passCompletions,213,2026-09-29T20:11:43Z
2021,Tulane,American Athletic,passCompletionsOpponent,268,2026-09-29T20:11:43Z
2021,Tulane,American Athletic,passesIntercepted,10,2026-09-29T20:11:43Z
2021,Tulane,American Athletic,passesInterceptedOpponent,13,2026-09-29T20:11:43Z
2021,Tulane,American Athletic,passingTDs,23,2026-09-29T20:11:43Z
2021,Tulane,American Athletic,passingTDsOpponent,28,2026-09-29T20:11:43Z
2021,Tulane,American Athletic,penalties,72,2026-09-29T20:11:43Z
2021,Tulane,American Athletic,penaltiesOpponent,63,2026-09-29T20:11:43Z
2021,Tulane,American Athletic,penaltyYards,614,2026-09-29T20:11:43Z
2021,Tulane,American Athletic,penaltyYardsOpponent,578,2026-09-29T20:11:43Z
2021,Tulane,American Athletic,possessionTime,20094,2026-09-29T20:11:43Z
2021,Tulane,American Athletic,possessionTimeOpponent,23118,2026-09-29T20:11:43Z
2021,Tulane,American Athletic,puntReturns,18,2026-09-29T20:11:43Z
2021,Tulane,American Athletic,puntReturnsOpponent,7,2026-09-29T20:11:43Z
2021,Tulane,American Athletic,puntReturnTDs,0,2026-09-29T20:11:43Z
2021,Tulane,American Athletic,puntReturnTDsOpponent,0,2026-09-29T20:11:43Z
2021,Tulane,American Athletic,puntReturnYards,144,2026-09-29T20:11:43Z
2021,Tulane,American Athletic,puntReturnYardsOpponent,49,2026-09-29T20:11:43Z
2021,Tulane,American Athletic,rushingAttempts,447,2026-09-29T20:11:43Z
2021,Tulane,American Athletic,rushingAttemptsOpponent,484,2026-09-29T20:11:43Z
2021,Tulane,American Athletic,rushingTDs,19,2026-09-29T20:11:43Z
2021,Tulane,American Athletic,rushingTDsOpponent,25,2026-09-29T20:11:43Z
2021,Tulane,American Athletic,rushingYards,1979,2026-09-29T20:11:43Z
2021,Tulane,American Athletic,rushingYardsOpponent,1901,2026-09-29T20:11:43Z
2021,Tulane,American Athletic,sacks,34,2026-09-29T20:11:43Z
2021,Tulane,American Athletic,sacksOpponent,32,2026-09-29T20:11:43Z
2021,Tulane,American Athletic,tacklesForLoss,88,2026-09-29T20:11:43Z
2021,Tulane,American Athletic,tacklesForLossOpponent,78,2026-09-29T20:11:43Z
2021,Tulane,American Athletic,thirdDownConversions,61,2026-09-29T20:11:43Z
2021,Tulane,American Athletic,thirdDownConversionsOpponent,74,2026-09-29T20:11:43Z
2021,Tulane,American Athletic,thirdDowns,169,2026-09-29T20:11:43Z
2021,Tulane,American Athletic,thirdDownsOpponent,185,2026-09-29T20:11:43Z
2021,Tulane,American Athletic,totalYards,4640,2026-09-29T20:11:43Z
2021,Tulane,American Athletic,totalYardsOpponent,5156,2026-09-29T20:11:43Z
2021,Tulane,American Athletic,turnovers,25,2026-09-29T20:11:43Z
2021,Tulane,American Athletic,turnoversOpponent,16,2026-09-29T20:11:43Z
2021,Tulsa,American Athletic,firstDowns,294,2026-09-29T20:11:43Z
2021,Tulsa,American Athletic,firstDownsOpponent,254,2026-09-29T20:11:43Z
2021,Tulsa,American Athletic,fourthDownConversions,9,2026-09-29T20:11:43Z
2021,Tulsa,American Athletic,fourthDownConversionsOpponent,11,2026-09-29T20:11:43Z
2021,Tulsa,American Athletic,fourthDowns,19,2026-09-29T20:11:43Z
2021,Tulsa,American Athletic,fourthDownsOpponent,23,2026-09-29T20:11:43Z
2021,Tulsa,American Athletic,fumblesLost,8,2026-09-29T20:11:43Z
2021,Tulsa,American Athletic,fumblesLostOpponent,7,2026-09-29T20:11:43Z
2021,Tulsa,American Athletic,fumblesRecovered,7,2026-09-29T20:11:43Z
2021,Tulsa,American Athletic,fumblesRecoveredOpponent,7,2026-09-29T20:11:43Z
2021,Tulsa,American Athletic,games,13,2026-09-29T20:11:43Z
2021,Tulsa,American Athletic,interceptions,16,2026-09-29T20:11:43Z
2021,Tulsa,American Athletic,interceptionsOpponent,11,2026-09-29T20:11:43Z
2021,Tulsa,American Athletic,interceptionTDs,1,2026-09-29T20:11:43Z
2021,Tulsa,American Athletic,interceptionTDsOpponent,3,2026-09-29T20:11:43Z
2021,Tulsa,American Athletic,interceptionYards,115,2026-09-29T20:11:43Z
2021,Tulsa,American Athletic,interceptionYardsOpponent,279,2026-09-29T20:11:43Z
2021,Tulsa,American Athletic,kickReturns,33,2026-09-29T20:11:43Z
2021,Tulsa,American Athletic,kickReturnsOpponent,47,2026-09-29T20:11:43Z
2021,Tulsa,American Athletic,kickReturnTDs,1,2026-09-29T20:11:43Z
2021,Tulsa,American Athletic,kickReturnTDsOpponent,4,2026-09-29T20:11:43Z
2021,Tulsa,American Athletic,kickReturnYards,516,2026-09-29T20:11:43Z
2021,Tulsa,American Athletic,kickReturnYardsOpponent,1236,2026-09-29T20:11:43Z
2021,Tulsa,American Athletic,netPassingYards,3254,2026-09-29T20:11:43Z
2021,Tulsa,American Athletic,netPassingYardsOpponent,2957,2026-09-29T20:11:43Z
2021,Tulsa,American Athletic,passAttempts,410,2026-09-29T20:11:43Z
2021,Tulsa,American Athletic,passAttemptsOpponent,406,2026-09-29T20:11:43Z
2021,Tulsa,American Athletic,passCompletions,243,2026-09-29T20:11:43Z
2021,Tulsa,American Athletic,passCompletionsOpponent,240,2026-09-29T20:11:43Z
2021,Tulsa,American Athletic,passesIntercepted,11,2026-09-29T20:11:43Z
2021,Tulsa,American Athletic,passesInterceptedOpponent,16,2026-09-29T20:11:43Z
2021,Tulsa,American Athletic,passingTDs,18,2026-09-29T20:11:43Z
2021,Tulsa,American Athletic,passingTDsOpponent,15,2026-09-29T20:11:43Z
2021,Tulsa,American Athletic,penalties,97,2026-09-29T20:11:43Z
2021,Tulsa,American Athletic,penaltiesOpponent,94,2026-09-29T20:11:43Z
2021,Tulsa,American Athletic,penaltyYards,930,2026-09-29T20:11:43Z
2021,Tulsa,American Athletic,penaltyYardsOpponent,823,2026-09-29T20:11:43Z
2021,Tulsa,American Athletic,possessionTime,24073,2026-09-29T20:11:43Z
2021,Tulsa,American Athletic,possessionTimeOpponent,22727,2026-09-29T20:11:43Z
2021,Tulsa,American Athletic,puntReturns,23,2026-09-29T20:11:43Z
2021,Tulsa,American Athletic,puntReturnsOpponent,16,2026-09-29T20:11:43Z
2021,Tulsa,American Athletic,puntReturnTDs,0,2026-09-29T20:11:43Z
2021,Tulsa,American Athletic,puntReturnTDsOpponent,1,2026-09-29T20:11:43Z
2021,Tulsa,American Athletic,puntReturnYards,76,2026-09-29T20:11:43Z
2021,Tulsa,American Athletic,puntReturnYardsOpponent,229,2026-09-29T20:11:43Z
2021,Tulsa,American Athletic,rushingAttempts,549,2026-09-29T20:11:43Z
2021,Tulsa,American Athletic,rushingAttemptsOpponent,480,2026-09-29T20:11:43Z
2021,Tulsa,American Athletic,rushingTDs,20,2026-09-29T20:11:43Z
2021,Tulsa,American Athletic,rushingTDsOpponent,19,2026-09-29T20:11:43Z
2021,Tulsa,American Athletic,rushingYards,2496,2026-09-29T20:11:43Z
2021,Tulsa,American Athletic,rushingYardsOpponent,1844,2026-09-29T20:11:43Z
2021,Tulsa,American Athletic,sacks,25,2026-09-29T20:11:43Z
2021,Tulsa,American Athletic,sacksOpponent,25,2026-09-29T20:11:43Z
2021,Tulsa,American Athletic,tacklesForLoss,73,2026-09-29T20:11:43Z
2021,Tulsa,American Athletic,tacklesForLossOpponent,75,2026-09-29T20:11:43Z
2021,Tulsa,American Athletic,thirdDownConversions,73,2026-09-29T20:11:43Z
2021,Tulsa,American Athletic,thirdDownConversionsOpponent,70,2026-09-29T20:11:43Z
2021,Tulsa,American Athletic,thirdDowns,189,2026-09-29T20:11:43Z
2021,Tulsa,American Athletic,thirdDownsOpponent,182,2026-09-29T20:11:43Z
2021,Tulsa,American Athletic,totalYards,5750,2026-09-29T20:11:43Z
2021,Tulsa,American Athletic,totalYardsOpponent,4801,2026-09-29T20:11:43Z
2021,Tulsa,American Athletic,turnovers,24,2026-09-29T20:11:43Z
2021,Tulsa,American Athletic,turnoversOpponent,18,2026-09-29T20:11:43Z
2021,UAB,Conference USA,firstDowns,232,2026-09-29T20:11:43Z
2021,UAB,Conference USA,firstDownsOpponent,236,2026-09-29T20:11:43Z
2021,UAB,Conference USA,fourthDownConversions,10,2026-09-29T20:11:43Z
2021,UAB,Conference USA,fourthDownConversionsOpponent,13,2026-09-29T20:11:43Z
2021,UAB,Conference USA,fourthDowns,14,2026-09-29T20:11:43Z
2021,UAB,Conference USA,fourthDownsOpponent,27,2026-09-29T20:11:43Z
2021,UAB,Conference USA,fumblesLost,7,2026-09-29T20:11:43Z
2021,UAB,Conference USA,fumblesLostOpponent,10,2026-09-29T20:11:43Z
2021,UAB,Conference USA,fumblesRecovered,12,2026-09-29T20:11:43Z
2021,UAB,Conference USA,fumblesRecoveredOpponent,7,2026-09-29T20:11:43Z
2021,UAB,Conference USA,games,13,2026-09-29T20:11:43Z
2021,UAB,Conference USA,interceptions,10,2026-09-29T20:11:43Z
2021,UAB,Conference USA,interceptionsOpponent,10,2026-09-29T20:11:43Z
2021,UAB,Conference USA,interceptionTDs,2,2026-09-29T20:11:43Z
2021,UAB,Conference USA,interceptionTDsOpponent,1,2026-09-29T20:11:43Z
2021,UAB,Conference USA,interceptionYards,218,2026-09-29T20:11:43Z
2021,UAB,Conference USA,interceptionYardsOpponent,91,2026-09-29T20:11:43Z
2021,UAB,Conference USA,kickReturns,24,2026-09-29T20:11:43Z
2021,UAB,Conference USA,kickReturnsOpponent,29,2026-09-29T20:11:43Z
2021,UAB,Conference USA,kickReturnTDs,0,2026-09-29T20:11:43Z
2021,UAB,Conference USA,kickReturnTDsOpponent,0,2026-09-29T20:11:43Z
2021,UAB,Conference USA,kickReturnYards,259,2026-09-29T20:11:43Z
2021,UAB,Conference USA,kickReturnYardsOpponent,522,2026-09-29T20:11:43Z
2021,UAB,Conference USA,netPassingYards,2682,2026-09-29T20:11:43Z
2021,UAB,Conference USA,netPassingYardsOpponent,2825,2026-09-29T20:11:43Z
2021,UAB,Conference USA,passAttempts,286,2026-09-29T20:11:43Z
2021,UAB,Conference USA,passAttemptsOpponent,402,2026-09-29T20:11:43Z
2021,UAB,Conference USA,passCompletions,182,2026-09-29T20:11:43Z
2021,UAB,Conference USA,passCompletionsOpponent,235,2026-09-29T20:11:43Z
2021,UAB,Conference USA,passesIntercepted,10,2026-09-29T20:11:43Z
2021,UAB,Conference USA,passesInterceptedOpponent,10,2026-09-29T20:11:43Z
2021,UAB,Conference USA,passingTDs,20,2026-09-29T20:11:43Z
2021,UAB,Conference USA,passingTDsOpponent,24,2026-09-29T20:11:43Z
2021,UAB,Conference USA,penalties,115,2026-09-29T20:11:43Z
2021,UAB,Conference USA,penaltiesOpponent,76,2026-09-29T20:11:43Z
2021,UAB,Conference USA,penaltyYards,1126,2026-09-29T20:11:43Z
2021,UAB,Conference USA,penaltyYardsOpponent,645,2026-09-29T20:11:43Z
2021,UAB,Conference USA,possessionTime,24851,2026-09-29T20:11:43Z
2021,UAB,Conference USA,possessionTimeOpponent,21961,2026-09-29T20:11:43Z
2021,UAB,Conference USA,puntReturns,12,2026-09-29T20:11:43Z
2021,UAB,Conference USA,puntReturnsOpponent,14,2026-09-29T20:11:43Z
2021,UAB,Conference USA,puntReturnTDs,1,2026-09-29T20:11:43Z
2021,UAB,Conference USA,puntReturnTDsOpponent,0,2026-09-29T20:11:43Z
2021,UAB,Conference USA,puntReturnYards,125,2026-09-29T20:11:43Z
2021,UAB,Conference USA,puntReturnYardsOpponent,110,2026-09-29T20:11:43Z
2021,UAB,Conference USA,rushingAttempts,513,2026-09-29T20:11:43Z
2021,UAB,Conference USA,rushingAttemptsOpponent,449,2026-09-29T20:11:43Z
2021,UAB,Conference USA,rushingTDs,27,2026-09-29T20:11:43Z
2021,UAB,Conference USA,rushingTDsOpponent,16,2026-09-29T20:11:43Z
2021,UAB,Conference USA,rushingYards,2342,2026-09-29T20:11:43Z
2021,UAB,Conference USA,rushingYardsOpponent,1448,2026-09-29T20:11:43Z
2021,UAB,Conference USA,sacks,31,2026-09-29T20:11:43Z
2021,UAB,Conference USA,sacksOpponent,30,2026-09-29T20:11:43Z
2021,UAB,Conference USA,tacklesForLoss,74,2026-09-29T20:11:43Z
2021,UAB,Conference USA,tacklesForLossOpponent,77,2026-09-29T20:11:43Z
2021,UAB,Conference USA,thirdDownConversions,69,2026-09-29T20:11:43Z
2021,UAB,Conference USA,thirdDownConversionsOpponent,64,2026-09-29T20:11:43Z
2021,UAB,Conference USA,thirdDowns,169,2026-09-29T20:11:43Z
2021,UAB,Conference USA,thirdDownsOpponent,185,2026-09-29T20:11:43Z
2021,UAB,Conference USA,totalYards,5024,2026-09-29T20:11:43Z
2021,UAB,Conference USA,totalYardsOpponent,4273,2026-09-29T20:11:43Z
2021,UAB,Conference USA,turnovers,17,2026-09-29T20:11:43Z
2021,UAB,Conference USA,turnoversOpponent,20,2026-09-29T20:11:43Z
2021,UCF,American Athletic,firstDowns,259,2026-09-29T20:11:43Z
2021,UCF,American Athletic,firstDownsOpponent,274,2026-09-29T20:11:43Z
2021,UCF,American Athletic,fourthDownConversions,11,2026-09-29T20:11:43Z
2021,UCF,American Athletic,fourthDownConversionsOpponent,14,2026-09-29T20:11:43Z
2021,UCF,American Athletic,fourthDowns,14,2026-09-29T20:11:43Z
2021,UCF,American Athletic,fourthDownsOpponent,29,2026-09-29T20:11:43Z
2021,UCF,American Athletic,fumblesLost,6,2026-09-29T20:11:43Z
2021,UCF,American Athletic,fumblesLostOpponent,9,2026-09-29T20:11:43Z
2021,UCF,American Athletic,fumblesRecovered,12,2026-09-29T20:11:43Z
2021,UCF,American Athletic,fumblesRecoveredOpponent,8,2026-09-29T20:11:43Z
2021,UCF,American Athletic,games,13,2026-09-29T20:11:43Z
2021,UCF,American Athletic,interceptions,9,2026-09-29T20:11:43Z
2021,UCF,American Athletic,interceptionsOpponent,11,2026-09-29T20:11:43Z
2021,UCF,American Athletic,interceptionTDs,0,2026-09-29T20:11:43Z
2021,UCF,American Athletic,interceptionTDsOpponent,3,2026-09-29T20:11:43Z
2021,UCF,American Athletic,interceptionYards,114,2026-09-29T20:11:43Z
2021,UCF,American Athletic,interceptionYardsOpponent,268,2026-09-29T20:11:43Z
2021,UCF,American Athletic,kickReturns,28,2026-09-29T20:11:43Z
2021,UCF,American Athletic,kickReturnsOpponent,29,2026-09-29T20:11:43Z
2021,UCF,American Athletic,kickReturnTDs,0,2026-09-29T20:11:43Z
2021,UCF,American Athletic,kickReturnTDsOpponent,0,2026-09-29T20:11:43Z
2021,UCF,American Athletic,kickReturnYards,554,2026-09-29T20:11:43Z
2021,UCF,American Athletic,kickReturnYardsOpponent,615,2026-09-29T20:11:43Z
2021,UCF,American Athletic,netPassingYards,2680,2026-09-29T20:11:43Z
2021,UCF,American Athletic,netPassingYardsOpponent,2731,2026-09-29T20:11:43Z
2021,UCF,American Athletic,passAttempts,390,2026-09-29T20:11:43Z
2021,UCF,American Athletic,passAttemptsOpponent,466,2026-09-29T20:11:43Z
2021,UCF,American Athletic,passCompletions,252,2026-09-29T20:11:43Z
2021,UCF,American Athletic,passCompletionsOpponent,269,2026-09-29T20:11:43Z
2021,UCF,American Athletic,passesIntercepted,11,2026-09-29T20:11:43Z
2021,UCF,American Athletic,passesInterceptedOpponent,9,2026-09-29T20:11:43Z
2021,UCF,American Athletic,passingTDs,29,2026-09-29T20:11:43Z
2021,UCF,American Athletic,passingTDsOpponent,12,2026-09-29T20:11:43Z
2021,UCF,American Athletic,penalties,80,2026-09-29T20:11:43Z
2021,UCF,American Athletic,penaltiesOpponent,80,2026-09-29T20:11:43Z
2021,UCF,American Athletic,penaltyYards,696,2026-09-29T20:11:43Z
2021,UCF,American Athletic,penaltyYardsOpponent,635,2026-09-29T20:11:43Z
2021,UCF,American Athletic,possessionTime,22303,2026-09-29T20:11:43Z
2021,UCF,American Athletic,possessionTimeOpponent,24497,2026-09-29T20:11:43Z
2021,UCF,American Athletic,puntReturns,24,2026-09-29T20:11:43Z
2021,UCF,American Athletic,puntReturnsOpponent,18,2026-09-29T20:11:43Z
2021,UCF,American Athletic,puntReturnTDs,0,2026-09-29T20:11:43Z
2021,UCF,American Athletic,puntReturnTDsOpponent,1,2026-09-29T20:11:43Z
2021,UCF,American Athletic,puntReturnYards,186,2026-09-29T20:11:43Z
2021,UCF,American Athletic,puntReturnYardsOpponent,148,2026-09-29T20:11:43Z
2021,UCF,American Athletic,rushingAttempts,476,2026-09-29T20:11:43Z
2021,UCF,American Athletic,rushingAttemptsOpponent,479,2026-09-29T20:11:43Z
2021,UCF,American Athletic,rushingTDs,27,2026-09-29T20:11:43Z
2021,UCF,American Athletic,rushingTDsOpponent,24,2026-09-29T20:11:43Z
2021,UCF,American Athletic,rushingYards,2552,2026-09-29T20:11:43Z
2021,UCF,American Athletic,rushingYardsOpponent,2072,2026-09-29T20:11:43Z
2021,UCF,American Athletic,sacks,36,2026-09-29T20:11:43Z
2021,UCF,American Athletic,sacksOpponent,25,2026-09-29T20:11:43Z
2021,UCF,American Athletic,tacklesForLoss,89,2026-09-29T20:11:43Z
2021,UCF,American Athletic,tacklesForLossOpponent,84,2026-09-29T20:11:43Z
2021,UCF,American Athletic,thirdDownConversions,65,2026-09-29T20:11:43Z
2021,UCF,American Athletic,thirdDownConversionsOpponent,76,2026-09-29T20:11:43Z
2021,UCF,American Athletic,thirdDowns,174,2026-09-29T20:11:43Z
2021,UCF,American Athletic,thirdDownsOpponent,200,2026-09-29T20:11:43Z
2021,UCF,American Athletic,totalYards,5232,2026-09-29T20:11:43Z
2021,UCF,American Athletic,totalYardsOpponent,4803,2026-09-29T20:11:43Z
2021,UCF,American Athletic,turnovers,15,2026-09-29T20:11:43Z
2021,UCF,American Athletic,turnoversOpponent,20,2026-09-29T20:11:43Z
2021,UCLA,Pac-12,firstDowns,281,2026-09-29T20:11:43Z
2021,UCLA,Pac-12,firstDownsOpponent,257,2026-09-29T20:11:43Z
2021,UCLA,Pac-12,fourthDownConversions,20,2026-09-29T20:11:43Z
2021,UCLA,Pac-12,fourthDownConversionsOpponent,10,2026-09-29T20:11:43Z
2021,UCLA,Pac-12,fourthDowns,30,2026-09-29T20:11:43Z
2021,UCLA,Pac-12,fourthDownsOpponent,24,2026-09-29T20:11:43Z
2021,UCLA,Pac-12,fumblesLost,6,2026-09-29T20:11:43Z
2021,UCLA,Pac-12,fumblesLostOpponent,7,2026-09-29T20:11:43Z
2021,UCLA,Pac-12,fumblesRecovered,9,2026-09-29T20:11:43Z
2021,UCLA,Pac-12,fumblesRecoveredOpponent,8,2026-09-29T20:11:43Z
2021,UCLA,Pac-12,games,12,2026-09-29T20:11:43Z
2021,UCLA,Pac-12,interceptions,8,2026-09-29T20:11:43Z
2021,UCLA,Pac-12,interceptionsOpponent,12,2026-09-29T20:11:43Z
2021,UCLA,Pac-12,interceptionTDs,0,2026-09-29T20:11:43Z
2021,UCLA,Pac-12,interceptionTDsOpponent,0,2026-09-29T20:11:43Z
2021,UCLA,Pac-12,interceptionYards,144,2026-09-29T20:11:43Z
2021,UCLA,Pac-12,interceptionYardsOpponent,47,2026-09-29T20:11:43Z
2021,UCLA,Pac-12,kickReturns,25,2026-09-29T20:11:43Z
2021,UCLA,Pac-12,kickReturnsOpponent,23,2026-09-29T20:11:43Z
2021,UCLA,Pac-12,kickReturnTDs,1,2026-09-29T20:11:43Z
2021,UCLA,Pac-12,kickReturnTDsOpponent,0,2026-09-29T20:11:43Z
2021,UCLA,Pac-12,kickReturnYards,657,2026-09-29T20:11:43Z
2021,UCLA,Pac-12,kickReturnYardsOpponent,571,2026-09-29T20:11:43Z
2021,UCLA,Pac-12,netPassingYards,2714,2026-09-29T20:11:43Z
2021,UCLA,Pac-12,netPassingYardsOpponent,3122,2026-09-29T20:11:43Z
2021,UCLA,Pac-12,passAttempts,335,2026-09-29T20:11:43Z
2021,UCLA,Pac-12,passAttemptsOpponent,445,2026-09-29T20:11:43Z
2021,UCLA,Pac-12,passCompletions,207,2026-09-29T20:11:43Z
2021,UCLA,Pac-12,passCompletionsOpponent,278,2026-09-29T20:11:43Z
2021,UCLA,Pac-12,passesIntercepted,12,2026-09-29T20:11:43Z
2021,UCLA,Pac-12,passesInterceptedOpponent,8,2026-09-29T20:11:43Z
2021,UCLA,Pac-12,passingTDs,23,2026-09-29T20:11:43Z
2021,UCLA,Pac-12,passingTDsOpponent,15,2026-09-29T20:11:43Z
2021,UCLA,Pac-12,penalties,86,2026-09-29T20:11:43Z
2021,UCLA,Pac-12,penaltiesOpponent,72,2026-09-29T20:11:43Z
2021,UCLA,Pac-12,penaltyYards,774,2026-09-29T20:11:43Z
2021,UCLA,Pac-12,penaltyYardsOpponent,528,2026-09-29T20:11:43Z
2021,UCLA,Pac-12,possessionTime,21431,2026-09-29T20:11:43Z
2021,UCLA,Pac-12,possessionTimeOpponent,21769,2026-09-29T20:11:43Z
2021,UCLA,Pac-12,puntReturns,16,2026-09-29T20:11:43Z
2021,UCLA,Pac-12,puntReturnsOpponent,8,2026-09-29T20:11:43Z
2021,UCLA,Pac-12,puntReturnTDs,2,2026-09-29T20:11:43Z
2021,UCLA,Pac-12,puntReturnTDsOpponent,0,2026-09-29T20:11:43Z
2021,UCLA,Pac-12,puntReturnYards,268,2026-09-29T20:11:43Z
2021,UCLA,Pac-12,puntReturnYardsOpponent,36,2026-09-29T20:11:43Z
2021,UCLA,Pac-12,rushingAttempts,518,2026-09-29T20:11:43Z
2021,UCLA,Pac-12,rushingAttemptsOpponent,397,2026-09-29T20:11:43Z
2021,UCLA,Pac-12,rushingTDs,31,2026-09-29T20:11:43Z
2021,UCLA,Pac-12,rushingTDsOpponent,24,2026-09-29T20:11:43Z
2021,UCLA,Pac-12,rushingYards,2582,2026-09-29T20:11:43Z
2021,UCLA,Pac-12,rushingYardsOpponent,1492,2026-09-29T20:11:43Z
2021,UCLA,Pac-12,sacks,27,2026-09-29T20:11:43Z
2021,UCLA,Pac-12,sacksOpponent,23,2026-09-29T20:11:43Z
2021,UCLA,Pac-12,tacklesForLoss,71,2026-09-29T20:11:43Z
2021,UCLA,Pac-12,tacklesForLossOpponent,63,2026-09-29T20:11:43Z
2021,UCLA,Pac-12,thirdDownConversions,74,2026-09-29T20:11:43Z
2021,UCLA,Pac-12,thirdDownConversionsOpponent,71,2026-09-29T20:11:43Z
2021,UCLA,Pac-12,thirdDowns,162,2026-09-29T20:11:43Z
2021,UCLA,Pac-12,thirdDownsOpponent,163,2026-09-29T20:11:43Z
2021,UCLA,Pac-12,totalYards,5296,2026-09-29T20:11:43Z
2021,UCLA,Pac-12,totalYardsOpponent,4614,2026-09-29T20:11:43Z
2021,UCLA,Pac-12,turnovers,14,2026-09-29T20:11:43Z
2021,UCLA,Pac-12,turnoversOpponent,19,2026-09-29T20:11:43Z
2021,UConn,FBS Independents,firstDowns,173,2026-09-29T20:11:43Z
2021,UConn,FBS Independents,firstDownsOpponent,280,2026-09-29T20:11:43Z
2021,UConn,FBS Independents,fourthDownConversions,11,2026-09-29T20:11:43Z
2021,UConn,FBS Independents,fourthDownConversionsOpponent,18,2026-09-29T20:11:43Z
2021,UConn,FBS Independents,fourthDowns,29,2026-09-29T20:11:43Z
2021,UConn,FBS Independents,fourthDownsOpponent,25,2026-09-29T20:11:43Z
2021,UConn,FBS Independents,fumblesLost,5,2026-09-29T20:11:43Z
2021,UConn,FBS Independents,fumblesLostOpponent,4,2026-09-29T20:11:43Z
2021,UConn,FBS Independents,fumblesRecovered,6,2026-09-29T20:11:43Z
2021,UConn,FBS Independents,fumblesRecoveredOpponent,8,2026-09-29T20:11:43Z
2021,UConn,FBS Independents,games,12,2026-09-29T20:11:43Z
2021,UConn,FBS Independents,interceptions,17,2026-09-29T20:11:43Z
2021,UConn,FBS Independents,interceptionsOpponent,10,2026-09-29T20:11:43Z
2021,UConn,FBS Independents,interceptionTDs,1,2026-09-29T20:11:43Z
2021,UConn,FBS Independents,interceptionTDsOpponent,1,2026-09-29T20:11:43Z
2021,UConn,FBS Independents,interceptionYards,49,2026-09-29T20:11:43Z
2021,UConn,FBS Independents,interceptionYardsOpponent,119,2026-09-29T20:11:43Z
2021,UConn,FBS Independents,kickReturns,57,2026-09-29T20:11:43Z
2021,UConn,FBS Independents,kickReturnsOpponent,28,2026-09-29T20:11:43Z
2021,UConn,FBS Independents,kickReturnTDs,2,2026-09-29T20:11:43Z
2021,UConn,FBS Independents,kickReturnTDsOpponent,0,2026-09-29T20:11:43Z
2021,UConn,FBS Independents,kickReturnYards,1125,2026-09-29T20:11:43Z
2021,UConn,FBS Independents,kickReturnYardsOpponent,482,2026-09-29T20:11:43Z
2021,UConn,FBS Independents,netPassingYards,1966,2026-09-29T20:11:43Z
2021,UConn,FBS Independents,netPassingYardsOpponent,3079,2026-09-29T20:11:43Z
2021,UConn,FBS Independents,passAttempts,407,2026-09-29T20:11:43Z
2021,UConn,FBS Independents,passAttemptsOpponent,403,2026-09-29T20:11:43Z
2021,UConn,FBS Independents,passCompletions,208,2026-09-29T20:11:43Z
2021,UConn,FBS Independents,passCompletionsOpponent,245,2026-09-29T20:11:43Z
2021,UConn,FBS Independents,passesIntercepted,10,2026-09-29T20:11:43Z
2021,UConn,FBS Independents,passesInterceptedOpponent,17,2026-09-29T20:11:43Z
2021,UConn,FBS Independents,passingTDs,11,2026-09-29T20:11:43Z
2021,UConn,FBS Independents,passingTDsOpponent,30,2026-09-29T20:11:43Z
2021,UConn,FBS Independents,penalties,80,2026-09-29T20:11:43Z
2021,UConn,FBS Independents,penaltiesOpponent,71,2026-09-29T20:11:43Z
2021,UConn,FBS Independents,penaltyYards,585,2026-09-29T20:11:43Z
2021,UConn,FBS Independents,penaltyYardsOpponent,712,2026-09-29T20:11:43Z
2021,UConn,FBS Independents,possessionTime,18592,2026-09-29T20:11:43Z
2021,UConn,FBS Independents,possessionTimeOpponent,24618,2026-09-29T20:11:43Z
2021,UConn,FBS Independents,puntReturns,13,2026-09-29T20:11:43Z
2021,UConn,FBS Independents,puntReturnsOpponent,22,2026-09-29T20:11:43Z
2021,UConn,FBS Independents,puntReturnTDs,0,2026-09-29T20:11:43Z
2021,UConn,FBS Independents,puntReturnTDsOpponent,0,2026-09-29T20:11:43Z
2021,UConn,FBS Independents,puntReturnYards,150,2026-09-29T20:11:43Z
2021,UConn,FBS Independents,puntReturnYardsOpponent,97,2026-09-29T20:11:43Z
2021,UConn,FBS Independents,rushingAttempts,377,2026-09-29T20:11:43Z
2021,UConn,FBS Independents,rushingAttemptsOpponent,512,2026-09-29T20:11:43Z
2021,UConn,FBS Independents,rushingTDs,8,2026-09-29T20:11:43Z
2021,UConn,FBS Independents,rushingTDsOpponent,27,2026-09-29T20:11:43Z
2021,UConn,FBS Independents,rushingYards,1215,2026-09-29T20:11:43Z
2021,UConn,FBS Independents,rushingYardsOpponent,2354,2026-09-29T20:11:43Z
2021,UConn,FBS Independents,sacks,13,2026-09-29T20:11:43Z
2021,UConn,FBS Independents,sacksOpponent,39,2026-09-29T20:11:43Z
2021,UConn,FBS Independents,tacklesForLoss,63,2026-09-29T20:11:43Z
2021,UConn,FBS Independents,tacklesForLossOpponent,101,2026-09-29T20:11:43Z
2021,UConn,FBS Independents,thirdDownConversions,42,2026-09-29T20:11:43Z
2021,UConn,FBS Independents,thirdDownConversionsOpponent,77,2026-09-29T20:11:43Z
2021,UConn,FBS Independents,thirdDowns,179,2026-09-29T20:11:43Z
2021,UConn,FBS Independents,thirdDownsOpponent,185,2026-09-29T20:11:43Z
2021,UConn,FBS Independents,totalYards,3181,2026-09-29T20:11:43Z
2021,UConn,FBS Independents,totalYardsOpponent,5433,2026-09-29T20:11:43Z
2021,UConn,FBS Independents,turnovers,22,2026-09-29T20:11:43Z
2021,UConn,FBS Independents,turnoversOpponent,14,2026-09-29T20:11:43Z
2021,UL Monroe,Sun Belt,firstDowns,223,2026-09-29T20:11:43Z
2021,UL Monroe,Sun Belt,firstDownsOpponent,267,2026-09-29T20:11:43Z
2021,UL Monroe,Sun Belt,fourthDownConversions,14,2026-09-29T20:11:43Z
2021,UL Monroe,Sun Belt,fourthDownConversionsOpponent,12,2026-09-29T20:11:43Z
2021,UL Monroe,Sun Belt,fourthDowns,27,2026-09-29T20:11:43Z
2021,UL Monroe,Sun Belt,fourthDownsOpponent,31,2026-09-29T20:11:43Z
2021,UL Monroe,Sun Belt,fumblesLost,6,2026-09-29T20:11:43Z
2021,UL Monroe,Sun Belt,fumblesLostOpponent,6,2026-09-29T20:11:43Z
2021,UL Monroe,Sun Belt,fumblesRecovered,8,2026-09-29T20:11:43Z
2021,UL Monroe,Sun Belt,fumblesRecoveredOpponent,9,2026-09-29T20:11:43Z
2021,UL Monroe,Sun Belt,games,12,2026-09-29T20:11:43Z
2021,UL Monroe,Sun Belt,interceptions,9,2026-09-29T20:11:43Z
2021,UL Monroe,Sun Belt,interceptionsOpponent,11,2026-09-29T20:11:43Z
2021,UL Monroe,Sun Belt,interceptionTDs,1,2026-09-29T20:11:43Z
2021,UL Monroe,Sun Belt,interceptionTDsOpponent,1,2026-09-29T20:11:43Z
2021,UL Monroe,Sun Belt,interceptionYards,177,2026-09-29T20:11:43Z
2021,UL Monroe,Sun Belt,interceptionYardsOpponent,70,2026-09-29T20:11:43Z
2021,UL Monroe,Sun Belt,kickReturns,22,2026-09-29T20:11:43Z
2021,UL Monroe,Sun Belt,kickReturnsOpponent,23,2026-09-29T20:11:43Z
2021,UL Monroe,Sun Belt,kickReturnTDs,0,2026-09-29T20:11:43Z
2021,UL Monroe,Sun Belt,kickReturnTDsOpponent,0,2026-09-29T20:11:43Z
2021,UL Monroe,Sun Belt,kickReturnYards,303,2026-09-29T20:11:43Z
2021,UL Monroe,Sun Belt,kickReturnYardsOpponent,479,2026-09-29T20:11:43Z
2021,UL Monroe,Sun Belt,netPassingYards,2328,2026-09-29T20:11:43Z
2021,UL Monroe,Sun Belt,netPassingYardsOpponent,3484,2026-09-29T20:11:43Z
2021,UL Monroe,Sun Belt,passAttempts,354,2026-09-29T20:11:43Z
2021,UL Monroe,Sun Belt,passAttemptsOpponent,417,2026-09-29T20:11:43Z
2021,UL Monroe,Sun Belt,passCompletions,200,2026-09-29T20:11:43Z
2021,UL Monroe,Sun Belt,passCompletionsOpponent,281,2026-09-29T20:11:43Z
2021,UL Monroe,Sun Belt,passesIntercepted,11,2026-09-29T20:11:43Z
2021,UL Monroe,Sun Belt,passesInterceptedOpponent,9,2026-09-29T20:11:43Z
2021,UL Monroe,Sun Belt,passingTDs,15,2026-09-29T20:11:43Z
2021,UL Monroe,Sun Belt,passingTDsOpponent,30,2026-09-29T20:11:43Z
2021,UL Monroe,Sun Belt,penalties,45,2026-09-29T20:11:43Z
2021,UL Monroe,Sun Belt,penaltiesOpponent,70,2026-09-29T20:11:43Z
2021,UL Monroe,Sun Belt,penaltyYards,391,2026-09-29T20:11:43Z
2021,UL Monroe,Sun Belt,penaltyYardsOpponent,694,2026-09-29T20:11:43Z
2021,UL Monroe,Sun Belt,possessionTime,20751,2026-09-29T20:11:43Z
2021,UL Monroe,Sun Belt,possessionTimeOpponent,22456,2026-09-29T20:11:43Z
2021,UL Monroe,Sun Belt,puntReturns,6,2026-09-29T20:11:43Z
2021,UL Monroe,Sun Belt,puntReturnsOpponent,20,2026-09-29T20:11:43Z
2021,UL Monroe,Sun Belt,puntReturnTDs,0,2026-09-29T20:11:43Z
2021,UL Monroe,Sun Belt,puntReturnTDsOpponent,1,2026-09-29T20:11:43Z
2021,UL Monroe,Sun Belt,puntReturnYards,20,2026-09-29T20:11:43Z
2021,UL Monroe,Sun Belt,puntReturnYardsOpponent,158,2026-09-29T20:11:43Z
2021,UL Monroe,Sun Belt,rushingAttempts,500,2026-09-29T20:11:43Z
2021,UL Monroe,Sun Belt,rushingAttemptsOpponent,439,2026-09-29T20:11:43Z
2021,UL Monroe,Sun Belt,rushingTDs,13,2026-09-29T20:11:43Z
2021,UL Monroe,Sun Belt,rushingTDsOpponent,21,2026-09-29T20:11:43Z
2021,UL Monroe,Sun Belt,rushingYards,1613,2026-09-29T20:11:43Z
2021,UL Monroe,Sun Belt,rushingYardsOpponent,1953,2026-09-29T20:11:43Z
2021,UL Monroe,Sun Belt,sacks,23,2026-09-29T20:11:43Z
2021,UL Monroe,Sun Belt,sacksOpponent,38,2026-09-29T20:11:43Z
2021,UL Monroe,Sun Belt,tacklesForLoss,58,2026-09-29T20:11:43Z
2021,UL Monroe,Sun Belt,tacklesForLossOpponent,105,2026-09-29T20:11:43Z
2021,UL Monroe,Sun Belt,thirdDownConversions,65,2026-09-29T20:11:43Z
2021,UL Monroe,Sun Belt,thirdDownConversionsOpponent,73,2026-09-29T20:11:43Z
2021,UL Monroe,Sun Belt,thirdDowns,191,2026-09-29T20:11:43Z
2021,UL Monroe,Sun Belt,thirdDownsOpponent,169,2026-09-29T20:11:43Z
2021,UL Monroe,Sun Belt,totalYards,3941,2026-09-29T20:11:43Z
2021,UL Monroe,Sun Belt,totalYardsOpponent,5437,2026-09-29T20:11:43Z
2021,UL Monroe,Sun Belt,turnovers,15,2026-09-29T20:11:43Z
2021,UL Monroe,Sun Belt,turnoversOpponent,17,2026-09-29T20:11:43Z
2021,UNLV,Mountain West,firstDowns,186,2026-09-29T20:11:43Z
2021,UNLV,Mountain West,firstDownsOpponent,259,2026-09-29T20:11:43Z
2021,UNLV,Mountain West,fourthDownConversions,4,2026-09-29T20:11:43Z
2021,UNLV,Mountain West,fourthDownConversionsOpponent,11,2026-09-29T20:11:43Z
2021,UNLV,Mountain West,fourthDowns,16,2026-09-29T20:11:43Z
2021,UNLV,Mountain West,fourthDownsOpponent,21,2026-09-29T20:11:43Z
2021,UNLV,Mountain West,fumblesLost,8,2026-09-29T20:11:43Z
2021,UNLV,Mountain West,fumblesLostOpponent,8,2026-09-29T20:11:43Z
2021,UNLV,Mountain West,fumblesRecovered,8,2026-09-29T20:11:43Z
2021,UNLV,Mountain West,fumblesRecoveredOpponent,8,2026-09-29T20:11:43Z
2021,UNLV,Mountain West,games,12,2026-09-29T20:11:43Z
2021,UNLV,Mountain West,interceptions,14,2026-09-29T20:11:43Z
2021,UNLV,Mountain West,interceptionsOpponent,9,2026-09-29T20:11:43Z
2021,UNLV,Mountain West,interceptionTDs,0,2026-09-29T20:11:43Z
2021,UNLV,Mountain West,interceptionTDsOpponent,3,2026-09-29T20:11:43Z
2021,UNLV,Mountain West,interceptionYards,81,2026-09-29T20:11:43Z
2021,UNLV,Mountain West,interceptionYardsOpponent,175,2026-09-29T20:11:43Z
2021,UNLV,Mountain West,kickReturns,27,2026-09-29T20:11:43Z
2021,UNLV,Mountain West,kickReturnsOpponent,38,2026-09-29T20:11:43Z
2021,UNLV,Mountain West,kickReturnTDs,0,2026-09-29T20:11:43Z
2021,UNLV,Mountain West,kickReturnTDsOpponent,1,2026-09-29T20:11:43Z
2021,UNLV,Mountain West,kickReturnYards,387,2026-09-29T20:11:43Z
2021,UNLV,Mountain West,kickReturnYardsOpponent,668,2026-09-29T20:11:43Z
2021,UNLV,Mountain West,netPassingYards,2430,2026-09-29T20:11:43Z
2021,UNLV,Mountain West,netPassingYardsOpponent,2853,2026-09-29T20:11:43Z
2021,UNLV,Mountain West,passAttempts,331,2026-09-29T20:11:43Z
2021,UNLV,Mountain West,passAttemptsOpponent,343,2026-09-29T20:11:43Z
2021,UNLV,Mountain West,passCompletions,193,2026-09-29T20:11:43Z
2021,UNLV,Mountain West,passCompletionsOpponent,239,2026-09-29T20:11:43Z
2021,UNLV,Mountain West,passesIntercepted,9,2026-09-29T20:11:43Z
2021,UNLV,Mountain West,passesInterceptedOpponent,14,2026-09-29T20:11:43Z
2021,UNLV,Mountain West,passingTDs,11,2026-09-29T20:11:43Z
2021,UNLV,Mountain West,passingTDsOpponent,26,2026-09-29T20:11:43Z
2021,UNLV,Mountain West,penalties,54,2026-09-29T20:11:43Z
2021,UNLV,Mountain West,penaltiesOpponent,66,2026-09-29T20:11:43Z
2021,UNLV,Mountain West,penaltyYards,455,2026-09-29T20:11:43Z
2021,UNLV,Mountain West,penaltyYardsOpponent,542,2026-09-29T20:11:43Z
2021,UNLV,Mountain West,possessionTime,21348,2026-09-29T20:11:43Z
2021,UNLV,Mountain West,possessionTimeOpponent,21862,2026-09-29T20:11:43Z
2021,UNLV,Mountain West,puntReturns,7,2026-09-29T20:11:43Z
2021,UNLV,Mountain West,puntReturnsOpponent,23,2026-09-29T20:11:43Z
2021,UNLV,Mountain West,puntReturnTDs,0,2026-09-29T20:11:43Z
2021,UNLV,Mountain West,puntReturnTDsOpponent,0,2026-09-29T20:11:43Z
2021,UNLV,Mountain West,puntReturnYards,49,2026-09-29T20:11:43Z
2021,UNLV,Mountain West,puntReturnYardsOpponent,182,2026-09-29T20:11:43Z
2021,UNLV,Mountain West,rushingAttempts,395,2026-09-29T20:11:43Z
2021,UNLV,Mountain West,rushingAttemptsOpponent,457,2026-09-29T20:11:43Z
2021,UNLV,Mountain West,rushingTDs,18,2026-09-29T20:11:43Z
2021,UNLV,Mountain West,rushingTDsOpponent,19,2026-09-29T20:11:43Z
2021,UNLV,Mountain West,rushingYards,1317,2026-09-29T20:11:43Z
2021,UNLV,Mountain West,rushingYardsOpponent,2063,2026-09-29T20:11:43Z
2021,UNLV,Mountain West,sacks,21,2026-09-29T20:11:43Z
2021,UNLV,Mountain West,sacksOpponent,41,2026-09-29T20:11:43Z
2021,UNLV,Mountain West,tacklesForLoss,60,2026-09-29T20:11:43Z
2021,UNLV,Mountain West,tacklesForLossOpponent,94,2026-09-29T20:11:43Z
2021,UNLV,Mountain West,thirdDownConversions,57,2026-09-29T20:11:43Z
2021,UNLV,Mountain West,thirdDownConversionsOpponent,56,2026-09-29T20:11:43Z
2021,UNLV,Mountain West,thirdDowns,164,2026-09-29T20:11:43Z
2021,UNLV,Mountain West,thirdDownsOpponent,137,2026-09-29T20:11:43Z
2021,UNLV,Mountain West,totalYards,3747,2026-09-29T20:11:43Z
2021,UNLV,Mountain West,totalYardsOpponent,4916,2026-09-29T20:11:43Z
2021,UNLV,Mountain West,turnovers,22,2026-09-29T20:11:43Z
2021,UNLV,Mountain West,turnoversOpponent,17,2026-09-29T20:11:43Z
2021,USC,Pac-12,firstDowns,309,2026-09-29T20:11:43Z
2021,USC,Pac-12,firstDownsOpponent,253,2026-09-29T20:11:43Z
2021,USC,Pac-12,fourthDownConversions,10,2026-09-29T20:11:43Z
2021,USC,Pac-12,fourthDownConversionsOpponent,13,2026-09-29T20:11:43Z
2021,USC,Pac-12,fourthDowns,15,2026-09-29T20:11:43Z
2021,USC,Pac-12,fourthDownsOpponent,17,2026-09-29T20:11:43Z
2021,USC,Pac-12,fumblesLost,7,2026-09-29T20:11:43Z
2021,USC,Pac-12,fumblesLostOpponent,5,2026-09-29T20:11:43Z
2021,USC,Pac-12,fumblesRecovered,5,2026-09-29T20:11:43Z
2021,USC,Pac-12,fumblesRecoveredOpponent,7,2026-09-29T20:11:43Z
2021,USC,Pac-12,games,12,2026-09-29T20:11:43Z
2021,USC,Pac-12,interceptions,13,2026-09-29T20:11:43Z
2021,USC,Pac-12,interceptionsOpponent,14,2026-09-29T20:11:43Z
2021,USC,Pac-12,interceptionTDs,1,2026-09-29T20:11:43Z
2021,USC,Pac-12,interceptionTDsOpponent,2,2026-09-29T20:11:43Z
2021,USC,Pac-12,interceptionYards,60,2026-09-29T20:11:43Z
2021,USC,Pac-12,interceptionYardsOpponent,242,2026-09-29T20:11:43Z
2021,USC,Pac-12,kickReturns,28,2026-09-29T20:11:43Z
2021,USC,Pac-12,kickReturnsOpponent,17,2026-09-29T20:11:43Z
2021,USC,Pac-12,kickReturnTDs,0,2026-09-29T20:11:43Z
2021,USC,Pac-12,kickReturnTDsOpponent,1,2026-09-29T20:11:43Z
2021,USC,Pac-12,kickReturnYards,617,2026-09-29T20:11:43Z
2021,USC,Pac-12,kickReturnYardsOpponent,409,2026-09-29T20:11:43Z
2021,USC,Pac-12,netPassingYards,3580,2026-09-29T20:11:43Z
2021,USC,Pac-12,netPassingYardsOpponent,2902,2026-09-29T20:11:43Z
2021,USC,Pac-12,passAttempts,500,2026-09-29T20:11:43Z
2021,USC,Pac-12,passAttemptsOpponent,331,2026-09-29T20:11:43Z
2021,USC,Pac-12,passCompletions,318,2026-09-29T20:11:43Z
2021,USC,Pac-12,passCompletionsOpponent,216,2026-09-29T20:11:43Z
2021,USC,Pac-12,passesIntercepted,14,2026-09-29T20:11:43Z
2021,USC,Pac-12,passesInterceptedOpponent,13,2026-09-29T20:11:43Z
2021,USC,Pac-12,passingTDs,21,2026-09-29T20:11:43Z
2021,USC,Pac-12,passingTDsOpponent,20,2026-09-29T20:11:43Z
2021,USC,Pac-12,penalties,95,2026-09-29T20:11:43Z
2021,USC,Pac-12,penaltiesOpponent,86,2026-09-29T20:11:43Z
2021,USC,Pac-12,penaltyYards,895,2026-09-29T20:11:43Z
2021,USC,Pac-12,penaltyYardsOpponent,818,2026-09-29T20:11:43Z
2021,USC,Pac-12,possessionTime,22656,2026-09-29T20:11:43Z
2021,USC,Pac-12,possessionTimeOpponent,20544,2026-09-29T20:11:43Z
2021,USC,Pac-12,puntReturns,16,2026-09-29T20:11:43Z
2021,USC,Pac-12,puntReturnsOpponent,11,2026-09-29T20:11:43Z
2021,USC,Pac-12,puntReturnTDs,0,2026-09-29T20:11:43Z
2021,USC,Pac-12,puntReturnTDsOpponent,0,2026-09-29T20:11:43Z
2021,USC,Pac-12,puntReturnYards,76,2026-09-29T20:11:43Z
2021,USC,Pac-12,puntReturnYardsOpponent,66,2026-09-29T20:11:43Z
2021,USC,Pac-12,rushingAttempts,401,2026-09-29T20:11:43Z
2021,USC,Pac-12,rushingAttemptsOpponent,436,2026-09-29T20:11:43Z
2021,USC,Pac-12,rushingTDs,16,2026-09-29T20:11:43Z
2021,USC,Pac-12,rushingTDsOpponent,28,2026-09-29T20:11:43Z
2021,USC,Pac-12,rushingYards,1747,2026-09-29T20:11:43Z
2021,USC,Pac-12,rushingYardsOpponent,2006,2026-09-29T20:11:43Z
2021,USC,Pac-12,sacks,21,2026-09-29T20:11:43Z
2021,USC,Pac-12,sacksOpponent,18,2026-09-29T20:11:43Z
2021,USC,Pac-12,tacklesForLoss,52,2026-09-29T20:11:43Z
2021,USC,Pac-12,tacklesForLossOpponent,61,2026-09-29T20:11:43Z
2021,USC,Pac-12,thirdDownConversions,80,2026-09-29T20:11:43Z
2021,USC,Pac-12,thirdDownConversionsOpponent,59,2026-09-29T20:11:43Z
2021,USC,Pac-12,thirdDowns,179,2026-09-29T20:11:43Z
2021,USC,Pac-12,thirdDownsOpponent,138,2026-09-29T20:11:43Z
2021,USC,Pac-12,totalYards,5327,2026-09-29T20:11:43Z
2021,USC,Pac-12,totalYardsOpponent,4908,2026-09-29T20:11:43Z
2021,USC,Pac-12,turnovers,20,2026-09-29T20:11:43Z
2021,USC,Pac-12,turnoversOpponent,19,2026-09-29T20:11:43Z
2021,Utah,Pac-12,firstDowns,339,2026-09-29T20:11:43Z
2021,Utah,Pac-12,firstDownsOpponent,257,2026-09-29T20:11:43Z
2021,Utah,Pac-12,fourthDownConversions,11,2026-09-29T20:11:43Z
2021,Utah,Pac-12,fourthDownConversionsOpponent,17,2026-09-29T20:11:43Z
2021,Utah,Pac-12,fourthDowns,24,2026-09-29T20:11:43Z
2021,Utah,Pac-12,fourthDownsOpponent,32,2026-09-29T20:11:43Z
2021,Utah,Pac-12,fumblesLost,7,2026-09-29T20:11:43Z
2021,Utah,Pac-12,fumblesLostOpponent,6,2026-09-29T20:11:43Z
2021,Utah,Pac-12,fumblesRecovered,8,2026-09-29T20:11:43Z
2021,Utah,Pac-12,fumblesRecoveredOpponent,9,2026-09-29T20:11:43Z
2021,Utah,Pac-12,games,14,2026-09-29T20:11:43Z
2021,Utah,Pac-12,interceptions,8,2026-09-29T20:11:43Z
2021,Utah,Pac-12,interceptionsOpponent,10,2026-09-29T20:11:43Z
2021,Utah,Pac-12,interceptionTDs,3,2026-09-29T20:11:43Z
2021,Utah,Pac-12,interceptionTDsOpponent,0,2026-09-29T20:11:43Z
2021,Utah,Pac-12,interceptionYards,149,2026-09-29T20:11:43Z
2021,Utah,Pac-12,interceptionYardsOpponent,143,2026-09-29T20:11:43Z
2021,Utah,Pac-12,kickReturns,16,2026-09-29T20:11:43Z
2021,Utah,Pac-12,kickReturnsOpponent,46,2026-09-29T20:11:43Z
2021,Utah,Pac-12,kickReturnTDs,1,2026-09-29T20:11:43Z
2021,Utah,Pac-12,kickReturnTDsOpponent,2,2026-09-29T20:11:43Z
2021,Utah,Pac-12,kickReturnYards,413,2026-09-29T20:11:43Z
2021,Utah,Pac-12,kickReturnYardsOpponent,1062,2026-09-29T20:11:43Z
2021,Utah,Pac-12,netPassingYards,3000,2026-09-29T20:11:43Z
2021,Utah,Pac-12,netPassingYardsOpponent,3112,2026-09-29T20:11:43Z
2021,Utah,Pac-12,passAttempts,401,2026-09-29T20:11:43Z
2021,Utah,Pac-12,passAttemptsOpponent,454,2026-09-29T20:11:43Z
2021,Utah,Pac-12,passCompletions,254,2026-09-29T20:11:43Z
2021,Utah,Pac-12,passCompletionsOpponent,279,2026-09-29T20:11:43Z
2021,Utah,Pac-12,passesIntercepted,10,2026-09-29T20:11:43Z
2021,Utah,Pac-12,passesInterceptedOpponent,8,2026-09-29T20:11:43Z
2021,Utah,Pac-12,passingTDs,24,2026-09-29T20:11:43Z
2021,Utah,Pac-12,passingTDsOpponent,22,2026-09-29T20:11:43Z
2021,Utah,Pac-12,penalties,67,2026-09-29T20:11:43Z
2021,Utah,Pac-12,penaltiesOpponent,103,2026-09-29T20:11:43Z
2021,Utah,Pac-12,penaltyYards,623,2026-09-29T20:11:43Z
2021,Utah,Pac-12,penaltyYardsOpponent,919,2026-09-29T20:11:43Z
2021,Utah,Pac-12,possessionTime,25898,2026-09-29T20:11:43Z
2021,Utah,Pac-12,possessionTimeOpponent,24502,2026-09-29T20:11:43Z
2021,Utah,Pac-12,puntReturns,30,2026-09-29T20:11:43Z
2021,Utah,Pac-12,puntReturnsOpponent,16,2026-09-29T20:11:43Z
2021,Utah,Pac-12,puntReturnTDs,2,2026-09-29T20:11:43Z
2021,Utah,Pac-12,puntReturnTDsOpponent,2,2026-09-29T20:11:43Z
2021,Utah,Pac-12,puntReturnYards,454,2026-09-29T20:11:43Z
2021,Utah,Pac-12,puntReturnYardsOpponent,117,2026-09-29T20:11:43Z
2021,Utah,Pac-12,rushingAttempts,545,2026-09-29T20:11:43Z
2021,Utah,Pac-12,rushingAttemptsOpponent,460,2026-09-29T20:11:43Z
2021,Utah,Pac-12,rushingTDs,37,2026-09-29T20:11:43Z
2021,Utah,Pac-12,rushingTDsOpponent,11,2026-09-29T20:11:43Z
2021,Utah,Pac-12,rushingYards,3035,2026-09-29T20:11:43Z
2021,Utah,Pac-12,rushingYardsOpponent,1703,2026-09-29T20:11:43Z
2021,Utah,Pac-12,sacks,42,2026-09-29T20:11:43Z
2021,Utah,Pac-12,sacksOpponent,13,2026-09-29T20:11:43Z
2021,Utah,Pac-12,tacklesForLoss,98,2026-09-29T20:11:43Z
2021,Utah,Pac-12,tacklesForLossOpponent,54,2026-09-29T20:11:43Z
2021,Utah,Pac-12,thirdDownConversions,82,2026-09-29T20:11:43Z
2021,Utah,Pac-12,thirdDownConversionsOpponent,74,2026-09-29T20:11:43Z
2021,Utah,Pac-12,thirdDowns,170,2026-09-29T20:11:43Z
2021,Utah,Pac-12,thirdDownsOpponent,199,2026-09-29T20:11:43Z
2021,Utah,Pac-12,totalYards,6035,2026-09-29T20:11:43Z
2021,Utah,Pac-12,totalYardsOpponent,4815,2026-09-29T20:11:43Z
2021,Utah,Pac-12,turnovers,15,2026-09-29T20:11:43Z
2021,Utah,Pac-12,turnoversOpponent,16,2026-09-29T20:11:43Z
2021,Utah State,Mountain West,firstDowns,332,2026-09-29T20:11:43Z
2021,Utah State,Mountain West,firstDownsOpponent,287,2026-09-29T20:11:43Z
2021,Utah State,Mountain West,fourthDownConversions,16,2026-09-29T20:11:43Z
2021,Utah State,Mountain West,fourthDownConversionsOpponent,5,2026-09-29T20:11:43Z
2021,Utah State,Mountain West,fourthDowns,30,2026-09-29T20:11:43Z
2021,Utah State,Mountain West,fourthDownsOpponent,20,2026-09-29T20:11:43Z
2021,Utah State,Mountain West,fumblesLost,8,2026-09-29T20:11:43Z
2021,Utah State,Mountain West,fumblesLostOpponent,11,2026-09-29T20:11:43Z
2021,Utah State,Mountain West,fumblesRecovered,14,2026-09-29T20:11:43Z
2021,Utah State,Mountain West,fumblesRecoveredOpponent,11,2026-09-29T20:11:43Z
2021,Utah State,Mountain West,games,14,2026-09-29T20:11:43Z
2021,Utah State,Mountain West,interceptions,15,2026-09-29T20:11:43Z
2021,Utah State,Mountain West,interceptionsOpponent,12,2026-09-29T20:11:43Z
2021,Utah State,Mountain West,interceptionTDs,0,2026-09-29T20:11:43Z
2021,Utah State,Mountain West,interceptionTDsOpponent,1,2026-09-29T20:11:43Z
2021,Utah State,Mountain West,interceptionYards,112,2026-09-29T20:11:43Z
2021,Utah State,Mountain West,interceptionYardsOpponent,240,2026-09-29T20:11:43Z
2021,Utah State,Mountain West,kickReturns,42,2026-09-29T20:11:43Z
2021,Utah State,Mountain West,kickReturnsOpponent,45,2026-09-29T20:11:43Z
2021,Utah State,Mountain West,kickReturnTDs,2,2026-09-29T20:11:43Z
2021,Utah State,Mountain West,kickReturnTDsOpponent,1,2026-09-29T20:11:43Z
2021,Utah State,Mountain West,kickReturnYards,912,2026-09-29T20:11:43Z
2021,Utah State,Mountain West,kickReturnYardsOpponent,781,2026-09-29T20:11:43Z
2021,Utah State,Mountain West,netPassingYards,4248,2026-09-29T20:11:43Z
2021,Utah State,Mountain West,netPassingYardsOpponent,3232,2026-09-29T20:11:43Z
2021,Utah State,Mountain West,passAttempts,504,2026-09-29T20:11:43Z
2021,Utah State,Mountain West,passAttemptsOpponent,430,2026-09-29T20:11:43Z
2021,Utah State,Mountain West,passCompletions,303,2026-09-29T20:11:43Z
2021,Utah State,Mountain West,passCompletionsOpponent,268,2026-09-29T20:11:43Z
2021,Utah State,Mountain West,passesIntercepted,12,2026-09-29T20:11:43Z
2021,Utah State,Mountain West,passesInterceptedOpponent,15,2026-09-29T20:11:43Z
2021,Utah State,Mountain West,passingTDs,41,2026-09-29T20:11:43Z
2021,Utah State,Mountain West,passingTDsOpponent,16,2026-09-29T20:11:43Z
2021,Utah State,Mountain West,penalties,87,2026-09-29T20:11:43Z
2021,Utah State,Mountain West,penaltiesOpponent,113,2026-09-29T20:11:43Z
2021,Utah State,Mountain West,penaltyYards,778,2026-09-29T20:11:43Z
2021,Utah State,Mountain West,penaltyYardsOpponent,1046,2026-09-29T20:11:43Z
2021,Utah State,Mountain West,possessionTime,24586,2026-09-29T20:11:43Z
2021,Utah State,Mountain West,possessionTimeOpponent,25814,2026-09-29T20:11:43Z
2021,Utah State,Mountain West,puntReturns,14,2026-09-29T20:11:43Z
2021,Utah State,Mountain West,puntReturnsOpponent,16,2026-09-29T20:11:43Z
2021,Utah State,Mountain West,puntReturnTDs,0,2026-09-29T20:11:43Z
2021,Utah State,Mountain West,puntReturnTDsOpponent,0,2026-09-29T20:11:43Z
2021,Utah State,Mountain West,puntReturnYards,121,2026-09-29T20:11:43Z
2021,Utah State,Mountain West,puntReturnYardsOpponent,65,2026-09-29T20:11:43Z
2021,Utah State,Mountain West,rushingAttempts,564,2026-09-29T20:11:43Z
2021,Utah State,Mountain West,rushingAttemptsOpponent,517,2026-09-29T20:11:43Z
2021,Utah State,Mountain West,rushingTDs,13,2026-09-29T20:11:43Z
2021,Utah State,Mountain West,rushingTDsOpponent,20,2026-09-29T20:11:43Z
2021,Utah State,Mountain West,rushingYards,2013,2026-09-29T20:11:43Z
2021,Utah State,Mountain West,rushingYardsOpponent,2266,2026-09-29T20:11:43Z
2021,Utah State,Mountain West,sacks,32,2026-09-29T20:11:43Z
2021,Utah State,Mountain West,sacksOpponent,32,2026-09-29T20:11:43Z
2021,Utah State,Mountain West,tacklesForLoss,106,2026-09-29T20:11:43Z
2021,Utah State,Mountain West,tacklesForLossOpponent,91,2026-09-29T20:11:43Z
2021,Utah State,Mountain West,thirdDownConversions,98,2026-09-29T20:11:43Z
2021,Utah State,Mountain West,thirdDownConversionsOpponent,63,2026-09-29T20:11:43Z
2021,Utah State,Mountain West,thirdDowns,222,2026-09-29T20:11:43Z
2021,Utah State,Mountain West,thirdDownsOpponent,182,2026-09-29T20:11:43Z
2021,Utah State,Mountain West,totalYards,6261,2026-09-29T20:11:43Z
2021,Utah State,Mountain West,totalYardsOpponent,5498,2026-09-29T20:11:43Z
2021,Utah State,Mountain West,turnovers,23,2026-09-29T20:11:43Z
2021,Utah State,Mountain West,turnoversOpponent,23,2026-09-29T20:11:43Z
2021,UTEP,Conference USA,firstDowns,234,2026-09-29T20:11:43Z
2021,UTEP,Conference USA,firstDownsOpponent,248,2026-09-29T20:11:43Z
2021,UTEP,Conference USA,fourthDownConversions,19,2026-09-29T20:11:43Z
2021,UTEP,Conference USA,fourthDownConversionsOpponent,16,2026-09-29T20:11:43Z
2021,UTEP,Conference USA,fourthDowns,24,2026-09-29T20:11:43Z
2021,UTEP,Conference USA,fourthDownsOpponent,32,2026-09-29T20:11:43Z
2021,UTEP,Conference USA,fumblesLost,10,2026-09-29T20:11:43Z
2021,UTEP,Conference USA,fumblesLostOpponent,6,2026-09-29T20:11:43Z
2021,UTEP,Conference USA,fumblesRecovered,9,2026-09-29T20:11:43Z
2021,UTEP,Conference USA,fumblesRecoveredOpponent,11,2026-09-29T20:11:43Z
2021,UTEP,Conference USA,games,13,2026-09-29T20:11:43Z
2021,UTEP,Conference USA,interceptions,14,2026-09-29T20:11:43Z
2021,UTEP,Conference USA,interceptionsOpponent,8,2026-09-29T20:11:43Z
2021,UTEP,Conference USA,interceptionTDs,0,2026-09-29T20:11:43Z
2021,UTEP,Conference USA,interceptionTDsOpponent,0,2026-09-29T20:11:43Z
2021,UTEP,Conference USA,interceptionYards,55,2026-09-29T20:11:43Z
2021,UTEP,Conference USA,interceptionYardsOpponent,185,2026-09-29T20:11:43Z
2021,UTEP,Conference USA,kickReturns,37,2026-09-29T20:11:43Z
2021,UTEP,Conference USA,kickReturnsOpponent,15,2026-09-29T20:11:43Z
2021,UTEP,Conference USA,kickReturnTDs,0,2026-09-29T20:11:43Z
2021,UTEP,Conference USA,kickReturnTDsOpponent,0,2026-09-29T20:11:43Z
2021,UTEP,Conference USA,kickReturnYards,626,2026-09-29T20:11:43Z
2021,UTEP,Conference USA,kickReturnYardsOpponent,309,2026-09-29T20:11:43Z
2021,UTEP,Conference USA,netPassingYards,3278,2026-09-29T20:11:43Z
2021,UTEP,Conference USA,netPassingYardsOpponent,2740,2026-09-29T20:11:43Z
2021,UTEP,Conference USA,passAttempts,366,2026-09-29T20:11:43Z
2021,UTEP,Conference USA,passAttemptsOpponent,406,2026-09-29T20:11:43Z
2021,UTEP,Conference USA,passCompletions,200,2026-09-29T20:11:43Z
2021,UTEP,Conference USA,passCompletionsOpponent,223,2026-09-29T20:11:43Z
2021,UTEP,Conference USA,passesIntercepted,8,2026-09-29T20:11:43Z
2021,UTEP,Conference USA,passesInterceptedOpponent,14,2026-09-29T20:11:43Z
2021,UTEP,Conference USA,passingTDs,19,2026-09-29T20:11:43Z
2021,UTEP,Conference USA,passingTDsOpponent,16,2026-09-29T20:11:43Z
2021,UTEP,Conference USA,penalties,110,2026-09-29T20:11:43Z
2021,UTEP,Conference USA,penaltiesOpponent,93,2026-09-29T20:11:43Z
2021,UTEP,Conference USA,penaltyYards,972,2026-09-29T20:11:43Z
2021,UTEP,Conference USA,penaltyYardsOpponent,880,2026-09-29T20:11:43Z
2021,UTEP,Conference USA,possessionTime,24875,2026-09-29T20:11:43Z
2021,UTEP,Conference USA,possessionTimeOpponent,21925,2026-09-29T20:11:43Z
2021,UTEP,Conference USA,puntReturns,26,2026-09-29T20:11:43Z
2021,UTEP,Conference USA,puntReturnsOpponent,14,2026-09-29T20:11:43Z
2021,UTEP,Conference USA,puntReturnTDs,0,2026-09-29T20:11:43Z
2021,UTEP,Conference USA,puntReturnTDsOpponent,2,2026-09-29T20:11:43Z
2021,UTEP,Conference USA,puntReturnYards,136,2026-09-29T20:11:43Z
2021,UTEP,Conference USA,puntReturnYardsOpponent,132,2026-09-29T20:11:43Z
2021,UTEP,Conference USA,rushingAttempts,481,2026-09-29T20:11:43Z
2021,UTEP,Conference USA,rushingAttemptsOpponent,461,2026-09-29T20:11:43Z
2021,UTEP,Conference USA,rushingTDs,18,2026-09-29T20:11:43Z
2021,UTEP,Conference USA,rushingTDsOpponent,22,2026-09-29T20:11:43Z
2021,UTEP,Conference USA,rushingYards,1820,2026-09-29T20:11:43Z
2021,UTEP,Conference USA,rushingYardsOpponent,1799,2026-09-29T20:11:43Z
2021,UTEP,Conference USA,sacks,25,2026-09-29T20:11:43Z
2021,UTEP,Conference USA,sacksOpponent,19,2026-09-29T20:11:43Z
2021,UTEP,Conference USA,tacklesForLoss,72,2026-09-29T20:11:43Z
2021,UTEP,Conference USA,tacklesForLossOpponent,59,2026-09-29T20:11:43Z
2021,UTEP,Conference USA,thirdDownConversions,57,2026-09-29T20:11:43Z
2021,UTEP,Conference USA,thirdDownConversionsOpponent,59,2026-09-29T20:11:43Z
2021,UTEP,Conference USA,thirdDowns,180,2026-09-29T20:11:43Z
2021,UTEP,Conference USA,thirdDownsOpponent,185,2026-09-29T20:11:43Z
2021,UTEP,Conference USA,totalYards,5098,2026-09-29T20:11:43Z
2021,UTEP,Conference USA,totalYardsOpponent,4539,2026-09-29T20:11:43Z
2021,UTEP,Conference USA,turnovers,24,2026-09-29T20:11:43Z
2021,UTEP,Conference USA,turnoversOpponent,14,2026-09-29T20:11:43Z
2021,UTSA,Conference USA,firstDowns,320,2026-09-29T20:11:43Z
2021,UTSA,Conference USA,firstDownsOpponent,279,2026-09-29T20:11:43Z
2021,UTSA,Conference USA,fourthDownConversions,13,2026-09-29T20:11:43Z
2021,UTSA,Conference USA,fourthDownConversionsOpponent,11,2026-09-29T20:11:43Z
2021,UTSA,Conference USA,fourthDowns,23,2026-09-29T20:11:43Z
2021,UTSA,Conference USA,fourthDownsOpponent,21,2026-09-29T20:11:43Z
2021,UTSA,Conference USA,fumblesLost,7,2026-09-29T20:11:43Z
2021,UTSA,Conference USA,fumblesLostOpponent,14,2026-09-29T20:11:43Z
2021,UTSA,Conference USA,fumblesRecovered,19,2026-09-29T20:11:43Z
2021,UTSA,Conference USA,fumblesRecoveredOpponent,11,2026-09-29T20:11:43Z
2021,UTSA,Conference USA,games,14,2026-09-29T20:11:43Z
2021,UTSA,Conference USA,interceptions,6,2026-09-29T20:11:43Z
2021,UTSA,Conference USA,interceptionsOpponent,12,2026-09-29T20:11:43Z
2021,UTSA,Conference USA,interceptionTDs,3,2026-09-29T20:11:43Z
2021,UTSA,Conference USA,interceptionTDsOpponent,1,2026-09-29T20:11:43Z
2021,UTSA,Conference USA,interceptionYards,200,2026-09-29T20:11:43Z
2021,UTSA,Conference USA,interceptionYardsOpponent,118,2026-09-29T20:11:43Z
2021,UTSA,Conference USA,kickReturns,11,2026-09-29T20:11:43Z
2021,UTSA,Conference USA,kickReturnsOpponent,46,2026-09-29T20:11:43Z
2021,UTSA,Conference USA,kickReturnTDs,0,2026-09-29T20:11:43Z
2021,UTSA,Conference USA,kickReturnTDsOpponent,0,2026-09-29T20:11:43Z
2021,UTSA,Conference USA,kickReturnYards,198,2026-09-29T20:11:43Z
2021,UTSA,Conference USA,kickReturnYardsOpponent,1004,2026-09-29T20:11:43Z
2021,UTSA,Conference USA,netPassingYards,3577,2026-09-29T20:11:43Z
2021,UTSA,Conference USA,netPassingYardsOpponent,3612,2026-09-29T20:11:43Z
2021,UTSA,Conference USA,passAttempts,446,2026-09-29T20:11:43Z
2021,UTSA,Conference USA,passAttemptsOpponent,435,2026-09-29T20:11:43Z
2021,UTSA,Conference USA,passCompletions,289,2026-09-29T20:11:43Z
2021,UTSA,Conference USA,passCompletionsOpponent,257,2026-09-29T20:11:43Z
2021,UTSA,Conference USA,passesIntercepted,12,2026-09-29T20:11:43Z
2021,UTSA,Conference USA,passesInterceptedOpponent,6,2026-09-29T20:11:43Z
2021,UTSA,Conference USA,passingTDs,31,2026-09-29T20:11:43Z
2021,UTSA,Conference USA,passingTDsOpponent,27,2026-09-29T20:11:43Z
2021,UTSA,Conference USA,penalties,71,2026-09-29T20:11:43Z
2021,UTSA,Conference USA,penaltiesOpponent,112,2026-09-29T20:11:43Z
2021,UTSA,Conference USA,penaltyYards,713,2026-09-29T20:11:43Z
2021,UTSA,Conference USA,penaltyYardsOpponent,906,2026-09-29T20:11:43Z
2021,UTSA,Conference USA,possessionTime,24841,2026-09-29T20:11:43Z
2021,UTSA,Conference USA,possessionTimeOpponent,25559,2026-09-29T20:11:43Z
2021,UTSA,Conference USA,puntReturns,27,2026-09-29T20:11:43Z
2021,UTSA,Conference USA,puntReturnsOpponent,13,2026-09-29T20:11:43Z
2021,UTSA,Conference USA,puntReturnTDs,1,2026-09-29T20:11:43Z
2021,UTSA,Conference USA,puntReturnTDsOpponent,0,2026-09-29T20:11:43Z
2021,UTSA,Conference USA,puntReturnYards,294,2026-09-29T20:11:43Z
2021,UTSA,Conference USA,puntReturnYardsOpponent,70,2026-09-29T20:11:43Z
2021,UTSA,Conference USA,rushingAttempts,556,2026-09-29T20:11:43Z
2021,UTSA,Conference USA,rushingAttemptsOpponent,489,2026-09-29T20:11:43Z
2021,UTSA,Conference USA,rushingTDs,26,2026-09-29T20:11:43Z
2021,UTSA,Conference USA,rushingTDsOpponent,15,2026-09-29T20:11:43Z
2021,UTSA,Conference USA,rushingYards,2569,2026-09-29T20:11:43Z
2021,UTSA,Conference USA,rushingYardsOpponent,1606,2026-09-29T20:11:43Z
2021,UTSA,Conference USA,sacks,33,2026-09-29T20:11:43Z
2021,UTSA,Conference USA,sacksOpponent,21,2026-09-29T20:11:43Z
2021,UTSA,Conference USA,tacklesForLoss,88,2026-09-29T20:11:43Z
2021,UTSA,Conference USA,tacklesForLossOpponent,74,2026-09-29T20:11:43Z
2021,UTSA,Conference USA,thirdDownConversions,85,2026-09-29T20:11:43Z
2021,UTSA,Conference USA,thirdDownConversionsOpponent,70,2026-09-29T20:11:43Z
2021,UTSA,Conference USA,thirdDowns,197,2026-09-29T20:11:43Z
2021,UTSA,Conference USA,thirdDownsOpponent,189,2026-09-29T20:11:43Z
2021,UTSA,Conference USA,totalYards,6146,2026-09-29T20:11:43Z
2021,UTSA,Conference USA,totalYardsOpponent,5218,2026-09-29T20:11:43Z
2021,UTSA,Conference USA,turnovers,13,2026-09-29T20:11:43Z
2021,UTSA,Conference USA,turnoversOpponent,26,2026-09-29T20:11:43Z
2021,Vanderbilt,SEC,firstDowns,211,2026-09-29T20:11:43Z
2021,Vanderbilt,SEC,firstDownsOpponent,261,2026-09-29T20:11:43Z
2021,Vanderbilt,SEC,fourthDownConversions,19,2026-09-29T20:11:43Z
2021,Vanderbilt,SEC,fourthDownConversionsOpponent,13,2026-09-29T20:11:43Z
2021,Vanderbilt,SEC,fourthDowns,30,2026-09-29T20:11:43Z
2021,Vanderbilt,SEC,fourthDownsOpponent,21,2026-09-29T20:11:43Z
2021,Vanderbilt,SEC,fumblesLost,5,2026-09-29T20:11:43Z
2021,Vanderbilt,SEC,fumblesLostOpponent,3,2026-09-29T20:11:43Z
2021,Vanderbilt,SEC,fumblesRecovered,3,2026-09-29T20:11:43Z
2021,Vanderbilt,SEC,fumblesRecoveredOpponent,7,2026-09-29T20:11:43Z
2021,Vanderbilt,SEC,games,12,2026-09-29T20:11:43Z
2021,Vanderbilt,SEC,interceptions,14,2026-09-29T20:11:43Z
2021,Vanderbilt,SEC,interceptionsOpponent,13,2026-09-29T20:11:43Z
2021,Vanderbilt,SEC,interceptionTDs,0,2026-09-29T20:11:43Z
2021,Vanderbilt,SEC,interceptionTDsOpponent,2,2026-09-29T20:11:43Z
2021,Vanderbilt,SEC,interceptionYards,74,2026-09-29T20:11:43Z
2021,Vanderbilt,SEC,interceptionYardsOpponent,294,2026-09-29T20:11:43Z
2021,Vanderbilt,SEC,kickReturns,24,2026-09-29T20:11:43Z
2021,Vanderbilt,SEC,kickReturnsOpponent,20,2026-09-29T20:11:43Z
2021,Vanderbilt,SEC,kickReturnTDs,0,2026-09-29T20:11:43Z
2021,Vanderbilt,SEC,kickReturnTDsOpponent,0,2026-09-29T20:11:43Z
2021,Vanderbilt,SEC,kickReturnYards,324,2026-09-29T20:11:43Z
2021,Vanderbilt,SEC,kickReturnYardsOpponent,487,2026-09-29T20:11:43Z
2021,Vanderbilt,SEC,netPassingYards,2272,2026-09-29T20:11:43Z
2021,Vanderbilt,SEC,netPassingYardsOpponent,3171,2026-09-29T20:11:43Z
2021,Vanderbilt,SEC,passAttempts,408,2026-09-29T20:11:43Z
2021,Vanderbilt,SEC,passAttemptsOpponent,392,2026-09-29T20:11:43Z
2021,Vanderbilt,SEC,passCompletions,226,2026-09-29T20:11:43Z
2021,Vanderbilt,SEC,passCompletionsOpponent,257,2026-09-29T20:11:43Z
2021,Vanderbilt,SEC,passesIntercepted,13,2026-09-29T20:11:43Z
2021,Vanderbilt,SEC,passesInterceptedOpponent,14,2026-09-29T20:11:43Z
2021,Vanderbilt,SEC,passingTDs,13,2026-09-29T20:11:43Z
2021,Vanderbilt,SEC,passingTDsOpponent,29,2026-09-29T20:11:43Z
2021,Vanderbilt,SEC,penalties,66,2026-09-29T20:11:43Z
2021,Vanderbilt,SEC,penaltiesOpponent,91,2026-09-29T20:11:43Z
2021,Vanderbilt,SEC,penaltyYards,508,2026-09-29T20:11:43Z
2021,Vanderbilt,SEC,penaltyYardsOpponent,803,2026-09-29T20:11:43Z
2021,Vanderbilt,SEC,possessionTime,22239,2026-09-29T20:11:43Z
2021,Vanderbilt,SEC,possessionTimeOpponent,20961,2026-09-29T20:11:43Z
2021,Vanderbilt,SEC,puntReturns,8,2026-09-29T20:11:43Z
2021,Vanderbilt,SEC,puntReturnsOpponent,19,2026-09-29T20:11:43Z
2021,Vanderbilt,SEC,puntReturnTDs,0,2026-09-29T20:11:43Z
2021,Vanderbilt,SEC,puntReturnTDsOpponent,0,2026-09-29T20:11:43Z
2021,Vanderbilt,SEC,puntReturnYards,45,2026-09-29T20:11:43Z
2021,Vanderbilt,SEC,puntReturnYardsOpponent,274,2026-09-29T20:11:43Z
2021,Vanderbilt,SEC,rushingAttempts,423,2026-09-29T20:11:43Z
2021,Vanderbilt,SEC,rushingAttemptsOpponent,420,2026-09-29T20:11:43Z
2021,Vanderbilt,SEC,rushingTDs,8,2026-09-29T20:11:43Z
2021,Vanderbilt,SEC,rushingTDsOpponent,22,2026-09-29T20:11:43Z
2021,Vanderbilt,SEC,rushingYards,1482,2026-09-29T20:11:43Z
2021,Vanderbilt,SEC,rushingYardsOpponent,2321,2026-09-29T20:11:43Z
2021,Vanderbilt,SEC,sacks,9,2026-09-29T20:11:43Z
2021,Vanderbilt,SEC,sacksOpponent,28,2026-09-29T20:11:43Z
2021,Vanderbilt,SEC,tacklesForLoss,51,2026-09-29T20:11:43Z
2021,Vanderbilt,SEC,tacklesForLossOpponent,65,2026-09-29T20:11:43Z
2021,Vanderbilt,SEC,thirdDownConversions,60,2026-09-29T20:11:43Z
2021,Vanderbilt,SEC,thirdDownConversionsOpponent,51,2026-09-29T20:11:43Z
2021,Vanderbilt,SEC,thirdDowns,188,2026-09-29T20:11:43Z
2021,Vanderbilt,SEC,thirdDownsOpponent,142,2026-09-29T20:11:43Z
2021,Vanderbilt,SEC,totalYards,3754,2026-09-29T20:11:43Z
2021,Vanderbilt,SEC,totalYardsOpponent,5492,2026-09-29T20:11:43Z
2021,Vanderbilt,SEC,turnovers,19,2026-09-29T20:11:43Z
2021,Vanderbilt,SEC,turnoversOpponent,16,2026-09-29T20:11:43Z
2021,Virginia,ACC,firstDowns,318,2026-09-29T20:11:43Z
2021,Virginia,ACC,firstDownsOpponent,279,2026-09-29T20:11:43Z
2021,Virginia,ACC,fourthDownConversions,8,2026-09-29T20:11:43Z
2021,Virginia,ACC,fourthDownConversionsOpponent,11,2026-09-29T20:11:43Z
2021,Virginia,ACC,fourthDowns,20,2026-09-29T20:11:43Z
2021,Virginia,ACC,fourthDownsOpponent,18,2026-09-29T20:11:43Z
2021,Virginia,ACC,fumblesLost,6,2026-09-29T20:11:43Z
2021,Virginia,ACC,fumblesLostOpponent,6,2026-09-29T20:11:43Z
2021,Virginia,ACC,fumblesRecovered,6,2026-09-29T20:11:43Z
2021,Virginia,ACC,fumblesRecoveredOpponent,6,2026-09-29T20:11:43Z
2021,Virginia,ACC,games,12,2026-09-29T20:11:43Z
2021,Virginia,ACC,interceptions,12,2026-09-29T20:11:43Z
2021,Virginia,ACC,interceptionsOpponent,8,2026-09-29T20:11:43Z
2021,Virginia,ACC,interceptionTDs,0,2026-09-29T20:11:43Z
2021,Virginia,ACC,interceptionTDsOpponent,0,2026-09-29T20:11:43Z
2021,Virginia,ACC,interceptionYards,126,2026-09-29T20:11:43Z
2021,Virginia,ACC,interceptionYardsOpponent,96,2026-09-29T20:11:43Z
2021,Virginia,ACC,kickReturns,14,2026-09-29T20:11:43Z
2021,Virginia,ACC,kickReturnsOpponent,13,2026-09-29T20:11:43Z
2021,Virginia,ACC,kickReturnTDs,0,2026-09-29T20:11:43Z
2021,Virginia,ACC,kickReturnTDsOpponent,1,2026-09-29T20:11:43Z
2021,Virginia,ACC,kickReturnYards,206,2026-09-29T20:11:43Z
2021,Virginia,ACC,kickReturnYardsOpponent,286,2026-09-29T20:11:43Z
2021,Virginia,ACC,netPassingYards,4706,2026-09-29T20:11:43Z
2021,Virginia,ACC,netPassingYardsOpponent,2882,2026-09-29T20:11:43Z
2021,Virginia,ACC,passAttempts,554,2026-09-29T20:11:43Z
2021,Virginia,ACC,passAttemptsOpponent,376,2026-09-29T20:11:43Z
2021,Virginia,ACC,passCompletions,351,2026-09-29T20:11:43Z
2021,Virginia,ACC,passCompletionsOpponent,225,2026-09-29T20:11:43Z
2021,Virginia,ACC,passesIntercepted,8,2026-09-29T20:11:43Z
2021,Virginia,ACC,passesInterceptedOpponent,12,2026-09-29T20:11:43Z
2021,Virginia,ACC,passingTDs,31,2026-09-29T20:11:43Z
2021,Virginia,ACC,passingTDsOpponent,26,2026-09-29T20:11:43Z
2021,Virginia,ACC,penalties,77,2026-09-29T20:11:43Z
2021,Virginia,ACC,penaltiesOpponent,78,2026-09-29T20:11:43Z
2021,Virginia,ACC,penaltyYards,681,2026-09-29T20:11:43Z
2021,Virginia,ACC,penaltyYardsOpponent,711,2026-09-29T20:11:43Z
2021,Virginia,ACC,possessionTime,22110,2026-09-29T20:11:43Z
2021,Virginia,ACC,possessionTimeOpponent,21090,2026-09-29T20:11:43Z
2021,Virginia,ACC,puntReturns,17,2026-09-29T20:11:43Z
2021,Virginia,ACC,puntReturnsOpponent,16,2026-09-29T20:11:43Z
2021,Virginia,ACC,puntReturnTDs,0,2026-09-29T20:11:43Z
2021,Virginia,ACC,puntReturnTDsOpponent,0,2026-09-29T20:11:43Z
2021,Virginia,ACC,puntReturnYards,94,2026-09-29T20:11:43Z
2021,Virginia,ACC,puntReturnYardsOpponent,157,2026-09-29T20:11:43Z
2021,Virginia,ACC,rushingAttempts,339,2026-09-29T20:11:43Z
2021,Virginia,ACC,rushingAttemptsOpponent,468,2026-09-29T20:11:43Z
2021,Virginia,ACC,rushingTDs,21,2026-09-29T20:11:43Z
2021,Virginia,ACC,rushingTDsOpponent,21,2026-09-29T20:11:43Z
2021,Virginia,ACC,rushingYards,1483,2026-09-29T20:11:43Z
2021,Virginia,ACC,rushingYardsOpponent,2710,2026-09-29T20:11:43Z
2021,Virginia,ACC,sacks,19,2026-09-29T20:11:43Z
2021,Virginia,ACC,sacksOpponent,38,2026-09-29T20:11:43Z
2021,Virginia,ACC,tacklesForLoss,54,2026-09-29T20:11:43Z
2021,Virginia,ACC,tacklesForLossOpponent,72,2026-09-29T20:11:43Z
2021,Virginia,ACC,thirdDownConversions,73,2026-09-29T20:11:43Z
2021,Virginia,ACC,thirdDownConversionsOpponent,67,2026-09-29T20:11:43Z
2021,Virginia,ACC,thirdDowns,159,2026-09-29T20:11:43Z
2021,Virginia,ACC,thirdDownsOpponent,162,2026-09-29T20:11:43Z
2021,Virginia,ACC,totalYards,6189,2026-09-29T20:11:43Z
2021,Virginia,ACC,totalYardsOpponent,5592,2026-09-29T20:11:43Z
2021,Virginia,ACC,turnovers,18,2026-09-29T20:11:43Z
2021,Virginia,ACC,turnoversOpponent,14,2026-09-29T20:11:43Z
2021,Virginia Tech,ACC,firstDowns,245,2026-09-29T20:11:43Z
2021,Virginia Tech,ACC,firstDownsOpponent,267,2026-09-29T20:11:43Z
2021,Virginia Tech,ACC,fourthDownConversions,9,2026-09-29T20:11:43Z
2021,Virginia Tech,ACC,fourthDownConversionsOpponent,16,2026-09-29T20:11:43Z
2021,Virginia Tech,ACC,fourthDowns,18,2026-09-29T20:11:43Z
2021,Virginia Tech,ACC,fourthDownsOpponent,26,2026-09-29T20:11:43Z
2021,Virginia Tech,ACC,fumblesLost,7,2026-09-29T20:11:43Z
2021,Virginia Tech,ACC,fumblesLostOpponent,4,2026-09-29T20:11:43Z
2021,Virginia Tech,ACC,fumblesRecovered,5,2026-09-29T20:11:43Z
2021,Virginia Tech,ACC,fumblesRecoveredOpponent,7,2026-09-29T20:11:43Z
2021,Virginia Tech,ACC,games,13,2026-09-29T20:11:43Z
2021,Virginia Tech,ACC,interceptions,5,2026-09-29T20:11:43Z
2021,Virginia Tech,ACC,interceptionsOpponent,10,2026-09-29T20:11:43Z
2021,Virginia Tech,ACC,interceptionTDs,1,2026-09-29T20:11:43Z
2021,Virginia Tech,ACC,interceptionTDsOpponent,0,2026-09-29T20:11:43Z
2021,Virginia Tech,ACC,interceptionYards,97,2026-09-29T20:11:43Z
2021,Virginia Tech,ACC,interceptionYardsOpponent,13,2026-09-29T20:11:43Z
2021,Virginia Tech,ACC,kickReturns,37,2026-09-29T20:11:43Z
2021,Virginia Tech,ACC,kickReturnsOpponent,20,2026-09-29T20:11:43Z
2021,Virginia Tech,ACC,kickReturnTDs,0,2026-09-29T20:11:43Z
2021,Virginia Tech,ACC,kickReturnTDsOpponent,0,2026-09-29T20:11:43Z
2021,Virginia Tech,ACC,kickReturnYards,875,2026-09-29T20:11:43Z
2021,Virginia Tech,ACC,kickReturnYardsOpponent,426,2026-09-29T20:11:43Z
2021,Virginia Tech,ACC,netPassingYards,2293,2026-09-29T20:11:43Z
2021,Virginia Tech,ACC,netPassingYardsOpponent,2909,2026-09-29T20:11:43Z
2021,Virginia Tech,ACC,passAttempts,316,2026-09-29T20:11:43Z
2021,Virginia Tech,ACC,passAttemptsOpponent,393,2026-09-29T20:11:43Z
2021,Virginia Tech,ACC,passCompletions,173,2026-09-29T20:11:43Z
2021,Virginia Tech,ACC,passCompletionsOpponent,233,2026-09-29T20:11:43Z
2021,Virginia Tech,ACC,passesIntercepted,10,2026-09-29T20:11:43Z
2021,Virginia Tech,ACC,passesInterceptedOpponent,5,2026-09-29T20:11:43Z
2021,Virginia Tech,ACC,passingTDs,17,2026-09-29T20:11:43Z
2021,Virginia Tech,ACC,passingTDsOpponent,20,2026-09-29T20:11:43Z
2021,Virginia Tech,ACC,penalties,70,2026-09-29T20:11:43Z
2021,Virginia Tech,ACC,penaltiesOpponent,83,2026-09-29T20:11:43Z
2021,Virginia Tech,ACC,penaltyYards,597,2026-09-29T20:11:43Z
2021,Virginia Tech,ACC,penaltyYardsOpponent,731,2026-09-29T20:11:43Z
2021,Virginia Tech,ACC,possessionTime,23367,2026-09-29T20:11:43Z
2021,Virginia Tech,ACC,possessionTimeOpponent,23433,2026-09-29T20:11:43Z
2021,Virginia Tech,ACC,puntReturns,27,2026-09-29T20:11:43Z
2021,Virginia Tech,ACC,puntReturnsOpponent,14,2026-09-29T20:11:43Z
2021,Virginia Tech,ACC,puntReturnTDs,1,2026-09-29T20:11:43Z
2021,Virginia Tech,ACC,puntReturnTDsOpponent,1,2026-09-29T20:11:43Z
2021,Virginia Tech,ACC,puntReturnYards,331,2026-09-29T20:11:43Z
2021,Virginia Tech,ACC,puntReturnYardsOpponent,211,2026-09-29T20:11:43Z
2021,Virginia Tech,ACC,rushingAttempts,531,2026-09-29T20:11:43Z
2021,Virginia Tech,ACC,rushingAttemptsOpponent,481,2026-09-29T20:11:43Z
2021,Virginia Tech,ACC,rushingTDs,16,2026-09-29T20:11:43Z
2021,Virginia Tech,ACC,rushingTDsOpponent,20,2026-09-29T20:11:43Z
2021,Virginia Tech,ACC,rushingYards,2412,2026-09-29T20:11:43Z
2021,Virginia Tech,ACC,rushingYardsOpponent,2196,2026-09-29T20:11:43Z
2021,Virginia Tech,ACC,sacks,25,2026-09-29T20:11:43Z
2021,Virginia Tech,ACC,sacksOpponent,30,2026-09-29T20:11:43Z
2021,Virginia Tech,ACC,tacklesForLoss,68,2026-09-29T20:11:43Z
2021,Virginia Tech,ACC,tacklesForLossOpponent,74,2026-09-29T20:11:43Z
2021,Virginia Tech,ACC,thirdDownConversions,74,2026-09-29T20:11:43Z
2021,Virginia Tech,ACC,thirdDownConversionsOpponent,60,2026-09-29T20:11:43Z
2021,Virginia Tech,ACC,thirdDowns,181,2026-09-29T20:11:43Z
2021,Virginia Tech,ACC,thirdDownsOpponent,171,2026-09-29T20:11:43Z
2021,Virginia Tech,ACC,totalYards,4705,2026-09-29T20:11:43Z
2021,Virginia Tech,ACC,totalYardsOpponent,5105,2026-09-29T20:11:43Z
2021,Virginia Tech,ACC,turnovers,12,2026-09-29T20:11:43Z
2021,Virginia Tech,ACC,turnoversOpponent,14,2026-09-29T20:11:43Z
2021,Wake Forest,ACC,firstDowns,354,2026-09-29T20:11:43Z
2021,Wake Forest,ACC,firstDownsOpponent,313,2026-09-29T20:11:43Z
2021,Wake Forest,ACC,fourthDownConversions,12,2026-09-29T20:11:43Z
2021,Wake Forest,ACC,fourthDownConversionsOpponent,9,2026-09-29T20:11:43Z
2021,Wake Forest,ACC,fourthDowns,20,2026-09-29T20:11:43Z
2021,Wake Forest,ACC,fourthDownsOpponent,23,2026-09-29T20:11:43Z
2021,Wake Forest,ACC,fumblesLost,5,2026-09-29T20:11:43Z
2021,Wake Forest,ACC,fumblesLostOpponent,14,2026-09-29T20:11:43Z
2021,Wake Forest,ACC,fumblesRecovered,16,2026-09-29T20:11:43Z
2021,Wake Forest,ACC,fumblesRecoveredOpponent,5,2026-09-29T20:11:43Z
2021,Wake Forest,ACC,games,14,2026-09-29T20:11:43Z
2021,Wake Forest,ACC,interceptions,15,2026-09-29T20:11:43Z
2021,Wake Forest,ACC,interceptionsOpponent,15,2026-09-29T20:11:43Z
2021,Wake Forest,ACC,interceptionTDs,1,2026-09-29T20:11:43Z
2021,Wake Forest,ACC,interceptionTDsOpponent,1,2026-09-29T20:11:43Z
2021,Wake Forest,ACC,interceptionYards,177,2026-09-29T20:11:43Z
2021,Wake Forest,ACC,interceptionYardsOpponent,151,2026-09-29T20:11:43Z
2021,Wake Forest,ACC,kickReturns,28,2026-09-29T20:11:43Z
2021,Wake Forest,ACC,kickReturnsOpponent,47,2026-09-29T20:11:43Z
2021,Wake Forest,ACC,kickReturnTDs,1,2026-09-29T20:11:43Z
2021,Wake Forest,ACC,kickReturnTDsOpponent,1,2026-09-29T20:11:43Z
2021,Wake Forest,ACC,kickReturnYards,567,2026-09-29T20:11:43Z
2021,Wake Forest,ACC,kickReturnYardsOpponent,980,2026-09-29T20:11:43Z
2021,Wake Forest,ACC,netPassingYards,4303,2026-09-29T20:11:43Z
2021,Wake Forest,ACC,netPassingYardsOpponent,3049,2026-09-29T20:11:43Z
2021,Wake Forest,ACC,passAttempts,519,2026-09-29T20:11:43Z
2021,Wake Forest,ACC,passAttemptsOpponent,425,2026-09-29T20:11:43Z
2021,Wake Forest,ACC,passCompletions,302,2026-09-29T20:11:43Z
2021,Wake Forest,ACC,passCompletionsOpponent,249,2026-09-29T20:11:43Z
2021,Wake Forest,ACC,passesIntercepted,15,2026-09-29T20:11:43Z
2021,Wake Forest,ACC,passesInterceptedOpponent,15,2026-09-29T20:11:43Z
2021,Wake Forest,ACC,passingTDs,39,2026-09-29T20:11:43Z
2021,Wake Forest,ACC,passingTDsOpponent,24,2026-09-29T20:11:43Z
2021,Wake Forest,ACC,penalties,81,2026-09-29T20:11:43Z
2021,Wake Forest,ACC,penaltiesOpponent,106,2026-09-29T20:11:43Z
2021,Wake Forest,ACC,penaltyYards,737,2026-09-29T20:11:43Z
2021,Wake Forest,ACC,penaltyYardsOpponent,938,2026-09-29T20:11:43Z
2021,Wake Forest,ACC,possessionTime,24118,2026-09-29T20:11:43Z
2021,Wake Forest,ACC,possessionTimeOpponent,26282,2026-09-29T20:11:43Z
2021,Wake Forest,ACC,puntReturns,25,2026-09-29T20:11:43Z
2021,Wake Forest,ACC,puntReturnsOpponent,15,2026-09-29T20:11:43Z
2021,Wake Forest,ACC,puntReturnTDs,0,2026-09-29T20:11:43Z
2021,Wake Forest,ACC,puntReturnTDsOpponent,0,2026-09-29T20:11:43Z
2021,Wake Forest,ACC,puntReturnYards,286,2026-09-29T20:11:43Z
2021,Wake Forest,ACC,puntReturnYardsOpponent,138,2026-09-29T20:11:43Z
2021,Wake Forest,ACC,rushingAttempts,565,2026-09-29T20:11:43Z
2021,Wake Forest,ACC,rushingAttemptsOpponent,563,2026-09-29T20:11:43Z
2021,Wake Forest,ACC,rushingTDs,31,2026-09-29T20:11:43Z
2021,Wake Forest,ACC,rushingTDsOpponent,25,2026-09-29T20:11:43Z
2021,Wake Forest,ACC,rushingYards,2247,2026-09-29T20:11:43Z
2021,Wake Forest,ACC,rushingYardsOpponent,2737,2026-09-29T20:11:43Z
2021,Wake Forest,ACC,sacks,38,2026-09-29T20:11:43Z
2021,Wake Forest,ACC,sacksOpponent,34,2026-09-29T20:11:43Z
2021,Wake Forest,ACC,tacklesForLoss,97,2026-09-29T20:11:43Z
2021,Wake Forest,ACC,tacklesForLossOpponent,74,2026-09-29T20:11:43Z
2021,Wake Forest,ACC,thirdDownConversions,115,2026-09-29T20:11:43Z
2021,Wake Forest,ACC,thirdDownConversionsOpponent,74,2026-09-29T20:11:43Z
2021,Wake Forest,ACC,thirdDowns,231,2026-09-29T20:11:43Z
2021,Wake Forest,ACC,thirdDownsOpponent,191,2026-09-29T20:11:43Z
2021,Wake Forest,ACC,totalYards,6550,2026-09-29T20:11:43Z
2021,Wake Forest,ACC,totalYardsOpponent,5786,2026-09-29T20:11:43Z
2021,Wake Forest,ACC,turnovers,20,2026-09-29T20:11:43Z
2021,Wake Forest,ACC,turnoversOpponent,29,2026-09-29T20:11:43Z
2021,Washington,Pac-12,firstDowns,216,2026-09-29T20:11:43Z
2021,Washington,Pac-12,firstDownsOpponent,219,2026-09-29T20:11:43Z
2021,Washington,Pac-12,fourthDownConversions,10,2026-09-29T20:11:43Z
2021,Washington,Pac-12,fourthDownConversionsOpponent,10,2026-09-29T20:11:43Z
2021,Washington,Pac-12,fourthDowns,23,2026-09-29T20:11:43Z
2021,Washington,Pac-12,fourthDownsOpponent,17,2026-09-29T20:11:43Z
2021,Washington,Pac-12,fumblesLost,7,2026-09-29T20:11:43Z
2021,Washington,Pac-12,fumblesLostOpponent,6,2026-09-29T20:11:43Z
2021,Washington,Pac-12,fumblesRecovered,6,2026-09-29T20:11:43Z
2021,Washington,Pac-12,fumblesRecoveredOpponent,9,2026-09-29T20:11:43Z
2021,Washington,Pac-12,games,12,2026-09-29T20:11:43Z
2021,Washington,Pac-12,interceptions,16,2026-09-29T20:11:43Z
2021,Washington,Pac-12,interceptionsOpponent,10,2026-09-29T20:11:43Z
2021,Washington,Pac-12,interceptionTDs,0,2026-09-29T20:11:43Z
2021,Washington,Pac-12,interceptionTDsOpponent,2,2026-09-29T20:11:43Z
2021,Washington,Pac-12,interceptionYards,171,2026-09-29T20:11:43Z
2021,Washington,Pac-12,interceptionYardsOpponent,152,2026-09-29T20:11:43Z
2021,Washington,Pac-12,kickReturns,26,2026-09-29T20:11:43Z
2021,Washington,Pac-12,kickReturnsOpponent,16,2026-09-29T20:11:43Z
2021,Washington,Pac-12,kickReturnTDs,0,2026-09-29T20:11:43Z
2021,Washington,Pac-12,kickReturnTDsOpponent,0,2026-09-29T20:11:43Z
2021,Washington,Pac-12,kickReturnYards,491,2026-09-29T20:11:43Z
2021,Washington,Pac-12,kickReturnYardsOpponent,308,2026-09-29T20:11:43Z
2021,Washington,Pac-12,netPassingYards,2700,2026-09-29T20:11:43Z
2021,Washington,Pac-12,netPassingYardsOpponent,1720,2026-09-29T20:11:43Z
2021,Washington,Pac-12,passAttempts,409,2026-09-29T20:11:43Z
2021,Washington,Pac-12,passAttemptsOpponent,317,2026-09-29T20:11:43Z
2021,Washington,Pac-12,passCompletions,243,2026-09-29T20:11:43Z
2021,Washington,Pac-12,passCompletionsOpponent,194,2026-09-29T20:11:43Z
2021,Washington,Pac-12,passesIntercepted,10,2026-09-29T20:11:43Z
2021,Washington,Pac-12,passesInterceptedOpponent,14,2026-09-29T20:11:43Z
2021,Washington,Pac-12,passingTDs,15,2026-09-29T20:11:43Z
2021,Washington,Pac-12,passingTDsOpponent,6,2026-09-29T20:11:43Z
2021,Washington,Pac-12,penalties,51,2026-09-29T20:11:43Z
2021,Washington,Pac-12,penaltiesOpponent,82,2026-09-29T20:11:43Z
2021,Washington,Pac-12,penaltyYards,474,2026-09-29T20:11:43Z
2021,Washington,Pac-12,penaltyYardsOpponent,735,2026-09-29T20:11:43Z
2021,Washington,Pac-12,possessionTime,20614,2026-09-29T20:11:43Z
2021,Washington,Pac-12,possessionTimeOpponent,22586,2026-09-29T20:11:43Z
2021,Washington,Pac-12,puntReturns,19,2026-09-29T20:11:43Z
2021,Washington,Pac-12,puntReturnsOpponent,26,2026-09-29T20:11:43Z
2021,Washington,Pac-12,puntReturnTDs,0,2026-09-29T20:11:43Z
2021,Washington,Pac-12,puntReturnTDsOpponent,0,2026-09-29T20:11:43Z
2021,Washington,Pac-12,puntReturnYards,106,2026-09-29T20:11:43Z
2021,Washington,Pac-12,puntReturnYardsOpponent,300,2026-09-29T20:11:43Z
2021,Washington,Pac-12,rushingAttempts,370,2026-09-29T20:11:43Z
2021,Washington,Pac-12,rushingAttemptsOpponent,488,2026-09-29T20:11:43Z
2021,Washington,Pac-12,rushingTDs,16,2026-09-29T20:11:43Z
2021,Washington,Pac-12,rushingTDsOpponent,21,2026-09-29T20:11:43Z
2021,Washington,Pac-12,rushingYards,1181,2026-09-29T20:11:43Z
2021,Washington,Pac-12,rushingYardsOpponent,2319,2026-09-29T20:11:43Z
2021,Washington,Pac-12,sacks,19,2026-09-29T20:11:43Z
2021,Washington,Pac-12,sacksOpponent,23,2026-09-29T20:11:43Z
2021,Washington,Pac-12,tacklesForLoss,61,2026-09-29T20:11:43Z
2021,Washington,Pac-12,tacklesForLossOpponent,62,2026-09-29T20:11:43Z
2021,Washington,Pac-12,thirdDownConversions,75,2026-09-29T20:11:43Z
2021,Washington,Pac-12,thirdDownConversionsOpponent,62,2026-09-29T20:11:43Z
2021,Washington,Pac-12,thirdDowns,169,2026-09-29T20:11:43Z
2021,Washington,Pac-12,thirdDownsOpponent,170,2026-09-29T20:11:43Z
2021,Washington,Pac-12,totalYards,3881,2026-09-29T20:11:43Z
2021,Washington,Pac-12,totalYardsOpponent,4039,2026-09-29T20:11:43Z
2021,Washington,Pac-12,turnovers,23,2026-09-29T20:11:43Z
2021,Washington,Pac-12,turnoversOpponent,16,2026-09-29T20:11:43Z
2021,Washington State,Pac-12,firstDowns,263,2026-09-29T20:11:43Z
2021,Washington State,Pac-12,firstDownsOpponent,265,2026-09-29T20:11:43Z
2021,Washington State,Pac-12,fourthDownConversions,9,2026-09-29T20:11:43Z
2021,Washington State,Pac-12,fourthDownConversionsOpponent,10,2026-09-29T20:11:43Z
2021,Washington State,Pac-12,fourthDowns,24,2026-09-29T20:11:43Z
2021,Washington State,Pac-12,fourthDownsOpponent,22,2026-09-29T20:11:43Z
2021,Washington State,Pac-12,fumblesLost,5,2026-09-29T20:11:43Z
2021,Washington State,Pac-12,fumblesLostOpponent,14,2026-09-29T20:11:43Z
2021,Washington State,Pac-12,fumblesRecovered,18,2026-09-29T20:11:43Z
2021,Washington State,Pac-12,fumblesRecoveredOpponent,6,2026-09-29T20:11:43Z
2021,Washington State,Pac-12,games,13,2026-09-29T20:11:43Z
2021,Washington State,Pac-12,interceptions,13,2026-09-29T20:11:43Z
2021,Washington State,Pac-12,interceptionsOpponent,15,2026-09-29T20:11:43Z
2021,Washington State,Pac-12,interceptionTDs,1,2026-09-29T20:11:43Z
2021,Washington State,Pac-12,interceptionTDsOpponent,1,2026-09-29T20:11:43Z
2021,Washington State,Pac-12,interceptionYards,183,2026-09-29T20:11:43Z
2021,Washington State,Pac-12,interceptionYardsOpponent,140,2026-09-29T20:11:43Z
2021,Washington State,Pac-12,kickReturns,27,2026-09-29T20:11:43Z
2021,Washington State,Pac-12,kickReturnsOpponent,32,2026-09-29T20:11:43Z
2021,Washington State,Pac-12,kickReturnTDs,0,2026-09-29T20:11:43Z
2021,Washington State,Pac-12,kickReturnTDsOpponent,0,2026-09-29T20:11:43Z
2021,Washington State,Pac-12,kickReturnYards,439,2026-09-29T20:11:43Z
2021,Washington State,Pac-12,kickReturnYardsOpponent,707,2026-09-29T20:11:43Z
2021,Washington State,Pac-12,netPassingYards,3345,2026-09-29T20:11:43Z
2021,Washington State,Pac-12,netPassingYardsOpponent,2818,2026-09-29T20:11:43Z
2021,Washington State,Pac-12,passAttempts,452,2026-09-29T20:11:43Z
2021,Washington State,Pac-12,passAttemptsOpponent,434,2026-09-29T20:11:43Z
2021,Washington State,Pac-12,passCompletions,281,2026-09-29T20:11:43Z
2021,Washington State,Pac-12,passCompletionsOpponent,260,2026-09-29T20:11:43Z
2021,Washington State,Pac-12,passesIntercepted,15,2026-09-29T20:11:43Z
2021,Washington State,Pac-12,passesInterceptedOpponent,13,2026-09-29T20:11:43Z
2021,Washington State,Pac-12,passingTDs,26,2026-09-29T20:11:43Z
2021,Washington State,Pac-12,passingTDsOpponent,16,2026-09-29T20:11:43Z
2021,Washington State,Pac-12,penalties,69,2026-09-29T20:11:43Z
2021,Washington State,Pac-12,penaltiesOpponent,75,2026-09-29T20:11:43Z
2021,Washington State,Pac-12,penaltyYards,603,2026-09-29T20:11:43Z
2021,Washington State,Pac-12,penaltyYardsOpponent,569,2026-09-29T20:11:43Z
2021,Washington State,Pac-12,possessionTime,23826,2026-09-29T20:11:43Z
2021,Washington State,Pac-12,possessionTimeOpponent,22990,2026-09-29T20:11:43Z
2021,Washington State,Pac-12,puntReturns,14,2026-09-29T20:11:43Z
2021,Washington State,Pac-12,puntReturnsOpponent,16,2026-09-29T20:11:43Z
2021,Washington State,Pac-12,puntReturnTDs,0,2026-09-29T20:11:43Z
2021,Washington State,Pac-12,puntReturnTDsOpponent,0,2026-09-29T20:11:43Z
2021,Washington State,Pac-12,puntReturnYards,148,2026-09-29T20:11:43Z
2021,Washington State,Pac-12,puntReturnYardsOpponent,157,2026-09-29T20:11:43Z
2021,Washington State,Pac-12,rushingAttempts,403,2026-09-29T20:11:43Z
2021,Washington State,Pac-12,rushingAttemptsOpponent,455,2026-09-29T20:11:43Z
2021,Washington State,Pac-12,rushingTDs,19,2026-09-29T20:11:43Z
2021,Washington State,Pac-12,rushingTDsOpponent,20,2026-09-29T20:11:43Z
2021,Washington State,Pac-12,rushingYards,1587,2026-09-29T20:11:43Z
2021,Washington State,Pac-12,rushingYardsOpponent,2087,2026-09-29T20:11:43Z
2021,Washington State,Pac-12,sacks,21,2026-09-29T20:11:43Z
2021,Washington State,Pac-12,sacksOpponent,30,2026-09-29T20:11:43Z
2021,Washington State,Pac-12,tacklesForLoss,69,2026-09-29T20:11:43Z
2021,Washington State,Pac-12,tacklesForLossOpponent,86,2026-09-29T20:11:43Z
2021,Washington State,Pac-12,thirdDownConversions,67,2026-09-29T20:11:43Z
2021,Washington State,Pac-12,thirdDownConversionsOpponent,66,2026-09-29T20:11:43Z
2021,Washington State,Pac-12,thirdDowns,170,2026-09-29T20:11:43Z
2021,Washington State,Pac-12,thirdDownsOpponent,174,2026-09-29T20:11:43Z
2021,Washington State,Pac-12,totalYards,4932,2026-09-29T20:11:43Z
2021,Washington State,Pac-12,totalYardsOpponent,4905,2026-09-29T20:11:43Z
2021,Washington State,Pac-12,turnovers,18,2026-09-29T20:11:43Z
2021,Washington State,Pac-12,turnoversOpponent,29,2026-09-29T20:11:43Z
2021,Western Kentucky,Conference USA,firstDowns,385,2026-09-29T20:11:43Z
2021,Western Kentucky,Conference USA,firstDownsOpponent,330,2026-09-29T20:11:43Z
2021,Western Kentucky,Conference USA,fourthDownConversions,11,2026-09-29T20:11:43Z
2021,Western Kentucky,Conference USA,fourthDownConversionsOpponent,19,2026-09-29T20:11:43Z
2021,Western Kentucky,Conference USA,fourthDowns,22,2026-09-29T20:11:43Z
2021,Western Kentucky,Conference USA,fourthDownsOpponent,41,2026-09-29T20:11:43Z
2021,Western Kentucky,Conference USA,fumblesLost,8,2026-09-29T20:11:43Z
2021,Western Kentucky,Conference USA,fumblesLostOpponent,10,2026-09-29T20:11:43Z
2021,Western Kentucky,Conference USA,fumblesRecovered,13,2026-09-29T20:11:43Z
2021,Western Kentucky,Conference USA,fumblesRecoveredOpponent,8,2026-09-29T20:11:43Z
2021,Western Kentucky,Conference USA,games,14,2026-09-29T20:11:43Z
2021,Western Kentucky,Conference USA,interceptions,12,2026-09-29T20:11:43Z
2021,Western Kentucky,Conference USA,interceptionsOpponent,21,2026-09-29T20:11:43Z
2021,Western Kentucky,Conference USA,interceptionTDs,2,2026-09-29T20:11:43Z
2021,Western Kentucky,Conference USA,interceptionTDsOpponent,1,2026-09-29T20:11:43Z
2021,Western Kentucky,Conference USA,interceptionYards,213,2026-09-29T20:11:43Z
2021,Western Kentucky,Conference USA,interceptionYardsOpponent,117,2026-09-29T20:11:43Z
2021,Western Kentucky,Conference USA,kickReturns,50,2026-09-29T20:11:43Z
2021,Western Kentucky,Conference USA,kickReturnsOpponent,35,2026-09-29T20:11:43Z
2021,Western Kentucky,Conference USA,kickReturnTDs,2,2026-09-29T20:11:43Z
2021,Western Kentucky,Conference USA,kickReturnTDsOpponent,0,2026-09-29T20:11:43Z
2021,Western Kentucky,Conference USA,kickReturnYards,1046,2026-09-29T20:11:43Z
2021,Western Kentucky,Conference USA,kickReturnYardsOpponent,613,2026-09-29T20:11:43Z
2021,Western Kentucky,Conference USA,netPassingYards,6072,2026-09-29T20:11:43Z
2021,Western Kentucky,Conference USA,netPassingYardsOpponent,3753,2026-09-29T20:11:43Z
2021,Western Kentucky,Conference USA,passAttempts,697,2026-09-29T20:11:43Z
2021,Western Kentucky,Conference USA,passAttemptsOpponent,519,2026-09-29T20:11:43Z
2021,Western Kentucky,Conference USA,passCompletions,480,2026-09-29T20:11:43Z
2021,Western Kentucky,Conference USA,passCompletionsOpponent,316,2026-09-29T20:11:43Z
2021,Western Kentucky,Conference USA,passesIntercepted,21,2026-09-29T20:11:43Z
2021,Western Kentucky,Conference USA,passesInterceptedOpponent,12,2026-09-29T20:11:43Z
2021,Western Kentucky,Conference USA,passingTDs,63,2026-09-29T20:11:43Z
2021,Western Kentucky,Conference USA,passingTDsOpponent,23,2026-09-29T20:11:43Z
2021,Western Kentucky,Conference USA,penalties,95,2026-09-29T20:11:43Z
2021,Western Kentucky,Conference USA,penaltiesOpponent,101,2026-09-29T20:11:43Z
2021,Western Kentucky,Conference USA,penaltyYards,758,2026-09-29T20:11:43Z
2021,Western Kentucky,Conference USA,penaltyYardsOpponent,874,2026-09-29T20:11:43Z
2021,Western Kentucky,Conference USA,possessionTime,23244,2026-09-29T20:11:43Z
2021,Western Kentucky,Conference USA,possessionTimeOpponent,27156,2026-09-29T20:11:43Z
2021,Western Kentucky,Conference USA,puntReturns,16,2026-09-29T20:11:43Z
2021,Western Kentucky,Conference USA,puntReturnsOpponent,15,2026-09-29T20:11:43Z
2021,Western Kentucky,Conference USA,puntReturnTDs,0,2026-09-29T20:11:43Z
2021,Western Kentucky,Conference USA,puntReturnTDsOpponent,1,2026-09-29T20:11:43Z
2021,Western Kentucky,Conference USA,puntReturnYards,142,2026-09-29T20:11:43Z
2021,Western Kentucky,Conference USA,puntReturnYardsOpponent,260,2026-09-29T20:11:43Z
2021,Western Kentucky,Conference USA,rushingAttempts,349,2026-09-29T20:11:43Z
2021,Western Kentucky,Conference USA,rushingAttemptsOpponent,564,2026-09-29T20:11:43Z
2021,Western Kentucky,Conference USA,rushingTDs,13,2026-09-29T20:11:43Z
2021,Western Kentucky,Conference USA,rushingTDsOpponent,28,2026-09-29T20:11:43Z
2021,Western Kentucky,Conference USA,rushingYards,1435,2026-09-29T20:11:43Z
2021,Western Kentucky,Conference USA,rushingYardsOpponent,2348,2026-09-29T20:11:43Z
2021,Western Kentucky,Conference USA,sacks,36,2026-09-29T20:11:43Z
2021,Western Kentucky,Conference USA,sacksOpponent,17,2026-09-29T20:11:43Z
2021,Western Kentucky,Conference USA,tacklesForLoss,83,2026-09-29T20:11:43Z
2021,Western Kentucky,Conference USA,tacklesForLossOpponent,53,2026-09-29T20:11:43Z
2021,Western Kentucky,Conference USA,thirdDownConversions,81,2026-09-29T20:11:43Z
2021,Western Kentucky,Conference USA,thirdDownConversionsOpponent,91,2026-09-29T20:11:43Z
2021,Western Kentucky,Conference USA,thirdDowns,174,2026-09-29T20:11:43Z
2021,Western Kentucky,Conference USA,thirdDownsOpponent,211,2026-09-29T20:11:43Z
2021,Western Kentucky,Conference USA,totalYards,7507,2026-09-29T20:11:43Z
2021,Western Kentucky,Conference USA,totalYardsOpponent,6101,2026-09-29T20:11:43Z
2021,Western Kentucky,Conference USA,turnovers,20,2026-09-29T20:11:43Z
2021,Western Kentucky,Conference USA,turnoversOpponent,31,2026-09-29T20:11:43Z
2021,Western Michigan,Mid-American,firstDowns,322,2026-09-29T20:11:43Z
2021,Western Michigan,Mid-American,firstDownsOpponent,222,2026-09-29T20:11:43Z
2021,Western Michigan,Mid-American,fourthDownConversions,12,2026-09-29T20:11:43Z
2021,Western Michigan,Mid-American,fourthDownConversionsOpponent,15,2026-09-29T20:11:43Z
2021,Western Michigan,Mid-American,fourthDowns,26,2026-09-29T20:11:43Z
2021,Western Michigan,Mid-American,fourthDownsOpponent,22,2026-09-29T20:11:43Z
2021,Western Michigan,Mid-American,fumblesLost,10,2026-09-29T20:11:43Z
2021,Western Michigan,Mid-American,fumblesLostOpponent,9,2026-09-29T20:11:43Z
2021,Western Michigan,Mid-American,fumblesRecovered,13,2026-09-29T20:11:43Z
2021,Western Michigan,Mid-American,fumblesRecoveredOpponent,10,2026-09-29T20:11:43Z
2021,Western Michigan,Mid-American,games,13,2026-09-29T20:11:43Z
2021,Western Michigan,Mid-American,interceptions,6,2026-09-29T20:11:43Z
2021,Western Michigan,Mid-American,interceptionsOpponent,4,2026-09-29T20:11:43Z
2021,Western Michigan,Mid-American,interceptionTDs,0,2026-09-29T20:11:43Z
2021,Western Michigan,Mid-American,interceptionTDsOpponent,1,2026-09-29T20:11:43Z
2021,Western Michigan,Mid-American,interceptionYards,22,2026-09-29T20:11:43Z
2021,Western Michigan,Mid-American,interceptionYardsOpponent,50,2026-09-29T20:11:43Z
2021,Western Michigan,Mid-American,kickReturns,30,2026-09-29T20:11:43Z
2021,Western Michigan,Mid-American,kickReturnsOpponent,52,2026-09-29T20:11:43Z
2021,Western Michigan,Mid-American,kickReturnTDs,2,2026-09-29T20:11:43Z
2021,Western Michigan,Mid-American,kickReturnTDsOpponent,1,2026-09-29T20:11:43Z
2021,Western Michigan,Mid-American,kickReturnYards,536,2026-09-29T20:11:43Z
2021,Western Michigan,Mid-American,kickReturnYardsOpponent,1095,2026-09-29T20:11:43Z
2021,Western Michigan,Mid-American,netPassingYards,3297,2026-09-29T20:11:43Z
2021,Western Michigan,Mid-American,netPassingYardsOpponent,2423,2026-09-29T20:11:43Z
2021,Western Michigan,Mid-American,passAttempts,368,2026-09-29T20:11:43Z
2021,Western Michigan,Mid-American,passAttemptsOpponent,321,2026-09-29T20:11:43Z
2021,Western Michigan,Mid-American,passCompletions,233,2026-09-29T20:11:43Z
2021,Western Michigan,Mid-American,passCompletionsOpponent,177,2026-09-29T20:11:43Z
2021,Western Michigan,Mid-American,passesIntercepted,4,2026-09-29T20:11:43Z
2021,Western Michigan,Mid-American,passesInterceptedOpponent,6,2026-09-29T20:11:43Z
2021,Western Michigan,Mid-American,passingTDs,23,2026-09-29T20:11:43Z
2021,Western Michigan,Mid-American,passingTDsOpponent,23,2026-09-29T20:11:43Z
2021,Western Michigan,Mid-American,penalties,89,2026-09-29T20:11:43Z
2021,Western Michigan,Mid-American,penaltiesOpponent,79,2026-09-29T20:11:43Z
2021,Western Michigan,Mid-American,penaltyYards,766,2026-09-29T20:11:43Z
2021,Western Michigan,Mid-American,penaltyYardsOpponent,734,2026-09-29T20:11:43Z
2021,Western Michigan,Mid-American,possessionTime,27532,2026-09-29T20:11:43Z
2021,Western Michigan,Mid-American,possessionTimeOpponent,19268,2026-09-29T20:11:43Z
2021,Western Michigan,Mid-American,puntReturns,10,2026-09-29T20:11:43Z
2021,Western Michigan,Mid-American,puntReturnsOpponent,16,2026-09-29T20:11:43Z
2021,Western Michigan,Mid-American,puntReturnTDs,0,2026-09-29T20:11:43Z
2021,Western Michigan,Mid-American,puntReturnTDsOpponent,2,2026-09-29T20:11:43Z
2021,Western Michigan,Mid-American,puntReturnYards,27,2026-09-29T20:11:43Z
2021,Western Michigan,Mid-American,puntReturnYardsOpponent,318,2026-09-29T20:11:43Z
2021,Western Michigan,Mid-American,rushingAttempts,590,2026-09-29T20:11:43Z
2021,Western Michigan,Mid-American,rushingAttemptsOpponent,420,2026-09-29T20:11:43Z
2021,Western Michigan,Mid-American,rushingTDs,31,2026-09-29T20:11:43Z
2021,Western Michigan,Mid-American,rushingTDsOpponent,17,2026-09-29T20:11:43Z
2021,Western Michigan,Mid-American,rushingYards,2783,2026-09-29T20:11:43Z
2021,Western Michigan,Mid-American,rushingYardsOpponent,1890,2026-09-29T20:11:43Z
2021,Western Michigan,Mid-American,sacks,43,2026-09-29T20:11:43Z
2021,Western Michigan,Mid-American,sacksOpponent,27,2026-09-29T20:11:43Z
2021,Western Michigan,Mid-American,tacklesForLoss,97,2026-09-29T20:11:43Z
2021,Western Michigan,Mid-American,tacklesForLossOpponent,55,2026-09-29T20:11:43Z
2021,Western Michigan,Mid-American,thirdDownConversions,84,2026-09-29T20:11:43Z
2021,Western Michigan,Mid-American,thirdDownConversionsOpponent,41,2026-09-29T20:11:43Z
2021,Western Michigan,Mid-American,thirdDowns,181,2026-09-29T20:11:43Z
2021,Western Michigan,Mid-American,thirdDownsOpponent,153,2026-09-29T20:11:43Z
2021,Western Michigan,Mid-American,totalYards,6080,2026-09-29T20:11:43Z
2021,Western Michigan,Mid-American,totalYardsOpponent,4313,2026-09-29T20:11:43Z
2021,Western Michigan,Mid-American,turnovers,16,2026-09-29T20:11:43Z
2021,Western Michigan,Mid-American,turnoversOpponent,13,2026-09-29T20:11:43Z
2021,West Virginia,Big 12,firstDowns,278,2026-09-29T20:11:43Z
2021,West Virginia,Big 12,firstDownsOpponent,225,2026-09-29T20:11:43Z
2021,West Virginia,Big 12,fourthDownConversions,19,2026-09-29T20:11:43Z
2021,West Virginia,Big 12,fourthDownConversionsOpponent,10,2026-09-29T20:11:43Z
2021,West Virginia,Big 12,fourthDowns,28,2026-09-29T20:11:43Z
2021,West Virginia,Big 12,fourthDownsOpponent,28,2026-09-29T20:11:43Z
2021,West Virginia,Big 12,fumblesLost,8,2026-09-29T20:11:43Z
2021,West Virginia,Big 12,fumblesLostOpponent,4,2026-09-29T20:11:43Z
2021,West Virginia,Big 12,fumblesRecovered,5,2026-09-29T20:11:43Z
2021,West Virginia,Big 12,fumblesRecoveredOpponent,9,2026-09-29T20:11:43Z
2021,West Virginia,Big 12,games,13,2026-09-29T20:11:43Z
2021,West Virginia,Big 12,interceptions,12,2026-09-29T20:11:43Z
2021,West Virginia,Big 12,interceptionsOpponent,9,2026-09-29T20:11:43Z
2021,West Virginia,Big 12,interceptionTDs,0,2026-09-29T20:11:43Z
2021,West Virginia,Big 12,interceptionTDsOpponent,2,2026-09-29T20:11:43Z
2021,West Virginia,Big 12,interceptionYards,104,2026-09-29T20:11:43Z
2021,West Virginia,Big 12,interceptionYardsOpponent,73,2026-09-29T20:11:43Z
2021,West Virginia,Big 12,kickReturns,29,2026-09-29T20:11:43Z
2021,West Virginia,Big 12,kickReturnsOpponent,42,2026-09-29T20:11:43Z
2021,West Virginia,Big 12,kickReturnTDs,1,2026-09-29T20:11:43Z
2021,West Virginia,Big 12,kickReturnTDsOpponent,1,2026-09-29T20:11:43Z
2021,West Virginia,Big 12,kickReturnYards,672,2026-09-29T20:11:43Z
2021,West Virginia,Big 12,kickReturnYardsOpponent,891,2026-09-29T20:11:43Z
2021,West Virginia,Big 12,netPassingYards,3223,2026-09-29T20:11:43Z
2021,West Virginia,Big 12,netPassingYardsOpponent,2750,2026-09-29T20:11:43Z
2021,West Virginia,Big 12,passAttempts,447,2026-09-29T20:11:43Z
2021,West Virginia,Big 12,passAttemptsOpponent,368,2026-09-29T20:11:43Z
2021,West Virginia,Big 12,passCompletions,290,2026-09-29T20:11:43Z
2021,West Virginia,Big 12,passCompletionsOpponent,236,2026-09-29T20:11:43Z
2021,West Virginia,Big 12,passesIntercepted,9,2026-09-29T20:11:43Z
2021,West Virginia,Big 12,passesInterceptedOpponent,12,2026-09-29T20:11:43Z
2021,West Virginia,Big 12,passingTDs,19,2026-09-29T20:11:43Z
2021,West Virginia,Big 12,passingTDsOpponent,17,2026-09-29T20:11:43Z
2021,West Virginia,Big 12,penalties,67,2026-09-29T20:11:43Z
2021,West Virginia,Big 12,penaltiesOpponent,57,2026-09-29T20:11:43Z
2021,West Virginia,Big 12,penaltyYards,561,2026-09-29T20:11:43Z
2021,West Virginia,Big 12,penaltyYardsOpponent,470,2026-09-29T20:11:43Z
2021,West Virginia,Big 12,possessionTime,24457,2026-09-29T20:11:43Z
2021,West Virginia,Big 12,possessionTimeOpponent,22343,2026-09-29T20:11:43Z
2021,West Virginia,Big 12,puntReturns,19,2026-09-29T20:11:43Z
2021,West Virginia,Big 12,puntReturnsOpponent,13,2026-09-29T20:11:43Z
2021,West Virginia,Big 12,puntReturnTDs,0,2026-09-29T20:11:43Z
2021,West Virginia,Big 12,puntReturnTDsOpponent,1,2026-09-29T20:11:43Z
2021,West Virginia,Big 12,puntReturnYards,59,2026-09-29T20:11:43Z
2021,West Virginia,Big 12,puntReturnYardsOpponent,80,2026-09-29T20:11:43Z
2021,West Virginia,Big 12,rushingAttempts,452,2026-09-29T20:11:43Z
2021,West Virginia,Big 12,rushingAttemptsOpponent,452,2026-09-29T20:11:43Z
2021,West Virginia,Big 12,rushingTDs,19,2026-09-29T20:11:43Z
2021,West Virginia,Big 12,rushingTDsOpponent,15,2026-09-29T20:11:43Z
2021,West Virginia,Big 12,rushingYards,1601,2026-09-29T20:11:43Z
2021,West Virginia,Big 12,rushingYardsOpponent,1808,2026-09-29T20:11:43Z
2021,West Virginia,Big 12,sacks,27,2026-09-29T20:11:43Z
2021,West Virginia,Big 12,sacksOpponent,38,2026-09-29T20:11:43Z
2021,West Virginia,Big 12,tacklesForLoss,82,2026-09-29T20:11:43Z
2021,West Virginia,Big 12,tacklesForLossOpponent,80,2026-09-29T20:11:43Z
2021,West Virginia,Big 12,thirdDownConversions,74,2026-09-29T20:11:43Z
2021,West Virginia,Big 12,thirdDownConversionsOpponent,60,2026-09-29T20:11:43Z
2021,West Virginia,Big 12,thirdDowns,186,2026-09-29T20:11:43Z
2021,West Virginia,Big 12,thirdDownsOpponent,173,2026-09-29T20:11:43Z
2021,West Virginia,Big 12,totalYards,4824,2026-09-29T20:11:43Z
2021,West Virginia,Big 12,totalYardsOpponent,4558,2026-09-29T20:11:43Z
2021,West Virginia,Big 12,turnovers,20,2026-09-29T20:11:43Z
2021,West Virginia,Big 12,turnoversOpponent,13,2026-09-29T20:11:43Z
2021,Wisconsin,Big Ten,firstDowns,261,2026-09-29T20:11:43Z
2021,Wisconsin,Big Ten,firstDownsOpponent,168,2026-09-29T20:11:43Z
2021,Wisconsin,Big Ten,fourthDownConversions,11,2026-09-29T20:11:43Z
2021,Wisconsin,Big Ten,fourthDownConversionsOpponent,11,2026-09-29T20:11:43Z
2021,Wisconsin,Big Ten,fourthDowns,20,2026-09-29T20:11:43Z
2021,Wisconsin,Big Ten,fourthDownsOpponent,27,2026-09-29T20:11:43Z
2021,Wisconsin,Big Ten,fumblesLost,10,2026-09-29T20:11:43Z
2021,Wisconsin,Big Ten,fumblesLostOpponent,8,2026-09-29T20:11:43Z
2021,Wisconsin,Big Ten,fumblesRecovered,11,2026-09-29T20:11:43Z
2021,Wisconsin,Big Ten,fumblesRecoveredOpponent,10,2026-09-29T20:11:43Z
2021,Wisconsin,Big Ten,games,13,2026-09-29T20:11:43Z
2021,Wisconsin,Big Ten,interceptions,13,2026-09-29T20:11:43Z
2021,Wisconsin,Big Ten,interceptionsOpponent,16,2026-09-29T20:11:43Z
2021,Wisconsin,Big Ten,interceptionTDs,2,2026-09-29T20:11:43Z
2021,Wisconsin,Big Ten,interceptionTDsOpponent,3,2026-09-29T20:11:43Z
2021,Wisconsin,Big Ten,interceptionYards,235,2026-09-29T20:11:43Z
2021,Wisconsin,Big Ten,interceptionYardsOpponent,309,2026-09-29T20:11:43Z
2021,Wisconsin,Big Ten,kickReturns,23,2026-09-29T20:11:43Z
2021,Wisconsin,Big Ten,kickReturnsOpponent,41,2026-09-29T20:11:43Z
2021,Wisconsin,Big Ten,kickReturnTDs,1,2026-09-29T20:11:43Z
2021,Wisconsin,Big Ten,kickReturnTDsOpponent,1,2026-09-29T20:11:43Z
2021,Wisconsin,Big Ten,kickReturnYards,377,2026-09-29T20:11:43Z
2021,Wisconsin,Big Ten,kickReturnYardsOpponent,594,2026-09-29T20:11:43Z
2021,Wisconsin,Big Ten,netPassingYards,2082,2026-09-29T20:11:43Z
2021,Wisconsin,Big Ten,netPassingYardsOpponent,2266,2026-09-29T20:11:43Z
2021,Wisconsin,Big Ten,passAttempts,300,2026-09-29T20:11:43Z
2021,Wisconsin,Big Ten,passAttemptsOpponent,348,2026-09-29T20:11:43Z
2021,Wisconsin,Big Ten,passCompletions,177,2026-09-29T20:11:43Z
2021,Wisconsin,Big Ten,passCompletionsOpponent,193,2026-09-29T20:11:43Z
2021,Wisconsin,Big Ten,passesIntercepted,16,2026-09-29T20:11:43Z
2021,Wisconsin,Big Ten,passesInterceptedOpponent,13,2026-09-29T20:11:43Z
2021,Wisconsin,Big Ten,passingTDs,11,2026-09-29T20:11:43Z
2021,Wisconsin,Big Ten,passingTDsOpponent,9,2026-09-29T20:11:43Z
2021,Wisconsin,Big Ten,penalties,70,2026-09-29T20:11:43Z
2021,Wisconsin,Big Ten,penaltiesOpponent,60,2026-09-29T20:11:43Z
2021,Wisconsin,Big Ten,penaltyYards,567,2026-09-29T20:11:43Z
2021,Wisconsin,Big Ten,penaltyYardsOpponent,527,2026-09-29T20:11:43Z
2021,Wisconsin,Big Ten,possessionTime,26357,2026-09-29T20:11:43Z
2021,Wisconsin,Big Ten,possessionTimeOpponent,20443,2026-09-29T20:11:43Z
2021,Wisconsin,Big Ten,puntReturns,19,2026-09-29T20:11:43Z
2021,Wisconsin,Big Ten,puntReturnsOpponent,21,2026-09-29T20:11:43Z
2021,Wisconsin,Big Ten,puntReturnTDs,0,2026-09-29T20:11:43Z
2021,Wisconsin,Big Ten,puntReturnTDsOpponent,0,2026-09-29T20:11:43Z
2021,Wisconsin,Big Ten,puntReturnYards,92,2026-09-29T20:11:43Z
2021,Wisconsin,Big Ten,puntReturnYardsOpponent,163,2026-09-29T20:11:43Z
2021,Wisconsin,Big Ten,rushingAttempts,567,2026-09-29T20:11:43Z
2021,Wisconsin,Big Ten,rushingAttemptsOpponent,398,2026-09-29T20:11:43Z
2021,Wisconsin,Big Ten,rushingTDs,26,2026-09-29T20:11:43Z
2021,Wisconsin,Big Ten,rushingTDsOpponent,10,2026-09-29T20:11:43Z
2021,Wisconsin,Big Ten,rushingYards,2742,2026-09-29T20:11:43Z
2021,Wisconsin,Big Ten,rushingYardsOpponent,842,2026-09-29T20:11:43Z
2021,Wisconsin,Big Ten,sacks,39,2026-09-29T20:11:43Z
2021,Wisconsin,Big Ten,sacksOpponent,17,2026-09-29T20:11:43Z
2021,Wisconsin,Big Ten,tacklesForLoss,91,2026-09-29T20:11:43Z
2021,Wisconsin,Big Ten,tacklesForLossOpponent,47,2026-09-29T20:11:43Z
2021,Wisconsin,Big Ten,thirdDownConversions,57,2026-09-29T20:11:43Z
2021,Wisconsin,Big Ten,thirdDownConversionsOpponent,48,2026-09-29T20:11:43Z
2021,Wisconsin,Big Ten,thirdDowns,169,2026-09-29T20:11:43Z
2021,Wisconsin,Big Ten,thirdDownsOpponent,167,2026-09-29T20:11:43Z
2021,Wisconsin,Big Ten,totalYards,4824,2026-09-29T20:11:43Z
2021,Wisconsin,Big Ten,totalYardsOpponent,3108,2026-09-29T20:11:43Z
2021,Wisconsin,Big Ten,turnovers,23,2026-09-29T20:11:43Z
2021,Wisconsin,Big Ten,turnoversOpponent,24,2026-09-29T20:11:43Z
2021,Wyoming,Mountain West,firstDowns,241,2026-09-29T20:11:43Z
2021,Wyoming,Mountain West,firstDownsOpponent,262,2026-09-29T20:11:43Z
2021,Wyoming,Mountain West,fourthDownConversions,7,2026-09-29T20:11:43Z
2021,Wyoming,Mountain West,fourthDownConversionsOpponent,8,2026-09-29T20:11:43Z
2021,Wyoming,Mountain West,fourthDowns,20,2026-09-29T20:11:43Z
2021,Wyoming,Mountain West,fourthDownsOpponent,25,2026-09-29T20:11:43Z
2021,Wyoming,Mountain West,fumblesLost,6,2026-09-29T20:11:43Z
2021,Wyoming,Mountain West,fumblesLostOpponent,5,2026-09-29T20:11:43Z
2021,Wyoming,Mountain West,fumblesRecovered,8,2026-09-29T20:11:43Z
2021,Wyoming,Mountain West,fumblesRecoveredOpponent,7,2026-09-29T20:11:43Z
2021,Wyoming,Mountain West,games,13,2026-09-29T20:11:43Z
2021,Wyoming,Mountain West,interceptions,12,2026-09-29T20:11:43Z
2021,Wyoming,Mountain West,interceptionsOpponent,10,2026-09-29T20:11:43Z
2021,Wyoming,Mountain West,interceptionTDs,3,2026-09-29T20:11:43Z
2021,Wyoming,Mountain West,interceptionTDsOpponent,0,2026-09-29T20:11:43Z
2021,Wyoming,Mountain West,interceptionYards,138,2026-09-29T20:11:43Z
2021,Wyoming,Mountain West,interceptionYardsOpponent,145,2026-09-29T20:11:43Z
2021,Wyoming,Mountain West,kickReturns,20,2026-09-29T20:11:43Z
2021,Wyoming,Mountain West,kickReturnsOpponent,33,2026-09-29T20:11:43Z
2021,Wyoming,Mountain West,kickReturnTDs,1,2026-09-29T20:11:43Z
2021,Wyoming,Mountain West,kickReturnTDsOpponent,0,2026-09-29T20:11:43Z
2021,Wyoming,Mountain West,kickReturnYards,460,2026-09-29T20:11:43Z
2021,Wyoming,Mountain West,kickReturnYardsOpponent,651,2026-09-29T20:11:43Z
2021,Wyoming,Mountain West,netPassingYards,2115,2026-09-29T20:11:43Z
2021,Wyoming,Mountain West,netPassingYardsOpponent,2467,2026-09-29T20:11:43Z
2021,Wyoming,Mountain West,passAttempts,297,2026-09-29T20:11:43Z
2021,Wyoming,Mountain West,passAttemptsOpponent,378,2026-09-29T20:11:43Z
2021,Wyoming,Mountain West,passCompletions,162,2026-09-29T20:11:43Z
2021,Wyoming,Mountain West,passCompletionsOpponent,220,2026-09-29T20:11:43Z
2021,Wyoming,Mountain West,passesIntercepted,10,2026-09-29T20:11:43Z
2021,Wyoming,Mountain West,passesInterceptedOpponent,12,2026-09-29T20:11:43Z
2021,Wyoming,Mountain West,passingTDs,15,2026-09-29T20:11:43Z
2021,Wyoming,Mountain West,passingTDsOpponent,21,2026-09-29T20:11:43Z
2021,Wyoming,Mountain West,penalties,66,2026-09-29T20:11:43Z
2021,Wyoming,Mountain West,penaltiesOpponent,61,2026-09-29T20:11:43Z
2021,Wyoming,Mountain West,penaltyYards,584,2026-09-29T20:11:43Z
2021,Wyoming,Mountain West,penaltyYardsOpponent,511,2026-09-29T20:11:43Z
2021,Wyoming,Mountain West,possessionTime,23353,2026-09-29T20:11:43Z
2021,Wyoming,Mountain West,possessionTimeOpponent,23447,2026-09-29T20:11:43Z
2021,Wyoming,Mountain West,puntReturns,12,2026-09-29T20:11:43Z
2021,Wyoming,Mountain West,puntReturnsOpponent,16,2026-09-29T20:11:43Z
2021,Wyoming,Mountain West,puntReturnTDs,0,2026-09-29T20:11:43Z
2021,Wyoming,Mountain West,puntReturnTDsOpponent,0,2026-09-29T20:11:43Z
2021,Wyoming,Mountain West,puntReturnYards,46,2026-09-29T20:11:43Z
2021,Wyoming,Mountain West,puntReturnYardsOpponent,146,2026-09-29T20:11:43Z
2021,Wyoming,Mountain West,rushingAttempts,543,2026-09-29T20:11:43Z
2021,Wyoming,Mountain West,rushingAttemptsOpponent,514,2026-09-29T20:11:43Z
2021,Wyoming,Mountain West,rushingTDs,24,2026-09-29T20:11:43Z
2021,Wyoming,Mountain West,rushingTDsOpponent,17,2026-09-29T20:11:43Z
2021,Wyoming,Mountain West,rushingYards,2752,2026-09-29T20:11:43Z
2021,Wyoming,Mountain West,rushingYardsOpponent,2348,2026-09-29T20:11:43Z
2021,Wyoming,Mountain West,sacks,24,2026-09-29T20:11:43Z
2021,Wyoming,Mountain West,sacksOpponent,22,2026-09-29T20:11:43Z
2021,Wyoming,Mountain West,tacklesForLoss,57,2026-09-29T20:11:43Z
2021,Wyoming,Mountain West,tacklesForLossOpponent,55,2026-09-29T20:11:43Z
2021,Wyoming,Mountain West,thirdDownConversions,75,2026-09-29T20:11:43Z
2021,Wyoming,Mountain West,thirdDownConversionsOpponent,79,2026-09-29T20:11:43Z
2021,Wyoming,Mountain West,thirdDowns,173,2026-09-29T20:11:43Z
2021,Wyoming,Mountain West,thirdDownsOpponent,189,2026-09-29T20:11:43Z
2021,Wyoming,Mountain West,totalYards,4867,2026-09-29T20:11:43Z
2021,Wyoming,Mountain West,totalYardsOpponent,4815,2026-09-29T20:11:43Z
2021,Wyoming,Mountain West,turnovers,18,2026-09-29T20:11:43Z
2021,Wyoming,Mountain West,turnoversOpponent,15,2026-09-29T20:11:43Z
