season,team,conference,statName,statValue,fetched_at
2024,Air Force,Mountain West,firstDowns,215,2026-09-29T20:12:41Z
2024,Air Force,Mountain West,firstDownsOpponent,204,2026-09-29T20:12:41Z
2024,Air Force,Mountain West,fourthDownConversions,23,2026-09-29T20:12:41Z
2024,Air Force,Mountain West,fourthDownConversionsOpponent,15,2026-09-29T20:12:41Z
2024,Air Force,Mountain West,fourthDowns,36,2026-09-29T20:12:41Z
2024,Air Force,Mountain West,fourthDownsOpponent,27,2026-09-29T20:12:41Z
2024,Air Force,Mountain West,fumblesLost,5,2026-09-29T20:12:41Z
2024,Air Force,Mountain West,fumblesLostOpponent,8,2026-09-29T20:12:41Z
2024,Air Force,Mountain West,fumblesRecovered,8,2026-09-29T20:12:41Z
2024,Air Force,Mountain West,fumblesRecoveredOpponent,5,2026-09-29T20:12:41Z
2024,Air Force,Mountain West,games,12,2026-09-29T20:12:41Z
2024,Air Force,Mountain West,interceptions,10,2026-09-29T20:12:41Z
2024,Air Force,Mountain West,interceptionsOpponent,4,2026-09-29T20:12:41Z
2024,Air Force,Mountain West,interceptionTDs,0,2026-09-29T20:12:41Z
2024,Air Force,Mountain West,interceptionTDsOpponent,0,2026-09-29T20:12:41Z
2024,Air Force,Mountain West,interceptionYards,80,2026-09-29T20:12:41Z
2024,Air Force,Mountain West,interceptionYardsOpponent,149,2026-09-29T20:12:41Z
2024,Air Force,Mountain West,kickReturns,5,2026-09-29T20:12:41Z
2024,Air Force,Mountain West,kickReturnsOpponent,19,2026-09-29T20:12:41Z
2024,Air Force,Mountain West,kickReturnTDs,0,2026-09-29T20:12:41Z
2024,Air Force,Mountain West,kickReturnTDsOpponent,0,2026-09-29T20:12:41Z
2024,Air Force,Mountain West,kickReturnYards,73,2026-09-29T20:12:41Z
2024,Air Force,Mountain West,kickReturnYardsOpponent,365,2026-09-29T20:12:41Z
2024,Air Force,Mountain West,netPassingYards,1077,2026-09-29T20:12:41Z
2024,Air Force,Mountain West,netPassingYardsOpponent,2262,2026-09-29T20:12:41Z
2024,Air Force,Mountain West,passAttempts,138,2026-09-29T20:12:41Z
2024,Air Force,Mountain West,passAttemptsOpponent,289,2026-09-29T20:12:41Z
2024,Air Force,Mountain West,passCompletions,62,2026-09-29T20:12:41Z
2024,Air Force,Mountain West,passCompletionsOpponent,187,2026-09-29T20:12:41Z
2024,Air Force,Mountain West,passesIntercepted,4,2026-09-29T20:12:41Z
2024,Air Force,Mountain West,passesInterceptedOpponent,10,2026-09-29T20:12:41Z
2024,Air Force,Mountain West,passingTDs,5,2026-09-29T20:12:41Z
2024,Air Force,Mountain West,passingTDsOpponent,12,2026-09-29T20:12:41Z
2024,Air Force,Mountain West,penalties,36,2026-09-29T20:12:41Z
2024,Air Force,Mountain West,penaltiesOpponent,63,2026-09-29T20:12:41Z
2024,Air Force,Mountain West,penaltyYards,336,2026-09-29T20:12:41Z
2024,Air Force,Mountain West,penaltyYardsOpponent,581,2026-09-29T20:12:41Z
2024,Air Force,Mountain West,possessionTime,24457,2026-09-29T20:12:41Z
2024,Air Force,Mountain West,possessionTimeOpponent,18743,2026-09-29T20:12:41Z
2024,Air Force,Mountain West,puntReturns,8,2026-09-29T20:12:41Z
2024,Air Force,Mountain West,puntReturnsOpponent,12,2026-09-29T20:12:41Z
2024,Air Force,Mountain West,puntReturnTDs,0,2026-09-29T20:12:41Z
2024,Air Force,Mountain West,puntReturnTDsOpponent,1,2026-09-29T20:12:41Z
2024,Air Force,Mountain West,puntReturnYards,42,2026-09-29T20:12:41Z
2024,Air Force,Mountain West,puntReturnYardsOpponent,165,2026-09-29T20:12:41Z
2024,Air Force,Mountain West,rushingAttempts,668,2026-09-29T20:12:41Z
2024,Air Force,Mountain West,rushingAttemptsOpponent,401,2026-09-29T20:12:41Z
2024,Air Force,Mountain West,rushingTDs,24,2026-09-29T20:12:41Z
2024,Air Force,Mountain West,rushingTDsOpponent,23,2026-09-29T20:12:41Z
2024,Air Force,Mountain West,rushingYards,2696,2026-09-29T20:12:41Z
2024,Air Force,Mountain West,rushingYardsOpponent,1845,2026-09-29T20:12:41Z
2024,Air Force,Mountain West,sacks,18,2026-09-29T20:12:41Z
2024,Air Force,Mountain West,sacksOpponent,17,2026-09-29T20:12:41Z
2024,Air Force,Mountain West,tacklesForLoss,52,2026-09-29T20:12:41Z
2024,Air Force,Mountain West,tacklesForLossOpponent,59,2026-09-29T20:12:41Z
2024,Air Force,Mountain West,thirdDownConversions,78,2026-09-29T20:12:41Z
2024,Air Force,Mountain West,thirdDownConversionsOpponent,52,2026-09-29T20:12:41Z
2024,Air Force,Mountain West,thirdDowns,184,2026-09-29T20:12:41Z
2024,Air Force,Mountain West,thirdDownsOpponent,140,2026-09-29T20:12:41Z
2024,Air Force,Mountain West,totalYards,3773,2026-09-29T20:12:41Z
2024,Air Force,Mountain West,totalYardsOpponent,4107,2026-09-29T20:12:41Z
2024,Air Force,Mountain West,turnovers,15,2026-09-29T20:12:41Z
2024,Air Force,Mountain West,turnoversOpponent,12,2026-09-29T20:12:41Z
2024,Akron,Mid-American,firstDowns,215,2026-09-29T20:12:41Z
2024,Akron,Mid-American,firstDownsOpponent,244,2026-09-29T20:12:41Z
2024,Akron,Mid-American,fourthDownConversions,5,2026-09-29T20:12:41Z
2024,Akron,Mid-American,fourthDownConversionsOpponent,15,2026-09-29T20:12:41Z
2024,Akron,Mid-American,fourthDowns,16,2026-09-29T20:12:41Z
2024,Akron,Mid-American,fourthDownsOpponent,26,2026-09-29T20:12:41Z
2024,Akron,Mid-American,fumblesLost,10,2026-09-29T20:12:41Z
2024,Akron,Mid-American,fumblesLostOpponent,7,2026-09-29T20:12:41Z
2024,Akron,Mid-American,fumblesRecovered,7,2026-09-29T20:12:41Z
2024,Akron,Mid-American,fumblesRecoveredOpponent,10,2026-09-29T20:12:41Z
2024,Akron,Mid-American,games,12,2026-09-29T20:12:41Z
2024,Akron,Mid-American,interceptions,10,2026-09-29T20:12:41Z
2024,Akron,Mid-American,interceptionsOpponent,3,2026-09-29T20:12:41Z
2024,Akron,Mid-American,interceptionTDs,0,2026-09-29T20:12:41Z
2024,Akron,Mid-American,interceptionTDsOpponent,1,2026-09-29T20:12:41Z
2024,Akron,Mid-American,interceptionYards,27,2026-09-29T20:12:41Z
2024,Akron,Mid-American,interceptionYardsOpponent,84,2026-09-29T20:12:41Z
2024,Akron,Mid-American,kickReturns,25,2026-09-29T20:12:41Z
2024,Akron,Mid-American,kickReturnsOpponent,15,2026-09-29T20:12:41Z
2024,Akron,Mid-American,kickReturnTDs,0,2026-09-29T20:12:41Z
2024,Akron,Mid-American,kickReturnTDsOpponent,0,2026-09-29T20:12:41Z
2024,Akron,Mid-American,kickReturnYards,395,2026-09-29T20:12:41Z
2024,Akron,Mid-American,kickReturnYardsOpponent,294,2026-09-29T20:12:41Z
2024,Akron,Mid-American,netPassingYards,2790,2026-09-29T20:12:41Z
2024,Akron,Mid-American,netPassingYardsOpponent,2780,2026-09-29T20:12:41Z
2024,Akron,Mid-American,passAttempts,420,2026-09-29T20:12:41Z
2024,Akron,Mid-American,passAttemptsOpponent,343,2026-09-29T20:12:41Z
2024,Akron,Mid-American,passCompletions,234,2026-09-29T20:12:41Z
2024,Akron,Mid-American,passCompletionsOpponent,221,2026-09-29T20:12:41Z
2024,Akron,Mid-American,passesIntercepted,3,2026-09-29T20:12:41Z
2024,Akron,Mid-American,passesInterceptedOpponent,10,2026-09-29T20:12:41Z
2024,Akron,Mid-American,passingTDs,16,2026-09-29T20:12:41Z
2024,Akron,Mid-American,passingTDsOpponent,24,2026-09-29T20:12:41Z
2024,Akron,Mid-American,penalties,76,2026-09-29T20:12:41Z
2024,Akron,Mid-American,penaltiesOpponent,80,2026-09-29T20:12:41Z
2024,Akron,Mid-American,penaltyYards,584,2026-09-29T20:12:41Z
2024,Akron,Mid-American,penaltyYardsOpponent,641,2026-09-29T20:12:41Z
2024,Akron,Mid-American,possessionTime,20556,2026-09-29T20:12:41Z
2024,Akron,Mid-American,possessionTimeOpponent,22644,2026-09-29T20:12:41Z
2024,Akron,Mid-American,puntReturns,8,2026-09-29T20:12:41Z
2024,Akron,Mid-American,puntReturnsOpponent,16,2026-09-29T20:12:41Z
2024,Akron,Mid-American,puntReturnTDs,2,2026-09-29T20:12:41Z
2024,Akron,Mid-American,puntReturnTDsOpponent,0,2026-09-29T20:12:41Z
2024,Akron,Mid-American,puntReturnYards,27,2026-09-29T20:12:41Z
2024,Akron,Mid-American,puntReturnYardsOpponent,147,2026-09-29T20:12:41Z
2024,Akron,Mid-American,rushingAttempts,342,2026-09-29T20:12:41Z
2024,Akron,Mid-American,rushingAttemptsOpponent,469,2026-09-29T20:12:41Z
2024,Akron,Mid-American,rushingTDs,11,2026-09-29T20:12:41Z
2024,Akron,Mid-American,rushingTDsOpponent,23,2026-09-29T20:12:41Z
2024,Akron,Mid-American,rushingYards,1206,2026-09-29T20:12:41Z
2024,Akron,Mid-American,rushingYardsOpponent,2184,2026-09-29T20:12:41Z
2024,Akron,Mid-American,sacks,18,2026-09-29T20:12:41Z
2024,Akron,Mid-American,sacksOpponent,29,2026-09-29T20:12:41Z
2024,Akron,Mid-American,tacklesForLoss,60,2026-09-29T20:12:41Z
2024,Akron,Mid-American,tacklesForLossOpponent,63,2026-09-29T20:12:41Z
2024,Akron,Mid-American,thirdDownConversions,58,2026-09-29T20:12:41Z
2024,Akron,Mid-American,thirdDownConversionsOpponent,62,2026-09-29T20:12:41Z
2024,Akron,Mid-American,thirdDowns,162,2026-09-29T20:12:41Z
2024,Akron,Mid-American,thirdDownsOpponent,163,2026-09-29T20:12:41Z
2024,Akron,Mid-American,totalYards,3996,2026-09-29T20:12:41Z
2024,Akron,Mid-American,totalYardsOpponent,4964,2026-09-29T20:12:41Z
2024,Akron,Mid-American,turnovers,20,2026-09-29T20:12:41Z
2024,Akron,Mid-American,turnoversOpponent,10,2026-09-29T20:12:41Z
2024,Alabama,SEC,firstDowns,271,2026-09-29T20:12:41Z
2024,Alabama,SEC,firstDownsOpponent,245,2026-09-29T20:12:41Z
2024,Alabama,SEC,fourthDownConversions,8,2026-09-29T20:12:41Z
2024,Alabama,SEC,fourthDownConversionsOpponent,15,2026-09-29T20:12:41Z
2024,Alabama,SEC,fourthDowns,16,2026-09-29T20:12:41Z
2024,Alabama,SEC,fourthDownsOpponent,23,2026-09-29T20:12:41Z
2024,Alabama,SEC,fumblesLost,10,2026-09-29T20:12:41Z
2024,Alabama,SEC,fumblesLostOpponent,11,2026-09-29T20:12:41Z
2024,Alabama,SEC,fumblesRecovered,11,2026-09-29T20:12:41Z
2024,Alabama,SEC,fumblesRecoveredOpponent,10,2026-09-29T20:12:41Z
2024,Alabama,SEC,games,13,2026-09-29T20:12:41Z
2024,Alabama,SEC,interceptions,11,2026-09-29T20:12:41Z
2024,Alabama,SEC,interceptionsOpponent,17,2026-09-29T20:12:41Z
2024,Alabama,SEC,interceptionTDs,0,2026-09-29T20:12:41Z
2024,Alabama,SEC,interceptionTDsOpponent,2,2026-09-29T20:12:41Z
2024,Alabama,SEC,interceptionYards,242,2026-09-29T20:12:41Z
2024,Alabama,SEC,interceptionYardsOpponent,200,2026-09-29T20:12:41Z
2024,Alabama,SEC,kickReturns,14,2026-09-29T20:12:41Z
2024,Alabama,SEC,kickReturnsOpponent,26,2026-09-29T20:12:41Z
2024,Alabama,SEC,kickReturnTDs,0,2026-09-29T20:12:41Z
2024,Alabama,SEC,kickReturnTDsOpponent,0,2026-09-29T20:12:41Z
2024,Alabama,SEC,kickReturnYards,282,2026-09-29T20:12:41Z
2024,Alabama,SEC,kickReturnYardsOpponent,478,2026-09-29T20:12:41Z
2024,Alabama,SEC,netPassingYards,3073,2026-09-29T20:12:41Z
2024,Alabama,SEC,netPassingYardsOpponent,2369,2026-09-29T20:12:41Z
2024,Alabama,SEC,passAttempts,354,2026-09-29T20:12:41Z
2024,Alabama,SEC,passAttemptsOpponent,395,2026-09-29T20:12:41Z
2024,Alabama,SEC,passCompletions,226,2026-09-29T20:12:41Z
2024,Alabama,SEC,passCompletionsOpponent,236,2026-09-29T20:12:41Z
2024,Alabama,SEC,passesIntercepted,17,2026-09-29T20:12:41Z
2024,Alabama,SEC,passesInterceptedOpponent,11,2026-09-29T20:12:41Z
2024,Alabama,SEC,passingTDs,17,2026-09-29T20:12:41Z
2024,Alabama,SEC,passingTDsOpponent,13,2026-09-29T20:12:41Z
2024,Alabama,SEC,penalties,95,2026-09-29T20:12:41Z
2024,Alabama,SEC,penaltiesOpponent,75,2026-09-29T20:12:41Z
2024,Alabama,SEC,penaltyYards,897,2026-09-29T20:12:41Z
2024,Alabama,SEC,penaltyYardsOpponent,622,2026-09-29T20:12:41Z
2024,Alabama,SEC,possessionTime,22878,2026-09-29T20:12:41Z
2024,Alabama,SEC,possessionTimeOpponent,23922,2026-09-29T20:12:41Z
2024,Alabama,SEC,puntReturns,25,2026-09-29T20:12:41Z
2024,Alabama,SEC,puntReturnsOpponent,8,2026-09-29T20:12:41Z
2024,Alabama,SEC,puntReturnTDs,0,2026-09-29T20:12:41Z
2024,Alabama,SEC,puntReturnTDsOpponent,0,2026-09-29T20:12:41Z
2024,Alabama,SEC,puntReturnYards,224,2026-09-29T20:12:41Z
2024,Alabama,SEC,puntReturnYardsOpponent,8,2026-09-29T20:12:41Z
2024,Alabama,SEC,rushingAttempts,487,2026-09-29T20:12:41Z
2024,Alabama,SEC,rushingAttemptsOpponent,484,2026-09-29T20:12:41Z
2024,Alabama,SEC,rushingTDs,41,2026-09-29T20:12:41Z
2024,Alabama,SEC,rushingTDsOpponent,10,2026-09-29T20:12:41Z
2024,Alabama,SEC,rushingYards,2262,2026-09-29T20:12:41Z
2024,Alabama,SEC,rushingYardsOpponent,1801,2026-09-29T20:12:41Z
2024,Alabama,SEC,sacks,25,2026-09-29T20:12:41Z
2024,Alabama,SEC,sacksOpponent,24,2026-09-29T20:12:41Z
2024,Alabama,SEC,tacklesForLoss,71,2026-09-29T20:12:41Z
2024,Alabama,SEC,tacklesForLossOpponent,77,2026-09-29T20:12:41Z
2024,Alabama,SEC,thirdDownConversions,78,2026-09-29T20:12:41Z
2024,Alabama,SEC,thirdDownConversionsOpponent,62,2026-09-29T20:12:41Z
2024,Alabama,SEC,thirdDowns,164,2026-09-29T20:12:41Z
2024,Alabama,SEC,thirdDownsOpponent,192,2026-09-29T20:12:41Z
2024,Alabama,SEC,totalYards,5335,2026-09-29T20:12:41Z
2024,Alabama,SEC,totalYardsOpponent,4170,2026-09-29T20:12:41Z
2024,Alabama,SEC,turnovers,21,2026-09-29T20:12:41Z
2024,Alabama,SEC,turnoversOpponent,28,2026-09-29T20:12:41Z
2024,App State,Sun Belt,firstDowns,263,2026-09-29T20:12:41Z
2024,App State,Sun Belt,firstDownsOpponent,234,2026-09-29T20:12:41Z
2024,App State,Sun Belt,fourthDownConversions,13,2026-09-29T20:12:41Z
2024,App State,Sun Belt,fourthDownConversionsOpponent,6,2026-09-29T20:12:41Z
2024,App State,Sun Belt,fourthDowns,22,2026-09-29T20:12:41Z
2024,App State,Sun Belt,fourthDownsOpponent,15,2026-09-29T20:12:41Z
2024,App State,Sun Belt,fumblesLost,6,2026-09-29T20:12:41Z
2024,App State,Sun Belt,fumblesLostOpponent,9,2026-09-29T20:12:41Z
2024,App State,Sun Belt,fumblesRecovered,9,2026-09-29T20:12:41Z
2024,App State,Sun Belt,fumblesRecoveredOpponent,6,2026-09-29T20:12:41Z
2024,App State,Sun Belt,games,11,2026-09-29T20:12:41Z
2024,App State,Sun Belt,interceptions,16,2026-09-29T20:12:41Z
2024,App State,Sun Belt,interceptionsOpponent,4,2026-09-29T20:12:41Z
2024,App State,Sun Belt,interceptionTDs,0,2026-09-29T20:12:41Z
2024,App State,Sun Belt,interceptionTDsOpponent,2,2026-09-29T20:12:41Z
2024,App State,Sun Belt,interceptionYards,21,2026-09-29T20:12:41Z
2024,App State,Sun Belt,interceptionYardsOpponent,213,2026-09-29T20:12:41Z
2024,App State,Sun Belt,kickReturns,25,2026-09-29T20:12:41Z
2024,App State,Sun Belt,kickReturnsOpponent,27,2026-09-29T20:12:41Z
2024,App State,Sun Belt,kickReturnTDs,0,2026-09-29T20:12:41Z
2024,App State,Sun Belt,kickReturnTDsOpponent,0,2026-09-29T20:12:41Z
2024,App State,Sun Belt,kickReturnYards,500,2026-09-29T20:12:41Z
2024,App State,Sun Belt,kickReturnYardsOpponent,505,2026-09-29T20:12:41Z
2024,App State,Sun Belt,netPassingYards,3002,2026-09-29T20:12:41Z
2024,App State,Sun Belt,netPassingYardsOpponent,2361,2026-09-29T20:12:41Z
2024,App State,Sun Belt,passAttempts,392,2026-09-29T20:12:41Z
2024,App State,Sun Belt,passAttemptsOpponent,281,2026-09-29T20:12:41Z
2024,App State,Sun Belt,passCompletions,218,2026-09-29T20:12:41Z
2024,App State,Sun Belt,passCompletionsOpponent,193,2026-09-29T20:12:41Z
2024,App State,Sun Belt,passesIntercepted,4,2026-09-29T20:12:41Z
2024,App State,Sun Belt,passesInterceptedOpponent,16,2026-09-29T20:12:41Z
2024,App State,Sun Belt,passingTDs,23,2026-09-29T20:12:41Z
2024,App State,Sun Belt,passingTDsOpponent,20,2026-09-29T20:12:41Z
2024,App State,Sun Belt,penalties,66,2026-09-29T20:12:41Z
2024,App State,Sun Belt,penaltiesOpponent,77,2026-09-29T20:12:41Z
2024,App State,Sun Belt,penaltyYards,627,2026-09-29T20:12:41Z
2024,App State,Sun Belt,penaltyYardsOpponent,702,2026-09-29T20:12:41Z
2024,App State,Sun Belt,possessionTime,19872,2026-09-29T20:12:41Z
2024,App State,Sun Belt,possessionTimeOpponent,19663,2026-09-29T20:12:41Z
2024,App State,Sun Belt,puntReturns,6,2026-09-29T20:12:41Z
2024,App State,Sun Belt,puntReturnsOpponent,20,2026-09-29T20:12:41Z
2024,App State,Sun Belt,puntReturnTDs,1,2026-09-29T20:12:41Z
2024,App State,Sun Belt,puntReturnTDsOpponent,0,2026-09-29T20:12:41Z
2024,App State,Sun Belt,puntReturnYards,99,2026-09-29T20:12:41Z
2024,App State,Sun Belt,puntReturnYardsOpponent,170,2026-09-29T20:12:41Z
2024,App State,Sun Belt,rushingAttempts,384,2026-09-29T20:12:41Z
2024,App State,Sun Belt,rushingAttemptsOpponent,410,2026-09-29T20:12:41Z
2024,App State,Sun Belt,rushingTDs,13,2026-09-29T20:12:41Z
2024,App State,Sun Belt,rushingTDsOpponent,24,2026-09-29T20:12:41Z
2024,App State,Sun Belt,rushingYards,1731,2026-09-29T20:12:41Z
2024,App State,Sun Belt,rushingYardsOpponent,2179,2026-09-29T20:12:41Z
2024,App State,Sun Belt,sacks,23,2026-09-29T20:12:41Z
2024,App State,Sun Belt,sacksOpponent,14,2026-09-29T20:12:41Z
2024,App State,Sun Belt,tacklesForLoss,47,2026-09-29T20:12:41Z
2024,App State,Sun Belt,tacklesForLossOpponent,45,2026-09-29T20:12:41Z
2024,App State,Sun Belt,thirdDownConversions,62,2026-09-29T20:12:41Z
2024,App State,Sun Belt,thirdDownConversionsOpponent,57,2026-09-29T20:12:41Z
2024,App State,Sun Belt,thirdDowns,145,2026-09-29T20:12:41Z
2024,App State,Sun Belt,thirdDownsOpponent,127,2026-09-29T20:12:41Z
2024,App State,Sun Belt,totalYards,4733,2026-09-29T20:12:41Z
2024,App State,Sun Belt,totalYardsOpponent,4540,2026-09-29T20:12:41Z
2024,App State,Sun Belt,turnovers,22,2026-09-29T20:12:41Z
2024,App State,Sun Belt,turnoversOpponent,13,2026-09-29T20:12:41Z
2024,Arizona,Big 12,firstDowns,222,2026-09-29T20:12:41Z
2024,Arizona,Big 12,firstDownsOpponent,250,2026-09-29T20:12:41Z
2024,Arizona,Big 12,fourthDownConversions,8,2026-09-29T20:12:41Z
2024,Arizona,Big 12,fourthDownConversionsOpponent,14,2026-09-29T20:12:41Z
2024,Arizona,Big 12,fourthDowns,19,2026-09-29T20:12:41Z
2024,Arizona,Big 12,fourthDownsOpponent,28,2026-09-29T20:12:41Z
2024,Arizona,Big 12,fumblesLost,7,2026-09-29T20:12:41Z
2024,Arizona,Big 12,fumblesLostOpponent,7,2026-09-29T20:12:41Z
2024,Arizona,Big 12,fumblesRecovered,8,2026-09-29T20:12:41Z
2024,Arizona,Big 12,fumblesRecoveredOpponent,7,2026-09-29T20:12:41Z
2024,Arizona,Big 12,games,12,2026-09-29T20:12:41Z
2024,Arizona,Big 12,interceptions,13,2026-09-29T20:12:41Z
2024,Arizona,Big 12,interceptionsOpponent,8,2026-09-29T20:12:41Z
2024,Arizona,Big 12,interceptionTDs,0,2026-09-29T20:12:41Z
2024,Arizona,Big 12,interceptionTDsOpponent,1,2026-09-29T20:12:41Z
2024,Arizona,Big 12,interceptionYards,17,2026-09-29T20:12:41Z
2024,Arizona,Big 12,interceptionYardsOpponent,130,2026-09-29T20:12:41Z
2024,Arizona,Big 12,kickReturns,32,2026-09-29T20:12:41Z
2024,Arizona,Big 12,kickReturnsOpponent,2,2026-09-29T20:12:41Z
2024,Arizona,Big 12,kickReturnTDs,0,2026-09-29T20:12:41Z
2024,Arizona,Big 12,kickReturnTDsOpponent,0,2026-09-29T20:12:41Z
2024,Arizona,Big 12,kickReturnYards,712,2026-09-29T20:12:41Z
2024,Arizona,Big 12,kickReturnYardsOpponent,25,2026-09-29T20:12:41Z
2024,Arizona,Big 12,netPassingYards,2975,2026-09-29T20:12:41Z
2024,Arizona,Big 12,netPassingYardsOpponent,2868,2026-09-29T20:12:41Z
2024,Arizona,Big 12,passAttempts,437,2026-09-29T20:12:41Z
2024,Arizona,Big 12,passAttemptsOpponent,355,2026-09-29T20:12:41Z
2024,Arizona,Big 12,passCompletions,262,2026-09-29T20:12:41Z
2024,Arizona,Big 12,passCompletionsOpponent,226,2026-09-29T20:12:41Z
2024,Arizona,Big 12,passesIntercepted,6,2026-09-29T20:12:41Z
2024,Arizona,Big 12,passesInterceptedOpponent,13,2026-09-29T20:12:41Z
2024,Arizona,Big 12,passingTDs,18,2026-09-29T20:12:41Z
2024,Arizona,Big 12,passingTDsOpponent,22,2026-09-29T20:12:41Z
2024,Arizona,Big 12,penalties,78,2026-09-29T20:12:41Z
2024,Arizona,Big 12,penaltiesOpponent,60,2026-09-29T20:12:41Z
2024,Arizona,Big 12,penaltyYards,691,2026-09-29T20:12:41Z
2024,Arizona,Big 12,penaltyYardsOpponent,534,2026-09-29T20:12:41Z
2024,Arizona,Big 12,possessionTime,21421,2026-09-29T20:12:41Z
2024,Arizona,Big 12,possessionTimeOpponent,21779,2026-09-29T20:12:41Z
2024,Arizona,Big 12,puntReturns,17,2026-09-29T20:12:41Z
2024,Arizona,Big 12,puntReturnsOpponent,16,2026-09-29T20:12:41Z
2024,Arizona,Big 12,puntReturnTDs,0,2026-09-29T20:12:41Z
2024,Arizona,Big 12,puntReturnTDsOpponent,1,2026-09-29T20:12:41Z
2024,Arizona,Big 12,puntReturnYards,95,2026-09-29T20:12:41Z
2024,Arizona,Big 12,puntReturnYardsOpponent,186,2026-09-29T20:12:41Z
2024,Arizona,Big 12,rushingAttempts,329,2026-09-29T20:12:41Z
2024,Arizona,Big 12,rushingAttemptsOpponent,417,2026-09-29T20:12:41Z
2024,Arizona,Big 12,rushingTDs,11,2026-09-29T20:12:41Z
2024,Arizona,Big 12,rushingTDsOpponent,25,2026-09-29T20:12:41Z
2024,Arizona,Big 12,rushingYards,1280,2026-09-29T20:12:41Z
2024,Arizona,Big 12,rushingYardsOpponent,2123,2026-09-29T20:12:41Z
2024,Arizona,Big 12,sacks,20,2026-09-29T20:12:41Z
2024,Arizona,Big 12,sacksOpponent,36,2026-09-29T20:12:41Z
2024,Arizona,Big 12,tacklesForLoss,57,2026-09-29T20:12:41Z
2024,Arizona,Big 12,tacklesForLossOpponent,63,2026-09-29T20:12:41Z
2024,Arizona,Big 12,thirdDownConversions,73,2026-09-29T20:12:41Z
2024,Arizona,Big 12,thirdDownConversionsOpponent,62,2026-09-29T20:12:41Z
2024,Arizona,Big 12,thirdDowns,170,2026-09-29T20:12:41Z
2024,Arizona,Big 12,thirdDownsOpponent,152,2026-09-29T20:12:41Z
2024,Arizona,Big 12,totalYards,4255,2026-09-29T20:12:41Z
2024,Arizona,Big 12,totalYardsOpponent,4991,2026-09-29T20:12:41Z
2024,Arizona,Big 12,turnovers,20,2026-09-29T20:12:41Z
2024,Arizona,Big 12,turnoversOpponent,15,2026-09-29T20:12:41Z
2024,Arizona State,Big 12,firstDowns,315,2026-09-29T20:12:41Z
2024,Arizona State,Big 12,firstDownsOpponent,283,2026-09-29T20:12:41Z
2024,Arizona State,Big 12,fourthDownConversions,19,2026-09-29T20:12:41Z
2024,Arizona State,Big 12,fourthDownConversionsOpponent,13,2026-09-29T20:12:41Z
2024,Arizona State,Big 12,fourthDowns,36,2026-09-29T20:12:41Z
2024,Arizona State,Big 12,fourthDownsOpponent,24,2026-09-29T20:12:41Z
2024,Arizona State,Big 12,fumblesLost,3,2026-09-29T20:12:41Z
2024,Arizona State,Big 12,fumblesLostOpponent,7,2026-09-29T20:12:41Z
2024,Arizona State,Big 12,fumblesRecovered,5,2026-09-29T20:12:41Z
2024,Arizona State,Big 12,fumblesRecoveredOpponent,3,2026-09-29T20:12:41Z
2024,Arizona State,Big 12,games,14,2026-09-29T20:12:41Z
2024,Arizona State,Big 12,interceptions,6,2026-09-29T20:12:41Z
2024,Arizona State,Big 12,interceptionsOpponent,16,2026-09-29T20:12:41Z
2024,Arizona State,Big 12,interceptionTDs,2,2026-09-29T20:12:41Z
2024,Arizona State,Big 12,interceptionTDsOpponent,0,2026-09-29T20:12:41Z
2024,Arizona State,Big 12,interceptionYards,155,2026-09-29T20:12:41Z
2024,Arizona State,Big 12,interceptionYardsOpponent,4,2026-09-29T20:12:41Z
2024,Arizona State,Big 12,kickReturns,11,2026-09-29T20:12:41Z
2024,Arizona State,Big 12,kickReturnsOpponent,27,2026-09-29T20:12:41Z
2024,Arizona State,Big 12,kickReturnTDs,0,2026-09-29T20:12:41Z
2024,Arizona State,Big 12,kickReturnTDsOpponent,0,2026-09-29T20:12:41Z
2024,Arizona State,Big 12,kickReturnYards,181,2026-09-29T20:12:41Z
2024,Arizona State,Big 12,kickReturnYardsOpponent,481,2026-09-29T20:12:41Z
2024,Arizona State,Big 12,netPassingYards,3213,2026-09-29T20:12:41Z
2024,Arizona State,Big 12,netPassingYardsOpponent,3122,2026-09-29T20:12:41Z
2024,Arizona State,Big 12,passAttempts,382,2026-09-29T20:12:41Z
2024,Arizona State,Big 12,passAttemptsOpponent,478,2026-09-29T20:12:41Z
2024,Arizona State,Big 12,passCompletions,234,2026-09-29T20:12:41Z
2024,Arizona State,Big 12,passCompletionsOpponent,281,2026-09-29T20:12:41Z
2024,Arizona State,Big 12,passesIntercepted,16,2026-09-29T20:12:41Z
2024,Arizona State,Big 12,passesInterceptedOpponent,6,2026-09-29T20:12:41Z
2024,Arizona State,Big 12,passingTDs,26,2026-09-29T20:12:41Z
2024,Arizona State,Big 12,passingTDsOpponent,19,2026-09-29T20:12:41Z
2024,Arizona State,Big 12,penalties,90,2026-09-29T20:12:41Z
2024,Arizona State,Big 12,penaltiesOpponent,76,2026-09-29T20:12:41Z
2024,Arizona State,Big 12,penaltyYards,751,2026-09-29T20:12:41Z
2024,Arizona State,Big 12,penaltyYardsOpponent,678,2026-09-29T20:12:41Z
2024,Arizona State,Big 12,possessionTime,27402,2026-09-29T20:12:41Z
2024,Arizona State,Big 12,possessionTimeOpponent,22998,2026-09-29T20:12:41Z
2024,Arizona State,Big 12,puntReturns,10,2026-09-29T20:12:41Z
2024,Arizona State,Big 12,puntReturnsOpponent,6,2026-09-29T20:12:41Z
2024,Arizona State,Big 12,puntReturnTDs,1,2026-09-29T20:12:41Z
2024,Arizona State,Big 12,puntReturnTDsOpponent,1,2026-09-29T20:12:41Z
2024,Arizona State,Big 12,puntReturnYards,149,2026-09-29T20:12:41Z
2024,Arizona State,Big 12,puntReturnYardsOpponent,135,2026-09-29T20:12:41Z
2024,Arizona State,Big 12,rushingAttempts,582,2026-09-29T20:12:41Z
2024,Arizona State,Big 12,rushingAttemptsOpponent,424,2026-09-29T20:12:41Z
2024,Arizona State,Big 12,rushingTDs,30,2026-09-29T20:12:41Z
2024,Arizona State,Big 12,rushingTDsOpponent,19,2026-09-29T20:12:41Z
2024,Arizona State,Big 12,rushingYards,2832,2026-09-29T20:12:41Z
2024,Arizona State,Big 12,rushingYardsOpponent,1604,2026-09-29T20:12:41Z
2024,Arizona State,Big 12,sacks,21,2026-09-29T20:12:41Z
2024,Arizona State,Big 12,sacksOpponent,21,2026-09-29T20:12:41Z
2024,Arizona State,Big 12,tacklesForLoss,65,2026-09-29T20:12:41Z
2024,Arizona State,Big 12,tacklesForLossOpponent,63,2026-09-29T20:12:41Z
2024,Arizona State,Big 12,thirdDownConversions,90,2026-09-29T20:12:41Z
2024,Arizona State,Big 12,thirdDownConversionsOpponent,80,2026-09-29T20:12:41Z
2024,Arizona State,Big 12,thirdDowns,196,2026-09-29T20:12:41Z
2024,Arizona State,Big 12,thirdDownsOpponent,189,2026-09-29T20:12:41Z
2024,Arizona State,Big 12,totalYards,6045,2026-09-29T20:12:41Z
2024,Arizona State,Big 12,totalYardsOpponent,4726,2026-09-29T20:12:41Z
2024,Arizona State,Big 12,turnovers,9,2026-09-29T20:12:41Z
2024,Arizona State,Big 12,turnoversOpponent,23,2026-09-29T20:12:41Z
2024,Arkansas,SEC,firstDowns,314,2026-09-29T20:12:41Z
2024,Arkansas,SEC,firstDownsOpponent,260,2026-09-29T20:12:41Z
2024,Arkansas,SEC,fourthDownConversions,14,2026-09-29T20:12:41Z
2024,Arkansas,SEC,fourthDownConversionsOpponent,16,2026-09-29T20:12:41Z
2024,Arkansas,SEC,fourthDowns,23,2026-09-29T20:12:41Z
2024,Arkansas,SEC,fourthDownsOpponent,31,2026-09-29T20:12:41Z
2024,Arkansas,SEC,fumblesLost,14,2026-09-29T20:12:41Z
2024,Arkansas,SEC,fumblesLostOpponent,5,2026-09-29T20:12:41Z
2024,Arkansas,SEC,fumblesRecovered,5,2026-09-29T20:12:41Z
2024,Arkansas,SEC,fumblesRecoveredOpponent,13,2026-09-29T20:12:41Z
2024,Arkansas,SEC,games,13,2026-09-29T20:12:41Z
2024,Arkansas,SEC,interceptions,9,2026-09-29T20:12:41Z
2024,Arkansas,SEC,interceptionsOpponent,10,2026-09-29T20:12:41Z
2024,Arkansas,SEC,interceptionTDs,0,2026-09-29T20:12:41Z
2024,Arkansas,SEC,interceptionTDsOpponent,1,2026-09-29T20:12:41Z
2024,Arkansas,SEC,interceptionYards,135,2026-09-29T20:12:41Z
2024,Arkansas,SEC,interceptionYardsOpponent,195,2026-09-29T20:12:41Z
2024,Arkansas,SEC,kickReturns,16,2026-09-29T20:12:41Z
2024,Arkansas,SEC,kickReturnsOpponent,20,2026-09-29T20:12:41Z
2024,Arkansas,SEC,kickReturnTDs,0,2026-09-29T20:12:41Z
2024,Arkansas,SEC,kickReturnTDsOpponent,0,2026-09-29T20:12:41Z
2024,Arkansas,SEC,kickReturnYards,235,2026-09-29T20:12:41Z
2024,Arkansas,SEC,kickReturnYardsOpponent,445,2026-09-29T20:12:41Z
2024,Arkansas,SEC,netPassingYards,3570,2026-09-29T20:12:41Z
2024,Arkansas,SEC,netPassingYardsOpponent,3210,2026-09-29T20:12:41Z
2024,Arkansas,SEC,passAttempts,414,2026-09-29T20:12:41Z
2024,Arkansas,SEC,passAttemptsOpponent,418,2026-09-29T20:12:41Z
2024,Arkansas,SEC,passCompletions,255,2026-09-29T20:12:41Z
2024,Arkansas,SEC,passCompletionsOpponent,259,2026-09-29T20:12:41Z
2024,Arkansas,SEC,passesIntercepted,10,2026-09-29T20:12:41Z
2024,Arkansas,SEC,passesInterceptedOpponent,9,2026-09-29T20:12:41Z
2024,Arkansas,SEC,passingTDs,16,2026-09-29T20:12:41Z
2024,Arkansas,SEC,passingTDsOpponent,22,2026-09-29T20:12:41Z
2024,Arkansas,SEC,penalties,93,2026-09-29T20:12:41Z
2024,Arkansas,SEC,penaltiesOpponent,84,2026-09-29T20:12:41Z
2024,Arkansas,SEC,penaltyYards,778,2026-09-29T20:12:41Z
2024,Arkansas,SEC,penaltyYardsOpponent,696,2026-09-29T20:12:41Z
2024,Arkansas,SEC,possessionTime,23720,2026-09-29T20:12:41Z
2024,Arkansas,SEC,possessionTimeOpponent,23080,2026-09-29T20:12:41Z
2024,Arkansas,SEC,puntReturns,11,2026-09-29T20:12:41Z
2024,Arkansas,SEC,puntReturnsOpponent,9,2026-09-29T20:12:41Z
2024,Arkansas,SEC,puntReturnTDs,0,2026-09-29T20:12:41Z
2024,Arkansas,SEC,puntReturnTDsOpponent,0,2026-09-29T20:12:41Z
2024,Arkansas,SEC,puntReturnYards,68,2026-09-29T20:12:41Z
2024,Arkansas,SEC,puntReturnYardsOpponent,52,2026-09-29T20:12:41Z
2024,Arkansas,SEC,rushingAttempts,492,2026-09-29T20:12:41Z
2024,Arkansas,SEC,rushingAttemptsOpponent,458,2026-09-29T20:12:41Z
2024,Arkansas,SEC,rushingTDs,34,2026-09-29T20:12:41Z
2024,Arkansas,SEC,rushingTDsOpponent,15,2026-09-29T20:12:41Z
2024,Arkansas,SEC,rushingYards,2401,2026-09-29T20:12:41Z
2024,Arkansas,SEC,rushingYardsOpponent,1702,2026-09-29T20:12:41Z
2024,Arkansas,SEC,sacks,26,2026-09-29T20:12:41Z
2024,Arkansas,SEC,sacksOpponent,36,2026-09-29T20:12:41Z
2024,Arkansas,SEC,tacklesForLoss,61,2026-09-29T20:12:41Z
2024,Arkansas,SEC,tacklesForLossOpponent,83,2026-09-29T20:12:41Z
2024,Arkansas,SEC,thirdDownConversions,72,2026-09-29T20:12:41Z
2024,Arkansas,SEC,thirdDownConversionsOpponent,66,2026-09-29T20:12:41Z
2024,Arkansas,SEC,thirdDowns,166,2026-09-29T20:12:41Z
2024,Arkansas,SEC,thirdDownsOpponent,182,2026-09-29T20:12:41Z
2024,Arkansas,SEC,totalYards,5971,2026-09-29T20:12:41Z
2024,Arkansas,SEC,totalYardsOpponent,4912,2026-09-29T20:12:41Z
2024,Arkansas,SEC,turnovers,23,2026-09-29T20:12:41Z
2024,Arkansas,SEC,turnoversOpponent,15,2026-09-29T20:12:41Z
2024,Arkansas State,Sun Belt,firstDowns,284,2026-09-29T20:12:41Z
2024,Arkansas State,Sun Belt,firstDownsOpponent,296,2026-09-29T20:12:41Z
2024,Arkansas State,Sun Belt,fourthDownConversions,15,2026-09-29T20:12:41Z
2024,Arkansas State,Sun Belt,fourthDownConversionsOpponent,14,2026-09-29T20:12:41Z
2024,Arkansas State,Sun Belt,fourthDowns,20,2026-09-29T20:12:41Z
2024,Arkansas State,Sun Belt,fourthDownsOpponent,22,2026-09-29T20:12:41Z
2024,Arkansas State,Sun Belt,fumblesLost,8,2026-09-29T20:12:41Z
2024,Arkansas State,Sun Belt,fumblesLostOpponent,6,2026-09-29T20:12:41Z
2024,Arkansas State,Sun Belt,fumblesRecovered,5,2026-09-29T20:12:41Z
2024,Arkansas State,Sun Belt,fumblesRecoveredOpponent,9,2026-09-29T20:12:41Z
2024,Arkansas State,Sun Belt,games,13,2026-09-29T20:12:41Z
2024,Arkansas State,Sun Belt,interceptions,10,2026-09-29T20:12:41Z
2024,Arkansas State,Sun Belt,interceptionsOpponent,14,2026-09-29T20:12:41Z
2024,Arkansas State,Sun Belt,interceptionTDs,0,2026-09-29T20:12:41Z
2024,Arkansas State,Sun Belt,interceptionTDsOpponent,0,2026-09-29T20:12:41Z
2024,Arkansas State,Sun Belt,interceptionYards,107,2026-09-29T20:12:41Z
2024,Arkansas State,Sun Belt,interceptionYardsOpponent,47,2026-09-29T20:12:41Z
2024,Arkansas State,Sun Belt,kickReturns,32,2026-09-29T20:12:41Z
2024,Arkansas State,Sun Belt,kickReturnsOpponent,31,2026-09-29T20:12:41Z
2024,Arkansas State,Sun Belt,kickReturnTDs,0,2026-09-29T20:12:41Z
2024,Arkansas State,Sun Belt,kickReturnTDsOpponent,0,2026-09-29T20:12:41Z
2024,Arkansas State,Sun Belt,kickReturnYards,631,2026-09-29T20:12:41Z
2024,Arkansas State,Sun Belt,kickReturnYardsOpponent,551,2026-09-29T20:12:41Z
2024,Arkansas State,Sun Belt,netPassingYards,2957,2026-09-29T20:12:41Z
2024,Arkansas State,Sun Belt,netPassingYardsOpponent,3246,2026-09-29T20:12:41Z
2024,Arkansas State,Sun Belt,passAttempts,442,2026-09-29T20:12:41Z
2024,Arkansas State,Sun Belt,passAttemptsOpponent,388,2026-09-29T20:12:41Z
2024,Arkansas State,Sun Belt,passCompletions,274,2026-09-29T20:12:41Z
2024,Arkansas State,Sun Belt,passCompletionsOpponent,244,2026-09-29T20:12:41Z
2024,Arkansas State,Sun Belt,passesIntercepted,14,2026-09-29T20:12:41Z
2024,Arkansas State,Sun Belt,passesInterceptedOpponent,10,2026-09-29T20:12:41Z
2024,Arkansas State,Sun Belt,passingTDs,19,2026-09-29T20:12:41Z
2024,Arkansas State,Sun Belt,passingTDsOpponent,23,2026-09-29T20:12:41Z
2024,Arkansas State,Sun Belt,penalties,73,2026-09-29T20:12:41Z
2024,Arkansas State,Sun Belt,penaltiesOpponent,94,2026-09-29T20:12:41Z
2024,Arkansas State,Sun Belt,penaltyYards,672,2026-09-29T20:12:41Z
2024,Arkansas State,Sun Belt,penaltyYardsOpponent,762,2026-09-29T20:12:41Z
2024,Arkansas State,Sun Belt,possessionTime,22660,2026-09-29T20:12:41Z
2024,Arkansas State,Sun Belt,possessionTimeOpponent,24140,2026-09-29T20:12:41Z
2024,Arkansas State,Sun Belt,puntReturns,15,2026-09-29T20:12:41Z
2024,Arkansas State,Sun Belt,puntReturnsOpponent,15,2026-09-29T20:12:41Z
2024,Arkansas State,Sun Belt,puntReturnTDs,2,2026-09-29T20:12:41Z
2024,Arkansas State,Sun Belt,puntReturnTDsOpponent,0,2026-09-29T20:12:41Z
2024,Arkansas State,Sun Belt,puntReturnYards,277,2026-09-29T20:12:41Z
2024,Arkansas State,Sun Belt,puntReturnYardsOpponent,147,2026-09-29T20:12:41Z
2024,Arkansas State,Sun Belt,rushingAttempts,484,2026-09-29T20:12:41Z
2024,Arkansas State,Sun Belt,rushingAttemptsOpponent,481,2026-09-29T20:12:41Z
2024,Arkansas State,Sun Belt,rushingTDs,18,2026-09-29T20:12:41Z
2024,Arkansas State,Sun Belt,rushingTDsOpponent,32,2026-09-29T20:12:41Z
2024,Arkansas State,Sun Belt,rushingYards,2050,2026-09-29T20:12:41Z
2024,Arkansas State,Sun Belt,rushingYardsOpponent,2766,2026-09-29T20:12:41Z
2024,Arkansas State,Sun Belt,sacks,19,2026-09-29T20:12:41Z
2024,Arkansas State,Sun Belt,sacksOpponent,35,2026-09-29T20:12:41Z
2024,Arkansas State,Sun Belt,tacklesForLoss,65,2026-09-29T20:12:41Z
2024,Arkansas State,Sun Belt,tacklesForLossOpponent,70,2026-09-29T20:12:41Z
2024,Arkansas State,Sun Belt,thirdDownConversions,81,2026-09-29T20:12:41Z
2024,Arkansas State,Sun Belt,thirdDownConversionsOpponent,77,2026-09-29T20:12:41Z
2024,Arkansas State,Sun Belt,thirdDowns,198,2026-09-29T20:12:41Z
2024,Arkansas State,Sun Belt,thirdDownsOpponent,164,2026-09-29T20:12:41Z
2024,Arkansas State,Sun Belt,totalYards,5007,2026-09-29T20:12:41Z
2024,Arkansas State,Sun Belt,totalYardsOpponent,6012,2026-09-29T20:12:41Z
2024,Arkansas State,Sun Belt,turnovers,18,2026-09-29T20:12:41Z
2024,Arkansas State,Sun Belt,turnoversOpponent,20,2026-09-29T20:12:41Z
2024,Army,American Athletic,firstDowns,293,2026-09-29T20:12:41Z
2024,Army,American Athletic,firstDownsOpponent,227,2026-09-29T20:12:41Z
2024,Army,American Athletic,fourthDownConversions,31,2026-09-29T20:12:41Z
2024,Army,American Athletic,fourthDownConversionsOpponent,17,2026-09-29T20:12:41Z
2024,Army,American Athletic,fourthDowns,40,2026-09-29T20:12:41Z
2024,Army,American Athletic,fourthDownsOpponent,40,2026-09-29T20:12:41Z
2024,Army,American Athletic,fumblesLost,5,2026-09-29T20:12:41Z
2024,Army,American Athletic,fumblesLostOpponent,2,2026-09-29T20:12:41Z
2024,Army,American Athletic,fumblesRecovered,2,2026-09-29T20:12:41Z
2024,Army,American Athletic,fumblesRecoveredOpponent,5,2026-09-29T20:12:41Z
2024,Army,American Athletic,games,14,2026-09-29T20:12:41Z
2024,Army,American Athletic,interceptions,4,2026-09-29T20:12:41Z
2024,Army,American Athletic,interceptionsOpponent,18,2026-09-29T20:12:41Z
2024,Army,American Athletic,interceptionTDs,0,2026-09-29T20:12:41Z
2024,Army,American Athletic,interceptionTDsOpponent,0,2026-09-29T20:12:41Z
2024,Army,American Athletic,interceptionYards,170,2026-09-29T20:12:41Z
2024,Army,American Athletic,interceptionYardsOpponent,25,2026-09-29T20:12:41Z
2024,Army,American Athletic,kickReturns,13,2026-09-29T20:12:41Z
2024,Army,American Athletic,kickReturnsOpponent,39,2026-09-29T20:12:41Z
2024,Army,American Athletic,kickReturnTDs,0,2026-09-29T20:12:41Z
2024,Army,American Athletic,kickReturnTDsOpponent,0,2026-09-29T20:12:41Z
2024,Army,American Athletic,kickReturnYards,153,2026-09-29T20:12:41Z
2024,Army,American Athletic,kickReturnYardsOpponent,732,2026-09-29T20:12:41Z
2024,Army,American Athletic,netPassingYards,1128,2026-09-29T20:12:41Z
2024,Army,American Athletic,netPassingYardsOpponent,2603,2026-09-29T20:12:41Z
2024,Army,American Athletic,passAttempts,122,2026-09-29T20:12:41Z
2024,Army,American Athletic,passAttemptsOpponent,402,2026-09-29T20:12:41Z
2024,Army,American Athletic,passCompletions,66,2026-09-29T20:12:41Z
2024,Army,American Athletic,passCompletionsOpponent,253,2026-09-29T20:12:41Z
2024,Army,American Athletic,passesIntercepted,18,2026-09-29T20:12:41Z
2024,Army,American Athletic,passesInterceptedOpponent,4,2026-09-29T20:12:41Z
2024,Army,American Athletic,passingTDs,10,2026-09-29T20:12:41Z
2024,Army,American Athletic,passingTDsOpponent,16,2026-09-29T20:12:41Z
2024,Army,American Athletic,penalties,45,2026-09-29T20:12:41Z
2024,Army,American Athletic,penaltiesOpponent,64,2026-09-29T20:12:41Z
2024,Army,American Athletic,penaltyYards,442,2026-09-29T20:12:41Z
2024,Army,American Athletic,penaltyYardsOpponent,567,2026-09-29T20:12:41Z
2024,Army,American Athletic,possessionTime,29942,2026-09-29T20:12:41Z
2024,Army,American Athletic,possessionTimeOpponent,20458,2026-09-29T20:12:41Z
2024,Army,American Athletic,puntReturns,10,2026-09-29T20:12:41Z
2024,Army,American Athletic,puntReturnsOpponent,11,2026-09-29T20:12:41Z
2024,Army,American Athletic,puntReturnTDs,0,2026-09-29T20:12:41Z
2024,Army,American Athletic,puntReturnTDsOpponent,0,2026-09-29T20:12:41Z
2024,Army,American Athletic,puntReturnYards,38,2026-09-29T20:12:41Z
2024,Army,American Athletic,puntReturnYardsOpponent,55,2026-09-29T20:12:41Z
2024,Army,American Athletic,rushingAttempts,762,2026-09-29T20:12:41Z
2024,Army,American Athletic,rushingAttemptsOpponent,379,2026-09-29T20:12:41Z
2024,Army,American Athletic,rushingTDs,48,2026-09-29T20:12:41Z
2024,Army,American Athletic,rushingTDsOpponent,12,2026-09-29T20:12:41Z
2024,Army,American Athletic,rushingYards,4210,2026-09-29T20:12:41Z
2024,Army,American Athletic,rushingYardsOpponent,1570,2026-09-29T20:12:41Z
2024,Army,American Athletic,sacks,22,2026-09-29T20:12:41Z
2024,Army,American Athletic,sacksOpponent,6,2026-09-29T20:12:41Z
2024,Army,American Athletic,tacklesForLoss,58,2026-09-29T20:12:41Z
2024,Army,American Athletic,tacklesForLossOpponent,36,2026-09-29T20:12:41Z
2024,Army,American Athletic,thirdDownConversions,82,2026-09-29T20:12:41Z
2024,Army,American Athletic,thirdDownConversionsOpponent,67,2026-09-29T20:12:41Z
2024,Army,American Athletic,thirdDowns,170,2026-09-29T20:12:41Z
2024,Army,American Athletic,thirdDownsOpponent,162,2026-09-29T20:12:41Z
2024,Army,American Athletic,totalYards,5338,2026-09-29T20:12:41Z
2024,Army,American Athletic,totalYardsOpponent,4173,2026-09-29T20:12:41Z
2024,Army,American Athletic,turnovers,9,2026-09-29T20:12:41Z
2024,Army,American Athletic,turnoversOpponent,20,2026-09-29T20:12:41Z
2024,Auburn,SEC,firstDowns,251,2026-09-29T20:12:41Z
2024,Auburn,SEC,firstDownsOpponent,213,2026-09-29T20:12:41Z
2024,Auburn,SEC,fourthDownConversions,9,2026-09-29T20:12:41Z
2024,Auburn,SEC,fourthDownConversionsOpponent,10,2026-09-29T20:12:41Z
2024,Auburn,SEC,fourthDowns,19,2026-09-29T20:12:41Z
2024,Auburn,SEC,fourthDownsOpponent,20,2026-09-29T20:12:41Z
2024,Auburn,SEC,fumblesLost,9,2026-09-29T20:12:41Z
2024,Auburn,SEC,fumblesLostOpponent,5,2026-09-29T20:12:41Z
2024,Auburn,SEC,fumblesRecovered,5,2026-09-29T20:12:41Z
2024,Auburn,SEC,fumblesRecoveredOpponent,9,2026-09-29T20:12:41Z
2024,Auburn,SEC,games,12,2026-09-29T20:12:41Z
2024,Auburn,SEC,interceptions,13,2026-09-29T20:12:41Z
2024,Auburn,SEC,interceptionsOpponent,8,2026-09-29T20:12:41Z
2024,Auburn,SEC,interceptionTDs,0,2026-09-29T20:12:41Z
2024,Auburn,SEC,interceptionTDsOpponent,1,2026-09-29T20:12:41Z
2024,Auburn,SEC,interceptionYards,58,2026-09-29T20:12:41Z
2024,Auburn,SEC,interceptionYardsOpponent,114,2026-09-29T20:12:41Z
2024,Auburn,SEC,kickReturns,23,2026-09-29T20:12:41Z
2024,Auburn,SEC,kickReturnsOpponent,16,2026-09-29T20:12:41Z
2024,Auburn,SEC,kickReturnTDs,0,2026-09-29T20:12:41Z
2024,Auburn,SEC,kickReturnTDsOpponent,0,2026-09-29T20:12:41Z
2024,Auburn,SEC,kickReturnYards,509,2026-09-29T20:12:41Z
2024,Auburn,SEC,kickReturnYardsOpponent,328,2026-09-29T20:12:41Z
2024,Auburn,SEC,netPassingYards,3167,2026-09-29T20:12:41Z
2024,Auburn,SEC,netPassingYardsOpponent,2556,2026-09-29T20:12:41Z
2024,Auburn,SEC,passAttempts,369,2026-09-29T20:12:41Z
2024,Auburn,SEC,passAttemptsOpponent,354,2026-09-29T20:12:41Z
2024,Auburn,SEC,passCompletions,230,2026-09-29T20:12:41Z
2024,Auburn,SEC,passCompletionsOpponent,199,2026-09-29T20:12:41Z
2024,Auburn,SEC,passesIntercepted,8,2026-09-29T20:12:41Z
2024,Auburn,SEC,passesInterceptedOpponent,13,2026-09-29T20:12:41Z
2024,Auburn,SEC,passingTDs,27,2026-09-29T20:12:41Z
2024,Auburn,SEC,passingTDsOpponent,12,2026-09-29T20:12:41Z
2024,Auburn,SEC,penalties,69,2026-09-29T20:12:41Z
2024,Auburn,SEC,penaltiesOpponent,78,2026-09-29T20:12:41Z
2024,Auburn,SEC,penaltyYards,592,2026-09-29T20:12:41Z
2024,Auburn,SEC,penaltyYardsOpponent,642,2026-09-29T20:12:41Z
2024,Auburn,SEC,possessionTime,19606,2026-09-29T20:12:41Z
2024,Auburn,SEC,possessionTimeOpponent,22994,2026-09-29T20:12:41Z
2024,Auburn,SEC,puntReturns,21,2026-09-29T20:12:41Z
2024,Auburn,SEC,puntReturnsOpponent,8,2026-09-29T20:12:41Z
2024,Auburn,SEC,puntReturnTDs,1,2026-09-29T20:12:41Z
2024,Auburn,SEC,puntReturnTDsOpponent,1,2026-09-29T20:12:41Z
2024,Auburn,SEC,puntReturnYards,170,2026-09-29T20:12:41Z
2024,Auburn,SEC,puntReturnYardsOpponent,30,2026-09-29T20:12:41Z
2024,Auburn,SEC,rushingAttempts,401,2026-09-29T20:12:41Z
2024,Auburn,SEC,rushingAttemptsOpponent,453,2026-09-29T20:12:41Z
2024,Auburn,SEC,rushingTDs,13,2026-09-29T20:12:41Z
2024,Auburn,SEC,rushingTDsOpponent,18,2026-09-29T20:12:41Z
2024,Auburn,SEC,rushingYards,1988,2026-09-29T20:12:41Z
2024,Auburn,SEC,rushingYardsOpponent,1423,2026-09-29T20:12:41Z
2024,Auburn,SEC,sacks,28,2026-09-29T20:12:41Z
2024,Auburn,SEC,sacksOpponent,25,2026-09-29T20:12:41Z
2024,Auburn,SEC,tacklesForLoss,68,2026-09-29T20:12:41Z
2024,Auburn,SEC,tacklesForLossOpponent,62,2026-09-29T20:12:41Z
2024,Auburn,SEC,thirdDownConversions,61,2026-09-29T20:12:41Z
2024,Auburn,SEC,thirdDownConversionsOpponent,73,2026-09-29T20:12:41Z
2024,Auburn,SEC,thirdDowns,147,2026-09-29T20:12:41Z
2024,Auburn,SEC,thirdDownsOpponent,185,2026-09-29T20:12:41Z
2024,Auburn,SEC,totalYards,5155,2026-09-29T20:12:41Z
2024,Auburn,SEC,totalYardsOpponent,3979,2026-09-29T20:12:41Z
2024,Auburn,SEC,turnovers,22,2026-09-29T20:12:41Z
2024,Auburn,SEC,turnoversOpponent,13,2026-09-29T20:12:41Z
2024,Ball State,Mid-American,firstDowns,243,2026-09-29T20:12:41Z
2024,Ball State,Mid-American,firstDownsOpponent,265,2026-09-29T20:12:41Z
2024,Ball State,Mid-American,fourthDownConversions,12,2026-09-29T20:12:41Z
2024,Ball State,Mid-American,fourthDownConversionsOpponent,8,2026-09-29T20:12:41Z
2024,Ball State,Mid-American,fourthDowns,26,2026-09-29T20:12:41Z
2024,Ball State,Mid-American,fourthDownsOpponent,16,2026-09-29T20:12:41Z
2024,Ball State,Mid-American,fumblesLost,3,2026-09-29T20:12:41Z
2024,Ball State,Mid-American,fumblesLostOpponent,7,2026-09-29T20:12:41Z
2024,Ball State,Mid-American,fumblesRecovered,7,2026-09-29T20:12:41Z
2024,Ball State,Mid-American,fumblesRecoveredOpponent,3,2026-09-29T20:12:41Z
2024,Ball State,Mid-American,games,12,2026-09-29T20:12:41Z
2024,Ball State,Mid-American,interceptions,11,2026-09-29T20:12:41Z
2024,Ball State,Mid-American,interceptionsOpponent,8,2026-09-29T20:12:41Z
2024,Ball State,Mid-American,interceptionTDs,1,2026-09-29T20:12:41Z
2024,Ball State,Mid-American,interceptionTDsOpponent,2,2026-09-29T20:12:41Z
2024,Ball State,Mid-American,interceptionYards,115,2026-09-29T20:12:41Z
2024,Ball State,Mid-American,interceptionYardsOpponent,236,2026-09-29T20:12:41Z
2024,Ball State,Mid-American,kickReturns,35,2026-09-29T20:12:41Z
2024,Ball State,Mid-American,kickReturnsOpponent,34,2026-09-29T20:12:41Z
2024,Ball State,Mid-American,kickReturnTDs,1,2026-09-29T20:12:41Z
2024,Ball State,Mid-American,kickReturnTDsOpponent,0,2026-09-29T20:12:41Z
2024,Ball State,Mid-American,kickReturnYards,794,2026-09-29T20:12:41Z
2024,Ball State,Mid-American,kickReturnYardsOpponent,609,2026-09-29T20:12:41Z
2024,Ball State,Mid-American,netPassingYards,2936,2026-09-29T20:12:41Z
2024,Ball State,Mid-American,netPassingYardsOpponent,3363,2026-09-29T20:12:41Z
2024,Ball State,Mid-American,passAttempts,439,2026-09-29T20:12:41Z
2024,Ball State,Mid-American,passAttemptsOpponent,375,2026-09-29T20:12:41Z
2024,Ball State,Mid-American,passCompletions,280,2026-09-29T20:12:41Z
2024,Ball State,Mid-American,passCompletionsOpponent,232,2026-09-29T20:12:41Z
2024,Ball State,Mid-American,passesIntercepted,8,2026-09-29T20:12:41Z
2024,Ball State,Mid-American,passesInterceptedOpponent,11,2026-09-29T20:12:41Z
2024,Ball State,Mid-American,passingTDs,26,2026-09-29T20:12:41Z
2024,Ball State,Mid-American,passingTDsOpponent,37,2026-09-29T20:12:41Z
2024,Ball State,Mid-American,penalties,59,2026-09-29T20:12:41Z
2024,Ball State,Mid-American,penaltiesOpponent,63,2026-09-29T20:12:41Z
2024,Ball State,Mid-American,penaltyYards,544,2026-09-29T20:12:41Z
2024,Ball State,Mid-American,penaltyYardsOpponent,589,2026-09-29T20:12:41Z
2024,Ball State,Mid-American,possessionTime,22300,2026-09-29T20:12:41Z
2024,Ball State,Mid-American,possessionTimeOpponent,20900,2026-09-29T20:12:41Z
2024,Ball State,Mid-American,puntReturns,10,2026-09-29T20:12:41Z
2024,Ball State,Mid-American,puntReturnsOpponent,16,2026-09-29T20:12:41Z
2024,Ball State,Mid-American,puntReturnTDs,0,2026-09-29T20:12:41Z
2024,Ball State,Mid-American,puntReturnTDsOpponent,0,2026-09-29T20:12:41Z
2024,Ball State,Mid-American,puntReturnYards,18,2026-09-29T20:12:41Z
2024,Ball State,Mid-American,puntReturnYardsOpponent,163,2026-09-29T20:12:41Z
2024,Ball State,Mid-American,rushingAttempts,370,2026-09-29T20:12:41Z
2024,Ball State,Mid-American,rushingAttemptsOpponent,400,2026-09-29T20:12:41Z
2024,Ball State,Mid-American,rushingTDs,10,2026-09-29T20:12:41Z
2024,Ball State,Mid-American,rushingTDsOpponent,24,2026-09-29T20:12:41Z
2024,Ball State,Mid-American,rushingYards,1241,2026-09-29T20:12:41Z
2024,Ball State,Mid-American,rushingYardsOpponent,2116,2026-09-29T20:12:41Z
2024,Ball State,Mid-American,sacks,20,2026-09-29T20:12:41Z
2024,Ball State,Mid-American,sacksOpponent,32,2026-09-29T20:12:41Z
2024,Ball State,Mid-American,tacklesForLoss,55,2026-09-29T20:12:41Z
2024,Ball State,Mid-American,tacklesForLossOpponent,76,2026-09-29T20:12:41Z
2024,Ball State,Mid-American,thirdDownConversions,75,2026-09-29T20:12:41Z
2024,Ball State,Mid-American,thirdDownConversionsOpponent,72,2026-09-29T20:12:41Z
2024,Ball State,Mid-American,thirdDowns,177,2026-09-29T20:12:41Z
2024,Ball State,Mid-American,thirdDownsOpponent,149,2026-09-29T20:12:41Z
2024,Ball State,Mid-American,totalYards,4177,2026-09-29T20:12:41Z
2024,Ball State,Mid-American,totalYardsOpponent,5479,2026-09-29T20:12:41Z
2024,Ball State,Mid-American,turnovers,14,2026-09-29T20:12:41Z
2024,Ball State,Mid-American,turnoversOpponent,15,2026-09-29T20:12:41Z
2024,Baylor,Big 12,firstDowns,299,2026-09-29T20:12:41Z
2024,Baylor,Big 12,firstDownsOpponent,267,2026-09-29T20:12:41Z
2024,Baylor,Big 12,fourthDownConversions,20,2026-09-29T20:12:41Z
2024,Baylor,Big 12,fourthDownConversionsOpponent,19,2026-09-29T20:12:41Z
2024,Baylor,Big 12,fourthDowns,37,2026-09-29T20:12:41Z
2024,Baylor,Big 12,fourthDownsOpponent,30,2026-09-29T20:12:41Z
2024,Baylor,Big 12,fumblesLost,4,2026-09-29T20:12:41Z
2024,Baylor,Big 12,fumblesLostOpponent,7,2026-09-29T20:12:41Z
2024,Baylor,Big 12,fumblesRecovered,9,2026-09-29T20:12:41Z
2024,Baylor,Big 12,fumblesRecoveredOpponent,5,2026-09-29T20:12:41Z
2024,Baylor,Big 12,games,13,2026-09-29T20:12:41Z
2024,Baylor,Big 12,interceptions,10,2026-09-29T20:12:41Z
2024,Baylor,Big 12,interceptionsOpponent,14,2026-09-29T20:12:41Z
2024,Baylor,Big 12,interceptionTDs,1,2026-09-29T20:12:41Z
2024,Baylor,Big 12,interceptionTDsOpponent,2,2026-09-29T20:12:41Z
2024,Baylor,Big 12,interceptionYards,145,2026-09-29T20:12:41Z
2024,Baylor,Big 12,interceptionYardsOpponent,127,2026-09-29T20:12:41Z
2024,Baylor,Big 12,kickReturns,27,2026-09-29T20:12:41Z
2024,Baylor,Big 12,kickReturnsOpponent,23,2026-09-29T20:12:41Z
2024,Baylor,Big 12,kickReturnTDs,1,2026-09-29T20:12:41Z
2024,Baylor,Big 12,kickReturnTDsOpponent,1,2026-09-29T20:12:41Z
2024,Baylor,Big 12,kickReturnYards,553,2026-09-29T20:12:41Z
2024,Baylor,Big 12,kickReturnYardsOpponent,453,2026-09-29T20:12:41Z
2024,Baylor,Big 12,netPassingYards,3397,2026-09-29T20:12:41Z
2024,Baylor,Big 12,netPassingYardsOpponent,3033,2026-09-29T20:12:41Z
2024,Baylor,Big 12,passAttempts,413,2026-09-29T20:12:41Z
2024,Baylor,Big 12,passAttemptsOpponent,392,2026-09-29T20:12:41Z
2024,Baylor,Big 12,passCompletions,253,2026-09-29T20:12:41Z
2024,Baylor,Big 12,passCompletionsOpponent,236,2026-09-29T20:12:41Z
2024,Baylor,Big 12,passesIntercepted,14,2026-09-29T20:12:41Z
2024,Baylor,Big 12,passesInterceptedOpponent,10,2026-09-29T20:12:41Z
2024,Baylor,Big 12,passingTDs,31,2026-09-29T20:12:41Z
2024,Baylor,Big 12,passingTDsOpponent,21,2026-09-29T20:12:41Z
2024,Baylor,Big 12,penalties,80,2026-09-29T20:12:41Z
2024,Baylor,Big 12,penaltiesOpponent,73,2026-09-29T20:12:41Z
2024,Baylor,Big 12,penaltyYards,785,2026-09-29T20:12:41Z
2024,Baylor,Big 12,penaltyYardsOpponent,648,2026-09-29T20:12:41Z
2024,Baylor,Big 12,possessionTime,21958,2026-09-29T20:12:41Z
2024,Baylor,Big 12,possessionTimeOpponent,24842,2026-09-29T20:12:41Z
2024,Baylor,Big 12,puntReturns,15,2026-09-29T20:12:41Z
2024,Baylor,Big 12,puntReturnsOpponent,22,2026-09-29T20:12:41Z
2024,Baylor,Big 12,puntReturnTDs,0,2026-09-29T20:12:41Z
2024,Baylor,Big 12,puntReturnTDsOpponent,1,2026-09-29T20:12:41Z
2024,Baylor,Big 12,puntReturnYards,310,2026-09-29T20:12:41Z
2024,Baylor,Big 12,puntReturnYardsOpponent,135,2026-09-29T20:12:41Z
2024,Baylor,Big 12,rushingAttempts,489,2026-09-29T20:12:41Z
2024,Baylor,Big 12,rushingAttemptsOpponent,490,2026-09-29T20:12:41Z
2024,Baylor,Big 12,rushingTDs,25,2026-09-29T20:12:41Z
2024,Baylor,Big 12,rushingTDsOpponent,17,2026-09-29T20:12:41Z
2024,Baylor,Big 12,rushingYards,2328,2026-09-29T20:12:41Z
2024,Baylor,Big 12,rushingYardsOpponent,1980,2026-09-29T20:12:41Z
2024,Baylor,Big 12,sacks,23,2026-09-29T20:12:41Z
2024,Baylor,Big 12,sacksOpponent,19,2026-09-29T20:12:41Z
2024,Baylor,Big 12,tacklesForLoss,69,2026-09-29T20:12:41Z
2024,Baylor,Big 12,tacklesForLossOpponent,46,2026-09-29T20:12:41Z
2024,Baylor,Big 12,thirdDownConversions,78,2026-09-29T20:12:41Z
2024,Baylor,Big 12,thirdDownConversionsOpponent,64,2026-09-29T20:12:41Z
2024,Baylor,Big 12,thirdDowns,178,2026-09-29T20:12:41Z
2024,Baylor,Big 12,thirdDownsOpponent,180,2026-09-29T20:12:41Z
2024,Baylor,Big 12,totalYards,5725,2026-09-29T20:12:41Z
2024,Baylor,Big 12,totalYardsOpponent,5013,2026-09-29T20:12:41Z
2024,Baylor,Big 12,turnovers,14,2026-09-29T20:12:41Z
2024,Baylor,Big 12,turnoversOpponent,21,2026-09-29T20:12:41Z
2024,Boise State,Mountain West,firstDowns,327,2026-09-29T20:12:41Z
2024,Boise State,Mountain West,firstDownsOpponent,241,2026-09-29T20:12:41Z
2024,Boise State,Mountain West,fourthDownConversions,15,2026-09-29T20:12:41Z
2024,Boise State,Mountain West,fourthDownConversionsOpponent,19,2026-09-29T20:12:41Z
2024,Boise State,Mountain West,fourthDowns,22,2026-09-29T20:12:41Z
2024,Boise State,Mountain West,fourthDownsOpponent,38,2026-09-29T20:12:41Z
2024,Boise State,Mountain West,fumblesLost,5,2026-09-29T20:12:41Z
2024,Boise State,Mountain West,fumblesLostOpponent,9,2026-09-29T20:12:41Z
2024,Boise State,Mountain West,fumblesRecovered,9,2026-09-29T20:12:41Z
2024,Boise State,Mountain West,fumblesRecoveredOpponent,5,2026-09-29T20:12:41Z
2024,Boise State,Mountain West,games,14,2026-09-29T20:12:41Z
2024,Boise State,Mountain West,interceptions,7,2026-09-29T20:12:41Z
2024,Boise State,Mountain West,interceptionsOpponent,7,2026-09-29T20:12:41Z
2024,Boise State,Mountain West,interceptionTDs,2,2026-09-29T20:12:41Z
2024,Boise State,Mountain West,interceptionTDsOpponent,0,2026-09-29T20:12:41Z
2024,Boise State,Mountain West,interceptionYards,143,2026-09-29T20:12:41Z
2024,Boise State,Mountain West,interceptionYardsOpponent,32,2026-09-29T20:12:41Z
2024,Boise State,Mountain West,kickReturns,22,2026-09-29T20:12:41Z
2024,Boise State,Mountain West,kickReturnsOpponent,41,2026-09-29T20:12:41Z
2024,Boise State,Mountain West,kickReturnTDs,1,2026-09-29T20:12:41Z
2024,Boise State,Mountain West,kickReturnTDsOpponent,0,2026-09-29T20:12:41Z
2024,Boise State,Mountain West,kickReturnYards,491,2026-09-29T20:12:41Z
2024,Boise State,Mountain West,kickReturnYardsOpponent,893,2026-09-29T20:12:41Z
2024,Boise State,Mountain West,netPassingYards,3159,2026-09-29T20:12:41Z
2024,Boise State,Mountain West,netPassingYardsOpponent,3380,2026-09-29T20:12:41Z
2024,Boise State,Mountain West,passAttempts,415,2026-09-29T20:12:41Z
2024,Boise State,Mountain West,passAttemptsOpponent,452,2026-09-29T20:12:41Z
2024,Boise State,Mountain West,passCompletions,261,2026-09-29T20:12:41Z
2024,Boise State,Mountain West,passCompletionsOpponent,273,2026-09-29T20:12:41Z
2024,Boise State,Mountain West,passesIntercepted,7,2026-09-29T20:12:41Z
2024,Boise State,Mountain West,passesInterceptedOpponent,7,2026-09-29T20:12:41Z
2024,Boise State,Mountain West,passingTDs,23,2026-09-29T20:12:41Z
2024,Boise State,Mountain West,passingTDsOpponent,24,2026-09-29T20:12:41Z
2024,Boise State,Mountain West,penalties,76,2026-09-29T20:12:41Z
2024,Boise State,Mountain West,penaltiesOpponent,92,2026-09-29T20:12:41Z
2024,Boise State,Mountain West,penaltyYards,647,2026-09-29T20:12:41Z
2024,Boise State,Mountain West,penaltyYardsOpponent,737,2026-09-29T20:12:41Z
2024,Boise State,Mountain West,possessionTime,26763,2026-09-29T20:12:41Z
2024,Boise State,Mountain West,possessionTimeOpponent,23637,2026-09-29T20:12:41Z
2024,Boise State,Mountain West,puntReturns,24,2026-09-29T20:12:41Z
2024,Boise State,Mountain West,puntReturnsOpponent,12,2026-09-29T20:12:41Z
2024,Boise State,Mountain West,puntReturnTDs,0,2026-09-29T20:12:41Z
2024,Boise State,Mountain West,puntReturnTDsOpponent,1,2026-09-29T20:12:41Z
2024,Boise State,Mountain West,puntReturnYards,109,2026-09-29T20:12:41Z
2024,Boise State,Mountain West,puntReturnYardsOpponent,176,2026-09-29T20:12:41Z
2024,Boise State,Mountain West,rushingAttempts,547,2026-09-29T20:12:41Z
2024,Boise State,Mountain West,rushingAttemptsOpponent,450,2026-09-29T20:12:41Z
2024,Boise State,Mountain West,rushingTDs,43,2026-09-29T20:12:41Z
2024,Boise State,Mountain West,rushingTDsOpponent,15,2026-09-29T20:12:41Z
2024,Boise State,Mountain West,rushingYards,3377,2026-09-29T20:12:41Z
2024,Boise State,Mountain West,rushingYardsOpponent,1722,2026-09-29T20:12:41Z
2024,Boise State,Mountain West,sacks,55,2026-09-29T20:12:41Z
2024,Boise State,Mountain West,sacksOpponent,15,2026-09-29T20:12:41Z
2024,Boise State,Mountain West,tacklesForLoss,111,2026-09-29T20:12:41Z
2024,Boise State,Mountain West,tacklesForLossOpponent,58,2026-09-29T20:12:41Z
2024,Boise State,Mountain West,thirdDownConversions,91,2026-09-29T20:12:41Z
2024,Boise State,Mountain West,thirdDownConversionsOpponent,79,2026-09-29T20:12:41Z
2024,Boise State,Mountain West,thirdDowns,185,2026-09-29T20:12:41Z
2024,Boise State,Mountain West,thirdDownsOpponent,207,2026-09-29T20:12:41Z
2024,Boise State,Mountain West,totalYards,6536,2026-09-29T20:12:41Z
2024,Boise State,Mountain West,totalYardsOpponent,5102,2026-09-29T20:12:41Z
2024,Boise State,Mountain West,turnovers,12,2026-09-29T20:12:41Z
2024,Boise State,Mountain West,turnoversOpponent,16,2026-09-29T20:12:41Z
2024,Boston College,ACC,firstDowns,252,2026-09-29T20:12:41Z
2024,Boston College,ACC,firstDownsOpponent,258,2026-09-29T20:12:41Z
2024,Boston College,ACC,fourthDownConversions,16,2026-09-29T20:12:41Z
2024,Boston College,ACC,fourthDownConversionsOpponent,15,2026-09-29T20:12:41Z
2024,Boston College,ACC,fourthDowns,36,2026-09-29T20:12:41Z
2024,Boston College,ACC,fourthDownsOpponent,30,2026-09-29T20:12:41Z
2024,Boston College,ACC,fumblesLost,9,2026-09-29T20:12:41Z
2024,Boston College,ACC,fumblesLostOpponent,8,2026-09-29T20:12:41Z
2024,Boston College,ACC,fumblesRecovered,8,2026-09-29T20:12:41Z
2024,Boston College,ACC,fumblesRecoveredOpponent,9,2026-09-29T20:12:41Z
2024,Boston College,ACC,games,13,2026-09-29T20:12:41Z
2024,Boston College,ACC,interceptions,7,2026-09-29T20:12:41Z
2024,Boston College,ACC,interceptionsOpponent,17,2026-09-29T20:12:41Z
2024,Boston College,ACC,interceptionTDs,3,2026-09-29T20:12:41Z
2024,Boston College,ACC,interceptionTDsOpponent,0,2026-09-29T20:12:41Z
2024,Boston College,ACC,interceptionYards,310,2026-09-29T20:12:41Z
2024,Boston College,ACC,interceptionYardsOpponent,72,2026-09-29T20:12:41Z
2024,Boston College,ACC,kickReturns,19,2026-09-29T20:12:41Z
2024,Boston College,ACC,kickReturnsOpponent,31,2026-09-29T20:12:41Z
2024,Boston College,ACC,kickReturnTDs,0,2026-09-29T20:12:41Z
2024,Boston College,ACC,kickReturnTDsOpponent,1,2026-09-29T20:12:41Z
2024,Boston College,ACC,kickReturnYards,296,2026-09-29T20:12:41Z
2024,Boston College,ACC,kickReturnYardsOpponent,614,2026-09-29T20:12:41Z
2024,Boston College,ACC,netPassingYards,2591,2026-09-29T20:12:41Z
2024,Boston College,ACC,netPassingYardsOpponent,3195,2026-09-29T20:12:41Z
2024,Boston College,ACC,passAttempts,330,2026-09-29T20:12:41Z
2024,Boston College,ACC,passAttemptsOpponent,441,2026-09-29T20:12:41Z
2024,Boston College,ACC,passCompletions,207,2026-09-29T20:12:41Z
2024,Boston College,ACC,passCompletionsOpponent,271,2026-09-29T20:12:41Z
2024,Boston College,ACC,passesIntercepted,17,2026-09-29T20:12:41Z
2024,Boston College,ACC,passesInterceptedOpponent,7,2026-09-29T20:12:41Z
2024,Boston College,ACC,passingTDs,24,2026-09-29T20:12:41Z
2024,Boston College,ACC,passingTDsOpponent,17,2026-09-29T20:12:41Z
2024,Boston College,ACC,penalties,58,2026-09-29T20:12:41Z
2024,Boston College,ACC,penaltiesOpponent,82,2026-09-29T20:12:41Z
2024,Boston College,ACC,penaltyYards,560,2026-09-29T20:12:41Z
2024,Boston College,ACC,penaltyYardsOpponent,725,2026-09-29T20:12:41Z
2024,Boston College,ACC,possessionTime,24674,2026-09-29T20:12:41Z
2024,Boston College,ACC,possessionTimeOpponent,22055,2026-09-29T20:12:41Z
2024,Boston College,ACC,puntReturns,24,2026-09-29T20:12:41Z
2024,Boston College,ACC,puntReturnsOpponent,9,2026-09-29T20:12:41Z
2024,Boston College,ACC,puntReturnTDs,0,2026-09-29T20:12:41Z
2024,Boston College,ACC,puntReturnTDsOpponent,0,2026-09-29T20:12:41Z
2024,Boston College,ACC,puntReturnYards,165,2026-09-29T20:12:41Z
2024,Boston College,ACC,puntReturnYardsOpponent,42,2026-09-29T20:12:41Z
2024,Boston College,ACC,rushingAttempts,523,2026-09-29T20:12:41Z
2024,Boston College,ACC,rushingAttemptsOpponent,412,2026-09-29T20:12:41Z
2024,Boston College,ACC,rushingTDs,24,2026-09-29T20:12:41Z
2024,Boston College,ACC,rushingTDsOpponent,16,2026-09-29T20:12:41Z
2024,Boston College,ACC,rushingYards,2181,2026-09-29T20:12:41Z
2024,Boston College,ACC,rushingYardsOpponent,1496,2026-09-29T20:12:41Z
2024,Boston College,ACC,sacks,27,2026-09-29T20:12:41Z
2024,Boston College,ACC,sacksOpponent,29,2026-09-29T20:12:41Z
2024,Boston College,ACC,tacklesForLoss,64,2026-09-29T20:12:41Z
2024,Boston College,ACC,tacklesForLossOpponent,62,2026-09-29T20:12:41Z
2024,Boston College,ACC,thirdDownConversions,78,2026-09-29T20:12:41Z
2024,Boston College,ACC,thirdDownConversionsOpponent,64,2026-09-29T20:12:41Z
2024,Boston College,ACC,thirdDowns,179,2026-09-29T20:12:41Z
2024,Boston College,ACC,thirdDownsOpponent,175,2026-09-29T20:12:41Z
2024,Boston College,ACC,totalYards,4772,2026-09-29T20:12:41Z
2024,Boston College,ACC,totalYardsOpponent,4691,2026-09-29T20:12:41Z
2024,Boston College,ACC,turnovers,16,2026-09-29T20:12:41Z
2024,Boston College,ACC,turnoversOpponent,25,2026-09-29T20:12:41Z
2024,Bowling Green,Mid-American,firstDowns,258,2026-09-29T20:12:41Z
2024,Bowling Green,Mid-American,firstDownsOpponent,227,2026-09-29T20:12:41Z
2024,Bowling Green,Mid-American,fourthDownConversions,16,2026-09-29T20:12:41Z
2024,Bowling Green,Mid-American,fourthDownConversionsOpponent,17,2026-09-29T20:12:41Z
2024,Bowling Green,Mid-American,fourthDowns,26,2026-09-29T20:12:41Z
2024,Bowling Green,Mid-American,fourthDownsOpponent,28,2026-09-29T20:12:41Z
2024,Bowling Green,Mid-American,fumblesLost,5,2026-09-29T20:12:41Z
2024,Bowling Green,Mid-American,fumblesLostOpponent,2,2026-09-29T20:12:41Z
2024,Bowling Green,Mid-American,fumblesRecovered,2,2026-09-29T20:12:41Z
2024,Bowling Green,Mid-American,fumblesRecoveredOpponent,5,2026-09-29T20:12:41Z
2024,Bowling Green,Mid-American,games,13,2026-09-29T20:12:41Z
2024,Bowling Green,Mid-American,interceptions,6,2026-09-29T20:12:41Z
2024,Bowling Green,Mid-American,interceptionsOpponent,12,2026-09-29T20:12:41Z
2024,Bowling Green,Mid-American,interceptionTDs,1,2026-09-29T20:12:41Z
2024,Bowling Green,Mid-American,interceptionTDsOpponent,0,2026-09-29T20:12:41Z
2024,Bowling Green,Mid-American,interceptionYards,144,2026-09-29T20:12:41Z
2024,Bowling Green,Mid-American,interceptionYardsOpponent,64,2026-09-29T20:12:41Z
2024,Bowling Green,Mid-American,kickReturns,29,2026-09-29T20:12:41Z
2024,Bowling Green,Mid-American,kickReturnsOpponent,30,2026-09-29T20:12:41Z
2024,Bowling Green,Mid-American,kickReturnTDs,1,2026-09-29T20:12:41Z
2024,Bowling Green,Mid-American,kickReturnTDsOpponent,0,2026-09-29T20:12:41Z
2024,Bowling Green,Mid-American,kickReturnYards,653,2026-09-29T20:12:41Z
2024,Bowling Green,Mid-American,kickReturnYardsOpponent,554,2026-09-29T20:12:41Z
2024,Bowling Green,Mid-American,netPassingYards,3128,2026-09-29T20:12:41Z
2024,Bowling Green,Mid-American,netPassingYardsOpponent,2410,2026-09-29T20:12:41Z
2024,Bowling Green,Mid-American,passAttempts,419,2026-09-29T20:12:41Z
2024,Bowling Green,Mid-American,passAttemptsOpponent,370,2026-09-29T20:12:41Z
2024,Bowling Green,Mid-American,passCompletions,276,2026-09-29T20:12:41Z
2024,Bowling Green,Mid-American,passCompletionsOpponent,214,2026-09-29T20:12:41Z
2024,Bowling Green,Mid-American,passesIntercepted,12,2026-09-29T20:12:41Z
2024,Bowling Green,Mid-American,passesInterceptedOpponent,6,2026-09-29T20:12:41Z
2024,Bowling Green,Mid-American,passingTDs,20,2026-09-29T20:12:41Z
2024,Bowling Green,Mid-American,passingTDsOpponent,17,2026-09-29T20:12:41Z
2024,Bowling Green,Mid-American,penalties,68,2026-09-29T20:12:41Z
2024,Bowling Green,Mid-American,penaltiesOpponent,67,2026-09-29T20:12:41Z
2024,Bowling Green,Mid-American,penaltyYards,590,2026-09-29T20:12:41Z
2024,Bowling Green,Mid-American,penaltyYardsOpponent,572,2026-09-29T20:12:41Z
2024,Bowling Green,Mid-American,possessionTime,24848,2026-09-29T20:12:41Z
2024,Bowling Green,Mid-American,possessionTimeOpponent,21952,2026-09-29T20:12:41Z
2024,Bowling Green,Mid-American,puntReturns,23,2026-09-29T20:12:41Z
2024,Bowling Green,Mid-American,puntReturnsOpponent,9,2026-09-29T20:12:41Z
2024,Bowling Green,Mid-American,puntReturnTDs,0,2026-09-29T20:12:41Z
2024,Bowling Green,Mid-American,puntReturnTDsOpponent,1,2026-09-29T20:12:41Z
2024,Bowling Green,Mid-American,puntReturnYards,107,2026-09-29T20:12:41Z
2024,Bowling Green,Mid-American,puntReturnYardsOpponent,94,2026-09-29T20:12:41Z
2024,Bowling Green,Mid-American,rushingAttempts,422,2026-09-29T20:12:41Z
2024,Bowling Green,Mid-American,rushingAttemptsOpponent,436,2026-09-29T20:12:41Z
2024,Bowling Green,Mid-American,rushingTDs,20,2026-09-29T20:12:41Z
2024,Bowling Green,Mid-American,rushingTDsOpponent,14,2026-09-29T20:12:41Z
2024,Bowling Green,Mid-American,rushingYards,1782,2026-09-29T20:12:41Z
2024,Bowling Green,Mid-American,rushingYardsOpponent,1930,2026-09-29T20:12:41Z
2024,Bowling Green,Mid-American,sacks,33,2026-09-29T20:12:41Z
2024,Bowling Green,Mid-American,sacksOpponent,26,2026-09-29T20:12:41Z
2024,Bowling Green,Mid-American,tacklesForLoss,69,2026-09-29T20:12:41Z
2024,Bowling Green,Mid-American,tacklesForLossOpponent,88,2026-09-29T20:12:41Z
2024,Bowling Green,Mid-American,thirdDownConversions,68,2026-09-29T20:12:41Z
2024,Bowling Green,Mid-American,thirdDownConversionsOpponent,59,2026-09-29T20:12:41Z
2024,Bowling Green,Mid-American,thirdDowns,178,2026-09-29T20:12:41Z
2024,Bowling Green,Mid-American,thirdDownsOpponent,176,2026-09-29T20:12:41Z
2024,Bowling Green,Mid-American,totalYards,4910,2026-09-29T20:12:41Z
2024,Bowling Green,Mid-American,totalYardsOpponent,4340,2026-09-29T20:12:41Z
2024,Bowling Green,Mid-American,turnovers,11,2026-09-29T20:12:41Z
2024,Bowling Green,Mid-American,turnoversOpponent,14,2026-09-29T20:12:41Z
2024,Buffalo,Mid-American,firstDowns,241,2026-09-29T20:12:41Z
2024,Buffalo,Mid-American,firstDownsOpponent,262,2026-09-29T20:12:41Z
2024,Buffalo,Mid-American,fourthDownConversions,17,2026-09-29T20:12:41Z
2024,Buffalo,Mid-American,fourthDownConversionsOpponent,16,2026-09-29T20:12:41Z
2024,Buffalo,Mid-American,fourthDowns,28,2026-09-29T20:12:41Z
2024,Buffalo,Mid-American,fourthDownsOpponent,32,2026-09-29T20:12:41Z
2024,Buffalo,Mid-American,fumblesLost,7,2026-09-29T20:12:41Z
2024,Buffalo,Mid-American,fumblesLostOpponent,9,2026-09-29T20:12:41Z
2024,Buffalo,Mid-American,fumblesRecovered,9,2026-09-29T20:12:41Z
2024,Buffalo,Mid-American,fumblesRecoveredOpponent,7,2026-09-29T20:12:41Z
2024,Buffalo,Mid-American,games,13,2026-09-29T20:12:41Z
2024,Buffalo,Mid-American,interceptions,6,2026-09-29T20:12:41Z
2024,Buffalo,Mid-American,interceptionsOpponent,13,2026-09-29T20:12:41Z
2024,Buffalo,Mid-American,interceptionTDs,3,2026-09-29T20:12:41Z
2024,Buffalo,Mid-American,interceptionTDsOpponent,1,2026-09-29T20:12:41Z
2024,Buffalo,Mid-American,interceptionYards,347,2026-09-29T20:12:41Z
2024,Buffalo,Mid-American,interceptionYardsOpponent,122,2026-09-29T20:12:41Z
2024,Buffalo,Mid-American,kickReturns,26,2026-09-29T20:12:41Z
2024,Buffalo,Mid-American,kickReturnsOpponent,26,2026-09-29T20:12:41Z
2024,Buffalo,Mid-American,kickReturnTDs,0,2026-09-29T20:12:41Z
2024,Buffalo,Mid-American,kickReturnTDsOpponent,0,2026-09-29T20:12:41Z
2024,Buffalo,Mid-American,kickReturnYards,412,2026-09-29T20:12:41Z
2024,Buffalo,Mid-American,kickReturnYardsOpponent,542,2026-09-29T20:12:41Z
2024,Buffalo,Mid-American,netPassingYards,2422,2026-09-29T20:12:41Z
2024,Buffalo,Mid-American,netPassingYardsOpponent,3183,2026-09-29T20:12:41Z
2024,Buffalo,Mid-American,passAttempts,347,2026-09-29T20:12:41Z
2024,Buffalo,Mid-American,passAttemptsOpponent,439,2026-09-29T20:12:41Z
2024,Buffalo,Mid-American,passCompletions,194,2026-09-29T20:12:41Z
2024,Buffalo,Mid-American,passCompletionsOpponent,269,2026-09-29T20:12:41Z
2024,Buffalo,Mid-American,passesIntercepted,13,2026-09-29T20:12:41Z
2024,Buffalo,Mid-American,passesInterceptedOpponent,6,2026-09-29T20:12:41Z
2024,Buffalo,Mid-American,passingTDs,19,2026-09-29T20:12:41Z
2024,Buffalo,Mid-American,passingTDsOpponent,25,2026-09-29T20:12:41Z
2024,Buffalo,Mid-American,penalties,58,2026-09-29T20:12:41Z
2024,Buffalo,Mid-American,penaltiesOpponent,61,2026-09-29T20:12:41Z
2024,Buffalo,Mid-American,penaltyYards,564,2026-09-29T20:12:41Z
2024,Buffalo,Mid-American,penaltyYardsOpponent,514,2026-09-29T20:12:41Z
2024,Buffalo,Mid-American,possessionTime,22773,2026-09-29T20:12:41Z
2024,Buffalo,Mid-American,possessionTimeOpponent,24027,2026-09-29T20:12:41Z
2024,Buffalo,Mid-American,puntReturns,17,2026-09-29T20:12:41Z
2024,Buffalo,Mid-American,puntReturnsOpponent,16,2026-09-29T20:12:41Z
2024,Buffalo,Mid-American,puntReturnTDs,0,2026-09-29T20:12:41Z
2024,Buffalo,Mid-American,puntReturnTDsOpponent,0,2026-09-29T20:12:41Z
2024,Buffalo,Mid-American,puntReturnYards,217,2026-09-29T20:12:41Z
2024,Buffalo,Mid-American,puntReturnYardsOpponent,127,2026-09-29T20:12:41Z
2024,Buffalo,Mid-American,rushingAttempts,526,2026-09-29T20:12:41Z
2024,Buffalo,Mid-American,rushingAttemptsOpponent,466,2026-09-29T20:12:41Z
2024,Buffalo,Mid-American,rushingTDs,24,2026-09-29T20:12:41Z
2024,Buffalo,Mid-American,rushingTDsOpponent,17,2026-09-29T20:12:41Z
2024,Buffalo,Mid-American,rushingYards,2215,2026-09-29T20:12:41Z
2024,Buffalo,Mid-American,rushingYardsOpponent,1911,2026-09-29T20:12:41Z
2024,Buffalo,Mid-American,sacks,31,2026-09-29T20:12:41Z
2024,Buffalo,Mid-American,sacksOpponent,20,2026-09-29T20:12:41Z
2024,Buffalo,Mid-American,tacklesForLoss,92,2026-09-29T20:12:41Z
2024,Buffalo,Mid-American,tacklesForLossOpponent,72,2026-09-29T20:12:41Z
2024,Buffalo,Mid-American,thirdDownConversions,63,2026-09-29T20:12:41Z
2024,Buffalo,Mid-American,thirdDownConversionsOpponent,72,2026-09-29T20:12:41Z
2024,Buffalo,Mid-American,thirdDowns,187,2026-09-29T20:12:41Z
2024,Buffalo,Mid-American,thirdDownsOpponent,195,2026-09-29T20:12:41Z
2024,Buffalo,Mid-American,totalYards,4637,2026-09-29T20:12:41Z
2024,Buffalo,Mid-American,totalYardsOpponent,5094,2026-09-29T20:12:41Z
2024,Buffalo,Mid-American,turnovers,13,2026-09-29T20:12:41Z
2024,Buffalo,Mid-American,turnoversOpponent,22,2026-09-29T20:12:41Z
2024,BYU,Big 12,firstDowns,288,2026-09-29T20:12:41Z
2024,BYU,Big 12,firstDownsOpponent,220,2026-09-29T20:12:41Z
2024,BYU,Big 12,fourthDownConversions,18,2026-09-29T20:12:41Z
2024,BYU,Big 12,fourthDownConversionsOpponent,16,2026-09-29T20:12:41Z
2024,BYU,Big 12,fourthDowns,24,2026-09-29T20:12:41Z
2024,BYU,Big 12,fourthDownsOpponent,34,2026-09-29T20:12:41Z
2024,BYU,Big 12,fumblesLost,7,2026-09-29T20:12:41Z
2024,BYU,Big 12,fumblesLostOpponent,7,2026-09-29T20:12:41Z
2024,BYU,Big 12,fumblesRecovered,7,2026-09-29T20:12:41Z
2024,BYU,Big 12,fumblesRecoveredOpponent,7,2026-09-29T20:12:41Z
2024,BYU,Big 12,games,13,2026-09-29T20:12:41Z
2024,BYU,Big 12,interceptions,14,2026-09-29T20:12:41Z
2024,BYU,Big 12,interceptionsOpponent,22,2026-09-29T20:12:41Z
2024,BYU,Big 12,interceptionTDs,1,2026-09-29T20:12:41Z
2024,BYU,Big 12,interceptionTDsOpponent,0,2026-09-29T20:12:41Z
2024,BYU,Big 12,interceptionYards,113,2026-09-29T20:12:41Z
2024,BYU,Big 12,interceptionYardsOpponent,204,2026-09-29T20:12:41Z
2024,BYU,Big 12,kickReturns,22,2026-09-29T20:12:41Z
2024,BYU,Big 12,kickReturnsOpponent,30,2026-09-29T20:12:41Z
2024,BYU,Big 12,kickReturnTDs,3,2026-09-29T20:12:41Z
2024,BYU,Big 12,kickReturnTDsOpponent,0,2026-09-29T20:12:41Z
2024,BYU,Big 12,kickReturnYards,578,2026-09-29T20:12:41Z
2024,BYU,Big 12,kickReturnYardsOpponent,586,2026-09-29T20:12:41Z
2024,BYU,Big 12,netPassingYards,2956,2026-09-29T20:12:41Z
2024,BYU,Big 12,netPassingYardsOpponent,2372,2026-09-29T20:12:41Z
2024,BYU,Big 12,passAttempts,378,2026-09-29T20:12:41Z
2024,BYU,Big 12,passAttemptsOpponent,392,2026-09-29T20:12:41Z
2024,BYU,Big 12,passCompletions,215,2026-09-29T20:12:41Z
2024,BYU,Big 12,passCompletionsOpponent,217,2026-09-29T20:12:41Z
2024,BYU,Big 12,passesIntercepted,22,2026-09-29T20:12:41Z
2024,BYU,Big 12,passesInterceptedOpponent,14,2026-09-29T20:12:41Z
2024,BYU,Big 12,passingTDs,20,2026-09-29T20:12:41Z
2024,BYU,Big 12,passingTDsOpponent,13,2026-09-29T20:12:41Z
2024,BYU,Big 12,penalties,66,2026-09-29T20:12:41Z
2024,BYU,Big 12,penaltiesOpponent,80,2026-09-29T20:12:41Z
2024,BYU,Big 12,penaltyYards,561,2026-09-29T20:12:41Z
2024,BYU,Big 12,penaltyYardsOpponent,679,2026-09-29T20:12:41Z
2024,BYU,Big 12,possessionTime,24420,2026-09-29T20:12:41Z
2024,BYU,Big 12,possessionTimeOpponent,22380,2026-09-29T20:12:41Z
2024,BYU,Big 12,puntReturns,18,2026-09-29T20:12:41Z
2024,BYU,Big 12,puntReturnsOpponent,8,2026-09-29T20:12:41Z
2024,BYU,Big 12,puntReturnTDs,2,2026-09-29T20:12:41Z
2024,BYU,Big 12,puntReturnTDsOpponent,0,2026-09-29T20:12:41Z
2024,BYU,Big 12,puntReturnYards,235,2026-09-29T20:12:41Z
2024,BYU,Big 12,puntReturnYardsOpponent,66,2026-09-29T20:12:41Z
2024,BYU,Big 12,rushingAttempts,453,2026-09-29T20:12:41Z
2024,BYU,Big 12,rushingAttemptsOpponent,422,2026-09-29T20:12:41Z
2024,BYU,Big 12,rushingTDs,21,2026-09-29T20:12:41Z
2024,BYU,Big 12,rushingTDsOpponent,18,2026-09-29T20:12:41Z
2024,BYU,Big 12,rushingYards,2100,2026-09-29T20:12:41Z
2024,BYU,Big 12,rushingYardsOpponent,1658,2026-09-29T20:12:41Z
2024,BYU,Big 12,sacks,20,2026-09-29T20:12:41Z
2024,BYU,Big 12,sacksOpponent,18,2026-09-29T20:12:41Z
2024,BYU,Big 12,tacklesForLoss,63,2026-09-29T20:12:41Z
2024,BYU,Big 12,tacklesForLossOpponent,62,2026-09-29T20:12:41Z
2024,BYU,Big 12,thirdDownConversions,57,2026-09-29T20:12:41Z
2024,BYU,Big 12,thirdDownConversionsOpponent,72,2026-09-29T20:12:41Z
2024,BYU,Big 12,thirdDowns,153,2026-09-29T20:12:41Z
2024,BYU,Big 12,thirdDownsOpponent,175,2026-09-29T20:12:41Z
2024,BYU,Big 12,totalYards,5056,2026-09-29T20:12:41Z
2024,BYU,Big 12,totalYardsOpponent,4030,2026-09-29T20:12:41Z
2024,BYU,Big 12,turnovers,21,2026-09-29T20:12:41Z
2024,BYU,Big 12,turnoversOpponent,29,2026-09-29T20:12:41Z
2024,California,ACC,firstDowns,269,2026-09-29T20:12:41Z
2024,California,ACC,firstDownsOpponent,238,2026-09-29T20:12:41Z
2024,California,ACC,fourthDownConversions,12,2026-09-29T20:12:41Z
2024,California,ACC,fourthDownConversionsOpponent,24,2026-09-29T20:12:41Z
2024,California,ACC,fourthDowns,27,2026-09-29T20:12:41Z
2024,California,ACC,fourthDownsOpponent,38,2026-09-29T20:12:41Z
2024,California,ACC,fumblesLost,4,2026-09-29T20:12:41Z
2024,California,ACC,fumblesLostOpponent,5,2026-09-29T20:12:41Z
2024,California,ACC,fumblesRecovered,5,2026-09-29T20:12:41Z
2024,California,ACC,fumblesRecoveredOpponent,4,2026-09-29T20:12:41Z
2024,California,ACC,games,13,2026-09-29T20:12:41Z
2024,California,ACC,interceptions,7,2026-09-29T20:12:41Z
2024,California,ACC,interceptionsOpponent,17,2026-09-29T20:12:41Z
2024,California,ACC,interceptionTDs,1,2026-09-29T20:12:41Z
2024,California,ACC,interceptionTDsOpponent,0,2026-09-29T20:12:41Z
2024,California,ACC,interceptionYards,111,2026-09-29T20:12:41Z
2024,California,ACC,interceptionYardsOpponent,108,2026-09-29T20:12:41Z
2024,California,ACC,kickReturns,17,2026-09-29T20:12:41Z
2024,California,ACC,kickReturnsOpponent,15,2026-09-29T20:12:41Z
2024,California,ACC,kickReturnTDs,1,2026-09-29T20:12:41Z
2024,California,ACC,kickReturnTDsOpponent,0,2026-09-29T20:12:41Z
2024,California,ACC,kickReturnYards,409,2026-09-29T20:12:41Z
2024,California,ACC,kickReturnYardsOpponent,266,2026-09-29T20:12:41Z
2024,California,ACC,netPassingYards,3362,2026-09-29T20:12:41Z
2024,California,ACC,netPassingYardsOpponent,2959,2026-09-29T20:12:41Z
2024,California,ACC,passAttempts,464,2026-09-29T20:12:41Z
2024,California,ACC,passAttemptsOpponent,442,2026-09-29T20:12:41Z
2024,California,ACC,passCompletions,302,2026-09-29T20:12:41Z
2024,California,ACC,passCompletionsOpponent,250,2026-09-29T20:12:41Z
2024,California,ACC,passesIntercepted,17,2026-09-29T20:12:41Z
2024,California,ACC,passesInterceptedOpponent,7,2026-09-29T20:12:41Z
2024,California,ACC,passingTDs,16,2026-09-29T20:12:41Z
2024,California,ACC,passingTDsOpponent,17,2026-09-29T20:12:41Z
2024,California,ACC,penalties,96,2026-09-29T20:12:41Z
2024,California,ACC,penaltiesOpponent,86,2026-09-29T20:12:41Z
2024,California,ACC,penaltyYards,776,2026-09-29T20:12:41Z
2024,California,ACC,penaltyYardsOpponent,784,2026-09-29T20:12:41Z
2024,California,ACC,possessionTime,23858,2026-09-29T20:12:41Z
2024,California,ACC,possessionTimeOpponent,22942,2026-09-29T20:12:41Z
2024,California,ACC,puntReturns,20,2026-09-29T20:12:41Z
2024,California,ACC,puntReturnsOpponent,20,2026-09-29T20:12:41Z
2024,California,ACC,puntReturnTDs,0,2026-09-29T20:12:41Z
2024,California,ACC,puntReturnTDsOpponent,0,2026-09-29T20:12:41Z
2024,California,ACC,puntReturnYards,109,2026-09-29T20:12:41Z
2024,California,ACC,puntReturnYardsOpponent,179,2026-09-29T20:12:41Z
2024,California,ACC,rushingAttempts,438,2026-09-29T20:12:41Z
2024,California,ACC,rushingAttemptsOpponent,436,2026-09-29T20:12:41Z
2024,California,ACC,rushingTDs,17,2026-09-29T20:12:41Z
2024,California,ACC,rushingTDsOpponent,19,2026-09-29T20:12:41Z
2024,California,ACC,rushingYards,1589,2026-09-29T20:12:41Z
2024,California,ACC,rushingYardsOpponent,1430,2026-09-29T20:12:41Z
2024,California,ACC,sacks,34,2026-09-29T20:12:41Z
2024,California,ACC,sacksOpponent,50,2026-09-29T20:12:41Z
2024,California,ACC,tacklesForLoss,76,2026-09-29T20:12:41Z
2024,California,ACC,tacklesForLossOpponent,108,2026-09-29T20:12:41Z
2024,California,ACC,thirdDownConversions,72,2026-09-29T20:12:41Z
2024,California,ACC,thirdDownConversionsOpponent,62,2026-09-29T20:12:41Z
2024,California,ACC,thirdDowns,194,2026-09-29T20:12:41Z
2024,California,ACC,thirdDownsOpponent,186,2026-09-29T20:12:41Z
2024,California,ACC,totalYards,4951,2026-09-29T20:12:41Z
2024,California,ACC,totalYardsOpponent,4389,2026-09-29T20:12:41Z
2024,California,ACC,turnovers,11,2026-09-29T20:12:41Z
2024,California,ACC,turnoversOpponent,22,2026-09-29T20:12:41Z
2024,Central Michigan,Mid-American,firstDowns,215,2026-09-29T20:12:41Z
2024,Central Michigan,Mid-American,firstDownsOpponent,228,2026-09-29T20:12:41Z
2024,Central Michigan,Mid-American,fourthDownConversions,15,2026-09-29T20:12:41Z
2024,Central Michigan,Mid-American,fourthDownConversionsOpponent,14,2026-09-29T20:12:41Z
2024,Central Michigan,Mid-American,fourthDowns,26,2026-09-29T20:12:41Z
2024,Central Michigan,Mid-American,fourthDownsOpponent,23,2026-09-29T20:12:41Z
2024,Central Michigan,Mid-American,fumblesLost,12,2026-09-29T20:12:41Z
2024,Central Michigan,Mid-American,fumblesLostOpponent,3,2026-09-29T20:12:41Z
2024,Central Michigan,Mid-American,fumblesRecovered,3,2026-09-29T20:12:41Z
2024,Central Michigan,Mid-American,fumblesRecoveredOpponent,11,2026-09-29T20:12:41Z
2024,Central Michigan,Mid-American,games,12,2026-09-29T20:12:41Z
2024,Central Michigan,Mid-American,interceptions,12,2026-09-29T20:12:41Z
2024,Central Michigan,Mid-American,interceptionsOpponent,2,2026-09-29T20:12:41Z
2024,Central Michigan,Mid-American,interceptionTDs,1,2026-09-29T20:12:41Z
2024,Central Michigan,Mid-American,interceptionTDsOpponent,3,2026-09-29T20:12:41Z
2024,Central Michigan,Mid-American,interceptionYards,53,2026-09-29T20:12:41Z
2024,Central Michigan,Mid-American,interceptionYardsOpponent,347,2026-09-29T20:12:41Z
2024,Central Michigan,Mid-American,kickReturns,37,2026-09-29T20:12:41Z
2024,Central Michigan,Mid-American,kickReturnsOpponent,18,2026-09-29T20:12:41Z
2024,Central Michigan,Mid-American,kickReturnTDs,1,2026-09-29T20:12:41Z
2024,Central Michigan,Mid-American,kickReturnTDsOpponent,0,2026-09-29T20:12:41Z
2024,Central Michigan,Mid-American,kickReturnYards,671,2026-09-29T20:12:41Z
2024,Central Michigan,Mid-American,kickReturnYardsOpponent,301,2026-09-29T20:12:41Z
2024,Central Michigan,Mid-American,netPassingYards,1961,2026-09-29T20:12:41Z
2024,Central Michigan,Mid-American,netPassingYardsOpponent,2326,2026-09-29T20:12:41Z
2024,Central Michigan,Mid-American,passAttempts,302,2026-09-29T20:12:41Z
2024,Central Michigan,Mid-American,passAttemptsOpponent,327,2026-09-29T20:12:41Z
2024,Central Michigan,Mid-American,passCompletions,167,2026-09-29T20:12:41Z
2024,Central Michigan,Mid-American,passCompletionsOpponent,197,2026-09-29T20:12:41Z
2024,Central Michigan,Mid-American,passesIntercepted,2,2026-09-29T20:12:41Z
2024,Central Michigan,Mid-American,passesInterceptedOpponent,12,2026-09-29T20:12:41Z
2024,Central Michigan,Mid-American,passingTDs,11,2026-09-29T20:12:41Z
2024,Central Michigan,Mid-American,passingTDsOpponent,17,2026-09-29T20:12:41Z
2024,Central Michigan,Mid-American,penalties,81,2026-09-29T20:12:41Z
2024,Central Michigan,Mid-American,penaltiesOpponent,77,2026-09-29T20:12:41Z
2024,Central Michigan,Mid-American,penaltyYards,731,2026-09-29T20:12:41Z
2024,Central Michigan,Mid-American,penaltyYardsOpponent,706,2026-09-29T20:12:41Z
2024,Central Michigan,Mid-American,possessionTime,21193,2026-09-29T20:12:41Z
2024,Central Michigan,Mid-American,possessionTimeOpponent,22007,2026-09-29T20:12:41Z
2024,Central Michigan,Mid-American,puntReturns,18,2026-09-29T20:12:41Z
2024,Central Michigan,Mid-American,puntReturnsOpponent,21,2026-09-29T20:12:41Z
2024,Central Michigan,Mid-American,puntReturnTDs,1,2026-09-29T20:12:41Z
2024,Central Michigan,Mid-American,puntReturnTDsOpponent,0,2026-09-29T20:12:41Z
2024,Central Michigan,Mid-American,puntReturnYards,221,2026-09-29T20:12:41Z
2024,Central Michigan,Mid-American,puntReturnYardsOpponent,120,2026-09-29T20:12:41Z
2024,Central Michigan,Mid-American,rushingAttempts,447,2026-09-29T20:12:41Z
2024,Central Michigan,Mid-American,rushingAttemptsOpponent,440,2026-09-29T20:12:41Z
2024,Central Michigan,Mid-American,rushingTDs,17,2026-09-29T20:12:41Z
2024,Central Michigan,Mid-American,rushingTDsOpponent,20,2026-09-29T20:12:41Z
2024,Central Michigan,Mid-American,rushingYards,2027,2026-09-29T20:12:41Z
2024,Central Michigan,Mid-American,rushingYardsOpponent,2048,2026-09-29T20:12:41Z
2024,Central Michigan,Mid-American,sacks,31,2026-09-29T20:12:41Z
2024,Central Michigan,Mid-American,sacksOpponent,26,2026-09-29T20:12:41Z
2024,Central Michigan,Mid-American,tacklesForLoss,92,2026-09-29T20:12:41Z
2024,Central Michigan,Mid-American,tacklesForLossOpponent,67,2026-09-29T20:12:41Z
2024,Central Michigan,Mid-American,thirdDownConversions,57,2026-09-29T20:12:41Z
2024,Central Michigan,Mid-American,thirdDownConversionsOpponent,54,2026-09-29T20:12:41Z
2024,Central Michigan,Mid-American,thirdDowns,162,2026-09-29T20:12:41Z
2024,Central Michigan,Mid-American,thirdDownsOpponent,161,2026-09-29T20:12:41Z
2024,Central Michigan,Mid-American,totalYards,3988,2026-09-29T20:12:41Z
2024,Central Michigan,Mid-American,totalYardsOpponent,4374,2026-09-29T20:12:41Z
2024,Central Michigan,Mid-American,turnovers,24,2026-09-29T20:12:41Z
2024,Central Michigan,Mid-American,turnoversOpponent,5,2026-09-29T20:12:41Z
2024,Charlotte,American Athletic,firstDowns,207,2026-09-29T20:12:41Z
2024,Charlotte,American Athletic,firstDownsOpponent,277,2026-09-29T20:12:41Z
2024,Charlotte,American Athletic,fourthDownConversions,10,2026-09-29T20:12:41Z
2024,Charlotte,American Athletic,fourthDownConversionsOpponent,14,2026-09-29T20:12:41Z
2024,Charlotte,American Athletic,fourthDowns,24,2026-09-29T20:12:41Z
2024,Charlotte,American Athletic,fourthDownsOpponent,25,2026-09-29T20:12:41Z
2024,Charlotte,American Athletic,fumblesLost,7,2026-09-29T20:12:41Z
2024,Charlotte,American Athletic,fumblesLostOpponent,2,2026-09-29T20:12:41Z
2024,Charlotte,American Athletic,fumblesRecovered,2,2026-09-29T20:12:41Z
2024,Charlotte,American Athletic,fumblesRecoveredOpponent,7,2026-09-29T20:12:41Z
2024,Charlotte,American Athletic,games,12,2026-09-29T20:12:41Z
2024,Charlotte,American Athletic,interceptions,14,2026-09-29T20:12:41Z
2024,Charlotte,American Athletic,interceptionsOpponent,10,2026-09-29T20:12:41Z
2024,Charlotte,American Athletic,interceptionTDs,1,2026-09-29T20:12:41Z
2024,Charlotte,American Athletic,interceptionTDsOpponent,5,2026-09-29T20:12:41Z
2024,Charlotte,American Athletic,interceptionYards,94,2026-09-29T20:12:41Z
2024,Charlotte,American Athletic,interceptionYardsOpponent,234,2026-09-29T20:12:41Z
2024,Charlotte,American Athletic,kickReturns,39,2026-09-29T20:12:41Z
2024,Charlotte,American Athletic,kickReturnsOpponent,15,2026-09-29T20:12:41Z
2024,Charlotte,American Athletic,kickReturnTDs,0,2026-09-29T20:12:41Z
2024,Charlotte,American Athletic,kickReturnTDsOpponent,1,2026-09-29T20:12:41Z
2024,Charlotte,American Athletic,kickReturnYards,834,2026-09-29T20:12:41Z
2024,Charlotte,American Athletic,kickReturnYardsOpponent,415,2026-09-29T20:12:41Z
2024,Charlotte,American Athletic,netPassingYards,2689,2026-09-29T20:12:41Z
2024,Charlotte,American Athletic,netPassingYardsOpponent,2674,2026-09-29T20:12:41Z
2024,Charlotte,American Athletic,passAttempts,353,2026-09-29T20:12:41Z
2024,Charlotte,American Athletic,passAttemptsOpponent,342,2026-09-29T20:12:41Z
2024,Charlotte,American Athletic,passCompletions,177,2026-09-29T20:12:41Z
2024,Charlotte,American Athletic,passCompletionsOpponent,205,2026-09-29T20:12:41Z
2024,Charlotte,American Athletic,passesIntercepted,10,2026-09-29T20:12:41Z
2024,Charlotte,American Athletic,passesInterceptedOpponent,14,2026-09-29T20:12:41Z
2024,Charlotte,American Athletic,passingTDs,16,2026-09-29T20:12:41Z
2024,Charlotte,American Athletic,passingTDsOpponent,18,2026-09-29T20:12:41Z
2024,Charlotte,American Athletic,penalties,93,2026-09-29T20:12:41Z
2024,Charlotte,American Athletic,penaltiesOpponent,79,2026-09-29T20:12:41Z
2024,Charlotte,American Athletic,penaltyYards,784,2026-09-29T20:12:41Z
2024,Charlotte,American Athletic,penaltyYardsOpponent,686,2026-09-29T20:12:41Z
2024,Charlotte,American Athletic,possessionTime,20612,2026-09-29T20:12:41Z
2024,Charlotte,American Athletic,possessionTimeOpponent,22588,2026-09-29T20:12:41Z
2024,Charlotte,American Athletic,puntReturns,13,2026-09-29T20:12:41Z
2024,Charlotte,American Athletic,puntReturnsOpponent,10,2026-09-29T20:12:41Z
2024,Charlotte,American Athletic,puntReturnTDs,0,2026-09-29T20:12:41Z
2024,Charlotte,American Athletic,puntReturnTDsOpponent,0,2026-09-29T20:12:41Z
2024,Charlotte,American Athletic,puntReturnYards,48,2026-09-29T20:12:41Z
2024,Charlotte,American Athletic,puntReturnYardsOpponent,84,2026-09-29T20:12:41Z
2024,Charlotte,American Athletic,rushingAttempts,387,2026-09-29T20:12:41Z
2024,Charlotte,American Athletic,rushingAttemptsOpponent,485,2026-09-29T20:12:41Z
2024,Charlotte,American Athletic,rushingTDs,16,2026-09-29T20:12:41Z
2024,Charlotte,American Athletic,rushingTDsOpponent,29,2026-09-29T20:12:41Z
2024,Charlotte,American Athletic,rushingYards,1424,2026-09-29T20:12:41Z
2024,Charlotte,American Athletic,rushingYardsOpponent,2528,2026-09-29T20:12:41Z
2024,Charlotte,American Athletic,sacks,14,2026-09-29T20:12:41Z
2024,Charlotte,American Athletic,sacksOpponent,30,2026-09-29T20:12:41Z
2024,Charlotte,American Athletic,tacklesForLoss,59,2026-09-29T20:12:41Z
2024,Charlotte,American Athletic,tacklesForLossOpponent,71,2026-09-29T20:12:41Z
2024,Charlotte,American Athletic,thirdDownConversions,47,2026-09-29T20:12:41Z
2024,Charlotte,American Athletic,thirdDownConversionsOpponent,63,2026-09-29T20:12:41Z
2024,Charlotte,American Athletic,thirdDowns,155,2026-09-29T20:12:41Z
2024,Charlotte,American Athletic,thirdDownsOpponent,154,2026-09-29T20:12:41Z
2024,Charlotte,American Athletic,totalYards,4113,2026-09-29T20:12:41Z
2024,Charlotte,American Athletic,totalYardsOpponent,5202,2026-09-29T20:12:41Z
2024,Charlotte,American Athletic,turnovers,21,2026-09-29T20:12:41Z
2024,Charlotte,American Athletic,turnoversOpponent,12,2026-09-29T20:12:41Z
2024,Cincinnati,Big 12,firstDowns,265,2026-09-29T20:12:41Z
2024,Cincinnati,Big 12,firstDownsOpponent,224,2026-09-29T20:12:41Z
2024,Cincinnati,Big 12,fourthDownConversions,11,2026-09-29T20:12:41Z
2024,Cincinnati,Big 12,fourthDownConversionsOpponent,12,2026-09-29T20:12:41Z
2024,Cincinnati,Big 12,fourthDowns,20,2026-09-29T20:12:41Z
2024,Cincinnati,Big 12,fourthDownsOpponent,24,2026-09-29T20:12:41Z
2024,Cincinnati,Big 12,fumblesLost,11,2026-09-29T20:12:41Z
2024,Cincinnati,Big 12,fumblesLostOpponent,8,2026-09-29T20:12:41Z
2024,Cincinnati,Big 12,fumblesRecovered,9,2026-09-29T20:12:41Z
2024,Cincinnati,Big 12,fumblesRecoveredOpponent,11,2026-09-29T20:12:41Z
2024,Cincinnati,Big 12,games,12,2026-09-29T20:12:41Z
2024,Cincinnati,Big 12,interceptions,7,2026-09-29T20:12:41Z
2024,Cincinnati,Big 12,interceptionsOpponent,5,2026-09-29T20:12:41Z
2024,Cincinnati,Big 12,interceptionTDs,0,2026-09-29T20:12:41Z
2024,Cincinnati,Big 12,interceptionTDsOpponent,2,2026-09-29T20:12:41Z
2024,Cincinnati,Big 12,interceptionYards,1,2026-09-29T20:12:41Z
2024,Cincinnati,Big 12,interceptionYardsOpponent,149,2026-09-29T20:12:41Z
2024,Cincinnati,Big 12,kickReturns,19,2026-09-29T20:12:41Z
2024,Cincinnati,Big 12,kickReturnsOpponent,29,2026-09-29T20:12:41Z
2024,Cincinnati,Big 12,kickReturnTDs,0,2026-09-29T20:12:41Z
2024,Cincinnati,Big 12,kickReturnTDsOpponent,0,2026-09-29T20:12:41Z
2024,Cincinnati,Big 12,kickReturnYards,390,2026-09-29T20:12:41Z
2024,Cincinnati,Big 12,kickReturnYardsOpponent,600,2026-09-29T20:12:41Z
2024,Cincinnati,Big 12,netPassingYards,2838,2026-09-29T20:12:41Z
2024,Cincinnati,Big 12,netPassingYardsOpponent,2673,2026-09-29T20:12:41Z
2024,Cincinnati,Big 12,passAttempts,395,2026-09-29T20:12:41Z
2024,Cincinnati,Big 12,passAttemptsOpponent,346,2026-09-29T20:12:41Z
2024,Cincinnati,Big 12,passCompletions,252,2026-09-29T20:12:41Z
2024,Cincinnati,Big 12,passCompletionsOpponent,213,2026-09-29T20:12:41Z
2024,Cincinnati,Big 12,passesIntercepted,5,2026-09-29T20:12:41Z
2024,Cincinnati,Big 12,passesInterceptedOpponent,7,2026-09-29T20:12:41Z
2024,Cincinnati,Big 12,passingTDs,18,2026-09-29T20:12:41Z
2024,Cincinnati,Big 12,passingTDsOpponent,16,2026-09-29T20:12:41Z
2024,Cincinnati,Big 12,penalties,64,2026-09-29T20:12:41Z
2024,Cincinnati,Big 12,penaltiesOpponent,65,2026-09-29T20:12:41Z
2024,Cincinnati,Big 12,penaltyYards,533,2026-09-29T20:12:41Z
2024,Cincinnati,Big 12,penaltyYardsOpponent,515,2026-09-29T20:12:41Z
2024,Cincinnati,Big 12,possessionTime,22833,2026-09-29T20:12:41Z
2024,Cincinnati,Big 12,possessionTimeOpponent,20367,2026-09-29T20:12:41Z
2024,Cincinnati,Big 12,puntReturns,9,2026-09-29T20:12:41Z
2024,Cincinnati,Big 12,puntReturnsOpponent,15,2026-09-29T20:12:41Z
2024,Cincinnati,Big 12,puntReturnTDs,0,2026-09-29T20:12:41Z
2024,Cincinnati,Big 12,puntReturnTDsOpponent,0,2026-09-29T20:12:41Z
2024,Cincinnati,Big 12,puntReturnYards,42,2026-09-29T20:12:41Z
2024,Cincinnati,Big 12,puntReturnYardsOpponent,114,2026-09-29T20:12:41Z
2024,Cincinnati,Big 12,rushingAttempts,424,2026-09-29T20:12:41Z
2024,Cincinnati,Big 12,rushingAttemptsOpponent,410,2026-09-29T20:12:41Z
2024,Cincinnati,Big 12,rushingTDs,19,2026-09-29T20:12:41Z
2024,Cincinnati,Big 12,rushingTDsOpponent,15,2026-09-29T20:12:41Z
2024,Cincinnati,Big 12,rushingYards,2220,2026-09-29T20:12:41Z
2024,Cincinnati,Big 12,rushingYardsOpponent,1952,2026-09-29T20:12:41Z
2024,Cincinnati,Big 12,sacks,19,2026-09-29T20:12:41Z
2024,Cincinnati,Big 12,sacksOpponent,20,2026-09-29T20:12:41Z
2024,Cincinnati,Big 12,tacklesForLoss,65,2026-09-29T20:12:41Z
2024,Cincinnati,Big 12,tacklesForLossOpponent,71,2026-09-29T20:12:41Z
2024,Cincinnati,Big 12,thirdDownConversions,65,2026-09-29T20:12:41Z
2024,Cincinnati,Big 12,thirdDownConversionsOpponent,62,2026-09-29T20:12:41Z
2024,Cincinnati,Big 12,thirdDowns,155,2026-09-29T20:12:41Z
2024,Cincinnati,Big 12,thirdDownsOpponent,161,2026-09-29T20:12:41Z
2024,Cincinnati,Big 12,totalYards,5058,2026-09-29T20:12:41Z
2024,Cincinnati,Big 12,totalYardsOpponent,4625,2026-09-29T20:12:41Z
2024,Cincinnati,Big 12,turnovers,18,2026-09-29T20:12:41Z
2024,Cincinnati,Big 12,turnoversOpponent,13,2026-09-29T20:12:41Z
2024,Clemson,ACC,firstDowns,335,2026-09-29T20:12:41Z
2024,Clemson,ACC,firstDownsOpponent,286,2026-09-29T20:12:41Z
2024,Clemson,ACC,fourthDownConversions,13,2026-09-29T20:12:41Z
2024,Clemson,ACC,fourthDownConversionsOpponent,8,2026-09-29T20:12:41Z
2024,Clemson,ACC,fourthDowns,22,2026-09-29T20:12:41Z
2024,Clemson,ACC,fourthDownsOpponent,19,2026-09-29T20:12:41Z
2024,Clemson,ACC,fumblesLost,3,2026-09-29T20:12:41Z
2024,Clemson,ACC,fumblesLostOpponent,10,2026-09-29T20:12:41Z
2024,Clemson,ACC,fumblesRecovered,10,2026-09-29T20:12:41Z
2024,Clemson,ACC,fumblesRecoveredOpponent,3,2026-09-29T20:12:41Z
2024,Clemson,ACC,games,14,2026-09-29T20:12:41Z
2024,Clemson,ACC,interceptions,7,2026-09-29T20:12:41Z
2024,Clemson,ACC,interceptionsOpponent,16,2026-09-29T20:12:41Z
2024,Clemson,ACC,interceptionTDs,2,2026-09-29T20:12:41Z
2024,Clemson,ACC,interceptionTDsOpponent,0,2026-09-29T20:12:41Z
2024,Clemson,ACC,interceptionYards,137,2026-09-29T20:12:41Z
2024,Clemson,ACC,interceptionYardsOpponent,52,2026-09-29T20:12:41Z
2024,Clemson,ACC,kickReturns,17,2026-09-29T20:12:41Z
2024,Clemson,ACC,kickReturnsOpponent,15,2026-09-29T20:12:41Z
2024,Clemson,ACC,kickReturnTDs,0,2026-09-29T20:12:41Z
2024,Clemson,ACC,kickReturnTDsOpponent,0,2026-09-29T20:12:41Z
2024,Clemson,ACC,kickReturnYards,320,2026-09-29T20:12:41Z
2024,Clemson,ACC,kickReturnYardsOpponent,298,2026-09-29T20:12:41Z
2024,Clemson,ACC,netPassingYards,3899,2026-09-29T20:12:41Z
2024,Clemson,ACC,netPassingYardsOpponent,3004,2026-09-29T20:12:41Z
2024,Clemson,ACC,passAttempts,529,2026-09-29T20:12:41Z
2024,Clemson,ACC,passAttemptsOpponent,468,2026-09-29T20:12:41Z
2024,Clemson,ACC,passCompletions,331,2026-09-29T20:12:41Z
2024,Clemson,ACC,passCompletionsOpponent,264,2026-09-29T20:12:41Z
2024,Clemson,ACC,passesIntercepted,16,2026-09-29T20:12:41Z
2024,Clemson,ACC,passesInterceptedOpponent,7,2026-09-29T20:12:41Z
2024,Clemson,ACC,passingTDs,37,2026-09-29T20:12:41Z
2024,Clemson,ACC,passingTDsOpponent,22,2026-09-29T20:12:41Z
2024,Clemson,ACC,penalties,69,2026-09-29T20:12:41Z
2024,Clemson,ACC,penaltiesOpponent,86,2026-09-29T20:12:41Z
2024,Clemson,ACC,penaltyYards,667,2026-09-29T20:12:41Z
2024,Clemson,ACC,penaltyYardsOpponent,771,2026-09-29T20:12:41Z
2024,Clemson,ACC,possessionTime,25612,2026-09-29T20:12:41Z
2024,Clemson,ACC,possessionTimeOpponent,24769,2026-09-29T20:12:41Z
2024,Clemson,ACC,puntReturns,19,2026-09-29T20:12:41Z
2024,Clemson,ACC,puntReturnsOpponent,20,2026-09-29T20:12:41Z
2024,Clemson,ACC,puntReturnTDs,0,2026-09-29T20:12:41Z
2024,Clemson,ACC,puntReturnTDsOpponent,0,2026-09-29T20:12:41Z
2024,Clemson,ACC,puntReturnYards,170,2026-09-29T20:12:41Z
2024,Clemson,ACC,puntReturnYardsOpponent,88,2026-09-29T20:12:41Z
2024,Clemson,ACC,rushingAttempts,470,2026-09-29T20:12:41Z
2024,Clemson,ACC,rushingAttemptsOpponent,475,2026-09-29T20:12:41Z
2024,Clemson,ACC,rushingTDs,23,2026-09-29T20:12:41Z
2024,Clemson,ACC,rushingTDsOpponent,18,2026-09-29T20:12:41Z
2024,Clemson,ACC,rushingYards,2433,2026-09-29T20:12:41Z
2024,Clemson,ACC,rushingYardsOpponent,2245,2026-09-29T20:12:41Z
2024,Clemson,ACC,sacks,35,2026-09-29T20:12:41Z
2024,Clemson,ACC,sacksOpponent,25,2026-09-29T20:12:41Z
2024,Clemson,ACC,tacklesForLoss,89,2026-09-29T20:12:41Z
2024,Clemson,ACC,tacklesForLossOpponent,73,2026-09-29T20:12:41Z
2024,Clemson,ACC,thirdDownConversions,87,2026-09-29T20:12:41Z
2024,Clemson,ACC,thirdDownConversionsOpponent,70,2026-09-29T20:12:41Z
2024,Clemson,ACC,thirdDowns,198,2026-09-29T20:12:41Z
2024,Clemson,ACC,thirdDownsOpponent,195,2026-09-29T20:12:41Z
2024,Clemson,ACC,totalYards,6332,2026-09-29T20:12:41Z
2024,Clemson,ACC,totalYardsOpponent,5249,2026-09-29T20:12:41Z
2024,Clemson,ACC,turnovers,10,2026-09-29T20:12:41Z
2024,Clemson,ACC,turnoversOpponent,26,2026-09-29T20:12:41Z
2024,Coastal Carolina,Sun Belt,firstDowns,235,2026-09-29T20:12:41Z
2024,Coastal Carolina,Sun Belt,firstDownsOpponent,273,2026-09-29T20:12:41Z
2024,Coastal Carolina,Sun Belt,fourthDownConversions,8,2026-09-29T20:12:41Z
2024,Coastal Carolina,Sun Belt,fourthDownConversionsOpponent,15,2026-09-29T20:12:41Z
2024,Coastal Carolina,Sun Belt,fourthDowns,22,2026-09-29T20:12:41Z
2024,Coastal Carolina,Sun Belt,fourthDownsOpponent,27,2026-09-29T20:12:41Z
2024,Coastal Carolina,Sun Belt,fumblesLost,6,2026-09-29T20:12:41Z
2024,Coastal Carolina,Sun Belt,fumblesLostOpponent,11,2026-09-29T20:12:41Z
2024,Coastal Carolina,Sun Belt,fumblesRecovered,11,2026-09-29T20:12:41Z
2024,Coastal Carolina,Sun Belt,fumblesRecoveredOpponent,6,2026-09-29T20:12:41Z
2024,Coastal Carolina,Sun Belt,games,13,2026-09-29T20:12:41Z
2024,Coastal Carolina,Sun Belt,interceptions,11,2026-09-29T20:12:41Z
2024,Coastal Carolina,Sun Belt,interceptionsOpponent,11,2026-09-29T20:12:41Z
2024,Coastal Carolina,Sun Belt,interceptionTDs,2,2026-09-29T20:12:41Z
2024,Coastal Carolina,Sun Belt,interceptionTDsOpponent,1,2026-09-29T20:12:41Z
2024,Coastal Carolina,Sun Belt,interceptionYards,167,2026-09-29T20:12:41Z
2024,Coastal Carolina,Sun Belt,interceptionYardsOpponent,107,2026-09-29T20:12:41Z
2024,Coastal Carolina,Sun Belt,kickReturns,24,2026-09-29T20:12:41Z
2024,Coastal Carolina,Sun Belt,kickReturnsOpponent,25,2026-09-29T20:12:41Z
2024,Coastal Carolina,Sun Belt,kickReturnTDs,0,2026-09-29T20:12:41Z
2024,Coastal Carolina,Sun Belt,kickReturnTDsOpponent,1,2026-09-29T20:12:41Z
2024,Coastal Carolina,Sun Belt,kickReturnYards,414,2026-09-29T20:12:41Z
2024,Coastal Carolina,Sun Belt,kickReturnYardsOpponent,633,2026-09-29T20:12:41Z
2024,Coastal Carolina,Sun Belt,netPassingYards,2626,2026-09-29T20:12:41Z
2024,Coastal Carolina,Sun Belt,netPassingYardsOpponent,2961,2026-09-29T20:12:41Z
2024,Coastal Carolina,Sun Belt,passAttempts,358,2026-09-29T20:12:41Z
2024,Coastal Carolina,Sun Belt,passAttemptsOpponent,389,2026-09-29T20:12:41Z
2024,Coastal Carolina,Sun Belt,passCompletions,195,2026-09-29T20:12:41Z
2024,Coastal Carolina,Sun Belt,passCompletionsOpponent,238,2026-09-29T20:12:41Z
2024,Coastal Carolina,Sun Belt,passesIntercepted,11,2026-09-29T20:12:41Z
2024,Coastal Carolina,Sun Belt,passesInterceptedOpponent,11,2026-09-29T20:12:41Z
2024,Coastal Carolina,Sun Belt,passingTDs,20,2026-09-29T20:12:41Z
2024,Coastal Carolina,Sun Belt,passingTDsOpponent,24,2026-09-29T20:12:41Z
2024,Coastal Carolina,Sun Belt,penalties,90,2026-09-29T20:12:41Z
2024,Coastal Carolina,Sun Belt,penaltiesOpponent,82,2026-09-29T20:12:41Z
2024,Coastal Carolina,Sun Belt,penaltyYards,829,2026-09-29T20:12:41Z
2024,Coastal Carolina,Sun Belt,penaltyYardsOpponent,681,2026-09-29T20:12:41Z
2024,Coastal Carolina,Sun Belt,possessionTime,22479,2026-09-29T20:12:41Z
2024,Coastal Carolina,Sun Belt,possessionTimeOpponent,24321,2026-09-29T20:12:41Z
2024,Coastal Carolina,Sun Belt,puntReturns,10,2026-09-29T20:12:41Z
2024,Coastal Carolina,Sun Belt,puntReturnsOpponent,14,2026-09-29T20:12:41Z
2024,Coastal Carolina,Sun Belt,puntReturnTDs,0,2026-09-29T20:12:41Z
2024,Coastal Carolina,Sun Belt,puntReturnTDsOpponent,0,2026-09-29T20:12:41Z
2024,Coastal Carolina,Sun Belt,puntReturnYards,128,2026-09-29T20:12:41Z
2024,Coastal Carolina,Sun Belt,puntReturnYardsOpponent,68,2026-09-29T20:12:41Z
2024,Coastal Carolina,Sun Belt,rushingAttempts,481,2026-09-29T20:12:41Z
2024,Coastal Carolina,Sun Belt,rushingAttemptsOpponent,510,2026-09-29T20:12:41Z
2024,Coastal Carolina,Sun Belt,rushingTDs,21,2026-09-29T20:12:41Z
2024,Coastal Carolina,Sun Belt,rushingTDsOpponent,22,2026-09-29T20:12:41Z
2024,Coastal Carolina,Sun Belt,rushingYards,2246,2026-09-29T20:12:41Z
2024,Coastal Carolina,Sun Belt,rushingYardsOpponent,2422,2026-09-29T20:12:41Z
2024,Coastal Carolina,Sun Belt,sacks,28,2026-09-29T20:12:41Z
2024,Coastal Carolina,Sun Belt,sacksOpponent,14,2026-09-29T20:12:41Z
2024,Coastal Carolina,Sun Belt,tacklesForLoss,59,2026-09-29T20:12:41Z
2024,Coastal Carolina,Sun Belt,tacklesForLossOpponent,54,2026-09-29T20:12:41Z
2024,Coastal Carolina,Sun Belt,thirdDownConversions,65,2026-09-29T20:12:41Z
2024,Coastal Carolina,Sun Belt,thirdDownConversionsOpponent,81,2026-09-29T20:12:41Z
2024,Coastal Carolina,Sun Belt,thirdDowns,171,2026-09-29T20:12:41Z
2024,Coastal Carolina,Sun Belt,thirdDownsOpponent,186,2026-09-29T20:12:41Z
2024,Coastal Carolina,Sun Belt,totalYards,4872,2026-09-29T20:12:41Z
2024,Coastal Carolina,Sun Belt,totalYardsOpponent,5383,2026-09-29T20:12:41Z
2024,Coastal Carolina,Sun Belt,turnovers,17,2026-09-29T20:12:41Z
2024,Coastal Carolina,Sun Belt,turnoversOpponent,22,2026-09-29T20:12:41Z
2024,Colorado,Big 12,firstDowns,265,2026-09-29T20:12:41Z
2024,Colorado,Big 12,firstDownsOpponent,263,2026-09-29T20:12:41Z
2024,Colorado,Big 12,fourthDownConversions,8,2026-09-29T20:12:41Z
2024,Colorado,Big 12,fourthDownConversionsOpponent,16,2026-09-29T20:12:41Z
2024,Colorado,Big 12,fourthDowns,21,2026-09-29T20:12:41Z
2024,Colorado,Big 12,fourthDownsOpponent,28,2026-09-29T20:12:41Z
2024,Colorado,Big 12,fumblesLost,4,2026-09-29T20:12:41Z
2024,Colorado,Big 12,fumblesLostOpponent,11,2026-09-29T20:12:41Z
2024,Colorado,Big 12,fumblesRecovered,11,2026-09-29T20:12:41Z
2024,Colorado,Big 12,fumblesRecoveredOpponent,5,2026-09-29T20:12:41Z
2024,Colorado,Big 12,games,13,2026-09-29T20:12:41Z
2024,Colorado,Big 12,interceptions,10,2026-09-29T20:12:41Z
2024,Colorado,Big 12,interceptionsOpponent,15,2026-09-29T20:12:41Z
2024,Colorado,Big 12,interceptionTDs,1,2026-09-29T20:12:41Z
2024,Colorado,Big 12,interceptionTDsOpponent,1,2026-09-29T20:12:41Z
2024,Colorado,Big 12,interceptionYards,268,2026-09-29T20:12:41Z
2024,Colorado,Big 12,interceptionYardsOpponent,48,2026-09-29T20:12:41Z
2024,Colorado,Big 12,kickReturns,21,2026-09-29T20:12:41Z
2024,Colorado,Big 12,kickReturnsOpponent,54,2026-09-29T20:12:41Z
2024,Colorado,Big 12,kickReturnTDs,0,2026-09-29T20:12:41Z
2024,Colorado,Big 12,kickReturnTDsOpponent,1,2026-09-29T20:12:41Z
2024,Colorado,Big 12,kickReturnYards,386,2026-09-29T20:12:41Z
2024,Colorado,Big 12,kickReturnYardsOpponent,1178,2026-09-29T20:12:41Z
2024,Colorado,Big 12,netPassingYards,4134,2026-09-29T20:12:41Z
2024,Colorado,Big 12,netPassingYardsOpponent,2607,2026-09-29T20:12:41Z
2024,Colorado,Big 12,passAttempts,481,2026-09-29T20:12:41Z
2024,Colorado,Big 12,passAttemptsOpponent,393,2026-09-29T20:12:41Z
2024,Colorado,Big 12,passCompletions,353,2026-09-29T20:12:41Z
2024,Colorado,Big 12,passCompletionsOpponent,229,2026-09-29T20:12:41Z
2024,Colorado,Big 12,passesIntercepted,15,2026-09-29T20:12:41Z
2024,Colorado,Big 12,passesInterceptedOpponent,10,2026-09-29T20:12:41Z
2024,Colorado,Big 12,passingTDs,37,2026-09-29T20:12:41Z
2024,Colorado,Big 12,passingTDsOpponent,16,2026-09-29T20:12:41Z
2024,Colorado,Big 12,penalties,100,2026-09-29T20:12:41Z
2024,Colorado,Big 12,penaltiesOpponent,99,2026-09-29T20:12:41Z
2024,Colorado,Big 12,penaltyYards,882,2026-09-29T20:12:41Z
2024,Colorado,Big 12,penaltyYardsOpponent,870,2026-09-29T20:12:41Z
2024,Colorado,Big 12,possessionTime,21763,2026-09-29T20:12:41Z
2024,Colorado,Big 12,possessionTimeOpponent,25037,2026-09-29T20:12:41Z
2024,Colorado,Big 12,puntReturns,17,2026-09-29T20:12:41Z
2024,Colorado,Big 12,puntReturnsOpponent,24,2026-09-29T20:12:41Z
2024,Colorado,Big 12,puntReturnTDs,1,2026-09-29T20:12:41Z
2024,Colorado,Big 12,puntReturnTDsOpponent,1,2026-09-29T20:12:41Z
2024,Colorado,Big 12,puntReturnYards,197,2026-09-29T20:12:41Z
2024,Colorado,Big 12,puntReturnYardsOpponent,365,2026-09-29T20:12:41Z
2024,Colorado,Big 12,rushingAttempts,333,2026-09-29T20:12:41Z
2024,Colorado,Big 12,rushingAttemptsOpponent,504,2026-09-29T20:12:41Z
2024,Colorado,Big 12,rushingTDs,15,2026-09-29T20:12:41Z
2024,Colorado,Big 12,rushingTDsOpponent,17,2026-09-29T20:12:41Z
2024,Colorado,Big 12,rushingYards,860,2026-09-29T20:12:41Z
2024,Colorado,Big 12,rushingYardsOpponent,1973,2026-09-29T20:12:41Z
2024,Colorado,Big 12,sacks,39,2026-09-29T20:12:41Z
2024,Colorado,Big 12,sacksOpponent,43,2026-09-29T20:12:41Z
2024,Colorado,Big 12,tacklesForLoss,93,2026-09-29T20:12:41Z
2024,Colorado,Big 12,tacklesForLossOpponent,83,2026-09-29T20:12:41Z
2024,Colorado,Big 12,thirdDownConversions,65,2026-09-29T20:12:41Z
2024,Colorado,Big 12,thirdDownConversionsOpponent,75,2026-09-29T20:12:41Z
2024,Colorado,Big 12,thirdDowns,159,2026-09-29T20:12:41Z
2024,Colorado,Big 12,thirdDownsOpponent,189,2026-09-29T20:12:41Z
2024,Colorado,Big 12,totalYards,4994,2026-09-29T20:12:41Z
2024,Colorado,Big 12,totalYardsOpponent,4580,2026-09-29T20:12:41Z
2024,Colorado,Big 12,turnovers,14,2026-09-29T20:12:41Z
2024,Colorado,Big 12,turnoversOpponent,26,2026-09-29T20:12:41Z
2024,Colorado State,Mountain West,firstDowns,233,2026-09-29T20:12:41Z
2024,Colorado State,Mountain West,firstDownsOpponent,261,2026-09-29T20:12:41Z
2024,Colorado State,Mountain West,fourthDownConversions,18,2026-09-29T20:12:41Z
2024,Colorado State,Mountain West,fourthDownConversionsOpponent,18,2026-09-29T20:12:41Z
2024,Colorado State,Mountain West,fourthDowns,29,2026-09-29T20:12:41Z
2024,Colorado State,Mountain West,fourthDownsOpponent,30,2026-09-29T20:12:41Z
2024,Colorado State,Mountain West,fumblesLost,10,2026-09-29T20:12:41Z
2024,Colorado State,Mountain West,fumblesLostOpponent,11,2026-09-29T20:12:41Z
2024,Colorado State,Mountain West,fumblesRecovered,11,2026-09-29T20:12:41Z
2024,Colorado State,Mountain West,fumblesRecoveredOpponent,10,2026-09-29T20:12:41Z
2024,Colorado State,Mountain West,games,13,2026-09-29T20:12:41Z
2024,Colorado State,Mountain West,interceptions,10,2026-09-29T20:12:41Z
2024,Colorado State,Mountain West,interceptionsOpponent,10,2026-09-29T20:12:41Z
2024,Colorado State,Mountain West,interceptionTDs,0,2026-09-29T20:12:41Z
2024,Colorado State,Mountain West,interceptionTDsOpponent,1,2026-09-29T20:12:41Z
2024,Colorado State,Mountain West,interceptionYards,18,2026-09-29T20:12:41Z
2024,Colorado State,Mountain West,interceptionYardsOpponent,176,2026-09-29T20:12:41Z
2024,Colorado State,Mountain West,kickReturns,19,2026-09-29T20:12:41Z
2024,Colorado State,Mountain West,kickReturnsOpponent,22,2026-09-29T20:12:41Z
2024,Colorado State,Mountain West,kickReturnTDs,0,2026-09-29T20:12:41Z
2024,Colorado State,Mountain West,kickReturnTDsOpponent,0,2026-09-29T20:12:41Z
2024,Colorado State,Mountain West,kickReturnYards,349,2026-09-29T20:12:41Z
2024,Colorado State,Mountain West,kickReturnYardsOpponent,456,2026-09-29T20:12:41Z
2024,Colorado State,Mountain West,netPassingYards,2814,2026-09-29T20:12:41Z
2024,Colorado State,Mountain West,netPassingYardsOpponent,3046,2026-09-29T20:12:41Z
2024,Colorado State,Mountain West,passAttempts,388,2026-09-29T20:12:41Z
2024,Colorado State,Mountain West,passAttemptsOpponent,427,2026-09-29T20:12:41Z
2024,Colorado State,Mountain West,passCompletions,234,2026-09-29T20:12:41Z
2024,Colorado State,Mountain West,passCompletionsOpponent,261,2026-09-29T20:12:41Z
2024,Colorado State,Mountain West,passesIntercepted,10,2026-09-29T20:12:41Z
2024,Colorado State,Mountain West,passesInterceptedOpponent,10,2026-09-29T20:12:41Z
2024,Colorado State,Mountain West,passingTDs,16,2026-09-29T20:12:41Z
2024,Colorado State,Mountain West,passingTDsOpponent,20,2026-09-29T20:12:41Z
2024,Colorado State,Mountain West,penalties,84,2026-09-29T20:12:41Z
2024,Colorado State,Mountain West,penaltiesOpponent,87,2026-09-29T20:12:41Z
2024,Colorado State,Mountain West,penaltyYards,670,2026-09-29T20:12:41Z
2024,Colorado State,Mountain West,penaltyYardsOpponent,734,2026-09-29T20:12:41Z
2024,Colorado State,Mountain West,possessionTime,24384,2026-09-29T20:12:41Z
2024,Colorado State,Mountain West,possessionTimeOpponent,22416,2026-09-29T20:12:41Z
2024,Colorado State,Mountain West,puntReturns,18,2026-09-29T20:12:41Z
2024,Colorado State,Mountain West,puntReturnsOpponent,17,2026-09-29T20:12:41Z
2024,Colorado State,Mountain West,puntReturnTDs,2,2026-09-29T20:12:41Z
2024,Colorado State,Mountain West,puntReturnTDsOpponent,0,2026-09-29T20:12:41Z
2024,Colorado State,Mountain West,puntReturnYards,273,2026-09-29T20:12:41Z
2024,Colorado State,Mountain West,puntReturnYardsOpponent,23,2026-09-29T20:12:41Z
2024,Colorado State,Mountain West,rushingAttempts,464,2026-09-29T20:12:41Z
2024,Colorado State,Mountain West,rushingAttemptsOpponent,457,2026-09-29T20:12:41Z
2024,Colorado State,Mountain West,rushingTDs,20,2026-09-29T20:12:41Z
2024,Colorado State,Mountain West,rushingTDsOpponent,21,2026-09-29T20:12:41Z
2024,Colorado State,Mountain West,rushingYards,2244,2026-09-29T20:12:41Z
2024,Colorado State,Mountain West,rushingYardsOpponent,2095,2026-09-29T20:12:41Z
2024,Colorado State,Mountain West,sacks,16,2026-09-29T20:12:41Z
2024,Colorado State,Mountain West,sacksOpponent,10,2026-09-29T20:12:41Z
2024,Colorado State,Mountain West,tacklesForLoss,58,2026-09-29T20:12:41Z
2024,Colorado State,Mountain West,tacklesForLossOpponent,62,2026-09-29T20:12:41Z
2024,Colorado State,Mountain West,thirdDownConversions,65,2026-09-29T20:12:41Z
2024,Colorado State,Mountain West,thirdDownConversionsOpponent,71,2026-09-29T20:12:41Z
2024,Colorado State,Mountain West,thirdDowns,180,2026-09-29T20:12:41Z
2024,Colorado State,Mountain West,thirdDownsOpponent,183,2026-09-29T20:12:41Z
2024,Colorado State,Mountain West,totalYards,5058,2026-09-29T20:12:41Z
2024,Colorado State,Mountain West,totalYardsOpponent,5141,2026-09-29T20:12:41Z
2024,Colorado State,Mountain West,turnovers,20,2026-09-29T20:12:41Z
2024,Colorado State,Mountain West,turnoversOpponent,21,2026-09-29T20:12:41Z
2024,Duke,ACC,firstDowns,229,2026-09-29T20:12:41Z
2024,Duke,ACC,firstDownsOpponent,266,2026-09-29T20:12:41Z
2024,Duke,ACC,fourthDownConversions,7,2026-09-29T20:12:41Z
2024,Duke,ACC,fourthDownConversionsOpponent,14,2026-09-29T20:12:41Z
2024,Duke,ACC,fourthDowns,18,2026-09-29T20:12:41Z
2024,Duke,ACC,fourthDownsOpponent,24,2026-09-29T20:12:41Z
2024,Duke,ACC,fumblesLost,6,2026-09-29T20:12:41Z
2024,Duke,ACC,fumblesLostOpponent,14,2026-09-29T20:12:41Z
2024,Duke,ACC,fumblesRecovered,14,2026-09-29T20:12:41Z
2024,Duke,ACC,fumblesRecoveredOpponent,6,2026-09-29T20:12:41Z
2024,Duke,ACC,games,13,2026-09-29T20:12:41Z
2024,Duke,ACC,interceptions,13,2026-09-29T20:12:41Z
2024,Duke,ACC,interceptionsOpponent,13,2026-09-29T20:12:41Z
2024,Duke,ACC,interceptionTDs,1,2026-09-29T20:12:41Z
2024,Duke,ACC,interceptionTDsOpponent,2,2026-09-29T20:12:41Z
2024,Duke,ACC,interceptionYards,211,2026-09-29T20:12:41Z
2024,Duke,ACC,interceptionYardsOpponent,174,2026-09-29T20:12:41Z
2024,Duke,ACC,kickReturns,23,2026-09-29T20:12:41Z
2024,Duke,ACC,kickReturnsOpponent,36,2026-09-29T20:12:41Z
2024,Duke,ACC,kickReturnTDs,1,2026-09-29T20:12:41Z
2024,Duke,ACC,kickReturnTDsOpponent,1,2026-09-29T20:12:41Z
2024,Duke,ACC,kickReturnYards,532,2026-09-29T20:12:41Z
2024,Duke,ACC,kickReturnYardsOpponent,766,2026-09-29T20:12:41Z
2024,Duke,ACC,netPassingYards,3175,2026-09-29T20:12:41Z
2024,Duke,ACC,netPassingYardsOpponent,2777,2026-09-29T20:12:41Z
2024,Duke,ACC,passAttempts,467,2026-09-29T20:12:41Z
2024,Duke,ACC,passAttemptsOpponent,425,2026-09-29T20:12:41Z
2024,Duke,ACC,passCompletions,280,2026-09-29T20:12:41Z
2024,Duke,ACC,passCompletionsOpponent,247,2026-09-29T20:12:41Z
2024,Duke,ACC,passesIntercepted,13,2026-09-29T20:12:41Z
2024,Duke,ACC,passesInterceptedOpponent,13,2026-09-29T20:12:41Z
2024,Duke,ACC,passingTDs,28,2026-09-29T20:12:41Z
2024,Duke,ACC,passingTDsOpponent,19,2026-09-29T20:12:41Z
2024,Duke,ACC,penalties,67,2026-09-29T20:12:41Z
2024,Duke,ACC,penaltiesOpponent,87,2026-09-29T20:12:41Z
2024,Duke,ACC,penaltyYards,651,2026-09-29T20:12:41Z
2024,Duke,ACC,penaltyYardsOpponent,761,2026-09-29T20:12:41Z
2024,Duke,ACC,possessionTime,21368,2026-09-29T20:12:41Z
2024,Duke,ACC,possessionTimeOpponent,25432,2026-09-29T20:12:41Z
2024,Duke,ACC,puntReturns,26,2026-09-29T20:12:41Z
2024,Duke,ACC,puntReturnsOpponent,21,2026-09-29T20:12:41Z
2024,Duke,ACC,puntReturnTDs,0,2026-09-29T20:12:41Z
2024,Duke,ACC,puntReturnTDsOpponent,0,2026-09-29T20:12:41Z
2024,Duke,ACC,puntReturnYards,251,2026-09-29T20:12:41Z
2024,Duke,ACC,puntReturnYardsOpponent,109,2026-09-29T20:12:41Z
2024,Duke,ACC,rushingAttempts,380,2026-09-29T20:12:41Z
2024,Duke,ACC,rushingAttemptsOpponent,518,2026-09-29T20:12:41Z
2024,Duke,ACC,rushingTDs,13,2026-09-29T20:12:41Z
2024,Duke,ACC,rushingTDsOpponent,15,2026-09-29T20:12:41Z
2024,Duke,ACC,rushingYards,1204,2026-09-29T20:12:41Z
2024,Duke,ACC,rushingYardsOpponent,1943,2026-09-29T20:12:41Z
2024,Duke,ACC,sacks,44,2026-09-29T20:12:41Z
2024,Duke,ACC,sacksOpponent,12,2026-09-29T20:12:41Z
2024,Duke,ACC,tacklesForLoss,116,2026-09-29T20:12:41Z
2024,Duke,ACC,tacklesForLossOpponent,72,2026-09-29T20:12:41Z
2024,Duke,ACC,thirdDownConversions,52,2026-09-29T20:12:41Z
2024,Duke,ACC,thirdDownConversionsOpponent,68,2026-09-29T20:12:41Z
2024,Duke,ACC,thirdDowns,176,2026-09-29T20:12:41Z
2024,Duke,ACC,thirdDownsOpponent,201,2026-09-29T20:12:41Z
2024,Duke,ACC,totalYards,4379,2026-09-29T20:12:41Z
2024,Duke,ACC,totalYardsOpponent,4720,2026-09-29T20:12:41Z
2024,Duke,ACC,turnovers,19,2026-09-29T20:12:41Z
2024,Duke,ACC,turnoversOpponent,27,2026-09-29T20:12:41Z
2024,East Carolina,American Athletic,firstDowns,283,2026-09-29T20:12:41Z
2024,East Carolina,American Athletic,firstDownsOpponent,275,2026-09-29T20:12:41Z
2024,East Carolina,American Athletic,fourthDownConversions,10,2026-09-29T20:12:41Z
2024,East Carolina,American Athletic,fourthDownConversionsOpponent,16,2026-09-29T20:12:41Z
2024,East Carolina,American Athletic,fourthDowns,18,2026-09-29T20:12:41Z
2024,East Carolina,American Athletic,fourthDownsOpponent,35,2026-09-29T20:12:41Z
2024,East Carolina,American Athletic,fumblesLost,7,2026-09-29T20:12:41Z
2024,East Carolina,American Athletic,fumblesLostOpponent,8,2026-09-29T20:12:41Z
2024,East Carolina,American Athletic,fumblesRecovered,8,2026-09-29T20:12:41Z
2024,East Carolina,American Athletic,fumblesRecoveredOpponent,7,2026-09-29T20:12:41Z
2024,East Carolina,American Athletic,games,13,2026-09-29T20:12:41Z
2024,East Carolina,American Athletic,interceptions,23,2026-09-29T20:12:41Z
2024,East Carolina,American Athletic,interceptionsOpponent,14,2026-09-29T20:12:41Z
2024,East Carolina,American Athletic,interceptionTDs,3,2026-09-29T20:12:41Z
2024,East Carolina,American Athletic,interceptionTDsOpponent,2,2026-09-29T20:12:41Z
2024,East Carolina,American Athletic,interceptionYards,204,2026-09-29T20:12:41Z
2024,East Carolina,American Athletic,interceptionYardsOpponent,292,2026-09-29T20:12:41Z
2024,East Carolina,American Athletic,kickReturns,31,2026-09-29T20:12:41Z
2024,East Carolina,American Athletic,kickReturnsOpponent,39,2026-09-29T20:12:41Z
2024,East Carolina,American Athletic,kickReturnTDs,1,2026-09-29T20:12:41Z
2024,East Carolina,American Athletic,kickReturnTDsOpponent,0,2026-09-29T20:12:41Z
2024,East Carolina,American Athletic,kickReturnYards,714,2026-09-29T20:12:41Z
2024,East Carolina,American Athletic,kickReturnYardsOpponent,763,2026-09-29T20:12:41Z
2024,East Carolina,American Athletic,netPassingYards,3432,2026-09-29T20:12:41Z
2024,East Carolina,American Athletic,netPassingYardsOpponent,3059,2026-09-29T20:12:41Z
2024,East Carolina,American Athletic,passAttempts,428,2026-09-29T20:12:41Z
2024,East Carolina,American Athletic,passAttemptsOpponent,425,2026-09-29T20:12:41Z
2024,East Carolina,American Athletic,passCompletions,258,2026-09-29T20:12:41Z
2024,East Carolina,American Athletic,passCompletionsOpponent,255,2026-09-29T20:12:41Z
2024,East Carolina,American Athletic,passesIntercepted,14,2026-09-29T20:12:41Z
2024,East Carolina,American Athletic,passesInterceptedOpponent,23,2026-09-29T20:12:41Z
2024,East Carolina,American Athletic,passingTDs,26,2026-09-29T20:12:41Z
2024,East Carolina,American Athletic,passingTDsOpponent,24,2026-09-29T20:12:41Z
2024,East Carolina,American Athletic,penalties,99,2026-09-29T20:12:41Z
2024,East Carolina,American Athletic,penaltiesOpponent,90,2026-09-29T20:12:41Z
2024,East Carolina,American Athletic,penaltyYards,823,2026-09-29T20:12:41Z
2024,East Carolina,American Athletic,penaltyYardsOpponent,791,2026-09-29T20:12:41Z
2024,East Carolina,American Athletic,possessionTime,19646,2026-09-29T20:12:41Z
2024,East Carolina,American Athletic,possessionTimeOpponent,27154,2026-09-29T20:12:41Z
2024,East Carolina,American Athletic,puntReturns,23,2026-09-29T20:12:41Z
2024,East Carolina,American Athletic,puntReturnsOpponent,12,2026-09-29T20:12:41Z
2024,East Carolina,American Athletic,puntReturnTDs,0,2026-09-29T20:12:41Z
2024,East Carolina,American Athletic,puntReturnTDsOpponent,0,2026-09-29T20:12:41Z
2024,East Carolina,American Athletic,puntReturnYards,169,2026-09-29T20:12:41Z
2024,East Carolina,American Athletic,puntReturnYardsOpponent,77,2026-09-29T20:12:41Z
2024,East Carolina,American Athletic,rushingAttempts,471,2026-09-29T20:12:41Z
2024,East Carolina,American Athletic,rushingAttemptsOpponent,543,2026-09-29T20:12:41Z
2024,East Carolina,American Athletic,rushingTDs,23,2026-09-29T20:12:41Z
2024,East Carolina,American Athletic,rushingTDsOpponent,21,2026-09-29T20:12:41Z
2024,East Carolina,American Athletic,rushingYards,2241,2026-09-29T20:12:41Z
2024,East Carolina,American Athletic,rushingYardsOpponent,2212,2026-09-29T20:12:41Z
2024,East Carolina,American Athletic,sacks,19,2026-09-29T20:12:41Z
2024,East Carolina,American Athletic,sacksOpponent,20,2026-09-29T20:12:41Z
2024,East Carolina,American Athletic,tacklesForLoss,91,2026-09-29T20:12:41Z
2024,East Carolina,American Athletic,tacklesForLossOpponent,58,2026-09-29T20:12:41Z
2024,East Carolina,American Athletic,thirdDownConversions,83,2026-09-29T20:12:41Z
2024,East Carolina,American Athletic,thirdDownConversionsOpponent,80,2026-09-29T20:12:41Z
2024,East Carolina,American Athletic,thirdDowns,185,2026-09-29T20:12:41Z
2024,East Carolina,American Athletic,thirdDownsOpponent,203,2026-09-29T20:12:41Z
2024,East Carolina,American Athletic,totalYards,5673,2026-09-29T20:12:41Z
2024,East Carolina,American Athletic,totalYardsOpponent,5271,2026-09-29T20:12:41Z
2024,East Carolina,American Athletic,turnovers,30,2026-09-29T20:12:41Z
2024,East Carolina,American Athletic,turnoversOpponent,22,2026-09-29T20:12:41Z
2024,Eastern Michigan,Mid-American,firstDowns,255,2026-09-29T20:12:41Z
2024,Eastern Michigan,Mid-American,firstDownsOpponent,236,2026-09-29T20:12:41Z
2024,Eastern Michigan,Mid-American,fourthDownConversions,16,2026-09-29T20:12:41Z
2024,Eastern Michigan,Mid-American,fourthDownConversionsOpponent,8,2026-09-29T20:12:41Z
2024,Eastern Michigan,Mid-American,fourthDowns,29,2026-09-29T20:12:41Z
2024,Eastern Michigan,Mid-American,fourthDownsOpponent,23,2026-09-29T20:12:41Z
2024,Eastern Michigan,Mid-American,fumblesLost,7,2026-09-29T20:12:41Z
2024,Eastern Michigan,Mid-American,fumblesLostOpponent,10,2026-09-29T20:12:41Z
2024,Eastern Michigan,Mid-American,fumblesRecovered,10,2026-09-29T20:12:41Z
2024,Eastern Michigan,Mid-American,fumblesRecoveredOpponent,8,2026-09-29T20:12:41Z
2024,Eastern Michigan,Mid-American,games,12,2026-09-29T20:12:41Z
2024,Eastern Michigan,Mid-American,interceptions,10,2026-09-29T20:12:41Z
2024,Eastern Michigan,Mid-American,interceptionsOpponent,5,2026-09-29T20:12:41Z
2024,Eastern Michigan,Mid-American,interceptionTDs,0,2026-09-29T20:12:41Z
2024,Eastern Michigan,Mid-American,interceptionTDsOpponent,1,2026-09-29T20:12:41Z
2024,Eastern Michigan,Mid-American,interceptionYards,23,2026-09-29T20:12:41Z
2024,Eastern Michigan,Mid-American,interceptionYardsOpponent,112,2026-09-29T20:12:41Z
2024,Eastern Michigan,Mid-American,kickReturns,22,2026-09-29T20:12:41Z
2024,Eastern Michigan,Mid-American,kickReturnsOpponent,23,2026-09-29T20:12:41Z
2024,Eastern Michigan,Mid-American,kickReturnTDs,0,2026-09-29T20:12:41Z
2024,Eastern Michigan,Mid-American,kickReturnTDsOpponent,0,2026-09-29T20:12:41Z
2024,Eastern Michigan,Mid-American,kickReturnYards,404,2026-09-29T20:12:41Z
2024,Eastern Michigan,Mid-American,kickReturnYardsOpponent,476,2026-09-29T20:12:41Z
2024,Eastern Michigan,Mid-American,netPassingYards,2824,2026-09-29T20:12:41Z
2024,Eastern Michigan,Mid-American,netPassingYardsOpponent,2652,2026-09-29T20:12:41Z
2024,Eastern Michigan,Mid-American,passAttempts,415,2026-09-29T20:12:41Z
2024,Eastern Michigan,Mid-American,passAttemptsOpponent,310,2026-09-29T20:12:41Z
2024,Eastern Michigan,Mid-American,passCompletions,248,2026-09-29T20:12:41Z
2024,Eastern Michigan,Mid-American,passCompletionsOpponent,197,2026-09-29T20:12:41Z
2024,Eastern Michigan,Mid-American,passesIntercepted,5,2026-09-29T20:12:41Z
2024,Eastern Michigan,Mid-American,passesInterceptedOpponent,10,2026-09-29T20:12:41Z
2024,Eastern Michigan,Mid-American,passingTDs,17,2026-09-29T20:12:41Z
2024,Eastern Michigan,Mid-American,passingTDsOpponent,22,2026-09-29T20:12:41Z
2024,Eastern Michigan,Mid-American,penalties,78,2026-09-29T20:12:41Z
2024,Eastern Michigan,Mid-American,penaltiesOpponent,87,2026-09-29T20:12:41Z
2024,Eastern Michigan,Mid-American,penaltyYards,749,2026-09-29T20:12:41Z
2024,Eastern Michigan,Mid-American,penaltyYardsOpponent,775,2026-09-29T20:12:41Z
2024,Eastern Michigan,Mid-American,possessionTime,22395,2026-09-29T20:12:41Z
2024,Eastern Michigan,Mid-American,possessionTimeOpponent,20805,2026-09-29T20:12:41Z
2024,Eastern Michigan,Mid-American,puntReturns,21,2026-09-29T20:12:41Z
2024,Eastern Michigan,Mid-American,puntReturnsOpponent,16,2026-09-29T20:12:41Z
2024,Eastern Michigan,Mid-American,puntReturnTDs,1,2026-09-29T20:12:41Z
2024,Eastern Michigan,Mid-American,puntReturnTDsOpponent,0,2026-09-29T20:12:41Z
2024,Eastern Michigan,Mid-American,puntReturnYards,78,2026-09-29T20:12:41Z
2024,Eastern Michigan,Mid-American,puntReturnYardsOpponent,116,2026-09-29T20:12:41Z
2024,Eastern Michigan,Mid-American,rushingAttempts,472,2026-09-29T20:12:41Z
2024,Eastern Michigan,Mid-American,rushingAttemptsOpponent,428,2026-09-29T20:12:41Z
2024,Eastern Michigan,Mid-American,rushingTDs,17,2026-09-29T20:12:41Z
2024,Eastern Michigan,Mid-American,rushingTDsOpponent,19,2026-09-29T20:12:41Z
2024,Eastern Michigan,Mid-American,rushingYards,1707,2026-09-29T20:12:41Z
2024,Eastern Michigan,Mid-American,rushingYardsOpponent,1997,2026-09-29T20:12:41Z
2024,Eastern Michigan,Mid-American,sacks,25,2026-09-29T20:12:41Z
2024,Eastern Michigan,Mid-American,sacksOpponent,35,2026-09-29T20:12:41Z
2024,Eastern Michigan,Mid-American,tacklesForLoss,71,2026-09-29T20:12:41Z
2024,Eastern Michigan,Mid-American,tacklesForLossOpponent,77,2026-09-29T20:12:41Z
2024,Eastern Michigan,Mid-American,thirdDownConversions,80,2026-09-29T20:12:41Z
2024,Eastern Michigan,Mid-American,thirdDownConversionsOpponent,53,2026-09-29T20:12:41Z
2024,Eastern Michigan,Mid-American,thirdDowns,194,2026-09-29T20:12:41Z
2024,Eastern Michigan,Mid-American,thirdDownsOpponent,148,2026-09-29T20:12:41Z
2024,Eastern Michigan,Mid-American,totalYards,4531,2026-09-29T20:12:41Z
2024,Eastern Michigan,Mid-American,totalYardsOpponent,4649,2026-09-29T20:12:41Z
2024,Eastern Michigan,Mid-American,turnovers,17,2026-09-29T20:12:41Z
2024,Eastern Michigan,Mid-American,turnoversOpponent,15,2026-09-29T20:12:41Z
2024,Florida,SEC,firstDowns,250,2026-09-29T20:12:41Z
2024,Florida,SEC,firstDownsOpponent,281,2026-09-29T20:12:41Z
2024,Florida,SEC,fourthDownConversions,8,2026-09-29T20:12:41Z
2024,Florida,SEC,fourthDownConversionsOpponent,15,2026-09-29T20:12:41Z
2024,Florida,SEC,fourthDowns,15,2026-09-29T20:12:41Z
2024,Florida,SEC,fourthDownsOpponent,29,2026-09-29T20:12:41Z
2024,Florida,SEC,fumblesLost,4,2026-09-29T20:12:41Z
2024,Florida,SEC,fumblesLostOpponent,11,2026-09-29T20:12:41Z
2024,Florida,SEC,fumblesRecovered,11,2026-09-29T20:12:41Z
2024,Florida,SEC,fumblesRecoveredOpponent,5,2026-09-29T20:12:41Z
2024,Florida,SEC,games,13,2026-09-29T20:12:41Z
2024,Florida,SEC,interceptions,14,2026-09-29T20:12:41Z
2024,Florida,SEC,interceptionsOpponent,14,2026-09-29T20:12:41Z
2024,Florida,SEC,interceptionTDs,1,2026-09-29T20:12:41Z
2024,Florida,SEC,interceptionTDsOpponent,1,2026-09-29T20:12:41Z
2024,Florida,SEC,interceptionYards,167,2026-09-29T20:12:41Z
2024,Florida,SEC,interceptionYardsOpponent,237,2026-09-29T20:12:41Z
2024,Florida,SEC,kickReturns,15,2026-09-29T20:12:41Z
2024,Florida,SEC,kickReturnsOpponent,15,2026-09-29T20:12:41Z
2024,Florida,SEC,kickReturnTDs,0,2026-09-29T20:12:41Z
2024,Florida,SEC,kickReturnTDsOpponent,1,2026-09-29T20:12:41Z
2024,Florida,SEC,kickReturnYards,305,2026-09-29T20:12:41Z
2024,Florida,SEC,kickReturnYardsOpponent,338,2026-09-29T20:12:41Z
2024,Florida,SEC,netPassingYards,2934,2026-09-29T20:12:41Z
2024,Florida,SEC,netPassingYardsOpponent,2957,2026-09-29T20:12:41Z
2024,Florida,SEC,passAttempts,339,2026-09-29T20:12:41Z
2024,Florida,SEC,passAttemptsOpponent,421,2026-09-29T20:12:41Z
2024,Florida,SEC,passCompletions,208,2026-09-29T20:12:41Z
2024,Florida,SEC,passCompletionsOpponent,244,2026-09-29T20:12:41Z
2024,Florida,SEC,passesIntercepted,14,2026-09-29T20:12:41Z
2024,Florida,SEC,passesInterceptedOpponent,14,2026-09-29T20:12:41Z
2024,Florida,SEC,passingTDs,18,2026-09-29T20:12:41Z
2024,Florida,SEC,passingTDsOpponent,18,2026-09-29T20:12:41Z
2024,Florida,SEC,penalties,77,2026-09-29T20:12:41Z
2024,Florida,SEC,penaltiesOpponent,63,2026-09-29T20:12:41Z
2024,Florida,SEC,penaltyYards,702,2026-09-29T20:12:41Z
2024,Florida,SEC,penaltyYardsOpponent,573,2026-09-29T20:12:41Z
2024,Florida,SEC,possessionTime,22315,2026-09-29T20:12:41Z
2024,Florida,SEC,possessionTimeOpponent,24485,2026-09-29T20:12:41Z
2024,Florida,SEC,puntReturns,15,2026-09-29T20:12:41Z
2024,Florida,SEC,puntReturnsOpponent,17,2026-09-29T20:12:41Z
2024,Florida,SEC,puntReturnTDs,0,2026-09-29T20:12:41Z
2024,Florida,SEC,puntReturnTDsOpponent,0,2026-09-29T20:12:41Z
2024,Florida,SEC,puntReturnYards,187,2026-09-29T20:12:41Z
2024,Florida,SEC,puntReturnYardsOpponent,119,2026-09-29T20:12:41Z
2024,Florida,SEC,rushingAttempts,460,2026-09-29T20:12:41Z
2024,Florida,SEC,rushingAttemptsOpponent,510,2026-09-29T20:12:41Z
2024,Florida,SEC,rushingTDs,26,2026-09-29T20:12:41Z
2024,Florida,SEC,rushingTDsOpponent,17,2026-09-29T20:12:41Z
2024,Florida,SEC,rushingYards,2128,2026-09-29T20:12:41Z
2024,Florida,SEC,rushingYardsOpponent,1949,2026-09-29T20:12:41Z
2024,Florida,SEC,sacks,40,2026-09-29T20:12:41Z
2024,Florida,SEC,sacksOpponent,20,2026-09-29T20:12:41Z
2024,Florida,SEC,tacklesForLoss,86,2026-09-29T20:12:41Z
2024,Florida,SEC,tacklesForLossOpponent,65,2026-09-29T20:12:41Z
2024,Florida,SEC,thirdDownConversions,62,2026-09-29T20:12:41Z
2024,Florida,SEC,thirdDownConversionsOpponent,73,2026-09-29T20:12:41Z
2024,Florida,SEC,thirdDowns,161,2026-09-29T20:12:41Z
2024,Florida,SEC,thirdDownsOpponent,184,2026-09-29T20:12:41Z
2024,Florida,SEC,totalYards,5062,2026-09-29T20:12:41Z
2024,Florida,SEC,totalYardsOpponent,4906,2026-09-29T20:12:41Z
2024,Florida,SEC,turnovers,18,2026-09-29T20:12:41Z
2024,Florida,SEC,turnoversOpponent,25,2026-09-29T20:12:41Z
2024,Florida Atlantic,American Athletic,firstDowns,234,2026-09-29T20:12:41Z
2024,Florida Atlantic,American Athletic,firstDownsOpponent,252,2026-09-29T20:12:41Z
2024,Florida Atlantic,American Athletic,fourthDownConversions,16,2026-09-29T20:12:41Z
2024,Florida Atlantic,American Athletic,fourthDownConversionsOpponent,15,2026-09-29T20:12:41Z
2024,Florida Atlantic,American Athletic,fourthDowns,34,2026-09-29T20:12:41Z
2024,Florida Atlantic,American Athletic,fourthDownsOpponent,23,2026-09-29T20:12:41Z
2024,Florida Atlantic,American Athletic,fumblesLost,7,2026-09-29T20:12:41Z
2024,Florida Atlantic,American Athletic,fumblesLostOpponent,8,2026-09-29T20:12:41Z
2024,Florida Atlantic,American Athletic,fumblesRecovered,8,2026-09-29T20:12:41Z
2024,Florida Atlantic,American Athletic,fumblesRecoveredOpponent,7,2026-09-29T20:12:41Z
2024,Florida Atlantic,American Athletic,games,12,2026-09-29T20:12:41Z
2024,Florida Atlantic,American Athletic,interceptions,11,2026-09-29T20:12:41Z
2024,Florida Atlantic,American Athletic,interceptionsOpponent,11,2026-09-29T20:12:41Z
2024,Florida Atlantic,American Athletic,interceptionTDs,1,2026-09-29T20:12:41Z
2024,Florida Atlantic,American Athletic,interceptionTDsOpponent,0,2026-09-29T20:12:41Z
2024,Florida Atlantic,American Athletic,interceptionYards,256,2026-09-29T20:12:41Z
2024,Florida Atlantic,American Athletic,interceptionYardsOpponent,83,2026-09-29T20:12:41Z
2024,Florida Atlantic,American Athletic,kickReturns,21,2026-09-29T20:12:41Z
2024,Florida Atlantic,American Athletic,kickReturnsOpponent,11,2026-09-29T20:12:41Z
2024,Florida Atlantic,American Athletic,kickReturnTDs,0,2026-09-29T20:12:41Z
2024,Florida Atlantic,American Athletic,kickReturnTDsOpponent,0,2026-09-29T20:12:41Z
2024,Florida Atlantic,American Athletic,kickReturnYards,391,2026-09-29T20:12:41Z
2024,Florida Atlantic,American Athletic,kickReturnYardsOpponent,277,2026-09-29T20:12:41Z
2024,Florida Atlantic,American Athletic,netPassingYards,2503,2026-09-29T20:12:41Z
2024,Florida Atlantic,American Athletic,netPassingYardsOpponent,2798,2026-09-29T20:12:41Z
2024,Florida Atlantic,American Athletic,passAttempts,350,2026-09-29T20:12:41Z
2024,Florida Atlantic,American Athletic,passAttemptsOpponent,378,2026-09-29T20:12:41Z
2024,Florida Atlantic,American Athletic,passCompletions,205,2026-09-29T20:12:41Z
2024,Florida Atlantic,American Athletic,passCompletionsOpponent,211,2026-09-29T20:12:41Z
2024,Florida Atlantic,American Athletic,passesIntercepted,11,2026-09-29T20:12:41Z
2024,Florida Atlantic,American Athletic,passesInterceptedOpponent,11,2026-09-29T20:12:41Z
2024,Florida Atlantic,American Athletic,passingTDs,14,2026-09-29T20:12:41Z
2024,Florida Atlantic,American Athletic,passingTDsOpponent,25,2026-09-29T20:12:41Z
2024,Florida Atlantic,American Athletic,penalties,79,2026-09-29T20:12:41Z
2024,Florida Atlantic,American Athletic,penaltiesOpponent,72,2026-09-29T20:12:41Z
2024,Florida Atlantic,American Athletic,penaltyYards,619,2026-09-29T20:12:41Z
2024,Florida Atlantic,American Athletic,penaltyYardsOpponent,631,2026-09-29T20:12:41Z
2024,Florida Atlantic,American Athletic,possessionTime,21871,2026-09-29T20:12:41Z
2024,Florida Atlantic,American Athletic,possessionTimeOpponent,21329,2026-09-29T20:12:41Z
2024,Florida Atlantic,American Athletic,puntReturns,15,2026-09-29T20:12:41Z
2024,Florida Atlantic,American Athletic,puntReturnsOpponent,22,2026-09-29T20:12:41Z
2024,Florida Atlantic,American Athletic,puntReturnTDs,0,2026-09-29T20:12:41Z
2024,Florida Atlantic,American Athletic,puntReturnTDsOpponent,0,2026-09-29T20:12:41Z
2024,Florida Atlantic,American Athletic,puntReturnYards,71,2026-09-29T20:12:41Z
2024,Florida Atlantic,American Athletic,puntReturnYardsOpponent,106,2026-09-29T20:12:41Z
2024,Florida Atlantic,American Athletic,rushingAttempts,456,2026-09-29T20:12:41Z
2024,Florida Atlantic,American Athletic,rushingAttemptsOpponent,447,2026-09-29T20:12:41Z
2024,Florida Atlantic,American Athletic,rushingTDs,24,2026-09-29T20:12:41Z
2024,Florida Atlantic,American Athletic,rushingTDsOpponent,18,2026-09-29T20:12:41Z
2024,Florida Atlantic,American Athletic,rushingYards,2270,2026-09-29T20:12:41Z
2024,Florida Atlantic,American Athletic,rushingYardsOpponent,2208,2026-09-29T20:12:41Z
2024,Florida Atlantic,American Athletic,sacks,17,2026-09-29T20:12:41Z
2024,Florida Atlantic,American Athletic,sacksOpponent,32,2026-09-29T20:12:41Z
2024,Florida Atlantic,American Athletic,tacklesForLoss,68,2026-09-29T20:12:41Z
2024,Florida Atlantic,American Athletic,tacklesForLossOpponent,82,2026-09-29T20:12:41Z
2024,Florida Atlantic,American Athletic,thirdDownConversions,55,2026-09-29T20:12:41Z
2024,Florida Atlantic,American Athletic,thirdDownConversionsOpponent,60,2026-09-29T20:12:41Z
2024,Florida Atlantic,American Athletic,thirdDowns,159,2026-09-29T20:12:41Z
2024,Florida Atlantic,American Athletic,thirdDownsOpponent,162,2026-09-29T20:12:41Z
2024,Florida Atlantic,American Athletic,totalYards,4773,2026-09-29T20:12:41Z
2024,Florida Atlantic,American Athletic,totalYardsOpponent,5006,2026-09-29T20:12:41Z
2024,Florida Atlantic,American Athletic,turnovers,18,2026-09-29T20:12:41Z
2024,Florida Atlantic,American Athletic,turnoversOpponent,19,2026-09-29T20:12:41Z
2024,Florida International,Conference USA,firstDowns,215,2026-09-29T20:12:41Z
2024,Florida International,Conference USA,firstDownsOpponent,235,2026-09-29T20:12:41Z
2024,Florida International,Conference USA,fourthDownConversions,14,2026-09-29T20:12:41Z
2024,Florida International,Conference USA,fourthDownConversionsOpponent,21,2026-09-29T20:12:41Z
2024,Florida International,Conference USA,fourthDowns,26,2026-09-29T20:12:41Z
2024,Florida International,Conference USA,fourthDownsOpponent,31,2026-09-29T20:12:41Z
2024,Florida International,Conference USA,fumblesLost,8,2026-09-29T20:12:41Z
2024,Florida International,Conference USA,fumblesLostOpponent,5,2026-09-29T20:12:41Z
2024,Florida International,Conference USA,fumblesRecovered,5,2026-09-29T20:12:41Z
2024,Florida International,Conference USA,fumblesRecoveredOpponent,8,2026-09-29T20:12:41Z
2024,Florida International,Conference USA,games,12,2026-09-29T20:12:41Z
2024,Florida International,Conference USA,interceptions,11,2026-09-29T20:12:41Z
2024,Florida International,Conference USA,interceptionsOpponent,11,2026-09-29T20:12:41Z
2024,Florida International,Conference USA,interceptionTDs,2,2026-09-29T20:12:41Z
2024,Florida International,Conference USA,interceptionTDsOpponent,0,2026-09-29T20:12:41Z
2024,Florida International,Conference USA,interceptionYards,286,2026-09-29T20:12:41Z
2024,Florida International,Conference USA,interceptionYardsOpponent,189,2026-09-29T20:12:41Z
2024,Florida International,Conference USA,kickReturns,27,2026-09-29T20:12:41Z
2024,Florida International,Conference USA,kickReturnsOpponent,43,2026-09-29T20:12:41Z
2024,Florida International,Conference USA,kickReturnTDs,0,2026-09-29T20:12:41Z
2024,Florida International,Conference USA,kickReturnTDsOpponent,0,2026-09-29T20:12:41Z
2024,Florida International,Conference USA,kickReturnYards,689,2026-09-29T20:12:41Z
2024,Florida International,Conference USA,kickReturnYardsOpponent,953,2026-09-29T20:12:41Z
2024,Florida International,Conference USA,netPassingYards,2753,2026-09-29T20:12:41Z
2024,Florida International,Conference USA,netPassingYardsOpponent,2155,2026-09-29T20:12:41Z
2024,Florida International,Conference USA,passAttempts,334,2026-09-29T20:12:41Z
2024,Florida International,Conference USA,passAttemptsOpponent,356,2026-09-29T20:12:41Z
2024,Florida International,Conference USA,passCompletions,206,2026-09-29T20:12:41Z
2024,Florida International,Conference USA,passCompletionsOpponent,211,2026-09-29T20:12:41Z
2024,Florida International,Conference USA,passesIntercepted,11,2026-09-29T20:12:41Z
2024,Florida International,Conference USA,passesInterceptedOpponent,11,2026-09-29T20:12:41Z
2024,Florida International,Conference USA,passingTDs,24,2026-09-29T20:12:41Z
2024,Florida International,Conference USA,passingTDsOpponent,9,2026-09-29T20:12:41Z
2024,Florida International,Conference USA,penalties,66,2026-09-29T20:12:41Z
2024,Florida International,Conference USA,penaltiesOpponent,79,2026-09-29T20:12:41Z
2024,Florida International,Conference USA,penaltyYards,569,2026-09-29T20:12:41Z
2024,Florida International,Conference USA,penaltyYardsOpponent,658,2026-09-29T20:12:41Z
2024,Florida International,Conference USA,possessionTime,20648,2026-09-29T20:12:41Z
2024,Florida International,Conference USA,possessionTimeOpponent,22552,2026-09-29T20:12:41Z
2024,Florida International,Conference USA,puntReturns,17,2026-09-29T20:12:41Z
2024,Florida International,Conference USA,puntReturnsOpponent,17,2026-09-29T20:12:41Z
2024,Florida International,Conference USA,puntReturnTDs,0,2026-09-29T20:12:41Z
2024,Florida International,Conference USA,puntReturnTDsOpponent,0,2026-09-29T20:12:41Z
2024,Florida International,Conference USA,puntReturnYards,78,2026-09-29T20:12:41Z
2024,Florida International,Conference USA,puntReturnYardsOpponent,127,2026-09-29T20:12:41Z
2024,Florida International,Conference USA,rushingAttempts,395,2026-09-29T20:12:41Z
2024,Florida International,Conference USA,rushingAttemptsOpponent,490,2026-09-29T20:12:41Z
2024,Florida International,Conference USA,rushingTDs,16,2026-09-29T20:12:41Z
2024,Florida International,Conference USA,rushingTDsOpponent,28,2026-09-29T20:12:41Z
2024,Florida International,Conference USA,rushingYards,1460,2026-09-29T20:12:41Z
2024,Florida International,Conference USA,rushingYardsOpponent,2301,2026-09-29T20:12:41Z
2024,Florida International,Conference USA,sacks,18,2026-09-29T20:12:41Z
2024,Florida International,Conference USA,sacksOpponent,17,2026-09-29T20:12:41Z
2024,Florida International,Conference USA,tacklesForLoss,47,2026-09-29T20:12:41Z
2024,Florida International,Conference USA,tacklesForLossOpponent,62,2026-09-29T20:12:41Z
2024,Florida International,Conference USA,thirdDownConversions,45,2026-09-29T20:12:41Z
2024,Florida International,Conference USA,thirdDownConversionsOpponent,55,2026-09-29T20:12:41Z
2024,Florida International,Conference USA,thirdDowns,145,2026-09-29T20:12:41Z
2024,Florida International,Conference USA,thirdDownsOpponent,171,2026-09-29T20:12:41Z
2024,Florida International,Conference USA,totalYards,4213,2026-09-29T20:12:41Z
2024,Florida International,Conference USA,totalYardsOpponent,4456,2026-09-29T20:12:41Z
2024,Florida International,Conference USA,turnovers,19,2026-09-29T20:12:41Z
2024,Florida International,Conference USA,turnoversOpponent,16,2026-09-29T20:12:41Z
2024,Florida State,ACC,firstDowns,182,2026-09-29T20:12:41Z
2024,Florida State,ACC,firstDownsOpponent,252,2026-09-29T20:12:41Z
2024,Florida State,ACC,fourthDownConversions,20,2026-09-29T20:12:41Z
2024,Florida State,ACC,fourthDownConversionsOpponent,11,2026-09-29T20:12:41Z
2024,Florida State,ACC,fourthDowns,32,2026-09-29T20:12:41Z
2024,Florida State,ACC,fourthDownsOpponent,17,2026-09-29T20:12:41Z
2024,Florida State,ACC,fumblesLost,9,2026-09-29T20:12:41Z
2024,Florida State,ACC,fumblesLostOpponent,2,2026-09-29T20:12:41Z
2024,Florida State,ACC,fumblesRecovered,2,2026-09-29T20:12:41Z
2024,Florida State,ACC,fumblesRecoveredOpponent,9,2026-09-29T20:12:41Z
2024,Florida State,ACC,games,12,2026-09-29T20:12:41Z
2024,Florida State,ACC,interceptions,13,2026-09-29T20:12:41Z
2024,Florida State,ACC,interceptionsOpponent,4,2026-09-29T20:12:41Z
2024,Florida State,ACC,interceptionTDs,0,2026-09-29T20:12:41Z
2024,Florida State,ACC,interceptionTDsOpponent,3,2026-09-29T20:12:41Z
2024,Florida State,ACC,interceptionYards,69,2026-09-29T20:12:41Z
2024,Florida State,ACC,interceptionYardsOpponent,334,2026-09-29T20:12:41Z
2024,Florida State,ACC,kickReturns,25,2026-09-29T20:12:41Z
2024,Florida State,ACC,kickReturnsOpponent,7,2026-09-29T20:12:41Z
2024,Florida State,ACC,kickReturnTDs,1,2026-09-29T20:12:41Z
2024,Florida State,ACC,kickReturnTDsOpponent,0,2026-09-29T20:12:41Z
2024,Florida State,ACC,kickReturnYards,541,2026-09-29T20:12:41Z
2024,Florida State,ACC,kickReturnYardsOpponent,178,2026-09-29T20:12:41Z
2024,Florida State,ACC,netPassingYards,2164,2026-09-29T20:12:41Z
2024,Florida State,ACC,netPassingYardsOpponent,2415,2026-09-29T20:12:41Z
2024,Florida State,ACC,passAttempts,355,2026-09-29T20:12:41Z
2024,Florida State,ACC,passAttemptsOpponent,326,2026-09-29T20:12:41Z
2024,Florida State,ACC,passCompletions,179,2026-09-29T20:12:41Z
2024,Florida State,ACC,passCompletionsOpponent,204,2026-09-29T20:12:41Z
2024,Florida State,ACC,passesIntercepted,4,2026-09-29T20:12:41Z
2024,Florida State,ACC,passesInterceptedOpponent,13,2026-09-29T20:12:41Z
2024,Florida State,ACC,passingTDs,11,2026-09-29T20:12:41Z
2024,Florida State,ACC,passingTDsOpponent,16,2026-09-29T20:12:41Z
2024,Florida State,ACC,penalties,67,2026-09-29T20:12:41Z
2024,Florida State,ACC,penaltiesOpponent,57,2026-09-29T20:12:41Z
2024,Florida State,ACC,penaltyYards,575,2026-09-29T20:12:41Z
2024,Florida State,ACC,penaltyYardsOpponent,526,2026-09-29T20:12:41Z
2024,Florida State,ACC,possessionTime,19572,2026-09-29T20:12:41Z
2024,Florida State,ACC,possessionTimeOpponent,23557,2026-09-29T20:12:41Z
2024,Florida State,ACC,puntReturns,14,2026-09-29T20:12:41Z
2024,Florida State,ACC,puntReturnsOpponent,27,2026-09-29T20:12:41Z
2024,Florida State,ACC,puntReturnTDs,0,2026-09-29T20:12:41Z
2024,Florida State,ACC,puntReturnTDsOpponent,0,2026-09-29T20:12:41Z
2024,Florida State,ACC,puntReturnYards,33,2026-09-29T20:12:41Z
2024,Florida State,ACC,puntReturnYardsOpponent,164,2026-09-29T20:12:41Z
2024,Florida State,ACC,rushingAttempts,377,2026-09-29T20:12:41Z
2024,Florida State,ACC,rushingAttemptsOpponent,472,2026-09-29T20:12:41Z
2024,Florida State,ACC,rushingTDs,8,2026-09-29T20:12:41Z
2024,Florida State,ACC,rushingTDsOpponent,21,2026-09-29T20:12:41Z
2024,Florida State,ACC,rushingYards,1089,2026-09-29T20:12:41Z
2024,Florida State,ACC,rushingYardsOpponent,2242,2026-09-29T20:12:41Z
2024,Florida State,ACC,sacks,24,2026-09-29T20:12:41Z
2024,Florida State,ACC,sacksOpponent,46,2026-09-29T20:12:41Z
2024,Florida State,ACC,tacklesForLoss,69,2026-09-29T20:12:41Z
2024,Florida State,ACC,tacklesForLossOpponent,90,2026-09-29T20:12:41Z
2024,Florida State,ACC,thirdDownConversions,46,2026-09-29T20:12:41Z
2024,Florida State,ACC,thirdDownConversionsOpponent,76,2026-09-29T20:12:41Z
2024,Florida State,ACC,thirdDowns,160,2026-09-29T20:12:41Z
2024,Florida State,ACC,thirdDownsOpponent,170,2026-09-29T20:12:41Z
2024,Florida State,ACC,totalYards,3253,2026-09-29T20:12:41Z
2024,Florida State,ACC,totalYardsOpponent,4657,2026-09-29T20:12:41Z
2024,Florida State,ACC,turnovers,22,2026-09-29T20:12:41Z
2024,Florida State,ACC,turnoversOpponent,6,2026-09-29T20:12:41Z
2024,Fresno State,Mountain West,firstDowns,246,2026-09-29T20:12:41Z
2024,Fresno State,Mountain West,firstDownsOpponent,272,2026-09-29T20:12:41Z
2024,Fresno State,Mountain West,fourthDownConversions,8,2026-09-29T20:12:41Z
2024,Fresno State,Mountain West,fourthDownConversionsOpponent,21,2026-09-29T20:12:41Z
2024,Fresno State,Mountain West,fourthDowns,20,2026-09-29T20:12:41Z
2024,Fresno State,Mountain West,fourthDownsOpponent,37,2026-09-29T20:12:41Z
2024,Fresno State,Mountain West,fumblesLost,3,2026-09-29T20:12:41Z
2024,Fresno State,Mountain West,fumblesLostOpponent,4,2026-09-29T20:12:41Z
2024,Fresno State,Mountain West,fumblesRecovered,5,2026-09-29T20:12:41Z
2024,Fresno State,Mountain West,fumblesRecoveredOpponent,3,2026-09-29T20:12:41Z
2024,Fresno State,Mountain West,games,13,2026-09-29T20:12:41Z
2024,Fresno State,Mountain West,interceptions,14,2026-09-29T20:12:41Z
2024,Fresno State,Mountain West,interceptionsOpponent,15,2026-09-29T20:12:41Z
2024,Fresno State,Mountain West,interceptionTDs,1,2026-09-29T20:12:41Z
2024,Fresno State,Mountain West,interceptionTDsOpponent,2,2026-09-29T20:12:41Z
2024,Fresno State,Mountain West,interceptionYards,298,2026-09-29T20:12:41Z
2024,Fresno State,Mountain West,interceptionYardsOpponent,214,2026-09-29T20:12:41Z
2024,Fresno State,Mountain West,kickReturns,23,2026-09-29T20:12:41Z
2024,Fresno State,Mountain West,kickReturnsOpponent,28,2026-09-29T20:12:41Z
2024,Fresno State,Mountain West,kickReturnTDs,0,2026-09-29T20:12:41Z
2024,Fresno State,Mountain West,kickReturnTDsOpponent,1,2026-09-29T20:12:41Z
2024,Fresno State,Mountain West,kickReturnYards,336,2026-09-29T20:12:41Z
2024,Fresno State,Mountain West,kickReturnYardsOpponent,537,2026-09-29T20:12:41Z
2024,Fresno State,Mountain West,netPassingYards,3147,2026-09-29T20:12:41Z
2024,Fresno State,Mountain West,netPassingYardsOpponent,2795,2026-09-29T20:12:41Z
2024,Fresno State,Mountain West,passAttempts,430,2026-09-29T20:12:41Z
2024,Fresno State,Mountain West,passAttemptsOpponent,466,2026-09-29T20:12:41Z
2024,Fresno State,Mountain West,passCompletions,299,2026-09-29T20:12:41Z
2024,Fresno State,Mountain West,passCompletionsOpponent,254,2026-09-29T20:12:41Z
2024,Fresno State,Mountain West,passesIntercepted,15,2026-09-29T20:12:41Z
2024,Fresno State,Mountain West,passesInterceptedOpponent,14,2026-09-29T20:12:41Z
2024,Fresno State,Mountain West,passingTDs,20,2026-09-29T20:12:41Z
2024,Fresno State,Mountain West,passingTDsOpponent,21,2026-09-29T20:12:41Z
2024,Fresno State,Mountain West,penalties,80,2026-09-29T20:12:41Z
2024,Fresno State,Mountain West,penaltiesOpponent,90,2026-09-29T20:12:41Z
2024,Fresno State,Mountain West,penaltyYards,715,2026-09-29T20:12:41Z
2024,Fresno State,Mountain West,penaltyYardsOpponent,821,2026-09-29T20:12:41Z
2024,Fresno State,Mountain West,possessionTime,21444,2026-09-29T20:12:41Z
2024,Fresno State,Mountain West,possessionTimeOpponent,25356,2026-09-29T20:12:41Z
2024,Fresno State,Mountain West,puntReturns,21,2026-09-29T20:12:41Z
2024,Fresno State,Mountain West,puntReturnsOpponent,11,2026-09-29T20:12:41Z
2024,Fresno State,Mountain West,puntReturnTDs,1,2026-09-29T20:12:41Z
2024,Fresno State,Mountain West,puntReturnTDsOpponent,1,2026-09-29T20:12:41Z
2024,Fresno State,Mountain West,puntReturnYards,223,2026-09-29T20:12:41Z
2024,Fresno State,Mountain West,puntReturnYardsOpponent,136,2026-09-29T20:12:41Z
2024,Fresno State,Mountain West,rushingAttempts,381,2026-09-29T20:12:41Z
2024,Fresno State,Mountain West,rushingAttemptsOpponent,475,2026-09-29T20:12:41Z
2024,Fresno State,Mountain West,rushingTDs,21,2026-09-29T20:12:41Z
2024,Fresno State,Mountain West,rushingTDsOpponent,14,2026-09-29T20:12:41Z
2024,Fresno State,Mountain West,rushingYards,1295,2026-09-29T20:12:41Z
2024,Fresno State,Mountain West,rushingYardsOpponent,1852,2026-09-29T20:12:41Z
2024,Fresno State,Mountain West,sacks,19,2026-09-29T20:12:41Z
2024,Fresno State,Mountain West,sacksOpponent,25,2026-09-29T20:12:41Z
2024,Fresno State,Mountain West,tacklesForLoss,62,2026-09-29T20:12:41Z
2024,Fresno State,Mountain West,tacklesForLossOpponent,57,2026-09-29T20:12:41Z
2024,Fresno State,Mountain West,thirdDownConversions,63,2026-09-29T20:12:41Z
2024,Fresno State,Mountain West,thirdDownConversionsOpponent,67,2026-09-29T20:12:41Z
2024,Fresno State,Mountain West,thirdDowns,161,2026-09-29T20:12:41Z
2024,Fresno State,Mountain West,thirdDownsOpponent,191,2026-09-29T20:12:41Z
2024,Fresno State,Mountain West,totalYards,4442,2026-09-29T20:12:41Z
2024,Fresno State,Mountain West,totalYardsOpponent,4647,2026-09-29T20:12:41Z
2024,Fresno State,Mountain West,turnovers,17,2026-09-29T20:12:41Z
2024,Fresno State,Mountain West,turnoversOpponent,19,2026-09-29T20:12:41Z
2024,Georgia,SEC,firstDowns,305,2026-09-29T20:12:41Z
2024,Georgia,SEC,firstDownsOpponent,249,2026-09-29T20:12:41Z
2024,Georgia,SEC,fourthDownConversions,18,2026-09-29T20:12:41Z
2024,Georgia,SEC,fourthDownConversionsOpponent,17,2026-09-29T20:12:41Z
2024,Georgia,SEC,fourthDowns,27,2026-09-29T20:12:41Z
2024,Georgia,SEC,fourthDownsOpponent,31,2026-09-29T20:12:41Z
2024,Georgia,SEC,fumblesLost,7,2026-09-29T20:12:41Z
2024,Georgia,SEC,fumblesLostOpponent,10,2026-09-29T20:12:41Z
2024,Georgia,SEC,fumblesRecovered,11,2026-09-29T20:12:41Z
2024,Georgia,SEC,fumblesRecoveredOpponent,7,2026-09-29T20:12:41Z
2024,Georgia,SEC,games,14,2026-09-29T20:12:41Z
2024,Georgia,SEC,interceptions,13,2026-09-29T20:12:41Z
2024,Georgia,SEC,interceptionsOpponent,8,2026-09-29T20:12:41Z
2024,Georgia,SEC,interceptionTDs,0,2026-09-29T20:12:41Z
2024,Georgia,SEC,interceptionTDsOpponent,0,2026-09-29T20:12:41Z
2024,Georgia,SEC,interceptionYards,23,2026-09-29T20:12:41Z
2024,Georgia,SEC,interceptionYardsOpponent,156,2026-09-29T20:12:41Z
2024,Georgia,SEC,kickReturns,13,2026-09-29T20:12:41Z
2024,Georgia,SEC,kickReturnsOpponent,21,2026-09-29T20:12:41Z
2024,Georgia,SEC,kickReturnTDs,0,2026-09-29T20:12:41Z
2024,Georgia,SEC,kickReturnTDsOpponent,1,2026-09-29T20:12:41Z
2024,Georgia,SEC,kickReturnYards,205,2026-09-29T20:12:41Z
2024,Georgia,SEC,kickReturnYardsOpponent,450,2026-09-29T20:12:41Z
2024,Georgia,SEC,netPassingYards,3934,2026-09-29T20:12:41Z
2024,Georgia,SEC,netPassingYardsOpponent,2803,2026-09-29T20:12:41Z
2024,Georgia,SEC,passAttempts,513,2026-09-29T20:12:41Z
2024,Georgia,SEC,passAttemptsOpponent,423,2026-09-29T20:12:41Z
2024,Georgia,SEC,passCompletions,336,2026-09-29T20:12:41Z
2024,Georgia,SEC,passCompletionsOpponent,251,2026-09-29T20:12:41Z
2024,Georgia,SEC,passesIntercepted,8,2026-09-29T20:12:41Z
2024,Georgia,SEC,passesInterceptedOpponent,13,2026-09-29T20:12:41Z
2024,Georgia,SEC,passingTDs,29,2026-09-29T20:12:41Z
2024,Georgia,SEC,passingTDsOpponent,14,2026-09-29T20:12:41Z
2024,Georgia,SEC,penalties,80,2026-09-29T20:12:41Z
2024,Georgia,SEC,penaltiesOpponent,89,2026-09-29T20:12:41Z
2024,Georgia,SEC,penaltyYards,751,2026-09-29T20:12:41Z
2024,Georgia,SEC,penaltyYardsOpponent,690,2026-09-29T20:12:41Z
2024,Georgia,SEC,possessionTime,24979,2026-09-29T20:12:41Z
2024,Georgia,SEC,possessionTimeOpponent,25121,2026-09-29T20:12:41Z
2024,Georgia,SEC,puntReturns,22,2026-09-29T20:12:41Z
2024,Georgia,SEC,puntReturnsOpponent,11,2026-09-29T20:12:41Z
2024,Georgia,SEC,puntReturnTDs,0,2026-09-29T20:12:41Z
2024,Georgia,SEC,puntReturnTDsOpponent,0,2026-09-29T20:12:41Z
2024,Georgia,SEC,puntReturnYards,174,2026-09-29T20:12:41Z
2024,Georgia,SEC,puntReturnYardsOpponent,57,2026-09-29T20:12:41Z
2024,Georgia,SEC,rushingAttempts,423,2026-09-29T20:12:41Z
2024,Georgia,SEC,rushingAttemptsOpponent,487,2026-09-29T20:12:41Z
2024,Georgia,SEC,rushingTDs,24,2026-09-29T20:12:41Z
2024,Georgia,SEC,rushingTDsOpponent,14,2026-09-29T20:12:41Z
2024,Georgia,SEC,rushingYards,1750,2026-09-29T20:12:41Z
2024,Georgia,SEC,rushingYardsOpponent,1854,2026-09-29T20:12:41Z
2024,Georgia,SEC,sacks,37,2026-09-29T20:12:41Z
2024,Georgia,SEC,sacksOpponent,25,2026-09-29T20:12:41Z
2024,Georgia,SEC,tacklesForLoss,87,2026-09-29T20:12:41Z
2024,Georgia,SEC,tacklesForLossOpponent,67,2026-09-29T20:12:41Z
2024,Georgia,SEC,thirdDownConversions,69,2026-09-29T20:12:41Z
2024,Georgia,SEC,thirdDownConversionsOpponent,64,2026-09-29T20:12:41Z
2024,Georgia,SEC,thirdDowns,176,2026-09-29T20:12:41Z
2024,Georgia,SEC,thirdDownsOpponent,197,2026-09-29T20:12:41Z
2024,Georgia,SEC,totalYards,5684,2026-09-29T20:12:41Z
2024,Georgia,SEC,totalYardsOpponent,4657,2026-09-29T20:12:41Z
2024,Georgia,SEC,turnovers,20,2026-09-29T20:12:41Z
2024,Georgia,SEC,turnoversOpponent,18,2026-09-29T20:12:41Z
2024,Georgia Southern,Sun Belt,firstDowns,283,2026-09-29T20:12:41Z
2024,Georgia Southern,Sun Belt,firstDownsOpponent,272,2026-09-29T20:12:41Z
2024,Georgia Southern,Sun Belt,fourthDownConversions,12,2026-09-29T20:12:41Z
2024,Georgia Southern,Sun Belt,fourthDownConversionsOpponent,7,2026-09-29T20:12:41Z
2024,Georgia Southern,Sun Belt,fourthDowns,16,2026-09-29T20:12:41Z
2024,Georgia Southern,Sun Belt,fourthDownsOpponent,19,2026-09-29T20:12:41Z
2024,Georgia Southern,Sun Belt,fumblesLost,11,2026-09-29T20:12:41Z
2024,Georgia Southern,Sun Belt,fumblesLostOpponent,6,2026-09-29T20:12:41Z
2024,Georgia Southern,Sun Belt,fumblesRecovered,6,2026-09-29T20:12:41Z
2024,Georgia Southern,Sun Belt,fumblesRecoveredOpponent,11,2026-09-29T20:12:41Z
2024,Georgia Southern,Sun Belt,games,13,2026-09-29T20:12:41Z
2024,Georgia Southern,Sun Belt,interceptions,11,2026-09-29T20:12:41Z
2024,Georgia Southern,Sun Belt,interceptionsOpponent,13,2026-09-29T20:12:41Z
2024,Georgia Southern,Sun Belt,interceptionTDs,1,2026-09-29T20:12:41Z
2024,Georgia Southern,Sun Belt,interceptionTDsOpponent,2,2026-09-29T20:12:41Z
2024,Georgia Southern,Sun Belt,interceptionYards,136,2026-09-29T20:12:41Z
2024,Georgia Southern,Sun Belt,interceptionYardsOpponent,130,2026-09-29T20:12:41Z
2024,Georgia Southern,Sun Belt,kickReturns,34,2026-09-29T20:12:41Z
2024,Georgia Southern,Sun Belt,kickReturnsOpponent,20,2026-09-29T20:12:41Z
2024,Georgia Southern,Sun Belt,kickReturnTDs,0,2026-09-29T20:12:41Z
2024,Georgia Southern,Sun Belt,kickReturnTDsOpponent,0,2026-09-29T20:12:41Z
2024,Georgia Southern,Sun Belt,kickReturnYards,723,2026-09-29T20:12:41Z
2024,Georgia Southern,Sun Belt,kickReturnYardsOpponent,353,2026-09-29T20:12:41Z
2024,Georgia Southern,Sun Belt,netPassingYards,3091,2026-09-29T20:12:41Z
2024,Georgia Southern,Sun Belt,netPassingYardsOpponent,3372,2026-09-29T20:12:41Z
2024,Georgia Southern,Sun Belt,passAttempts,445,2026-09-29T20:12:41Z
2024,Georgia Southern,Sun Belt,passAttemptsOpponent,439,2026-09-29T20:12:41Z
2024,Georgia Southern,Sun Belt,passCompletions,289,2026-09-29T20:12:41Z
2024,Georgia Southern,Sun Belt,passCompletionsOpponent,277,2026-09-29T20:12:41Z
2024,Georgia Southern,Sun Belt,passesIntercepted,13,2026-09-29T20:12:41Z
2024,Georgia Southern,Sun Belt,passesInterceptedOpponent,11,2026-09-29T20:12:41Z
2024,Georgia Southern,Sun Belt,passingTDs,21,2026-09-29T20:12:41Z
2024,Georgia Southern,Sun Belt,passingTDsOpponent,21,2026-09-29T20:12:41Z
2024,Georgia Southern,Sun Belt,penalties,73,2026-09-29T20:12:41Z
2024,Georgia Southern,Sun Belt,penaltiesOpponent,110,2026-09-29T20:12:41Z
2024,Georgia Southern,Sun Belt,penaltyYards,628,2026-09-29T20:12:41Z
2024,Georgia Southern,Sun Belt,penaltyYardsOpponent,1007,2026-09-29T20:12:41Z
2024,Georgia Southern,Sun Belt,possessionTime,23520,2026-09-29T20:12:41Z
2024,Georgia Southern,Sun Belt,possessionTimeOpponent,23280,2026-09-29T20:12:41Z
2024,Georgia Southern,Sun Belt,puntReturns,14,2026-09-29T20:12:41Z
2024,Georgia Southern,Sun Belt,puntReturnsOpponent,14,2026-09-29T20:12:41Z
2024,Georgia Southern,Sun Belt,puntReturnTDs,0,2026-09-29T20:12:41Z
2024,Georgia Southern,Sun Belt,puntReturnTDsOpponent,0,2026-09-29T20:12:41Z
2024,Georgia Southern,Sun Belt,puntReturnYards,95,2026-09-29T20:12:41Z
2024,Georgia Southern,Sun Belt,puntReturnYardsOpponent,65,2026-09-29T20:12:41Z
2024,Georgia Southern,Sun Belt,rushingAttempts,439,2026-09-29T20:12:41Z
2024,Georgia Southern,Sun Belt,rushingAttemptsOpponent,444,2026-09-29T20:12:41Z
2024,Georgia Southern,Sun Belt,rushingTDs,24,2026-09-29T20:12:41Z
2024,Georgia Southern,Sun Belt,rushingTDsOpponent,23,2026-09-29T20:12:41Z
2024,Georgia Southern,Sun Belt,rushingYards,1667,2026-09-29T20:12:41Z
2024,Georgia Southern,Sun Belt,rushingYardsOpponent,2242,2026-09-29T20:12:41Z
2024,Georgia Southern,Sun Belt,sacks,21,2026-09-29T20:12:41Z
2024,Georgia Southern,Sun Belt,sacksOpponent,28,2026-09-29T20:12:41Z
2024,Georgia Southern,Sun Belt,tacklesForLoss,64,2026-09-29T20:12:41Z
2024,Georgia Southern,Sun Belt,tacklesForLossOpponent,78,2026-09-29T20:12:41Z
2024,Georgia Southern,Sun Belt,thirdDownConversions,81,2026-09-29T20:12:41Z
2024,Georgia Southern,Sun Belt,thirdDownConversionsOpponent,82,2026-09-29T20:12:41Z
2024,Georgia Southern,Sun Belt,thirdDowns,180,2026-09-29T20:12:41Z
2024,Georgia Southern,Sun Belt,thirdDownsOpponent,174,2026-09-29T20:12:41Z
2024,Georgia Southern,Sun Belt,totalYards,4758,2026-09-29T20:12:41Z
2024,Georgia Southern,Sun Belt,totalYardsOpponent,5614,2026-09-29T20:12:41Z
2024,Georgia Southern,Sun Belt,turnovers,22,2026-09-29T20:12:41Z
2024,Georgia Southern,Sun Belt,turnoversOpponent,19,2026-09-29T20:12:41Z
2024,Georgia State,Sun Belt,firstDowns,248,2026-09-29T20:12:41Z
2024,Georgia State,Sun Belt,firstDownsOpponent,265,2026-09-29T20:12:41Z
2024,Georgia State,Sun Belt,fourthDownConversions,10,2026-09-29T20:12:41Z
2024,Georgia State,Sun Belt,fourthDownConversionsOpponent,13,2026-09-29T20:12:41Z
2024,Georgia State,Sun Belt,fourthDowns,27,2026-09-29T20:12:41Z
2024,Georgia State,Sun Belt,fourthDownsOpponent,18,2026-09-29T20:12:41Z
2024,Georgia State,Sun Belt,fumblesLost,6,2026-09-29T20:12:41Z
2024,Georgia State,Sun Belt,fumblesLostOpponent,8,2026-09-29T20:12:41Z
2024,Georgia State,Sun Belt,fumblesRecovered,8,2026-09-29T20:12:41Z
2024,Georgia State,Sun Belt,fumblesRecoveredOpponent,6,2026-09-29T20:12:41Z
2024,Georgia State,Sun Belt,games,12,2026-09-29T20:12:41Z
2024,Georgia State,Sun Belt,interceptions,13,2026-09-29T20:12:41Z
2024,Georgia State,Sun Belt,interceptionsOpponent,9,2026-09-29T20:12:41Z
2024,Georgia State,Sun Belt,interceptionTDs,0,2026-09-29T20:12:41Z
2024,Georgia State,Sun Belt,interceptionTDsOpponent,1,2026-09-29T20:12:41Z
2024,Georgia State,Sun Belt,interceptionYards,45,2026-09-29T20:12:41Z
2024,Georgia State,Sun Belt,interceptionYardsOpponent,138,2026-09-29T20:12:41Z
2024,Georgia State,Sun Belt,kickReturns,31,2026-09-29T20:12:41Z
2024,Georgia State,Sun Belt,kickReturnsOpponent,11,2026-09-29T20:12:41Z
2024,Georgia State,Sun Belt,kickReturnTDs,0,2026-09-29T20:12:41Z
2024,Georgia State,Sun Belt,kickReturnTDsOpponent,0,2026-09-29T20:12:41Z
2024,Georgia State,Sun Belt,kickReturnYards,518,2026-09-29T20:12:41Z
2024,Georgia State,Sun Belt,kickReturnYardsOpponent,199,2026-09-29T20:12:41Z
2024,Georgia State,Sun Belt,netPassingYards,3069,2026-09-29T20:12:41Z
2024,Georgia State,Sun Belt,netPassingYardsOpponent,2500,2026-09-29T20:12:41Z
2024,Georgia State,Sun Belt,passAttempts,449,2026-09-29T20:12:41Z
2024,Georgia State,Sun Belt,passAttemptsOpponent,322,2026-09-29T20:12:41Z
2024,Georgia State,Sun Belt,passCompletions,271,2026-09-29T20:12:41Z
2024,Georgia State,Sun Belt,passCompletionsOpponent,204,2026-09-29T20:12:41Z
2024,Georgia State,Sun Belt,passesIntercepted,9,2026-09-29T20:12:41Z
2024,Georgia State,Sun Belt,passesInterceptedOpponent,13,2026-09-29T20:12:41Z
2024,Georgia State,Sun Belt,passingTDs,21,2026-09-29T20:12:41Z
2024,Georgia State,Sun Belt,passingTDsOpponent,22,2026-09-29T20:12:41Z
2024,Georgia State,Sun Belt,penalties,61,2026-09-29T20:12:41Z
2024,Georgia State,Sun Belt,penaltiesOpponent,79,2026-09-29T20:12:41Z
2024,Georgia State,Sun Belt,penaltyYards,589,2026-09-29T20:12:41Z
2024,Georgia State,Sun Belt,penaltyYardsOpponent,695,2026-09-29T20:12:41Z
2024,Georgia State,Sun Belt,possessionTime,21580,2026-09-29T20:12:41Z
2024,Georgia State,Sun Belt,possessionTimeOpponent,21620,2026-09-29T20:12:41Z
2024,Georgia State,Sun Belt,puntReturns,12,2026-09-29T20:12:41Z
2024,Georgia State,Sun Belt,puntReturnsOpponent,24,2026-09-29T20:12:41Z
2024,Georgia State,Sun Belt,puntReturnTDs,0,2026-09-29T20:12:41Z
2024,Georgia State,Sun Belt,puntReturnTDsOpponent,1,2026-09-29T20:12:41Z
2024,Georgia State,Sun Belt,puntReturnYards,24,2026-09-29T20:12:41Z
2024,Georgia State,Sun Belt,puntReturnYardsOpponent,465,2026-09-29T20:12:41Z
2024,Georgia State,Sun Belt,rushingAttempts,360,2026-09-29T20:12:41Z
2024,Georgia State,Sun Belt,rushingAttemptsOpponent,473,2026-09-29T20:12:41Z
2024,Georgia State,Sun Belt,rushingTDs,13,2026-09-29T20:12:41Z
2024,Georgia State,Sun Belt,rushingTDsOpponent,28,2026-09-29T20:12:41Z
2024,Georgia State,Sun Belt,rushingYards,1608,2026-09-29T20:12:41Z
2024,Georgia State,Sun Belt,rushingYardsOpponent,2541,2026-09-29T20:12:41Z
2024,Georgia State,Sun Belt,sacks,18,2026-09-29T20:12:41Z
2024,Georgia State,Sun Belt,sacksOpponent,22,2026-09-29T20:12:41Z
2024,Georgia State,Sun Belt,tacklesForLoss,48,2026-09-29T20:12:41Z
2024,Georgia State,Sun Belt,tacklesForLossOpponent,71,2026-09-29T20:12:41Z
2024,Georgia State,Sun Belt,thirdDownConversions,57,2026-09-29T20:12:41Z
2024,Georgia State,Sun Belt,thirdDownConversionsOpponent,69,2026-09-29T20:12:41Z
2024,Georgia State,Sun Belt,thirdDowns,160,2026-09-29T20:12:41Z
2024,Georgia State,Sun Belt,thirdDownsOpponent,155,2026-09-29T20:12:41Z
2024,Georgia State,Sun Belt,totalYards,4677,2026-09-29T20:12:41Z
2024,Georgia State,Sun Belt,totalYardsOpponent,5041,2026-09-29T20:12:41Z
2024,Georgia State,Sun Belt,turnovers,19,2026-09-29T20:12:41Z
2024,Georgia State,Sun Belt,turnoversOpponent,17,2026-09-29T20:12:41Z
2024,Georgia Tech,ACC,firstDowns,281,2026-09-29T20:12:41Z
2024,Georgia Tech,ACC,firstDownsOpponent,238,2026-09-29T20:12:41Z
2024,Georgia Tech,ACC,fourthDownConversions,16,2026-09-29T20:12:41Z
2024,Georgia Tech,ACC,fourthDownConversionsOpponent,18,2026-09-29T20:12:41Z
2024,Georgia Tech,ACC,fourthDowns,29,2026-09-29T20:12:41Z
2024,Georgia Tech,ACC,fourthDownsOpponent,29,2026-09-29T20:12:41Z
2024,Georgia Tech,ACC,fumblesLost,3,2026-09-29T20:12:41Z
2024,Georgia Tech,ACC,fumblesLostOpponent,6,2026-09-29T20:12:41Z
2024,Georgia Tech,ACC,fumblesRecovered,6,2026-09-29T20:12:41Z
2024,Georgia Tech,ACC,fumblesRecoveredOpponent,3,2026-09-29T20:12:41Z
2024,Georgia Tech,ACC,games,13,2026-09-29T20:12:41Z
2024,Georgia Tech,ACC,interceptions,7,2026-09-29T20:12:41Z
2024,Georgia Tech,ACC,interceptionsOpponent,5,2026-09-29T20:12:41Z
2024,Georgia Tech,ACC,interceptionTDs,1,2026-09-29T20:12:41Z
2024,Georgia Tech,ACC,interceptionTDsOpponent,1,2026-09-29T20:12:41Z
2024,Georgia Tech,ACC,interceptionYards,88,2026-09-29T20:12:41Z
2024,Georgia Tech,ACC,interceptionYardsOpponent,115,2026-09-29T20:12:41Z
2024,Georgia Tech,ACC,kickReturns,21,2026-09-29T20:12:41Z
2024,Georgia Tech,ACC,kickReturnsOpponent,18,2026-09-29T20:12:41Z
2024,Georgia Tech,ACC,kickReturnTDs,0,2026-09-29T20:12:41Z
2024,Georgia Tech,ACC,kickReturnTDsOpponent,0,2026-09-29T20:12:41Z
2024,Georgia Tech,ACC,kickReturnYards,358,2026-09-29T20:12:41Z
2024,Georgia Tech,ACC,kickReturnYardsOpponent,374,2026-09-29T20:12:41Z
2024,Georgia Tech,ACC,netPassingYards,3088,2026-09-29T20:12:41Z
2024,Georgia Tech,ACC,netPassingYardsOpponent,2869,2026-09-29T20:12:41Z
2024,Georgia Tech,ACC,passAttempts,410,2026-09-29T20:12:41Z
2024,Georgia Tech,ACC,passAttemptsOpponent,401,2026-09-29T20:12:41Z
2024,Georgia Tech,ACC,passCompletions,269,2026-09-29T20:12:41Z
2024,Georgia Tech,ACC,passCompletionsOpponent,253,2026-09-29T20:12:41Z
2024,Georgia Tech,ACC,passesIntercepted,5,2026-09-29T20:12:41Z
2024,Georgia Tech,ACC,passesInterceptedOpponent,7,2026-09-29T20:12:41Z
2024,Georgia Tech,ACC,passingTDs,17,2026-09-29T20:12:41Z
2024,Georgia Tech,ACC,passingTDsOpponent,24,2026-09-29T20:12:41Z
2024,Georgia Tech,ACC,penalties,69,2026-09-29T20:12:41Z
2024,Georgia Tech,ACC,penaltiesOpponent,56,2026-09-29T20:12:41Z
2024,Georgia Tech,ACC,penaltyYards,558,2026-09-29T20:12:41Z
2024,Georgia Tech,ACC,penaltyYardsOpponent,524,2026-09-29T20:12:41Z
2024,Georgia Tech,ACC,possessionTime,24148,2026-09-29T20:12:41Z
2024,Georgia Tech,ACC,possessionTimeOpponent,22352,2026-09-29T20:12:41Z
2024,Georgia Tech,ACC,puntReturns,21,2026-09-29T20:12:41Z
2024,Georgia Tech,ACC,puntReturnsOpponent,25,2026-09-29T20:12:41Z
2024,Georgia Tech,ACC,puntReturnTDs,0,2026-09-29T20:12:41Z
2024,Georgia Tech,ACC,puntReturnTDsOpponent,1,2026-09-29T20:12:41Z
2024,Georgia Tech,ACC,puntReturnYards,149,2026-09-29T20:12:41Z
2024,Georgia Tech,ACC,puntReturnYardsOpponent,216,2026-09-29T20:12:41Z
2024,Georgia Tech,ACC,rushingAttempts,491,2026-09-29T20:12:41Z
2024,Georgia Tech,ACC,rushingAttemptsOpponent,384,2026-09-29T20:12:41Z
2024,Georgia Tech,ACC,rushingTDs,29,2026-09-29T20:12:41Z
2024,Georgia Tech,ACC,rushingTDsOpponent,15,2026-09-29T20:12:41Z
2024,Georgia Tech,ACC,rushingYards,2431,2026-09-29T20:12:41Z
2024,Georgia Tech,ACC,rushingYardsOpponent,1597,2026-09-29T20:12:41Z
2024,Georgia Tech,ACC,sacks,18,2026-09-29T20:12:41Z
2024,Georgia Tech,ACC,sacksOpponent,9,2026-09-29T20:12:41Z
2024,Georgia Tech,ACC,tacklesForLoss,73,2026-09-29T20:12:41Z
2024,Georgia Tech,ACC,tacklesForLossOpponent,58,2026-09-29T20:12:41Z
2024,Georgia Tech,ACC,thirdDownConversions,69,2026-09-29T20:12:41Z
2024,Georgia Tech,ACC,thirdDownConversionsOpponent,54,2026-09-29T20:12:41Z
2024,Georgia Tech,ACC,thirdDowns,170,2026-09-29T20:12:41Z
2024,Georgia Tech,ACC,thirdDownsOpponent,161,2026-09-29T20:12:41Z
2024,Georgia Tech,ACC,totalYards,5519,2026-09-29T20:12:41Z
2024,Georgia Tech,ACC,totalYardsOpponent,4466,2026-09-29T20:12:41Z
2024,Georgia Tech,ACC,turnovers,10,2026-09-29T20:12:41Z
2024,Georgia Tech,ACC,turnoversOpponent,11,2026-09-29T20:12:41Z
2024,Hawai'i,Mountain West,firstDowns,249,2026-09-29T20:12:41Z
2024,Hawai'i,Mountain West,firstDownsOpponent,244,2026-09-29T20:12:41Z
2024,Hawai'i,Mountain West,fourthDownConversions,12,2026-09-29T20:12:41Z
2024,Hawai'i,Mountain West,fourthDownConversionsOpponent,14,2026-09-29T20:12:41Z
2024,Hawai'i,Mountain West,fourthDowns,22,2026-09-29T20:12:41Z
2024,Hawai'i,Mountain West,fourthDownsOpponent,18,2026-09-29T20:12:41Z
2024,Hawai'i,Mountain West,fumblesLost,4,2026-09-29T20:12:41Z
2024,Hawai'i,Mountain West,fumblesLostOpponent,5,2026-09-29T20:12:41Z
2024,Hawai'i,Mountain West,fumblesRecovered,5,2026-09-29T20:12:41Z
2024,Hawai'i,Mountain West,fumblesRecoveredOpponent,4,2026-09-29T20:12:41Z
2024,Hawai'i,Mountain West,games,12,2026-09-29T20:12:41Z
2024,Hawai'i,Mountain West,interceptions,15,2026-09-29T20:12:41Z
2024,Hawai'i,Mountain West,interceptionsOpponent,6,2026-09-29T20:12:41Z
2024,Hawai'i,Mountain West,interceptionTDs,0,2026-09-29T20:12:41Z
2024,Hawai'i,Mountain West,interceptionTDsOpponent,1,2026-09-29T20:12:41Z
2024,Hawai'i,Mountain West,interceptionYards,29,2026-09-29T20:12:41Z
2024,Hawai'i,Mountain West,interceptionYardsOpponent,207,2026-09-29T20:12:41Z
2024,Hawai'i,Mountain West,kickReturns,20,2026-09-29T20:12:41Z
2024,Hawai'i,Mountain West,kickReturnsOpponent,31,2026-09-29T20:12:41Z
2024,Hawai'i,Mountain West,kickReturnTDs,0,2026-09-29T20:12:41Z
2024,Hawai'i,Mountain West,kickReturnTDsOpponent,0,2026-09-29T20:12:41Z
2024,Hawai'i,Mountain West,kickReturnYards,302,2026-09-29T20:12:41Z
2024,Hawai'i,Mountain West,kickReturnYardsOpponent,466,2026-09-29T20:12:41Z
2024,Hawai'i,Mountain West,netPassingYards,3218,2026-09-29T20:12:41Z
2024,Hawai'i,Mountain West,netPassingYardsOpponent,2535,2026-09-29T20:12:41Z
2024,Hawai'i,Mountain West,passAttempts,481,2026-09-29T20:12:41Z
2024,Hawai'i,Mountain West,passAttemptsOpponent,366,2026-09-29T20:12:41Z
2024,Hawai'i,Mountain West,passCompletions,286,2026-09-29T20:12:41Z
2024,Hawai'i,Mountain West,passCompletionsOpponent,239,2026-09-29T20:12:41Z
2024,Hawai'i,Mountain West,passesIntercepted,6,2026-09-29T20:12:41Z
2024,Hawai'i,Mountain West,passesInterceptedOpponent,15,2026-09-29T20:12:41Z
2024,Hawai'i,Mountain West,passingTDs,25,2026-09-29T20:12:41Z
2024,Hawai'i,Mountain West,passingTDsOpponent,18,2026-09-29T20:12:41Z
2024,Hawai'i,Mountain West,penalties,96,2026-09-29T20:12:41Z
2024,Hawai'i,Mountain West,penaltiesOpponent,83,2026-09-29T20:12:41Z
2024,Hawai'i,Mountain West,penaltyYards,844,2026-09-29T20:12:41Z
2024,Hawai'i,Mountain West,penaltyYardsOpponent,820,2026-09-29T20:12:41Z
2024,Hawai'i,Mountain West,possessionTime,21833,2026-09-29T20:12:41Z
2024,Hawai'i,Mountain West,possessionTimeOpponent,21367,2026-09-29T20:12:41Z
2024,Hawai'i,Mountain West,puntReturns,11,2026-09-29T20:12:41Z
2024,Hawai'i,Mountain West,puntReturnsOpponent,20,2026-09-29T20:12:41Z
2024,Hawai'i,Mountain West,puntReturnTDs,1,2026-09-29T20:12:41Z
2024,Hawai'i,Mountain West,puntReturnTDsOpponent,0,2026-09-29T20:12:41Z
2024,Hawai'i,Mountain West,puntReturnYards,137,2026-09-29T20:12:41Z
2024,Hawai'i,Mountain West,puntReturnYardsOpponent,172,2026-09-29T20:12:41Z
2024,Hawai'i,Mountain West,rushingAttempts,334,2026-09-29T20:12:41Z
2024,Hawai'i,Mountain West,rushingAttemptsOpponent,420,2026-09-29T20:12:41Z
2024,Hawai'i,Mountain West,rushingTDs,7,2026-09-29T20:12:41Z
2024,Hawai'i,Mountain West,rushingTDsOpponent,20,2026-09-29T20:12:41Z
2024,Hawai'i,Mountain West,rushingYards,1188,2026-09-29T20:12:41Z
2024,Hawai'i,Mountain West,rushingYardsOpponent,2003,2026-09-29T20:12:41Z
2024,Hawai'i,Mountain West,sacks,27,2026-09-29T20:12:41Z
2024,Hawai'i,Mountain West,sacksOpponent,43,2026-09-29T20:12:41Z
2024,Hawai'i,Mountain West,tacklesForLoss,68,2026-09-29T20:12:41Z
2024,Hawai'i,Mountain West,tacklesForLossOpponent,77,2026-09-29T20:12:41Z
2024,Hawai'i,Mountain West,thirdDownConversions,60,2026-09-29T20:12:41Z
2024,Hawai'i,Mountain West,thirdDownConversionsOpponent,67,2026-09-29T20:12:41Z
2024,Hawai'i,Mountain West,thirdDowns,163,2026-09-29T20:12:41Z
2024,Hawai'i,Mountain West,thirdDownsOpponent,166,2026-09-29T20:12:41Z
2024,Hawai'i,Mountain West,totalYards,4406,2026-09-29T20:12:41Z
2024,Hawai'i,Mountain West,totalYardsOpponent,4538,2026-09-29T20:12:41Z
2024,Hawai'i,Mountain West,turnovers,19,2026-09-29T20:12:41Z
2024,Hawai'i,Mountain West,turnoversOpponent,11,2026-09-29T20:12:41Z
2024,Houston,Big 12,firstDowns,181,2026-09-29T20:12:41Z
2024,Houston,Big 12,firstDownsOpponent,214,2026-09-29T20:12:41Z
2024,Houston,Big 12,fourthDownConversions,11,2026-09-29T20:12:41Z
2024,Houston,Big 12,fourthDownConversionsOpponent,11,2026-09-29T20:12:41Z
2024,Houston,Big 12,fourthDowns,29,2026-09-29T20:12:41Z
2024,Houston,Big 12,fourthDownsOpponent,16,2026-09-29T20:12:41Z
2024,Houston,Big 12,fumblesLost,10,2026-09-29T20:12:41Z
2024,Houston,Big 12,fumblesLostOpponent,7,2026-09-29T20:12:41Z
2024,Houston,Big 12,fumblesRecovered,7,2026-09-29T20:12:41Z
2024,Houston,Big 12,fumblesRecoveredOpponent,10,2026-09-29T20:12:41Z
2024,Houston,Big 12,games,12,2026-09-29T20:12:41Z
2024,Houston,Big 12,interceptions,17,2026-09-29T20:12:41Z
2024,Houston,Big 12,interceptionsOpponent,12,2026-09-29T20:12:41Z
2024,Houston,Big 12,interceptionTDs,1,2026-09-29T20:12:41Z
2024,Houston,Big 12,interceptionTDsOpponent,1,2026-09-29T20:12:41Z
2024,Houston,Big 12,interceptionYards,137,2026-09-29T20:12:41Z
2024,Houston,Big 12,interceptionYardsOpponent,107,2026-09-29T20:12:41Z
2024,Houston,Big 12,kickReturns,22,2026-09-29T20:12:41Z
2024,Houston,Big 12,kickReturnsOpponent,19,2026-09-29T20:12:41Z
2024,Houston,Big 12,kickReturnTDs,0,2026-09-29T20:12:41Z
2024,Houston,Big 12,kickReturnTDsOpponent,1,2026-09-29T20:12:41Z
2024,Houston,Big 12,kickReturnYards,463,2026-09-29T20:12:41Z
2024,Houston,Big 12,kickReturnYardsOpponent,406,2026-09-29T20:12:41Z
2024,Houston,Big 12,netPassingYards,1832,2026-09-29T20:12:41Z
2024,Houston,Big 12,netPassingYardsOpponent,2266,2026-09-29T20:12:41Z
2024,Houston,Big 12,passAttempts,280,2026-09-29T20:12:41Z
2024,Houston,Big 12,passAttemptsOpponent,331,2026-09-29T20:12:41Z
2024,Houston,Big 12,passCompletions,182,2026-09-29T20:12:41Z
2024,Houston,Big 12,passCompletionsOpponent,199,2026-09-29T20:12:41Z
2024,Houston,Big 12,passesIntercepted,12,2026-09-29T20:12:41Z
2024,Houston,Big 12,passesInterceptedOpponent,17,2026-09-29T20:12:41Z
2024,Houston,Big 12,passingTDs,9,2026-09-29T20:12:41Z
2024,Houston,Big 12,passingTDsOpponent,18,2026-09-29T20:12:41Z
2024,Houston,Big 12,penalties,66,2026-09-29T20:12:41Z
2024,Houston,Big 12,penaltiesOpponent,54,2026-09-29T20:12:41Z
2024,Houston,Big 12,penaltyYards,623,2026-09-29T20:12:41Z
2024,Houston,Big 12,penaltyYardsOpponent,507,2026-09-29T20:12:41Z
2024,Houston,Big 12,possessionTime,21723,2026-09-29T20:12:41Z
2024,Houston,Big 12,possessionTimeOpponent,21477,2026-09-29T20:12:41Z
2024,Houston,Big 12,puntReturns,19,2026-09-29T20:12:41Z
2024,Houston,Big 12,puntReturnsOpponent,16,2026-09-29T20:12:41Z
2024,Houston,Big 12,puntReturnTDs,1,2026-09-29T20:12:41Z
2024,Houston,Big 12,puntReturnTDsOpponent,0,2026-09-29T20:12:41Z
2024,Houston,Big 12,puntReturnYards,132,2026-09-29T20:12:41Z
2024,Houston,Big 12,puntReturnYardsOpponent,58,2026-09-29T20:12:41Z
2024,Houston,Big 12,rushingAttempts,426,2026-09-29T20:12:41Z
2024,Houston,Big 12,rushingAttemptsOpponent,409,2026-09-29T20:12:41Z
2024,Houston,Big 12,rushingTDs,9,2026-09-29T20:12:41Z
2024,Houston,Big 12,rushingTDsOpponent,14,2026-09-29T20:12:41Z
2024,Houston,Big 12,rushingYards,1639,2026-09-29T20:12:41Z
2024,Houston,Big 12,rushingYardsOpponent,1641,2026-09-29T20:12:41Z
2024,Houston,Big 12,sacks,21,2026-09-29T20:12:41Z
2024,Houston,Big 12,sacksOpponent,30,2026-09-29T20:12:41Z
2024,Houston,Big 12,tacklesForLoss,67,2026-09-29T20:12:41Z
2024,Houston,Big 12,tacklesForLossOpponent,90,2026-09-29T20:12:41Z
2024,Houston,Big 12,thirdDownConversions,43,2026-09-29T20:12:41Z
2024,Houston,Big 12,thirdDownConversionsOpponent,58,2026-09-29T20:12:41Z
2024,Houston,Big 12,thirdDowns,155,2026-09-29T20:12:41Z
2024,Houston,Big 12,thirdDownsOpponent,159,2026-09-29T20:12:41Z
2024,Houston,Big 12,totalYards,3471,2026-09-29T20:12:41Z
2024,Houston,Big 12,totalYardsOpponent,3907,2026-09-29T20:12:41Z
2024,Houston,Big 12,turnovers,27,2026-09-29T20:12:41Z
2024,Houston,Big 12,turnoversOpponent,19,2026-09-29T20:12:41Z
2024,Illinois,Big Ten,firstDowns,265,2026-09-29T20:12:41Z
2024,Illinois,Big Ten,firstDownsOpponent,275,2026-09-29T20:12:41Z
2024,Illinois,Big Ten,fourthDownConversions,8,2026-09-29T20:12:41Z
2024,Illinois,Big Ten,fourthDownConversionsOpponent,11,2026-09-29T20:12:41Z
2024,Illinois,Big Ten,fourthDowns,17,2026-09-29T20:12:41Z
2024,Illinois,Big Ten,fourthDownsOpponent,25,2026-09-29T20:12:41Z
2024,Illinois,Big Ten,fumblesLost,8,2026-09-29T20:12:41Z
2024,Illinois,Big Ten,fumblesLostOpponent,8,2026-09-29T20:12:41Z
2024,Illinois,Big Ten,fumblesRecovered,8,2026-09-29T20:12:41Z
2024,Illinois,Big Ten,fumblesRecoveredOpponent,8,2026-09-29T20:12:41Z
2024,Illinois,Big Ten,games,13,2026-09-29T20:12:41Z
2024,Illinois,Big Ten,interceptions,6,2026-09-29T20:12:41Z
2024,Illinois,Big Ten,interceptionsOpponent,12,2026-09-29T20:12:41Z
2024,Illinois,Big Ten,interceptionTDs,1,2026-09-29T20:12:41Z
2024,Illinois,Big Ten,interceptionTDsOpponent,1,2026-09-29T20:12:41Z
2024,Illinois,Big Ten,interceptionYards,134,2026-09-29T20:12:41Z
2024,Illinois,Big Ten,interceptionYardsOpponent,53,2026-09-29T20:12:41Z
2024,Illinois,Big Ten,kickReturns,14,2026-09-29T20:12:41Z
2024,Illinois,Big Ten,kickReturnsOpponent,15,2026-09-29T20:12:41Z
2024,Illinois,Big Ten,kickReturnTDs,0,2026-09-29T20:12:41Z
2024,Illinois,Big Ten,kickReturnTDsOpponent,0,2026-09-29T20:12:41Z
2024,Illinois,Big Ten,kickReturnYards,272,2026-09-29T20:12:41Z
2024,Illinois,Big Ten,kickReturnYardsOpponent,233,2026-09-29T20:12:41Z
2024,Illinois,Big Ten,netPassingYards,2746,2026-09-29T20:12:41Z
2024,Illinois,Big Ten,netPassingYardsOpponent,2922,2026-09-29T20:12:41Z
2024,Illinois,Big Ten,passAttempts,353,2026-09-29T20:12:41Z
2024,Illinois,Big Ten,passAttemptsOpponent,444,2026-09-29T20:12:41Z
2024,Illinois,Big Ten,passCompletions,213,2026-09-29T20:12:41Z
2024,Illinois,Big Ten,passCompletionsOpponent,262,2026-09-29T20:12:41Z
2024,Illinois,Big Ten,passesIntercepted,12,2026-09-29T20:12:41Z
2024,Illinois,Big Ten,passesInterceptedOpponent,6,2026-09-29T20:12:41Z
2024,Illinois,Big Ten,passingTDs,22,2026-09-29T20:12:41Z
2024,Illinois,Big Ten,passingTDsOpponent,19,2026-09-29T20:12:41Z
2024,Illinois,Big Ten,penalties,68,2026-09-29T20:12:41Z
2024,Illinois,Big Ten,penaltiesOpponent,72,2026-09-29T20:12:41Z
2024,Illinois,Big Ten,penaltyYards,522,2026-09-29T20:12:41Z
2024,Illinois,Big Ten,penaltyYardsOpponent,661,2026-09-29T20:12:41Z
2024,Illinois,Big Ten,possessionTime,22690,2026-09-29T20:12:41Z
2024,Illinois,Big Ten,possessionTimeOpponent,24110,2026-09-29T20:12:41Z
2024,Illinois,Big Ten,puntReturns,27,2026-09-29T20:12:41Z
2024,Illinois,Big Ten,puntReturnsOpponent,9,2026-09-29T20:12:41Z
2024,Illinois,Big Ten,puntReturnTDs,0,2026-09-29T20:12:41Z
2024,Illinois,Big Ten,puntReturnTDsOpponent,0,2026-09-29T20:12:41Z
2024,Illinois,Big Ten,puntReturnYards,358,2026-09-29T20:12:41Z
2024,Illinois,Big Ten,puntReturnYardsOpponent,87,2026-09-29T20:12:41Z
2024,Illinois,Big Ten,rushingAttempts,448,2026-09-29T20:12:41Z
2024,Illinois,Big Ten,rushingAttemptsOpponent,437,2026-09-29T20:12:41Z
2024,Illinois,Big Ten,rushingTDs,22,2026-09-29T20:12:41Z
2024,Illinois,Big Ten,rushingTDsOpponent,12,2026-09-29T20:12:41Z
2024,Illinois,Big Ten,rushingYards,2003,2026-09-29T20:12:41Z
2024,Illinois,Big Ten,rushingYardsOpponent,1945,2026-09-29T20:12:41Z
2024,Illinois,Big Ten,sacks,30,2026-09-29T20:12:41Z
2024,Illinois,Big Ten,sacksOpponent,31,2026-09-29T20:12:41Z
2024,Illinois,Big Ten,tacklesForLoss,54,2026-09-29T20:12:41Z
2024,Illinois,Big Ten,tacklesForLossOpponent,82,2026-09-29T20:12:41Z
2024,Illinois,Big Ten,thirdDownConversions,72,2026-09-29T20:12:41Z
2024,Illinois,Big Ten,thirdDownConversionsOpponent,80,2026-09-29T20:12:41Z
2024,Illinois,Big Ten,thirdDowns,158,2026-09-29T20:12:41Z
2024,Illinois,Big Ten,thirdDownsOpponent,179,2026-09-29T20:12:41Z
2024,Illinois,Big Ten,totalYards,4749,2026-09-29T20:12:41Z
2024,Illinois,Big Ten,totalYardsOpponent,4867,2026-09-29T20:12:41Z
2024,Illinois,Big Ten,turnovers,14,2026-09-29T20:12:41Z
2024,Illinois,Big Ten,turnoversOpponent,20,2026-09-29T20:12:41Z
2024,Indiana,Big Ten,firstDowns,306,2026-09-29T20:12:41Z
2024,Indiana,Big Ten,firstDownsOpponent,192,2026-09-29T20:12:41Z
2024,Indiana,Big Ten,fourthDownConversions,13,2026-09-29T20:12:41Z
2024,Indiana,Big Ten,fourthDownConversionsOpponent,10,2026-09-29T20:12:41Z
2024,Indiana,Big Ten,fourthDowns,22,2026-09-29T20:12:41Z
2024,Indiana,Big Ten,fourthDownsOpponent,32,2026-09-29T20:12:41Z
2024,Indiana,Big Ten,fumblesLost,3,2026-09-29T20:12:41Z
2024,Indiana,Big Ten,fumblesLostOpponent,9,2026-09-29T20:12:41Z
2024,Indiana,Big Ten,fumblesRecovered,9,2026-09-29T20:12:41Z
2024,Indiana,Big Ten,fumblesRecoveredOpponent,3,2026-09-29T20:12:41Z
2024,Indiana,Big Ten,games,13,2026-09-29T20:12:41Z
2024,Indiana,Big Ten,interceptions,6,2026-09-29T20:12:41Z
2024,Indiana,Big Ten,interceptionsOpponent,15,2026-09-29T20:12:41Z
2024,Indiana,Big Ten,interceptionTDs,2,2026-09-29T20:12:41Z
2024,Indiana,Big Ten,interceptionTDsOpponent,0,2026-09-29T20:12:41Z
2024,Indiana,Big Ten,interceptionYards,218,2026-09-29T20:12:41Z
2024,Indiana,Big Ten,interceptionYardsOpponent,65,2026-09-29T20:12:41Z
2024,Indiana,Big Ten,kickReturns,6,2026-09-29T20:12:41Z
2024,Indiana,Big Ten,kickReturnsOpponent,43,2026-09-29T20:12:41Z
2024,Indiana,Big Ten,kickReturnTDs,0,2026-09-29T20:12:41Z
2024,Indiana,Big Ten,kickReturnTDsOpponent,0,2026-09-29T20:12:41Z
2024,Indiana,Big Ten,kickReturnYards,127,2026-09-29T20:12:41Z
2024,Indiana,Big Ten,kickReturnYardsOpponent,804,2026-09-29T20:12:41Z
2024,Indiana,Big Ten,netPassingYards,3397,2026-09-29T20:12:41Z
2024,Indiana,Big Ten,netPassingYardsOpponent,2289,2026-09-29T20:12:41Z
2024,Indiana,Big Ten,passAttempts,361,2026-09-29T20:12:41Z
2024,Indiana,Big Ten,passAttemptsOpponent,397,2026-09-29T20:12:41Z
2024,Indiana,Big Ten,passCompletions,246,2026-09-29T20:12:41Z
2024,Indiana,Big Ten,passCompletionsOpponent,248,2026-09-29T20:12:41Z
2024,Indiana,Big Ten,passesIntercepted,15,2026-09-29T20:12:41Z
2024,Indiana,Big Ten,passesInterceptedOpponent,6,2026-09-29T20:12:41Z
2024,Indiana,Big Ten,passingTDs,33,2026-09-29T20:12:41Z
2024,Indiana,Big Ten,passingTDsOpponent,11,2026-09-29T20:12:41Z
2024,Indiana,Big Ten,penalties,62,2026-09-29T20:12:41Z
2024,Indiana,Big Ten,penaltiesOpponent,76,2026-09-29T20:12:41Z
2024,Indiana,Big Ten,penaltyYards,571,2026-09-29T20:12:41Z
2024,Indiana,Big Ten,penaltyYardsOpponent,584,2026-09-29T20:12:41Z
2024,Indiana,Big Ten,possessionTime,23951,2026-09-29T20:12:41Z
2024,Indiana,Big Ten,possessionTimeOpponent,22849,2026-09-29T20:12:41Z
2024,Indiana,Big Ten,puntReturns,27,2026-09-29T20:12:41Z
2024,Indiana,Big Ten,puntReturnsOpponent,10,2026-09-29T20:12:41Z
2024,Indiana,Big Ten,puntReturnTDs,0,2026-09-29T20:12:41Z
2024,Indiana,Big Ten,puntReturnTDsOpponent,1,2026-09-29T20:12:41Z
2024,Indiana,Big Ten,puntReturnYards,346,2026-09-29T20:12:41Z
2024,Indiana,Big Ten,puntReturnYardsOpponent,121,2026-09-29T20:12:41Z
2024,Indiana,Big Ten,rushingAttempts,484,2026-09-29T20:12:41Z
2024,Indiana,Big Ten,rushingAttemptsOpponent,381,2026-09-29T20:12:41Z
2024,Indiana,Big Ten,rushingTDs,37,2026-09-29T20:12:41Z
2024,Indiana,Big Ten,rushingTDsOpponent,12,2026-09-29T20:12:41Z
2024,Indiana,Big Ten,rushingYards,2161,2026-09-29T20:12:41Z
2024,Indiana,Big Ten,rushingYardsOpponent,1043,2026-09-29T20:12:41Z
2024,Indiana,Big Ten,sacks,35,2026-09-29T20:12:41Z
2024,Indiana,Big Ten,sacksOpponent,21,2026-09-29T20:12:41Z
2024,Indiana,Big Ten,tacklesForLoss,95,2026-09-29T20:12:41Z
2024,Indiana,Big Ten,tacklesForLossOpponent,59,2026-09-29T20:12:41Z
2024,Indiana,Big Ten,thirdDownConversions,68,2026-09-29T20:12:41Z
2024,Indiana,Big Ten,thirdDownConversionsOpponent,55,2026-09-29T20:12:41Z
2024,Indiana,Big Ten,thirdDowns,144,2026-09-29T20:12:41Z
2024,Indiana,Big Ten,thirdDownsOpponent,168,2026-09-29T20:12:41Z
2024,Indiana,Big Ten,totalYards,5558,2026-09-29T20:12:41Z
2024,Indiana,Big Ten,totalYardsOpponent,3332,2026-09-29T20:12:41Z
2024,Indiana,Big Ten,turnovers,9,2026-09-29T20:12:41Z
2024,Indiana,Big Ten,turnoversOpponent,24,2026-09-29T20:12:41Z
2024,Iowa,Big Ten,firstDowns,217,2026-09-29T20:12:41Z
2024,Iowa,Big Ten,firstDownsOpponent,230,2026-09-29T20:12:41Z
2024,Iowa,Big Ten,fourthDownConversions,3,2026-09-29T20:12:41Z
2024,Iowa,Big Ten,fourthDownConversionsOpponent,7,2026-09-29T20:12:41Z
2024,Iowa,Big Ten,fourthDowns,7,2026-09-29T20:12:41Z
2024,Iowa,Big Ten,fourthDownsOpponent,13,2026-09-29T20:12:41Z
2024,Iowa,Big Ten,fumblesLost,4,2026-09-29T20:12:41Z
2024,Iowa,Big Ten,fumblesLostOpponent,8,2026-09-29T20:12:41Z
2024,Iowa,Big Ten,fumblesRecovered,8,2026-09-29T20:12:41Z
2024,Iowa,Big Ten,fumblesRecoveredOpponent,4,2026-09-29T20:12:41Z
2024,Iowa,Big Ten,games,13,2026-09-29T20:12:41Z
2024,Iowa,Big Ten,interceptions,8,2026-09-29T20:12:41Z
2024,Iowa,Big Ten,interceptionsOpponent,16,2026-09-29T20:12:41Z
2024,Iowa,Big Ten,interceptionTDs,1,2026-09-29T20:12:41Z
2024,Iowa,Big Ten,interceptionTDsOpponent,1,2026-09-29T20:12:41Z
2024,Iowa,Big Ten,interceptionYards,140,2026-09-29T20:12:41Z
2024,Iowa,Big Ten,interceptionYardsOpponent,169,2026-09-29T20:12:41Z
2024,Iowa,Big Ten,kickReturns,29,2026-09-29T20:12:41Z
2024,Iowa,Big Ten,kickReturnsOpponent,23,2026-09-29T20:12:41Z
2024,Iowa,Big Ten,kickReturnTDs,1,2026-09-29T20:12:41Z
2024,Iowa,Big Ten,kickReturnTDsOpponent,0,2026-09-29T20:12:41Z
2024,Iowa,Big Ten,kickReturnYards,791,2026-09-29T20:12:41Z
2024,Iowa,Big Ten,kickReturnYardsOpponent,419,2026-09-29T20:12:41Z
2024,Iowa,Big Ten,netPassingYards,1710,2026-09-29T20:12:41Z
2024,Iowa,Big Ten,netPassingYardsOpponent,2640,2026-09-29T20:12:41Z
2024,Iowa,Big Ten,passAttempts,260,2026-09-29T20:12:41Z
2024,Iowa,Big Ten,passAttemptsOpponent,419,2026-09-29T20:12:41Z
2024,Iowa,Big Ten,passCompletions,163,2026-09-29T20:12:41Z
2024,Iowa,Big Ten,passCompletionsOpponent,260,2026-09-29T20:12:41Z
2024,Iowa,Big Ten,passesIntercepted,16,2026-09-29T20:12:41Z
2024,Iowa,Big Ten,passesInterceptedOpponent,8,2026-09-29T20:12:41Z
2024,Iowa,Big Ten,passingTDs,10,2026-09-29T20:12:41Z
2024,Iowa,Big Ten,passingTDsOpponent,20,2026-09-29T20:12:41Z
2024,Iowa,Big Ten,penalties,41,2026-09-29T20:12:41Z
2024,Iowa,Big Ten,penaltiesOpponent,74,2026-09-29T20:12:41Z
2024,Iowa,Big Ten,penaltyYards,388,2026-09-29T20:12:41Z
2024,Iowa,Big Ten,penaltyYardsOpponent,581,2026-09-29T20:12:41Z
2024,Iowa,Big Ten,possessionTime,22825,2026-09-29T20:12:41Z
2024,Iowa,Big Ten,possessionTimeOpponent,23975,2026-09-29T20:12:41Z
2024,Iowa,Big Ten,puntReturns,27,2026-09-29T20:12:41Z
2024,Iowa,Big Ten,puntReturnsOpponent,10,2026-09-29T20:12:41Z
2024,Iowa,Big Ten,puntReturnTDs,1,2026-09-29T20:12:41Z
2024,Iowa,Big Ten,puntReturnTDsOpponent,2,2026-09-29T20:12:41Z
2024,Iowa,Big Ten,puntReturnYards,327,2026-09-29T20:12:41Z
2024,Iowa,Big Ten,puntReturnYardsOpponent,152,2026-09-29T20:12:41Z
2024,Iowa,Big Ten,rushingAttempts,499,2026-09-29T20:12:41Z
2024,Iowa,Big Ten,rushingAttemptsOpponent,406,2026-09-29T20:12:41Z
2024,Iowa,Big Ten,rushingTDs,30,2026-09-29T20:12:41Z
2024,Iowa,Big Ten,rushingTDsOpponent,4,2026-09-29T20:12:41Z
2024,Iowa,Big Ten,rushingYards,2571,2026-09-29T20:12:41Z
2024,Iowa,Big Ten,rushingYardsOpponent,1499,2026-09-29T20:12:41Z
2024,Iowa,Big Ten,sacks,29,2026-09-29T20:12:41Z
2024,Iowa,Big Ten,sacksOpponent,17,2026-09-29T20:12:41Z
2024,Iowa,Big Ten,tacklesForLoss,64,2026-09-29T20:12:41Z
2024,Iowa,Big Ten,tacklesForLossOpponent,66,2026-09-29T20:12:41Z
2024,Iowa,Big Ten,thirdDownConversions,69,2026-09-29T20:12:41Z
2024,Iowa,Big Ten,thirdDownConversionsOpponent,63,2026-09-29T20:12:41Z
2024,Iowa,Big Ten,thirdDowns,168,2026-09-29T20:12:41Z
2024,Iowa,Big Ten,thirdDownsOpponent,174,2026-09-29T20:12:41Z
2024,Iowa,Big Ten,totalYards,4281,2026-09-29T20:12:41Z
2024,Iowa,Big Ten,totalYardsOpponent,4140,2026-09-29T20:12:41Z
2024,Iowa,Big Ten,turnovers,12,2026-09-29T20:12:41Z
2024,Iowa,Big Ten,turnoversOpponent,24,2026-09-29T20:12:41Z
2024,Iowa State,Big 12,firstDowns,316,2026-09-29T20:12:41Z
2024,Iowa State,Big 12,firstDownsOpponent,242,2026-09-29T20:12:41Z
2024,Iowa State,Big 12,fourthDownConversions,20,2026-09-29T20:12:41Z
2024,Iowa State,Big 12,fourthDownConversionsOpponent,12,2026-09-29T20:12:41Z
2024,Iowa State,Big 12,fourthDowns,25,2026-09-29T20:12:41Z
2024,Iowa State,Big 12,fourthDownsOpponent,22,2026-09-29T20:12:41Z
2024,Iowa State,Big 12,fumblesLost,5,2026-09-29T20:12:41Z
2024,Iowa State,Big 12,fumblesLostOpponent,9,2026-09-29T20:12:41Z
2024,Iowa State,Big 12,fumblesRecovered,9,2026-09-29T20:12:41Z
2024,Iowa State,Big 12,fumblesRecoveredOpponent,5,2026-09-29T20:12:41Z
2024,Iowa State,Big 12,games,14,2026-09-29T20:12:41Z
2024,Iowa State,Big 12,interceptions,10,2026-09-29T20:12:41Z
2024,Iowa State,Big 12,interceptionsOpponent,15,2026-09-29T20:12:41Z
2024,Iowa State,Big 12,interceptionTDs,0,2026-09-29T20:12:41Z
2024,Iowa State,Big 12,interceptionTDsOpponent,3,2026-09-29T20:12:41Z
2024,Iowa State,Big 12,interceptionYards,101,2026-09-29T20:12:41Z
2024,Iowa State,Big 12,interceptionYardsOpponent,298,2026-09-29T20:12:41Z
2024,Iowa State,Big 12,kickReturns,10,2026-09-29T20:12:41Z
2024,Iowa State,Big 12,kickReturnsOpponent,30,2026-09-29T20:12:41Z
2024,Iowa State,Big 12,kickReturnTDs,0,2026-09-29T20:12:41Z
2024,Iowa State,Big 12,kickReturnTDsOpponent,0,2026-09-29T20:12:41Z
2024,Iowa State,Big 12,kickReturnYards,203,2026-09-29T20:12:41Z
2024,Iowa State,Big 12,kickReturnYardsOpponent,619,2026-09-29T20:12:41Z
2024,Iowa State,Big 12,netPassingYards,3580,2026-09-29T20:12:41Z
2024,Iowa State,Big 12,netPassingYardsOpponent,2318,2026-09-29T20:12:41Z
2024,Iowa State,Big 12,passAttempts,472,2026-09-29T20:12:41Z
2024,Iowa State,Big 12,passAttemptsOpponent,373,2026-09-29T20:12:41Z
2024,Iowa State,Big 12,passCompletions,278,2026-09-29T20:12:41Z
2024,Iowa State,Big 12,passCompletionsOpponent,196,2026-09-29T20:12:41Z
2024,Iowa State,Big 12,passesIntercepted,15,2026-09-29T20:12:41Z
2024,Iowa State,Big 12,passesInterceptedOpponent,10,2026-09-29T20:12:41Z
2024,Iowa State,Big 12,passingTDs,25,2026-09-29T20:12:41Z
2024,Iowa State,Big 12,passingTDsOpponent,18,2026-09-29T20:12:41Z
2024,Iowa State,Big 12,penalties,53,2026-09-29T20:12:41Z
2024,Iowa State,Big 12,penaltiesOpponent,91,2026-09-29T20:12:41Z
2024,Iowa State,Big 12,penaltyYards,392,2026-09-29T20:12:41Z
2024,Iowa State,Big 12,penaltyYardsOpponent,781,2026-09-29T20:12:41Z
2024,Iowa State,Big 12,possessionTime,26864,2026-09-29T20:12:41Z
2024,Iowa State,Big 12,possessionTimeOpponent,23536,2026-09-29T20:12:41Z
2024,Iowa State,Big 12,puntReturns,15,2026-09-29T20:12:41Z
2024,Iowa State,Big 12,puntReturnsOpponent,13,2026-09-29T20:12:41Z
2024,Iowa State,Big 12,puntReturnTDs,1,2026-09-29T20:12:41Z
2024,Iowa State,Big 12,puntReturnTDsOpponent,1,2026-09-29T20:12:41Z
2024,Iowa State,Big 12,puntReturnYards,237,2026-09-29T20:12:41Z
2024,Iowa State,Big 12,puntReturnYardsOpponent,109,2026-09-29T20:12:41Z
2024,Iowa State,Big 12,rushingAttempts,512,2026-09-29T20:12:41Z
2024,Iowa State,Big 12,rushingAttemptsOpponent,491,2026-09-29T20:12:41Z
2024,Iowa State,Big 12,rushingTDs,27,2026-09-29T20:12:41Z
2024,Iowa State,Big 12,rushingTDsOpponent,19,2026-09-29T20:12:41Z
2024,Iowa State,Big 12,rushingYards,2248,2026-09-29T20:12:41Z
2024,Iowa State,Big 12,rushingYardsOpponent,2641,2026-09-29T20:12:41Z
2024,Iowa State,Big 12,sacks,15,2026-09-29T20:12:41Z
2024,Iowa State,Big 12,sacksOpponent,16,2026-09-29T20:12:41Z
2024,Iowa State,Big 12,tacklesForLoss,68,2026-09-29T20:12:41Z
2024,Iowa State,Big 12,tacklesForLossOpponent,68,2026-09-29T20:12:41Z
2024,Iowa State,Big 12,thirdDownConversions,85,2026-09-29T20:12:41Z
2024,Iowa State,Big 12,thirdDownConversionsOpponent,73,2026-09-29T20:12:41Z
2024,Iowa State,Big 12,thirdDowns,199,2026-09-29T20:12:41Z
2024,Iowa State,Big 12,thirdDownsOpponent,184,2026-09-29T20:12:41Z
2024,Iowa State,Big 12,totalYards,5828,2026-09-29T20:12:41Z
2024,Iowa State,Big 12,totalYardsOpponent,4959,2026-09-29T20:12:41Z
2024,Iowa State,Big 12,turnovers,15,2026-09-29T20:12:41Z
2024,Iowa State,Big 12,turnoversOpponent,24,2026-09-29T20:12:41Z
2024,Jacksonville State,Conference USA,firstDowns,318,2026-09-29T20:12:41Z
2024,Jacksonville State,Conference USA,firstDownsOpponent,304,2026-09-29T20:12:41Z
2024,Jacksonville State,Conference USA,fourthDownConversions,13,2026-09-29T20:12:41Z
2024,Jacksonville State,Conference USA,fourthDownConversionsOpponent,12,2026-09-29T20:12:41Z
2024,Jacksonville State,Conference USA,fourthDowns,24,2026-09-29T20:12:41Z
2024,Jacksonville State,Conference USA,fourthDownsOpponent,27,2026-09-29T20:12:41Z
2024,Jacksonville State,Conference USA,fumblesLost,8,2026-09-29T20:12:41Z
2024,Jacksonville State,Conference USA,fumblesLostOpponent,12,2026-09-29T20:12:41Z
2024,Jacksonville State,Conference USA,fumblesRecovered,11,2026-09-29T20:12:41Z
2024,Jacksonville State,Conference USA,fumblesRecoveredOpponent,8,2026-09-29T20:12:41Z
2024,Jacksonville State,Conference USA,games,14,2026-09-29T20:12:41Z
2024,Jacksonville State,Conference USA,interceptions,7,2026-09-29T20:12:41Z
2024,Jacksonville State,Conference USA,interceptionsOpponent,12,2026-09-29T20:12:41Z
2024,Jacksonville State,Conference USA,interceptionTDs,1,2026-09-29T20:12:41Z
2024,Jacksonville State,Conference USA,interceptionTDsOpponent,0,2026-09-29T20:12:41Z
2024,Jacksonville State,Conference USA,interceptionYards,89,2026-09-29T20:12:41Z
2024,Jacksonville State,Conference USA,interceptionYardsOpponent,48,2026-09-29T20:12:41Z
2024,Jacksonville State,Conference USA,kickReturns,7,2026-09-29T20:12:41Z
2024,Jacksonville State,Conference USA,kickReturnsOpponent,51,2026-09-29T20:12:41Z
2024,Jacksonville State,Conference USA,kickReturnTDs,0,2026-09-29T20:12:41Z
2024,Jacksonville State,Conference USA,kickReturnTDsOpponent,1,2026-09-29T20:12:41Z
2024,Jacksonville State,Conference USA,kickReturnYards,146,2026-09-29T20:12:41Z
2024,Jacksonville State,Conference USA,kickReturnYardsOpponent,1071,2026-09-29T20:12:41Z
2024,Jacksonville State,Conference USA,netPassingYards,2666,2026-09-29T20:12:41Z
2024,Jacksonville State,Conference USA,netPassingYardsOpponent,3055,2026-09-29T20:12:41Z
2024,Jacksonville State,Conference USA,passAttempts,314,2026-09-29T20:12:41Z
2024,Jacksonville State,Conference USA,passAttemptsOpponent,408,2026-09-29T20:12:41Z
2024,Jacksonville State,Conference USA,passCompletions,189,2026-09-29T20:12:41Z
2024,Jacksonville State,Conference USA,passCompletionsOpponent,247,2026-09-29T20:12:41Z
2024,Jacksonville State,Conference USA,passesIntercepted,12,2026-09-29T20:12:41Z
2024,Jacksonville State,Conference USA,passesInterceptedOpponent,7,2026-09-29T20:12:41Z
2024,Jacksonville State,Conference USA,passingTDs,14,2026-09-29T20:12:41Z
2024,Jacksonville State,Conference USA,passingTDsOpponent,21,2026-09-29T20:12:41Z
2024,Jacksonville State,Conference USA,penalties,83,2026-09-29T20:12:41Z
2024,Jacksonville State,Conference USA,penaltiesOpponent,86,2026-09-29T20:12:41Z
2024,Jacksonville State,Conference USA,penaltyYards,808,2026-09-29T20:12:41Z
2024,Jacksonville State,Conference USA,penaltyYardsOpponent,796,2026-09-29T20:12:41Z
2024,Jacksonville State,Conference USA,possessionTime,22648,2026-09-29T20:12:41Z
2024,Jacksonville State,Conference USA,possessionTimeOpponent,27752,2026-09-29T20:12:41Z
2024,Jacksonville State,Conference USA,puntReturns,18,2026-09-29T20:12:41Z
2024,Jacksonville State,Conference USA,puntReturnsOpponent,15,2026-09-29T20:12:41Z
2024,Jacksonville State,Conference USA,puntReturnTDs,0,2026-09-29T20:12:41Z
2024,Jacksonville State,Conference USA,puntReturnTDsOpponent,0,2026-09-29T20:12:41Z
2024,Jacksonville State,Conference USA,puntReturnYards,82,2026-09-29T20:12:41Z
2024,Jacksonville State,Conference USA,puntReturnYardsOpponent,51,2026-09-29T20:12:41Z
2024,Jacksonville State,Conference USA,rushingAttempts,645,2026-09-29T20:12:41Z
2024,Jacksonville State,Conference USA,rushingAttemptsOpponent,571,2026-09-29T20:12:41Z
2024,Jacksonville State,Conference USA,rushingTDs,51,2026-09-29T20:12:41Z
2024,Jacksonville State,Conference USA,rushingTDsOpponent,21,2026-09-29T20:12:41Z
2024,Jacksonville State,Conference USA,rushingYards,3545,2026-09-29T20:12:41Z
2024,Jacksonville State,Conference USA,rushingYardsOpponent,2455,2026-09-29T20:12:41Z
2024,Jacksonville State,Conference USA,sacks,24,2026-09-29T20:12:41Z
2024,Jacksonville State,Conference USA,sacksOpponent,22,2026-09-29T20:12:41Z
2024,Jacksonville State,Conference USA,tacklesForLoss,82,2026-09-29T20:12:41Z
2024,Jacksonville State,Conference USA,tacklesForLossOpponent,62,2026-09-29T20:12:41Z
2024,Jacksonville State,Conference USA,thirdDownConversions,72,2026-09-29T20:12:41Z
2024,Jacksonville State,Conference USA,thirdDownConversionsOpponent,82,2026-09-29T20:12:41Z
2024,Jacksonville State,Conference USA,thirdDowns,176,2026-09-29T20:12:41Z
2024,Jacksonville State,Conference USA,thirdDownsOpponent,196,2026-09-29T20:12:41Z
2024,Jacksonville State,Conference USA,totalYards,6211,2026-09-29T20:12:41Z
2024,Jacksonville State,Conference USA,totalYardsOpponent,5510,2026-09-29T20:12:41Z
2024,Jacksonville State,Conference USA,turnovers,15,2026-09-29T20:12:41Z
2024,Jacksonville State,Conference USA,turnoversOpponent,24,2026-09-29T20:12:41Z
2024,James Madison,Sun Belt,firstDowns,270,2026-09-29T20:12:41Z
2024,James Madison,Sun Belt,firstDownsOpponent,227,2026-09-29T20:12:41Z
2024,James Madison,Sun Belt,fourthDownConversions,12,2026-09-29T20:12:41Z
2024,James Madison,Sun Belt,fourthDownConversionsOpponent,17,2026-09-29T20:12:41Z
2024,James Madison,Sun Belt,fourthDowns,30,2026-09-29T20:12:41Z
2024,James Madison,Sun Belt,fourthDownsOpponent,33,2026-09-29T20:12:41Z
2024,James Madison,Sun Belt,fumblesLost,5,2026-09-29T20:12:41Z
2024,James Madison,Sun Belt,fumblesLostOpponent,12,2026-09-29T20:12:41Z
2024,James Madison,Sun Belt,fumblesRecovered,14,2026-09-29T20:12:41Z
2024,James Madison,Sun Belt,fumblesRecoveredOpponent,5,2026-09-29T20:12:41Z
2024,James Madison,Sun Belt,games,13,2026-09-29T20:12:41Z
2024,James Madison,Sun Belt,interceptions,4,2026-09-29T20:12:41Z
2024,James Madison,Sun Belt,interceptionsOpponent,17,2026-09-29T20:12:41Z
2024,James Madison,Sun Belt,interceptionTDs,4,2026-09-29T20:12:41Z
2024,James Madison,Sun Belt,interceptionTDsOpponent,1,2026-09-29T20:12:41Z
2024,James Madison,Sun Belt,interceptionYards,265,2026-09-29T20:12:41Z
2024,James Madison,Sun Belt,interceptionYardsOpponent,34,2026-09-29T20:12:41Z
2024,James Madison,Sun Belt,kickReturns,21,2026-09-29T20:12:41Z
2024,James Madison,Sun Belt,kickReturnsOpponent,23,2026-09-29T20:12:41Z
2024,James Madison,Sun Belt,kickReturnTDs,1,2026-09-29T20:12:41Z
2024,James Madison,Sun Belt,kickReturnTDsOpponent,0,2026-09-29T20:12:41Z
2024,James Madison,Sun Belt,kickReturnYards,518,2026-09-29T20:12:41Z
2024,James Madison,Sun Belt,kickReturnYardsOpponent,522,2026-09-29T20:12:41Z
2024,James Madison,Sun Belt,netPassingYards,2807,2026-09-29T20:12:41Z
2024,James Madison,Sun Belt,netPassingYardsOpponent,2683,2026-09-29T20:12:41Z
2024,James Madison,Sun Belt,passAttempts,381,2026-09-29T20:12:41Z
2024,James Madison,Sun Belt,passAttemptsOpponent,429,2026-09-29T20:12:41Z
2024,James Madison,Sun Belt,passCompletions,231,2026-09-29T20:12:41Z
2024,James Madison,Sun Belt,passCompletionsOpponent,234,2026-09-29T20:12:41Z
2024,James Madison,Sun Belt,passesIntercepted,17,2026-09-29T20:12:41Z
2024,James Madison,Sun Belt,passesInterceptedOpponent,4,2026-09-29T20:12:41Z
2024,James Madison,Sun Belt,passingTDs,28,2026-09-29T20:12:41Z
2024,James Madison,Sun Belt,passingTDsOpponent,16,2026-09-29T20:12:41Z
2024,James Madison,Sun Belt,penalties,91,2026-09-29T20:12:41Z
2024,James Madison,Sun Belt,penaltiesOpponent,68,2026-09-29T20:12:41Z
2024,James Madison,Sun Belt,penaltyYards,712,2026-09-29T20:12:41Z
2024,James Madison,Sun Belt,penaltyYardsOpponent,587,2026-09-29T20:12:41Z
2024,James Madison,Sun Belt,possessionTime,24808,2026-09-29T20:12:41Z
2024,James Madison,Sun Belt,possessionTimeOpponent,21992,2026-09-29T20:12:41Z
2024,James Madison,Sun Belt,puntReturns,23,2026-09-29T20:12:41Z
2024,James Madison,Sun Belt,puntReturnsOpponent,20,2026-09-29T20:12:41Z
2024,James Madison,Sun Belt,puntReturnTDs,1,2026-09-29T20:12:41Z
2024,James Madison,Sun Belt,puntReturnTDsOpponent,2,2026-09-29T20:12:41Z
2024,James Madison,Sun Belt,puntReturnYards,205,2026-09-29T20:12:41Z
2024,James Madison,Sun Belt,puntReturnYardsOpponent,187,2026-09-29T20:12:41Z
2024,James Madison,Sun Belt,rushingAttempts,519,2026-09-29T20:12:41Z
2024,James Madison,Sun Belt,rushingAttemptsOpponent,429,2026-09-29T20:12:41Z
2024,James Madison,Sun Belt,rushingTDs,20,2026-09-29T20:12:41Z
2024,James Madison,Sun Belt,rushingTDsOpponent,13,2026-09-29T20:12:41Z
2024,James Madison,Sun Belt,rushingYards,2516,2026-09-29T20:12:41Z
2024,James Madison,Sun Belt,rushingYardsOpponent,1501,2026-09-29T20:12:41Z
2024,James Madison,Sun Belt,sacks,41,2026-09-29T20:12:41Z
2024,James Madison,Sun Belt,sacksOpponent,33,2026-09-29T20:12:41Z
2024,James Madison,Sun Belt,tacklesForLoss,92,2026-09-29T20:12:41Z
2024,James Madison,Sun Belt,tacklesForLossOpponent,73,2026-09-29T20:12:41Z
2024,James Madison,Sun Belt,thirdDownConversions,75,2026-09-29T20:12:41Z
2024,James Madison,Sun Belt,thirdDownConversionsOpponent,61,2026-09-29T20:12:41Z
2024,James Madison,Sun Belt,thirdDowns,185,2026-09-29T20:12:41Z
2024,James Madison,Sun Belt,thirdDownsOpponent,187,2026-09-29T20:12:41Z
2024,James Madison,Sun Belt,totalYards,5323,2026-09-29T20:12:41Z
2024,James Madison,Sun Belt,totalYardsOpponent,4184,2026-09-29T20:12:41Z
2024,James Madison,Sun Belt,turnovers,9,2026-09-29T20:12:41Z
2024,James Madison,Sun Belt,turnoversOpponent,29,2026-09-29T20:12:41Z
2024,Kansas,Big 12,firstDowns,258,2026-09-29T20:12:41Z
2024,Kansas,Big 12,firstDownsOpponent,255,2026-09-29T20:12:41Z
2024,Kansas,Big 12,fourthDownConversions,10,2026-09-29T20:12:41Z
2024,Kansas,Big 12,fourthDownConversionsOpponent,11,2026-09-29T20:12:41Z
2024,Kansas,Big 12,fourthDowns,15,2026-09-29T20:12:41Z
2024,Kansas,Big 12,fourthDownsOpponent,19,2026-09-29T20:12:41Z
2024,Kansas,Big 12,fumblesLost,5,2026-09-29T20:12:41Z
2024,Kansas,Big 12,fumblesLostOpponent,5,2026-09-29T20:12:41Z
2024,Kansas,Big 12,fumblesRecovered,5,2026-09-29T20:12:41Z
2024,Kansas,Big 12,fumblesRecoveredOpponent,5,2026-09-29T20:12:41Z
2024,Kansas,Big 12,games,12,2026-09-29T20:12:41Z
2024,Kansas,Big 12,interceptions,12,2026-09-29T20:12:41Z
2024,Kansas,Big 12,interceptionsOpponent,12,2026-09-29T20:12:41Z
2024,Kansas,Big 12,interceptionTDs,2,2026-09-29T20:12:41Z
2024,Kansas,Big 12,interceptionTDsOpponent,1,2026-09-29T20:12:41Z
2024,Kansas,Big 12,interceptionYards,120,2026-09-29T20:12:41Z
2024,Kansas,Big 12,interceptionYardsOpponent,193,2026-09-29T20:12:41Z
2024,Kansas,Big 12,kickReturns,27,2026-09-29T20:12:41Z
2024,Kansas,Big 12,kickReturnsOpponent,14,2026-09-29T20:12:41Z
2024,Kansas,Big 12,kickReturnTDs,0,2026-09-29T20:12:41Z
2024,Kansas,Big 12,kickReturnTDsOpponent,0,2026-09-29T20:12:41Z
2024,Kansas,Big 12,kickReturnYards,445,2026-09-29T20:12:41Z
2024,Kansas,Big 12,kickReturnYardsOpponent,305,2026-09-29T20:12:41Z
2024,Kansas,Big 12,netPassingYards,2505,2026-09-29T20:12:41Z
2024,Kansas,Big 12,netPassingYardsOpponent,2869,2026-09-29T20:12:41Z
2024,Kansas,Big 12,passAttempts,306,2026-09-29T20:12:41Z
2024,Kansas,Big 12,passAttemptsOpponent,360,2026-09-29T20:12:41Z
2024,Kansas,Big 12,passCompletions,176,2026-09-29T20:12:41Z
2024,Kansas,Big 12,passCompletionsOpponent,227,2026-09-29T20:12:41Z
2024,Kansas,Big 12,passesIntercepted,12,2026-09-29T20:12:41Z
2024,Kansas,Big 12,passesInterceptedOpponent,12,2026-09-29T20:12:41Z
2024,Kansas,Big 12,passingTDs,15,2026-09-29T20:12:41Z
2024,Kansas,Big 12,passingTDsOpponent,25,2026-09-29T20:12:41Z
2024,Kansas,Big 12,penalties,54,2026-09-29T20:12:41Z
2024,Kansas,Big 12,penaltiesOpponent,54,2026-09-29T20:12:41Z
2024,Kansas,Big 12,penaltyYards,461,2026-09-29T20:12:41Z
2024,Kansas,Big 12,penaltyYardsOpponent,489,2026-09-29T20:12:41Z
2024,Kansas,Big 12,possessionTime,22253,2026-09-29T20:12:41Z
2024,Kansas,Big 12,possessionTimeOpponent,20947,2026-09-29T20:12:41Z
2024,Kansas,Big 12,puntReturns,8,2026-09-29T20:12:41Z
2024,Kansas,Big 12,puntReturnsOpponent,12,2026-09-29T20:12:41Z
2024,Kansas,Big 12,puntReturnTDs,0,2026-09-29T20:12:41Z
2024,Kansas,Big 12,puntReturnTDsOpponent,1,2026-09-29T20:12:41Z
2024,Kansas,Big 12,puntReturnYards,55,2026-09-29T20:12:41Z
2024,Kansas,Big 12,puntReturnYardsOpponent,178,2026-09-29T20:12:41Z
2024,Kansas,Big 12,rushingAttempts,453,2026-09-29T20:12:41Z
2024,Kansas,Big 12,rushingAttemptsOpponent,404,2026-09-29T20:12:41Z
2024,Kansas,Big 12,rushingTDs,29,2026-09-29T20:12:41Z
2024,Kansas,Big 12,rushingTDsOpponent,10,2026-09-29T20:12:41Z
2024,Kansas,Big 12,rushingYards,2552,2026-09-29T20:12:41Z
2024,Kansas,Big 12,rushingYardsOpponent,1855,2026-09-29T20:12:41Z
2024,Kansas,Big 12,sacks,27,2026-09-29T20:12:41Z
2024,Kansas,Big 12,sacksOpponent,10,2026-09-29T20:12:41Z
2024,Kansas,Big 12,tacklesForLoss,69,2026-09-29T20:12:41Z
2024,Kansas,Big 12,tacklesForLossOpponent,46,2026-09-29T20:12:41Z
2024,Kansas,Big 12,thirdDownConversions,75,2026-09-29T20:12:41Z
2024,Kansas,Big 12,thirdDownConversionsOpponent,67,2026-09-29T20:12:41Z
2024,Kansas,Big 12,thirdDowns,148,2026-09-29T20:12:41Z
2024,Kansas,Big 12,thirdDownsOpponent,152,2026-09-29T20:12:41Z
2024,Kansas,Big 12,totalYards,5057,2026-09-29T20:12:41Z
2024,Kansas,Big 12,totalYardsOpponent,4724,2026-09-29T20:12:41Z
2024,Kansas,Big 12,turnovers,17,2026-09-29T20:12:41Z
2024,Kansas,Big 12,turnoversOpponent,17,2026-09-29T20:12:41Z
2024,Kansas State,Big 12,firstDowns,263,2026-09-29T20:12:41Z
2024,Kansas State,Big 12,firstDownsOpponent,243,2026-09-29T20:12:41Z
2024,Kansas State,Big 12,fourthDownConversions,15,2026-09-29T20:12:41Z
2024,Kansas State,Big 12,fourthDownConversionsOpponent,9,2026-09-29T20:12:41Z
2024,Kansas State,Big 12,fourthDowns,26,2026-09-29T20:12:41Z
2024,Kansas State,Big 12,fourthDownsOpponent,29,2026-09-29T20:12:41Z
2024,Kansas State,Big 12,fumblesLost,6,2026-09-29T20:12:41Z
2024,Kansas State,Big 12,fumblesLostOpponent,4,2026-09-29T20:12:41Z
2024,Kansas State,Big 12,fumblesRecovered,5,2026-09-29T20:12:41Z
2024,Kansas State,Big 12,fumblesRecoveredOpponent,8,2026-09-29T20:12:41Z
2024,Kansas State,Big 12,games,13,2026-09-29T20:12:41Z
2024,Kansas State,Big 12,interceptions,10,2026-09-29T20:12:41Z
2024,Kansas State,Big 12,interceptionsOpponent,10,2026-09-29T20:12:41Z
2024,Kansas State,Big 12,interceptionTDs,1,2026-09-29T20:12:41Z
2024,Kansas State,Big 12,interceptionTDsOpponent,0,2026-09-29T20:12:41Z
2024,Kansas State,Big 12,interceptionYards,162,2026-09-29T20:12:41Z
2024,Kansas State,Big 12,interceptionYardsOpponent,122,2026-09-29T20:12:41Z
2024,Kansas State,Big 12,kickReturns,28,2026-09-29T20:12:41Z
2024,Kansas State,Big 12,kickReturnsOpponent,22,2026-09-29T20:12:41Z
2024,Kansas State,Big 12,kickReturnTDs,0,2026-09-29T20:12:41Z
2024,Kansas State,Big 12,kickReturnTDsOpponent,0,2026-09-29T20:12:41Z
2024,Kansas State,Big 12,kickReturnYards,552,2026-09-29T20:12:41Z
2024,Kansas State,Big 12,kickReturnYardsOpponent,482,2026-09-29T20:12:41Z
2024,Kansas State,Big 12,netPassingYards,2748,2026-09-29T20:12:41Z
2024,Kansas State,Big 12,netPassingYardsOpponent,2921,2026-09-29T20:12:41Z
2024,Kansas State,Big 12,passAttempts,381,2026-09-29T20:12:41Z
2024,Kansas State,Big 12,passAttemptsOpponent,416,2026-09-29T20:12:41Z
2024,Kansas State,Big 12,passCompletions,222,2026-09-29T20:12:41Z
2024,Kansas State,Big 12,passCompletionsOpponent,244,2026-09-29T20:12:41Z
2024,Kansas State,Big 12,passesIntercepted,10,2026-09-29T20:12:41Z
2024,Kansas State,Big 12,passesInterceptedOpponent,10,2026-09-29T20:12:41Z
2024,Kansas State,Big 12,passingTDs,25,2026-09-29T20:12:41Z
2024,Kansas State,Big 12,passingTDsOpponent,20,2026-09-29T20:12:41Z
2024,Kansas State,Big 12,penalties,70,2026-09-29T20:12:41Z
2024,Kansas State,Big 12,penaltiesOpponent,59,2026-09-29T20:12:41Z
2024,Kansas State,Big 12,penaltyYards,584,2026-09-29T20:12:41Z
2024,Kansas State,Big 12,penaltyYardsOpponent,459,2026-09-29T20:12:41Z
2024,Kansas State,Big 12,possessionTime,22736,2026-09-29T20:12:41Z
2024,Kansas State,Big 12,possessionTimeOpponent,24056,2026-09-29T20:12:41Z
2024,Kansas State,Big 12,puntReturns,15,2026-09-29T20:12:41Z
2024,Kansas State,Big 12,puntReturnsOpponent,13,2026-09-29T20:12:41Z
2024,Kansas State,Big 12,puntReturnTDs,2,2026-09-29T20:12:41Z
2024,Kansas State,Big 12,puntReturnTDsOpponent,1,2026-09-29T20:12:41Z
2024,Kansas State,Big 12,puntReturnYards,158,2026-09-29T20:12:41Z
2024,Kansas State,Big 12,puntReturnYardsOpponent,219,2026-09-29T20:12:41Z
2024,Kansas State,Big 12,rushingAttempts,451,2026-09-29T20:12:41Z
2024,Kansas State,Big 12,rushingAttemptsOpponent,431,2026-09-29T20:12:41Z
2024,Kansas State,Big 12,rushingTDs,21,2026-09-29T20:12:41Z
2024,Kansas State,Big 12,rushingTDsOpponent,15,2026-09-29T20:12:41Z
2024,Kansas State,Big 12,rushingYards,2821,2026-09-29T20:12:41Z
2024,Kansas State,Big 12,rushingYardsOpponent,1554,2026-09-29T20:12:41Z
2024,Kansas State,Big 12,sacks,35,2026-09-29T20:12:41Z
2024,Kansas State,Big 12,sacksOpponent,13,2026-09-29T20:12:41Z
2024,Kansas State,Big 12,tacklesForLoss,84,2026-09-29T20:12:41Z
2024,Kansas State,Big 12,tacklesForLossOpponent,50,2026-09-29T20:12:41Z
2024,Kansas State,Big 12,thirdDownConversions,70,2026-09-29T20:12:41Z
2024,Kansas State,Big 12,thirdDownConversionsOpponent,68,2026-09-29T20:12:41Z
2024,Kansas State,Big 12,thirdDowns,170,2026-09-29T20:12:41Z
2024,Kansas State,Big 12,thirdDownsOpponent,180,2026-09-29T20:12:41Z
2024,Kansas State,Big 12,totalYards,5569,2026-09-29T20:12:41Z
2024,Kansas State,Big 12,totalYardsOpponent,4475,2026-09-29T20:12:41Z
2024,Kansas State,Big 12,turnovers,16,2026-09-29T20:12:41Z
2024,Kansas State,Big 12,turnoversOpponent,14,2026-09-29T20:12:41Z
2024,Kennesaw State,Conference USA,firstDowns,164,2026-09-29T20:12:41Z
2024,Kennesaw State,Conference USA,firstDownsOpponent,254,2026-09-29T20:12:41Z
2024,Kennesaw State,Conference USA,fourthDownConversions,7,2026-09-29T20:12:41Z
2024,Kennesaw State,Conference USA,fourthDownConversionsOpponent,13,2026-09-29T20:12:41Z
2024,Kennesaw State,Conference USA,fourthDowns,18,2026-09-29T20:12:41Z
2024,Kennesaw State,Conference USA,fourthDownsOpponent,22,2026-09-29T20:12:41Z
2024,Kennesaw State,Conference USA,fumblesLost,4,2026-09-29T20:12:41Z
2024,Kennesaw State,Conference USA,fumblesLostOpponent,8,2026-09-29T20:12:41Z
2024,Kennesaw State,Conference USA,fumblesRecovered,8,2026-09-29T20:12:41Z
2024,Kennesaw State,Conference USA,fumblesRecoveredOpponent,4,2026-09-29T20:12:41Z
2024,Kennesaw State,Conference USA,games,12,2026-09-29T20:12:41Z
2024,Kennesaw State,Conference USA,interceptions,14,2026-09-29T20:12:41Z
2024,Kennesaw State,Conference USA,interceptionsOpponent,4,2026-09-29T20:12:41Z
2024,Kennesaw State,Conference USA,interceptionTDs,1,2026-09-29T20:12:41Z
2024,Kennesaw State,Conference USA,interceptionTDsOpponent,2,2026-09-29T20:12:41Z
2024,Kennesaw State,Conference USA,interceptionYards,55,2026-09-29T20:12:41Z
2024,Kennesaw State,Conference USA,interceptionYardsOpponent,137,2026-09-29T20:12:41Z
2024,Kennesaw State,Conference USA,kickReturns,41,2026-09-29T20:12:41Z
2024,Kennesaw State,Conference USA,kickReturnsOpponent,23,2026-09-29T20:12:41Z
2024,Kennesaw State,Conference USA,kickReturnTDs,2,2026-09-29T20:12:41Z
2024,Kennesaw State,Conference USA,kickReturnTDsOpponent,0,2026-09-29T20:12:41Z
2024,Kennesaw State,Conference USA,kickReturnYards,989,2026-09-29T20:12:41Z
2024,Kennesaw State,Conference USA,kickReturnYardsOpponent,519,2026-09-29T20:12:41Z
2024,Kennesaw State,Conference USA,netPassingYards,1635,2026-09-29T20:12:41Z
2024,Kennesaw State,Conference USA,netPassingYardsOpponent,2844,2026-09-29T20:12:41Z
2024,Kennesaw State,Conference USA,passAttempts,297,2026-09-29T20:12:41Z
2024,Kennesaw State,Conference USA,passAttemptsOpponent,361,2026-09-29T20:12:41Z
2024,Kennesaw State,Conference USA,passCompletions,156,2026-09-29T20:12:41Z
2024,Kennesaw State,Conference USA,passCompletionsOpponent,244,2026-09-29T20:12:41Z
2024,Kennesaw State,Conference USA,passesIntercepted,4,2026-09-29T20:12:41Z
2024,Kennesaw State,Conference USA,passesInterceptedOpponent,14,2026-09-29T20:12:41Z
2024,Kennesaw State,Conference USA,passingTDs,6,2026-09-29T20:12:41Z
2024,Kennesaw State,Conference USA,passingTDsOpponent,21,2026-09-29T20:12:41Z
2024,Kennesaw State,Conference USA,penalties,67,2026-09-29T20:12:41Z
2024,Kennesaw State,Conference USA,penaltiesOpponent,64,2026-09-29T20:12:41Z
2024,Kennesaw State,Conference USA,penaltyYards,556,2026-09-29T20:12:41Z
2024,Kennesaw State,Conference USA,penaltyYardsOpponent,605,2026-09-29T20:12:41Z
2024,Kennesaw State,Conference USA,possessionTime,21128,2026-09-29T20:12:41Z
2024,Kennesaw State,Conference USA,possessionTimeOpponent,22072,2026-09-29T20:12:41Z
2024,Kennesaw State,Conference USA,puntReturns,15,2026-09-29T20:12:41Z
2024,Kennesaw State,Conference USA,puntReturnsOpponent,32,2026-09-29T20:12:41Z
2024,Kennesaw State,Conference USA,puntReturnTDs,0,2026-09-29T20:12:41Z
2024,Kennesaw State,Conference USA,puntReturnTDsOpponent,1,2026-09-29T20:12:41Z
2024,Kennesaw State,Conference USA,puntReturnYards,107,2026-09-29T20:12:41Z
2024,Kennesaw State,Conference USA,puntReturnYardsOpponent,357,2026-09-29T20:12:41Z
2024,Kennesaw State,Conference USA,rushingAttempts,449,2026-09-29T20:12:41Z
2024,Kennesaw State,Conference USA,rushingAttemptsOpponent,448,2026-09-29T20:12:41Z
2024,Kennesaw State,Conference USA,rushingTDs,13,2026-09-29T20:12:41Z
2024,Kennesaw State,Conference USA,rushingTDsOpponent,25,2026-09-29T20:12:41Z
2024,Kennesaw State,Conference USA,rushingYards,1386,2026-09-29T20:12:41Z
2024,Kennesaw State,Conference USA,rushingYardsOpponent,2134,2026-09-29T20:12:41Z
2024,Kennesaw State,Conference USA,sacks,22,2026-09-29T20:12:41Z
2024,Kennesaw State,Conference USA,sacksOpponent,18,2026-09-29T20:12:41Z
2024,Kennesaw State,Conference USA,tacklesForLoss,58,2026-09-29T20:12:41Z
2024,Kennesaw State,Conference USA,tacklesForLossOpponent,69,2026-09-29T20:12:41Z
2024,Kennesaw State,Conference USA,thirdDownConversions,66,2026-09-29T20:12:41Z
2024,Kennesaw State,Conference USA,thirdDownConversionsOpponent,67,2026-09-29T20:12:41Z
2024,Kennesaw State,Conference USA,thirdDowns,187,2026-09-29T20:12:41Z
2024,Kennesaw State,Conference USA,thirdDownsOpponent,165,2026-09-29T20:12:41Z
2024,Kennesaw State,Conference USA,totalYards,3021,2026-09-29T20:12:41Z
2024,Kennesaw State,Conference USA,totalYardsOpponent,4978,2026-09-29T20:12:41Z
2024,Kennesaw State,Conference USA,turnovers,18,2026-09-29T20:12:41Z
2024,Kennesaw State,Conference USA,turnoversOpponent,12,2026-09-29T20:12:41Z
2024,Kent State,Mid-American,firstDowns,155,2026-09-29T20:12:41Z
2024,Kent State,Mid-American,firstDownsOpponent,317,2026-09-29T20:12:41Z
2024,Kent State,Mid-American,fourthDownConversions,8,2026-09-29T20:12:41Z
2024,Kent State,Mid-American,fourthDownConversionsOpponent,8,2026-09-29T20:12:41Z
2024,Kent State,Mid-American,fourthDowns,21,2026-09-29T20:12:41Z
2024,Kent State,Mid-American,fourthDownsOpponent,16,2026-09-29T20:12:41Z
2024,Kent State,Mid-American,fumblesLost,7,2026-09-29T20:12:41Z
2024,Kent State,Mid-American,fumblesLostOpponent,7,2026-09-29T20:12:41Z
2024,Kent State,Mid-American,fumblesRecovered,7,2026-09-29T20:12:41Z
2024,Kent State,Mid-American,fumblesRecoveredOpponent,7,2026-09-29T20:12:41Z
2024,Kent State,Mid-American,games,12,2026-09-29T20:12:41Z
2024,Kent State,Mid-American,interceptions,13,2026-09-29T20:12:41Z
2024,Kent State,Mid-American,interceptionsOpponent,4,2026-09-29T20:12:41Z
2024,Kent State,Mid-American,interceptionTDs,0,2026-09-29T20:12:41Z
2024,Kent State,Mid-American,interceptionTDsOpponent,0,2026-09-29T20:12:41Z
2024,Kent State,Mid-American,interceptionYards,73,2026-09-29T20:12:41Z
2024,Kent State,Mid-American,interceptionYardsOpponent,76,2026-09-29T20:12:41Z
2024,Kent State,Mid-American,kickReturns,33,2026-09-29T20:12:41Z
2024,Kent State,Mid-American,kickReturnsOpponent,15,2026-09-29T20:12:41Z
2024,Kent State,Mid-American,kickReturnTDs,0,2026-09-29T20:12:41Z
2024,Kent State,Mid-American,kickReturnTDsOpponent,1,2026-09-29T20:12:41Z
2024,Kent State,Mid-American,kickReturnYards,613,2026-09-29T20:12:41Z
2024,Kent State,Mid-American,kickReturnYardsOpponent,376,2026-09-29T20:12:41Z
2024,Kent State,Mid-American,netPassingYards,1865,2026-09-29T20:12:41Z
2024,Kent State,Mid-American,netPassingYardsOpponent,3010,2026-09-29T20:12:41Z
2024,Kent State,Mid-American,passAttempts,294,2026-09-29T20:12:41Z
2024,Kent State,Mid-American,passAttemptsOpponent,345,2026-09-29T20:12:41Z
2024,Kent State,Mid-American,passCompletions,139,2026-09-29T20:12:41Z
2024,Kent State,Mid-American,passCompletionsOpponent,225,2026-09-29T20:12:41Z
2024,Kent State,Mid-American,passesIntercepted,4,2026-09-29T20:12:41Z
2024,Kent State,Mid-American,passesInterceptedOpponent,13,2026-09-29T20:12:41Z
2024,Kent State,Mid-American,passingTDs,18,2026-09-29T20:12:41Z
2024,Kent State,Mid-American,passingTDsOpponent,27,2026-09-29T20:12:41Z
2024,Kent State,Mid-American,penalties,58,2026-09-29T20:12:41Z
2024,Kent State,Mid-American,penaltiesOpponent,72,2026-09-29T20:12:41Z
2024,Kent State,Mid-American,penaltyYards,428,2026-09-29T20:12:41Z
2024,Kent State,Mid-American,penaltyYardsOpponent,680,2026-09-29T20:12:41Z
2024,Kent State,Mid-American,possessionTime,19345,2026-09-29T20:12:41Z
2024,Kent State,Mid-American,possessionTimeOpponent,23855,2026-09-29T20:12:41Z
2024,Kent State,Mid-American,puntReturns,4,2026-09-29T20:12:41Z
2024,Kent State,Mid-American,puntReturnsOpponent,26,2026-09-29T20:12:41Z
2024,Kent State,Mid-American,puntReturnTDs,0,2026-09-29T20:12:41Z
2024,Kent State,Mid-American,puntReturnTDsOpponent,2,2026-09-29T20:12:41Z
2024,Kent State,Mid-American,puntReturnYards,45,2026-09-29T20:12:41Z
2024,Kent State,Mid-American,puntReturnYardsOpponent,420,2026-09-29T20:12:41Z
2024,Kent State,Mid-American,rushingAttempts,388,2026-09-29T20:12:41Z
2024,Kent State,Mid-American,rushingAttemptsOpponent,537,2026-09-29T20:12:41Z
2024,Kent State,Mid-American,rushingTDs,3,2026-09-29T20:12:41Z
2024,Kent State,Mid-American,rushingTDsOpponent,36,2026-09-29T20:12:41Z
2024,Kent State,Mid-American,rushingYards,930,2026-09-29T20:12:41Z
2024,Kent State,Mid-American,rushingYardsOpponent,3182,2026-09-29T20:12:41Z
2024,Kent State,Mid-American,sacks,18,2026-09-29T20:12:41Z
2024,Kent State,Mid-American,sacksOpponent,43,2026-09-29T20:12:41Z
2024,Kent State,Mid-American,tacklesForLoss,56,2026-09-29T20:12:41Z
2024,Kent State,Mid-American,tacklesForLossOpponent,97,2026-09-29T20:12:41Z
2024,Kent State,Mid-American,thirdDownConversions,29,2026-09-29T20:12:41Z
2024,Kent State,Mid-American,thirdDownConversionsOpponent,78,2026-09-29T20:12:41Z
2024,Kent State,Mid-American,thirdDowns,156,2026-09-29T20:12:41Z
2024,Kent State,Mid-American,thirdDownsOpponent,163,2026-09-29T20:12:41Z
2024,Kent State,Mid-American,totalYards,2795,2026-09-29T20:12:41Z
2024,Kent State,Mid-American,totalYardsOpponent,6192,2026-09-29T20:12:41Z
2024,Kent State,Mid-American,turnovers,20,2026-09-29T20:12:41Z
2024,Kent State,Mid-American,turnoversOpponent,11,2026-09-29T20:12:41Z
2024,Kentucky,SEC,firstDowns,233,2026-09-29T20:12:41Z
2024,Kentucky,SEC,firstDownsOpponent,215,2026-09-29T20:12:41Z
2024,Kentucky,SEC,fourthDownConversions,11,2026-09-29T20:12:41Z
2024,Kentucky,SEC,fourthDownConversionsOpponent,6,2026-09-29T20:12:41Z
2024,Kentucky,SEC,fourthDowns,25,2026-09-29T20:12:41Z
2024,Kentucky,SEC,fourthDownsOpponent,9,2026-09-29T20:12:41Z
2024,Kentucky,SEC,fumblesLost,6,2026-09-29T20:12:41Z
2024,Kentucky,SEC,fumblesLostOpponent,6,2026-09-29T20:12:41Z
2024,Kentucky,SEC,fumblesRecovered,6,2026-09-29T20:12:41Z
2024,Kentucky,SEC,fumblesRecoveredOpponent,6,2026-09-29T20:12:41Z
2024,Kentucky,SEC,games,12,2026-09-29T20:12:41Z
2024,Kentucky,SEC,interceptions,17,2026-09-29T20:12:41Z
2024,Kentucky,SEC,interceptionsOpponent,10,2026-09-29T20:12:41Z
2024,Kentucky,SEC,interceptionTDs,1,2026-09-29T20:12:41Z
2024,Kentucky,SEC,interceptionTDsOpponent,2,2026-09-29T20:12:41Z
2024,Kentucky,SEC,interceptionYards,99,2026-09-29T20:12:41Z
2024,Kentucky,SEC,interceptionYardsOpponent,268,2026-09-29T20:12:41Z
2024,Kentucky,SEC,kickReturns,31,2026-09-29T20:12:41Z
2024,Kentucky,SEC,kickReturnsOpponent,16,2026-09-29T20:12:41Z
2024,Kentucky,SEC,kickReturnTDs,1,2026-09-29T20:12:41Z
2024,Kentucky,SEC,kickReturnTDsOpponent,0,2026-09-29T20:12:41Z
2024,Kentucky,SEC,kickReturnYards,613,2026-09-29T20:12:41Z
2024,Kentucky,SEC,kickReturnYardsOpponent,285,2026-09-29T20:12:41Z
2024,Kentucky,SEC,netPassingYards,2218,2026-09-29T20:12:41Z
2024,Kentucky,SEC,netPassingYardsOpponent,2197,2026-09-29T20:12:41Z
2024,Kentucky,SEC,passAttempts,312,2026-09-29T20:12:41Z
2024,Kentucky,SEC,passAttemptsOpponent,280,2026-09-29T20:12:41Z
2024,Kentucky,SEC,passCompletions,167,2026-09-29T20:12:41Z
2024,Kentucky,SEC,passCompletionsOpponent,178,2026-09-29T20:12:41Z
2024,Kentucky,SEC,passesIntercepted,10,2026-09-29T20:12:41Z
2024,Kentucky,SEC,passesInterceptedOpponent,17,2026-09-29T20:12:41Z
2024,Kentucky,SEC,passingTDs,15,2026-09-29T20:12:41Z
2024,Kentucky,SEC,passingTDsOpponent,9,2026-09-29T20:12:41Z
2024,Kentucky,SEC,penalties,75,2026-09-29T20:12:41Z
2024,Kentucky,SEC,penaltiesOpponent,81,2026-09-29T20:12:41Z
2024,Kentucky,SEC,penaltyYards,625,2026-09-29T20:12:41Z
2024,Kentucky,SEC,penaltyYardsOpponent,662,2026-09-29T20:12:41Z
2024,Kentucky,SEC,possessionTime,21271,2026-09-29T20:12:41Z
2024,Kentucky,SEC,possessionTimeOpponent,20433,2026-09-29T20:12:41Z
2024,Kentucky,SEC,puntReturns,16,2026-09-29T20:12:41Z
2024,Kentucky,SEC,puntReturnsOpponent,11,2026-09-29T20:12:41Z
2024,Kentucky,SEC,puntReturnTDs,0,2026-09-29T20:12:41Z
2024,Kentucky,SEC,puntReturnTDsOpponent,0,2026-09-29T20:12:41Z
2024,Kentucky,SEC,puntReturnYards,130,2026-09-29T20:12:41Z
2024,Kentucky,SEC,puntReturnYardsOpponent,40,2026-09-29T20:12:41Z
2024,Kentucky,SEC,rushingAttempts,440,2026-09-29T20:12:41Z
2024,Kentucky,SEC,rushingAttemptsOpponent,428,2026-09-29T20:12:41Z
2024,Kentucky,SEC,rushingTDs,11,2026-09-29T20:12:41Z
2024,Kentucky,SEC,rushingTDsOpponent,20,2026-09-29T20:12:41Z
2024,Kentucky,SEC,rushingYards,1757,2026-09-29T20:12:41Z
2024,Kentucky,SEC,rushingYardsOpponent,1955,2026-09-29T20:12:41Z
2024,Kentucky,SEC,sacks,22,2026-09-29T20:12:41Z
2024,Kentucky,SEC,sacksOpponent,35,2026-09-29T20:12:41Z
2024,Kentucky,SEC,tacklesForLoss,67,2026-09-29T20:12:41Z
2024,Kentucky,SEC,tacklesForLossOpponent,71,2026-09-29T20:12:41Z
2024,Kentucky,SEC,thirdDownConversions,48,2026-09-29T20:12:41Z
2024,Kentucky,SEC,thirdDownConversionsOpponent,56,2026-09-29T20:12:41Z
2024,Kentucky,SEC,thirdDowns,142,2026-09-29T20:12:41Z
2024,Kentucky,SEC,thirdDownsOpponent,142,2026-09-29T20:12:41Z
2024,Kentucky,SEC,totalYards,3975,2026-09-29T20:12:41Z
2024,Kentucky,SEC,totalYardsOpponent,4152,2026-09-29T20:12:41Z
2024,Kentucky,SEC,turnovers,23,2026-09-29T20:12:41Z
2024,Kentucky,SEC,turnoversOpponent,16,2026-09-29T20:12:41Z
2024,Liberty,Conference USA,firstDowns,276,2026-09-29T20:12:41Z
2024,Liberty,Conference USA,firstDownsOpponent,225,2026-09-29T20:12:41Z
2024,Liberty,Conference USA,fourthDownConversions,12,2026-09-29T20:12:41Z
2024,Liberty,Conference USA,fourthDownConversionsOpponent,14,2026-09-29T20:12:41Z
2024,Liberty,Conference USA,fourthDowns,21,2026-09-29T20:12:41Z
2024,Liberty,Conference USA,fourthDownsOpponent,25,2026-09-29T20:12:41Z
2024,Liberty,Conference USA,fumblesLost,11,2026-09-29T20:12:41Z
2024,Liberty,Conference USA,fumblesLostOpponent,7,2026-09-29T20:12:41Z
2024,Liberty,Conference USA,fumblesRecovered,8,2026-09-29T20:12:41Z
2024,Liberty,Conference USA,fumblesRecoveredOpponent,11,2026-09-29T20:12:41Z
2024,Liberty,Conference USA,games,12,2026-09-29T20:12:41Z
2024,Liberty,Conference USA,interceptions,7,2026-09-29T20:12:41Z
2024,Liberty,Conference USA,interceptionsOpponent,8,2026-09-29T20:12:41Z
2024,Liberty,Conference USA,interceptionTDs,0,2026-09-29T20:12:41Z
2024,Liberty,Conference USA,interceptionTDsOpponent,1,2026-09-29T20:12:41Z
2024,Liberty,Conference USA,interceptionYards,85,2026-09-29T20:12:41Z
2024,Liberty,Conference USA,interceptionYardsOpponent,94,2026-09-29T20:12:41Z
2024,Liberty,Conference USA,kickReturns,35,2026-09-29T20:12:41Z
2024,Liberty,Conference USA,kickReturnsOpponent,21,2026-09-29T20:12:41Z
2024,Liberty,Conference USA,kickReturnTDs,0,2026-09-29T20:12:41Z
2024,Liberty,Conference USA,kickReturnTDsOpponent,0,2026-09-29T20:12:41Z
2024,Liberty,Conference USA,kickReturnYards,669,2026-09-29T20:12:41Z
2024,Liberty,Conference USA,kickReturnYardsOpponent,423,2026-09-29T20:12:41Z
2024,Liberty,Conference USA,netPassingYards,2014,2026-09-29T20:12:41Z
2024,Liberty,Conference USA,netPassingYardsOpponent,2356,2026-09-29T20:12:41Z
2024,Liberty,Conference USA,passAttempts,289,2026-09-29T20:12:41Z
2024,Liberty,Conference USA,passAttemptsOpponent,323,2026-09-29T20:12:41Z
2024,Liberty,Conference USA,passCompletions,157,2026-09-29T20:12:41Z
2024,Liberty,Conference USA,passCompletionsOpponent,190,2026-09-29T20:12:41Z
2024,Liberty,Conference USA,passesIntercepted,8,2026-09-29T20:12:41Z
2024,Liberty,Conference USA,passesInterceptedOpponent,7,2026-09-29T20:12:41Z
2024,Liberty,Conference USA,passingTDs,16,2026-09-29T20:12:41Z
2024,Liberty,Conference USA,passingTDsOpponent,11,2026-09-29T20:12:41Z
2024,Liberty,Conference USA,penalties,82,2026-09-29T20:12:41Z
2024,Liberty,Conference USA,penaltiesOpponent,75,2026-09-29T20:12:41Z
2024,Liberty,Conference USA,penaltyYards,793,2026-09-29T20:12:41Z
2024,Liberty,Conference USA,penaltyYardsOpponent,639,2026-09-29T20:12:41Z
2024,Liberty,Conference USA,possessionTime,22051,2026-09-29T20:12:41Z
2024,Liberty,Conference USA,possessionTimeOpponent,21149,2026-09-29T20:12:41Z
2024,Liberty,Conference USA,puntReturns,14,2026-09-29T20:12:41Z
2024,Liberty,Conference USA,puntReturnsOpponent,9,2026-09-29T20:12:41Z
2024,Liberty,Conference USA,puntReturnTDs,0,2026-09-29T20:12:41Z
2024,Liberty,Conference USA,puntReturnTDsOpponent,0,2026-09-29T20:12:41Z
2024,Liberty,Conference USA,puntReturnYards,148,2026-09-29T20:12:41Z
2024,Liberty,Conference USA,puntReturnYardsOpponent,86,2026-09-29T20:12:41Z
2024,Liberty,Conference USA,rushingAttempts,537,2026-09-29T20:12:41Z
2024,Liberty,Conference USA,rushingAttemptsOpponent,460,2026-09-29T20:12:41Z
2024,Liberty,Conference USA,rushingTDs,28,2026-09-29T20:12:41Z
2024,Liberty,Conference USA,rushingTDsOpponent,21,2026-09-29T20:12:41Z
2024,Liberty,Conference USA,rushingYards,3022,2026-09-29T20:12:41Z
2024,Liberty,Conference USA,rushingYardsOpponent,1860,2026-09-29T20:12:41Z
2024,Liberty,Conference USA,sacks,20,2026-09-29T20:12:41Z
2024,Liberty,Conference USA,sacksOpponent,21,2026-09-29T20:12:41Z
2024,Liberty,Conference USA,tacklesForLoss,65,2026-09-29T20:12:41Z
2024,Liberty,Conference USA,tacklesForLossOpponent,56,2026-09-29T20:12:41Z
2024,Liberty,Conference USA,thirdDownConversions,68,2026-09-29T20:12:41Z
2024,Liberty,Conference USA,thirdDownConversionsOpponent,60,2026-09-29T20:12:41Z
2024,Liberty,Conference USA,thirdDowns,158,2026-09-29T20:12:41Z
2024,Liberty,Conference USA,thirdDownsOpponent,164,2026-09-29T20:12:41Z
2024,Liberty,Conference USA,totalYards,5036,2026-09-29T20:12:41Z
2024,Liberty,Conference USA,totalYardsOpponent,4216,2026-09-29T20:12:41Z
2024,Liberty,Conference USA,turnovers,18,2026-09-29T20:12:41Z
2024,Liberty,Conference USA,turnoversOpponent,15,2026-09-29T20:12:41Z
2024,Louisiana,Sun Belt,firstDowns,289,2026-09-29T20:12:41Z
2024,Louisiana,Sun Belt,firstDownsOpponent,281,2026-09-29T20:12:41Z
2024,Louisiana,Sun Belt,fourthDownConversions,16,2026-09-29T20:12:41Z
2024,Louisiana,Sun Belt,fourthDownConversionsOpponent,15,2026-09-29T20:12:41Z
2024,Louisiana,Sun Belt,fourthDowns,26,2026-09-29T20:12:41Z
2024,Louisiana,Sun Belt,fourthDownsOpponent,20,2026-09-29T20:12:41Z
2024,Louisiana,Sun Belt,fumblesLost,2,2026-09-29T20:12:41Z
2024,Louisiana,Sun Belt,fumblesLostOpponent,5,2026-09-29T20:12:41Z
2024,Louisiana,Sun Belt,fumblesRecovered,5,2026-09-29T20:12:41Z
2024,Louisiana,Sun Belt,fumblesRecoveredOpponent,2,2026-09-29T20:12:41Z
2024,Louisiana,Sun Belt,games,14,2026-09-29T20:12:41Z
2024,Louisiana,Sun Belt,interceptions,9,2026-09-29T20:12:41Z
2024,Louisiana,Sun Belt,interceptionsOpponent,16,2026-09-29T20:12:41Z
2024,Louisiana,Sun Belt,interceptionTDs,1,2026-09-29T20:12:41Z
2024,Louisiana,Sun Belt,interceptionTDsOpponent,1,2026-09-29T20:12:41Z
2024,Louisiana,Sun Belt,interceptionYards,122,2026-09-29T20:12:41Z
2024,Louisiana,Sun Belt,interceptionYardsOpponent,57,2026-09-29T20:12:41Z
2024,Louisiana,Sun Belt,kickReturns,32,2026-09-29T20:12:41Z
2024,Louisiana,Sun Belt,kickReturnsOpponent,41,2026-09-29T20:12:41Z
2024,Louisiana,Sun Belt,kickReturnTDs,1,2026-09-29T20:12:41Z
2024,Louisiana,Sun Belt,kickReturnTDsOpponent,1,2026-09-29T20:12:41Z
2024,Louisiana,Sun Belt,kickReturnYards,853,2026-09-29T20:12:41Z
2024,Louisiana,Sun Belt,kickReturnYardsOpponent,783,2026-09-29T20:12:41Z
2024,Louisiana,Sun Belt,netPassingYards,3482,2026-09-29T20:12:41Z
2024,Louisiana,Sun Belt,netPassingYardsOpponent,2719,2026-09-29T20:12:41Z
2024,Louisiana,Sun Belt,passAttempts,411,2026-09-29T20:12:41Z
2024,Louisiana,Sun Belt,passAttemptsOpponent,429,2026-09-29T20:12:41Z
2024,Louisiana,Sun Belt,passCompletions,269,2026-09-29T20:12:41Z
2024,Louisiana,Sun Belt,passCompletionsOpponent,273,2026-09-29T20:12:41Z
2024,Louisiana,Sun Belt,passesIntercepted,16,2026-09-29T20:12:41Z
2024,Louisiana,Sun Belt,passesInterceptedOpponent,9,2026-09-29T20:12:41Z
2024,Louisiana,Sun Belt,passingTDs,22,2026-09-29T20:12:41Z
2024,Louisiana,Sun Belt,passingTDsOpponent,19,2026-09-29T20:12:41Z
2024,Louisiana,Sun Belt,penalties,82,2026-09-29T20:12:41Z
2024,Louisiana,Sun Belt,penaltiesOpponent,75,2026-09-29T20:12:41Z
2024,Louisiana,Sun Belt,penaltyYards,683,2026-09-29T20:12:41Z
2024,Louisiana,Sun Belt,penaltyYardsOpponent,647,2026-09-29T20:12:41Z
2024,Louisiana,Sun Belt,possessionTime,26291,2026-09-29T20:12:41Z
2024,Louisiana,Sun Belt,possessionTimeOpponent,24109,2026-09-29T20:12:41Z
2024,Louisiana,Sun Belt,puntReturns,18,2026-09-29T20:12:41Z
2024,Louisiana,Sun Belt,puntReturnsOpponent,5,2026-09-29T20:12:41Z
2024,Louisiana,Sun Belt,puntReturnTDs,0,2026-09-29T20:12:41Z
2024,Louisiana,Sun Belt,puntReturnTDsOpponent,0,2026-09-29T20:12:41Z
2024,Louisiana,Sun Belt,puntReturnYards,115,2026-09-29T20:12:41Z
2024,Louisiana,Sun Belt,puntReturnYardsOpponent,29,2026-09-29T20:12:41Z
2024,Louisiana,Sun Belt,rushingAttempts,476,2026-09-29T20:12:41Z
2024,Louisiana,Sun Belt,rushingAttemptsOpponent,476,2026-09-29T20:12:41Z
2024,Louisiana,Sun Belt,rushingTDs,26,2026-09-29T20:12:41Z
2024,Louisiana,Sun Belt,rushingTDsOpponent,20,2026-09-29T20:12:41Z
2024,Louisiana,Sun Belt,rushingYards,2338,2026-09-29T20:12:41Z
2024,Louisiana,Sun Belt,rushingYardsOpponent,2169,2026-09-29T20:12:41Z
2024,Louisiana,Sun Belt,sacks,23,2026-09-29T20:12:41Z
2024,Louisiana,Sun Belt,sacksOpponent,18,2026-09-29T20:12:41Z
2024,Louisiana,Sun Belt,tacklesForLoss,60,2026-09-29T20:12:41Z
2024,Louisiana,Sun Belt,tacklesForLossOpponent,55,2026-09-29T20:12:41Z
2024,Louisiana,Sun Belt,thirdDownConversions,73,2026-09-29T20:12:41Z
2024,Louisiana,Sun Belt,thirdDownConversionsOpponent,80,2026-09-29T20:12:41Z
2024,Louisiana,Sun Belt,thirdDowns,175,2026-09-29T20:12:41Z
2024,Louisiana,Sun Belt,thirdDownsOpponent,179,2026-09-29T20:12:41Z
2024,Louisiana,Sun Belt,totalYards,5820,2026-09-29T20:12:41Z
2024,Louisiana,Sun Belt,totalYardsOpponent,4888,2026-09-29T20:12:41Z
2024,Louisiana,Sun Belt,turnovers,11,2026-09-29T20:12:41Z
2024,Louisiana,Sun Belt,turnoversOpponent,21,2026-09-29T20:12:41Z
2024,Louisiana Tech,Conference USA,firstDowns,234,2026-09-29T20:12:41Z
2024,Louisiana Tech,Conference USA,firstDownsOpponent,230,2026-09-29T20:12:41Z
2024,Louisiana Tech,Conference USA,fourthDownConversions,8,2026-09-29T20:12:41Z
2024,Louisiana Tech,Conference USA,fourthDownConversionsOpponent,10,2026-09-29T20:12:41Z
2024,Louisiana Tech,Conference USA,fourthDowns,26,2026-09-29T20:12:41Z
2024,Louisiana Tech,Conference USA,fourthDownsOpponent,24,2026-09-29T20:12:41Z
2024,Louisiana Tech,Conference USA,fumblesLost,13,2026-09-29T20:12:41Z
2024,Louisiana Tech,Conference USA,fumblesLostOpponent,12,2026-09-29T20:12:41Z
2024,Louisiana Tech,Conference USA,fumblesRecovered,12,2026-09-29T20:12:41Z
2024,Louisiana Tech,Conference USA,fumblesRecoveredOpponent,13,2026-09-29T20:12:41Z
2024,Louisiana Tech,Conference USA,games,13,2026-09-29T20:12:41Z
2024,Louisiana Tech,Conference USA,interceptions,8,2026-09-29T20:12:41Z
2024,Louisiana Tech,Conference USA,interceptionsOpponent,5,2026-09-29T20:12:41Z
2024,Louisiana Tech,Conference USA,interceptionTDs,0,2026-09-29T20:12:41Z
2024,Louisiana Tech,Conference USA,interceptionTDsOpponent,2,2026-09-29T20:12:41Z
2024,Louisiana Tech,Conference USA,interceptionYards,60,2026-09-29T20:12:41Z
2024,Louisiana Tech,Conference USA,interceptionYardsOpponent,146,2026-09-29T20:12:41Z
2024,Louisiana Tech,Conference USA,kickReturns,27,2026-09-29T20:12:41Z
2024,Louisiana Tech,Conference USA,kickReturnsOpponent,4,2026-09-29T20:12:41Z
2024,Louisiana Tech,Conference USA,kickReturnTDs,0,2026-09-29T20:12:41Z
2024,Louisiana Tech,Conference USA,kickReturnTDsOpponent,0,2026-09-29T20:12:41Z
2024,Louisiana Tech,Conference USA,kickReturnYards,641,2026-09-29T20:12:41Z
2024,Louisiana Tech,Conference USA,kickReturnYardsOpponent,58,2026-09-29T20:12:41Z
2024,Louisiana Tech,Conference USA,netPassingYards,2911,2026-09-29T20:12:41Z
2024,Louisiana Tech,Conference USA,netPassingYardsOpponent,2247,2026-09-29T20:12:41Z
2024,Louisiana Tech,Conference USA,passAttempts,415,2026-09-29T20:12:41Z
2024,Louisiana Tech,Conference USA,passAttemptsOpponent,366,2026-09-29T20:12:41Z
2024,Louisiana Tech,Conference USA,passCompletions,258,2026-09-29T20:12:41Z
2024,Louisiana Tech,Conference USA,passCompletionsOpponent,204,2026-09-29T20:12:41Z
2024,Louisiana Tech,Conference USA,passesIntercepted,5,2026-09-29T20:12:41Z
2024,Louisiana Tech,Conference USA,passesInterceptedOpponent,8,2026-09-29T20:12:41Z
2024,Louisiana Tech,Conference USA,passingTDs,18,2026-09-29T20:12:41Z
2024,Louisiana Tech,Conference USA,passingTDsOpponent,11,2026-09-29T20:12:41Z
2024,Louisiana Tech,Conference USA,penalties,69,2026-09-29T20:12:41Z
2024,Louisiana Tech,Conference USA,penaltiesOpponent,63,2026-09-29T20:12:41Z
2024,Louisiana Tech,Conference USA,penaltyYards,657,2026-09-29T20:12:41Z
2024,Louisiana Tech,Conference USA,penaltyYardsOpponent,544,2026-09-29T20:12:41Z
2024,Louisiana Tech,Conference USA,possessionTime,24260,2026-09-29T20:12:41Z
2024,Louisiana Tech,Conference USA,possessionTimeOpponent,22540,2026-09-29T20:12:41Z
2024,Louisiana Tech,Conference USA,puntReturns,33,2026-09-29T20:12:41Z
2024,Louisiana Tech,Conference USA,puntReturnsOpponent,16,2026-09-29T20:12:41Z
2024,Louisiana Tech,Conference USA,puntReturnTDs,0,2026-09-29T20:12:41Z
2024,Louisiana Tech,Conference USA,puntReturnTDsOpponent,0,2026-09-29T20:12:41Z
2024,Louisiana Tech,Conference USA,puntReturnYards,427,2026-09-29T20:12:41Z
2024,Louisiana Tech,Conference USA,puntReturnYardsOpponent,76,2026-09-29T20:12:41Z
2024,Louisiana Tech,Conference USA,rushingAttempts,480,2026-09-29T20:12:41Z
2024,Louisiana Tech,Conference USA,rushingAttemptsOpponent,487,2026-09-29T20:12:41Z
2024,Louisiana Tech,Conference USA,rushingTDs,14,2026-09-29T20:12:41Z
2024,Louisiana Tech,Conference USA,rushingTDsOpponent,21,2026-09-29T20:12:41Z
2024,Louisiana Tech,Conference USA,rushingYards,1460,2026-09-29T20:12:41Z
2024,Louisiana Tech,Conference USA,rushingYardsOpponent,1774,2026-09-29T20:12:41Z
2024,Louisiana Tech,Conference USA,sacks,21,2026-09-29T20:12:41Z
2024,Louisiana Tech,Conference USA,sacksOpponent,41,2026-09-29T20:12:41Z
2024,Louisiana Tech,Conference USA,tacklesForLoss,69,2026-09-29T20:12:41Z
2024,Louisiana Tech,Conference USA,tacklesForLossOpponent,84,2026-09-29T20:12:41Z
2024,Louisiana Tech,Conference USA,thirdDownConversions,78,2026-09-29T20:12:41Z
2024,Louisiana Tech,Conference USA,thirdDownConversionsOpponent,61,2026-09-29T20:12:41Z
2024,Louisiana Tech,Conference USA,thirdDowns,199,2026-09-29T20:12:41Z
2024,Louisiana Tech,Conference USA,thirdDownsOpponent,180,2026-09-29T20:12:41Z
2024,Louisiana Tech,Conference USA,totalYards,4371,2026-09-29T20:12:41Z
2024,Louisiana Tech,Conference USA,totalYardsOpponent,4021,2026-09-29T20:12:41Z
2024,Louisiana Tech,Conference USA,turnovers,21,2026-09-29T20:12:41Z
2024,Louisiana Tech,Conference USA,turnoversOpponent,17,2026-09-29T20:12:41Z
2024,Louisville,ACC,firstDowns,276,2026-09-29T20:12:41Z
2024,Louisville,ACC,firstDownsOpponent,250,2026-09-29T20:12:41Z
2024,Louisville,ACC,fourthDownConversions,9,2026-09-29T20:12:41Z
2024,Louisville,ACC,fourthDownConversionsOpponent,21,2026-09-29T20:12:41Z
2024,Louisville,ACC,fourthDowns,22,2026-09-29T20:12:41Z
2024,Louisville,ACC,fourthDownsOpponent,32,2026-09-29T20:12:41Z
2024,Louisville,ACC,fumblesLost,4,2026-09-29T20:12:41Z
2024,Louisville,ACC,fumblesLostOpponent,7,2026-09-29T20:12:41Z
2024,Louisville,ACC,fumblesRecovered,7,2026-09-29T20:12:41Z
2024,Louisville,ACC,fumblesRecoveredOpponent,5,2026-09-29T20:12:41Z
2024,Louisville,ACC,games,13,2026-09-29T20:12:41Z
2024,Louisville,ACC,interceptions,6,2026-09-29T20:12:41Z
2024,Louisville,ACC,interceptionsOpponent,10,2026-09-29T20:12:41Z
2024,Louisville,ACC,interceptionTDs,1,2026-09-29T20:12:41Z
2024,Louisville,ACC,interceptionTDsOpponent,0,2026-09-29T20:12:41Z
2024,Louisville,ACC,interceptionYards,83,2026-09-29T20:12:41Z
2024,Louisville,ACC,interceptionYardsOpponent,56,2026-09-29T20:12:41Z
2024,Louisville,ACC,kickReturns,32,2026-09-29T20:12:41Z
2024,Louisville,ACC,kickReturnsOpponent,27,2026-09-29T20:12:41Z
2024,Louisville,ACC,kickReturnTDs,1,2026-09-29T20:12:41Z
2024,Louisville,ACC,kickReturnTDsOpponent,0,2026-09-29T20:12:41Z
2024,Louisville,ACC,kickReturnYards,648,2026-09-29T20:12:41Z
2024,Louisville,ACC,kickReturnYardsOpponent,479,2026-09-29T20:12:41Z
2024,Louisville,ACC,netPassingYards,3433,2026-09-29T20:12:41Z
2024,Louisville,ACC,netPassingYardsOpponent,3070,2026-09-29T20:12:41Z
2024,Louisville,ACC,passAttempts,427,2026-09-29T20:12:41Z
2024,Louisville,ACC,passAttemptsOpponent,422,2026-09-29T20:12:41Z
2024,Louisville,ACC,passCompletions,271,2026-09-29T20:12:41Z
2024,Louisville,ACC,passCompletionsOpponent,263,2026-09-29T20:12:41Z
2024,Louisville,ACC,passesIntercepted,10,2026-09-29T20:12:41Z
2024,Louisville,ACC,passesInterceptedOpponent,6,2026-09-29T20:12:41Z
2024,Louisville,ACC,passingTDs,26,2026-09-29T20:12:41Z
2024,Louisville,ACC,passingTDsOpponent,24,2026-09-29T20:12:41Z
2024,Louisville,ACC,penalties,81,2026-09-29T20:12:41Z
2024,Louisville,ACC,penaltiesOpponent,61,2026-09-29T20:12:41Z
2024,Louisville,ACC,penaltyYards,642,2026-09-29T20:12:41Z
2024,Louisville,ACC,penaltyYardsOpponent,576,2026-09-29T20:12:41Z
2024,Louisville,ACC,possessionTime,23271,2026-09-29T20:12:41Z
2024,Louisville,ACC,possessionTimeOpponent,23529,2026-09-29T20:12:41Z
2024,Louisville,ACC,puntReturns,32,2026-09-29T20:12:41Z
2024,Louisville,ACC,puntReturnsOpponent,11,2026-09-29T20:12:41Z
2024,Louisville,ACC,puntReturnTDs,0,2026-09-29T20:12:41Z
2024,Louisville,ACC,puntReturnTDsOpponent,0,2026-09-29T20:12:41Z
2024,Louisville,ACC,puntReturnYards,194,2026-09-29T20:12:41Z
2024,Louisville,ACC,puntReturnYardsOpponent,58,2026-09-29T20:12:41Z
2024,Louisville,ACC,rushingAttempts,422,2026-09-29T20:12:41Z
2024,Louisville,ACC,rushingAttemptsOpponent,459,2026-09-29T20:12:41Z
2024,Louisville,ACC,rushingTDs,28,2026-09-29T20:12:41Z
2024,Louisville,ACC,rushingTDsOpponent,15,2026-09-29T20:12:41Z
2024,Louisville,ACC,rushingYards,2452,2026-09-29T20:12:41Z
2024,Louisville,ACC,rushingYardsOpponent,1729,2026-09-29T20:12:41Z
2024,Louisville,ACC,sacks,34,2026-09-29T20:12:41Z
2024,Louisville,ACC,sacksOpponent,15,2026-09-29T20:12:41Z
2024,Louisville,ACC,tacklesForLoss,86,2026-09-29T20:12:41Z
2024,Louisville,ACC,tacklesForLossOpponent,56,2026-09-29T20:12:41Z
2024,Louisville,ACC,thirdDownConversions,62,2026-09-29T20:12:41Z
2024,Louisville,ACC,thirdDownConversionsOpponent,67,2026-09-29T20:12:41Z
2024,Louisville,ACC,thirdDowns,155,2026-09-29T20:12:41Z
2024,Louisville,ACC,thirdDownsOpponent,188,2026-09-29T20:12:41Z
2024,Louisville,ACC,totalYards,5885,2026-09-29T20:12:41Z
2024,Louisville,ACC,totalYardsOpponent,4799,2026-09-29T20:12:41Z
2024,Louisville,ACC,turnovers,10,2026-09-29T20:12:41Z
2024,Louisville,ACC,turnoversOpponent,17,2026-09-29T20:12:41Z
2024,LSU,SEC,firstDowns,307,2026-09-29T20:12:41Z
2024,LSU,SEC,firstDownsOpponent,242,2026-09-29T20:12:41Z
2024,LSU,SEC,fourthDownConversions,12,2026-09-29T20:12:41Z
2024,LSU,SEC,fourthDownConversionsOpponent,8,2026-09-29T20:12:41Z
2024,LSU,SEC,fourthDowns,24,2026-09-29T20:12:41Z
2024,LSU,SEC,fourthDownsOpponent,24,2026-09-29T20:12:41Z
2024,LSU,SEC,fumblesLost,5,2026-09-29T20:12:41Z
2024,LSU,SEC,fumblesLostOpponent,8,2026-09-29T20:12:41Z
2024,LSU,SEC,fumblesRecovered,8,2026-09-29T20:12:41Z
2024,LSU,SEC,fumblesRecoveredOpponent,5,2026-09-29T20:12:41Z
2024,LSU,SEC,games,13,2026-09-29T20:12:41Z
2024,LSU,SEC,interceptions,12,2026-09-29T20:12:41Z
2024,LSU,SEC,interceptionsOpponent,6,2026-09-29T20:12:41Z
2024,LSU,SEC,interceptionTDs,1,2026-09-29T20:12:41Z
2024,LSU,SEC,interceptionTDsOpponent,0,2026-09-29T20:12:41Z
2024,LSU,SEC,interceptionYards,60,2026-09-29T20:12:41Z
2024,LSU,SEC,interceptionYardsOpponent,100,2026-09-29T20:12:41Z
2024,LSU,SEC,kickReturns,29,2026-09-29T20:12:41Z
2024,LSU,SEC,kickReturnsOpponent,8,2026-09-29T20:12:41Z
2024,LSU,SEC,kickReturnTDs,2,2026-09-29T20:12:41Z
2024,LSU,SEC,kickReturnTDsOpponent,0,2026-09-29T20:12:41Z
2024,LSU,SEC,kickReturnYards,802,2026-09-29T20:12:41Z
2024,LSU,SEC,kickReturnYardsOpponent,179,2026-09-29T20:12:41Z
2024,LSU,SEC,netPassingYards,4084,2026-09-29T20:12:41Z
2024,LSU,SEC,netPassingYardsOpponent,2913,2026-09-29T20:12:41Z
2024,LSU,SEC,passAttempts,533,2026-09-29T20:12:41Z
2024,LSU,SEC,passAttemptsOpponent,378,2026-09-29T20:12:41Z
2024,LSU,SEC,passCompletions,343,2026-09-29T20:12:41Z
2024,LSU,SEC,passCompletionsOpponent,231,2026-09-29T20:12:41Z
2024,LSU,SEC,passesIntercepted,6,2026-09-29T20:12:41Z
2024,LSU,SEC,passesInterceptedOpponent,12,2026-09-29T20:12:41Z
2024,LSU,SEC,passingTDs,29,2026-09-29T20:12:41Z
2024,LSU,SEC,passingTDsOpponent,11,2026-09-29T20:12:41Z
2024,LSU,SEC,penalties,82,2026-09-29T20:12:41Z
2024,LSU,SEC,penaltiesOpponent,92,2026-09-29T20:12:41Z
2024,LSU,SEC,penaltyYards,641,2026-09-29T20:12:41Z
2024,LSU,SEC,penaltyYardsOpponent,832,2026-09-29T20:12:41Z
2024,LSU,SEC,possessionTime,25010,2026-09-29T20:12:41Z
2024,LSU,SEC,possessionTimeOpponent,21790,2026-09-29T20:12:41Z
2024,LSU,SEC,puntReturns,14,2026-09-29T20:12:41Z
2024,LSU,SEC,puntReturnsOpponent,10,2026-09-29T20:12:41Z
2024,LSU,SEC,puntReturnTDs,0,2026-09-29T20:12:41Z
2024,LSU,SEC,puntReturnTDsOpponent,0,2026-09-29T20:12:41Z
2024,LSU,SEC,puntReturnYards,66,2026-09-29T20:12:41Z
2024,LSU,SEC,puntReturnYardsOpponent,75,2026-09-29T20:12:41Z
2024,LSU,SEC,rushingAttempts,370,2026-09-29T20:12:41Z
2024,LSU,SEC,rushingAttemptsOpponent,424,2026-09-29T20:12:41Z
2024,LSU,SEC,rushingTDs,15,2026-09-29T20:12:41Z
2024,LSU,SEC,rushingTDsOpponent,26,2026-09-29T20:12:41Z
2024,LSU,SEC,rushingYards,1520,2026-09-29T20:12:41Z
2024,LSU,SEC,rushingYardsOpponent,1827,2026-09-29T20:12:41Z
2024,LSU,SEC,sacks,34,2026-09-29T20:12:41Z
2024,LSU,SEC,sacksOpponent,16,2026-09-29T20:12:41Z
2024,LSU,SEC,tacklesForLoss,69,2026-09-29T20:12:41Z
2024,LSU,SEC,tacklesForLossOpponent,48,2026-09-29T20:12:41Z
2024,LSU,SEC,thirdDownConversions,93,2026-09-29T20:12:41Z
2024,LSU,SEC,thirdDownConversionsOpponent,66,2026-09-29T20:12:41Z
2024,LSU,SEC,thirdDowns,187,2026-09-29T20:12:41Z
2024,LSU,SEC,thirdDownsOpponent,163,2026-09-29T20:12:41Z
2024,LSU,SEC,totalYards,5604,2026-09-29T20:12:41Z
2024,LSU,SEC,totalYardsOpponent,4740,2026-09-29T20:12:41Z
2024,LSU,SEC,turnovers,17,2026-09-29T20:12:41Z
2024,LSU,SEC,turnoversOpponent,14,2026-09-29T20:12:41Z
2024,Marshall,Sun Belt,firstDowns,258,2026-09-29T20:12:41Z
2024,Marshall,Sun Belt,firstDownsOpponent,257,2026-09-29T20:12:41Z
2024,Marshall,Sun Belt,fourthDownConversions,10,2026-09-29T20:12:41Z
2024,Marshall,Sun Belt,fourthDownConversionsOpponent,24,2026-09-29T20:12:41Z
2024,Marshall,Sun Belt,fourthDowns,17,2026-09-29T20:12:41Z
2024,Marshall,Sun Belt,fourthDownsOpponent,39,2026-09-29T20:12:41Z
2024,Marshall,Sun Belt,fumblesLost,5,2026-09-29T20:12:41Z
2024,Marshall,Sun Belt,fumblesLostOpponent,6,2026-09-29T20:12:41Z
2024,Marshall,Sun Belt,fumblesRecovered,6,2026-09-29T20:12:41Z
2024,Marshall,Sun Belt,fumblesRecoveredOpponent,7,2026-09-29T20:12:41Z
2024,Marshall,Sun Belt,games,13,2026-09-29T20:12:41Z
2024,Marshall,Sun Belt,interceptions,4,2026-09-29T20:12:41Z
2024,Marshall,Sun Belt,interceptionsOpponent,13,2026-09-29T20:12:41Z
2024,Marshall,Sun Belt,interceptionTDs,2,2026-09-29T20:12:41Z
2024,Marshall,Sun Belt,interceptionTDsOpponent,0,2026-09-29T20:12:41Z
2024,Marshall,Sun Belt,interceptionYards,55,2026-09-29T20:12:41Z
2024,Marshall,Sun Belt,interceptionYardsOpponent,13,2026-09-29T20:12:41Z
2024,Marshall,Sun Belt,kickReturns,33,2026-09-29T20:12:41Z
2024,Marshall,Sun Belt,kickReturnsOpponent,16,2026-09-29T20:12:41Z
2024,Marshall,Sun Belt,kickReturnTDs,0,2026-09-29T20:12:41Z
2024,Marshall,Sun Belt,kickReturnTDsOpponent,0,2026-09-29T20:12:41Z
2024,Marshall,Sun Belt,kickReturnYards,832,2026-09-29T20:12:41Z
2024,Marshall,Sun Belt,kickReturnYardsOpponent,304,2026-09-29T20:12:41Z
2024,Marshall,Sun Belt,netPassingYards,2354,2026-09-29T20:12:41Z
2024,Marshall,Sun Belt,netPassingYardsOpponent,2584,2026-09-29T20:12:41Z
2024,Marshall,Sun Belt,passAttempts,333,2026-09-29T20:12:41Z
2024,Marshall,Sun Belt,passAttemptsOpponent,381,2026-09-29T20:12:41Z
2024,Marshall,Sun Belt,passCompletions,194,2026-09-29T20:12:41Z
2024,Marshall,Sun Belt,passCompletionsOpponent,219,2026-09-29T20:12:41Z
2024,Marshall,Sun Belt,passesIntercepted,13,2026-09-29T20:12:41Z
2024,Marshall,Sun Belt,passesInterceptedOpponent,4,2026-09-29T20:12:41Z
2024,Marshall,Sun Belt,passingTDs,27,2026-09-29T20:12:41Z
2024,Marshall,Sun Belt,passingTDsOpponent,15,2026-09-29T20:12:41Z
2024,Marshall,Sun Belt,penalties,70,2026-09-29T20:12:41Z
2024,Marshall,Sun Belt,penaltiesOpponent,91,2026-09-29T20:12:41Z
2024,Marshall,Sun Belt,penaltyYards,553,2026-09-29T20:12:41Z
2024,Marshall,Sun Belt,penaltyYardsOpponent,798,2026-09-29T20:12:41Z
2024,Marshall,Sun Belt,possessionTime,22355,2026-09-29T20:12:41Z
2024,Marshall,Sun Belt,possessionTimeOpponent,24445,2026-09-29T20:12:41Z
2024,Marshall,Sun Belt,puntReturns,18,2026-09-29T20:12:41Z
2024,Marshall,Sun Belt,puntReturnsOpponent,12,2026-09-29T20:12:41Z
2024,Marshall,Sun Belt,puntReturnTDs,0,2026-09-29T20:12:41Z
2024,Marshall,Sun Belt,puntReturnTDsOpponent,1,2026-09-29T20:12:41Z
2024,Marshall,Sun Belt,puntReturnYards,139,2026-09-29T20:12:41Z
2024,Marshall,Sun Belt,puntReturnYardsOpponent,158,2026-09-29T20:12:41Z
2024,Marshall,Sun Belt,rushingAttempts,505,2026-09-29T20:12:41Z
2024,Marshall,Sun Belt,rushingAttemptsOpponent,525,2026-09-29T20:12:41Z
2024,Marshall,Sun Belt,rushingTDs,21,2026-09-29T20:12:41Z
2024,Marshall,Sun Belt,rushingTDsOpponent,21,2026-09-29T20:12:41Z
2024,Marshall,Sun Belt,rushingYards,2633,2026-09-29T20:12:41Z
2024,Marshall,Sun Belt,rushingYardsOpponent,2328,2026-09-29T20:12:41Z
2024,Marshall,Sun Belt,sacks,34,2026-09-29T20:12:41Z
2024,Marshall,Sun Belt,sacksOpponent,17,2026-09-29T20:12:41Z
2024,Marshall,Sun Belt,tacklesForLoss,86,2026-09-29T20:12:41Z
2024,Marshall,Sun Belt,tacklesForLossOpponent,52,2026-09-29T20:12:41Z
2024,Marshall,Sun Belt,thirdDownConversions,68,2026-09-29T20:12:41Z
2024,Marshall,Sun Belt,thirdDownConversionsOpponent,59,2026-09-29T20:12:41Z
2024,Marshall,Sun Belt,thirdDowns,170,2026-09-29T20:12:41Z
2024,Marshall,Sun Belt,thirdDownsOpponent,187,2026-09-29T20:12:41Z
2024,Marshall,Sun Belt,totalYards,4987,2026-09-29T20:12:41Z
2024,Marshall,Sun Belt,totalYardsOpponent,4912,2026-09-29T20:12:41Z
2024,Marshall,Sun Belt,turnovers,9,2026-09-29T20:12:41Z
2024,Marshall,Sun Belt,turnoversOpponent,19,2026-09-29T20:12:41Z
2024,Maryland,Big Ten,firstDowns,258,2026-09-29T20:12:41Z
2024,Maryland,Big Ten,firstDownsOpponent,252,2026-09-29T20:12:41Z
2024,Maryland,Big Ten,fourthDownConversions,14,2026-09-29T20:12:41Z
2024,Maryland,Big Ten,fourthDownConversionsOpponent,12,2026-09-29T20:12:41Z
2024,Maryland,Big Ten,fourthDowns,31,2026-09-29T20:12:41Z
2024,Maryland,Big Ten,fourthDownsOpponent,18,2026-09-29T20:12:41Z
2024,Maryland,Big Ten,fumblesLost,6,2026-09-29T20:12:41Z
2024,Maryland,Big Ten,fumblesLostOpponent,7,2026-09-29T20:12:41Z
2024,Maryland,Big Ten,fumblesRecovered,7,2026-09-29T20:12:41Z
2024,Maryland,Big Ten,fumblesRecoveredOpponent,6,2026-09-29T20:12:41Z
2024,Maryland,Big Ten,games,12,2026-09-29T20:12:41Z
2024,Maryland,Big Ten,interceptions,14,2026-09-29T20:12:41Z
2024,Maryland,Big Ten,interceptionsOpponent,10,2026-09-29T20:12:41Z
2024,Maryland,Big Ten,interceptionTDs,0,2026-09-29T20:12:41Z
2024,Maryland,Big Ten,interceptionTDsOpponent,1,2026-09-29T20:12:41Z
2024,Maryland,Big Ten,interceptionYards,133,2026-09-29T20:12:41Z
2024,Maryland,Big Ten,interceptionYardsOpponent,197,2026-09-29T20:12:41Z
2024,Maryland,Big Ten,kickReturns,15,2026-09-29T20:12:41Z
2024,Maryland,Big Ten,kickReturnsOpponent,20,2026-09-29T20:12:41Z
2024,Maryland,Big Ten,kickReturnTDs,0,2026-09-29T20:12:41Z
2024,Maryland,Big Ten,kickReturnTDsOpponent,0,2026-09-29T20:12:41Z
2024,Maryland,Big Ten,kickReturnYards,239,2026-09-29T20:12:41Z
2024,Maryland,Big Ten,kickReturnYardsOpponent,467,2026-09-29T20:12:41Z
2024,Maryland,Big Ten,netPassingYards,3308,2026-09-29T20:12:41Z
2024,Maryland,Big Ten,netPassingYardsOpponent,2896,2026-09-29T20:12:41Z
2024,Maryland,Big Ten,passAttempts,493,2026-09-29T20:12:41Z
2024,Maryland,Big Ten,passAttemptsOpponent,385,2026-09-29T20:12:41Z
2024,Maryland,Big Ten,passCompletions,315,2026-09-29T20:12:41Z
2024,Maryland,Big Ten,passCompletionsOpponent,240,2026-09-29T20:12:41Z
2024,Maryland,Big Ten,passesIntercepted,10,2026-09-29T20:12:41Z
2024,Maryland,Big Ten,passesInterceptedOpponent,14,2026-09-29T20:12:41Z
2024,Maryland,Big Ten,passingTDs,21,2026-09-29T20:12:41Z
2024,Maryland,Big Ten,passingTDsOpponent,22,2026-09-29T20:12:41Z
2024,Maryland,Big Ten,penalties,77,2026-09-29T20:12:41Z
2024,Maryland,Big Ten,penaltiesOpponent,72,2026-09-29T20:12:41Z
2024,Maryland,Big Ten,penaltyYards,703,2026-09-29T20:12:41Z
2024,Maryland,Big Ten,penaltyYardsOpponent,633,2026-09-29T20:12:41Z
2024,Maryland,Big Ten,possessionTime,21664,2026-09-29T20:12:41Z
2024,Maryland,Big Ten,possessionTimeOpponent,21534,2026-09-29T20:12:41Z
2024,Maryland,Big Ten,puntReturns,12,2026-09-29T20:12:41Z
2024,Maryland,Big Ten,puntReturnsOpponent,17,2026-09-29T20:12:41Z
2024,Maryland,Big Ten,puntReturnTDs,0,2026-09-29T20:12:41Z
2024,Maryland,Big Ten,puntReturnTDsOpponent,0,2026-09-29T20:12:41Z
2024,Maryland,Big Ten,puntReturnYards,98,2026-09-29T20:12:41Z
2024,Maryland,Big Ten,puntReturnYardsOpponent,118,2026-09-29T20:12:41Z
2024,Maryland,Big Ten,rushingAttempts,370,2026-09-29T20:12:41Z
2024,Maryland,Big Ten,rushingAttemptsOpponent,424,2026-09-29T20:12:41Z
2024,Maryland,Big Ten,rushingTDs,15,2026-09-29T20:12:41Z
2024,Maryland,Big Ten,rushingTDsOpponent,19,2026-09-29T20:12:41Z
2024,Maryland,Big Ten,rushingYards,1327,2026-09-29T20:12:41Z
2024,Maryland,Big Ten,rushingYardsOpponent,1660,2026-09-29T20:12:41Z
2024,Maryland,Big Ten,sacks,14,2026-09-29T20:12:41Z
2024,Maryland,Big Ten,sacksOpponent,26,2026-09-29T20:12:41Z
2024,Maryland,Big Ten,tacklesForLoss,68,2026-09-29T20:12:41Z
2024,Maryland,Big Ten,tacklesForLossOpponent,68,2026-09-29T20:12:41Z
2024,Maryland,Big Ten,thirdDownConversions,72,2026-09-29T20:12:41Z
2024,Maryland,Big Ten,thirdDownConversionsOpponent,67,2026-09-29T20:12:41Z
2024,Maryland,Big Ten,thirdDowns,180,2026-09-29T20:12:41Z
2024,Maryland,Big Ten,thirdDownsOpponent,168,2026-09-29T20:12:41Z
2024,Maryland,Big Ten,totalYards,4635,2026-09-29T20:12:41Z
2024,Maryland,Big Ten,totalYardsOpponent,4556,2026-09-29T20:12:41Z
2024,Maryland,Big Ten,turnovers,20,2026-09-29T20:12:41Z
2024,Maryland,Big Ten,turnoversOpponent,17,2026-09-29T20:12:41Z
2024,Massachusetts,FBS Independents,firstDowns,236,2026-09-29T20:12:41Z
2024,Massachusetts,FBS Independents,firstDownsOpponent,244,2026-09-29T20:12:41Z
2024,Massachusetts,FBS Independents,fourthDownConversions,14,2026-09-29T20:12:41Z
2024,Massachusetts,FBS Independents,fourthDownConversionsOpponent,6,2026-09-29T20:12:41Z
2024,Massachusetts,FBS Independents,fourthDowns,24,2026-09-29T20:12:41Z
2024,Massachusetts,FBS Independents,fourthDownsOpponent,14,2026-09-29T20:12:41Z
2024,Massachusetts,FBS Independents,fumblesLost,4,2026-09-29T20:12:41Z
2024,Massachusetts,FBS Independents,fumblesLostOpponent,3,2026-09-29T20:12:41Z
2024,Massachusetts,FBS Independents,fumblesRecovered,4,2026-09-29T20:12:41Z
2024,Massachusetts,FBS Independents,fumblesRecoveredOpponent,4,2026-09-29T20:12:41Z
2024,Massachusetts,FBS Independents,games,12,2026-09-29T20:12:41Z
2024,Massachusetts,FBS Independents,interceptions,6,2026-09-29T20:12:41Z
2024,Massachusetts,FBS Independents,interceptionsOpponent,6,2026-09-29T20:12:41Z
2024,Massachusetts,FBS Independents,interceptionTDs,0,2026-09-29T20:12:41Z
2024,Massachusetts,FBS Independents,interceptionTDsOpponent,1,2026-09-29T20:12:41Z
2024,Massachusetts,FBS Independents,interceptionYards,18,2026-09-29T20:12:41Z
2024,Massachusetts,FBS Independents,interceptionYardsOpponent,215,2026-09-29T20:12:41Z
2024,Massachusetts,FBS Independents,kickReturns,22,2026-09-29T20:12:41Z
2024,Massachusetts,FBS Independents,kickReturnsOpponent,25,2026-09-29T20:12:41Z
2024,Massachusetts,FBS Independents,kickReturnTDs,0,2026-09-29T20:12:41Z
2024,Massachusetts,FBS Independents,kickReturnTDsOpponent,2,2026-09-29T20:12:41Z
2024,Massachusetts,FBS Independents,kickReturnYards,398,2026-09-29T20:12:41Z
2024,Massachusetts,FBS Independents,kickReturnYardsOpponent,739,2026-09-29T20:12:41Z
2024,Massachusetts,FBS Independents,netPassingYards,2181,2026-09-29T20:12:41Z
2024,Massachusetts,FBS Independents,netPassingYardsOpponent,2119,2026-09-29T20:12:41Z
2024,Massachusetts,FBS Independents,passAttempts,327,2026-09-29T20:12:41Z
2024,Massachusetts,FBS Independents,passAttemptsOpponent,270,2026-09-29T20:12:41Z
2024,Massachusetts,FBS Independents,passCompletions,187,2026-09-29T20:12:41Z
2024,Massachusetts,FBS Independents,passCompletionsOpponent,156,2026-09-29T20:12:41Z
2024,Massachusetts,FBS Independents,passesIntercepted,6,2026-09-29T20:12:41Z
2024,Massachusetts,FBS Independents,passesInterceptedOpponent,6,2026-09-29T20:12:41Z
2024,Massachusetts,FBS Independents,passingTDs,14,2026-09-29T20:12:41Z
2024,Massachusetts,FBS Independents,passingTDsOpponent,19,2026-09-29T20:12:41Z
2024,Massachusetts,FBS Independents,penalties,87,2026-09-29T20:12:41Z
2024,Massachusetts,FBS Independents,penaltiesOpponent,72,2026-09-29T20:12:41Z
2024,Massachusetts,FBS Independents,penaltyYards,758,2026-09-29T20:12:41Z
2024,Massachusetts,FBS Independents,penaltyYardsOpponent,640,2026-09-29T20:12:41Z
2024,Massachusetts,FBS Independents,possessionTime,23268,2026-09-29T20:12:41Z
2024,Massachusetts,FBS Independents,possessionTimeOpponent,19932,2026-09-29T20:12:41Z
2024,Massachusetts,FBS Independents,puntReturns,18,2026-09-29T20:12:41Z
2024,Massachusetts,FBS Independents,puntReturnsOpponent,24,2026-09-29T20:12:41Z
2024,Massachusetts,FBS Independents,puntReturnTDs,1,2026-09-29T20:12:41Z
2024,Massachusetts,FBS Independents,puntReturnTDsOpponent,0,2026-09-29T20:12:41Z
2024,Massachusetts,FBS Independents,puntReturnYards,130,2026-09-29T20:12:41Z
2024,Massachusetts,FBS Independents,puntReturnYardsOpponent,153,2026-09-29T20:12:41Z
2024,Massachusetts,FBS Independents,rushingAttempts,482,2026-09-29T20:12:41Z
2024,Massachusetts,FBS Independents,rushingAttemptsOpponent,450,2026-09-29T20:12:41Z
2024,Massachusetts,FBS Independents,rushingTDs,18,2026-09-29T20:12:41Z
2024,Massachusetts,FBS Independents,rushingTDsOpponent,32,2026-09-29T20:12:41Z
2024,Massachusetts,FBS Independents,rushingYards,1968,2026-09-29T20:12:41Z
2024,Massachusetts,FBS Independents,rushingYardsOpponent,2383,2026-09-29T20:12:41Z
2024,Massachusetts,FBS Independents,sacks,15,2026-09-29T20:12:41Z
2024,Massachusetts,FBS Independents,sacksOpponent,29,2026-09-29T20:12:41Z
2024,Massachusetts,FBS Independents,tacklesForLoss,49,2026-09-29T20:12:41Z
2024,Massachusetts,FBS Independents,tacklesForLossOpponent,73,2026-09-29T20:12:41Z
2024,Massachusetts,FBS Independents,thirdDownConversions,66,2026-09-29T20:12:41Z
2024,Massachusetts,FBS Independents,thirdDownConversionsOpponent,63,2026-09-29T20:12:41Z
2024,Massachusetts,FBS Independents,thirdDowns,174,2026-09-29T20:12:41Z
2024,Massachusetts,FBS Independents,thirdDownsOpponent,139,2026-09-29T20:12:41Z
2024,Massachusetts,FBS Independents,totalYards,4149,2026-09-29T20:12:41Z
2024,Massachusetts,FBS Independents,totalYardsOpponent,4502,2026-09-29T20:12:41Z
2024,Massachusetts,FBS Independents,turnovers,10,2026-09-29T20:12:41Z
2024,Massachusetts,FBS Independents,turnoversOpponent,9,2026-09-29T20:12:41Z
2024,Memphis,American Athletic,firstDowns,300,2026-09-29T20:12:41Z
2024,Memphis,American Athletic,firstDownsOpponent,226,2026-09-29T20:12:41Z
2024,Memphis,American Athletic,fourthDownConversions,12,2026-09-29T20:12:41Z
2024,Memphis,American Athletic,fourthDownConversionsOpponent,17,2026-09-29T20:12:41Z
2024,Memphis,American Athletic,fourthDowns,23,2026-09-29T20:12:41Z
2024,Memphis,American Athletic,fourthDownsOpponent,28,2026-09-29T20:12:41Z
2024,Memphis,American Athletic,fumblesLost,2,2026-09-29T20:12:41Z
2024,Memphis,American Athletic,fumblesLostOpponent,15,2026-09-29T20:12:41Z
2024,Memphis,American Athletic,fumblesRecovered,14,2026-09-29T20:12:41Z
2024,Memphis,American Athletic,fumblesRecoveredOpponent,4,2026-09-29T20:12:41Z
2024,Memphis,American Athletic,games,13,2026-09-29T20:12:41Z
2024,Memphis,American Athletic,interceptions,6,2026-09-29T20:12:41Z
2024,Memphis,American Athletic,interceptionsOpponent,11,2026-09-29T20:12:41Z
2024,Memphis,American Athletic,interceptionTDs,0,2026-09-29T20:12:41Z
2024,Memphis,American Athletic,interceptionTDsOpponent,1,2026-09-29T20:12:41Z
2024,Memphis,American Athletic,interceptionYards,138,2026-09-29T20:12:41Z
2024,Memphis,American Athletic,interceptionYardsOpponent,91,2026-09-29T20:12:41Z
2024,Memphis,American Athletic,kickReturns,13,2026-09-29T20:12:41Z
2024,Memphis,American Athletic,kickReturnsOpponent,5,2026-09-29T20:12:41Z
2024,Memphis,American Athletic,kickReturnTDs,0,2026-09-29T20:12:41Z
2024,Memphis,American Athletic,kickReturnTDsOpponent,0,2026-09-29T20:12:41Z
2024,Memphis,American Athletic,kickReturnYards,225,2026-09-29T20:12:41Z
2024,Memphis,American Athletic,kickReturnYardsOpponent,89,2026-09-29T20:12:41Z
2024,Memphis,American Athletic,netPassingYards,3516,2026-09-29T20:12:41Z
2024,Memphis,American Athletic,netPassingYardsOpponent,3348,2026-09-29T20:12:41Z
2024,Memphis,American Athletic,passAttempts,479,2026-09-29T20:12:41Z
2024,Memphis,American Athletic,passAttemptsOpponent,457,2026-09-29T20:12:41Z
2024,Memphis,American Athletic,passCompletions,310,2026-09-29T20:12:41Z
2024,Memphis,American Athletic,passCompletionsOpponent,275,2026-09-29T20:12:41Z
2024,Memphis,American Athletic,passesIntercepted,11,2026-09-29T20:12:41Z
2024,Memphis,American Athletic,passesInterceptedOpponent,6,2026-09-29T20:12:41Z
2024,Memphis,American Athletic,passingTDs,25,2026-09-29T20:12:41Z
2024,Memphis,American Athletic,passingTDsOpponent,17,2026-09-29T20:12:41Z
2024,Memphis,American Athletic,penalties,69,2026-09-29T20:12:41Z
2024,Memphis,American Athletic,penaltiesOpponent,77,2026-09-29T20:12:41Z
2024,Memphis,American Athletic,penaltyYards,624,2026-09-29T20:12:41Z
2024,Memphis,American Athletic,penaltyYardsOpponent,602,2026-09-29T20:12:41Z
2024,Memphis,American Athletic,possessionTime,25922,2026-09-29T20:12:41Z
2024,Memphis,American Athletic,possessionTimeOpponent,20878,2026-09-29T20:12:41Z
2024,Memphis,American Athletic,puntReturns,14,2026-09-29T20:12:41Z
2024,Memphis,American Athletic,puntReturnsOpponent,9,2026-09-29T20:12:41Z
2024,Memphis,American Athletic,puntReturnTDs,0,2026-09-29T20:12:41Z
2024,Memphis,American Athletic,puntReturnTDsOpponent,0,2026-09-29T20:12:41Z
2024,Memphis,American Athletic,puntReturnYards,177,2026-09-29T20:12:41Z
2024,Memphis,American Athletic,puntReturnYardsOpponent,59,2026-09-29T20:12:41Z
2024,Memphis,American Athletic,rushingAttempts,444,2026-09-29T20:12:41Z
2024,Memphis,American Athletic,rushingAttemptsOpponent,367,2026-09-29T20:12:41Z
2024,Memphis,American Athletic,rushingTDs,33,2026-09-29T20:12:41Z
2024,Memphis,American Athletic,rushingTDsOpponent,21,2026-09-29T20:12:41Z
2024,Memphis,American Athletic,rushingYards,2276,2026-09-29T20:12:41Z
2024,Memphis,American Athletic,rushingYardsOpponent,1453,2026-09-29T20:12:41Z
2024,Memphis,American Athletic,sacks,25,2026-09-29T20:12:41Z
2024,Memphis,American Athletic,sacksOpponent,19,2026-09-29T20:12:41Z
2024,Memphis,American Athletic,tacklesForLoss,74,2026-09-29T20:12:41Z
2024,Memphis,American Athletic,tacklesForLossOpponent,58,2026-09-29T20:12:41Z
2024,Memphis,American Athletic,thirdDownConversions,82,2026-09-29T20:12:41Z
2024,Memphis,American Athletic,thirdDownConversionsOpponent,68,2026-09-29T20:12:41Z
2024,Memphis,American Athletic,thirdDowns,179,2026-09-29T20:12:41Z
2024,Memphis,American Athletic,thirdDownsOpponent,178,2026-09-29T20:12:41Z
2024,Memphis,American Athletic,totalYards,5792,2026-09-29T20:12:41Z
2024,Memphis,American Athletic,totalYardsOpponent,4801,2026-09-29T20:12:41Z
2024,Memphis,American Athletic,turnovers,8,2026-09-29T20:12:41Z
2024,Memphis,American Athletic,turnoversOpponent,26,2026-09-29T20:12:41Z
2024,Miami,ACC,firstDowns,352,2026-09-29T20:12:41Z
2024,Miami,ACC,firstDownsOpponent,237,2026-09-29T20:12:41Z
2024,Miami,ACC,fourthDownConversions,13,2026-09-29T20:12:41Z
2024,Miami,ACC,fourthDownConversionsOpponent,16,2026-09-29T20:12:41Z
2024,Miami,ACC,fourthDowns,20,2026-09-29T20:12:41Z
2024,Miami,ACC,fourthDownsOpponent,28,2026-09-29T20:12:41Z
2024,Miami,ACC,fumblesLost,8,2026-09-29T20:12:41Z
2024,Miami,ACC,fumblesLostOpponent,4,2026-09-29T20:12:41Z
2024,Miami,ACC,fumblesRecovered,4,2026-09-29T20:12:41Z
2024,Miami,ACC,fumblesRecoveredOpponent,8,2026-09-29T20:12:41Z
2024,Miami,ACC,games,13,2026-09-29T20:12:41Z
2024,Miami,ACC,interceptions,8,2026-09-29T20:12:41Z
2024,Miami,ACC,interceptionsOpponent,14,2026-09-29T20:12:41Z
2024,Miami,ACC,interceptionTDs,1,2026-09-29T20:12:41Z
2024,Miami,ACC,interceptionTDsOpponent,1,2026-09-29T20:12:41Z
2024,Miami,ACC,interceptionYards,220,2026-09-29T20:12:41Z
2024,Miami,ACC,interceptionYardsOpponent,154,2026-09-29T20:12:41Z
2024,Miami,ACC,kickReturns,25,2026-09-29T20:12:41Z
2024,Miami,ACC,kickReturnsOpponent,25,2026-09-29T20:12:41Z
2024,Miami,ACC,kickReturnTDs,0,2026-09-29T20:12:41Z
2024,Miami,ACC,kickReturnTDsOpponent,2,2026-09-29T20:12:41Z
2024,Miami,ACC,kickReturnYards,559,2026-09-29T20:12:41Z
2024,Miami,ACC,kickReturnYardsOpponent,624,2026-09-29T20:12:41Z
2024,Miami,ACC,netPassingYards,4527,2026-09-29T20:12:41Z
2024,Miami,ACC,netPassingYardsOpponent,2787,2026-09-29T20:12:41Z
2024,Miami,ACC,passAttempts,489,2026-09-29T20:12:41Z
2024,Miami,ACC,passAttemptsOpponent,416,2026-09-29T20:12:41Z
2024,Miami,ACC,passCompletions,328,2026-09-29T20:12:41Z
2024,Miami,ACC,passCompletionsOpponent,240,2026-09-29T20:12:41Z
2024,Miami,ACC,passesIntercepted,14,2026-09-29T20:12:41Z
2024,Miami,ACC,passesInterceptedOpponent,8,2026-09-29T20:12:41Z
2024,Miami,ACC,passingTDs,41,2026-09-29T20:12:41Z
2024,Miami,ACC,passingTDsOpponent,22,2026-09-29T20:12:41Z
2024,Miami,ACC,penalties,86,2026-09-29T20:12:41Z
2024,Miami,ACC,penaltiesOpponent,66,2026-09-29T20:12:41Z
2024,Miami,ACC,penaltyYards,865,2026-09-29T20:12:41Z
2024,Miami,ACC,penaltyYardsOpponent,514,2026-09-29T20:12:41Z
2024,Miami,ACC,possessionTime,25518,2026-09-29T20:12:41Z
2024,Miami,ACC,possessionTimeOpponent,21282,2026-09-29T20:12:41Z
2024,Miami,ACC,puntReturns,17,2026-09-29T20:12:41Z
2024,Miami,ACC,puntReturnsOpponent,9,2026-09-29T20:12:41Z
2024,Miami,ACC,puntReturnTDs,0,2026-09-29T20:12:41Z
2024,Miami,ACC,puntReturnTDsOpponent,0,2026-09-29T20:12:41Z
2024,Miami,ACC,puntReturnYards,128,2026-09-29T20:12:41Z
2024,Miami,ACC,puntReturnYardsOpponent,74,2026-09-29T20:12:41Z
2024,Miami,ACC,rushingAttempts,430,2026-09-29T20:12:41Z
2024,Miami,ACC,rushingAttemptsOpponent,389,2026-09-29T20:12:41Z
2024,Miami,ACC,rushingTDs,30,2026-09-29T20:12:41Z
2024,Miami,ACC,rushingTDsOpponent,16,2026-09-29T20:12:41Z
2024,Miami,ACC,rushingYards,2459,2026-09-29T20:12:41Z
2024,Miami,ACC,rushingYardsOpponent,1469,2026-09-29T20:12:41Z
2024,Miami,ACC,sacks,35,2026-09-29T20:12:41Z
2024,Miami,ACC,sacksOpponent,23,2026-09-29T20:12:41Z
2024,Miami,ACC,tacklesForLoss,83,2026-09-29T20:12:41Z
2024,Miami,ACC,tacklesForLossOpponent,46,2026-09-29T20:12:41Z
2024,Miami,ACC,thirdDownConversions,90,2026-09-29T20:12:41Z
2024,Miami,ACC,thirdDownConversionsOpponent,60,2026-09-29T20:12:41Z
2024,Miami,ACC,thirdDowns,162,2026-09-29T20:12:41Z
2024,Miami,ACC,thirdDownsOpponent,164,2026-09-29T20:12:41Z
2024,Miami,ACC,totalYards,6986,2026-09-29T20:12:41Z
2024,Miami,ACC,totalYardsOpponent,4256,2026-09-29T20:12:41Z
2024,Miami,ACC,turnovers,16,2026-09-29T20:12:41Z
2024,Miami,ACC,turnoversOpponent,18,2026-09-29T20:12:41Z
2024,Miami (OH),Mid-American,firstDowns,235,2026-09-29T20:12:41Z
2024,Miami (OH),Mid-American,firstDownsOpponent,281,2026-09-29T20:12:41Z
2024,Miami (OH),Mid-American,fourthDownConversions,5,2026-09-29T20:12:41Z
2024,Miami (OH),Mid-American,fourthDownConversionsOpponent,10,2026-09-29T20:12:41Z
2024,Miami (OH),Mid-American,fourthDowns,11,2026-09-29T20:12:41Z
2024,Miami (OH),Mid-American,fourthDownsOpponent,21,2026-09-29T20:12:41Z
2024,Miami (OH),Mid-American,fumblesLost,5,2026-09-29T20:12:41Z
2024,Miami (OH),Mid-American,fumblesLostOpponent,10,2026-09-29T20:12:41Z
2024,Miami (OH),Mid-American,fumblesRecovered,10,2026-09-29T20:12:41Z
2024,Miami (OH),Mid-American,fumblesRecoveredOpponent,6,2026-09-29T20:12:41Z
2024,Miami (OH),Mid-American,games,14,2026-09-29T20:12:41Z
2024,Miami (OH),Mid-American,interceptions,12,2026-09-29T20:12:41Z
2024,Miami (OH),Mid-American,interceptionsOpponent,13,2026-09-29T20:12:41Z
2024,Miami (OH),Mid-American,interceptionTDs,0,2026-09-29T20:12:41Z
2024,Miami (OH),Mid-American,interceptionTDsOpponent,1,2026-09-29T20:12:41Z
2024,Miami (OH),Mid-American,interceptionYards,162,2026-09-29T20:12:41Z
2024,Miami (OH),Mid-American,interceptionYardsOpponent,144,2026-09-29T20:12:41Z
2024,Miami (OH),Mid-American,kickReturns,30,2026-09-29T20:12:41Z
2024,Miami (OH),Mid-American,kickReturnsOpponent,25,2026-09-29T20:12:41Z
2024,Miami (OH),Mid-American,kickReturnTDs,0,2026-09-29T20:12:41Z
2024,Miami (OH),Mid-American,kickReturnTDsOpponent,0,2026-09-29T20:12:41Z
2024,Miami (OH),Mid-American,kickReturnYards,544,2026-09-29T20:12:41Z
2024,Miami (OH),Mid-American,kickReturnYardsOpponent,400,2026-09-29T20:12:41Z
2024,Miami (OH),Mid-American,netPassingYards,3044,2026-09-29T20:12:41Z
2024,Miami (OH),Mid-American,netPassingYardsOpponent,2709,2026-09-29T20:12:41Z
2024,Miami (OH),Mid-American,passAttempts,398,2026-09-29T20:12:41Z
2024,Miami (OH),Mid-American,passAttemptsOpponent,464,2026-09-29T20:12:41Z
2024,Miami (OH),Mid-American,passCompletions,225,2026-09-29T20:12:41Z
2024,Miami (OH),Mid-American,passCompletionsOpponent,268,2026-09-29T20:12:41Z
2024,Miami (OH),Mid-American,passesIntercepted,13,2026-09-29T20:12:41Z
2024,Miami (OH),Mid-American,passesInterceptedOpponent,12,2026-09-29T20:12:41Z
2024,Miami (OH),Mid-American,passingTDs,23,2026-09-29T20:12:41Z
2024,Miami (OH),Mid-American,passingTDsOpponent,10,2026-09-29T20:12:41Z
2024,Miami (OH),Mid-American,penalties,74,2026-09-29T20:12:41Z
2024,Miami (OH),Mid-American,penaltiesOpponent,69,2026-09-29T20:12:41Z
2024,Miami (OH),Mid-American,penaltyYards,585,2026-09-29T20:12:41Z
2024,Miami (OH),Mid-American,penaltyYardsOpponent,587,2026-09-29T20:12:41Z
2024,Miami (OH),Mid-American,possessionTime,24424,2026-09-29T20:12:41Z
2024,Miami (OH),Mid-American,possessionTimeOpponent,25976,2026-09-29T20:12:41Z
2024,Miami (OH),Mid-American,puntReturns,19,2026-09-29T20:12:41Z
2024,Miami (OH),Mid-American,puntReturnsOpponent,19,2026-09-29T20:12:41Z
2024,Miami (OH),Mid-American,puntReturnTDs,0,2026-09-29T20:12:41Z
2024,Miami (OH),Mid-American,puntReturnTDsOpponent,0,2026-09-29T20:12:41Z
2024,Miami (OH),Mid-American,puntReturnYards,100,2026-09-29T20:12:41Z
2024,Miami (OH),Mid-American,puntReturnYardsOpponent,64,2026-09-29T20:12:41Z
2024,Miami (OH),Mid-American,rushingAttempts,407,2026-09-29T20:12:41Z
2024,Miami (OH),Mid-American,rushingAttemptsOpponent,487,2026-09-29T20:12:41Z
2024,Miami (OH),Mid-American,rushingTDs,14,2026-09-29T20:12:41Z
2024,Miami (OH),Mid-American,rushingTDsOpponent,20,2026-09-29T20:12:41Z
2024,Miami (OH),Mid-American,rushingYards,1904,2026-09-29T20:12:41Z
2024,Miami (OH),Mid-American,rushingYardsOpponent,1932,2026-09-29T20:12:41Z
2024,Miami (OH),Mid-American,sacks,29,2026-09-29T20:12:41Z
2024,Miami (OH),Mid-American,sacksOpponent,29,2026-09-29T20:12:41Z
2024,Miami (OH),Mid-American,tacklesForLoss,74,2026-09-29T20:12:41Z
2024,Miami (OH),Mid-American,tacklesForLossOpponent,69,2026-09-29T20:12:41Z
2024,Miami (OH),Mid-American,thirdDownConversions,55,2026-09-29T20:12:41Z
2024,Miami (OH),Mid-American,thirdDownConversionsOpponent,84,2026-09-29T20:12:41Z
2024,Miami (OH),Mid-American,thirdDowns,163,2026-09-29T20:12:41Z
2024,Miami (OH),Mid-American,thirdDownsOpponent,198,2026-09-29T20:12:41Z
2024,Miami (OH),Mid-American,totalYards,4948,2026-09-29T20:12:41Z
2024,Miami (OH),Mid-American,totalYardsOpponent,4641,2026-09-29T20:12:41Z
2024,Miami (OH),Mid-American,turnovers,17,2026-09-29T20:12:41Z
2024,Miami (OH),Mid-American,turnoversOpponent,23,2026-09-29T20:12:41Z
2024,Michigan,Big Ten,firstDowns,210,2026-09-29T20:12:41Z
2024,Michigan,Big Ten,firstDownsOpponent,226,2026-09-29T20:12:41Z
2024,Michigan,Big Ten,fourthDownConversions,12,2026-09-29T20:12:41Z
2024,Michigan,Big Ten,fourthDownConversionsOpponent,5,2026-09-29T20:12:41Z
2024,Michigan,Big Ten,fourthDowns,17,2026-09-29T20:12:41Z
2024,Michigan,Big Ten,fourthDownsOpponent,14,2026-09-29T20:12:41Z
2024,Michigan,Big Ten,fumblesLost,7,2026-09-29T20:12:41Z
2024,Michigan,Big Ten,fumblesLostOpponent,6,2026-09-29T20:12:41Z
2024,Michigan,Big Ten,fumblesRecovered,6,2026-09-29T20:12:41Z
2024,Michigan,Big Ten,fumblesRecoveredOpponent,7,2026-09-29T20:12:41Z
2024,Michigan,Big Ten,games,13,2026-09-29T20:12:41Z
2024,Michigan,Big Ten,interceptions,13,2026-09-29T20:12:41Z
2024,Michigan,Big Ten,interceptionsOpponent,12,2026-09-29T20:12:41Z
2024,Michigan,Big Ten,interceptionTDs,2,2026-09-29T20:12:41Z
2024,Michigan,Big Ten,interceptionTDsOpponent,0,2026-09-29T20:12:41Z
2024,Michigan,Big Ten,interceptionYards,149,2026-09-29T20:12:41Z
2024,Michigan,Big Ten,interceptionYardsOpponent,139,2026-09-29T20:12:41Z
2024,Michigan,Big Ten,kickReturns,24,2026-09-29T20:12:41Z
2024,Michigan,Big Ten,kickReturnsOpponent,13,2026-09-29T20:12:41Z
2024,Michigan,Big Ten,kickReturnTDs,0,2026-09-29T20:12:41Z
2024,Michigan,Big Ten,kickReturnTDsOpponent,0,2026-09-29T20:12:41Z
2024,Michigan,Big Ten,kickReturnYards,495,2026-09-29T20:12:41Z
2024,Michigan,Big Ten,kickReturnYardsOpponent,188,2026-09-29T20:12:41Z
2024,Michigan,Big Ten,netPassingYards,1678,2026-09-29T20:12:41Z
2024,Michigan,Big Ten,netPassingYardsOpponent,2812,2026-09-29T20:12:41Z
2024,Michigan,Big Ten,passAttempts,308,2026-09-29T20:12:41Z
2024,Michigan,Big Ten,passAttemptsOpponent,435,2026-09-29T20:12:41Z
2024,Michigan,Big Ten,passCompletions,190,2026-09-29T20:12:41Z
2024,Michigan,Big Ten,passCompletionsOpponent,262,2026-09-29T20:12:41Z
2024,Michigan,Big Ten,passesIntercepted,12,2026-09-29T20:12:41Z
2024,Michigan,Big Ten,passesInterceptedOpponent,13,2026-09-29T20:12:41Z
2024,Michigan,Big Ten,passingTDs,12,2026-09-29T20:12:41Z
2024,Michigan,Big Ten,passingTDsOpponent,19,2026-09-29T20:12:41Z
2024,Michigan,Big Ten,penalties,51,2026-09-29T20:12:41Z
2024,Michigan,Big Ten,penaltiesOpponent,54,2026-09-29T20:12:41Z
2024,Michigan,Big Ten,penaltyYards,514,2026-09-29T20:12:41Z
2024,Michigan,Big Ten,penaltyYardsOpponent,409,2026-09-29T20:12:41Z
2024,Michigan,Big Ten,possessionTime,24885,2026-09-29T20:12:41Z
2024,Michigan,Big Ten,possessionTimeOpponent,21915,2026-09-29T20:12:41Z
2024,Michigan,Big Ten,puntReturns,15,2026-09-29T20:12:41Z
2024,Michigan,Big Ten,puntReturnsOpponent,14,2026-09-29T20:12:41Z
2024,Michigan,Big Ten,puntReturnTDs,0,2026-09-29T20:12:41Z
2024,Michigan,Big Ten,puntReturnTDsOpponent,0,2026-09-29T20:12:41Z
2024,Michigan,Big Ten,puntReturnYards,158,2026-09-29T20:12:41Z
2024,Michigan,Big Ten,puntReturnYardsOpponent,239,2026-09-29T20:12:41Z
2024,Michigan,Big Ten,rushingAttempts,484,2026-09-29T20:12:41Z
2024,Michigan,Big Ten,rushingAttemptsOpponent,384,2026-09-29T20:12:41Z
2024,Michigan,Big Ten,rushingTDs,18,2026-09-29T20:12:41Z
2024,Michigan,Big Ten,rushingTDsOpponent,10,2026-09-29T20:12:41Z
2024,Michigan,Big Ten,rushingYards,2046,2026-09-29T20:12:41Z
2024,Michigan,Big Ten,rushingYardsOpponent,1180,2026-09-29T20:12:41Z
2024,Michigan,Big Ten,sacks,36,2026-09-29T20:12:41Z
2024,Michigan,Big Ten,sacksOpponent,16,2026-09-29T20:12:41Z
2024,Michigan,Big Ten,tacklesForLoss,79,2026-09-29T20:12:41Z
2024,Michigan,Big Ten,tacklesForLossOpponent,65,2026-09-29T20:12:41Z
2024,Michigan,Big Ten,thirdDownConversions,74,2026-09-29T20:12:41Z
2024,Michigan,Big Ten,thirdDownConversionsOpponent,77,2026-09-29T20:12:41Z
2024,Michigan,Big Ten,thirdDowns,177,2026-09-29T20:12:41Z
2024,Michigan,Big Ten,thirdDownsOpponent,186,2026-09-29T20:12:41Z
2024,Michigan,Big Ten,totalYards,3724,2026-09-29T20:12:41Z
2024,Michigan,Big Ten,totalYardsOpponent,3992,2026-09-29T20:12:41Z
2024,Michigan,Big Ten,turnovers,20,2026-09-29T20:12:41Z
2024,Michigan,Big Ten,turnoversOpponent,18,2026-09-29T20:12:41Z
2024,Michigan State,Big Ten,firstDowns,226,2026-09-29T20:12:41Z
2024,Michigan State,Big Ten,firstDownsOpponent,224,2026-09-29T20:12:41Z
2024,Michigan State,Big Ten,fourthDownConversions,12,2026-09-29T20:12:41Z
2024,Michigan State,Big Ten,fourthDownConversionsOpponent,14,2026-09-29T20:12:41Z
2024,Michigan State,Big Ten,fourthDowns,23,2026-09-29T20:12:41Z
2024,Michigan State,Big Ten,fourthDownsOpponent,20,2026-09-29T20:12:41Z
2024,Michigan State,Big Ten,fumblesLost,6,2026-09-29T20:12:41Z
2024,Michigan State,Big Ten,fumblesLostOpponent,2,2026-09-29T20:12:41Z
2024,Michigan State,Big Ten,fumblesRecovered,2,2026-09-29T20:12:41Z
2024,Michigan State,Big Ten,fumblesRecoveredOpponent,6,2026-09-29T20:12:41Z
2024,Michigan State,Big Ten,games,12,2026-09-29T20:12:41Z
2024,Michigan State,Big Ten,interceptions,13,2026-09-29T20:12:41Z
2024,Michigan State,Big Ten,interceptionsOpponent,9,2026-09-29T20:12:41Z
2024,Michigan State,Big Ten,interceptionTDs,1,2026-09-29T20:12:41Z
2024,Michigan State,Big Ten,interceptionTDsOpponent,0,2026-09-29T20:12:41Z
2024,Michigan State,Big Ten,interceptionYards,214,2026-09-29T20:12:41Z
2024,Michigan State,Big Ten,interceptionYardsOpponent,132,2026-09-29T20:12:41Z
2024,Michigan State,Big Ten,kickReturns,11,2026-09-29T20:12:41Z
2024,Michigan State,Big Ten,kickReturnsOpponent,13,2026-09-29T20:12:41Z
2024,Michigan State,Big Ten,kickReturnTDs,0,2026-09-29T20:12:41Z
2024,Michigan State,Big Ten,kickReturnTDsOpponent,0,2026-09-29T20:12:41Z
2024,Michigan State,Big Ten,kickReturnYards,168,2026-09-29T20:12:41Z
2024,Michigan State,Big Ten,kickReturnYardsOpponent,269,2026-09-29T20:12:41Z
2024,Michigan State,Big Ten,netPassingYards,2617,2026-09-29T20:12:41Z
2024,Michigan State,Big Ten,netPassingYardsOpponent,2483,2026-09-29T20:12:41Z
2024,Michigan State,Big Ten,passAttempts,354,2026-09-29T20:12:41Z
2024,Michigan State,Big Ten,passAttemptsOpponent,339,2026-09-29T20:12:41Z
2024,Michigan State,Big Ten,passCompletions,212,2026-09-29T20:12:41Z
2024,Michigan State,Big Ten,passCompletionsOpponent,206,2026-09-29T20:12:41Z
2024,Michigan State,Big Ten,passesIntercepted,9,2026-09-29T20:12:41Z
2024,Michigan State,Big Ten,passesInterceptedOpponent,13,2026-09-29T20:12:41Z
2024,Michigan State,Big Ten,passingTDs,13,2026-09-29T20:12:41Z
2024,Michigan State,Big Ten,passingTDsOpponent,20,2026-09-29T20:12:41Z
2024,Michigan State,Big Ten,penalties,80,2026-09-29T20:12:41Z
2024,Michigan State,Big Ten,penaltiesOpponent,50,2026-09-29T20:12:41Z
2024,Michigan State,Big Ten,penaltyYards,760,2026-09-29T20:12:41Z
2024,Michigan State,Big Ten,penaltyYardsOpponent,407,2026-09-29T20:12:41Z
2024,Michigan State,Big Ten,possessionTime,22256,2026-09-29T20:12:41Z
2024,Michigan State,Big Ten,possessionTimeOpponent,20944,2026-09-29T20:12:41Z
2024,Michigan State,Big Ten,puntReturns,9,2026-09-29T20:12:41Z
2024,Michigan State,Big Ten,puntReturnsOpponent,21,2026-09-29T20:12:41Z
2024,Michigan State,Big Ten,puntReturnTDs,0,2026-09-29T20:12:41Z
2024,Michigan State,Big Ten,puntReturnTDsOpponent,0,2026-09-29T20:12:41Z
2024,Michigan State,Big Ten,puntReturnYards,50,2026-09-29T20:12:41Z
2024,Michigan State,Big Ten,puntReturnYardsOpponent,221,2026-09-29T20:12:41Z
2024,Michigan State,Big Ten,rushingAttempts,389,2026-09-29T20:12:41Z
2024,Michigan State,Big Ten,rushingAttemptsOpponent,398,2026-09-29T20:12:41Z
2024,Michigan State,Big Ten,rushingTDs,11,2026-09-29T20:12:41Z
2024,Michigan State,Big Ten,rushingTDsOpponent,19,2026-09-29T20:12:41Z
2024,Michigan State,Big Ten,rushingYards,1421,2026-09-29T20:12:41Z
2024,Michigan State,Big Ten,rushingYardsOpponent,1519,2026-09-29T20:12:41Z
2024,Michigan State,Big Ten,sacks,19,2026-09-29T20:12:41Z
2024,Michigan State,Big Ten,sacksOpponent,34,2026-09-29T20:12:41Z
2024,Michigan State,Big Ten,tacklesForLoss,66,2026-09-29T20:12:41Z
2024,Michigan State,Big Ten,tacklesForLossOpponent,77,2026-09-29T20:12:41Z
2024,Michigan State,Big Ten,thirdDownConversions,59,2026-09-29T20:12:41Z
2024,Michigan State,Big Ten,thirdDownConversionsOpponent,70,2026-09-29T20:12:41Z
2024,Michigan State,Big Ten,thirdDowns,154,2026-09-29T20:12:41Z
2024,Michigan State,Big Ten,thirdDownsOpponent,159,2026-09-29T20:12:41Z
2024,Michigan State,Big Ten,totalYards,4038,2026-09-29T20:12:41Z
2024,Michigan State,Big Ten,totalYardsOpponent,4002,2026-09-29T20:12:41Z
2024,Michigan State,Big Ten,turnovers,19,2026-09-29T20:12:41Z
2024,Michigan State,Big Ten,turnoversOpponent,11,2026-09-29T20:12:41Z
2024,Middle Tennessee,Conference USA,firstDowns,218,2026-09-29T20:12:41Z
2024,Middle Tennessee,Conference USA,firstDownsOpponent,281,2026-09-29T20:12:41Z
2024,Middle Tennessee,Conference USA,fourthDownConversions,13,2026-09-29T20:12:41Z
2024,Middle Tennessee,Conference USA,fourthDownConversionsOpponent,8,2026-09-29T20:12:41Z
2024,Middle Tennessee,Conference USA,fourthDowns,27,2026-09-29T20:12:41Z
2024,Middle Tennessee,Conference USA,fourthDownsOpponent,16,2026-09-29T20:12:41Z
2024,Middle Tennessee,Conference USA,fumblesLost,9,2026-09-29T20:12:41Z
2024,Middle Tennessee,Conference USA,fumblesLostOpponent,5,2026-09-29T20:12:41Z
2024,Middle Tennessee,Conference USA,fumblesRecovered,5,2026-09-29T20:12:41Z
2024,Middle Tennessee,Conference USA,fumblesRecoveredOpponent,8,2026-09-29T20:12:41Z
2024,Middle Tennessee,Conference USA,games,12,2026-09-29T20:12:41Z
2024,Middle Tennessee,Conference USA,interceptions,10,2026-09-29T20:12:41Z
2024,Middle Tennessee,Conference USA,interceptionsOpponent,5,2026-09-29T20:12:41Z
2024,Middle Tennessee,Conference USA,interceptionTDs,0,2026-09-29T20:12:41Z
2024,Middle Tennessee,Conference USA,interceptionTDsOpponent,1,2026-09-29T20:12:41Z
2024,Middle Tennessee,Conference USA,interceptionYards,42,2026-09-29T20:12:41Z
2024,Middle Tennessee,Conference USA,interceptionYardsOpponent,95,2026-09-29T20:12:41Z
2024,Middle Tennessee,Conference USA,kickReturns,30,2026-09-29T20:12:41Z
2024,Middle Tennessee,Conference USA,kickReturnsOpponent,30,2026-09-29T20:12:41Z
2024,Middle Tennessee,Conference USA,kickReturnTDs,0,2026-09-29T20:12:41Z
2024,Middle Tennessee,Conference USA,kickReturnTDsOpponent,0,2026-09-29T20:12:41Z
2024,Middle Tennessee,Conference USA,kickReturnYards,527,2026-09-29T20:12:41Z
2024,Middle Tennessee,Conference USA,kickReturnYardsOpponent,541,2026-09-29T20:12:41Z
2024,Middle Tennessee,Conference USA,netPassingYards,3133,2026-09-29T20:12:41Z
2024,Middle Tennessee,Conference USA,netPassingYardsOpponent,3026,2026-09-29T20:12:41Z
2024,Middle Tennessee,Conference USA,passAttempts,427,2026-09-29T20:12:41Z
2024,Middle Tennessee,Conference USA,passAttemptsOpponent,343,2026-09-29T20:12:41Z
2024,Middle Tennessee,Conference USA,passCompletions,273,2026-09-29T20:12:41Z
2024,Middle Tennessee,Conference USA,passCompletionsOpponent,231,2026-09-29T20:12:41Z
2024,Middle Tennessee,Conference USA,passesIntercepted,5,2026-09-29T20:12:41Z
2024,Middle Tennessee,Conference USA,passesInterceptedOpponent,10,2026-09-29T20:12:41Z
2024,Middle Tennessee,Conference USA,passingTDs,16,2026-09-29T20:12:41Z
2024,Middle Tennessee,Conference USA,passingTDsOpponent,27,2026-09-29T20:12:41Z
2024,Middle Tennessee,Conference USA,penalties,88,2026-09-29T20:12:41Z
2024,Middle Tennessee,Conference USA,penaltiesOpponent,66,2026-09-29T20:12:41Z
2024,Middle Tennessee,Conference USA,penaltyYards,735,2026-09-29T20:12:41Z
2024,Middle Tennessee,Conference USA,penaltyYardsOpponent,611,2026-09-29T20:12:41Z
2024,Middle Tennessee,Conference USA,possessionTime,21782,2026-09-29T20:12:41Z
2024,Middle Tennessee,Conference USA,possessionTimeOpponent,21418,2026-09-29T20:12:41Z
2024,Middle Tennessee,Conference USA,puntReturns,12,2026-09-29T20:12:41Z
2024,Middle Tennessee,Conference USA,puntReturnsOpponent,19,2026-09-29T20:12:41Z
2024,Middle Tennessee,Conference USA,puntReturnTDs,1,2026-09-29T20:12:41Z
2024,Middle Tennessee,Conference USA,puntReturnTDsOpponent,0,2026-09-29T20:12:41Z
2024,Middle Tennessee,Conference USA,puntReturnYards,111,2026-09-29T20:12:41Z
2024,Middle Tennessee,Conference USA,puntReturnYardsOpponent,139,2026-09-29T20:12:41Z
2024,Middle Tennessee,Conference USA,rushingAttempts,335,2026-09-29T20:12:41Z
2024,Middle Tennessee,Conference USA,rushingAttemptsOpponent,462,2026-09-29T20:12:41Z
2024,Middle Tennessee,Conference USA,rushingTDs,10,2026-09-29T20:12:41Z
2024,Middle Tennessee,Conference USA,rushingTDsOpponent,26,2026-09-29T20:12:41Z
2024,Middle Tennessee,Conference USA,rushingYards,1086,2026-09-29T20:12:41Z
2024,Middle Tennessee,Conference USA,rushingYardsOpponent,2369,2026-09-29T20:12:41Z
2024,Middle Tennessee,Conference USA,sacks,20,2026-09-29T20:12:41Z
2024,Middle Tennessee,Conference USA,sacksOpponent,30,2026-09-29T20:12:41Z
2024,Middle Tennessee,Conference USA,tacklesForLoss,55,2026-09-29T20:12:41Z
2024,Middle Tennessee,Conference USA,tacklesForLossOpponent,71,2026-09-29T20:12:41Z
2024,Middle Tennessee,Conference USA,thirdDownConversions,62,2026-09-29T20:12:41Z
2024,Middle Tennessee,Conference USA,thirdDownConversionsOpponent,72,2026-09-29T20:12:41Z
2024,Middle Tennessee,Conference USA,thirdDowns,162,2026-09-29T20:12:41Z
2024,Middle Tennessee,Conference USA,thirdDownsOpponent,149,2026-09-29T20:12:41Z
2024,Middle Tennessee,Conference USA,totalYards,4219,2026-09-29T20:12:41Z
2024,Middle Tennessee,Conference USA,totalYardsOpponent,5395,2026-09-29T20:12:41Z
2024,Middle Tennessee,Conference USA,turnovers,19,2026-09-29T20:12:41Z
2024,Middle Tennessee,Conference USA,turnoversOpponent,10,2026-09-29T20:12:41Z
2024,Minnesota,Big Ten,firstDowns,264,2026-09-29T20:12:41Z
2024,Minnesota,Big Ten,firstDownsOpponent,208,2026-09-29T20:12:41Z
2024,Minnesota,Big Ten,fourthDownConversions,11,2026-09-29T20:12:41Z
2024,Minnesota,Big Ten,fourthDownConversionsOpponent,7,2026-09-29T20:12:41Z
2024,Minnesota,Big Ten,fourthDowns,12,2026-09-29T20:12:41Z
2024,Minnesota,Big Ten,fourthDownsOpponent,17,2026-09-29T20:12:41Z
2024,Minnesota,Big Ten,fumblesLost,6,2026-09-29T20:12:41Z
2024,Minnesota,Big Ten,fumblesLostOpponent,4,2026-09-29T20:12:41Z
2024,Minnesota,Big Ten,fumblesRecovered,4,2026-09-29T20:12:41Z
2024,Minnesota,Big Ten,fumblesRecoveredOpponent,6,2026-09-29T20:12:41Z
2024,Minnesota,Big Ten,games,13,2026-09-29T20:12:41Z
2024,Minnesota,Big Ten,interceptions,6,2026-09-29T20:12:41Z
2024,Minnesota,Big Ten,interceptionsOpponent,17,2026-09-29T20:12:41Z
2024,Minnesota,Big Ten,interceptionTDs,2,2026-09-29T20:12:41Z
2024,Minnesota,Big Ten,interceptionTDsOpponent,0,2026-09-29T20:12:41Z
2024,Minnesota,Big Ten,interceptionYards,239,2026-09-29T20:12:41Z
2024,Minnesota,Big Ten,interceptionYardsOpponent,61,2026-09-29T20:12:41Z
2024,Minnesota,Big Ten,kickReturns,21,2026-09-29T20:12:41Z
2024,Minnesota,Big Ten,kickReturnsOpponent,10,2026-09-29T20:12:41Z
2024,Minnesota,Big Ten,kickReturnTDs,0,2026-09-29T20:12:41Z
2024,Minnesota,Big Ten,kickReturnTDsOpponent,0,2026-09-29T20:12:41Z
2024,Minnesota,Big Ten,kickReturnYards,401,2026-09-29T20:12:41Z
2024,Minnesota,Big Ten,kickReturnYardsOpponent,209,2026-09-29T20:12:41Z
2024,Minnesota,Big Ten,netPassingYards,2889,2026-09-29T20:12:41Z
2024,Minnesota,Big Ten,netPassingYardsOpponent,2289,2026-09-29T20:12:41Z
2024,Minnesota,Big Ten,passAttempts,411,2026-09-29T20:12:41Z
2024,Minnesota,Big Ten,passAttemptsOpponent,373,2026-09-29T20:12:41Z
2024,Minnesota,Big Ten,passCompletions,273,2026-09-29T20:12:41Z
2024,Minnesota,Big Ten,passCompletionsOpponent,220,2026-09-29T20:12:41Z
2024,Minnesota,Big Ten,passesIntercepted,17,2026-09-29T20:12:41Z
2024,Minnesota,Big Ten,passesInterceptedOpponent,6,2026-09-29T20:12:41Z
2024,Minnesota,Big Ten,passingTDs,20,2026-09-29T20:12:41Z
2024,Minnesota,Big Ten,passingTDsOpponent,11,2026-09-29T20:12:41Z
2024,Minnesota,Big Ten,penalties,63,2026-09-29T20:12:41Z
2024,Minnesota,Big Ten,penaltiesOpponent,65,2026-09-29T20:12:41Z
2024,Minnesota,Big Ten,penaltyYards,488,2026-09-29T20:12:41Z
2024,Minnesota,Big Ten,penaltyYardsOpponent,638,2026-09-29T20:12:41Z
2024,Minnesota,Big Ten,possessionTime,24915,2026-09-29T20:12:41Z
2024,Minnesota,Big Ten,possessionTimeOpponent,21885,2026-09-29T20:12:41Z
2024,Minnesota,Big Ten,puntReturns,25,2026-09-29T20:12:41Z
2024,Minnesota,Big Ten,puntReturnsOpponent,17,2026-09-29T20:12:41Z
2024,Minnesota,Big Ten,puntReturnTDs,0,2026-09-29T20:12:41Z
2024,Minnesota,Big Ten,puntReturnTDsOpponent,0,2026-09-29T20:12:41Z
2024,Minnesota,Big Ten,puntReturnYards,196,2026-09-29T20:12:41Z
2024,Minnesota,Big Ten,puntReturnYardsOpponent,138,2026-09-29T20:12:41Z
2024,Minnesota,Big Ten,rushingAttempts,402,2026-09-29T20:12:41Z
2024,Minnesota,Big Ten,rushingAttemptsOpponent,406,2026-09-29T20:12:41Z
2024,Minnesota,Big Ten,rushingTDs,18,2026-09-29T20:12:41Z
2024,Minnesota,Big Ten,rushingTDsOpponent,14,2026-09-29T20:12:41Z
2024,Minnesota,Big Ten,rushingYards,1505,2026-09-29T20:12:41Z
2024,Minnesota,Big Ten,rushingYardsOpponent,1426,2026-09-29T20:12:41Z
2024,Minnesota,Big Ten,sacks,28,2026-09-29T20:12:41Z
2024,Minnesota,Big Ten,sacksOpponent,26,2026-09-29T20:12:41Z
2024,Minnesota,Big Ten,tacklesForLoss,66,2026-09-29T20:12:41Z
2024,Minnesota,Big Ten,tacklesForLossOpponent,73,2026-09-29T20:12:41Z
2024,Minnesota,Big Ten,thirdDownConversions,75,2026-09-29T20:12:41Z
2024,Minnesota,Big Ten,thirdDownConversionsOpponent,67,2026-09-29T20:12:41Z
2024,Minnesota,Big Ten,thirdDowns,168,2026-09-29T20:12:41Z
2024,Minnesota,Big Ten,thirdDownsOpponent,173,2026-09-29T20:12:41Z
2024,Minnesota,Big Ten,totalYards,4394,2026-09-29T20:12:41Z
2024,Minnesota,Big Ten,totalYardsOpponent,3715,2026-09-29T20:12:41Z
2024,Minnesota,Big Ten,turnovers,12,2026-09-29T20:12:41Z
2024,Minnesota,Big Ten,turnoversOpponent,21,2026-09-29T20:12:41Z
2024,Mississippi State,SEC,firstDowns,244,2026-09-29T20:12:41Z
2024,Mississippi State,SEC,firstDownsOpponent,286,2026-09-29T20:12:41Z
2024,Mississippi State,SEC,fourthDownConversions,21,2026-09-29T20:12:41Z
2024,Mississippi State,SEC,fourthDownConversionsOpponent,14,2026-09-29T20:12:41Z
2024,Mississippi State,SEC,fourthDowns,37,2026-09-29T20:12:41Z
2024,Mississippi State,SEC,fourthDownsOpponent,19,2026-09-29T20:12:41Z
2024,Mississippi State,SEC,fumblesLost,10,2026-09-29T20:12:41Z
2024,Mississippi State,SEC,fumblesLostOpponent,5,2026-09-29T20:12:41Z
2024,Mississippi State,SEC,fumblesRecovered,4,2026-09-29T20:12:41Z
2024,Mississippi State,SEC,fumblesRecoveredOpponent,10,2026-09-29T20:12:41Z
2024,Mississippi State,SEC,games,12,2026-09-29T20:12:41Z
2024,Mississippi State,SEC,interceptions,8,2026-09-29T20:12:41Z
2024,Mississippi State,SEC,interceptionsOpponent,7,2026-09-29T20:12:41Z
2024,Mississippi State,SEC,interceptionTDs,1,2026-09-29T20:12:41Z
2024,Mississippi State,SEC,interceptionTDsOpponent,0,2026-09-29T20:12:41Z
2024,Mississippi State,SEC,interceptionYards,72,2026-09-29T20:12:41Z
2024,Mississippi State,SEC,interceptionYardsOpponent,59,2026-09-29T20:12:41Z
2024,Mississippi State,SEC,kickReturns,12,2026-09-29T20:12:41Z
2024,Mississippi State,SEC,kickReturnsOpponent,10,2026-09-29T20:12:41Z
2024,Mississippi State,SEC,kickReturnTDs,0,2026-09-29T20:12:41Z
2024,Mississippi State,SEC,kickReturnTDsOpponent,0,2026-09-29T20:12:41Z
2024,Mississippi State,SEC,kickReturnYards,308,2026-09-29T20:12:41Z
2024,Mississippi State,SEC,kickReturnYardsOpponent,169,2026-09-29T20:12:41Z
2024,Mississippi State,SEC,netPassingYards,2871,2026-09-29T20:12:41Z
2024,Mississippi State,SEC,netPassingYardsOpponent,2873,2026-09-29T20:12:41Z
2024,Mississippi State,SEC,passAttempts,367,2026-09-29T20:12:41Z
2024,Mississippi State,SEC,passAttemptsOpponent,341,2026-09-29T20:12:41Z
2024,Mississippi State,SEC,passCompletions,215,2026-09-29T20:12:41Z
2024,Mississippi State,SEC,passCompletionsOpponent,240,2026-09-29T20:12:41Z
2024,Mississippi State,SEC,passesIntercepted,7,2026-09-29T20:12:41Z
2024,Mississippi State,SEC,passesInterceptedOpponent,8,2026-09-29T20:12:41Z
2024,Mississippi State,SEC,passingTDs,19,2026-09-29T20:12:41Z
2024,Mississippi State,SEC,passingTDsOpponent,23,2026-09-29T20:12:41Z
2024,Mississippi State,SEC,penalties,82,2026-09-29T20:12:41Z
2024,Mississippi State,SEC,penaltiesOpponent,75,2026-09-29T20:12:41Z
2024,Mississippi State,SEC,penaltyYards,723,2026-09-29T20:12:41Z
2024,Mississippi State,SEC,penaltyYardsOpponent,706,2026-09-29T20:12:41Z
2024,Mississippi State,SEC,possessionTime,18496,2026-09-29T20:12:41Z
2024,Mississippi State,SEC,possessionTimeOpponent,24704,2026-09-29T20:12:41Z
2024,Mississippi State,SEC,puntReturns,19,2026-09-29T20:12:41Z
2024,Mississippi State,SEC,puntReturnsOpponent,14,2026-09-29T20:12:41Z
2024,Mississippi State,SEC,puntReturnTDs,1,2026-09-29T20:12:41Z
2024,Mississippi State,SEC,puntReturnTDsOpponent,0,2026-09-29T20:12:41Z
2024,Mississippi State,SEC,puntReturnYards,179,2026-09-29T20:12:41Z
2024,Mississippi State,SEC,puntReturnYardsOpponent,122,2026-09-29T20:12:41Z
2024,Mississippi State,SEC,rushingAttempts,417,2026-09-29T20:12:41Z
2024,Mississippi State,SEC,rushingAttemptsOpponent,513,2026-09-29T20:12:41Z
2024,Mississippi State,SEC,rushingTDs,19,2026-09-29T20:12:41Z
2024,Mississippi State,SEC,rushingTDsOpponent,24,2026-09-29T20:12:41Z
2024,Mississippi State,SEC,rushingYards,1663,2026-09-29T20:12:41Z
2024,Mississippi State,SEC,rushingYardsOpponent,2624,2026-09-29T20:12:41Z
2024,Mississippi State,SEC,sacks,10,2026-09-29T20:12:41Z
2024,Mississippi State,SEC,sacksOpponent,37,2026-09-29T20:12:41Z
2024,Mississippi State,SEC,tacklesForLoss,47,2026-09-29T20:12:41Z
2024,Mississippi State,SEC,tacklesForLossOpponent,81,2026-09-29T20:12:41Z
2024,Mississippi State,SEC,thirdDownConversions,59,2026-09-29T20:12:41Z
2024,Mississippi State,SEC,thirdDownConversionsOpponent,79,2026-09-29T20:12:41Z
2024,Mississippi State,SEC,thirdDowns,160,2026-09-29T20:12:41Z
2024,Mississippi State,SEC,thirdDownsOpponent,165,2026-09-29T20:12:41Z
2024,Mississippi State,SEC,totalYards,4534,2026-09-29T20:12:41Z
2024,Mississippi State,SEC,totalYardsOpponent,5497,2026-09-29T20:12:41Z
2024,Mississippi State,SEC,turnovers,18,2026-09-29T20:12:41Z
2024,Mississippi State,SEC,turnoversOpponent,12,2026-09-29T20:12:41Z
2024,Missouri,SEC,firstDowns,276,2026-09-29T20:12:41Z
2024,Missouri,SEC,firstDownsOpponent,210,2026-09-29T20:12:41Z
2024,Missouri,SEC,fourthDownConversions,10,2026-09-29T20:12:41Z
2024,Missouri,SEC,fourthDownConversionsOpponent,12,2026-09-29T20:12:41Z
2024,Missouri,SEC,fourthDowns,19,2026-09-29T20:12:41Z
2024,Missouri,SEC,fourthDownsOpponent,24,2026-09-29T20:12:41Z
2024,Missouri,SEC,fumblesLost,4,2026-09-29T20:12:41Z
2024,Missouri,SEC,fumblesLostOpponent,10,2026-09-29T20:12:41Z
2024,Missouri,SEC,fumblesRecovered,10,2026-09-29T20:12:41Z
2024,Missouri,SEC,fumblesRecoveredOpponent,4,2026-09-29T20:12:41Z
2024,Missouri,SEC,games,13,2026-09-29T20:12:41Z
2024,Missouri,SEC,interceptions,5,2026-09-29T20:12:41Z
2024,Missouri,SEC,interceptionsOpponent,7,2026-09-29T20:12:41Z
2024,Missouri,SEC,interceptionTDs,1,2026-09-29T20:12:41Z
2024,Missouri,SEC,interceptionTDsOpponent,0,2026-09-29T20:12:41Z
2024,Missouri,SEC,interceptionYards,161,2026-09-29T20:12:41Z
2024,Missouri,SEC,interceptionYardsOpponent,47,2026-09-29T20:12:41Z
2024,Missouri,SEC,kickReturns,24,2026-09-29T20:12:41Z
2024,Missouri,SEC,kickReturnsOpponent,19,2026-09-29T20:12:41Z
2024,Missouri,SEC,kickReturnTDs,0,2026-09-29T20:12:41Z
2024,Missouri,SEC,kickReturnTDsOpponent,1,2026-09-29T20:12:41Z
2024,Missouri,SEC,kickReturnYards,452,2026-09-29T20:12:41Z
2024,Missouri,SEC,kickReturnYardsOpponent,428,2026-09-29T20:12:41Z
2024,Missouri,SEC,netPassingYards,2916,2026-09-29T20:12:41Z
2024,Missouri,SEC,netPassingYardsOpponent,2357,2026-09-29T20:12:41Z
2024,Missouri,SEC,passAttempts,403,2026-09-29T20:12:41Z
2024,Missouri,SEC,passAttemptsOpponent,325,2026-09-29T20:12:41Z
2024,Missouri,SEC,passCompletions,249,2026-09-29T20:12:41Z
2024,Missouri,SEC,passCompletionsOpponent,198,2026-09-29T20:12:41Z
2024,Missouri,SEC,passesIntercepted,7,2026-09-29T20:12:41Z
2024,Missouri,SEC,passesInterceptedOpponent,5,2026-09-29T20:12:41Z
2024,Missouri,SEC,passingTDs,14,2026-09-29T20:12:41Z
2024,Missouri,SEC,passingTDsOpponent,14,2026-09-29T20:12:41Z
2024,Missouri,SEC,penalties,73,2026-09-29T20:12:41Z
2024,Missouri,SEC,penaltiesOpponent,78,2026-09-29T20:12:41Z
2024,Missouri,SEC,penaltyYards,658,2026-09-29T20:12:41Z
2024,Missouri,SEC,penaltyYardsOpponent,682,2026-09-29T20:12:41Z
2024,Missouri,SEC,possessionTime,25672,2026-09-29T20:12:41Z
2024,Missouri,SEC,possessionTimeOpponent,21128,2026-09-29T20:12:41Z
2024,Missouri,SEC,puntReturns,8,2026-09-29T20:12:41Z
2024,Missouri,SEC,puntReturnsOpponent,11,2026-09-29T20:12:41Z
2024,Missouri,SEC,puntReturnTDs,1,2026-09-29T20:12:41Z
2024,Missouri,SEC,puntReturnTDsOpponent,0,2026-09-29T20:12:41Z
2024,Missouri,SEC,puntReturnYards,27,2026-09-29T20:12:41Z
2024,Missouri,SEC,puntReturnYardsOpponent,82,2026-09-29T20:12:41Z
2024,Missouri,SEC,rushingAttempts,515,2026-09-29T20:12:41Z
2024,Missouri,SEC,rushingAttemptsOpponent,435,2026-09-29T20:12:41Z
2024,Missouri,SEC,rushingTDs,26,2026-09-29T20:12:41Z
2024,Missouri,SEC,rushingTDsOpponent,15,2026-09-29T20:12:41Z
2024,Missouri,SEC,rushingYards,2152,2026-09-29T20:12:41Z
2024,Missouri,SEC,rushingYardsOpponent,1771,2026-09-29T20:12:41Z
2024,Missouri,SEC,sacks,27,2026-09-29T20:12:41Z
2024,Missouri,SEC,sacksOpponent,26,2026-09-29T20:12:41Z
2024,Missouri,SEC,tacklesForLoss,69,2026-09-29T20:12:41Z
2024,Missouri,SEC,tacklesForLossOpponent,60,2026-09-29T20:12:41Z
2024,Missouri,SEC,thirdDownConversions,89,2026-09-29T20:12:41Z
2024,Missouri,SEC,thirdDownConversionsOpponent,48,2026-09-29T20:12:41Z
2024,Missouri,SEC,thirdDowns,193,2026-09-29T20:12:41Z
2024,Missouri,SEC,thirdDownsOpponent,161,2026-09-29T20:12:41Z
2024,Missouri,SEC,totalYards,5068,2026-09-29T20:12:41Z
2024,Missouri,SEC,totalYardsOpponent,4128,2026-09-29T20:12:41Z
2024,Missouri,SEC,turnovers,9,2026-09-29T20:12:41Z
2024,Missouri,SEC,turnoversOpponent,17,2026-09-29T20:12:41Z
2024,Navy,American Athletic,firstDowns,221,2026-09-29T20:12:41Z
2024,Navy,American Athletic,firstDownsOpponent,256,2026-09-29T20:12:41Z
2024,Navy,American Athletic,fourthDownConversions,15,2026-09-29T20:12:41Z
2024,Navy,American Athletic,fourthDownConversionsOpponent,18,2026-09-29T20:12:41Z
2024,Navy,American Athletic,fourthDowns,24,2026-09-29T20:12:41Z
2024,Navy,American Athletic,fourthDownsOpponent,37,2026-09-29T20:12:41Z
2024,Navy,American Athletic,fumblesLost,8,2026-09-29T20:12:41Z
2024,Navy,American Athletic,fumblesLostOpponent,7,2026-09-29T20:12:41Z
2024,Navy,American Athletic,fumblesRecovered,7,2026-09-29T20:12:41Z
2024,Navy,American Athletic,fumblesRecoveredOpponent,8,2026-09-29T20:12:41Z
2024,Navy,American Athletic,games,13,2026-09-29T20:12:41Z
2024,Navy,American Athletic,interceptions,6,2026-09-29T20:12:41Z
2024,Navy,American Athletic,interceptionsOpponent,17,2026-09-29T20:12:41Z
2024,Navy,American Athletic,interceptionTDs,3,2026-09-29T20:12:41Z
2024,Navy,American Athletic,interceptionTDsOpponent,0,2026-09-29T20:12:41Z
2024,Navy,American Athletic,interceptionYards,329,2026-09-29T20:12:41Z
2024,Navy,American Athletic,interceptionYardsOpponent,25,2026-09-29T20:12:41Z
2024,Navy,American Athletic,kickReturns,22,2026-09-29T20:12:41Z
2024,Navy,American Athletic,kickReturnsOpponent,44,2026-09-29T20:12:41Z
2024,Navy,American Athletic,kickReturnTDs,0,2026-09-29T20:12:41Z
2024,Navy,American Athletic,kickReturnTDsOpponent,0,2026-09-29T20:12:41Z
2024,Navy,American Athletic,kickReturnYards,362,2026-09-29T20:12:41Z
2024,Navy,American Athletic,kickReturnYardsOpponent,800,2026-09-29T20:12:41Z
2024,Navy,American Athletic,netPassingYards,1609,2026-09-29T20:12:41Z
2024,Navy,American Athletic,netPassingYardsOpponent,2767,2026-09-29T20:12:41Z
2024,Navy,American Athletic,passAttempts,179,2026-09-29T20:12:41Z
2024,Navy,American Athletic,passAttemptsOpponent,404,2026-09-29T20:12:41Z
2024,Navy,American Athletic,passCompletions,99,2026-09-29T20:12:41Z
2024,Navy,American Athletic,passCompletionsOpponent,240,2026-09-29T20:12:41Z
2024,Navy,American Athletic,passesIntercepted,17,2026-09-29T20:12:41Z
2024,Navy,American Athletic,passesInterceptedOpponent,6,2026-09-29T20:12:41Z
2024,Navy,American Athletic,passingTDs,15,2026-09-29T20:12:41Z
2024,Navy,American Athletic,passingTDsOpponent,19,2026-09-29T20:12:41Z
2024,Navy,American Athletic,penalties,66,2026-09-29T20:12:41Z
2024,Navy,American Athletic,penaltiesOpponent,78,2026-09-29T20:12:41Z
2024,Navy,American Athletic,penaltyYards,585,2026-09-29T20:12:41Z
2024,Navy,American Athletic,penaltyYardsOpponent,638,2026-09-29T20:12:41Z
2024,Navy,American Athletic,possessionTime,23487,2026-09-29T20:12:41Z
2024,Navy,American Athletic,possessionTimeOpponent,23313,2026-09-29T20:12:41Z
2024,Navy,American Athletic,puntReturns,14,2026-09-29T20:12:41Z
2024,Navy,American Athletic,puntReturnsOpponent,29,2026-09-29T20:12:41Z
2024,Navy,American Athletic,puntReturnTDs,0,2026-09-29T20:12:41Z
2024,Navy,American Athletic,puntReturnTDsOpponent,0,2026-09-29T20:12:41Z
2024,Navy,American Athletic,puntReturnYards,65,2026-09-29T20:12:41Z
2024,Navy,American Athletic,puntReturnYardsOpponent,248,2026-09-29T20:12:41Z
2024,Navy,American Athletic,rushingAttempts,590,2026-09-29T20:12:41Z
2024,Navy,American Athletic,rushingAttemptsOpponent,484,2026-09-29T20:12:41Z
2024,Navy,American Athletic,rushingTDs,38,2026-09-29T20:12:41Z
2024,Navy,American Athletic,rushingTDsOpponent,17,2026-09-29T20:12:41Z
2024,Navy,American Athletic,rushingYards,3225,2026-09-29T20:12:41Z
2024,Navy,American Athletic,rushingYardsOpponent,2055,2026-09-29T20:12:41Z
2024,Navy,American Athletic,sacks,28,2026-09-29T20:12:41Z
2024,Navy,American Athletic,sacksOpponent,11,2026-09-29T20:12:41Z
2024,Navy,American Athletic,tacklesForLoss,61,2026-09-29T20:12:41Z
2024,Navy,American Athletic,tacklesForLossOpponent,44,2026-09-29T20:12:41Z
2024,Navy,American Athletic,thirdDownConversions,62,2026-09-29T20:12:41Z
2024,Navy,American Athletic,thirdDownConversionsOpponent,79,2026-09-29T20:12:41Z
2024,Navy,American Athletic,thirdDowns,162,2026-09-29T20:12:41Z
2024,Navy,American Athletic,thirdDownsOpponent,189,2026-09-29T20:12:41Z
2024,Navy,American Athletic,totalYards,4834,2026-09-29T20:12:41Z
2024,Navy,American Athletic,totalYardsOpponent,4822,2026-09-29T20:12:41Z
2024,Navy,American Athletic,turnovers,14,2026-09-29T20:12:41Z
2024,Navy,American Athletic,turnoversOpponent,24,2026-09-29T20:12:41Z
2024,NC State,ACC,firstDowns,263,2026-09-29T20:12:41Z
2024,NC State,ACC,firstDownsOpponent,253,2026-09-29T20:12:41Z
2024,NC State,ACC,fourthDownConversions,11,2026-09-29T20:12:41Z
2024,NC State,ACC,fourthDownConversionsOpponent,12,2026-09-29T20:12:41Z
2024,NC State,ACC,fourthDowns,20,2026-09-29T20:12:41Z
2024,NC State,ACC,fourthDownsOpponent,22,2026-09-29T20:12:41Z
2024,NC State,ACC,fumblesLost,10,2026-09-29T20:12:41Z
2024,NC State,ACC,fumblesLostOpponent,10,2026-09-29T20:12:41Z
2024,NC State,ACC,fumblesRecovered,10,2026-09-29T20:12:41Z
2024,NC State,ACC,fumblesRecoveredOpponent,10,2026-09-29T20:12:41Z
2024,NC State,ACC,games,13,2026-09-29T20:12:41Z
2024,NC State,ACC,interceptions,13,2026-09-29T20:12:41Z
2024,NC State,ACC,interceptionsOpponent,10,2026-09-29T20:12:41Z
2024,NC State,ACC,interceptionTDs,2,2026-09-29T20:12:41Z
2024,NC State,ACC,interceptionTDsOpponent,3,2026-09-29T20:12:41Z
2024,NC State,ACC,interceptionYards,166,2026-09-29T20:12:41Z
2024,NC State,ACC,interceptionYardsOpponent,337,2026-09-29T20:12:41Z
2024,NC State,ACC,kickReturns,22,2026-09-29T20:12:41Z
2024,NC State,ACC,kickReturnsOpponent,10,2026-09-29T20:12:41Z
2024,NC State,ACC,kickReturnTDs,0,2026-09-29T20:12:41Z
2024,NC State,ACC,kickReturnTDsOpponent,0,2026-09-29T20:12:41Z
2024,NC State,ACC,kickReturnYards,581,2026-09-29T20:12:41Z
2024,NC State,ACC,kickReturnYardsOpponent,218,2026-09-29T20:12:41Z
2024,NC State,ACC,netPassingYards,3023,2026-09-29T20:12:41Z
2024,NC State,ACC,netPassingYardsOpponent,3040,2026-09-29T20:12:41Z
2024,NC State,ACC,passAttempts,391,2026-09-29T20:12:41Z
2024,NC State,ACC,passAttemptsOpponent,426,2026-09-29T20:12:41Z
2024,NC State,ACC,passCompletions,255,2026-09-29T20:12:41Z
2024,NC State,ACC,passCompletionsOpponent,261,2026-09-29T20:12:41Z
2024,NC State,ACC,passesIntercepted,10,2026-09-29T20:12:41Z
2024,NC State,ACC,passesInterceptedOpponent,13,2026-09-29T20:12:41Z
2024,NC State,ACC,passingTDs,21,2026-09-29T20:12:41Z
2024,NC State,ACC,passingTDsOpponent,19,2026-09-29T20:12:41Z
2024,NC State,ACC,penalties,66,2026-09-29T20:12:41Z
2024,NC State,ACC,penaltiesOpponent,80,2026-09-29T20:12:41Z
2024,NC State,ACC,penaltyYards,620,2026-09-29T20:12:41Z
2024,NC State,ACC,penaltyYardsOpponent,717,2026-09-29T20:12:41Z
2024,NC State,ACC,possessionTime,24761,2026-09-29T20:12:41Z
2024,NC State,ACC,possessionTimeOpponent,22039,2026-09-29T20:12:41Z
2024,NC State,ACC,puntReturns,10,2026-09-29T20:12:41Z
2024,NC State,ACC,puntReturnsOpponent,11,2026-09-29T20:12:41Z
2024,NC State,ACC,puntReturnTDs,0,2026-09-29T20:12:41Z
2024,NC State,ACC,puntReturnTDsOpponent,0,2026-09-29T20:12:41Z
2024,NC State,ACC,puntReturnYards,82,2026-09-29T20:12:41Z
2024,NC State,ACC,puntReturnYardsOpponent,113,2026-09-29T20:12:41Z
2024,NC State,ACC,rushingAttempts,420,2026-09-29T20:12:41Z
2024,NC State,ACC,rushingAttemptsOpponent,421,2026-09-29T20:12:41Z
2024,NC State,ACC,rushingTDs,21,2026-09-29T20:12:41Z
2024,NC State,ACC,rushingTDsOpponent,25,2026-09-29T20:12:41Z
2024,NC State,ACC,rushingYards,1892,2026-09-29T20:12:41Z
2024,NC State,ACC,rushingYardsOpponent,2051,2026-09-29T20:12:41Z
2024,NC State,ACC,sacks,23,2026-09-29T20:12:41Z
2024,NC State,ACC,sacksOpponent,28,2026-09-29T20:12:41Z
2024,NC State,ACC,tacklesForLoss,85,2026-09-29T20:12:41Z
2024,NC State,ACC,tacklesForLossOpponent,91,2026-09-29T20:12:41Z
2024,NC State,ACC,thirdDownConversions,58,2026-09-29T20:12:41Z
2024,NC State,ACC,thirdDownConversionsOpponent,65,2026-09-29T20:12:41Z
2024,NC State,ACC,thirdDowns,155,2026-09-29T20:12:41Z
2024,NC State,ACC,thirdDownsOpponent,172,2026-09-29T20:12:41Z
2024,NC State,ACC,totalYards,4915,2026-09-29T20:12:41Z
2024,NC State,ACC,totalYardsOpponent,5091,2026-09-29T20:12:41Z
2024,NC State,ACC,turnovers,23,2026-09-29T20:12:41Z
2024,NC State,ACC,turnoversOpponent,20,2026-09-29T20:12:41Z
2024,Nebraska,Big Ten,firstDowns,282,2026-09-29T20:12:41Z
2024,Nebraska,Big Ten,firstDownsOpponent,214,2026-09-29T20:12:41Z
2024,Nebraska,Big Ten,fourthDownConversions,9,2026-09-29T20:12:41Z
2024,Nebraska,Big Ten,fourthDownConversionsOpponent,11,2026-09-29T20:12:41Z
2024,Nebraska,Big Ten,fourthDowns,23,2026-09-29T20:12:41Z
2024,Nebraska,Big Ten,fourthDownsOpponent,27,2026-09-29T20:12:41Z
2024,Nebraska,Big Ten,fumblesLost,7,2026-09-29T20:12:41Z
2024,Nebraska,Big Ten,fumblesLostOpponent,6,2026-09-29T20:12:41Z
2024,Nebraska,Big Ten,fumblesRecovered,6,2026-09-29T20:12:41Z
2024,Nebraska,Big Ten,fumblesRecoveredOpponent,7,2026-09-29T20:12:41Z
2024,Nebraska,Big Ten,games,13,2026-09-29T20:12:41Z
2024,Nebraska,Big Ten,interceptions,12,2026-09-29T20:12:41Z
2024,Nebraska,Big Ten,interceptionsOpponent,11,2026-09-29T20:12:41Z
2024,Nebraska,Big Ten,interceptionTDs,3,2026-09-29T20:12:41Z
2024,Nebraska,Big Ten,interceptionTDsOpponent,1,2026-09-29T20:12:41Z
2024,Nebraska,Big Ten,interceptionYards,185,2026-09-29T20:12:41Z
2024,Nebraska,Big Ten,interceptionYardsOpponent,145,2026-09-29T20:12:41Z
2024,Nebraska,Big Ten,kickReturns,25,2026-09-29T20:12:41Z
2024,Nebraska,Big Ten,kickReturnsOpponent,28,2026-09-29T20:12:41Z
2024,Nebraska,Big Ten,kickReturnTDs,0,2026-09-29T20:12:41Z
2024,Nebraska,Big Ten,kickReturnTDsOpponent,0,2026-09-29T20:12:41Z
2024,Nebraska,Big Ten,kickReturnYards,450,2026-09-29T20:12:41Z
2024,Nebraska,Big Ten,kickReturnYardsOpponent,587,2026-09-29T20:12:41Z
2024,Nebraska,Big Ten,netPassingYards,2956,2026-09-29T20:12:41Z
2024,Nebraska,Big Ten,netPassingYardsOpponent,2817,2026-09-29T20:12:41Z
2024,Nebraska,Big Ten,passAttempts,434,2026-09-29T20:12:41Z
2024,Nebraska,Big Ten,passAttemptsOpponent,379,2026-09-29T20:12:41Z
2024,Nebraska,Big Ten,passCompletions,287,2026-09-29T20:12:41Z
2024,Nebraska,Big Ten,passCompletionsOpponent,242,2026-09-29T20:12:41Z
2024,Nebraska,Big Ten,passesIntercepted,11,2026-09-29T20:12:41Z
2024,Nebraska,Big Ten,passesInterceptedOpponent,12,2026-09-29T20:12:41Z
2024,Nebraska,Big Ten,passingTDs,13,2026-09-29T20:12:41Z
2024,Nebraska,Big Ten,passingTDsOpponent,23,2026-09-29T20:12:41Z
2024,Nebraska,Big Ten,penalties,80,2026-09-29T20:12:41Z
2024,Nebraska,Big Ten,penaltiesOpponent,80,2026-09-29T20:12:41Z
2024,Nebraska,Big Ten,penaltyYards,691,2026-09-29T20:12:41Z
2024,Nebraska,Big Ten,penaltyYardsOpponent,813,2026-09-29T20:12:41Z
2024,Nebraska,Big Ten,possessionTime,25055,2026-09-29T20:12:41Z
2024,Nebraska,Big Ten,possessionTimeOpponent,21745,2026-09-29T20:12:41Z
2024,Nebraska,Big Ten,puntReturns,15,2026-09-29T20:12:41Z
2024,Nebraska,Big Ten,puntReturnsOpponent,19,2026-09-29T20:12:41Z
2024,Nebraska,Big Ten,puntReturnTDs,0,2026-09-29T20:12:41Z
2024,Nebraska,Big Ten,puntReturnTDsOpponent,0,2026-09-29T20:12:41Z
2024,Nebraska,Big Ten,puntReturnYards,73,2026-09-29T20:12:41Z
2024,Nebraska,Big Ten,puntReturnYardsOpponent,257,2026-09-29T20:12:41Z
2024,Nebraska,Big Ten,rushingAttempts,445,2026-09-29T20:12:41Z
2024,Nebraska,Big Ten,rushingAttemptsOpponent,383,2026-09-29T20:12:41Z
2024,Nebraska,Big Ten,rushingTDs,22,2026-09-29T20:12:41Z
2024,Nebraska,Big Ten,rushingTDsOpponent,8,2026-09-29T20:12:41Z
2024,Nebraska,Big Ten,rushingYards,1705,2026-09-29T20:12:41Z
2024,Nebraska,Big Ten,rushingYardsOpponent,1333,2026-09-29T20:12:41Z
2024,Nebraska,Big Ten,sacks,29,2026-09-29T20:12:41Z
2024,Nebraska,Big Ten,sacksOpponent,27,2026-09-29T20:12:41Z
2024,Nebraska,Big Ten,tacklesForLoss,81,2026-09-29T20:12:41Z
2024,Nebraska,Big Ten,tacklesForLossOpponent,71,2026-09-29T20:12:41Z
2024,Nebraska,Big Ten,thirdDownConversions,75,2026-09-29T20:12:41Z
2024,Nebraska,Big Ten,thirdDownConversionsOpponent,56,2026-09-29T20:12:41Z
2024,Nebraska,Big Ten,thirdDowns,177,2026-09-29T20:12:41Z
2024,Nebraska,Big Ten,thirdDownsOpponent,159,2026-09-29T20:12:41Z
2024,Nebraska,Big Ten,totalYards,4661,2026-09-29T20:12:41Z
2024,Nebraska,Big Ten,totalYardsOpponent,4150,2026-09-29T20:12:41Z
2024,Nebraska,Big Ten,turnovers,19,2026-09-29T20:12:41Z
2024,Nebraska,Big Ten,turnoversOpponent,17,2026-09-29T20:12:41Z
2024,Nevada,Mountain West,firstDowns,253,2026-09-29T20:12:41Z
2024,Nevada,Mountain West,firstDownsOpponent,295,2026-09-29T20:12:41Z
2024,Nevada,Mountain West,fourthDownConversions,15,2026-09-29T20:12:41Z
2024,Nevada,Mountain West,fourthDownConversionsOpponent,7,2026-09-29T20:12:41Z
2024,Nevada,Mountain West,fourthDowns,29,2026-09-29T20:12:41Z
2024,Nevada,Mountain West,fourthDownsOpponent,11,2026-09-29T20:12:41Z
2024,Nevada,Mountain West,fumblesLost,7,2026-09-29T20:12:41Z
2024,Nevada,Mountain West,fumblesLostOpponent,2,2026-09-29T20:12:41Z
2024,Nevada,Mountain West,fumblesRecovered,2,2026-09-29T20:12:41Z
2024,Nevada,Mountain West,fumblesRecoveredOpponent,7,2026-09-29T20:12:41Z
2024,Nevada,Mountain West,games,13,2026-09-29T20:12:41Z
2024,Nevada,Mountain West,interceptions,8,2026-09-29T20:12:41Z
2024,Nevada,Mountain West,interceptionsOpponent,11,2026-09-29T20:12:41Z
2024,Nevada,Mountain West,interceptionTDs,1,2026-09-29T20:12:41Z
2024,Nevada,Mountain West,interceptionTDsOpponent,0,2026-09-29T20:12:41Z
2024,Nevada,Mountain West,interceptionYards,91,2026-09-29T20:12:41Z
2024,Nevada,Mountain West,interceptionYardsOpponent,56,2026-09-29T20:12:41Z
2024,Nevada,Mountain West,kickReturns,35,2026-09-29T20:12:41Z
2024,Nevada,Mountain West,kickReturnsOpponent,28,2026-09-29T20:12:41Z
2024,Nevada,Mountain West,kickReturnTDs,0,2026-09-29T20:12:41Z
2024,Nevada,Mountain West,kickReturnTDsOpponent,0,2026-09-29T20:12:41Z
2024,Nevada,Mountain West,kickReturnYards,630,2026-09-29T20:12:41Z
2024,Nevada,Mountain West,kickReturnYardsOpponent,545,2026-09-29T20:12:41Z
2024,Nevada,Mountain West,netPassingYards,2764,2026-09-29T20:12:41Z
2024,Nevada,Mountain West,netPassingYardsOpponent,2579,2026-09-29T20:12:41Z
2024,Nevada,Mountain West,passAttempts,366,2026-09-29T20:12:41Z
2024,Nevada,Mountain West,passAttemptsOpponent,347,2026-09-29T20:12:41Z
2024,Nevada,Mountain West,passCompletions,247,2026-09-29T20:12:41Z
2024,Nevada,Mountain West,passCompletionsOpponent,210,2026-09-29T20:12:41Z
2024,Nevada,Mountain West,passesIntercepted,11,2026-09-29T20:12:41Z
2024,Nevada,Mountain West,passesInterceptedOpponent,8,2026-09-29T20:12:41Z
2024,Nevada,Mountain West,passingTDs,19,2026-09-29T20:12:41Z
2024,Nevada,Mountain West,passingTDsOpponent,13,2026-09-29T20:12:41Z
2024,Nevada,Mountain West,penalties,99,2026-09-29T20:12:41Z
2024,Nevada,Mountain West,penaltiesOpponent,70,2026-09-29T20:12:41Z
2024,Nevada,Mountain West,penaltyYards,950,2026-09-29T20:12:41Z
2024,Nevada,Mountain West,penaltyYardsOpponent,654,2026-09-29T20:12:41Z
2024,Nevada,Mountain West,possessionTime,24208,2026-09-29T20:12:41Z
2024,Nevada,Mountain West,possessionTimeOpponent,22592,2026-09-29T20:12:41Z
2024,Nevada,Mountain West,puntReturns,10,2026-09-29T20:12:41Z
2024,Nevada,Mountain West,puntReturnsOpponent,7,2026-09-29T20:12:41Z
2024,Nevada,Mountain West,puntReturnTDs,0,2026-09-29T20:12:41Z
2024,Nevada,Mountain West,puntReturnTDsOpponent,0,2026-09-29T20:12:41Z
2024,Nevada,Mountain West,puntReturnYards,76,2026-09-29T20:12:41Z
2024,Nevada,Mountain West,puntReturnYardsOpponent,35,2026-09-29T20:12:41Z
2024,Nevada,Mountain West,rushingAttempts,460,2026-09-29T20:12:41Z
2024,Nevada,Mountain West,rushingAttemptsOpponent,491,2026-09-29T20:12:41Z
2024,Nevada,Mountain West,rushingTDs,21,2026-09-29T20:12:41Z
2024,Nevada,Mountain West,rushingTDsOpponent,31,2026-09-29T20:12:41Z
2024,Nevada,Mountain West,rushingYards,2135,2026-09-29T20:12:41Z
2024,Nevada,Mountain West,rushingYardsOpponent,2512,2026-09-29T20:12:41Z
2024,Nevada,Mountain West,sacks,14,2026-09-29T20:12:41Z
2024,Nevada,Mountain West,sacksOpponent,28,2026-09-29T20:12:41Z
2024,Nevada,Mountain West,tacklesForLoss,54,2026-09-29T20:12:41Z
2024,Nevada,Mountain West,tacklesForLossOpponent,71,2026-09-29T20:12:41Z
2024,Nevada,Mountain West,thirdDownConversions,76,2026-09-29T20:12:41Z
2024,Nevada,Mountain West,thirdDownConversionsOpponent,87,2026-09-29T20:12:41Z
2024,Nevada,Mountain West,thirdDowns,170,2026-09-29T20:12:41Z
2024,Nevada,Mountain West,thirdDownsOpponent,165,2026-09-29T20:12:41Z
2024,Nevada,Mountain West,totalYards,4899,2026-09-29T20:12:41Z
2024,Nevada,Mountain West,totalYardsOpponent,5091,2026-09-29T20:12:41Z
2024,Nevada,Mountain West,turnovers,15,2026-09-29T20:12:41Z
2024,Nevada,Mountain West,turnoversOpponent,13,2026-09-29T20:12:41Z
2024,New Mexico,Mountain West,firstDowns,296,2026-09-29T20:12:41Z
2024,New Mexico,Mountain West,firstDownsOpponent,295,2026-09-29T20:12:41Z
2024,New Mexico,Mountain West,fourthDownConversions,13,2026-09-29T20:12:41Z
2024,New Mexico,Mountain West,fourthDownConversionsOpponent,13,2026-09-29T20:12:41Z
2024,New Mexico,Mountain West,fourthDowns,19,2026-09-29T20:12:41Z
2024,New Mexico,Mountain West,fourthDownsOpponent,22,2026-09-29T20:12:41Z
2024,New Mexico,Mountain West,fumblesLost,7,2026-09-29T20:12:41Z
2024,New Mexico,Mountain West,fumblesLostOpponent,7,2026-09-29T20:12:41Z
2024,New Mexico,Mountain West,fumblesRecovered,7,2026-09-29T20:12:41Z
2024,New Mexico,Mountain West,fumblesRecoveredOpponent,7,2026-09-29T20:12:41Z
2024,New Mexico,Mountain West,games,12,2026-09-29T20:12:41Z
2024,New Mexico,Mountain West,interceptions,12,2026-09-29T20:12:41Z
2024,New Mexico,Mountain West,interceptionsOpponent,3,2026-09-29T20:12:41Z
2024,New Mexico,Mountain West,interceptionTDs,0,2026-09-29T20:12:41Z
2024,New Mexico,Mountain West,interceptionTDsOpponent,1,2026-09-29T20:12:41Z
2024,New Mexico,Mountain West,interceptionYards,3,2026-09-29T20:12:41Z
2024,New Mexico,Mountain West,interceptionYardsOpponent,97,2026-09-29T20:12:41Z
2024,New Mexico,Mountain West,kickReturns,20,2026-09-29T20:12:41Z
2024,New Mexico,Mountain West,kickReturnsOpponent,31,2026-09-29T20:12:41Z
2024,New Mexico,Mountain West,kickReturnTDs,0,2026-09-29T20:12:41Z
2024,New Mexico,Mountain West,kickReturnTDsOpponent,0,2026-09-29T20:12:41Z
2024,New Mexico,Mountain West,kickReturnYards,348,2026-09-29T20:12:41Z
2024,New Mexico,Mountain West,kickReturnYardsOpponent,724,2026-09-29T20:12:41Z
2024,New Mexico,Mountain West,netPassingYards,2768,2026-09-29T20:12:41Z
2024,New Mexico,Mountain West,netPassingYardsOpponent,3350,2026-09-29T20:12:41Z
2024,New Mexico,Mountain West,passAttempts,390,2026-09-29T20:12:41Z
2024,New Mexico,Mountain West,passAttemptsOpponent,396,2026-09-29T20:12:41Z
2024,New Mexico,Mountain West,passCompletions,226,2026-09-29T20:12:41Z
2024,New Mexico,Mountain West,passCompletionsOpponent,256,2026-09-29T20:12:41Z
2024,New Mexico,Mountain West,passesIntercepted,3,2026-09-29T20:12:41Z
2024,New Mexico,Mountain West,passesInterceptedOpponent,10,2026-09-29T20:12:41Z
2024,New Mexico,Mountain West,passingTDs,12,2026-09-29T20:12:41Z
2024,New Mexico,Mountain West,passingTDsOpponent,30,2026-09-29T20:12:41Z
2024,New Mexico,Mountain West,penalties,112,2026-09-29T20:12:41Z
2024,New Mexico,Mountain West,penaltiesOpponent,82,2026-09-29T20:12:41Z
2024,New Mexico,Mountain West,penaltyYards,978,2026-09-29T20:12:41Z
2024,New Mexico,Mountain West,penaltyYardsOpponent,775,2026-09-29T20:12:41Z
2024,New Mexico,Mountain West,possessionTime,20795,2026-09-29T20:12:41Z
2024,New Mexico,Mountain West,possessionTimeOpponent,22405,2026-09-29T20:12:41Z
2024,New Mexico,Mountain West,puntReturns,9,2026-09-29T20:12:41Z
2024,New Mexico,Mountain West,puntReturnsOpponent,17,2026-09-29T20:12:41Z
2024,New Mexico,Mountain West,puntReturnTDs,1,2026-09-29T20:12:41Z
2024,New Mexico,Mountain West,puntReturnTDsOpponent,1,2026-09-29T20:12:41Z
2024,New Mexico,Mountain West,puntReturnYards,88,2026-09-29T20:12:41Z
2024,New Mexico,Mountain West,puntReturnYardsOpponent,226,2026-09-29T20:12:41Z
2024,New Mexico,Mountain West,rushingAttempts,454,2026-09-29T20:12:41Z
2024,New Mexico,Mountain West,rushingAttemptsOpponent,468,2026-09-29T20:12:41Z
2024,New Mexico,Mountain West,rushingTDs,37,2026-09-29T20:12:41Z
2024,New Mexico,Mountain West,rushingTDsOpponent,27,2026-09-29T20:12:41Z
2024,New Mexico,Mountain West,rushingYards,3048,2026-09-29T20:12:41Z
2024,New Mexico,Mountain West,rushingYardsOpponent,2561,2026-09-29T20:12:41Z
2024,New Mexico,Mountain West,sacks,19,2026-09-29T20:12:41Z
2024,New Mexico,Mountain West,sacksOpponent,5,2026-09-29T20:12:41Z
2024,New Mexico,Mountain West,tacklesForLoss,47,2026-09-29T20:12:41Z
2024,New Mexico,Mountain West,tacklesForLossOpponent,26,2026-09-29T20:12:41Z
2024,New Mexico,Mountain West,thirdDownConversions,64,2026-09-29T20:12:41Z
2024,New Mexico,Mountain West,thirdDownConversionsOpponent,82,2026-09-29T20:12:41Z
2024,New Mexico,Mountain West,thirdDowns,149,2026-09-29T20:12:41Z
2024,New Mexico,Mountain West,thirdDownsOpponent,165,2026-09-29T20:12:41Z
2024,New Mexico,Mountain West,totalYards,5816,2026-09-29T20:12:41Z
2024,New Mexico,Mountain West,totalYardsOpponent,5911,2026-09-29T20:12:41Z
2024,New Mexico,Mountain West,turnovers,19,2026-09-29T20:12:41Z
2024,New Mexico,Mountain West,turnoversOpponent,10,2026-09-29T20:12:41Z
2024,New Mexico State,Conference USA,firstDowns,231,2026-09-29T20:12:41Z
2024,New Mexico State,Conference USA,firstDownsOpponent,255,2026-09-29T20:12:41Z
2024,New Mexico State,Conference USA,fourthDownConversions,6,2026-09-29T20:12:41Z
2024,New Mexico State,Conference USA,fourthDownConversionsOpponent,13,2026-09-29T20:12:41Z
2024,New Mexico State,Conference USA,fourthDowns,16,2026-09-29T20:12:41Z
2024,New Mexico State,Conference USA,fourthDownsOpponent,23,2026-09-29T20:12:41Z
2024,New Mexico State,Conference USA,fumblesLost,11,2026-09-29T20:12:41Z
2024,New Mexico State,Conference USA,fumblesLostOpponent,1,2026-09-29T20:12:41Z
2024,New Mexico State,Conference USA,fumblesRecovered,1,2026-09-29T20:12:41Z
2024,New Mexico State,Conference USA,fumblesRecoveredOpponent,11,2026-09-29T20:12:41Z
2024,New Mexico State,Conference USA,games,12,2026-09-29T20:12:41Z
2024,New Mexico State,Conference USA,interceptions,12,2026-09-29T20:12:41Z
2024,New Mexico State,Conference USA,interceptionsOpponent,9,2026-09-29T20:12:41Z
2024,New Mexico State,Conference USA,interceptionTDs,1,2026-09-29T20:12:41Z
2024,New Mexico State,Conference USA,interceptionTDsOpponent,0,2026-09-29T20:12:41Z
2024,New Mexico State,Conference USA,interceptionYards,41,2026-09-29T20:12:41Z
2024,New Mexico State,Conference USA,interceptionYardsOpponent,152,2026-09-29T20:12:41Z
2024,New Mexico State,Conference USA,kickReturns,39,2026-09-29T20:12:41Z
2024,New Mexico State,Conference USA,kickReturnsOpponent,13,2026-09-29T20:12:41Z
2024,New Mexico State,Conference USA,kickReturnTDs,0,2026-09-29T20:12:41Z
2024,New Mexico State,Conference USA,kickReturnTDsOpponent,0,2026-09-29T20:12:41Z
2024,New Mexico State,Conference USA,kickReturnYards,762,2026-09-29T20:12:41Z
2024,New Mexico State,Conference USA,kickReturnYardsOpponent,309,2026-09-29T20:12:41Z
2024,New Mexico State,Conference USA,netPassingYards,1718,2026-09-29T20:12:41Z
2024,New Mexico State,Conference USA,netPassingYardsOpponent,3019,2026-09-29T20:12:41Z
2024,New Mexico State,Conference USA,passAttempts,320,2026-09-29T20:12:41Z
2024,New Mexico State,Conference USA,passAttemptsOpponent,382,2026-09-29T20:12:41Z
2024,New Mexico State,Conference USA,passCompletions,141,2026-09-29T20:12:41Z
2024,New Mexico State,Conference USA,passCompletionsOpponent,221,2026-09-29T20:12:41Z
2024,New Mexico State,Conference USA,passesIntercepted,9,2026-09-29T20:12:41Z
2024,New Mexico State,Conference USA,passesInterceptedOpponent,12,2026-09-29T20:12:41Z
2024,New Mexico State,Conference USA,passingTDs,12,2026-09-29T20:12:41Z
2024,New Mexico State,Conference USA,passingTDsOpponent,21,2026-09-29T20:12:41Z
2024,New Mexico State,Conference USA,penalties,65,2026-09-29T20:12:41Z
2024,New Mexico State,Conference USA,penaltiesOpponent,84,2026-09-29T20:12:41Z
2024,New Mexico State,Conference USA,penaltyYards,577,2026-09-29T20:12:41Z
2024,New Mexico State,Conference USA,penaltyYardsOpponent,908,2026-09-29T20:12:41Z
2024,New Mexico State,Conference USA,possessionTime,21197,2026-09-29T20:12:41Z
2024,New Mexico State,Conference USA,possessionTimeOpponent,22663,2026-09-29T20:12:41Z
2024,New Mexico State,Conference USA,puntReturns,12,2026-09-29T20:12:41Z
2024,New Mexico State,Conference USA,puntReturnsOpponent,26,2026-09-29T20:12:41Z
2024,New Mexico State,Conference USA,puntReturnTDs,0,2026-09-29T20:12:41Z
2024,New Mexico State,Conference USA,puntReturnTDsOpponent,1,2026-09-29T20:12:41Z
2024,New Mexico State,Conference USA,puntReturnYards,69,2026-09-29T20:12:41Z
2024,New Mexico State,Conference USA,puntReturnYardsOpponent,328,2026-09-29T20:12:41Z
2024,New Mexico State,Conference USA,rushingAttempts,495,2026-09-29T20:12:41Z
2024,New Mexico State,Conference USA,rushingAttemptsOpponent,457,2026-09-29T20:12:41Z
2024,New Mexico State,Conference USA,rushingTDs,16,2026-09-29T20:12:41Z
2024,New Mexico State,Conference USA,rushingTDsOpponent,29,2026-09-29T20:12:41Z
2024,New Mexico State,Conference USA,rushingYards,2151,2026-09-29T20:12:41Z
2024,New Mexico State,Conference USA,rushingYardsOpponent,2349,2026-09-29T20:12:41Z
2024,New Mexico State,Conference USA,sacks,14,2026-09-29T20:12:41Z
2024,New Mexico State,Conference USA,sacksOpponent,29,2026-09-29T20:12:41Z
2024,New Mexico State,Conference USA,tacklesForLoss,45,2026-09-29T20:12:41Z
2024,New Mexico State,Conference USA,tacklesForLossOpponent,74,2026-09-29T20:12:41Z
2024,New Mexico State,Conference USA,thirdDownConversions,70,2026-09-29T20:12:41Z
2024,New Mexico State,Conference USA,thirdDownConversionsOpponent,79,2026-09-29T20:12:41Z
2024,New Mexico State,Conference USA,thirdDowns,182,2026-09-29T20:12:41Z
2024,New Mexico State,Conference USA,thirdDownsOpponent,177,2026-09-29T20:12:41Z
2024,New Mexico State,Conference USA,totalYards,3869,2026-09-29T20:12:41Z
2024,New Mexico State,Conference USA,totalYardsOpponent,5368,2026-09-29T20:12:41Z
2024,New Mexico State,Conference USA,turnovers,23,2026-09-29T20:12:41Z
2024,New Mexico State,Conference USA,turnoversOpponent,10,2026-09-29T20:12:41Z
2024,North Carolina,ACC,firstDowns,272,2026-09-29T20:12:41Z
2024,North Carolina,ACC,firstDownsOpponent,253,2026-09-29T20:12:41Z
2024,North Carolina,ACC,fourthDownConversions,13,2026-09-29T20:12:41Z
2024,North Carolina,ACC,fourthDownConversionsOpponent,11,2026-09-29T20:12:41Z
2024,North Carolina,ACC,fourthDowns,27,2026-09-29T20:12:41Z
2024,North Carolina,ACC,fourthDownsOpponent,20,2026-09-29T20:12:41Z
2024,North Carolina,ACC,fumblesLost,8,2026-09-29T20:12:41Z
2024,North Carolina,ACC,fumblesLostOpponent,6,2026-09-29T20:12:41Z
2024,North Carolina,ACC,fumblesRecovered,6,2026-09-29T20:12:41Z
2024,North Carolina,ACC,fumblesRecoveredOpponent,8,2026-09-29T20:12:41Z
2024,North Carolina,ACC,games,13,2026-09-29T20:12:41Z
2024,North Carolina,ACC,interceptions,9,2026-09-29T20:12:41Z
2024,North Carolina,ACC,interceptionsOpponent,9,2026-09-29T20:12:41Z
2024,North Carolina,ACC,interceptionTDs,3,2026-09-29T20:12:41Z
2024,North Carolina,ACC,interceptionTDsOpponent,2,2026-09-29T20:12:41Z
2024,North Carolina,ACC,interceptionYards,210,2026-09-29T20:12:41Z
2024,North Carolina,ACC,interceptionYardsOpponent,231,2026-09-29T20:12:41Z
2024,North Carolina,ACC,kickReturns,33,2026-09-29T20:12:41Z
2024,North Carolina,ACC,kickReturnsOpponent,16,2026-09-29T20:12:41Z
2024,North Carolina,ACC,kickReturnTDs,2,2026-09-29T20:12:41Z
2024,North Carolina,ACC,kickReturnTDsOpponent,0,2026-09-29T20:12:41Z
2024,North Carolina,ACC,kickReturnYards,865,2026-09-29T20:12:41Z
2024,North Carolina,ACC,kickReturnYardsOpponent,321,2026-09-29T20:12:41Z
2024,North Carolina,ACC,netPassingYards,2917,2026-09-29T20:12:41Z
2024,North Carolina,ACC,netPassingYardsOpponent,2943,2026-09-29T20:12:41Z
2024,North Carolina,ACC,passAttempts,391,2026-09-29T20:12:41Z
2024,North Carolina,ACC,passAttemptsOpponent,374,2026-09-29T20:12:41Z
2024,North Carolina,ACC,passCompletions,230,2026-09-29T20:12:41Z
2024,North Carolina,ACC,passCompletionsOpponent,217,2026-09-29T20:12:41Z
2024,North Carolina,ACC,passesIntercepted,9,2026-09-29T20:12:41Z
2024,North Carolina,ACC,passesInterceptedOpponent,9,2026-09-29T20:12:41Z
2024,North Carolina,ACC,passingTDs,18,2026-09-29T20:12:41Z
2024,North Carolina,ACC,passingTDsOpponent,19,2026-09-29T20:12:41Z
2024,North Carolina,ACC,penalties,98,2026-09-29T20:12:41Z
2024,North Carolina,ACC,penaltiesOpponent,87,2026-09-29T20:12:41Z
2024,North Carolina,ACC,penaltyYards,832,2026-09-29T20:12:41Z
2024,North Carolina,ACC,penaltyYardsOpponent,772,2026-09-29T20:12:41Z
2024,North Carolina,ACC,possessionTime,23123,2026-09-29T20:12:41Z
2024,North Carolina,ACC,possessionTimeOpponent,23677,2026-09-29T20:12:41Z
2024,North Carolina,ACC,puntReturns,15,2026-09-29T20:12:41Z
2024,North Carolina,ACC,puntReturnsOpponent,19,2026-09-29T20:12:41Z
2024,North Carolina,ACC,puntReturnTDs,2,2026-09-29T20:12:41Z
2024,North Carolina,ACC,puntReturnTDsOpponent,1,2026-09-29T20:12:41Z
2024,North Carolina,ACC,puntReturnYards,193,2026-09-29T20:12:41Z
2024,North Carolina,ACC,puntReturnYardsOpponent,175,2026-09-29T20:12:41Z
2024,North Carolina,ACC,rushingAttempts,495,2026-09-29T20:12:41Z
2024,North Carolina,ACC,rushingAttemptsOpponent,490,2026-09-29T20:12:41Z
2024,North Carolina,ACC,rushingTDs,26,2026-09-29T20:12:41Z
2024,North Carolina,ACC,rushingTDsOpponent,21,2026-09-29T20:12:41Z
2024,North Carolina,ACC,rushingYards,2373,2026-09-29T20:12:41Z
2024,North Carolina,ACC,rushingYardsOpponent,1957,2026-09-29T20:12:41Z
2024,North Carolina,ACC,sacks,38,2026-09-29T20:12:41Z
2024,North Carolina,ACC,sacksOpponent,30,2026-09-29T20:12:41Z
2024,North Carolina,ACC,tacklesForLoss,72,2026-09-29T20:12:41Z
2024,North Carolina,ACC,tacklesForLossOpponent,75,2026-09-29T20:12:41Z
2024,North Carolina,ACC,thirdDownConversions,66,2026-09-29T20:12:41Z
2024,North Carolina,ACC,thirdDownConversionsOpponent,61,2026-09-29T20:12:41Z
2024,North Carolina,ACC,thirdDowns,176,2026-09-29T20:12:41Z
2024,North Carolina,ACC,thirdDownsOpponent,174,2026-09-29T20:12:41Z
2024,North Carolina,ACC,totalYards,5290,2026-09-29T20:12:41Z
2024,North Carolina,ACC,totalYardsOpponent,4900,2026-09-29T20:12:41Z
2024,North Carolina,ACC,turnovers,17,2026-09-29T20:12:41Z
2024,North Carolina,ACC,turnoversOpponent,15,2026-09-29T20:12:41Z
2024,Northern Illinois,Mid-American,firstDowns,279,2026-09-29T20:12:41Z
2024,Northern Illinois,Mid-American,firstDownsOpponent,213,2026-09-29T20:12:41Z
2024,Northern Illinois,Mid-American,fourthDownConversions,15,2026-09-29T20:12:41Z
2024,Northern Illinois,Mid-American,fourthDownConversionsOpponent,13,2026-09-29T20:12:41Z
2024,Northern Illinois,Mid-American,fourthDowns,33,2026-09-29T20:12:41Z
2024,Northern Illinois,Mid-American,fourthDownsOpponent,27,2026-09-29T20:12:41Z
2024,Northern Illinois,Mid-American,fumblesLost,8,2026-09-29T20:12:41Z
2024,Northern Illinois,Mid-American,fumblesLostOpponent,5,2026-09-29T20:12:41Z
2024,Northern Illinois,Mid-American,fumblesRecovered,5,2026-09-29T20:12:41Z
2024,Northern Illinois,Mid-American,fumblesRecoveredOpponent,8,2026-09-29T20:12:41Z
2024,Northern Illinois,Mid-American,games,13,2026-09-29T20:12:41Z
2024,Northern Illinois,Mid-American,interceptions,8,2026-09-29T20:12:41Z
2024,Northern Illinois,Mid-American,interceptionsOpponent,9,2026-09-29T20:12:41Z
2024,Northern Illinois,Mid-American,interceptionTDs,0,2026-09-29T20:12:41Z
2024,Northern Illinois,Mid-American,interceptionTDsOpponent,0,2026-09-29T20:12:41Z
2024,Northern Illinois,Mid-American,interceptionYards,150,2026-09-29T20:12:41Z
2024,Northern Illinois,Mid-American,interceptionYardsOpponent,95,2026-09-29T20:12:41Z
2024,Northern Illinois,Mid-American,kickReturns,21,2026-09-29T20:12:41Z
2024,Northern Illinois,Mid-American,kickReturnsOpponent,41,2026-09-29T20:12:41Z
2024,Northern Illinois,Mid-American,kickReturnTDs,1,2026-09-29T20:12:41Z
2024,Northern Illinois,Mid-American,kickReturnTDsOpponent,0,2026-09-29T20:12:41Z
2024,Northern Illinois,Mid-American,kickReturnYards,523,2026-09-29T20:12:41Z
2024,Northern Illinois,Mid-American,kickReturnYardsOpponent,781,2026-09-29T20:12:41Z
2024,Northern Illinois,Mid-American,netPassingYards,2328,2026-09-29T20:12:41Z
2024,Northern Illinois,Mid-American,netPassingYardsOpponent,2241,2026-09-29T20:12:41Z
2024,Northern Illinois,Mid-American,passAttempts,370,2026-09-29T20:12:41Z
2024,Northern Illinois,Mid-American,passAttemptsOpponent,372,2026-09-29T20:12:41Z
2024,Northern Illinois,Mid-American,passCompletions,215,2026-09-29T20:12:41Z
2024,Northern Illinois,Mid-American,passCompletionsOpponent,200,2026-09-29T20:12:41Z
2024,Northern Illinois,Mid-American,passesIntercepted,9,2026-09-29T20:12:41Z
2024,Northern Illinois,Mid-American,passesInterceptedOpponent,8,2026-09-29T20:12:41Z
2024,Northern Illinois,Mid-American,passingTDs,16,2026-09-29T20:12:41Z
2024,Northern Illinois,Mid-American,passingTDsOpponent,15,2026-09-29T20:12:41Z
2024,Northern Illinois,Mid-American,penalties,55,2026-09-29T20:12:41Z
2024,Northern Illinois,Mid-American,penaltiesOpponent,67,2026-09-29T20:12:41Z
2024,Northern Illinois,Mid-American,penaltyYards,556,2026-09-29T20:12:41Z
2024,Northern Illinois,Mid-American,penaltyYardsOpponent,592,2026-09-29T20:12:41Z
2024,Northern Illinois,Mid-American,possessionTime,26012,2026-09-29T20:12:41Z
2024,Northern Illinois,Mid-American,possessionTimeOpponent,20788,2026-09-29T20:12:41Z
2024,Northern Illinois,Mid-American,puntReturns,13,2026-09-29T20:12:41Z
2024,Northern Illinois,Mid-American,puntReturnsOpponent,8,2026-09-29T20:12:41Z
2024,Northern Illinois,Mid-American,puntReturnTDs,0,2026-09-29T20:12:41Z
2024,Northern Illinois,Mid-American,puntReturnTDsOpponent,1,2026-09-29T20:12:41Z
2024,Northern Illinois,Mid-American,puntReturnYards,95,2026-09-29T20:12:41Z
2024,Northern Illinois,Mid-American,puntReturnYardsOpponent,55,2026-09-29T20:12:41Z
2024,Northern Illinois,Mid-American,rushingAttempts,557,2026-09-29T20:12:41Z
2024,Northern Illinois,Mid-American,rushingAttemptsOpponent,410,2026-09-29T20:12:41Z
2024,Northern Illinois,Mid-American,rushingTDs,22,2026-09-29T20:12:41Z
2024,Northern Illinois,Mid-American,rushingTDsOpponent,10,2026-09-29T20:12:41Z
2024,Northern Illinois,Mid-American,rushingYards,2654,2026-09-29T20:12:41Z
2024,Northern Illinois,Mid-American,rushingYardsOpponent,1465,2026-09-29T20:12:41Z
2024,Northern Illinois,Mid-American,sacks,34,2026-09-29T20:12:41Z
2024,Northern Illinois,Mid-American,sacksOpponent,18,2026-09-29T20:12:41Z
2024,Northern Illinois,Mid-American,tacklesForLoss,71,2026-09-29T20:12:41Z
2024,Northern Illinois,Mid-American,tacklesForLossOpponent,73,2026-09-29T20:12:41Z
2024,Northern Illinois,Mid-American,thirdDownConversions,81,2026-09-29T20:12:41Z
2024,Northern Illinois,Mid-American,thirdDownConversionsOpponent,44,2026-09-29T20:12:41Z
2024,Northern Illinois,Mid-American,thirdDowns,193,2026-09-29T20:12:41Z
2024,Northern Illinois,Mid-American,thirdDownsOpponent,168,2026-09-29T20:12:41Z
2024,Northern Illinois,Mid-American,totalYards,4982,2026-09-29T20:12:41Z
2024,Northern Illinois,Mid-American,totalYardsOpponent,3706,2026-09-29T20:12:41Z
2024,Northern Illinois,Mid-American,turnovers,16,2026-09-29T20:12:41Z
2024,Northern Illinois,Mid-American,turnoversOpponent,14,2026-09-29T20:12:41Z
2024,North Texas,American Athletic,firstDowns,309,2026-09-29T20:12:41Z
2024,North Texas,American Athletic,firstDownsOpponent,299,2026-09-29T20:12:41Z
2024,North Texas,American Athletic,fourthDownConversions,20,2026-09-29T20:12:41Z
2024,North Texas,American Athletic,fourthDownConversionsOpponent,13,2026-09-29T20:12:41Z
2024,North Texas,American Athletic,fourthDowns,44,2026-09-29T20:12:41Z
2024,North Texas,American Athletic,fourthDownsOpponent,29,2026-09-29T20:12:41Z
2024,North Texas,American Athletic,fumblesLost,8,2026-09-29T20:12:41Z
2024,North Texas,American Athletic,fumblesLostOpponent,5,2026-09-29T20:12:41Z
2024,North Texas,American Athletic,fumblesRecovered,5,2026-09-29T20:12:41Z
2024,North Texas,American Athletic,fumblesRecoveredOpponent,8,2026-09-29T20:12:41Z
2024,North Texas,American Athletic,games,13,2026-09-29T20:12:41Z
2024,North Texas,American Athletic,interceptions,14,2026-09-29T20:12:41Z
2024,North Texas,American Athletic,interceptionsOpponent,11,2026-09-29T20:12:41Z
2024,North Texas,American Athletic,interceptionTDs,0,2026-09-29T20:12:41Z
2024,North Texas,American Athletic,interceptionTDsOpponent,2,2026-09-29T20:12:41Z
2024,North Texas,American Athletic,interceptionYards,146,2026-09-29T20:12:41Z
2024,North Texas,American Athletic,interceptionYardsOpponent,236,2026-09-29T20:12:41Z
2024,North Texas,American Athletic,kickReturns,28,2026-09-29T20:12:41Z
2024,North Texas,American Athletic,kickReturnsOpponent,19,2026-09-29T20:12:41Z
2024,North Texas,American Athletic,kickReturnTDs,0,2026-09-29T20:12:41Z
2024,North Texas,American Athletic,kickReturnTDsOpponent,1,2026-09-29T20:12:41Z
2024,North Texas,American Athletic,kickReturnYards,601,2026-09-29T20:12:41Z
2024,North Texas,American Athletic,kickReturnYardsOpponent,320,2026-09-29T20:12:41Z
2024,North Texas,American Athletic,netPassingYards,4267,2026-09-29T20:12:41Z
2024,North Texas,American Athletic,netPassingYardsOpponent,3440,2026-09-29T20:12:41Z
2024,North Texas,American Athletic,passAttempts,559,2026-09-29T20:12:41Z
2024,North Texas,American Athletic,passAttemptsOpponent,426,2026-09-29T20:12:41Z
2024,North Texas,American Athletic,passCompletions,353,2026-09-29T20:12:41Z
2024,North Texas,American Athletic,passCompletionsOpponent,261,2026-09-29T20:12:41Z
2024,North Texas,American Athletic,passesIntercepted,11,2026-09-29T20:12:41Z
2024,North Texas,American Athletic,passesInterceptedOpponent,14,2026-09-29T20:12:41Z
2024,North Texas,American Athletic,passingTDs,33,2026-09-29T20:12:41Z
2024,North Texas,American Athletic,passingTDsOpponent,23,2026-09-29T20:12:41Z
2024,North Texas,American Athletic,penalties,91,2026-09-29T20:12:41Z
2024,North Texas,American Athletic,penaltiesOpponent,90,2026-09-29T20:12:41Z
2024,North Texas,American Athletic,penaltyYards,773,2026-09-29T20:12:41Z
2024,North Texas,American Athletic,penaltyYardsOpponent,825,2026-09-29T20:12:41Z
2024,North Texas,American Athletic,possessionTime,20902,2026-09-29T20:12:41Z
2024,North Texas,American Athletic,possessionTimeOpponent,25907,2026-09-29T20:12:41Z
2024,North Texas,American Athletic,puntReturns,18,2026-09-29T20:12:41Z
2024,North Texas,American Athletic,puntReturnsOpponent,7,2026-09-29T20:12:41Z
2024,North Texas,American Athletic,puntReturnTDs,1,2026-09-29T20:12:41Z
2024,North Texas,American Athletic,puntReturnTDsOpponent,0,2026-09-29T20:12:41Z
2024,North Texas,American Athletic,puntReturnYards,206,2026-09-29T20:12:41Z
2024,North Texas,American Athletic,puntReturnYardsOpponent,12,2026-09-29T20:12:41Z
2024,North Texas,American Athletic,rushingAttempts,384,2026-09-29T20:12:41Z
2024,North Texas,American Athletic,rushingAttemptsOpponent,544,2026-09-29T20:12:41Z
2024,North Texas,American Athletic,rushingTDs,24,2026-09-29T20:12:41Z
2024,North Texas,American Athletic,rushingTDsOpponent,28,2026-09-29T20:12:41Z
2024,North Texas,American Athletic,rushingYards,2090,2026-09-29T20:12:41Z
2024,North Texas,American Athletic,rushingYardsOpponent,2547,2026-09-29T20:12:41Z
2024,North Texas,American Athletic,sacks,24,2026-09-29T20:12:41Z
2024,North Texas,American Athletic,sacksOpponent,16,2026-09-29T20:12:41Z
2024,North Texas,American Athletic,tacklesForLoss,64,2026-09-29T20:12:41Z
2024,North Texas,American Athletic,tacklesForLossOpponent,75,2026-09-29T20:12:41Z
2024,North Texas,American Athletic,thirdDownConversions,66,2026-09-29T20:12:41Z
2024,North Texas,American Athletic,thirdDownConversionsOpponent,79,2026-09-29T20:12:41Z
2024,North Texas,American Athletic,thirdDowns,178,2026-09-29T20:12:41Z
2024,North Texas,American Athletic,thirdDownsOpponent,196,2026-09-29T20:12:41Z
2024,North Texas,American Athletic,totalYards,6357,2026-09-29T20:12:41Z
2024,North Texas,American Athletic,totalYardsOpponent,5987,2026-09-29T20:12:41Z
2024,North Texas,American Athletic,turnovers,22,2026-09-29T20:12:41Z
2024,North Texas,American Athletic,turnoversOpponent,16,2026-09-29T20:12:41Z
2024,Northwestern,Big Ten,firstDowns,192,2026-09-29T20:12:41Z
2024,Northwestern,Big Ten,firstDownsOpponent,229,2026-09-29T20:12:41Z
2024,Northwestern,Big Ten,fourthDownConversions,9,2026-09-29T20:12:41Z
2024,Northwestern,Big Ten,fourthDownConversionsOpponent,9,2026-09-29T20:12:41Z
2024,Northwestern,Big Ten,fourthDowns,18,2026-09-29T20:12:41Z
2024,Northwestern,Big Ten,fourthDownsOpponent,20,2026-09-29T20:12:41Z
2024,Northwestern,Big Ten,fumblesLost,7,2026-09-29T20:12:41Z
2024,Northwestern,Big Ten,fumblesLostOpponent,6,2026-09-29T20:12:41Z
2024,Northwestern,Big Ten,fumblesRecovered,6,2026-09-29T20:12:41Z
2024,Northwestern,Big Ten,fumblesRecoveredOpponent,7,2026-09-29T20:12:41Z
2024,Northwestern,Big Ten,games,12,2026-09-29T20:12:41Z
2024,Northwestern,Big Ten,interceptions,11,2026-09-29T20:12:41Z
2024,Northwestern,Big Ten,interceptionsOpponent,10,2026-09-29T20:12:41Z
2024,Northwestern,Big Ten,interceptionTDs,2,2026-09-29T20:12:41Z
2024,Northwestern,Big Ten,interceptionTDsOpponent,0,2026-09-29T20:12:41Z
2024,Northwestern,Big Ten,interceptionYards,168,2026-09-29T20:12:41Z
2024,Northwestern,Big Ten,interceptionYardsOpponent,98,2026-09-29T20:12:41Z
2024,Northwestern,Big Ten,kickReturns,27,2026-09-29T20:12:41Z
2024,Northwestern,Big Ten,kickReturnsOpponent,24,2026-09-29T20:12:41Z
2024,Northwestern,Big Ten,kickReturnTDs,0,2026-09-29T20:12:41Z
2024,Northwestern,Big Ten,kickReturnTDsOpponent,0,2026-09-29T20:12:41Z
2024,Northwestern,Big Ten,kickReturnYards,583,2026-09-29T20:12:41Z
2024,Northwestern,Big Ten,kickReturnYardsOpponent,505,2026-09-29T20:12:41Z
2024,Northwestern,Big Ten,netPassingYards,2233,2026-09-29T20:12:41Z
2024,Northwestern,Big Ten,netPassingYardsOpponent,2780,2026-09-29T20:12:41Z
2024,Northwestern,Big Ten,passAttempts,392,2026-09-29T20:12:41Z
2024,Northwestern,Big Ten,passAttemptsOpponent,391,2026-09-29T20:12:41Z
2024,Northwestern,Big Ten,passCompletions,211,2026-09-29T20:12:41Z
2024,Northwestern,Big Ten,passCompletionsOpponent,245,2026-09-29T20:12:41Z
2024,Northwestern,Big Ten,passesIntercepted,10,2026-09-29T20:12:41Z
2024,Northwestern,Big Ten,passesInterceptedOpponent,11,2026-09-29T20:12:41Z
2024,Northwestern,Big Ten,passingTDs,7,2026-09-29T20:12:41Z
2024,Northwestern,Big Ten,passingTDsOpponent,15,2026-09-29T20:12:41Z
2024,Northwestern,Big Ten,penalties,57,2026-09-29T20:12:41Z
2024,Northwestern,Big Ten,penaltiesOpponent,45,2026-09-29T20:12:41Z
2024,Northwestern,Big Ten,penaltyYards,465,2026-09-29T20:12:41Z
2024,Northwestern,Big Ten,penaltyYardsOpponent,386,2026-09-29T20:12:41Z
2024,Northwestern,Big Ten,possessionTime,21478,2026-09-29T20:12:41Z
2024,Northwestern,Big Ten,possessionTimeOpponent,21722,2026-09-29T20:12:41Z
2024,Northwestern,Big Ten,puntReturns,17,2026-09-29T20:12:41Z
2024,Northwestern,Big Ten,puntReturnsOpponent,25,2026-09-29T20:12:41Z
2024,Northwestern,Big Ten,puntReturnTDs,1,2026-09-29T20:12:41Z
2024,Northwestern,Big Ten,puntReturnTDsOpponent,1,2026-09-29T20:12:41Z
2024,Northwestern,Big Ten,puntReturnYards,258,2026-09-29T20:12:41Z
2024,Northwestern,Big Ten,puntReturnYardsOpponent,287,2026-09-29T20:12:41Z
2024,Northwestern,Big Ten,rushingAttempts,352,2026-09-29T20:12:41Z
2024,Northwestern,Big Ten,rushingAttemptsOpponent,388,2026-09-29T20:12:41Z
2024,Northwestern,Big Ten,rushingTDs,12,2026-09-29T20:12:41Z
2024,Northwestern,Big Ten,rushingTDsOpponent,22,2026-09-29T20:12:41Z
2024,Northwestern,Big Ten,rushingYards,1183,2026-09-29T20:12:41Z
2024,Northwestern,Big Ten,rushingYardsOpponent,1563,2026-09-29T20:12:41Z
2024,Northwestern,Big Ten,sacks,23,2026-09-29T20:12:41Z
2024,Northwestern,Big Ten,sacksOpponent,24,2026-09-29T20:12:41Z
2024,Northwestern,Big Ten,tacklesForLoss,57,2026-09-29T20:12:41Z
2024,Northwestern,Big Ten,tacklesForLossOpponent,68,2026-09-29T20:12:41Z
2024,Northwestern,Big Ten,thirdDownConversions,55,2026-09-29T20:12:41Z
2024,Northwestern,Big Ten,thirdDownConversionsOpponent,63,2026-09-29T20:12:41Z
2024,Northwestern,Big Ten,thirdDowns,167,2026-09-29T20:12:41Z
2024,Northwestern,Big Ten,thirdDownsOpponent,157,2026-09-29T20:12:41Z
2024,Northwestern,Big Ten,totalYards,3416,2026-09-29T20:12:41Z
2024,Northwestern,Big Ten,totalYardsOpponent,4343,2026-09-29T20:12:41Z
2024,Northwestern,Big Ten,turnovers,18,2026-09-29T20:12:41Z
2024,Northwestern,Big Ten,turnoversOpponent,16,2026-09-29T20:12:41Z
2024,Notre Dame,FBS Independents,firstDowns,325,2026-09-29T20:12:41Z
2024,Notre Dame,FBS Independents,firstDownsOpponent,272,2026-09-29T20:12:41Z
2024,Notre Dame,FBS Independents,fourthDownConversions,22,2026-09-29T20:12:41Z
2024,Notre Dame,FBS Independents,fourthDownConversionsOpponent,15,2026-09-29T20:12:41Z
2024,Notre Dame,FBS Independents,fourthDowns,30,2026-09-29T20:12:41Z
2024,Notre Dame,FBS Independents,fourthDownsOpponent,41,2026-09-29T20:12:41Z
2024,Notre Dame,FBS Independents,fumblesLost,7,2026-09-29T20:12:41Z
2024,Notre Dame,FBS Independents,fumblesLostOpponent,13,2026-09-29T20:12:41Z
2024,Notre Dame,FBS Independents,fumblesRecovered,14,2026-09-29T20:12:41Z
2024,Notre Dame,FBS Independents,fumblesRecoveredOpponent,7,2026-09-29T20:12:41Z
2024,Notre Dame,FBS Independents,games,16,2026-09-29T20:12:41Z
2024,Notre Dame,FBS Independents,interceptions,8,2026-09-29T20:12:41Z
2024,Notre Dame,FBS Independents,interceptionsOpponent,19,2026-09-29T20:12:41Z
2024,Notre Dame,FBS Independents,interceptionTDs,5,2026-09-29T20:12:41Z
2024,Notre Dame,FBS Independents,interceptionTDsOpponent,0,2026-09-29T20:12:41Z
2024,Notre Dame,FBS Independents,interceptionYards,454,2026-09-29T20:12:41Z
2024,Notre Dame,FBS Independents,interceptionYardsOpponent,78,2026-09-29T20:12:41Z
2024,Notre Dame,FBS Independents,kickReturns,18,2026-09-29T20:12:41Z
2024,Notre Dame,FBS Independents,kickReturnsOpponent,42,2026-09-29T20:12:41Z
2024,Notre Dame,FBS Independents,kickReturnTDs,1,2026-09-29T20:12:41Z
2024,Notre Dame,FBS Independents,kickReturnTDsOpponent,0,2026-09-29T20:12:41Z
2024,Notre Dame,FBS Independents,kickReturnYards,402,2026-09-29T20:12:41Z
2024,Notre Dame,FBS Independents,kickReturnYardsOpponent,651,2026-09-29T20:12:41Z
2024,Notre Dame,FBS Independents,netPassingYards,3170,2026-09-29T20:12:41Z
2024,Notre Dame,FBS Independents,netPassingYardsOpponent,2710,2026-09-29T20:12:41Z
2024,Notre Dame,FBS Independents,passAttempts,445,2026-09-29T20:12:41Z
2024,Notre Dame,FBS Independents,passAttemptsOpponent,451,2026-09-29T20:12:41Z
2024,Notre Dame,FBS Independents,passCompletions,296,2026-09-29T20:12:41Z
2024,Notre Dame,FBS Independents,passCompletionsOpponent,235,2026-09-29T20:12:41Z
2024,Notre Dame,FBS Independents,passesIntercepted,19,2026-09-29T20:12:41Z
2024,Notre Dame,FBS Independents,passesInterceptedOpponent,8,2026-09-29T20:12:41Z
2024,Notre Dame,FBS Independents,passingTDs,24,2026-09-29T20:12:41Z
2024,Notre Dame,FBS Independents,passingTDsOpponent,14,2026-09-29T20:12:41Z
2024,Notre Dame,FBS Independents,penalties,93,2026-09-29T20:12:41Z
2024,Notre Dame,FBS Independents,penaltiesOpponent,87,2026-09-29T20:12:41Z
2024,Notre Dame,FBS Independents,penaltyYards,814,2026-09-29T20:12:41Z
2024,Notre Dame,FBS Independents,penaltyYardsOpponent,773,2026-09-29T20:12:41Z
2024,Notre Dame,FBS Independents,possessionTime,28955,2026-09-29T20:12:41Z
2024,Notre Dame,FBS Independents,possessionTimeOpponent,28645,2026-09-29T20:12:41Z
2024,Notre Dame,FBS Independents,puntReturns,27,2026-09-29T20:12:41Z
2024,Notre Dame,FBS Independents,puntReturnsOpponent,21,2026-09-29T20:12:41Z
2024,Notre Dame,FBS Independents,puntReturnTDs,0,2026-09-29T20:12:41Z
2024,Notre Dame,FBS Independents,puntReturnTDsOpponent,0,2026-09-29T20:12:41Z
2024,Notre Dame,FBS Independents,puntReturnYards,172,2026-09-29T20:12:41Z
2024,Notre Dame,FBS Independents,puntReturnYardsOpponent,89,2026-09-29T20:12:41Z
2024,Notre Dame,FBS Independents,rushingAttempts,563,2026-09-29T20:12:41Z
2024,Notre Dame,FBS Independents,rushingAttemptsOpponent,582,2026-09-29T20:12:41Z
2024,Notre Dame,FBS Independents,rushingTDs,45,2026-09-29T20:12:41Z
2024,Notre Dame,FBS Independents,rushingTDsOpponent,16,2026-09-29T20:12:41Z
2024,Notre Dame,FBS Independents,rushingYards,3224,2026-09-29T20:12:41Z
2024,Notre Dame,FBS Independents,rushingYardsOpponent,2253,2026-09-29T20:12:41Z
2024,Notre Dame,FBS Independents,sacks,40,2026-09-29T20:12:41Z
2024,Notre Dame,FBS Independents,sacksOpponent,24,2026-09-29T20:12:41Z
2024,Notre Dame,FBS Independents,tacklesForLoss,87,2026-09-29T20:12:41Z
2024,Notre Dame,FBS Independents,tacklesForLossOpponent,76,2026-09-29T20:12:41Z
2024,Notre Dame,FBS Independents,thirdDownConversions,76,2026-09-29T20:12:41Z
2024,Notre Dame,FBS Independents,thirdDownConversionsOpponent,70,2026-09-29T20:12:41Z
2024,Notre Dame,FBS Independents,thirdDowns,185,2026-09-29T20:12:41Z
2024,Notre Dame,FBS Independents,thirdDownsOpponent,218,2026-09-29T20:12:41Z
2024,Notre Dame,FBS Independents,totalYards,6394,2026-09-29T20:12:41Z
2024,Notre Dame,FBS Independents,totalYardsOpponent,4963,2026-09-29T20:12:41Z
2024,Notre Dame,FBS Independents,turnovers,15,2026-09-29T20:12:41Z
2024,Notre Dame,FBS Independents,turnoversOpponent,32,2026-09-29T20:12:41Z
2024,Ohio,Mid-American,firstDowns,307,2026-09-29T20:12:41Z
2024,Ohio,Mid-American,firstDownsOpponent,232,2026-09-29T20:12:41Z
2024,Ohio,Mid-American,fourthDownConversions,6,2026-09-29T20:12:41Z
2024,Ohio,Mid-American,fourthDownConversionsOpponent,11,2026-09-29T20:12:41Z
2024,Ohio,Mid-American,fourthDowns,10,2026-09-29T20:12:41Z
2024,Ohio,Mid-American,fourthDownsOpponent,23,2026-09-29T20:12:41Z
2024,Ohio,Mid-American,fumblesLost,10,2026-09-29T20:12:41Z
2024,Ohio,Mid-American,fumblesLostOpponent,10,2026-09-29T20:12:41Z
2024,Ohio,Mid-American,fumblesRecovered,10,2026-09-29T20:12:41Z
2024,Ohio,Mid-American,fumblesRecoveredOpponent,9,2026-09-29T20:12:41Z
2024,Ohio,Mid-American,games,14,2026-09-29T20:12:41Z
2024,Ohio,Mid-American,interceptions,12,2026-09-29T20:12:41Z
2024,Ohio,Mid-American,interceptionsOpponent,11,2026-09-29T20:12:41Z
2024,Ohio,Mid-American,interceptionTDs,1,2026-09-29T20:12:41Z
2024,Ohio,Mid-American,interceptionTDsOpponent,1,2026-09-29T20:12:41Z
2024,Ohio,Mid-American,interceptionYards,53,2026-09-29T20:12:41Z
2024,Ohio,Mid-American,interceptionYardsOpponent,73,2026-09-29T20:12:41Z
2024,Ohio,Mid-American,kickReturns,28,2026-09-29T20:12:41Z
2024,Ohio,Mid-American,kickReturnsOpponent,34,2026-09-29T20:12:41Z
2024,Ohio,Mid-American,kickReturnTDs,1,2026-09-29T20:12:41Z
2024,Ohio,Mid-American,kickReturnTDsOpponent,0,2026-09-29T20:12:41Z
2024,Ohio,Mid-American,kickReturnYards,547,2026-09-29T20:12:41Z
2024,Ohio,Mid-American,kickReturnYardsOpponent,672,2026-09-29T20:12:41Z
2024,Ohio,Mid-American,netPassingYards,2694,2026-09-29T20:12:41Z
2024,Ohio,Mid-American,netPassingYardsOpponent,2974,2026-09-29T20:12:41Z
2024,Ohio,Mid-American,passAttempts,345,2026-09-29T20:12:41Z
2024,Ohio,Mid-American,passAttemptsOpponent,434,2026-09-29T20:12:41Z
2024,Ohio,Mid-American,passCompletions,217,2026-09-29T20:12:41Z
2024,Ohio,Mid-American,passCompletionsOpponent,265,2026-09-29T20:12:41Z
2024,Ohio,Mid-American,passesIntercepted,11,2026-09-29T20:12:41Z
2024,Ohio,Mid-American,passesInterceptedOpponent,12,2026-09-29T20:12:41Z
2024,Ohio,Mid-American,passingTDs,15,2026-09-29T20:12:41Z
2024,Ohio,Mid-American,passingTDsOpponent,16,2026-09-29T20:12:41Z
2024,Ohio,Mid-American,penalties,78,2026-09-29T20:12:41Z
2024,Ohio,Mid-American,penaltiesOpponent,80,2026-09-29T20:12:41Z
2024,Ohio,Mid-American,penaltyYards,638,2026-09-29T20:12:41Z
2024,Ohio,Mid-American,penaltyYardsOpponent,733,2026-09-29T20:12:41Z
2024,Ohio,Mid-American,possessionTime,27492,2026-09-29T20:12:41Z
2024,Ohio,Mid-American,possessionTimeOpponent,22908,2026-09-29T20:12:41Z
2024,Ohio,Mid-American,puntReturns,18,2026-09-29T20:12:41Z
2024,Ohio,Mid-American,puntReturnsOpponent,19,2026-09-29T20:12:41Z
2024,Ohio,Mid-American,puntReturnTDs,1,2026-09-29T20:12:41Z
2024,Ohio,Mid-American,puntReturnTDsOpponent,0,2026-09-29T20:12:41Z
2024,Ohio,Mid-American,puntReturnYards,132,2026-09-29T20:12:41Z
2024,Ohio,Mid-American,puntReturnYardsOpponent,147,2026-09-29T20:12:41Z
2024,Ohio,Mid-American,rushingAttempts,571,2026-09-29T20:12:41Z
2024,Ohio,Mid-American,rushingAttemptsOpponent,428,2026-09-29T20:12:41Z
2024,Ohio,Mid-American,rushingTDs,35,2026-09-29T20:12:41Z
2024,Ohio,Mid-American,rushingTDsOpponent,14,2026-09-29T20:12:41Z
2024,Ohio,Mid-American,rushingYards,2991,2026-09-29T20:12:41Z
2024,Ohio,Mid-American,rushingYardsOpponent,1288,2026-09-29T20:12:41Z
2024,Ohio,Mid-American,sacks,35,2026-09-29T20:12:41Z
2024,Ohio,Mid-American,sacksOpponent,21,2026-09-29T20:12:41Z
2024,Ohio,Mid-American,tacklesForLoss,93,2026-09-29T20:12:41Z
2024,Ohio,Mid-American,tacklesForLossOpponent,70,2026-09-29T20:12:41Z
2024,Ohio,Mid-American,thirdDownConversions,81,2026-09-29T20:12:41Z
2024,Ohio,Mid-American,thirdDownConversionsOpponent,73,2026-09-29T20:12:41Z
2024,Ohio,Mid-American,thirdDowns,170,2026-09-29T20:12:41Z
2024,Ohio,Mid-American,thirdDownsOpponent,195,2026-09-29T20:12:41Z
2024,Ohio,Mid-American,totalYards,5685,2026-09-29T20:12:41Z
2024,Ohio,Mid-American,totalYardsOpponent,4262,2026-09-29T20:12:41Z
2024,Ohio,Mid-American,turnovers,22,2026-09-29T20:12:41Z
2024,Ohio,Mid-American,turnoversOpponent,21,2026-09-29T20:12:41Z
2024,Ohio State,Big Ten,firstDowns,331,2026-09-29T20:12:41Z
2024,Ohio State,Big Ten,firstDownsOpponent,241,2026-09-29T20:12:41Z
2024,Ohio State,Big Ten,fourthDownConversions,20,2026-09-29T20:12:41Z
2024,Ohio State,Big Ten,fourthDownConversionsOpponent,15,2026-09-29T20:12:41Z
2024,Ohio State,Big Ten,fourthDowns,28,2026-09-29T20:12:41Z
2024,Ohio State,Big Ten,fourthDownsOpponent,33,2026-09-29T20:12:41Z
2024,Ohio State,Big Ten,fumblesLost,4,2026-09-29T20:12:41Z
2024,Ohio State,Big Ten,fumblesLostOpponent,9,2026-09-29T20:12:41Z
2024,Ohio State,Big Ten,fumblesRecovered,9,2026-09-29T20:12:41Z
2024,Ohio State,Big Ten,fumblesRecoveredOpponent,4,2026-09-29T20:12:41Z
2024,Ohio State,Big Ten,games,16,2026-09-29T20:12:41Z
2024,Ohio State,Big Ten,interceptions,10,2026-09-29T20:12:41Z
2024,Ohio State,Big Ten,interceptionsOpponent,10,2026-09-29T20:12:41Z
2024,Ohio State,Big Ten,interceptionTDs,1,2026-09-29T20:12:41Z
2024,Ohio State,Big Ten,interceptionTDsOpponent,1,2026-09-29T20:12:41Z
2024,Ohio State,Big Ten,interceptionYards,148,2026-09-29T20:12:41Z
2024,Ohio State,Big Ten,interceptionYardsOpponent,109,2026-09-29T20:12:41Z
2024,Ohio State,Big Ten,kickReturns,14,2026-09-29T20:12:41Z
2024,Ohio State,Big Ten,kickReturnsOpponent,11,2026-09-29T20:12:41Z
2024,Ohio State,Big Ten,kickReturnTDs,0,2026-09-29T20:12:41Z
2024,Ohio State,Big Ten,kickReturnTDsOpponent,0,2026-09-29T20:12:41Z
2024,Ohio State,Big Ten,kickReturnYards,153,2026-09-29T20:12:41Z
2024,Ohio State,Big Ten,kickReturnYardsOpponent,176,2026-09-29T20:12:41Z
2024,Ohio State,Big Ten,netPassingYards,4208,2026-09-29T20:12:41Z
2024,Ohio State,Big Ten,netPassingYardsOpponent,2672,2026-09-29T20:12:41Z
2024,Ohio State,Big Ten,passAttempts,455,2026-09-29T20:12:41Z
2024,Ohio State,Big Ten,passAttemptsOpponent,442,2026-09-29T20:12:41Z
2024,Ohio State,Big Ten,passCompletions,325,2026-09-29T20:12:41Z
2024,Ohio State,Big Ten,passCompletionsOpponent,267,2026-09-29T20:12:41Z
2024,Ohio State,Big Ten,passesIntercepted,10,2026-09-29T20:12:41Z
2024,Ohio State,Big Ten,passesInterceptedOpponent,10,2026-09-29T20:12:41Z
2024,Ohio State,Big Ten,passingTDs,37,2026-09-29T20:12:41Z
2024,Ohio State,Big Ten,passingTDsOpponent,10,2026-09-29T20:12:41Z
2024,Ohio State,Big Ten,penalties,72,2026-09-29T20:12:41Z
2024,Ohio State,Big Ten,penaltiesOpponent,58,2026-09-29T20:12:41Z
2024,Ohio State,Big Ten,penaltyYards,653,2026-09-29T20:12:41Z
2024,Ohio State,Big Ten,penaltyYardsOpponent,467,2026-09-29T20:12:41Z
2024,Ohio State,Big Ten,possessionTime,29085,2026-09-29T20:12:41Z
2024,Ohio State,Big Ten,possessionTimeOpponent,28515,2026-09-29T20:12:41Z
2024,Ohio State,Big Ten,puntReturns,25,2026-09-29T20:12:41Z
2024,Ohio State,Big Ten,puntReturnsOpponent,13,2026-09-29T20:12:41Z
2024,Ohio State,Big Ten,puntReturnTDs,1,2026-09-29T20:12:41Z
2024,Ohio State,Big Ten,puntReturnTDsOpponent,0,2026-09-29T20:12:41Z
2024,Ohio State,Big Ten,puntReturnYards,237,2026-09-29T20:12:41Z
2024,Ohio State,Big Ten,puntReturnYardsOpponent,71,2026-09-29T20:12:41Z
2024,Ohio State,Big Ten,rushingAttempts,532,2026-09-29T20:12:41Z
2024,Ohio State,Big Ten,rushingAttemptsOpponent,528,2026-09-29T20:12:41Z
2024,Ohio State,Big Ten,rushingTDs,34,2026-09-29T20:12:41Z
2024,Ohio State,Big Ten,rushingTDsOpponent,13,2026-09-29T20:12:41Z
2024,Ohio State,Big Ten,rushingYards,2665,2026-09-29T20:12:41Z
2024,Ohio State,Big Ten,rushingYardsOpponent,1405,2026-09-29T20:12:41Z
2024,Ohio State,Big Ten,sacks,53,2026-09-29T20:12:41Z
2024,Ohio State,Big Ten,sacksOpponent,16,2026-09-29T20:12:41Z
2024,Ohio State,Big Ten,tacklesForLoss,113,2026-09-29T20:12:41Z
2024,Ohio State,Big Ten,tacklesForLossOpponent,60,2026-09-29T20:12:41Z
2024,Ohio State,Big Ten,thirdDownConversions,81,2026-09-29T20:12:41Z
2024,Ohio State,Big Ten,thirdDownConversionsOpponent,80,2026-09-29T20:12:41Z
2024,Ohio State,Big Ten,thirdDowns,186,2026-09-29T20:12:41Z
2024,Ohio State,Big Ten,thirdDownsOpponent,228,2026-09-29T20:12:41Z
2024,Ohio State,Big Ten,totalYards,6873,2026-09-29T20:12:41Z
2024,Ohio State,Big Ten,totalYardsOpponent,4077,2026-09-29T20:12:41Z
2024,Ohio State,Big Ten,turnovers,14,2026-09-29T20:12:41Z
2024,Ohio State,Big Ten,turnoversOpponent,19,2026-09-29T20:12:41Z
2024,Oklahoma,SEC,firstDowns,247,2026-09-29T20:12:41Z
2024,Oklahoma,SEC,firstDownsOpponent,211,2026-09-29T20:12:41Z
2024,Oklahoma,SEC,fourthDownConversions,16,2026-09-29T20:12:41Z
2024,Oklahoma,SEC,fourthDownConversionsOpponent,10,2026-09-29T20:12:41Z
2024,Oklahoma,SEC,fourthDowns,31,2026-09-29T20:12:41Z
2024,Oklahoma,SEC,fourthDownsOpponent,21,2026-09-29T20:12:41Z
2024,Oklahoma,SEC,fumblesLost,15,2026-09-29T20:12:41Z
2024,Oklahoma,SEC,fumblesLostOpponent,12,2026-09-29T20:12:41Z
2024,Oklahoma,SEC,fumblesRecovered,12,2026-09-29T20:12:41Z
2024,Oklahoma,SEC,fumblesRecoveredOpponent,15,2026-09-29T20:12:41Z
2024,Oklahoma,SEC,games,13,2026-09-29T20:12:41Z
2024,Oklahoma,SEC,interceptions,6,2026-09-29T20:12:41Z
2024,Oklahoma,SEC,interceptionsOpponent,9,2026-09-29T20:12:41Z
2024,Oklahoma,SEC,interceptionTDs,2,2026-09-29T20:12:41Z
2024,Oklahoma,SEC,interceptionTDsOpponent,2,2026-09-29T20:12:41Z
2024,Oklahoma,SEC,interceptionYards,184,2026-09-29T20:12:41Z
2024,Oklahoma,SEC,interceptionYardsOpponent,118,2026-09-29T20:12:41Z
2024,Oklahoma,SEC,kickReturns,13,2026-09-29T20:12:41Z
2024,Oklahoma,SEC,kickReturnsOpponent,16,2026-09-29T20:12:41Z
2024,Oklahoma,SEC,kickReturnTDs,0,2026-09-29T20:12:41Z
2024,Oklahoma,SEC,kickReturnTDsOpponent,1,2026-09-29T20:12:41Z
2024,Oklahoma,SEC,kickReturnYards,246,2026-09-29T20:12:41Z
2024,Oklahoma,SEC,kickReturnYardsOpponent,391,2026-09-29T20:12:41Z
2024,Oklahoma,SEC,netPassingYards,2286,2026-09-29T20:12:41Z
2024,Oklahoma,SEC,netPassingYardsOpponent,2641,2026-09-29T20:12:41Z
2024,Oklahoma,SEC,passAttempts,373,2026-09-29T20:12:41Z
2024,Oklahoma,SEC,passAttemptsOpponent,359,2026-09-29T20:12:41Z
2024,Oklahoma,SEC,passCompletions,235,2026-09-29T20:12:41Z
2024,Oklahoma,SEC,passCompletionsOpponent,217,2026-09-29T20:12:41Z
2024,Oklahoma,SEC,passesIntercepted,9,2026-09-29T20:12:41Z
2024,Oklahoma,SEC,passesInterceptedOpponent,6,2026-09-29T20:12:41Z
2024,Oklahoma,SEC,passingTDs,16,2026-09-29T20:12:41Z
2024,Oklahoma,SEC,passingTDsOpponent,17,2026-09-29T20:12:41Z
2024,Oklahoma,SEC,penalties,69,2026-09-29T20:12:41Z
2024,Oklahoma,SEC,penaltiesOpponent,81,2026-09-29T20:12:41Z
2024,Oklahoma,SEC,penaltyYards,591,2026-09-29T20:12:41Z
2024,Oklahoma,SEC,penaltyYardsOpponent,688,2026-09-29T20:12:41Z
2024,Oklahoma,SEC,possessionTime,22598,2026-09-29T20:12:41Z
2024,Oklahoma,SEC,possessionTimeOpponent,24202,2026-09-29T20:12:41Z
2024,Oklahoma,SEC,puntReturns,28,2026-09-29T20:12:41Z
2024,Oklahoma,SEC,puntReturnsOpponent,22,2026-09-29T20:12:41Z
2024,Oklahoma,SEC,puntReturnTDs,0,2026-09-29T20:12:41Z
2024,Oklahoma,SEC,puntReturnTDsOpponent,0,2026-09-29T20:12:41Z
2024,Oklahoma,SEC,puntReturnYards,223,2026-09-29T20:12:41Z
2024,Oklahoma,SEC,puntReturnYardsOpponent,106,2026-09-29T20:12:41Z
2024,Oklahoma,SEC,rushingAttempts,518,2026-09-29T20:12:41Z
2024,Oklahoma,SEC,rushingAttemptsOpponent,473,2026-09-29T20:12:41Z
2024,Oklahoma,SEC,rushingTDs,17,2026-09-29T20:12:41Z
2024,Oklahoma,SEC,rushingTDsOpponent,11,2026-09-29T20:12:41Z
2024,Oklahoma,SEC,rushingYards,2025,2026-09-29T20:12:41Z
2024,Oklahoma,SEC,rushingYardsOpponent,1500,2026-09-29T20:12:41Z
2024,Oklahoma,SEC,sacks,35,2026-09-29T20:12:41Z
2024,Oklahoma,SEC,sacksOpponent,50,2026-09-29T20:12:41Z
2024,Oklahoma,SEC,tacklesForLoss,96,2026-09-29T20:12:41Z
2024,Oklahoma,SEC,tacklesForLossOpponent,100,2026-09-29T20:12:41Z
2024,Oklahoma,SEC,thirdDownConversions,73,2026-09-29T20:12:41Z
2024,Oklahoma,SEC,thirdDownConversionsOpponent,71,2026-09-29T20:12:41Z
2024,Oklahoma,SEC,thirdDowns,195,2026-09-29T20:12:41Z
2024,Oklahoma,SEC,thirdDownsOpponent,196,2026-09-29T20:12:41Z
2024,Oklahoma,SEC,totalYards,4311,2026-09-29T20:12:41Z
2024,Oklahoma,SEC,totalYardsOpponent,4141,2026-09-29T20:12:41Z
2024,Oklahoma,SEC,turnovers,21,2026-09-29T20:12:41Z
2024,Oklahoma,SEC,turnoversOpponent,21,2026-09-29T20:12:41Z
2024,Oklahoma State,Big 12,firstDowns,245,2026-09-29T20:12:41Z
2024,Oklahoma State,Big 12,firstDownsOpponent,301,2026-09-29T20:12:41Z
2024,Oklahoma State,Big 12,fourthDownConversions,17,2026-09-29T20:12:41Z
2024,Oklahoma State,Big 12,fourthDownConversionsOpponent,16,2026-09-29T20:12:41Z
2024,Oklahoma State,Big 12,fourthDowns,26,2026-09-29T20:12:41Z
2024,Oklahoma State,Big 12,fourthDownsOpponent,30,2026-09-29T20:12:41Z
2024,Oklahoma State,Big 12,fumblesLost,4,2026-09-29T20:12:41Z
2024,Oklahoma State,Big 12,fumblesLostOpponent,3,2026-09-29T20:12:41Z
2024,Oklahoma State,Big 12,fumblesRecovered,3,2026-09-29T20:12:41Z
2024,Oklahoma State,Big 12,fumblesRecoveredOpponent,6,2026-09-29T20:12:41Z
2024,Oklahoma State,Big 12,games,12,2026-09-29T20:12:41Z
2024,Oklahoma State,Big 12,interceptions,17,2026-09-29T20:12:41Z
2024,Oklahoma State,Big 12,interceptionsOpponent,12,2026-09-29T20:12:41Z
2024,Oklahoma State,Big 12,interceptionTDs,1,2026-09-29T20:12:41Z
2024,Oklahoma State,Big 12,interceptionTDsOpponent,1,2026-09-29T20:12:41Z
2024,Oklahoma State,Big 12,interceptionYards,214,2026-09-29T20:12:41Z
2024,Oklahoma State,Big 12,interceptionYardsOpponent,120,2026-09-29T20:12:41Z
2024,Oklahoma State,Big 12,kickReturns,45,2026-09-29T20:12:41Z
2024,Oklahoma State,Big 12,kickReturnsOpponent,22,2026-09-29T20:12:41Z
2024,Oklahoma State,Big 12,kickReturnTDs,0,2026-09-29T20:12:41Z
2024,Oklahoma State,Big 12,kickReturnTDsOpponent,0,2026-09-29T20:12:41Z
2024,Oklahoma State,Big 12,kickReturnYards,837,2026-09-29T20:12:41Z
2024,Oklahoma State,Big 12,kickReturnYardsOpponent,371,2026-09-29T20:12:41Z
2024,Oklahoma State,Big 12,netPassingYards,3176,2026-09-29T20:12:41Z
2024,Oklahoma State,Big 12,netPassingYardsOpponent,3430,2026-09-29T20:12:41Z
2024,Oklahoma State,Big 12,passAttempts,450,2026-09-29T20:12:41Z
2024,Oklahoma State,Big 12,passAttemptsOpponent,405,2026-09-29T20:12:41Z
2024,Oklahoma State,Big 12,passCompletions,267,2026-09-29T20:12:41Z
2024,Oklahoma State,Big 12,passCompletionsOpponent,254,2026-09-29T20:12:41Z
2024,Oklahoma State,Big 12,passesIntercepted,12,2026-09-29T20:12:41Z
2024,Oklahoma State,Big 12,passesInterceptedOpponent,17,2026-09-29T20:12:41Z
2024,Oklahoma State,Big 12,passingTDs,22,2026-09-29T20:12:41Z
2024,Oklahoma State,Big 12,passingTDsOpponent,26,2026-09-29T20:12:41Z
2024,Oklahoma State,Big 12,penalties,60,2026-09-29T20:12:41Z
2024,Oklahoma State,Big 12,penaltiesOpponent,64,2026-09-29T20:12:41Z
2024,Oklahoma State,Big 12,penaltyYards,518,2026-09-29T20:12:41Z
2024,Oklahoma State,Big 12,penaltyYardsOpponent,587,2026-09-29T20:12:41Z
2024,Oklahoma State,Big 12,possessionTime,19486,2026-09-29T20:12:41Z
2024,Oklahoma State,Big 12,possessionTimeOpponent,23710,2026-09-29T20:12:41Z
2024,Oklahoma State,Big 12,puntReturns,15,2026-09-29T20:12:41Z
2024,Oklahoma State,Big 12,puntReturnsOpponent,10,2026-09-29T20:12:41Z
2024,Oklahoma State,Big 12,puntReturnTDs,0,2026-09-29T20:12:41Z
2024,Oklahoma State,Big 12,puntReturnTDsOpponent,0,2026-09-29T20:12:41Z
2024,Oklahoma State,Big 12,puntReturnYards,90,2026-09-29T20:12:41Z
2024,Oklahoma State,Big 12,puntReturnYardsOpponent,64,2026-09-29T20:12:41Z
2024,Oklahoma State,Big 12,rushingAttempts,353,2026-09-29T20:12:41Z
2024,Oklahoma State,Big 12,rushingAttemptsOpponent,474,2026-09-29T20:12:41Z
2024,Oklahoma State,Big 12,rushingTDs,18,2026-09-29T20:12:41Z
2024,Oklahoma State,Big 12,rushingTDsOpponent,28,2026-09-29T20:12:41Z
2024,Oklahoma State,Big 12,rushingYards,1370,2026-09-29T20:12:41Z
2024,Oklahoma State,Big 12,rushingYardsOpponent,2584,2026-09-29T20:12:41Z
2024,Oklahoma State,Big 12,sacks,25,2026-09-29T20:12:41Z
2024,Oklahoma State,Big 12,sacksOpponent,13,2026-09-29T20:12:41Z
2024,Oklahoma State,Big 12,tacklesForLoss,66,2026-09-29T20:12:41Z
2024,Oklahoma State,Big 12,tacklesForLossOpponent,52,2026-09-29T20:12:41Z
2024,Oklahoma State,Big 12,thirdDownConversions,57,2026-09-29T20:12:41Z
2024,Oklahoma State,Big 12,thirdDownConversionsOpponent,79,2026-09-29T20:12:41Z
2024,Oklahoma State,Big 12,thirdDowns,161,2026-09-29T20:12:41Z
2024,Oklahoma State,Big 12,thirdDownsOpponent,172,2026-09-29T20:12:41Z
2024,Oklahoma State,Big 12,totalYards,4546,2026-09-29T20:12:41Z
2024,Oklahoma State,Big 12,totalYardsOpponent,6014,2026-09-29T20:12:41Z
2024,Oklahoma State,Big 12,turnovers,21,2026-09-29T20:12:41Z
2024,Oklahoma State,Big 12,turnoversOpponent,15,2026-09-29T20:12:41Z
2024,Old Dominion,Sun Belt,firstDowns,236,2026-09-29T20:12:41Z
2024,Old Dominion,Sun Belt,firstDownsOpponent,256,2026-09-29T20:12:41Z
2024,Old Dominion,Sun Belt,fourthDownConversions,7,2026-09-29T20:12:41Z
2024,Old Dominion,Sun Belt,fourthDownConversionsOpponent,8,2026-09-29T20:12:41Z
2024,Old Dominion,Sun Belt,fourthDowns,11,2026-09-29T20:12:41Z
2024,Old Dominion,Sun Belt,fourthDownsOpponent,15,2026-09-29T20:12:41Z
2024,Old Dominion,Sun Belt,fumblesLost,11,2026-09-29T20:12:41Z
2024,Old Dominion,Sun Belt,fumblesLostOpponent,5,2026-09-29T20:12:41Z
2024,Old Dominion,Sun Belt,fumblesRecovered,5,2026-09-29T20:12:41Z
2024,Old Dominion,Sun Belt,fumblesRecoveredOpponent,11,2026-09-29T20:12:41Z
2024,Old Dominion,Sun Belt,games,12,2026-09-29T20:12:41Z
2024,Old Dominion,Sun Belt,interceptions,9,2026-09-29T20:12:41Z
2024,Old Dominion,Sun Belt,interceptionsOpponent,12,2026-09-29T20:12:41Z
2024,Old Dominion,Sun Belt,interceptionTDs,0,2026-09-29T20:12:41Z
2024,Old Dominion,Sun Belt,interceptionTDsOpponent,0,2026-09-29T20:12:41Z
2024,Old Dominion,Sun Belt,interceptionYards,143,2026-09-29T20:12:41Z
2024,Old Dominion,Sun Belt,interceptionYardsOpponent,29,2026-09-29T20:12:41Z
2024,Old Dominion,Sun Belt,kickReturns,22,2026-09-29T20:12:41Z
2024,Old Dominion,Sun Belt,kickReturnsOpponent,37,2026-09-29T20:12:41Z
2024,Old Dominion,Sun Belt,kickReturnTDs,0,2026-09-29T20:12:41Z
2024,Old Dominion,Sun Belt,kickReturnTDsOpponent,0,2026-09-29T20:12:41Z
2024,Old Dominion,Sun Belt,kickReturnYards,334,2026-09-29T20:12:41Z
2024,Old Dominion,Sun Belt,kickReturnYardsOpponent,722,2026-09-29T20:12:41Z
2024,Old Dominion,Sun Belt,netPassingYards,2311,2026-09-29T20:12:41Z
2024,Old Dominion,Sun Belt,netPassingYardsOpponent,2854,2026-09-29T20:12:41Z
2024,Old Dominion,Sun Belt,passAttempts,333,2026-09-29T20:12:41Z
2024,Old Dominion,Sun Belt,passAttemptsOpponent,374,2026-09-29T20:12:41Z
2024,Old Dominion,Sun Belt,passCompletions,195,2026-09-29T20:12:41Z
2024,Old Dominion,Sun Belt,passCompletionsOpponent,228,2026-09-29T20:12:41Z
2024,Old Dominion,Sun Belt,passesIntercepted,12,2026-09-29T20:12:41Z
2024,Old Dominion,Sun Belt,passesInterceptedOpponent,9,2026-09-29T20:12:41Z
2024,Old Dominion,Sun Belt,passingTDs,17,2026-09-29T20:12:41Z
2024,Old Dominion,Sun Belt,passingTDsOpponent,23,2026-09-29T20:12:41Z
2024,Old Dominion,Sun Belt,penalties,74,2026-09-29T20:12:41Z
2024,Old Dominion,Sun Belt,penaltiesOpponent,71,2026-09-29T20:12:41Z
2024,Old Dominion,Sun Belt,penaltyYards,650,2026-09-29T20:12:41Z
2024,Old Dominion,Sun Belt,penaltyYardsOpponent,590,2026-09-29T20:12:41Z
2024,Old Dominion,Sun Belt,possessionTime,20157,2026-09-29T20:12:41Z
2024,Old Dominion,Sun Belt,possessionTimeOpponent,23043,2026-09-29T20:12:41Z
2024,Old Dominion,Sun Belt,puntReturns,20,2026-09-29T20:12:41Z
2024,Old Dominion,Sun Belt,puntReturnsOpponent,18,2026-09-29T20:12:41Z
2024,Old Dominion,Sun Belt,puntReturnTDs,0,2026-09-29T20:12:41Z
2024,Old Dominion,Sun Belt,puntReturnTDsOpponent,0,2026-09-29T20:12:41Z
2024,Old Dominion,Sun Belt,puntReturnYards,120,2026-09-29T20:12:41Z
2024,Old Dominion,Sun Belt,puntReturnYardsOpponent,80,2026-09-29T20:12:41Z
2024,Old Dominion,Sun Belt,rushingAttempts,474,2026-09-29T20:12:41Z
2024,Old Dominion,Sun Belt,rushingAttemptsOpponent,483,2026-09-29T20:12:41Z
2024,Old Dominion,Sun Belt,rushingTDs,27,2026-09-29T20:12:41Z
2024,Old Dominion,Sun Belt,rushingTDsOpponent,18,2026-09-29T20:12:41Z
2024,Old Dominion,Sun Belt,rushingYards,2535,2026-09-29T20:12:41Z
2024,Old Dominion,Sun Belt,rushingYardsOpponent,2079,2026-09-29T20:12:41Z
2024,Old Dominion,Sun Belt,sacks,23,2026-09-29T20:12:41Z
2024,Old Dominion,Sun Belt,sacksOpponent,35,2026-09-29T20:12:41Z
2024,Old Dominion,Sun Belt,tacklesForLoss,74,2026-09-29T20:12:41Z
2024,Old Dominion,Sun Belt,tacklesForLossOpponent,70,2026-09-29T20:12:41Z
2024,Old Dominion,Sun Belt,thirdDownConversions,75,2026-09-29T20:12:41Z
2024,Old Dominion,Sun Belt,thirdDownConversionsOpponent,79,2026-09-29T20:12:41Z
2024,Old Dominion,Sun Belt,thirdDowns,174,2026-09-29T20:12:41Z
2024,Old Dominion,Sun Belt,thirdDownsOpponent,182,2026-09-29T20:12:41Z
2024,Old Dominion,Sun Belt,totalYards,4846,2026-09-29T20:12:41Z
2024,Old Dominion,Sun Belt,totalYardsOpponent,4933,2026-09-29T20:12:41Z
2024,Old Dominion,Sun Belt,turnovers,20,2026-09-29T20:12:41Z
2024,Old Dominion,Sun Belt,turnoversOpponent,17,2026-09-29T20:12:41Z
2024,Ole Miss,SEC,firstDowns,322,2026-09-29T20:12:41Z
2024,Ole Miss,SEC,firstDownsOpponent,242,2026-09-29T20:12:41Z
2024,Ole Miss,SEC,fourthDownConversions,17,2026-09-29T20:12:41Z
2024,Ole Miss,SEC,fourthDownConversionsOpponent,19,2026-09-29T20:12:41Z
2024,Ole Miss,SEC,fourthDowns,29,2026-09-29T20:12:41Z
2024,Ole Miss,SEC,fourthDownsOpponent,37,2026-09-29T20:12:41Z
2024,Ole Miss,SEC,fumblesLost,6,2026-09-29T20:12:41Z
2024,Ole Miss,SEC,fumblesLostOpponent,11,2026-09-29T20:12:41Z
2024,Ole Miss,SEC,fumblesRecovered,10,2026-09-29T20:12:41Z
2024,Ole Miss,SEC,fumblesRecoveredOpponent,6,2026-09-29T20:12:41Z
2024,Ole Miss,SEC,games,13,2026-09-29T20:12:41Z
2024,Ole Miss,SEC,interceptions,7,2026-09-29T20:12:41Z
2024,Ole Miss,SEC,interceptionsOpponent,12,2026-09-29T20:12:41Z
2024,Ole Miss,SEC,interceptionTDs,1,2026-09-29T20:12:41Z
2024,Ole Miss,SEC,interceptionTDsOpponent,0,2026-09-29T20:12:41Z
2024,Ole Miss,SEC,interceptionYards,85,2026-09-29T20:12:41Z
2024,Ole Miss,SEC,interceptionYardsOpponent,69,2026-09-29T20:12:41Z
2024,Ole Miss,SEC,kickReturns,7,2026-09-29T20:12:41Z
2024,Ole Miss,SEC,kickReturnsOpponent,12,2026-09-29T20:12:41Z
2024,Ole Miss,SEC,kickReturnTDs,0,2026-09-29T20:12:41Z
2024,Ole Miss,SEC,kickReturnTDsOpponent,1,2026-09-29T20:12:41Z
2024,Ole Miss,SEC,kickReturnYards,141,2026-09-29T20:12:41Z
2024,Ole Miss,SEC,kickReturnYardsOpponent,253,2026-09-29T20:12:41Z
2024,Ole Miss,SEC,netPassingYards,4561,2026-09-29T20:12:41Z
2024,Ole Miss,SEC,netPassingYardsOpponent,3000,2026-09-29T20:12:41Z
2024,Ole Miss,SEC,passAttempts,434,2026-09-29T20:12:41Z
2024,Ole Miss,SEC,passAttemptsOpponent,446,2026-09-29T20:12:41Z
2024,Ole Miss,SEC,passCompletions,295,2026-09-29T20:12:41Z
2024,Ole Miss,SEC,passCompletionsOpponent,267,2026-09-29T20:12:41Z
2024,Ole Miss,SEC,passesIntercepted,12,2026-09-29T20:12:41Z
2024,Ole Miss,SEC,passesInterceptedOpponent,7,2026-09-29T20:12:41Z
2024,Ole Miss,SEC,passingTDs,31,2026-09-29T20:12:41Z
2024,Ole Miss,SEC,passingTDsOpponent,13,2026-09-29T20:12:41Z
2024,Ole Miss,SEC,penalties,94,2026-09-29T20:12:41Z
2024,Ole Miss,SEC,penaltiesOpponent,80,2026-09-29T20:12:41Z
2024,Ole Miss,SEC,penaltyYards,936,2026-09-29T20:12:41Z
2024,Ole Miss,SEC,penaltyYardsOpponent,699,2026-09-29T20:12:41Z
2024,Ole Miss,SEC,possessionTime,22140,2026-09-29T20:12:41Z
2024,Ole Miss,SEC,possessionTimeOpponent,24660,2026-09-29T20:12:41Z
2024,Ole Miss,SEC,puntReturns,21,2026-09-29T20:12:41Z
2024,Ole Miss,SEC,puntReturnsOpponent,11,2026-09-29T20:12:41Z
2024,Ole Miss,SEC,puntReturnTDs,0,2026-09-29T20:12:41Z
2024,Ole Miss,SEC,puntReturnTDsOpponent,0,2026-09-29T20:12:41Z
2024,Ole Miss,SEC,puntReturnYards,126,2026-09-29T20:12:41Z
2024,Ole Miss,SEC,puntReturnYardsOpponent,61,2026-09-29T20:12:41Z
2024,Ole Miss,SEC,rushingAttempts,499,2026-09-29T20:12:41Z
2024,Ole Miss,SEC,rushingAttemptsOpponent,455,2026-09-29T20:12:41Z
2024,Ole Miss,SEC,rushingTDs,29,2026-09-29T20:12:41Z
2024,Ole Miss,SEC,rushingTDsOpponent,7,2026-09-29T20:12:41Z
2024,Ole Miss,SEC,rushingYards,2286,2026-09-29T20:12:41Z
2024,Ole Miss,SEC,rushingYardsOpponent,1047,2026-09-29T20:12:41Z
2024,Ole Miss,SEC,sacks,53,2026-09-29T20:12:41Z
2024,Ole Miss,SEC,sacksOpponent,29,2026-09-29T20:12:41Z
2024,Ole Miss,SEC,tacklesForLoss,120,2026-09-29T20:12:41Z
2024,Ole Miss,SEC,tacklesForLossOpponent,78,2026-09-29T20:12:41Z
2024,Ole Miss,SEC,thirdDownConversions,71,2026-09-29T20:12:41Z
2024,Ole Miss,SEC,thirdDownConversionsOpponent,65,2026-09-29T20:12:41Z
2024,Ole Miss,SEC,thirdDowns,169,2026-09-29T20:12:41Z
2024,Ole Miss,SEC,thirdDownsOpponent,204,2026-09-29T20:12:41Z
2024,Ole Miss,SEC,totalYards,6847,2026-09-29T20:12:41Z
2024,Ole Miss,SEC,totalYardsOpponent,4047,2026-09-29T20:12:41Z
2024,Ole Miss,SEC,turnovers,13,2026-09-29T20:12:41Z
2024,Ole Miss,SEC,turnoversOpponent,23,2026-09-29T20:12:41Z
2024,Oregon,Big Ten,firstDowns,324,2026-09-29T20:12:41Z
2024,Oregon,Big Ten,firstDownsOpponent,240,2026-09-29T20:12:41Z
2024,Oregon,Big Ten,fourthDownConversions,13,2026-09-29T20:12:41Z
2024,Oregon,Big Ten,fourthDownConversionsOpponent,11,2026-09-29T20:12:41Z
2024,Oregon,Big Ten,fourthDowns,20,2026-09-29T20:12:41Z
2024,Oregon,Big Ten,fourthDownsOpponent,24,2026-09-29T20:12:41Z
2024,Oregon,Big Ten,fumblesLost,5,2026-09-29T20:12:41Z
2024,Oregon,Big Ten,fumblesLostOpponent,5,2026-09-29T20:12:41Z
2024,Oregon,Big Ten,fumblesRecovered,5,2026-09-29T20:12:41Z
2024,Oregon,Big Ten,fumblesRecoveredOpponent,5,2026-09-29T20:12:41Z
2024,Oregon,Big Ten,games,14,2026-09-29T20:12:41Z
2024,Oregon,Big Ten,interceptions,6,2026-09-29T20:12:41Z
2024,Oregon,Big Ten,interceptionsOpponent,12,2026-09-29T20:12:41Z
2024,Oregon,Big Ten,interceptionTDs,0,2026-09-29T20:12:41Z
2024,Oregon,Big Ten,interceptionTDsOpponent,1,2026-09-29T20:12:41Z
2024,Oregon,Big Ten,interceptionYards,38,2026-09-29T20:12:41Z
2024,Oregon,Big Ten,interceptionYardsOpponent,134,2026-09-29T20:12:41Z
2024,Oregon,Big Ten,kickReturns,12,2026-09-29T20:12:41Z
2024,Oregon,Big Ten,kickReturnsOpponent,17,2026-09-29T20:12:41Z
2024,Oregon,Big Ten,kickReturnTDs,0,2026-09-29T20:12:41Z
2024,Oregon,Big Ten,kickReturnTDsOpponent,0,2026-09-29T20:12:41Z
2024,Oregon,Big Ten,kickReturnYards,322,2026-09-29T20:12:41Z
2024,Oregon,Big Ten,kickReturnYardsOpponent,332,2026-09-29T20:12:41Z
2024,Oregon,Big Ten,netPassingYards,3913,2026-09-29T20:12:41Z
2024,Oregon,Big Ten,netPassingYardsOpponent,2603,2026-09-29T20:12:41Z
2024,Oregon,Big Ten,passAttempts,460,2026-09-29T20:12:41Z
2024,Oregon,Big Ten,passAttemptsOpponent,420,2026-09-29T20:12:41Z
2024,Oregon,Big Ten,passCompletions,335,2026-09-29T20:12:41Z
2024,Oregon,Big Ten,passCompletionsOpponent,234,2026-09-29T20:12:41Z
2024,Oregon,Big Ten,passesIntercepted,12,2026-09-29T20:12:41Z
2024,Oregon,Big Ten,passesInterceptedOpponent,6,2026-09-29T20:12:41Z
2024,Oregon,Big Ten,passingTDs,30,2026-09-29T20:12:41Z
2024,Oregon,Big Ten,passingTDsOpponent,15,2026-09-29T20:12:41Z
2024,Oregon,Big Ten,penalties,74,2026-09-29T20:12:41Z
2024,Oregon,Big Ten,penaltiesOpponent,77,2026-09-29T20:12:41Z
2024,Oregon,Big Ten,penaltyYards,580,2026-09-29T20:12:41Z
2024,Oregon,Big Ten,penaltyYardsOpponent,651,2026-09-29T20:12:41Z
2024,Oregon,Big Ten,possessionTime,25918,2026-09-29T20:12:41Z
2024,Oregon,Big Ten,possessionTimeOpponent,24482,2026-09-29T20:12:41Z
2024,Oregon,Big Ten,puntReturns,22,2026-09-29T20:12:41Z
2024,Oregon,Big Ten,puntReturnsOpponent,4,2026-09-29T20:12:41Z
2024,Oregon,Big Ten,puntReturnTDs,1,2026-09-29T20:12:41Z
2024,Oregon,Big Ten,puntReturnTDsOpponent,0,2026-09-29T20:12:41Z
2024,Oregon,Big Ten,puntReturnYards,195,2026-09-29T20:12:41Z
2024,Oregon,Big Ten,puntReturnYardsOpponent,56,2026-09-29T20:12:41Z
2024,Oregon,Big Ten,rushingAttempts,495,2026-09-29T20:12:41Z
2024,Oregon,Big Ten,rushingAttemptsOpponent,440,2026-09-29T20:12:41Z
2024,Oregon,Big Ten,rushingTDs,30,2026-09-29T20:12:41Z
2024,Oregon,Big Ten,rushingTDsOpponent,16,2026-09-29T20:12:41Z
2024,Oregon,Big Ten,rushingYards,2216,2026-09-29T20:12:41Z
2024,Oregon,Big Ten,rushingYardsOpponent,1822,2026-09-29T20:12:41Z
2024,Oregon,Big Ten,sacks,38,2026-09-29T20:12:41Z
2024,Oregon,Big Ten,sacksOpponent,21,2026-09-29T20:12:41Z
2024,Oregon,Big Ten,tacklesForLoss,82,2026-09-29T20:12:41Z
2024,Oregon,Big Ten,tacklesForLossOpponent,57,2026-09-29T20:12:41Z
2024,Oregon,Big Ten,thirdDownConversions,87,2026-09-29T20:12:41Z
2024,Oregon,Big Ten,thirdDownConversionsOpponent,61,2026-09-29T20:12:41Z
2024,Oregon,Big Ten,thirdDowns,180,2026-09-29T20:12:41Z
2024,Oregon,Big Ten,thirdDownsOpponent,183,2026-09-29T20:12:41Z
2024,Oregon,Big Ten,totalYards,6129,2026-09-29T20:12:41Z
2024,Oregon,Big Ten,totalYardsOpponent,4425,2026-09-29T20:12:41Z
2024,Oregon,Big Ten,turnovers,11,2026-09-29T20:12:41Z
2024,Oregon,Big Ten,turnoversOpponent,17,2026-09-29T20:12:41Z
2024,Oregon State,Pac-12,firstDowns,268,2026-09-29T20:12:41Z
2024,Oregon State,Pac-12,firstDownsOpponent,249,2026-09-29T20:12:41Z
2024,Oregon State,Pac-12,fourthDownConversions,22,2026-09-29T20:12:41Z
2024,Oregon State,Pac-12,fourthDownConversionsOpponent,7,2026-09-29T20:12:41Z
2024,Oregon State,Pac-12,fourthDowns,42,2026-09-29T20:12:41Z
2024,Oregon State,Pac-12,fourthDownsOpponent,15,2026-09-29T20:12:41Z
2024,Oregon State,Pac-12,fumblesLost,5,2026-09-29T20:12:41Z
2024,Oregon State,Pac-12,fumblesLostOpponent,7,2026-09-29T20:12:41Z
2024,Oregon State,Pac-12,fumblesRecovered,7,2026-09-29T20:12:41Z
2024,Oregon State,Pac-12,fumblesRecoveredOpponent,5,2026-09-29T20:12:41Z
2024,Oregon State,Pac-12,games,12,2026-09-29T20:12:41Z
2024,Oregon State,Pac-12,interceptions,11,2026-09-29T20:12:41Z
2024,Oregon State,Pac-12,interceptionsOpponent,5,2026-09-29T20:12:41Z
2024,Oregon State,Pac-12,interceptionTDs,1,2026-09-29T20:12:41Z
2024,Oregon State,Pac-12,interceptionTDsOpponent,3,2026-09-29T20:12:41Z
2024,Oregon State,Pac-12,interceptionYards,88,2026-09-29T20:12:41Z
2024,Oregon State,Pac-12,interceptionYardsOpponent,122,2026-09-29T20:12:41Z
2024,Oregon State,Pac-12,kickReturns,20,2026-09-29T20:12:41Z
2024,Oregon State,Pac-12,kickReturnsOpponent,6,2026-09-29T20:12:41Z
2024,Oregon State,Pac-12,kickReturnTDs,0,2026-09-29T20:12:41Z
2024,Oregon State,Pac-12,kickReturnTDsOpponent,0,2026-09-29T20:12:41Z
2024,Oregon State,Pac-12,kickReturnYards,373,2026-09-29T20:12:41Z
2024,Oregon State,Pac-12,kickReturnYardsOpponent,113,2026-09-29T20:12:41Z
2024,Oregon State,Pac-12,netPassingYards,2417,2026-09-29T20:12:41Z
2024,Oregon State,Pac-12,netPassingYardsOpponent,2569,2026-09-29T20:12:41Z
2024,Oregon State,Pac-12,passAttempts,360,2026-09-29T20:12:41Z
2024,Oregon State,Pac-12,passAttemptsOpponent,317,2026-09-29T20:12:41Z
2024,Oregon State,Pac-12,passCompletions,216,2026-09-29T20:12:41Z
2024,Oregon State,Pac-12,passCompletionsOpponent,190,2026-09-29T20:12:41Z
2024,Oregon State,Pac-12,passesIntercepted,5,2026-09-29T20:12:41Z
2024,Oregon State,Pac-12,passesInterceptedOpponent,11,2026-09-29T20:12:41Z
2024,Oregon State,Pac-12,passingTDs,7,2026-09-29T20:12:41Z
2024,Oregon State,Pac-12,passingTDsOpponent,15,2026-09-29T20:12:41Z
2024,Oregon State,Pac-12,penalties,61,2026-09-29T20:12:41Z
2024,Oregon State,Pac-12,penaltiesOpponent,62,2026-09-29T20:12:41Z
2024,Oregon State,Pac-12,penaltyYards,548,2026-09-29T20:12:41Z
2024,Oregon State,Pac-12,penaltyYardsOpponent,594,2026-09-29T20:12:41Z
2024,Oregon State,Pac-12,possessionTime,23871,2026-09-29T20:12:41Z
2024,Oregon State,Pac-12,possessionTimeOpponent,19329,2026-09-29T20:12:41Z
2024,Oregon State,Pac-12,puntReturns,7,2026-09-29T20:12:41Z
2024,Oregon State,Pac-12,puntReturnsOpponent,16,2026-09-29T20:12:41Z
2024,Oregon State,Pac-12,puntReturnTDs,0,2026-09-29T20:12:41Z
2024,Oregon State,Pac-12,puntReturnTDsOpponent,0,2026-09-29T20:12:41Z
2024,Oregon State,Pac-12,puntReturnYards,27,2026-09-29T20:12:41Z
2024,Oregon State,Pac-12,puntReturnYardsOpponent,98,2026-09-29T20:12:41Z
2024,Oregon State,Pac-12,rushingAttempts,484,2026-09-29T20:12:41Z
2024,Oregon State,Pac-12,rushingAttemptsOpponent,414,2026-09-29T20:12:41Z
2024,Oregon State,Pac-12,rushingTDs,29,2026-09-29T20:12:41Z
2024,Oregon State,Pac-12,rushingTDsOpponent,26,2026-09-29T20:12:41Z
2024,Oregon State,Pac-12,rushingYards,2270,2026-09-29T20:12:41Z
2024,Oregon State,Pac-12,rushingYardsOpponent,2236,2026-09-29T20:12:41Z
2024,Oregon State,Pac-12,sacks,7,2026-09-29T20:12:41Z
2024,Oregon State,Pac-12,sacksOpponent,25,2026-09-29T20:12:41Z
2024,Oregon State,Pac-12,tacklesForLoss,45,2026-09-29T20:12:41Z
2024,Oregon State,Pac-12,tacklesForLossOpponent,62,2026-09-29T20:12:41Z
2024,Oregon State,Pac-12,thirdDownConversions,76,2026-09-29T20:12:41Z
2024,Oregon State,Pac-12,thirdDownConversionsOpponent,59,2026-09-29T20:12:41Z
2024,Oregon State,Pac-12,thirdDowns,174,2026-09-29T20:12:41Z
2024,Oregon State,Pac-12,thirdDownsOpponent,131,2026-09-29T20:12:41Z
2024,Oregon State,Pac-12,totalYards,4687,2026-09-29T20:12:41Z
2024,Oregon State,Pac-12,totalYardsOpponent,4805,2026-09-29T20:12:41Z
2024,Oregon State,Pac-12,turnovers,16,2026-09-29T20:12:41Z
2024,Oregon State,Pac-12,turnoversOpponent,12,2026-09-29T20:12:41Z
2024,Penn State,Big Ten,firstDowns,367,2026-09-29T20:12:41Z
2024,Penn State,Big Ten,firstDownsOpponent,283,2026-09-29T20:12:41Z
2024,Penn State,Big Ten,fourthDownConversions,18,2026-09-29T20:12:41Z
2024,Penn State,Big Ten,fourthDownConversionsOpponent,15,2026-09-29T20:12:41Z
2024,Penn State,Big Ten,fourthDowns,25,2026-09-29T20:12:41Z
2024,Penn State,Big Ten,fourthDownsOpponent,27,2026-09-29T20:12:41Z
2024,Penn State,Big Ten,fumblesLost,5,2026-09-29T20:12:41Z
2024,Penn State,Big Ten,fumblesLostOpponent,6,2026-09-29T20:12:41Z
2024,Penn State,Big Ten,fumblesRecovered,6,2026-09-29T20:12:41Z
2024,Penn State,Big Ten,fumblesRecoveredOpponent,8,2026-09-29T20:12:41Z
2024,Penn State,Big Ten,games,16,2026-09-29T20:12:41Z
2024,Penn State,Big Ten,interceptions,10,2026-09-29T20:12:41Z
2024,Penn State,Big Ten,interceptionsOpponent,20,2026-09-29T20:12:41Z
2024,Penn State,Big Ten,interceptionTDs,4,2026-09-29T20:12:41Z
2024,Penn State,Big Ten,interceptionTDsOpponent,0,2026-09-29T20:12:41Z
2024,Penn State,Big Ten,interceptionYards,310,2026-09-29T20:12:41Z
2024,Penn State,Big Ten,interceptionYardsOpponent,117,2026-09-29T20:12:41Z
2024,Penn State,Big Ten,kickReturns,18,2026-09-29T20:12:41Z
2024,Penn State,Big Ten,kickReturnsOpponent,27,2026-09-29T20:12:41Z
2024,Penn State,Big Ten,kickReturnTDs,0,2026-09-29T20:12:41Z
2024,Penn State,Big Ten,kickReturnTDsOpponent,0,2026-09-29T20:12:41Z
2024,Penn State,Big Ten,kickReturnYards,382,2026-09-29T20:12:41Z
2024,Penn State,Big Ten,kickReturnYardsOpponent,515,2026-09-29T20:12:41Z
2024,Penn State,Big Ten,netPassingYards,3646,2026-09-29T20:12:41Z
2024,Penn State,Big Ten,netPassingYardsOpponent,3086,2026-09-29T20:12:41Z
2024,Penn State,Big Ten,passAttempts,437,2026-09-29T20:12:41Z
2024,Penn State,Big Ten,passAttemptsOpponent,475,2026-09-29T20:12:41Z
2024,Penn State,Big Ten,passCompletions,292,2026-09-29T20:12:41Z
2024,Penn State,Big Ten,passCompletionsOpponent,285,2026-09-29T20:12:41Z
2024,Penn State,Big Ten,passesIntercepted,20,2026-09-29T20:12:41Z
2024,Penn State,Big Ten,passesInterceptedOpponent,10,2026-09-29T20:12:41Z
2024,Penn State,Big Ten,passingTDs,30,2026-09-29T20:12:41Z
2024,Penn State,Big Ten,passingTDsOpponent,18,2026-09-29T20:12:41Z
2024,Penn State,Big Ten,penalties,85,2026-09-29T20:12:41Z
2024,Penn State,Big Ten,penaltiesOpponent,70,2026-09-29T20:12:41Z
2024,Penn State,Big Ten,penaltyYards,804,2026-09-29T20:12:41Z
2024,Penn State,Big Ten,penaltyYardsOpponent,542,2026-09-29T20:12:41Z
2024,Penn State,Big Ten,possessionTime,29152,2026-09-29T20:12:41Z
2024,Penn State,Big Ten,possessionTimeOpponent,28448,2026-09-29T20:12:41Z
2024,Penn State,Big Ten,puntReturns,23,2026-09-29T20:12:41Z
2024,Penn State,Big Ten,puntReturnsOpponent,10,2026-09-29T20:12:41Z
2024,Penn State,Big Ten,puntReturnTDs,0,2026-09-29T20:12:41Z
2024,Penn State,Big Ten,puntReturnTDsOpponent,0,2026-09-29T20:12:41Z
2024,Penn State,Big Ten,puntReturnYards,136,2026-09-29T20:12:41Z
2024,Penn State,Big Ten,puntReturnYardsOpponent,78,2026-09-29T20:12:41Z
2024,Penn State,Big Ten,rushingAttempts,614,2026-09-29T20:12:41Z
2024,Penn State,Big Ten,rushingAttemptsOpponent,531,2026-09-29T20:12:41Z
2024,Penn State,Big Ten,rushingTDs,35,2026-09-29T20:12:41Z
2024,Penn State,Big Ten,rushingTDsOpponent,10,2026-09-29T20:12:41Z
2024,Penn State,Big Ten,rushingYards,3239,2026-09-29T20:12:41Z
2024,Penn State,Big Ten,rushingYardsOpponent,1635,2026-09-29T20:12:41Z
2024,Penn State,Big Ten,sacks,44,2026-09-29T20:12:41Z
2024,Penn State,Big Ten,sacksOpponent,20,2026-09-29T20:12:41Z
2024,Penn State,Big Ten,tacklesForLoss,113,2026-09-29T20:12:41Z
2024,Penn State,Big Ten,tacklesForLossOpponent,60,2026-09-29T20:12:41Z
2024,Penn State,Big Ten,thirdDownConversions,89,2026-09-29T20:12:41Z
2024,Penn State,Big Ten,thirdDownConversionsOpponent,81,2026-09-29T20:12:41Z
2024,Penn State,Big Ten,thirdDowns,194,2026-09-29T20:12:41Z
2024,Penn State,Big Ten,thirdDownsOpponent,220,2026-09-29T20:12:41Z
2024,Penn State,Big Ten,totalYards,6885,2026-09-29T20:12:41Z
2024,Penn State,Big Ten,totalYardsOpponent,4721,2026-09-29T20:12:41Z
2024,Penn State,Big Ten,turnovers,15,2026-09-29T20:12:41Z
2024,Penn State,Big Ten,turnoversOpponent,26,2026-09-29T20:12:41Z
2024,Pittsburgh,ACC,firstDowns,298,2026-09-29T20:12:41Z
2024,Pittsburgh,ACC,firstDownsOpponent,266,2026-09-29T20:12:41Z
2024,Pittsburgh,ACC,fourthDownConversions,11,2026-09-29T20:12:41Z
2024,Pittsburgh,ACC,fourthDownConversionsOpponent,20,2026-09-29T20:12:41Z
2024,Pittsburgh,ACC,fourthDowns,22,2026-09-29T20:12:41Z
2024,Pittsburgh,ACC,fourthDownsOpponent,33,2026-09-29T20:12:41Z
2024,Pittsburgh,ACC,fumblesLost,4,2026-09-29T20:12:41Z
2024,Pittsburgh,ACC,fumblesLostOpponent,5,2026-09-29T20:12:41Z
2024,Pittsburgh,ACC,fumblesRecovered,5,2026-09-29T20:12:41Z
2024,Pittsburgh,ACC,fumblesRecoveredOpponent,4,2026-09-29T20:12:41Z
2024,Pittsburgh,ACC,games,13,2026-09-29T20:12:41Z
2024,Pittsburgh,ACC,interceptions,16,2026-09-29T20:12:41Z
2024,Pittsburgh,ACC,interceptionsOpponent,13,2026-09-29T20:12:41Z
2024,Pittsburgh,ACC,interceptionTDs,4,2026-09-29T20:12:41Z
2024,Pittsburgh,ACC,interceptionTDsOpponent,4,2026-09-29T20:12:41Z
2024,Pittsburgh,ACC,interceptionYards,191,2026-09-29T20:12:41Z
2024,Pittsburgh,ACC,interceptionYardsOpponent,364,2026-09-29T20:12:41Z
2024,Pittsburgh,ACC,kickReturns,35,2026-09-29T20:12:41Z
2024,Pittsburgh,ACC,kickReturnsOpponent,16,2026-09-29T20:12:41Z
2024,Pittsburgh,ACC,kickReturnTDs,0,2026-09-29T20:12:41Z
2024,Pittsburgh,ACC,kickReturnTDsOpponent,0,2026-09-29T20:12:41Z
2024,Pittsburgh,ACC,kickReturnYards,713,2026-09-29T20:12:41Z
2024,Pittsburgh,ACC,kickReturnYardsOpponent,372,2026-09-29T20:12:41Z
2024,Pittsburgh,ACC,netPassingYards,3467,2026-09-29T20:12:41Z
2024,Pittsburgh,ACC,netPassingYardsOpponent,3435,2026-09-29T20:12:41Z
2024,Pittsburgh,ACC,passAttempts,499,2026-09-29T20:12:41Z
2024,Pittsburgh,ACC,passAttemptsOpponent,476,2026-09-29T20:12:41Z
2024,Pittsburgh,ACC,passCompletions,301,2026-09-29T20:12:41Z
2024,Pittsburgh,ACC,passCompletionsOpponent,283,2026-09-29T20:12:41Z
2024,Pittsburgh,ACC,passesIntercepted,13,2026-09-29T20:12:41Z
2024,Pittsburgh,ACC,passesInterceptedOpponent,16,2026-09-29T20:12:41Z
2024,Pittsburgh,ACC,passingTDs,29,2026-09-29T20:12:41Z
2024,Pittsburgh,ACC,passingTDsOpponent,22,2026-09-29T20:12:41Z
2024,Pittsburgh,ACC,penalties,91,2026-09-29T20:12:41Z
2024,Pittsburgh,ACC,penaltiesOpponent,102,2026-09-29T20:12:41Z
2024,Pittsburgh,ACC,penaltyYards,813,2026-09-29T20:12:41Z
2024,Pittsburgh,ACC,penaltyYardsOpponent,965,2026-09-29T20:12:41Z
2024,Pittsburgh,ACC,possessionTime,20916,2026-09-29T20:12:41Z
2024,Pittsburgh,ACC,possessionTimeOpponent,25884,2026-09-29T20:12:41Z
2024,Pittsburgh,ACC,puntReturns,28,2026-09-29T20:12:41Z
2024,Pittsburgh,ACC,puntReturnsOpponent,26,2026-09-29T20:12:41Z
2024,Pittsburgh,ACC,puntReturnTDs,2,2026-09-29T20:12:41Z
2024,Pittsburgh,ACC,puntReturnTDsOpponent,0,2026-09-29T20:12:41Z
2024,Pittsburgh,ACC,puntReturnYards,269,2026-09-29T20:12:41Z
2024,Pittsburgh,ACC,puntReturnYardsOpponent,121,2026-09-29T20:12:41Z
2024,Pittsburgh,ACC,rushingAttempts,421,2026-09-29T20:12:41Z
2024,Pittsburgh,ACC,rushingAttemptsOpponent,472,2026-09-29T20:12:41Z
2024,Pittsburgh,ACC,rushingTDs,16,2026-09-29T20:12:41Z
2024,Pittsburgh,ACC,rushingTDsOpponent,18,2026-09-29T20:12:41Z
2024,Pittsburgh,ACC,rushingYards,1843,2026-09-29T20:12:41Z
2024,Pittsburgh,ACC,rushingYardsOpponent,1474,2026-09-29T20:12:41Z
2024,Pittsburgh,ACC,sacks,40,2026-09-29T20:12:41Z
2024,Pittsburgh,ACC,sacksOpponent,43,2026-09-29T20:12:41Z
2024,Pittsburgh,ACC,tacklesForLoss,106,2026-09-29T20:12:41Z
2024,Pittsburgh,ACC,tacklesForLossOpponent,100,2026-09-29T20:12:41Z
2024,Pittsburgh,ACC,thirdDownConversions,67,2026-09-29T20:12:41Z
2024,Pittsburgh,ACC,thirdDownConversionsOpponent,67,2026-09-29T20:12:41Z
2024,Pittsburgh,ACC,thirdDowns,176,2026-09-29T20:12:41Z
2024,Pittsburgh,ACC,thirdDownsOpponent,197,2026-09-29T20:12:41Z
2024,Pittsburgh,ACC,totalYards,5310,2026-09-29T20:12:41Z
2024,Pittsburgh,ACC,totalYardsOpponent,4909,2026-09-29T20:12:41Z
2024,Pittsburgh,ACC,turnovers,20,2026-09-29T20:12:41Z
2024,Pittsburgh,ACC,turnoversOpponent,18,2026-09-29T20:12:41Z
2024,Purdue,Big Ten,firstDowns,175,2026-09-29T20:12:41Z
2024,Purdue,Big Ten,firstDownsOpponent,287,2026-09-29T20:12:41Z
2024,Purdue,Big Ten,fourthDownConversions,5,2026-09-29T20:12:41Z
2024,Purdue,Big Ten,fourthDownConversionsOpponent,12,2026-09-29T20:12:41Z
2024,Purdue,Big Ten,fourthDowns,18,2026-09-29T20:12:41Z
2024,Purdue,Big Ten,fourthDownsOpponent,16,2026-09-29T20:12:41Z
2024,Purdue,Big Ten,fumblesLost,10,2026-09-29T20:12:41Z
2024,Purdue,Big Ten,fumblesLostOpponent,1,2026-09-29T20:12:41Z
2024,Purdue,Big Ten,fumblesRecovered,1,2026-09-29T20:12:41Z
2024,Purdue,Big Ten,fumblesRecoveredOpponent,10,2026-09-29T20:12:41Z
2024,Purdue,Big Ten,games,12,2026-09-29T20:12:41Z
2024,Purdue,Big Ten,interceptions,9,2026-09-29T20:12:41Z
2024,Purdue,Big Ten,interceptionsOpponent,4,2026-09-29T20:12:41Z
2024,Purdue,Big Ten,interceptionTDs,0,2026-09-29T20:12:41Z
2024,Purdue,Big Ten,interceptionTDsOpponent,3,2026-09-29T20:12:41Z
2024,Purdue,Big Ten,interceptionYards,0,2026-09-29T20:12:41Z
2024,Purdue,Big Ten,interceptionYardsOpponent,111,2026-09-29T20:12:41Z
2024,Purdue,Big Ten,kickReturns,15,2026-09-29T20:12:41Z
2024,Purdue,Big Ten,kickReturnsOpponent,12,2026-09-29T20:12:41Z
2024,Purdue,Big Ten,kickReturnTDs,0,2026-09-29T20:12:41Z
2024,Purdue,Big Ten,kickReturnTDsOpponent,0,2026-09-29T20:12:41Z
2024,Purdue,Big Ten,kickReturnYards,300,2026-09-29T20:12:41Z
2024,Purdue,Big Ten,kickReturnYardsOpponent,217,2026-09-29T20:12:41Z
2024,Purdue,Big Ten,netPassingYards,2207,2026-09-29T20:12:41Z
2024,Purdue,Big Ten,netPassingYardsOpponent,3019,2026-09-29T20:12:41Z
2024,Purdue,Big Ten,passAttempts,329,2026-09-29T20:12:41Z
2024,Purdue,Big Ten,passAttemptsOpponent,330,2026-09-29T20:12:41Z
2024,Purdue,Big Ten,passCompletions,189,2026-09-29T20:12:41Z
2024,Purdue,Big Ten,passCompletionsOpponent,217,2026-09-29T20:12:41Z
2024,Purdue,Big Ten,passesIntercepted,4,2026-09-29T20:12:41Z
2024,Purdue,Big Ten,passesInterceptedOpponent,9,2026-09-29T20:12:41Z
2024,Purdue,Big Ten,passingTDs,13,2026-09-29T20:12:41Z
2024,Purdue,Big Ten,passingTDsOpponent,27,2026-09-29T20:12:41Z
2024,Purdue,Big Ten,penalties,66,2026-09-29T20:12:41Z
2024,Purdue,Big Ten,penaltiesOpponent,62,2026-09-29T20:12:41Z
2024,Purdue,Big Ten,penaltyYards,622,2026-09-29T20:12:41Z
2024,Purdue,Big Ten,penaltyYardsOpponent,572,2026-09-29T20:12:41Z
2024,Purdue,Big Ten,possessionTime,19330,2026-09-29T20:12:41Z
2024,Purdue,Big Ten,possessionTimeOpponent,23870,2026-09-29T20:12:41Z
2024,Purdue,Big Ten,puntReturns,15,2026-09-29T20:12:41Z
2024,Purdue,Big Ten,puntReturnsOpponent,20,2026-09-29T20:12:41Z
2024,Purdue,Big Ten,puntReturnTDs,0,2026-09-29T20:12:41Z
2024,Purdue,Big Ten,puntReturnTDsOpponent,0,2026-09-29T20:12:41Z
2024,Purdue,Big Ten,puntReturnYards,103,2026-09-29T20:12:41Z
2024,Purdue,Big Ten,puntReturnYardsOpponent,144,2026-09-29T20:12:41Z
2024,Purdue,Big Ten,rushingAttempts,346,2026-09-29T20:12:41Z
2024,Purdue,Big Ten,rushingAttemptsOpponent,466,2026-09-29T20:12:41Z
2024,Purdue,Big Ten,rushingTDs,9,2026-09-29T20:12:41Z
2024,Purdue,Big Ten,rushingTDsOpponent,33,2026-09-29T20:12:41Z
2024,Purdue,Big Ten,rushingYards,1386,2026-09-29T20:12:41Z
2024,Purdue,Big Ten,rushingYardsOpponent,2411,2026-09-29T20:12:41Z
2024,Purdue,Big Ten,sacks,22,2026-09-29T20:12:41Z
2024,Purdue,Big Ten,sacksOpponent,32,2026-09-29T20:12:41Z
2024,Purdue,Big Ten,tacklesForLoss,62,2026-09-29T20:12:41Z
2024,Purdue,Big Ten,tacklesForLossOpponent,79,2026-09-29T20:12:41Z
2024,Purdue,Big Ten,thirdDownConversions,46,2026-09-29T20:12:41Z
2024,Purdue,Big Ten,thirdDownConversionsOpponent,71,2026-09-29T20:12:41Z
2024,Purdue,Big Ten,thirdDowns,147,2026-09-29T20:12:41Z
2024,Purdue,Big Ten,thirdDownsOpponent,147,2026-09-29T20:12:41Z
2024,Purdue,Big Ten,totalYards,3593,2026-09-29T20:12:41Z
2024,Purdue,Big Ten,totalYardsOpponent,5430,2026-09-29T20:12:41Z
2024,Purdue,Big Ten,turnovers,19,2026-09-29T20:12:41Z
2024,Purdue,Big Ten,turnoversOpponent,5,2026-09-29T20:12:41Z
2024,Rice,American Athletic,firstDowns,219,2026-09-29T20:12:41Z
2024,Rice,American Athletic,firstDownsOpponent,214,2026-09-29T20:12:41Z
2024,Rice,American Athletic,fourthDownConversions,7,2026-09-29T20:12:41Z
2024,Rice,American Athletic,fourthDownConversionsOpponent,10,2026-09-29T20:12:41Z
2024,Rice,American Athletic,fourthDowns,20,2026-09-29T20:12:41Z
2024,Rice,American Athletic,fourthDownsOpponent,19,2026-09-29T20:12:41Z
2024,Rice,American Athletic,fumblesLost,9,2026-09-29T20:12:41Z
2024,Rice,American Athletic,fumblesLostOpponent,4,2026-09-29T20:12:41Z
2024,Rice,American Athletic,fumblesRecovered,4,2026-09-29T20:12:41Z
2024,Rice,American Athletic,fumblesRecoveredOpponent,9,2026-09-29T20:12:41Z
2024,Rice,American Athletic,games,12,2026-09-29T20:12:41Z
2024,Rice,American Athletic,interceptions,13,2026-09-29T20:12:41Z
2024,Rice,American Athletic,interceptionsOpponent,8,2026-09-29T20:12:41Z
2024,Rice,American Athletic,interceptionTDs,1,2026-09-29T20:12:41Z
2024,Rice,American Athletic,interceptionTDsOpponent,2,2026-09-29T20:12:41Z
2024,Rice,American Athletic,interceptionYards,72,2026-09-29T20:12:41Z
2024,Rice,American Athletic,interceptionYardsOpponent,186,2026-09-29T20:12:41Z
2024,Rice,American Athletic,kickReturns,27,2026-09-29T20:12:41Z
2024,Rice,American Athletic,kickReturnsOpponent,10,2026-09-29T20:12:41Z
2024,Rice,American Athletic,kickReturnTDs,1,2026-09-29T20:12:41Z
2024,Rice,American Athletic,kickReturnTDsOpponent,0,2026-09-29T20:12:41Z
2024,Rice,American Athletic,kickReturnYards,708,2026-09-29T20:12:41Z
2024,Rice,American Athletic,kickReturnYardsOpponent,265,2026-09-29T20:12:41Z
2024,Rice,American Athletic,netPassingYards,2868,2026-09-29T20:12:41Z
2024,Rice,American Athletic,netPassingYardsOpponent,2086,2026-09-29T20:12:41Z
2024,Rice,American Athletic,passAttempts,477,2026-09-29T20:12:41Z
2024,Rice,American Athletic,passAttemptsOpponent,325,2026-09-29T20:12:41Z
2024,Rice,American Athletic,passCompletions,292,2026-09-29T20:12:41Z
2024,Rice,American Athletic,passCompletionsOpponent,180,2026-09-29T20:12:41Z
2024,Rice,American Athletic,passesIntercepted,8,2026-09-29T20:12:41Z
2024,Rice,American Athletic,passesInterceptedOpponent,13,2026-09-29T20:12:41Z
2024,Rice,American Athletic,passingTDs,17,2026-09-29T20:12:41Z
2024,Rice,American Athletic,passingTDsOpponent,18,2026-09-29T20:12:41Z
2024,Rice,American Athletic,penalties,85,2026-09-29T20:12:41Z
2024,Rice,American Athletic,penaltiesOpponent,74,2026-09-29T20:12:41Z
2024,Rice,American Athletic,penaltyYards,689,2026-09-29T20:12:41Z
2024,Rice,American Athletic,penaltyYardsOpponent,708,2026-09-29T20:12:41Z
2024,Rice,American Athletic,possessionTime,20648,2026-09-29T20:12:41Z
2024,Rice,American Athletic,possessionTimeOpponent,22552,2026-09-29T20:12:41Z
2024,Rice,American Athletic,puntReturns,30,2026-09-29T20:12:41Z
2024,Rice,American Athletic,puntReturnsOpponent,12,2026-09-29T20:12:41Z
2024,Rice,American Athletic,puntReturnTDs,0,2026-09-29T20:12:41Z
2024,Rice,American Athletic,puntReturnTDsOpponent,1,2026-09-29T20:12:41Z
2024,Rice,American Athletic,puntReturnYards,223,2026-09-29T20:12:41Z
2024,Rice,American Athletic,puntReturnYardsOpponent,113,2026-09-29T20:12:41Z
2024,Rice,American Athletic,rushingAttempts,298,2026-09-29T20:12:41Z
2024,Rice,American Athletic,rushingAttemptsOpponent,468,2026-09-29T20:12:41Z
2024,Rice,American Athletic,rushingTDs,14,2026-09-29T20:12:41Z
2024,Rice,American Athletic,rushingTDsOpponent,17,2026-09-29T20:12:41Z
2024,Rice,American Athletic,rushingYards,1374,2026-09-29T20:12:41Z
2024,Rice,American Athletic,rushingYardsOpponent,1935,2026-09-29T20:12:41Z
2024,Rice,American Athletic,sacks,32,2026-09-29T20:12:41Z
2024,Rice,American Athletic,sacksOpponent,11,2026-09-29T20:12:41Z
2024,Rice,American Athletic,tacklesForLoss,75,2026-09-29T20:12:41Z
2024,Rice,American Athletic,tacklesForLossOpponent,58,2026-09-29T20:12:41Z
2024,Rice,American Athletic,thirdDownConversions,58,2026-09-29T20:12:41Z
2024,Rice,American Athletic,thirdDownConversionsOpponent,67,2026-09-29T20:12:41Z
2024,Rice,American Athletic,thirdDowns,166,2026-09-29T20:12:41Z
2024,Rice,American Athletic,thirdDownsOpponent,177,2026-09-29T20:12:41Z
2024,Rice,American Athletic,totalYards,4242,2026-09-29T20:12:41Z
2024,Rice,American Athletic,totalYardsOpponent,4021,2026-09-29T20:12:41Z
2024,Rice,American Athletic,turnovers,22,2026-09-29T20:12:41Z
2024,Rice,American Athletic,turnoversOpponent,12,2026-09-29T20:12:41Z
2024,Rutgers,Big Ten,firstDowns,293,2026-09-29T20:12:41Z
2024,Rutgers,Big Ten,firstDownsOpponent,256,2026-09-29T20:12:41Z
2024,Rutgers,Big Ten,fourthDownConversions,13,2026-09-29T20:12:41Z
2024,Rutgers,Big Ten,fourthDownConversionsOpponent,13,2026-09-29T20:12:41Z
2024,Rutgers,Big Ten,fourthDowns,28,2026-09-29T20:12:41Z
2024,Rutgers,Big Ten,fourthDownsOpponent,26,2026-09-29T20:12:41Z
2024,Rutgers,Big Ten,fumblesLost,2,2026-09-29T20:12:41Z
2024,Rutgers,Big Ten,fumblesLostOpponent,5,2026-09-29T20:12:41Z
2024,Rutgers,Big Ten,fumblesRecovered,5,2026-09-29T20:12:41Z
2024,Rutgers,Big Ten,fumblesRecoveredOpponent,2,2026-09-29T20:12:41Z
2024,Rutgers,Big Ten,games,13,2026-09-29T20:12:41Z
2024,Rutgers,Big Ten,interceptions,7,2026-09-29T20:12:41Z
2024,Rutgers,Big Ten,interceptionsOpponent,8,2026-09-29T20:12:41Z
2024,Rutgers,Big Ten,interceptionTDs,1,2026-09-29T20:12:41Z
2024,Rutgers,Big Ten,interceptionTDsOpponent,0,2026-09-29T20:12:41Z
2024,Rutgers,Big Ten,interceptionYards,114,2026-09-29T20:12:41Z
2024,Rutgers,Big Ten,interceptionYardsOpponent,29,2026-09-29T20:12:41Z
2024,Rutgers,Big Ten,kickReturns,4,2026-09-29T20:12:41Z
2024,Rutgers,Big Ten,kickReturnsOpponent,20,2026-09-29T20:12:41Z
2024,Rutgers,Big Ten,kickReturnTDs,0,2026-09-29T20:12:41Z
2024,Rutgers,Big Ten,kickReturnTDsOpponent,0,2026-09-29T20:12:41Z
2024,Rutgers,Big Ten,kickReturnYards,39,2026-09-29T20:12:41Z
2024,Rutgers,Big Ten,kickReturnYardsOpponent,428,2026-09-29T20:12:41Z
2024,Rutgers,Big Ten,netPassingYards,2696,2026-09-29T20:12:41Z
2024,Rutgers,Big Ten,netPassingYardsOpponent,3004,2026-09-29T20:12:41Z
2024,Rutgers,Big Ten,passAttempts,395,2026-09-29T20:12:41Z
2024,Rutgers,Big Ten,passAttemptsOpponent,426,2026-09-29T20:12:41Z
2024,Rutgers,Big Ten,passCompletions,213,2026-09-29T20:12:41Z
2024,Rutgers,Big Ten,passCompletionsOpponent,256,2026-09-29T20:12:41Z
2024,Rutgers,Big Ten,passesIntercepted,8,2026-09-29T20:12:41Z
2024,Rutgers,Big Ten,passesInterceptedOpponent,7,2026-09-29T20:12:41Z
2024,Rutgers,Big Ten,passingTDs,18,2026-09-29T20:12:41Z
2024,Rutgers,Big Ten,passingTDsOpponent,18,2026-09-29T20:12:41Z
2024,Rutgers,Big Ten,penalties,52,2026-09-29T20:12:41Z
2024,Rutgers,Big Ten,penaltiesOpponent,84,2026-09-29T20:12:41Z
2024,Rutgers,Big Ten,penaltyYards,444,2026-09-29T20:12:41Z
2024,Rutgers,Big Ten,penaltyYardsOpponent,682,2026-09-29T20:12:41Z
2024,Rutgers,Big Ten,possessionTime,24760,2026-09-29T20:12:41Z
2024,Rutgers,Big Ten,possessionTimeOpponent,22040,2026-09-29T20:12:41Z
2024,Rutgers,Big Ten,puntReturns,11,2026-09-29T20:12:41Z
2024,Rutgers,Big Ten,puntReturnsOpponent,8,2026-09-29T20:12:41Z
2024,Rutgers,Big Ten,puntReturnTDs,0,2026-09-29T20:12:41Z
2024,Rutgers,Big Ten,puntReturnTDsOpponent,0,2026-09-29T20:12:41Z
2024,Rutgers,Big Ten,puntReturnYards,176,2026-09-29T20:12:41Z
2024,Rutgers,Big Ten,puntReturnYardsOpponent,92,2026-09-29T20:12:41Z
2024,Rutgers,Big Ten,rushingAttempts,514,2026-09-29T20:12:41Z
2024,Rutgers,Big Ten,rushingAttemptsOpponent,403,2026-09-29T20:12:41Z
2024,Rutgers,Big Ten,rushingTDs,28,2026-09-29T20:12:41Z
2024,Rutgers,Big Ten,rushingTDsOpponent,26,2026-09-29T20:12:41Z
2024,Rutgers,Big Ten,rushingYards,2294,2026-09-29T20:12:41Z
2024,Rutgers,Big Ten,rushingYardsOpponent,2143,2026-09-29T20:12:41Z
2024,Rutgers,Big Ten,sacks,22,2026-09-29T20:12:41Z
2024,Rutgers,Big Ten,sacksOpponent,20,2026-09-29T20:12:41Z
2024,Rutgers,Big Ten,tacklesForLoss,52,2026-09-29T20:12:41Z
2024,Rutgers,Big Ten,tacklesForLossOpponent,57,2026-09-29T20:12:41Z
2024,Rutgers,Big Ten,thirdDownConversions,79,2026-09-29T20:12:41Z
2024,Rutgers,Big Ten,thirdDownConversionsOpponent,75,2026-09-29T20:12:41Z
2024,Rutgers,Big Ten,thirdDowns,182,2026-09-29T20:12:41Z
2024,Rutgers,Big Ten,thirdDownsOpponent,174,2026-09-29T20:12:41Z
2024,Rutgers,Big Ten,totalYards,4990,2026-09-29T20:12:41Z
2024,Rutgers,Big Ten,totalYardsOpponent,5147,2026-09-29T20:12:41Z
2024,Rutgers,Big Ten,turnovers,9,2026-09-29T20:12:41Z
2024,Rutgers,Big Ten,turnoversOpponent,13,2026-09-29T20:12:41Z
2024,Sam Houston,Conference USA,firstDowns,245,2026-09-29T20:12:41Z
2024,Sam Houston,Conference USA,firstDownsOpponent,238,2026-09-29T20:12:41Z
2024,Sam Houston,Conference USA,fourthDownConversions,14,2026-09-29T20:12:41Z
2024,Sam Houston,Conference USA,fourthDownConversionsOpponent,12,2026-09-29T20:12:41Z
2024,Sam Houston,Conference USA,fourthDowns,21,2026-09-29T20:12:41Z
2024,Sam Houston,Conference USA,fourthDownsOpponent,31,2026-09-29T20:12:41Z
2024,Sam Houston,Conference USA,fumblesLost,6,2026-09-29T20:12:41Z
2024,Sam Houston,Conference USA,fumblesLostOpponent,11,2026-09-29T20:12:41Z
2024,Sam Houston,Conference USA,fumblesRecovered,11,2026-09-29T20:12:41Z
2024,Sam Houston,Conference USA,fumblesRecoveredOpponent,6,2026-09-29T20:12:41Z
2024,Sam Houston,Conference USA,games,13,2026-09-29T20:12:41Z
2024,Sam Houston,Conference USA,interceptions,9,2026-09-29T20:12:41Z
2024,Sam Houston,Conference USA,interceptionsOpponent,16,2026-09-29T20:12:41Z
2024,Sam Houston,Conference USA,interceptionTDs,2,2026-09-29T20:12:41Z
2024,Sam Houston,Conference USA,interceptionTDsOpponent,0,2026-09-29T20:12:41Z
2024,Sam Houston,Conference USA,interceptionYards,182,2026-09-29T20:12:41Z
2024,Sam Houston,Conference USA,interceptionYardsOpponent,91,2026-09-29T20:12:41Z
2024,Sam Houston,Conference USA,kickReturns,22,2026-09-29T20:12:41Z
2024,Sam Houston,Conference USA,kickReturnsOpponent,32,2026-09-29T20:12:41Z
2024,Sam Houston,Conference USA,kickReturnTDs,0,2026-09-29T20:12:41Z
2024,Sam Houston,Conference USA,kickReturnTDsOpponent,0,2026-09-29T20:12:41Z
2024,Sam Houston,Conference USA,kickReturnYards,439,2026-09-29T20:12:41Z
2024,Sam Houston,Conference USA,kickReturnYardsOpponent,728,2026-09-29T20:12:41Z
2024,Sam Houston,Conference USA,netPassingYards,2186,2026-09-29T20:12:41Z
2024,Sam Houston,Conference USA,netPassingYardsOpponent,2301,2026-09-29T20:12:41Z
2024,Sam Houston,Conference USA,passAttempts,349,2026-09-29T20:12:41Z
2024,Sam Houston,Conference USA,passAttemptsOpponent,399,2026-09-29T20:12:41Z
2024,Sam Houston,Conference USA,passCompletions,217,2026-09-29T20:12:41Z
2024,Sam Houston,Conference USA,passCompletionsOpponent,229,2026-09-29T20:12:41Z
2024,Sam Houston,Conference USA,passesIntercepted,16,2026-09-29T20:12:41Z
2024,Sam Houston,Conference USA,passesInterceptedOpponent,9,2026-09-29T20:12:41Z
2024,Sam Houston,Conference USA,passingTDs,15,2026-09-29T20:12:41Z
2024,Sam Houston,Conference USA,passingTDsOpponent,14,2026-09-29T20:12:41Z
2024,Sam Houston,Conference USA,penalties,60,2026-09-29T20:12:41Z
2024,Sam Houston,Conference USA,penaltiesOpponent,87,2026-09-29T20:12:41Z
2024,Sam Houston,Conference USA,penaltyYards,493,2026-09-29T20:12:41Z
2024,Sam Houston,Conference USA,penaltyYardsOpponent,727,2026-09-29T20:12:41Z
2024,Sam Houston,Conference USA,possessionTime,25110,2026-09-29T20:12:41Z
2024,Sam Houston,Conference USA,possessionTimeOpponent,21690,2026-09-29T20:12:41Z
2024,Sam Houston,Conference USA,puntReturns,17,2026-09-29T20:12:41Z
2024,Sam Houston,Conference USA,puntReturnsOpponent,34,2026-09-29T20:12:41Z
2024,Sam Houston,Conference USA,puntReturnTDs,0,2026-09-29T20:12:41Z
2024,Sam Houston,Conference USA,puntReturnTDsOpponent,0,2026-09-29T20:12:41Z
2024,Sam Houston,Conference USA,puntReturnYards,93,2026-09-29T20:12:41Z
2024,Sam Houston,Conference USA,puntReturnYardsOpponent,279,2026-09-29T20:12:41Z
2024,Sam Houston,Conference USA,rushingAttempts,553,2026-09-29T20:12:41Z
2024,Sam Houston,Conference USA,rushingAttemptsOpponent,475,2026-09-29T20:12:41Z
2024,Sam Houston,Conference USA,rushingTDs,21,2026-09-29T20:12:41Z
2024,Sam Houston,Conference USA,rushingTDsOpponent,17,2026-09-29T20:12:41Z
2024,Sam Houston,Conference USA,rushingYards,2344,2026-09-29T20:12:41Z
2024,Sam Houston,Conference USA,rushingYardsOpponent,1879,2026-09-29T20:12:41Z
2024,Sam Houston,Conference USA,sacks,28,2026-09-29T20:12:41Z
2024,Sam Houston,Conference USA,sacksOpponent,30,2026-09-29T20:12:41Z
2024,Sam Houston,Conference USA,tacklesForLoss,73,2026-09-29T20:12:41Z
2024,Sam Houston,Conference USA,tacklesForLossOpponent,76,2026-09-29T20:12:41Z
2024,Sam Houston,Conference USA,thirdDownConversions,76,2026-09-29T20:12:41Z
2024,Sam Houston,Conference USA,thirdDownConversionsOpponent,72,2026-09-29T20:12:41Z
2024,Sam Houston,Conference USA,thirdDowns,195,2026-09-29T20:12:41Z
2024,Sam Houston,Conference USA,thirdDownsOpponent,189,2026-09-29T20:12:41Z
2024,Sam Houston,Conference USA,totalYards,4530,2026-09-29T20:12:41Z
2024,Sam Houston,Conference USA,totalYardsOpponent,4180,2026-09-29T20:12:41Z
2024,Sam Houston,Conference USA,turnovers,15,2026-09-29T20:12:41Z
2024,Sam Houston,Conference USA,turnoversOpponent,27,2026-09-29T20:12:41Z
2024,San Diego State,Mountain West,firstDowns,222,2026-09-29T20:12:41Z
2024,San Diego State,Mountain West,firstDownsOpponent,278,2026-09-29T20:12:41Z
2024,San Diego State,Mountain West,fourthDownConversions,17,2026-09-29T20:12:41Z
2024,San Diego State,Mountain West,fourthDownConversionsOpponent,14,2026-09-29T20:12:41Z
2024,San Diego State,Mountain West,fourthDowns,32,2026-09-29T20:12:41Z
2024,San Diego State,Mountain West,fourthDownsOpponent,25,2026-09-29T20:12:41Z
2024,San Diego State,Mountain West,fumblesLost,1,2026-09-29T20:12:41Z
2024,San Diego State,Mountain West,fumblesLostOpponent,6,2026-09-29T20:12:41Z
2024,San Diego State,Mountain West,fumblesRecovered,5,2026-09-29T20:12:41Z
2024,San Diego State,Mountain West,fumblesRecoveredOpponent,1,2026-09-29T20:12:41Z
2024,San Diego State,Mountain West,games,12,2026-09-29T20:12:41Z
2024,San Diego State,Mountain West,interceptions,8,2026-09-29T20:12:41Z
2024,San Diego State,Mountain West,interceptionsOpponent,7,2026-09-29T20:12:41Z
2024,San Diego State,Mountain West,interceptionTDs,2,2026-09-29T20:12:41Z
2024,San Diego State,Mountain West,interceptionTDsOpponent,1,2026-09-29T20:12:41Z
2024,San Diego State,Mountain West,interceptionYards,213,2026-09-29T20:12:41Z
2024,San Diego State,Mountain West,interceptionYardsOpponent,48,2026-09-29T20:12:41Z
2024,San Diego State,Mountain West,kickReturns,29,2026-09-29T20:12:41Z
2024,San Diego State,Mountain West,kickReturnsOpponent,19,2026-09-29T20:12:41Z
2024,San Diego State,Mountain West,kickReturnTDs,0,2026-09-29T20:12:41Z
2024,San Diego State,Mountain West,kickReturnTDsOpponent,0,2026-09-29T20:12:41Z
2024,San Diego State,Mountain West,kickReturnYards,561,2026-09-29T20:12:41Z
2024,San Diego State,Mountain West,kickReturnYardsOpponent,305,2026-09-29T20:12:41Z
2024,San Diego State,Mountain West,netPassingYards,2468,2026-09-29T20:12:41Z
2024,San Diego State,Mountain West,netPassingYardsOpponent,2559,2026-09-29T20:12:41Z
2024,San Diego State,Mountain West,passAttempts,375,2026-09-29T20:12:41Z
2024,San Diego State,Mountain West,passAttemptsOpponent,343,2026-09-29T20:12:41Z
2024,San Diego State,Mountain West,passCompletions,234,2026-09-29T20:12:41Z
2024,San Diego State,Mountain West,passCompletionsOpponent,223,2026-09-29T20:12:41Z
2024,San Diego State,Mountain West,passesIntercepted,7,2026-09-29T20:12:41Z
2024,San Diego State,Mountain West,passesInterceptedOpponent,8,2026-09-29T20:12:41Z
2024,San Diego State,Mountain West,passingTDs,15,2026-09-29T20:12:41Z
2024,San Diego State,Mountain West,passingTDsOpponent,21,2026-09-29T20:12:41Z
2024,San Diego State,Mountain West,penalties,109,2026-09-29T20:12:41Z
2024,San Diego State,Mountain West,penaltiesOpponent,78,2026-09-29T20:12:41Z
2024,San Diego State,Mountain West,penaltyYards,981,2026-09-29T20:12:41Z
2024,San Diego State,Mountain West,penaltyYardsOpponent,763,2026-09-29T20:12:41Z
2024,San Diego State,Mountain West,possessionTime,19542,2026-09-29T20:12:41Z
2024,San Diego State,Mountain West,possessionTimeOpponent,23658,2026-09-29T20:12:41Z
2024,San Diego State,Mountain West,puntReturns,17,2026-09-29T20:12:41Z
2024,San Diego State,Mountain West,puntReturnsOpponent,20,2026-09-29T20:12:41Z
2024,San Diego State,Mountain West,puntReturnTDs,0,2026-09-29T20:12:41Z
2024,San Diego State,Mountain West,puntReturnTDsOpponent,0,2026-09-29T20:12:41Z
2024,San Diego State,Mountain West,puntReturnYards,108,2026-09-29T20:12:41Z
2024,San Diego State,Mountain West,puntReturnYardsOpponent,115,2026-09-29T20:12:41Z
2024,San Diego State,Mountain West,rushingAttempts,424,2026-09-29T20:12:41Z
2024,San Diego State,Mountain West,rushingAttemptsOpponent,505,2026-09-29T20:12:41Z
2024,San Diego State,Mountain West,rushingTDs,13,2026-09-29T20:12:41Z
2024,San Diego State,Mountain West,rushingTDsOpponent,25,2026-09-29T20:12:41Z
2024,San Diego State,Mountain West,rushingYards,1547,2026-09-29T20:12:41Z
2024,San Diego State,Mountain West,rushingYardsOpponent,2496,2026-09-29T20:12:41Z
2024,San Diego State,Mountain West,sacks,31,2026-09-29T20:12:41Z
2024,San Diego State,Mountain West,sacksOpponent,31,2026-09-29T20:12:41Z
2024,San Diego State,Mountain West,tacklesForLoss,65,2026-09-29T20:12:41Z
2024,San Diego State,Mountain West,tacklesForLossOpponent,89,2026-09-29T20:12:41Z
2024,San Diego State,Mountain West,thirdDownConversions,64,2026-09-29T20:12:41Z
2024,San Diego State,Mountain West,thirdDownConversionsOpponent,80,2026-09-29T20:12:41Z
2024,San Diego State,Mountain West,thirdDowns,177,2026-09-29T20:12:41Z
2024,San Diego State,Mountain West,thirdDownsOpponent,169,2026-09-29T20:12:41Z
2024,San Diego State,Mountain West,totalYards,4015,2026-09-29T20:12:41Z
2024,San Diego State,Mountain West,totalYardsOpponent,5055,2026-09-29T20:12:41Z
2024,San Diego State,Mountain West,turnovers,9,2026-09-29T20:12:41Z
2024,San Diego State,Mountain West,turnoversOpponent,13,2026-09-29T20:12:41Z
2024,San José State,Mountain West,firstDowns,282,2026-09-29T20:12:41Z
2024,San José State,Mountain West,firstDownsOpponent,278,2026-09-29T20:12:41Z
2024,San José State,Mountain West,fourthDownConversions,9,2026-09-29T20:12:41Z
2024,San José State,Mountain West,fourthDownConversionsOpponent,16,2026-09-29T20:12:41Z
2024,San José State,Mountain West,fourthDowns,17,2026-09-29T20:12:41Z
2024,San José State,Mountain West,fourthDownsOpponent,32,2026-09-29T20:12:41Z
2024,San José State,Mountain West,fumblesLost,13,2026-09-29T20:12:41Z
2024,San José State,Mountain West,fumblesLostOpponent,7,2026-09-29T20:12:41Z
2024,San José State,Mountain West,fumblesRecovered,7,2026-09-29T20:12:41Z
2024,San José State,Mountain West,fumblesRecoveredOpponent,13,2026-09-29T20:12:41Z
2024,San José State,Mountain West,games,13,2026-09-29T20:12:41Z
2024,San José State,Mountain West,interceptions,16,2026-09-29T20:12:41Z
2024,San José State,Mountain West,interceptionsOpponent,21,2026-09-29T20:12:41Z
2024,San José State,Mountain West,interceptionTDs,2,2026-09-29T20:12:41Z
2024,San José State,Mountain West,interceptionTDsOpponent,1,2026-09-29T20:12:41Z
2024,San José State,Mountain West,interceptionYards,145,2026-09-29T20:12:41Z
2024,San José State,Mountain West,interceptionYardsOpponent,342,2026-09-29T20:12:41Z
2024,San José State,Mountain West,kickReturns,23,2026-09-29T20:12:41Z
2024,San José State,Mountain West,kickReturnsOpponent,32,2026-09-29T20:12:41Z
2024,San José State,Mountain West,kickReturnTDs,0,2026-09-29T20:12:41Z
2024,San José State,Mountain West,kickReturnTDsOpponent,1,2026-09-29T20:12:41Z
2024,San José State,Mountain West,kickReturnYards,389,2026-09-29T20:12:41Z
2024,San José State,Mountain West,kickReturnYardsOpponent,668,2026-09-29T20:12:41Z
2024,San José State,Mountain West,netPassingYards,4183,2026-09-29T20:12:41Z
2024,San José State,Mountain West,netPassingYardsOpponent,3027,2026-09-29T20:12:41Z
2024,San José State,Mountain West,passAttempts,550,2026-09-29T20:12:41Z
2024,San José State,Mountain West,passAttemptsOpponent,435,2026-09-29T20:12:41Z
2024,San José State,Mountain West,passCompletions,316,2026-09-29T20:12:41Z
2024,San José State,Mountain West,passCompletionsOpponent,268,2026-09-29T20:12:41Z
2024,San José State,Mountain West,passesIntercepted,21,2026-09-29T20:12:41Z
2024,San José State,Mountain West,passesInterceptedOpponent,16,2026-09-29T20:12:41Z
2024,San José State,Mountain West,passingTDs,31,2026-09-29T20:12:41Z
2024,San José State,Mountain West,passingTDsOpponent,16,2026-09-29T20:12:41Z
2024,San José State,Mountain West,penalties,91,2026-09-29T20:12:41Z
2024,San José State,Mountain West,penaltiesOpponent,106,2026-09-29T20:12:41Z
2024,San José State,Mountain West,penaltyYards,799,2026-09-29T20:12:41Z
2024,San José State,Mountain West,penaltyYardsOpponent,992,2026-09-29T20:12:41Z
2024,San José State,Mountain West,possessionTime,20570,2026-09-29T20:12:41Z
2024,San José State,Mountain West,possessionTimeOpponent,26246,2026-09-29T20:12:41Z
2024,San José State,Mountain West,puntReturns,8,2026-09-29T20:12:41Z
2024,San José State,Mountain West,puntReturnsOpponent,15,2026-09-29T20:12:41Z
2024,San José State,Mountain West,puntReturnTDs,0,2026-09-29T20:12:41Z
2024,San José State,Mountain West,puntReturnTDsOpponent,0,2026-09-29T20:12:41Z
2024,San José State,Mountain West,puntReturnYards,52,2026-09-29T20:12:41Z
2024,San José State,Mountain West,puntReturnYardsOpponent,110,2026-09-29T20:12:41Z
2024,San José State,Mountain West,rushingAttempts,320,2026-09-29T20:12:41Z
2024,San José State,Mountain West,rushingAttemptsOpponent,538,2026-09-29T20:12:41Z
2024,San José State,Mountain West,rushingTDs,13,2026-09-29T20:12:41Z
2024,San José State,Mountain West,rushingTDsOpponent,25,2026-09-29T20:12:41Z
2024,San José State,Mountain West,rushingYards,1143,2026-09-29T20:12:41Z
2024,San José State,Mountain West,rushingYardsOpponent,1975,2026-09-29T20:12:41Z
2024,San José State,Mountain West,sacks,25,2026-09-29T20:12:41Z
2024,San José State,Mountain West,sacksOpponent,11,2026-09-29T20:12:41Z
2024,San José State,Mountain West,tacklesForLoss,93,2026-09-29T20:12:41Z
2024,San José State,Mountain West,tacklesForLossOpponent,59,2026-09-29T20:12:41Z
2024,San José State,Mountain West,thirdDownConversions,67,2026-09-29T20:12:41Z
2024,San José State,Mountain West,thirdDownConversionsOpponent,97,2026-09-29T20:12:41Z
2024,San José State,Mountain West,thirdDowns,168,2026-09-29T20:12:41Z
2024,San José State,Mountain West,thirdDownsOpponent,211,2026-09-29T20:12:41Z
2024,San José State,Mountain West,totalYards,5326,2026-09-29T20:12:41Z
2024,San José State,Mountain West,totalYardsOpponent,5002,2026-09-29T20:12:41Z
2024,San José State,Mountain West,turnovers,29,2026-09-29T20:12:41Z
2024,San José State,Mountain West,turnoversOpponent,28,2026-09-29T20:12:41Z
2024,SMU,ACC,firstDowns,317,2026-09-29T20:12:41Z
2024,SMU,ACC,firstDownsOpponent,255,2026-09-29T20:12:41Z
2024,SMU,ACC,fourthDownConversions,10,2026-09-29T20:12:41Z
2024,SMU,ACC,fourthDownConversionsOpponent,18,2026-09-29T20:12:41Z
2024,SMU,ACC,fourthDowns,20,2026-09-29T20:12:41Z
2024,SMU,ACC,fourthDownsOpponent,42,2026-09-29T20:12:41Z
2024,SMU,ACC,fumblesLost,12,2026-09-29T20:12:41Z
2024,SMU,ACC,fumblesLostOpponent,6,2026-09-29T20:12:41Z
2024,SMU,ACC,fumblesRecovered,6,2026-09-29T20:12:41Z
2024,SMU,ACC,fumblesRecoveredOpponent,11,2026-09-29T20:12:41Z
2024,SMU,ACC,games,14,2026-09-29T20:12:41Z
2024,SMU,ACC,interceptions,12,2026-09-29T20:12:41Z
2024,SMU,ACC,interceptionsOpponent,16,2026-09-29T20:12:41Z
2024,SMU,ACC,interceptionTDs,2,2026-09-29T20:12:41Z
2024,SMU,ACC,interceptionTDsOpponent,2,2026-09-29T20:12:41Z
2024,SMU,ACC,interceptionYards,307,2026-09-29T20:12:41Z
2024,SMU,ACC,interceptionYardsOpponent,131,2026-09-29T20:12:41Z
2024,SMU,ACC,kickReturns,23,2026-09-29T20:12:41Z
2024,SMU,ACC,kickReturnsOpponent,36,2026-09-29T20:12:41Z
2024,SMU,ACC,kickReturnTDs,0,2026-09-29T20:12:41Z
2024,SMU,ACC,kickReturnTDsOpponent,0,2026-09-29T20:12:41Z
2024,SMU,ACC,kickReturnYards,477,2026-09-29T20:12:41Z
2024,SMU,ACC,kickReturnYardsOpponent,589,2026-09-29T20:12:41Z
2024,SMU,ACC,netPassingYards,3681,2026-09-29T20:12:41Z
2024,SMU,ACC,netPassingYardsOpponent,3161,2026-09-29T20:12:41Z
2024,SMU,ACC,passAttempts,437,2026-09-29T20:12:41Z
2024,SMU,ACC,passAttemptsOpponent,494,2026-09-29T20:12:41Z
2024,SMU,ACC,passCompletions,279,2026-09-29T20:12:41Z
2024,SMU,ACC,passCompletionsOpponent,278,2026-09-29T20:12:41Z
2024,SMU,ACC,passesIntercepted,16,2026-09-29T20:12:41Z
2024,SMU,ACC,passesInterceptedOpponent,12,2026-09-29T20:12:41Z
2024,SMU,ACC,passingTDs,28,2026-09-29T20:12:41Z
2024,SMU,ACC,passingTDsOpponent,24,2026-09-29T20:12:41Z
2024,SMU,ACC,penalties,114,2026-09-29T20:12:41Z
2024,SMU,ACC,penaltiesOpponent,92,2026-09-29T20:12:41Z
2024,SMU,ACC,penaltyYards,1088,2026-09-29T20:12:41Z
2024,SMU,ACC,penaltyYardsOpponent,817,2026-09-29T20:12:41Z
2024,SMU,ACC,possessionTime,23909,2026-09-29T20:12:41Z
2024,SMU,ACC,possessionTimeOpponent,26472,2026-09-29T20:12:41Z
2024,SMU,ACC,puntReturns,26,2026-09-29T20:12:41Z
2024,SMU,ACC,puntReturnsOpponent,15,2026-09-29T20:12:41Z
2024,SMU,ACC,puntReturnTDs,1,2026-09-29T20:12:41Z
2024,SMU,ACC,puntReturnTDsOpponent,0,2026-09-29T20:12:41Z
2024,SMU,ACC,puntReturnYards,239,2026-09-29T20:12:41Z
2024,SMU,ACC,puntReturnYardsOpponent,165,2026-09-29T20:12:41Z
2024,SMU,ACC,rushingAttempts,536,2026-09-29T20:12:41Z
2024,SMU,ACC,rushingAttemptsOpponent,482,2026-09-29T20:12:41Z
2024,SMU,ACC,rushingTDs,29,2026-09-29T20:12:41Z
2024,SMU,ACC,rushingTDsOpponent,13,2026-09-29T20:12:41Z
2024,SMU,ACC,rushingYards,2365,2026-09-29T20:12:41Z
2024,SMU,ACC,rushingYardsOpponent,1412,2026-09-29T20:12:41Z
2024,SMU,ACC,sacks,43,2026-09-29T20:12:41Z
2024,SMU,ACC,sacksOpponent,18,2026-09-29T20:12:41Z
2024,SMU,ACC,tacklesForLoss,95,2026-09-29T20:12:41Z
2024,SMU,ACC,tacklesForLossOpponent,71,2026-09-29T20:12:41Z
2024,SMU,ACC,thirdDownConversions,81,2026-09-29T20:12:41Z
2024,SMU,ACC,thirdDownConversionsOpponent,68,2026-09-29T20:12:41Z
2024,SMU,ACC,thirdDowns,183,2026-09-29T20:12:41Z
2024,SMU,ACC,thirdDownsOpponent,205,2026-09-29T20:12:41Z
2024,SMU,ACC,totalYards,6046,2026-09-29T20:12:41Z
2024,SMU,ACC,totalYardsOpponent,4573,2026-09-29T20:12:41Z
2024,SMU,ACC,turnovers,24,2026-09-29T20:12:41Z
2024,SMU,ACC,turnoversOpponent,22,2026-09-29T20:12:41Z
2024,South Alabama,Sun Belt,firstDowns,280,2026-09-29T20:12:41Z
2024,South Alabama,Sun Belt,firstDownsOpponent,274,2026-09-29T20:12:41Z
2024,South Alabama,Sun Belt,fourthDownConversions,13,2026-09-29T20:12:41Z
2024,South Alabama,Sun Belt,fourthDownConversionsOpponent,13,2026-09-29T20:12:41Z
2024,South Alabama,Sun Belt,fourthDowns,19,2026-09-29T20:12:41Z
2024,South Alabama,Sun Belt,fourthDownsOpponent,24,2026-09-29T20:12:41Z
2024,South Alabama,Sun Belt,fumblesLost,6,2026-09-29T20:12:41Z
2024,South Alabama,Sun Belt,fumblesLostOpponent,4,2026-09-29T20:12:41Z
2024,South Alabama,Sun Belt,fumblesRecovered,4,2026-09-29T20:12:41Z
2024,South Alabama,Sun Belt,fumblesRecoveredOpponent,8,2026-09-29T20:12:41Z
2024,South Alabama,Sun Belt,games,13,2026-09-29T20:12:41Z
2024,South Alabama,Sun Belt,interceptions,6,2026-09-29T20:12:41Z
2024,South Alabama,Sun Belt,interceptionsOpponent,16,2026-09-29T20:12:41Z
2024,South Alabama,Sun Belt,interceptionTDs,3,2026-09-29T20:12:41Z
2024,South Alabama,Sun Belt,interceptionTDsOpponent,1,2026-09-29T20:12:41Z
2024,South Alabama,Sun Belt,interceptionYards,367,2026-09-29T20:12:41Z
2024,South Alabama,Sun Belt,interceptionYardsOpponent,91,2026-09-29T20:12:41Z
2024,South Alabama,Sun Belt,kickReturns,16,2026-09-29T20:12:41Z
2024,South Alabama,Sun Belt,kickReturnsOpponent,45,2026-09-29T20:12:41Z
2024,South Alabama,Sun Belt,kickReturnTDs,0,2026-09-29T20:12:41Z
2024,South Alabama,Sun Belt,kickReturnTDsOpponent,0,2026-09-29T20:12:41Z
2024,South Alabama,Sun Belt,kickReturnYards,246,2026-09-29T20:12:41Z
2024,South Alabama,Sun Belt,kickReturnYardsOpponent,900,2026-09-29T20:12:41Z
2024,South Alabama,Sun Belt,netPassingYards,3161,2026-09-29T20:12:41Z
2024,South Alabama,Sun Belt,netPassingYardsOpponent,3235,2026-09-29T20:12:41Z
2024,South Alabama,Sun Belt,passAttempts,390,2026-09-29T20:12:41Z
2024,South Alabama,Sun Belt,passAttemptsOpponent,430,2026-09-29T20:12:41Z
2024,South Alabama,Sun Belt,passCompletions,253,2026-09-29T20:12:41Z
2024,South Alabama,Sun Belt,passCompletionsOpponent,278,2026-09-29T20:12:41Z
2024,South Alabama,Sun Belt,passesIntercepted,16,2026-09-29T20:12:41Z
2024,South Alabama,Sun Belt,passesInterceptedOpponent,6,2026-09-29T20:12:41Z
2024,South Alabama,Sun Belt,passingTDs,21,2026-09-29T20:12:41Z
2024,South Alabama,Sun Belt,passingTDsOpponent,18,2026-09-29T20:12:41Z
2024,South Alabama,Sun Belt,penalties,106,2026-09-29T20:12:41Z
2024,South Alabama,Sun Belt,penaltiesOpponent,69,2026-09-29T20:12:41Z
2024,South Alabama,Sun Belt,penaltyYards,922,2026-09-29T20:12:41Z
2024,South Alabama,Sun Belt,penaltyYardsOpponent,629,2026-09-29T20:12:41Z
2024,South Alabama,Sun Belt,possessionTime,22951,2026-09-29T20:12:41Z
2024,South Alabama,Sun Belt,possessionTimeOpponent,23849,2026-09-29T20:12:41Z
2024,South Alabama,Sun Belt,puntReturns,13,2026-09-29T20:12:41Z
2024,South Alabama,Sun Belt,puntReturnsOpponent,17,2026-09-29T20:12:41Z
2024,South Alabama,Sun Belt,puntReturnTDs,1,2026-09-29T20:12:41Z
2024,South Alabama,Sun Belt,puntReturnTDsOpponent,1,2026-09-29T20:12:41Z
2024,South Alabama,Sun Belt,puntReturnYards,203,2026-09-29T20:12:41Z
2024,South Alabama,Sun Belt,puntReturnYardsOpponent,108,2026-09-29T20:12:41Z
2024,South Alabama,Sun Belt,rushingAttempts,445,2026-09-29T20:12:41Z
2024,South Alabama,Sun Belt,rushingAttemptsOpponent,454,2026-09-29T20:12:41Z
2024,South Alabama,Sun Belt,rushingTDs,32,2026-09-29T20:12:41Z
2024,South Alabama,Sun Belt,rushingTDsOpponent,19,2026-09-29T20:12:41Z
2024,South Alabama,Sun Belt,rushingYards,2587,2026-09-29T20:12:41Z
2024,South Alabama,Sun Belt,rushingYardsOpponent,1877,2026-09-29T20:12:41Z
2024,South Alabama,Sun Belt,sacks,21,2026-09-29T20:12:41Z
2024,South Alabama,Sun Belt,sacksOpponent,16,2026-09-29T20:12:41Z
2024,South Alabama,Sun Belt,tacklesForLoss,73,2026-09-29T20:12:41Z
2024,South Alabama,Sun Belt,tacklesForLossOpponent,71,2026-09-29T20:12:41Z
2024,South Alabama,Sun Belt,thirdDownConversions,60,2026-09-29T20:12:41Z
2024,South Alabama,Sun Belt,thirdDownConversionsOpponent,71,2026-09-29T20:12:41Z
2024,South Alabama,Sun Belt,thirdDowns,154,2026-09-29T20:12:41Z
2024,South Alabama,Sun Belt,thirdDownsOpponent,186,2026-09-29T20:12:41Z
2024,South Alabama,Sun Belt,totalYards,5748,2026-09-29T20:12:41Z
2024,South Alabama,Sun Belt,totalYardsOpponent,5112,2026-09-29T20:12:41Z
2024,South Alabama,Sun Belt,turnovers,12,2026-09-29T20:12:41Z
2024,South Alabama,Sun Belt,turnoversOpponent,20,2026-09-29T20:12:41Z
2024,South Carolina,SEC,firstDowns,280,2026-09-29T20:12:41Z
2024,South Carolina,SEC,firstDownsOpponent,235,2026-09-29T20:12:41Z
2024,South Carolina,SEC,fourthDownConversions,12,2026-09-29T20:12:41Z
2024,South Carolina,SEC,fourthDownConversionsOpponent,7,2026-09-29T20:12:41Z
2024,South Carolina,SEC,fourthDowns,25,2026-09-29T20:12:41Z
2024,South Carolina,SEC,fourthDownsOpponent,23,2026-09-29T20:12:41Z
2024,South Carolina,SEC,fumblesLost,14,2026-09-29T20:12:41Z
2024,South Carolina,SEC,fumblesLostOpponent,10,2026-09-29T20:12:41Z
2024,South Carolina,SEC,fumblesRecovered,10,2026-09-29T20:12:41Z
2024,South Carolina,SEC,fumblesRecoveredOpponent,14,2026-09-29T20:12:41Z
2024,South Carolina,SEC,games,13,2026-09-29T20:12:41Z
2024,South Carolina,SEC,interceptions,7,2026-09-29T20:12:41Z
2024,South Carolina,SEC,interceptionsOpponent,14,2026-09-29T20:12:41Z
2024,South Carolina,SEC,interceptionTDs,2,2026-09-29T20:12:41Z
2024,South Carolina,SEC,interceptionTDsOpponent,0,2026-09-29T20:12:41Z
2024,South Carolina,SEC,interceptionYards,173,2026-09-29T20:12:41Z
2024,South Carolina,SEC,interceptionYardsOpponent,73,2026-09-29T20:12:41Z
2024,South Carolina,SEC,kickReturns,17,2026-09-29T20:12:41Z
2024,South Carolina,SEC,kickReturnsOpponent,25,2026-09-29T20:12:41Z
2024,South Carolina,SEC,kickReturnTDs,0,2026-09-29T20:12:41Z
2024,South Carolina,SEC,kickReturnTDsOpponent,0,2026-09-29T20:12:41Z
2024,South Carolina,SEC,kickReturnYards,308,2026-09-29T20:12:41Z
2024,South Carolina,SEC,kickReturnYardsOpponent,400,2026-09-29T20:12:41Z
2024,South Carolina,SEC,netPassingYards,2897,2026-09-29T20:12:41Z
2024,South Carolina,SEC,netPassingYardsOpponent,2657,2026-09-29T20:12:41Z
2024,South Carolina,SEC,passAttempts,342,2026-09-29T20:12:41Z
2024,South Carolina,SEC,passAttemptsOpponent,396,2026-09-29T20:12:41Z
2024,South Carolina,SEC,passCompletions,225,2026-09-29T20:12:41Z
2024,South Carolina,SEC,passCompletionsOpponent,229,2026-09-29T20:12:41Z
2024,South Carolina,SEC,passesIntercepted,14,2026-09-29T20:12:41Z
2024,South Carolina,SEC,passesInterceptedOpponent,7,2026-09-29T20:12:41Z
2024,South Carolina,SEC,passingTDs,21,2026-09-29T20:12:41Z
2024,South Carolina,SEC,passingTDsOpponent,10,2026-09-29T20:12:41Z
2024,South Carolina,SEC,penalties,87,2026-09-29T20:12:41Z
2024,South Carolina,SEC,penaltiesOpponent,77,2026-09-29T20:12:41Z
2024,South Carolina,SEC,penaltyYards,754,2026-09-29T20:12:41Z
2024,South Carolina,SEC,penaltyYardsOpponent,644,2026-09-29T20:12:41Z
2024,South Carolina,SEC,possessionTime,24296,2026-09-29T20:12:41Z
2024,South Carolina,SEC,possessionTimeOpponent,22504,2026-09-29T20:12:41Z
2024,South Carolina,SEC,puntReturns,19,2026-09-29T20:12:41Z
2024,South Carolina,SEC,puntReturnsOpponent,18,2026-09-29T20:12:41Z
2024,South Carolina,SEC,puntReturnTDs,0,2026-09-29T20:12:41Z
2024,South Carolina,SEC,puntReturnTDsOpponent,0,2026-09-29T20:12:41Z
2024,South Carolina,SEC,puntReturnYards,125,2026-09-29T20:12:41Z
2024,South Carolina,SEC,puntReturnYardsOpponent,72,2026-09-29T20:12:41Z
2024,South Carolina,SEC,rushingAttempts,547,2026-09-29T20:12:41Z
2024,South Carolina,SEC,rushingAttemptsOpponent,451,2026-09-29T20:12:41Z
2024,South Carolina,SEC,rushingTDs,26,2026-09-29T20:12:41Z
2024,South Carolina,SEC,rushingTDsOpponent,18,2026-09-29T20:12:41Z
2024,South Carolina,SEC,rushingYards,2407,2026-09-29T20:12:41Z
2024,South Carolina,SEC,rushingYardsOpponent,1465,2026-09-29T20:12:41Z
2024,South Carolina,SEC,sacks,41,2026-09-29T20:12:41Z
2024,South Carolina,SEC,sacksOpponent,40,2026-09-29T20:12:41Z
2024,South Carolina,SEC,tacklesForLoss,87,2026-09-29T20:12:41Z
2024,South Carolina,SEC,tacklesForLossOpponent,95,2026-09-29T20:12:41Z
2024,South Carolina,SEC,thirdDownConversions,77,2026-09-29T20:12:41Z
2024,South Carolina,SEC,thirdDownConversionsOpponent,63,2026-09-29T20:12:41Z
2024,South Carolina,SEC,thirdDowns,179,2026-09-29T20:12:41Z
2024,South Carolina,SEC,thirdDownsOpponent,178,2026-09-29T20:12:41Z
2024,South Carolina,SEC,totalYards,5304,2026-09-29T20:12:41Z
2024,South Carolina,SEC,totalYardsOpponent,4122,2026-09-29T20:12:41Z
2024,South Carolina,SEC,turnovers,21,2026-09-29T20:12:41Z
2024,South Carolina,SEC,turnoversOpponent,24,2026-09-29T20:12:41Z
2024,Southern Miss,Sun Belt,firstDowns,186,2026-09-29T20:12:41Z
2024,Southern Miss,Sun Belt,firstDownsOpponent,261,2026-09-29T20:12:41Z
2024,Southern Miss,Sun Belt,fourthDownConversions,12,2026-09-29T20:12:41Z
2024,Southern Miss,Sun Belt,fourthDownConversionsOpponent,13,2026-09-29T20:12:41Z
2024,Southern Miss,Sun Belt,fourthDowns,27,2026-09-29T20:12:41Z
2024,Southern Miss,Sun Belt,fourthDownsOpponent,18,2026-09-29T20:12:41Z
2024,Southern Miss,Sun Belt,fumblesLost,12,2026-09-29T20:12:41Z
2024,Southern Miss,Sun Belt,fumblesLostOpponent,4,2026-09-29T20:12:41Z
2024,Southern Miss,Sun Belt,fumblesRecovered,4,2026-09-29T20:12:41Z
2024,Southern Miss,Sun Belt,fumblesRecoveredOpponent,12,2026-09-29T20:12:41Z
2024,Southern Miss,Sun Belt,games,12,2026-09-29T20:12:41Z
2024,Southern Miss,Sun Belt,interceptions,17,2026-09-29T20:12:41Z
2024,Southern Miss,Sun Belt,interceptionsOpponent,6,2026-09-29T20:12:41Z
2024,Southern Miss,Sun Belt,interceptionTDs,1,2026-09-29T20:12:41Z
2024,Southern Miss,Sun Belt,interceptionTDsOpponent,2,2026-09-29T20:12:41Z
2024,Southern Miss,Sun Belt,interceptionYards,115,2026-09-29T20:12:41Z
2024,Southern Miss,Sun Belt,interceptionYardsOpponent,199,2026-09-29T20:12:41Z
2024,Southern Miss,Sun Belt,kickReturns,22,2026-09-29T20:12:41Z
2024,Southern Miss,Sun Belt,kickReturnsOpponent,17,2026-09-29T20:12:41Z
2024,Southern Miss,Sun Belt,kickReturnTDs,0,2026-09-29T20:12:41Z
2024,Southern Miss,Sun Belt,kickReturnTDsOpponent,1,2026-09-29T20:12:41Z
2024,Southern Miss,Sun Belt,kickReturnYards,414,2026-09-29T20:12:41Z
2024,Southern Miss,Sun Belt,kickReturnYardsOpponent,387,2026-09-29T20:12:41Z
2024,Southern Miss,Sun Belt,netPassingYards,2099,2026-09-29T20:12:41Z
2024,Southern Miss,Sun Belt,netPassingYardsOpponent,2598,2026-09-29T20:12:41Z
2024,Southern Miss,Sun Belt,passAttempts,318,2026-09-29T20:12:41Z
2024,Southern Miss,Sun Belt,passAttemptsOpponent,321,2026-09-29T20:12:41Z
2024,Southern Miss,Sun Belt,passCompletions,166,2026-09-29T20:12:41Z
2024,Southern Miss,Sun Belt,passCompletionsOpponent,209,2026-09-29T20:12:41Z
2024,Southern Miss,Sun Belt,passesIntercepted,6,2026-09-29T20:12:41Z
2024,Southern Miss,Sun Belt,passesInterceptedOpponent,17,2026-09-29T20:12:41Z
2024,Southern Miss,Sun Belt,passingTDs,7,2026-09-29T20:12:41Z
2024,Southern Miss,Sun Belt,passingTDsOpponent,24,2026-09-29T20:12:41Z
2024,Southern Miss,Sun Belt,penalties,72,2026-09-29T20:12:41Z
2024,Southern Miss,Sun Belt,penaltiesOpponent,74,2026-09-29T20:12:41Z
2024,Southern Miss,Sun Belt,penaltyYards,579,2026-09-29T20:12:41Z
2024,Southern Miss,Sun Belt,penaltyYardsOpponent,659,2026-09-29T20:12:41Z
2024,Southern Miss,Sun Belt,possessionTime,19712,2026-09-29T20:12:41Z
2024,Southern Miss,Sun Belt,possessionTimeOpponent,21992,2026-09-29T20:12:41Z
2024,Southern Miss,Sun Belt,puntReturns,11,2026-09-29T20:12:41Z
2024,Southern Miss,Sun Belt,puntReturnsOpponent,25,2026-09-29T20:12:41Z
2024,Southern Miss,Sun Belt,puntReturnTDs,1,2026-09-29T20:12:41Z
2024,Southern Miss,Sun Belt,puntReturnTDsOpponent,0,2026-09-29T20:12:41Z
2024,Southern Miss,Sun Belt,puntReturnYards,39,2026-09-29T20:12:41Z
2024,Southern Miss,Sun Belt,puntReturnYardsOpponent,132,2026-09-29T20:12:41Z
2024,Southern Miss,Sun Belt,rushingAttempts,410,2026-09-29T20:12:41Z
2024,Southern Miss,Sun Belt,rushingAttemptsOpponent,470,2026-09-29T20:12:41Z
2024,Southern Miss,Sun Belt,rushingTDs,13,2026-09-29T20:12:41Z
2024,Southern Miss,Sun Belt,rushingTDsOpponent,31,2026-09-29T20:12:41Z
2024,Southern Miss,Sun Belt,rushingYards,1308,2026-09-29T20:12:41Z
2024,Southern Miss,Sun Belt,rushingYardsOpponent,2811,2026-09-29T20:12:41Z
2024,Southern Miss,Sun Belt,sacks,20,2026-09-29T20:12:41Z
2024,Southern Miss,Sun Belt,sacksOpponent,45,2026-09-29T20:12:41Z
2024,Southern Miss,Sun Belt,tacklesForLoss,65,2026-09-29T20:12:41Z
2024,Southern Miss,Sun Belt,tacklesForLossOpponent,112,2026-09-29T20:12:41Z
2024,Southern Miss,Sun Belt,thirdDownConversions,39,2026-09-29T20:12:41Z
2024,Southern Miss,Sun Belt,thirdDownConversionsOpponent,66,2026-09-29T20:12:41Z
2024,Southern Miss,Sun Belt,thirdDowns,155,2026-09-29T20:12:41Z
2024,Southern Miss,Sun Belt,thirdDownsOpponent,159,2026-09-29T20:12:41Z
2024,Southern Miss,Sun Belt,totalYards,3407,2026-09-29T20:12:41Z
2024,Southern Miss,Sun Belt,totalYardsOpponent,5409,2026-09-29T20:12:41Z
2024,Southern Miss,Sun Belt,turnovers,29,2026-09-29T20:12:41Z
2024,Southern Miss,Sun Belt,turnoversOpponent,10,2026-09-29T20:12:41Z
2024,South Florida,American Athletic,firstDowns,265,2026-09-29T20:12:41Z
2024,South Florida,American Athletic,firstDownsOpponent,294,2026-09-29T20:12:41Z
2024,South Florida,American Athletic,fourthDownConversions,15,2026-09-29T20:12:41Z
2024,South Florida,American Athletic,fourthDownConversionsOpponent,15,2026-09-29T20:12:41Z
2024,South Florida,American Athletic,fourthDowns,27,2026-09-29T20:12:41Z
2024,South Florida,American Athletic,fourthDownsOpponent,30,2026-09-29T20:12:41Z
2024,South Florida,American Athletic,fumblesLost,8,2026-09-29T20:12:41Z
2024,South Florida,American Athletic,fumblesLostOpponent,14,2026-09-29T20:12:41Z
2024,South Florida,American Athletic,fumblesRecovered,14,2026-09-29T20:12:41Z
2024,South Florida,American Athletic,fumblesRecoveredOpponent,8,2026-09-29T20:12:41Z
2024,South Florida,American Athletic,games,13,2026-09-29T20:12:41Z
2024,South Florida,American Athletic,interceptions,10,2026-09-29T20:12:41Z
2024,South Florida,American Athletic,interceptionsOpponent,12,2026-09-29T20:12:41Z
2024,South Florida,American Athletic,interceptionTDs,1,2026-09-29T20:12:41Z
2024,South Florida,American Athletic,interceptionTDsOpponent,0,2026-09-29T20:12:41Z
2024,South Florida,American Athletic,interceptionYards,161,2026-09-29T20:12:41Z
2024,South Florida,American Athletic,interceptionYardsOpponent,142,2026-09-29T20:12:41Z
2024,South Florida,American Athletic,kickReturns,20,2026-09-29T20:12:41Z
2024,South Florida,American Athletic,kickReturnsOpponent,31,2026-09-29T20:12:41Z
2024,South Florida,American Athletic,kickReturnTDs,1,2026-09-29T20:12:41Z
2024,South Florida,American Athletic,kickReturnTDsOpponent,0,2026-09-29T20:12:41Z
2024,South Florida,American Athletic,kickReturnYards,445,2026-09-29T20:12:41Z
2024,South Florida,American Athletic,kickReturnYardsOpponent,735,2026-09-29T20:12:41Z
2024,South Florida,American Athletic,netPassingYards,2957,2026-09-29T20:12:41Z
2024,South Florida,American Athletic,netPassingYardsOpponent,3624,2026-09-29T20:12:41Z
2024,South Florida,American Athletic,passAttempts,443,2026-09-29T20:12:41Z
2024,South Florida,American Athletic,passAttemptsOpponent,471,2026-09-29T20:12:41Z
2024,South Florida,American Athletic,passCompletions,262,2026-09-29T20:12:41Z
2024,South Florida,American Athletic,passCompletionsOpponent,277,2026-09-29T20:12:41Z
2024,South Florida,American Athletic,passesIntercepted,13,2026-09-29T20:12:41Z
2024,South Florida,American Athletic,passesInterceptedOpponent,10,2026-09-29T20:12:41Z
2024,South Florida,American Athletic,passingTDs,16,2026-09-29T20:12:41Z
2024,South Florida,American Athletic,passingTDsOpponent,23,2026-09-29T20:12:41Z
2024,South Florida,American Athletic,penalties,105,2026-09-29T20:12:41Z
2024,South Florida,American Athletic,penaltiesOpponent,110,2026-09-29T20:12:41Z
2024,South Florida,American Athletic,penaltyYards,922,2026-09-29T20:12:41Z
2024,South Florida,American Athletic,penaltyYardsOpponent,951,2026-09-29T20:12:41Z
2024,South Florida,American Athletic,possessionTime,19655,2026-09-29T20:12:41Z
2024,South Florida,American Athletic,possessionTimeOpponent,27145,2026-09-29T20:12:41Z
2024,South Florida,American Athletic,puntReturns,28,2026-09-29T20:12:41Z
2024,South Florida,American Athletic,puntReturnsOpponent,13,2026-09-29T20:12:41Z
2024,South Florida,American Athletic,puntReturnTDs,0,2026-09-29T20:12:41Z
2024,South Florida,American Athletic,puntReturnTDsOpponent,0,2026-09-29T20:12:41Z
2024,South Florida,American Athletic,puntReturnYards,300,2026-09-29T20:12:41Z
2024,South Florida,American Athletic,puntReturnYardsOpponent,58,2026-09-29T20:12:41Z
2024,South Florida,American Athletic,rushingAttempts,492,2026-09-29T20:12:41Z
2024,South Florida,American Athletic,rushingAttemptsOpponent,504,2026-09-29T20:12:41Z
2024,South Florida,American Athletic,rushingTDs,34,2026-09-29T20:12:41Z
2024,South Florida,American Athletic,rushingTDsOpponent,25,2026-09-29T20:12:41Z
2024,South Florida,American Athletic,rushingYards,2351,2026-09-29T20:12:41Z
2024,South Florida,American Athletic,rushingYardsOpponent,2072,2026-09-29T20:12:41Z
2024,South Florida,American Athletic,sacks,32,2026-09-29T20:12:41Z
2024,South Florida,American Athletic,sacksOpponent,36,2026-09-29T20:12:41Z
2024,South Florida,American Athletic,tacklesForLoss,105,2026-09-29T20:12:41Z
2024,South Florida,American Athletic,tacklesForLossOpponent,74,2026-09-29T20:12:41Z
2024,South Florida,American Athletic,thirdDownConversions,77,2026-09-29T20:12:41Z
2024,South Florida,American Athletic,thirdDownConversionsOpponent,67,2026-09-29T20:12:41Z
2024,South Florida,American Athletic,thirdDowns,198,2026-09-29T20:12:41Z
2024,South Florida,American Athletic,thirdDownsOpponent,197,2026-09-29T20:12:41Z
2024,South Florida,American Athletic,totalYards,5308,2026-09-29T20:12:41Z
2024,South Florida,American Athletic,totalYardsOpponent,5696,2026-09-29T20:12:41Z
2024,South Florida,American Athletic,turnovers,18,2026-09-29T20:12:41Z
2024,South Florida,American Athletic,turnoversOpponent,26,2026-09-29T20:12:41Z
2024,Stanford,ACC,firstDowns,222,2026-09-29T20:12:41Z
2024,Stanford,ACC,firstDownsOpponent,254,2026-09-29T20:12:41Z
2024,Stanford,ACC,fourthDownConversions,23,2026-09-29T20:12:41Z
2024,Stanford,ACC,fourthDownConversionsOpponent,9,2026-09-29T20:12:41Z
2024,Stanford,ACC,fourthDowns,41,2026-09-29T20:12:41Z
2024,Stanford,ACC,fourthDownsOpponent,16,2026-09-29T20:12:41Z
2024,Stanford,ACC,fumblesLost,5,2026-09-29T20:12:41Z
2024,Stanford,ACC,fumblesLostOpponent,8,2026-09-29T20:12:41Z
2024,Stanford,ACC,fumblesRecovered,7,2026-09-29T20:12:41Z
2024,Stanford,ACC,fumblesRecoveredOpponent,5,2026-09-29T20:12:41Z
2024,Stanford,ACC,games,12,2026-09-29T20:12:41Z
2024,Stanford,ACC,interceptions,17,2026-09-29T20:12:41Z
2024,Stanford,ACC,interceptionsOpponent,9,2026-09-29T20:12:41Z
2024,Stanford,ACC,interceptionTDs,1,2026-09-29T20:12:41Z
2024,Stanford,ACC,interceptionTDsOpponent,0,2026-09-29T20:12:41Z
2024,Stanford,ACC,interceptionYards,168,2026-09-29T20:12:41Z
2024,Stanford,ACC,interceptionYardsOpponent,64,2026-09-29T20:12:41Z
2024,Stanford,ACC,kickReturns,15,2026-09-29T20:12:41Z
2024,Stanford,ACC,kickReturnsOpponent,30,2026-09-29T20:12:41Z
2024,Stanford,ACC,kickReturnTDs,0,2026-09-29T20:12:41Z
2024,Stanford,ACC,kickReturnTDsOpponent,0,2026-09-29T20:12:41Z
2024,Stanford,ACC,kickReturnYards,245,2026-09-29T20:12:41Z
2024,Stanford,ACC,kickReturnYardsOpponent,666,2026-09-29T20:12:41Z
2024,Stanford,ACC,netPassingYards,2295,2026-09-29T20:12:41Z
2024,Stanford,ACC,netPassingYardsOpponent,3367,2026-09-29T20:12:41Z
2024,Stanford,ACC,passAttempts,370,2026-09-29T20:12:41Z
2024,Stanford,ACC,passAttemptsOpponent,397,2026-09-29T20:12:41Z
2024,Stanford,ACC,passCompletions,224,2026-09-29T20:12:41Z
2024,Stanford,ACC,passCompletionsOpponent,263,2026-09-29T20:12:41Z
2024,Stanford,ACC,passesIntercepted,9,2026-09-29T20:12:41Z
2024,Stanford,ACC,passesInterceptedOpponent,17,2026-09-29T20:12:41Z
2024,Stanford,ACC,passingTDs,18,2026-09-29T20:12:41Z
2024,Stanford,ACC,passingTDsOpponent,31,2026-09-29T20:12:41Z
2024,Stanford,ACC,penalties,65,2026-09-29T20:12:41Z
2024,Stanford,ACC,penaltiesOpponent,81,2026-09-29T20:12:41Z
2024,Stanford,ACC,penaltyYards,588,2026-09-29T20:12:41Z
2024,Stanford,ACC,penaltyYardsOpponent,742,2026-09-29T20:12:41Z
2024,Stanford,ACC,possessionTime,22812,2026-09-29T20:12:41Z
2024,Stanford,ACC,possessionTimeOpponent,20388,2026-09-29T20:12:41Z
2024,Stanford,ACC,puntReturns,15,2026-09-29T20:12:41Z
2024,Stanford,ACC,puntReturnsOpponent,17,2026-09-29T20:12:41Z
2024,Stanford,ACC,puntReturnTDs,1,2026-09-29T20:12:41Z
2024,Stanford,ACC,puntReturnTDsOpponent,0,2026-09-29T20:12:41Z
2024,Stanford,ACC,puntReturnYards,166,2026-09-29T20:12:41Z
2024,Stanford,ACC,puntReturnYardsOpponent,159,2026-09-29T20:12:41Z
2024,Stanford,ACC,rushingAttempts,435,2026-09-29T20:12:41Z
2024,Stanford,ACC,rushingAttemptsOpponent,369,2026-09-29T20:12:41Z
2024,Stanford,ACC,rushingTDs,11,2026-09-29T20:12:41Z
2024,Stanford,ACC,rushingTDsOpponent,21,2026-09-29T20:12:41Z
2024,Stanford,ACC,rushingYards,1606,2026-09-29T20:12:41Z
2024,Stanford,ACC,rushingYardsOpponent,1606,2026-09-29T20:12:41Z
2024,Stanford,ACC,sacks,25,2026-09-29T20:12:41Z
2024,Stanford,ACC,sacksOpponent,39,2026-09-29T20:12:41Z
2024,Stanford,ACC,tacklesForLoss,63,2026-09-29T20:12:41Z
2024,Stanford,ACC,tacklesForLossOpponent,104,2026-09-29T20:12:41Z
2024,Stanford,ACC,thirdDownConversions,56,2026-09-29T20:12:41Z
2024,Stanford,ACC,thirdDownConversionsOpponent,67,2026-09-29T20:12:41Z
2024,Stanford,ACC,thirdDowns,162,2026-09-29T20:12:41Z
2024,Stanford,ACC,thirdDownsOpponent,147,2026-09-29T20:12:41Z
2024,Stanford,ACC,totalYards,3901,2026-09-29T20:12:41Z
2024,Stanford,ACC,totalYardsOpponent,4973,2026-09-29T20:12:41Z
2024,Stanford,ACC,turnovers,22,2026-09-29T20:12:41Z
2024,Stanford,ACC,turnoversOpponent,17,2026-09-29T20:12:41Z
2024,Syracuse,ACC,firstDowns,338,2026-09-29T20:12:41Z
2024,Syracuse,ACC,firstDownsOpponent,254,2026-09-29T20:12:41Z
2024,Syracuse,ACC,fourthDownConversions,20,2026-09-29T20:12:41Z
2024,Syracuse,ACC,fourthDownConversionsOpponent,10,2026-09-29T20:12:41Z
2024,Syracuse,ACC,fourthDowns,30,2026-09-29T20:12:41Z
2024,Syracuse,ACC,fourthDownsOpponent,15,2026-09-29T20:12:41Z
2024,Syracuse,ACC,fumblesLost,3,2026-09-29T20:12:41Z
2024,Syracuse,ACC,fumblesLostOpponent,5,2026-09-29T20:12:41Z
2024,Syracuse,ACC,fumblesRecovered,5,2026-09-29T20:12:41Z
2024,Syracuse,ACC,fumblesRecoveredOpponent,3,2026-09-29T20:12:41Z
2024,Syracuse,ACC,games,13,2026-09-29T20:12:41Z
2024,Syracuse,ACC,interceptions,12,2026-09-29T20:12:41Z
2024,Syracuse,ACC,interceptionsOpponent,11,2026-09-29T20:12:41Z
2024,Syracuse,ACC,interceptionTDs,1,2026-09-29T20:12:41Z
2024,Syracuse,ACC,interceptionTDsOpponent,4,2026-09-29T20:12:41Z
2024,Syracuse,ACC,interceptionYards,102,2026-09-29T20:12:41Z
2024,Syracuse,ACC,interceptionYardsOpponent,218,2026-09-29T20:12:41Z
2024,Syracuse,ACC,kickReturns,20,2026-09-29T20:12:41Z
2024,Syracuse,ACC,kickReturnsOpponent,17,2026-09-29T20:12:41Z
2024,Syracuse,ACC,kickReturnTDs,0,2026-09-29T20:12:41Z
2024,Syracuse,ACC,kickReturnTDsOpponent,0,2026-09-29T20:12:41Z
2024,Syracuse,ACC,kickReturnYards,402,2026-09-29T20:12:41Z
2024,Syracuse,ACC,kickReturnYardsOpponent,342,2026-09-29T20:12:41Z
2024,Syracuse,ACC,netPassingYards,4810,2026-09-29T20:12:41Z
2024,Syracuse,ACC,netPassingYardsOpponent,2955,2026-09-29T20:12:41Z
2024,Syracuse,ACC,passAttempts,598,2026-09-29T20:12:41Z
2024,Syracuse,ACC,passAttemptsOpponent,404,2026-09-29T20:12:41Z
2024,Syracuse,ACC,passCompletions,393,2026-09-29T20:12:41Z
2024,Syracuse,ACC,passCompletionsOpponent,267,2026-09-29T20:12:41Z
2024,Syracuse,ACC,passesIntercepted,11,2026-09-29T20:12:41Z
2024,Syracuse,ACC,passesInterceptedOpponent,12,2026-09-29T20:12:41Z
2024,Syracuse,ACC,passingTDs,34,2026-09-29T20:12:41Z
2024,Syracuse,ACC,passingTDsOpponent,22,2026-09-29T20:12:41Z
2024,Syracuse,ACC,penalties,92,2026-09-29T20:12:41Z
2024,Syracuse,ACC,penaltiesOpponent,66,2026-09-29T20:12:41Z
2024,Syracuse,ACC,penaltyYards,769,2026-09-29T20:12:41Z
2024,Syracuse,ACC,penaltyYardsOpponent,593,2026-09-29T20:12:41Z
2024,Syracuse,ACC,possessionTime,25793,2026-09-29T20:12:41Z
2024,Syracuse,ACC,possessionTimeOpponent,21007,2026-09-29T20:12:41Z
2024,Syracuse,ACC,puntReturns,16,2026-09-29T20:12:41Z
2024,Syracuse,ACC,puntReturnsOpponent,19,2026-09-29T20:12:41Z
2024,Syracuse,ACC,puntReturnTDs,0,2026-09-29T20:12:41Z
2024,Syracuse,ACC,puntReturnTDsOpponent,2,2026-09-29T20:12:41Z
2024,Syracuse,ACC,puntReturnYards,166,2026-09-29T20:12:41Z
2024,Syracuse,ACC,puntReturnYardsOpponent,143,2026-09-29T20:12:41Z
2024,Syracuse,ACC,rushingAttempts,394,2026-09-29T20:12:41Z
2024,Syracuse,ACC,rushingAttemptsOpponent,389,2026-09-29T20:12:41Z
2024,Syracuse,ACC,rushingTDs,22,2026-09-29T20:12:41Z
2024,Syracuse,ACC,rushingTDsOpponent,19,2026-09-29T20:12:41Z
2024,Syracuse,ACC,rushingYards,1285,2026-09-29T20:12:41Z
2024,Syracuse,ACC,rushingYardsOpponent,1946,2026-09-29T20:12:41Z
2024,Syracuse,ACC,sacks,27,2026-09-29T20:12:41Z
2024,Syracuse,ACC,sacksOpponent,29,2026-09-29T20:12:41Z
2024,Syracuse,ACC,tacklesForLoss,70,2026-09-29T20:12:41Z
2024,Syracuse,ACC,tacklesForLossOpponent,64,2026-09-29T20:12:41Z
2024,Syracuse,ACC,thirdDownConversions,94,2026-09-29T20:12:41Z
2024,Syracuse,ACC,thirdDownConversionsOpponent,58,2026-09-29T20:12:41Z
2024,Syracuse,ACC,thirdDowns,191,2026-09-29T20:12:41Z
2024,Syracuse,ACC,thirdDownsOpponent,154,2026-09-29T20:12:41Z
2024,Syracuse,ACC,totalYards,6095,2026-09-29T20:12:41Z
2024,Syracuse,ACC,totalYardsOpponent,4901,2026-09-29T20:12:41Z
2024,Syracuse,ACC,turnovers,15,2026-09-29T20:12:41Z
2024,Syracuse,ACC,turnoversOpponent,16,2026-09-29T20:12:41Z
2024,TCU,Big 12,firstDowns,292,2026-09-29T20:12:41Z
2024,TCU,Big 12,firstDownsOpponent,263,2026-09-29T20:12:41Z
2024,TCU,Big 12,fourthDownConversions,18,2026-09-29T20:12:41Z
2024,TCU,Big 12,fourthDownConversionsOpponent,13,2026-09-29T20:12:41Z
2024,TCU,Big 12,fourthDowns,23,2026-09-29T20:12:41Z
2024,TCU,Big 12,fourthDownsOpponent,25,2026-09-29T20:12:41Z
2024,TCU,Big 12,fumblesLost,11,2026-09-29T20:12:41Z
2024,TCU,Big 12,fumblesLostOpponent,6,2026-09-29T20:12:41Z
2024,TCU,Big 12,fumblesRecovered,6,2026-09-29T20:12:41Z
2024,TCU,Big 12,fumblesRecoveredOpponent,11,2026-09-29T20:12:41Z
2024,TCU,Big 12,games,13,2026-09-29T20:12:41Z
2024,TCU,Big 12,interceptions,11,2026-09-29T20:12:41Z
2024,TCU,Big 12,interceptionsOpponent,10,2026-09-29T20:12:41Z
2024,TCU,Big 12,interceptionTDs,0,2026-09-29T20:12:41Z
2024,TCU,Big 12,interceptionTDsOpponent,1,2026-09-29T20:12:41Z
2024,TCU,Big 12,interceptionYards,49,2026-09-29T20:12:41Z
2024,TCU,Big 12,interceptionYardsOpponent,159,2026-09-29T20:12:41Z
2024,TCU,Big 12,kickReturns,19,2026-09-29T20:12:41Z
2024,TCU,Big 12,kickReturnsOpponent,29,2026-09-29T20:12:41Z
2024,TCU,Big 12,kickReturnTDs,0,2026-09-29T20:12:41Z
2024,TCU,Big 12,kickReturnTDsOpponent,0,2026-09-29T20:12:41Z
2024,TCU,Big 12,kickReturnYards,338,2026-09-29T20:12:41Z
2024,TCU,Big 12,kickReturnYardsOpponent,484,2026-09-29T20:12:41Z
2024,TCU,Big 12,netPassingYards,4068,2026-09-29T20:12:41Z
2024,TCU,Big 12,netPassingYardsOpponent,2407,2026-09-29T20:12:41Z
2024,TCU,Big 12,passAttempts,488,2026-09-29T20:12:41Z
2024,TCU,Big 12,passAttemptsOpponent,403,2026-09-29T20:12:41Z
2024,TCU,Big 12,passCompletions,326,2026-09-29T20:12:41Z
2024,TCU,Big 12,passCompletionsOpponent,232,2026-09-29T20:12:41Z
2024,TCU,Big 12,passesIntercepted,10,2026-09-29T20:12:41Z
2024,TCU,Big 12,passesInterceptedOpponent,11,2026-09-29T20:12:41Z
2024,TCU,Big 12,passingTDs,29,2026-09-29T20:12:41Z
2024,TCU,Big 12,passingTDsOpponent,14,2026-09-29T20:12:41Z
2024,TCU,Big 12,penalties,73,2026-09-29T20:12:41Z
2024,TCU,Big 12,penaltiesOpponent,69,2026-09-29T20:12:41Z
2024,TCU,Big 12,penaltyYards,691,2026-09-29T20:12:41Z
2024,TCU,Big 12,penaltyYardsOpponent,601,2026-09-29T20:12:41Z
2024,TCU,Big 12,possessionTime,22270,2026-09-29T20:12:41Z
2024,TCU,Big 12,possessionTimeOpponent,24530,2026-09-29T20:12:41Z
2024,TCU,Big 12,puntReturns,25,2026-09-29T20:12:41Z
2024,TCU,Big 12,puntReturnsOpponent,6,2026-09-29T20:12:41Z
2024,TCU,Big 12,puntReturnTDs,1,2026-09-29T20:12:41Z
2024,TCU,Big 12,puntReturnTDsOpponent,1,2026-09-29T20:12:41Z
2024,TCU,Big 12,puntReturnYards,286,2026-09-29T20:12:41Z
2024,TCU,Big 12,puntReturnYardsOpponent,80,2026-09-29T20:12:41Z
2024,TCU,Big 12,rushingAttempts,392,2026-09-29T20:12:41Z
2024,TCU,Big 12,rushingAttemptsOpponent,493,2026-09-29T20:12:41Z
2024,TCU,Big 12,rushingTDs,26,2026-09-29T20:12:41Z
2024,TCU,Big 12,rushingTDsOpponent,21,2026-09-29T20:12:41Z
2024,TCU,Big 12,rushingYards,1493,2026-09-29T20:12:41Z
2024,TCU,Big 12,rushingYardsOpponent,2089,2026-09-29T20:12:41Z
2024,TCU,Big 12,sacks,26,2026-09-29T20:12:41Z
2024,TCU,Big 12,sacksOpponent,16,2026-09-29T20:12:41Z
2024,TCU,Big 12,tacklesForLoss,66,2026-09-29T20:12:41Z
2024,TCU,Big 12,tacklesForLossOpponent,58,2026-09-29T20:12:41Z
2024,TCU,Big 12,thirdDownConversions,72,2026-09-29T20:12:41Z
2024,TCU,Big 12,thirdDownConversionsOpponent,87,2026-09-29T20:12:41Z
2024,TCU,Big 12,thirdDowns,166,2026-09-29T20:12:41Z
2024,TCU,Big 12,thirdDownsOpponent,201,2026-09-29T20:12:41Z
2024,TCU,Big 12,totalYards,5561,2026-09-29T20:12:41Z
2024,TCU,Big 12,totalYardsOpponent,4496,2026-09-29T20:12:41Z
2024,TCU,Big 12,turnovers,22,2026-09-29T20:12:41Z
2024,TCU,Big 12,turnoversOpponent,16,2026-09-29T20:12:41Z
2024,Temple,American Athletic,firstDowns,187,2026-09-29T20:12:41Z
2024,Temple,American Athletic,firstDownsOpponent,240,2026-09-29T20:12:41Z
2024,Temple,American Athletic,fourthDownConversions,10,2026-09-29T20:12:41Z
2024,Temple,American Athletic,fourthDownConversionsOpponent,9,2026-09-29T20:12:41Z
2024,Temple,American Athletic,fourthDowns,24,2026-09-29T20:12:41Z
2024,Temple,American Athletic,fourthDownsOpponent,21,2026-09-29T20:12:41Z
2024,Temple,American Athletic,fumblesLost,10,2026-09-29T20:12:41Z
2024,Temple,American Athletic,fumblesLostOpponent,6,2026-09-29T20:12:41Z
2024,Temple,American Athletic,fumblesRecovered,6,2026-09-29T20:12:41Z
2024,Temple,American Athletic,fumblesRecoveredOpponent,10,2026-09-29T20:12:41Z
2024,Temple,American Athletic,games,12,2026-09-29T20:12:41Z
2024,Temple,American Athletic,interceptions,14,2026-09-29T20:12:41Z
2024,Temple,American Athletic,interceptionsOpponent,9,2026-09-29T20:12:41Z
2024,Temple,American Athletic,interceptionTDs,0,2026-09-29T20:12:41Z
2024,Temple,American Athletic,interceptionTDsOpponent,2,2026-09-29T20:12:41Z
2024,Temple,American Athletic,interceptionYards,79,2026-09-29T20:12:41Z
2024,Temple,American Athletic,interceptionYardsOpponent,136,2026-09-29T20:12:41Z
2024,Temple,American Athletic,kickReturns,35,2026-09-29T20:12:41Z
2024,Temple,American Athletic,kickReturnsOpponent,12,2026-09-29T20:12:41Z
2024,Temple,American Athletic,kickReturnTDs,0,2026-09-29T20:12:41Z
2024,Temple,American Athletic,kickReturnTDsOpponent,1,2026-09-29T20:12:41Z
2024,Temple,American Athletic,kickReturnYards,673,2026-09-29T20:12:41Z
2024,Temple,American Athletic,kickReturnYardsOpponent,300,2026-09-29T20:12:41Z
2024,Temple,American Athletic,netPassingYards,2592,2026-09-29T20:12:41Z
2024,Temple,American Athletic,netPassingYardsOpponent,2300,2026-09-29T20:12:41Z
2024,Temple,American Athletic,passAttempts,412,2026-09-29T20:12:41Z
2024,Temple,American Athletic,passAttemptsOpponent,333,2026-09-29T20:12:41Z
2024,Temple,American Athletic,passCompletions,242,2026-09-29T20:12:41Z
2024,Temple,American Athletic,passCompletionsOpponent,196,2026-09-29T20:12:41Z
2024,Temple,American Athletic,passesIntercepted,9,2026-09-29T20:12:41Z
2024,Temple,American Athletic,passesInterceptedOpponent,14,2026-09-29T20:12:41Z
2024,Temple,American Athletic,passingTDs,16,2026-09-29T20:12:41Z
2024,Temple,American Athletic,passingTDsOpponent,20,2026-09-29T20:12:41Z
2024,Temple,American Athletic,penalties,67,2026-09-29T20:12:41Z
2024,Temple,American Athletic,penaltiesOpponent,65,2026-09-29T20:12:41Z
2024,Temple,American Athletic,penaltyYards,541,2026-09-29T20:12:41Z
2024,Temple,American Athletic,penaltyYardsOpponent,565,2026-09-29T20:12:41Z
2024,Temple,American Athletic,possessionTime,21751,2026-09-29T20:12:41Z
2024,Temple,American Athletic,possessionTimeOpponent,21458,2026-09-29T20:12:41Z
2024,Temple,American Athletic,puntReturns,14,2026-09-29T20:12:41Z
2024,Temple,American Athletic,puntReturnsOpponent,10,2026-09-29T20:12:41Z
2024,Temple,American Athletic,puntReturnTDs,1,2026-09-29T20:12:41Z
2024,Temple,American Athletic,puntReturnTDsOpponent,0,2026-09-29T20:12:41Z
2024,Temple,American Athletic,puntReturnYards,79,2026-09-29T20:12:41Z
2024,Temple,American Athletic,puntReturnYardsOpponent,57,2026-09-29T20:12:41Z
2024,Temple,American Athletic,rushingAttempts,385,2026-09-29T20:12:41Z
2024,Temple,American Athletic,rushingAttemptsOpponent,489,2026-09-29T20:12:41Z
2024,Temple,American Athletic,rushingTDs,10,2026-09-29T20:12:41Z
2024,Temple,American Athletic,rushingTDsOpponent,30,2026-09-29T20:12:41Z
2024,Temple,American Athletic,rushingYards,1120,2026-09-29T20:12:41Z
2024,Temple,American Athletic,rushingYardsOpponent,2722,2026-09-29T20:12:41Z
2024,Temple,American Athletic,sacks,14,2026-09-29T20:12:41Z
2024,Temple,American Athletic,sacksOpponent,37,2026-09-29T20:12:41Z
2024,Temple,American Athletic,tacklesForLoss,46,2026-09-29T20:12:41Z
2024,Temple,American Athletic,tacklesForLossOpponent,86,2026-09-29T20:12:41Z
2024,Temple,American Athletic,thirdDownConversions,59,2026-09-29T20:12:41Z
2024,Temple,American Athletic,thirdDownConversionsOpponent,60,2026-09-29T20:12:41Z
2024,Temple,American Athletic,thirdDowns,184,2026-09-29T20:12:41Z
2024,Temple,American Athletic,thirdDownsOpponent,164,2026-09-29T20:12:41Z
2024,Temple,American Athletic,totalYards,3712,2026-09-29T20:12:41Z
2024,Temple,American Athletic,totalYardsOpponent,5022,2026-09-29T20:12:41Z
2024,Temple,American Athletic,turnovers,24,2026-09-29T20:12:41Z
2024,Temple,American Athletic,turnoversOpponent,15,2026-09-29T20:12:41Z
2024,Tennessee,SEC,firstDowns,303,2026-09-29T20:12:41Z
2024,Tennessee,SEC,firstDownsOpponent,225,2026-09-29T20:12:41Z
2024,Tennessee,SEC,fourthDownConversions,11,2026-09-29T20:12:41Z
2024,Tennessee,SEC,fourthDownConversionsOpponent,7,2026-09-29T20:12:41Z
2024,Tennessee,SEC,fourthDowns,18,2026-09-29T20:12:41Z
2024,Tennessee,SEC,fourthDownsOpponent,22,2026-09-29T20:12:41Z
2024,Tennessee,SEC,fumblesLost,8,2026-09-29T20:12:41Z
2024,Tennessee,SEC,fumblesLostOpponent,9,2026-09-29T20:12:41Z
2024,Tennessee,SEC,fumblesRecovered,9,2026-09-29T20:12:41Z
2024,Tennessee,SEC,fumblesRecoveredOpponent,8,2026-09-29T20:12:41Z
2024,Tennessee,SEC,games,13,2026-09-29T20:12:41Z
2024,Tennessee,SEC,interceptions,7,2026-09-29T20:12:41Z
2024,Tennessee,SEC,interceptionsOpponent,12,2026-09-29T20:12:41Z
2024,Tennessee,SEC,interceptionTDs,1,2026-09-29T20:12:41Z
2024,Tennessee,SEC,interceptionTDsOpponent,1,2026-09-29T20:12:41Z
2024,Tennessee,SEC,interceptionYards,247,2026-09-29T20:12:41Z
2024,Tennessee,SEC,interceptionYardsOpponent,256,2026-09-29T20:12:41Z
2024,Tennessee,SEC,kickReturns,14,2026-09-29T20:12:41Z
2024,Tennessee,SEC,kickReturnsOpponent,10,2026-09-29T20:12:41Z
2024,Tennessee,SEC,kickReturnTDs,0,2026-09-29T20:12:41Z
2024,Tennessee,SEC,kickReturnTDsOpponent,1,2026-09-29T20:12:41Z
2024,Tennessee,SEC,kickReturnYards,290,2026-09-29T20:12:41Z
2024,Tennessee,SEC,kickReturnYardsOpponent,229,2026-09-29T20:12:41Z
2024,Tennessee,SEC,netPassingYards,2875,2026-09-29T20:12:41Z
2024,Tennessee,SEC,netPassingYardsOpponent,2461,2026-09-29T20:12:41Z
2024,Tennessee,SEC,passAttempts,373,2026-09-29T20:12:41Z
2024,Tennessee,SEC,passAttemptsOpponent,381,2026-09-29T20:12:41Z
2024,Tennessee,SEC,passCompletions,236,2026-09-29T20:12:41Z
2024,Tennessee,SEC,passCompletionsOpponent,224,2026-09-29T20:12:41Z
2024,Tennessee,SEC,passesIntercepted,12,2026-09-29T20:12:41Z
2024,Tennessee,SEC,passesInterceptedOpponent,7,2026-09-29T20:12:41Z
2024,Tennessee,SEC,passingTDs,21,2026-09-29T20:12:41Z
2024,Tennessee,SEC,passingTDsOpponent,11,2026-09-29T20:12:41Z
2024,Tennessee,SEC,penalties,105,2026-09-29T20:12:41Z
2024,Tennessee,SEC,penaltiesOpponent,89,2026-09-29T20:12:41Z
2024,Tennessee,SEC,penaltyYards,869,2026-09-29T20:12:41Z
2024,Tennessee,SEC,penaltyYardsOpponent,691,2026-09-29T20:12:41Z
2024,Tennessee,SEC,possessionTime,23086,2026-09-29T20:12:41Z
2024,Tennessee,SEC,possessionTimeOpponent,23718,2026-09-29T20:12:41Z
2024,Tennessee,SEC,puntReturns,28,2026-09-29T20:12:41Z
2024,Tennessee,SEC,puntReturnsOpponent,17,2026-09-29T20:12:41Z
2024,Tennessee,SEC,puntReturnTDs,1,2026-09-29T20:12:41Z
2024,Tennessee,SEC,puntReturnTDsOpponent,0,2026-09-29T20:12:41Z
2024,Tennessee,SEC,puntReturnYards,424,2026-09-29T20:12:41Z
2024,Tennessee,SEC,puntReturnYardsOpponent,115,2026-09-29T20:12:41Z
2024,Tennessee,SEC,rushingAttempts,581,2026-09-29T20:12:41Z
2024,Tennessee,SEC,rushingAttemptsOpponent,453,2026-09-29T20:12:41Z
2024,Tennessee,SEC,rushingTDs,34,2026-09-29T20:12:41Z
2024,Tennessee,SEC,rushingTDsOpponent,13,2026-09-29T20:12:41Z
2024,Tennessee,SEC,rushingYards,2949,2026-09-29T20:12:41Z
2024,Tennessee,SEC,rushingYardsOpponent,1355,2026-09-29T20:12:41Z
2024,Tennessee,SEC,sacks,29,2026-09-29T20:12:41Z
2024,Tennessee,SEC,sacksOpponent,30,2026-09-29T20:12:41Z
2024,Tennessee,SEC,tacklesForLoss,101,2026-09-29T20:12:41Z
2024,Tennessee,SEC,tacklesForLossOpponent,62,2026-09-29T20:12:41Z
2024,Tennessee,SEC,thirdDownConversions,93,2026-09-29T20:12:41Z
2024,Tennessee,SEC,thirdDownConversionsOpponent,53,2026-09-29T20:12:41Z
2024,Tennessee,SEC,thirdDowns,197,2026-09-29T20:12:41Z
2024,Tennessee,SEC,thirdDownsOpponent,176,2026-09-29T20:12:41Z
2024,Tennessee,SEC,totalYards,5824,2026-09-29T20:12:41Z
2024,Tennessee,SEC,totalYardsOpponent,3816,2026-09-29T20:12:41Z
2024,Tennessee,SEC,turnovers,15,2026-09-29T20:12:41Z
2024,Tennessee,SEC,turnoversOpponent,21,2026-09-29T20:12:41Z
2024,Texas,SEC,firstDowns,353,2026-09-29T20:12:41Z
2024,Texas,SEC,firstDownsOpponent,263,2026-09-29T20:12:41Z
2024,Texas,SEC,fourthDownConversions,18,2026-09-29T20:12:41Z
2024,Texas,SEC,fourthDownConversionsOpponent,18,2026-09-29T20:12:41Z
2024,Texas,SEC,fourthDowns,33,2026-09-29T20:12:41Z
2024,Texas,SEC,fourthDownsOpponent,37,2026-09-29T20:12:41Z
2024,Texas,SEC,fumblesLost,12,2026-09-29T20:12:41Z
2024,Texas,SEC,fumblesLostOpponent,9,2026-09-29T20:12:41Z
2024,Texas,SEC,fumblesRecovered,9,2026-09-29T20:12:41Z
2024,Texas,SEC,fumblesRecoveredOpponent,12,2026-09-29T20:12:41Z
2024,Texas,SEC,games,16,2026-09-29T20:12:41Z
2024,Texas,SEC,interceptions,14,2026-09-29T20:12:41Z
2024,Texas,SEC,interceptionsOpponent,22,2026-09-29T20:12:41Z
2024,Texas,SEC,interceptionTDs,1,2026-09-29T20:12:41Z
2024,Texas,SEC,interceptionTDsOpponent,1,2026-09-29T20:12:41Z
2024,Texas,SEC,interceptionYards,182,2026-09-29T20:12:41Z
2024,Texas,SEC,interceptionYardsOpponent,130,2026-09-29T20:12:41Z
2024,Texas,SEC,kickReturns,15,2026-09-29T20:12:41Z
2024,Texas,SEC,kickReturnsOpponent,23,2026-09-29T20:12:41Z
2024,Texas,SEC,kickReturnTDs,0,2026-09-29T20:12:41Z
2024,Texas,SEC,kickReturnTDsOpponent,0,2026-09-29T20:12:41Z
2024,Texas,SEC,kickReturnYards,294,2026-09-29T20:12:41Z
2024,Texas,SEC,kickReturnYardsOpponent,381,2026-09-29T20:12:41Z
2024,Texas,SEC,netPassingYards,4459,2026-09-29T20:12:41Z
2024,Texas,SEC,netPassingYardsOpponent,2781,2026-09-29T20:12:41Z
2024,Texas,SEC,passAttempts,541,2026-09-29T20:12:41Z
2024,Texas,SEC,passAttemptsOpponent,489,2026-09-29T20:12:41Z
2024,Texas,SEC,passCompletions,357,2026-09-29T20:12:41Z
2024,Texas,SEC,passCompletionsOpponent,292,2026-09-29T20:12:41Z
2024,Texas,SEC,passesIntercepted,22,2026-09-29T20:12:41Z
2024,Texas,SEC,passesInterceptedOpponent,14,2026-09-29T20:12:41Z
2024,Texas,SEC,passingTDs,40,2026-09-29T20:12:41Z
2024,Texas,SEC,passingTDsOpponent,9,2026-09-29T20:12:41Z
2024,Texas,SEC,penalties,102,2026-09-29T20:12:41Z
2024,Texas,SEC,penaltiesOpponent,90,2026-09-29T20:12:41Z
2024,Texas,SEC,penaltyYards,829,2026-09-29T20:12:41Z
2024,Texas,SEC,penaltyYardsOpponent,765,2026-09-29T20:12:41Z
2024,Texas,SEC,possessionTime,28667,2026-09-29T20:12:41Z
2024,Texas,SEC,possessionTimeOpponent,28933,2026-09-29T20:12:41Z
2024,Texas,SEC,puntReturns,30,2026-09-29T20:12:41Z
2024,Texas,SEC,puntReturnsOpponent,16,2026-09-29T20:12:41Z
2024,Texas,SEC,puntReturnTDs,1,2026-09-29T20:12:41Z
2024,Texas,SEC,puntReturnTDsOpponent,0,2026-09-29T20:12:41Z
2024,Texas,SEC,puntReturnYards,315,2026-09-29T20:12:41Z
2024,Texas,SEC,puntReturnYardsOpponent,150,2026-09-29T20:12:41Z
2024,Texas,SEC,rushingAttempts,580,2026-09-29T20:12:41Z
2024,Texas,SEC,rushingAttemptsOpponent,538,2026-09-29T20:12:41Z
2024,Texas,SEC,rushingTDs,26,2026-09-29T20:12:41Z
2024,Texas,SEC,rushingTDsOpponent,15,2026-09-29T20:12:41Z
2024,Texas,SEC,rushingYards,2546,2026-09-29T20:12:41Z
2024,Texas,SEC,rushingYardsOpponent,1764,2026-09-29T20:12:41Z
2024,Texas,SEC,sacks,45,2026-09-29T20:12:41Z
2024,Texas,SEC,sacksOpponent,37,2026-09-29T20:12:41Z
2024,Texas,SEC,tacklesForLoss,113,2026-09-29T20:12:41Z
2024,Texas,SEC,tacklesForLossOpponent,113,2026-09-29T20:12:41Z
2024,Texas,SEC,thirdDownConversions,91,2026-09-29T20:12:41Z
2024,Texas,SEC,thirdDownConversionsOpponent,71,2026-09-29T20:12:41Z
2024,Texas,SEC,thirdDowns,216,2026-09-29T20:12:41Z
2024,Texas,SEC,thirdDownsOpponent,226,2026-09-29T20:12:41Z
2024,Texas,SEC,totalYards,7005,2026-09-29T20:12:41Z
2024,Texas,SEC,totalYardsOpponent,4545,2026-09-29T20:12:41Z
2024,Texas,SEC,turnovers,26,2026-09-29T20:12:41Z
2024,Texas,SEC,turnoversOpponent,31,2026-09-29T20:12:41Z
2024,Texas A&M,SEC,firstDowns,279,2026-09-29T20:12:41Z
2024,Texas A&M,SEC,firstDownsOpponent,256,2026-09-29T20:12:41Z
2024,Texas A&M,SEC,fourthDownConversions,8,2026-09-29T20:12:41Z
2024,Texas A&M,SEC,fourthDownConversionsOpponent,15,2026-09-29T20:12:41Z
2024,Texas A&M,SEC,fourthDowns,18,2026-09-29T20:12:41Z
2024,Texas A&M,SEC,fourthDownsOpponent,29,2026-09-29T20:12:41Z
2024,Texas A&M,SEC,fumblesLost,4,2026-09-29T20:12:41Z
2024,Texas A&M,SEC,fumblesLostOpponent,4,2026-09-29T20:12:41Z
2024,Texas A&M,SEC,fumblesRecovered,4,2026-09-29T20:12:41Z
2024,Texas A&M,SEC,fumblesRecoveredOpponent,4,2026-09-29T20:12:41Z
2024,Texas A&M,SEC,games,13,2026-09-29T20:12:41Z
2024,Texas A&M,SEC,interceptions,11,2026-09-29T20:12:41Z
2024,Texas A&M,SEC,interceptionsOpponent,16,2026-09-29T20:12:41Z
2024,Texas A&M,SEC,interceptionTDs,2,2026-09-29T20:12:41Z
2024,Texas A&M,SEC,interceptionTDsOpponent,0,2026-09-29T20:12:41Z
2024,Texas A&M,SEC,interceptionYards,249,2026-09-29T20:12:41Z
2024,Texas A&M,SEC,interceptionYardsOpponent,45,2026-09-29T20:12:41Z
2024,Texas A&M,SEC,kickReturns,16,2026-09-29T20:12:41Z
2024,Texas A&M,SEC,kickReturnsOpponent,23,2026-09-29T20:12:41Z
2024,Texas A&M,SEC,kickReturnTDs,0,2026-09-29T20:12:41Z
2024,Texas A&M,SEC,kickReturnTDsOpponent,0,2026-09-29T20:12:41Z
2024,Texas A&M,SEC,kickReturnYards,308,2026-09-29T20:12:41Z
2024,Texas A&M,SEC,kickReturnYardsOpponent,534,2026-09-29T20:12:41Z
2024,Texas A&M,SEC,netPassingYards,2734,2026-09-29T20:12:41Z
2024,Texas A&M,SEC,netPassingYardsOpponent,3018,2026-09-29T20:12:41Z
2024,Texas A&M,SEC,passAttempts,361,2026-09-29T20:12:41Z
2024,Texas A&M,SEC,passAttemptsOpponent,428,2026-09-29T20:12:41Z
2024,Texas A&M,SEC,passCompletions,216,2026-09-29T20:12:41Z
2024,Texas A&M,SEC,passCompletionsOpponent,228,2026-09-29T20:12:41Z
2024,Texas A&M,SEC,passesIntercepted,16,2026-09-29T20:12:41Z
2024,Texas A&M,SEC,passesInterceptedOpponent,11,2026-09-29T20:12:41Z
2024,Texas A&M,SEC,passingTDs,19,2026-09-29T20:12:41Z
2024,Texas A&M,SEC,passingTDsOpponent,20,2026-09-29T20:12:41Z
2024,Texas A&M,SEC,penalties,98,2026-09-29T20:12:41Z
2024,Texas A&M,SEC,penaltiesOpponent,80,2026-09-29T20:12:41Z
2024,Texas A&M,SEC,penaltyYards,862,2026-09-29T20:12:41Z
2024,Texas A&M,SEC,penaltyYardsOpponent,668,2026-09-29T20:12:41Z
2024,Texas A&M,SEC,possessionTime,24704,2026-09-29T20:12:41Z
2024,Texas A&M,SEC,possessionTimeOpponent,22096,2026-09-29T20:12:41Z
2024,Texas A&M,SEC,puntReturns,14,2026-09-29T20:12:41Z
2024,Texas A&M,SEC,puntReturnsOpponent,4,2026-09-29T20:12:41Z
2024,Texas A&M,SEC,puntReturnTDs,0,2026-09-29T20:12:41Z
2024,Texas A&M,SEC,puntReturnTDsOpponent,0,2026-09-29T20:12:41Z
2024,Texas A&M,SEC,puntReturnYards,86,2026-09-29T20:12:41Z
2024,Texas A&M,SEC,puntReturnYardsOpponent,33,2026-09-29T20:12:41Z
2024,Texas A&M,SEC,rushingAttempts,522,2026-09-29T20:12:41Z
2024,Texas A&M,SEC,rushingAttemptsOpponent,439,2026-09-29T20:12:41Z
2024,Texas A&M,SEC,rushingTDs,27,2026-09-29T20:12:41Z
2024,Texas A&M,SEC,rushingTDsOpponent,14,2026-09-29T20:12:41Z
2024,Texas A&M,SEC,rushingYards,2550,2026-09-29T20:12:41Z
2024,Texas A&M,SEC,rushingYardsOpponent,1760,2026-09-29T20:12:41Z
2024,Texas A&M,SEC,sacks,24,2026-09-29T20:12:41Z
2024,Texas A&M,SEC,sacksOpponent,24,2026-09-29T20:12:41Z
2024,Texas A&M,SEC,tacklesForLoss,92,2026-09-29T20:12:41Z
2024,Texas A&M,SEC,tacklesForLossOpponent,52,2026-09-29T20:12:41Z
2024,Texas A&M,SEC,thirdDownConversions,79,2026-09-29T20:12:41Z
2024,Texas A&M,SEC,thirdDownConversionsOpponent,64,2026-09-29T20:12:41Z
2024,Texas A&M,SEC,thirdDowns,176,2026-09-29T20:12:41Z
2024,Texas A&M,SEC,thirdDownsOpponent,181,2026-09-29T20:12:41Z
2024,Texas A&M,SEC,totalYards,5284,2026-09-29T20:12:41Z
2024,Texas A&M,SEC,totalYardsOpponent,4778,2026-09-29T20:12:41Z
2024,Texas A&M,SEC,turnovers,15,2026-09-29T20:12:41Z
2024,Texas A&M,SEC,turnoversOpponent,20,2026-09-29T20:12:41Z
2024,Texas State,Sun Belt,firstDowns,339,2026-09-29T20:12:41Z
2024,Texas State,Sun Belt,firstDownsOpponent,256,2026-09-29T20:12:41Z
2024,Texas State,Sun Belt,fourthDownConversions,16,2026-09-29T20:12:41Z
2024,Texas State,Sun Belt,fourthDownConversionsOpponent,15,2026-09-29T20:12:41Z
2024,Texas State,Sun Belt,fourthDowns,24,2026-09-29T20:12:41Z
2024,Texas State,Sun Belt,fourthDownsOpponent,28,2026-09-29T20:12:41Z
2024,Texas State,Sun Belt,fumblesLost,9,2026-09-29T20:12:41Z
2024,Texas State,Sun Belt,fumblesLostOpponent,9,2026-09-29T20:12:41Z
2024,Texas State,Sun Belt,fumblesRecovered,9,2026-09-29T20:12:41Z
2024,Texas State,Sun Belt,fumblesRecoveredOpponent,7,2026-09-29T20:12:41Z
2024,Texas State,Sun Belt,games,13,2026-09-29T20:12:41Z
2024,Texas State,Sun Belt,interceptions,14,2026-09-29T20:12:41Z
2024,Texas State,Sun Belt,interceptionsOpponent,9,2026-09-29T20:12:41Z
2024,Texas State,Sun Belt,interceptionTDs,1,2026-09-29T20:12:41Z
2024,Texas State,Sun Belt,interceptionTDsOpponent,1,2026-09-29T20:12:41Z
2024,Texas State,Sun Belt,interceptionYards,120,2026-09-29T20:12:41Z
2024,Texas State,Sun Belt,interceptionYardsOpponent,170,2026-09-29T20:12:41Z
2024,Texas State,Sun Belt,kickReturns,28,2026-09-29T20:12:41Z
2024,Texas State,Sun Belt,kickReturnsOpponent,12,2026-09-29T20:12:41Z
2024,Texas State,Sun Belt,kickReturnTDs,0,2026-09-29T20:12:41Z
2024,Texas State,Sun Belt,kickReturnTDsOpponent,0,2026-09-29T20:12:41Z
2024,Texas State,Sun Belt,kickReturnYards,570,2026-09-29T20:12:41Z
2024,Texas State,Sun Belt,kickReturnYardsOpponent,225,2026-09-29T20:12:41Z
2024,Texas State,Sun Belt,netPassingYards,3488,2026-09-29T20:12:41Z
2024,Texas State,Sun Belt,netPassingYardsOpponent,2790,2026-09-29T20:12:41Z
2024,Texas State,Sun Belt,passAttempts,428,2026-09-29T20:12:41Z
2024,Texas State,Sun Belt,passAttemptsOpponent,401,2026-09-29T20:12:41Z
2024,Texas State,Sun Belt,passCompletions,298,2026-09-29T20:12:41Z
2024,Texas State,Sun Belt,passCompletionsOpponent,230,2026-09-29T20:12:41Z
2024,Texas State,Sun Belt,passesIntercepted,9,2026-09-29T20:12:41Z
2024,Texas State,Sun Belt,passesInterceptedOpponent,14,2026-09-29T20:12:41Z
2024,Texas State,Sun Belt,passingTDs,31,2026-09-29T20:12:41Z
2024,Texas State,Sun Belt,passingTDsOpponent,13,2026-09-29T20:12:41Z
2024,Texas State,Sun Belt,penalties,88,2026-09-29T20:12:41Z
2024,Texas State,Sun Belt,penaltiesOpponent,82,2026-09-29T20:12:41Z
2024,Texas State,Sun Belt,penaltyYards,829,2026-09-29T20:12:41Z
2024,Texas State,Sun Belt,penaltyYardsOpponent,632,2026-09-29T20:12:41Z
2024,Texas State,Sun Belt,possessionTime,24329,2026-09-29T20:12:41Z
2024,Texas State,Sun Belt,possessionTimeOpponent,22466,2026-09-29T20:12:41Z
2024,Texas State,Sun Belt,puntReturns,21,2026-09-29T20:12:41Z
2024,Texas State,Sun Belt,puntReturnsOpponent,1,2026-09-29T20:12:41Z
2024,Texas State,Sun Belt,puntReturnTDs,1,2026-09-29T20:12:41Z
2024,Texas State,Sun Belt,puntReturnTDsOpponent,0,2026-09-29T20:12:41Z
2024,Texas State,Sun Belt,puntReturnYards,351,2026-09-29T20:12:41Z
2024,Texas State,Sun Belt,puntReturnYardsOpponent,5,2026-09-29T20:12:41Z
2024,Texas State,Sun Belt,rushingAttempts,526,2026-09-29T20:12:41Z
2024,Texas State,Sun Belt,rushingAttemptsOpponent,472,2026-09-29T20:12:41Z
2024,Texas State,Sun Belt,rushingTDs,27,2026-09-29T20:12:41Z
2024,Texas State,Sun Belt,rushingTDsOpponent,24,2026-09-29T20:12:41Z
2024,Texas State,Sun Belt,rushingYards,2719,2026-09-29T20:12:41Z
2024,Texas State,Sun Belt,rushingYardsOpponent,1887,2026-09-29T20:12:41Z
2024,Texas State,Sun Belt,sacks,34,2026-09-29T20:12:41Z
2024,Texas State,Sun Belt,sacksOpponent,18,2026-09-29T20:12:41Z
2024,Texas State,Sun Belt,tacklesForLoss,97,2026-09-29T20:12:41Z
2024,Texas State,Sun Belt,tacklesForLossOpponent,59,2026-09-29T20:12:41Z
2024,Texas State,Sun Belt,thirdDownConversions,77,2026-09-29T20:12:41Z
2024,Texas State,Sun Belt,thirdDownConversionsOpponent,69,2026-09-29T20:12:41Z
2024,Texas State,Sun Belt,thirdDowns,170,2026-09-29T20:12:41Z
2024,Texas State,Sun Belt,thirdDownsOpponent,186,2026-09-29T20:12:41Z
2024,Texas State,Sun Belt,totalYards,6207,2026-09-29T20:12:41Z
2024,Texas State,Sun Belt,totalYardsOpponent,4677,2026-09-29T20:12:41Z
2024,Texas State,Sun Belt,turnovers,23,2026-09-29T20:12:41Z
2024,Texas State,Sun Belt,turnoversOpponent,18,2026-09-29T20:12:41Z
2024,Texas Tech,Big 12,firstDowns,320,2026-09-29T20:12:41Z
2024,Texas Tech,Big 12,firstDownsOpponent,300,2026-09-29T20:12:41Z
2024,Texas Tech,Big 12,fourthDownConversions,14,2026-09-29T20:12:41Z
2024,Texas Tech,Big 12,fourthDownConversionsOpponent,16,2026-09-29T20:12:41Z
2024,Texas Tech,Big 12,fourthDowns,29,2026-09-29T20:12:41Z
2024,Texas Tech,Big 12,fourthDownsOpponent,27,2026-09-29T20:12:41Z
2024,Texas Tech,Big 12,fumblesLost,10,2026-09-29T20:12:41Z
2024,Texas Tech,Big 12,fumblesLostOpponent,7,2026-09-29T20:12:41Z
2024,Texas Tech,Big 12,fumblesRecovered,8,2026-09-29T20:12:41Z
2024,Texas Tech,Big 12,fumblesRecoveredOpponent,10,2026-09-29T20:12:41Z
2024,Texas Tech,Big 12,games,13,2026-09-29T20:12:41Z
2024,Texas Tech,Big 12,interceptions,11,2026-09-29T20:12:41Z
2024,Texas Tech,Big 12,interceptionsOpponent,14,2026-09-29T20:12:41Z
2024,Texas Tech,Big 12,interceptionTDs,2,2026-09-29T20:12:41Z
2024,Texas Tech,Big 12,interceptionTDsOpponent,0,2026-09-29T20:12:41Z
2024,Texas Tech,Big 12,interceptionYards,126,2026-09-29T20:12:41Z
2024,Texas Tech,Big 12,interceptionYardsOpponent,161,2026-09-29T20:12:41Z
2024,Texas Tech,Big 12,kickReturns,46,2026-09-29T20:12:41Z
2024,Texas Tech,Big 12,kickReturnsOpponent,23,2026-09-29T20:12:41Z
2024,Texas Tech,Big 12,kickReturnTDs,0,2026-09-29T20:12:41Z
2024,Texas Tech,Big 12,kickReturnTDsOpponent,0,2026-09-29T20:12:41Z
2024,Texas Tech,Big 12,kickReturnYards,892,2026-09-29T20:12:41Z
2024,Texas Tech,Big 12,kickReturnYardsOpponent,327,2026-09-29T20:12:41Z
2024,Texas Tech,Big 12,netPassingYards,3860,2026-09-29T20:12:41Z
2024,Texas Tech,Big 12,netPassingYardsOpponent,4015,2026-09-29T20:12:41Z
2024,Texas Tech,Big 12,passAttempts,536,2026-09-29T20:12:41Z
2024,Texas Tech,Big 12,passAttemptsOpponent,476,2026-09-29T20:12:41Z
2024,Texas Tech,Big 12,passCompletions,336,2026-09-29T20:12:41Z
2024,Texas Tech,Big 12,passCompletionsOpponent,305,2026-09-29T20:12:41Z
2024,Texas Tech,Big 12,passesIntercepted,14,2026-09-29T20:12:41Z
2024,Texas Tech,Big 12,passesInterceptedOpponent,11,2026-09-29T20:12:41Z
2024,Texas Tech,Big 12,passingTDs,31,2026-09-29T20:12:41Z
2024,Texas Tech,Big 12,passingTDsOpponent,28,2026-09-29T20:12:41Z
2024,Texas Tech,Big 12,penalties,94,2026-09-29T20:12:41Z
2024,Texas Tech,Big 12,penaltiesOpponent,85,2026-09-29T20:12:41Z
2024,Texas Tech,Big 12,penaltyYards,787,2026-09-29T20:12:41Z
2024,Texas Tech,Big 12,penaltyYardsOpponent,703,2026-09-29T20:12:41Z
2024,Texas Tech,Big 12,possessionTime,23535,2026-09-29T20:12:41Z
2024,Texas Tech,Big 12,possessionTimeOpponent,23256,2026-09-29T20:12:41Z
2024,Texas Tech,Big 12,puntReturns,11,2026-09-29T20:12:41Z
2024,Texas Tech,Big 12,puntReturnsOpponent,14,2026-09-29T20:12:41Z
2024,Texas Tech,Big 12,puntReturnTDs,0,2026-09-29T20:12:41Z
2024,Texas Tech,Big 12,puntReturnTDsOpponent,0,2026-09-29T20:12:41Z
2024,Texas Tech,Big 12,puntReturnYards,67,2026-09-29T20:12:41Z
2024,Texas Tech,Big 12,puntReturnYardsOpponent,166,2026-09-29T20:12:41Z
2024,Texas Tech,Big 12,rushingAttempts,469,2026-09-29T20:12:41Z
2024,Texas Tech,Big 12,rushingAttemptsOpponent,441,2026-09-29T20:12:41Z
2024,Texas Tech,Big 12,rushingTDs,26,2026-09-29T20:12:41Z
2024,Texas Tech,Big 12,rushingTDsOpponent,28,2026-09-29T20:12:41Z
2024,Texas Tech,Big 12,rushingYards,2162,2026-09-29T20:12:41Z
2024,Texas Tech,Big 12,rushingYardsOpponent,2033,2026-09-29T20:12:41Z
2024,Texas Tech,Big 12,sacks,21,2026-09-29T20:12:41Z
2024,Texas Tech,Big 12,sacksOpponent,24,2026-09-29T20:12:41Z
2024,Texas Tech,Big 12,tacklesForLoss,67,2026-09-29T20:12:41Z
2024,Texas Tech,Big 12,tacklesForLossOpponent,69,2026-09-29T20:12:41Z
2024,Texas Tech,Big 12,thirdDownConversions,102,2026-09-29T20:12:41Z
2024,Texas Tech,Big 12,thirdDownConversionsOpponent,65,2026-09-29T20:12:41Z
2024,Texas Tech,Big 12,thirdDowns,210,2026-09-29T20:12:41Z
2024,Texas Tech,Big 12,thirdDownsOpponent,172,2026-09-29T20:12:41Z
2024,Texas Tech,Big 12,totalYards,6022,2026-09-29T20:12:41Z
2024,Texas Tech,Big 12,totalYardsOpponent,6048,2026-09-29T20:12:41Z
2024,Texas Tech,Big 12,turnovers,21,2026-09-29T20:12:41Z
2024,Texas Tech,Big 12,turnoversOpponent,21,2026-09-29T20:12:41Z
2024,Toledo,Mid-American,firstDowns,257,2026-09-29T20:12:41Z
2024,Toledo,Mid-American,firstDownsOpponent,264,2026-09-29T20:12:41Z
2024,Toledo,Mid-American,fourthDownConversions,18,2026-09-29T20:12:41Z
2024,Toledo,Mid-American,fourthDownConversionsOpponent,12,2026-09-29T20:12:41Z
2024,Toledo,Mid-American,fourthDowns,34,2026-09-29T20:12:41Z
2024,Toledo,Mid-American,fourthDownsOpponent,25,2026-09-29T20:12:41Z
2024,Toledo,Mid-American,fumblesLost,11,2026-09-29T20:12:41Z
2024,Toledo,Mid-American,fumblesLostOpponent,7,2026-09-29T20:12:41Z
2024,Toledo,Mid-American,fumblesRecovered,7,2026-09-29T20:12:41Z
2024,Toledo,Mid-American,fumblesRecoveredOpponent,11,2026-09-29T20:12:41Z
2024,Toledo,Mid-American,games,13,2026-09-29T20:12:41Z
2024,Toledo,Mid-American,interceptions,8,2026-09-29T20:12:41Z
2024,Toledo,Mid-American,interceptionsOpponent,13,2026-09-29T20:12:41Z
2024,Toledo,Mid-American,interceptionTDs,3,2026-09-29T20:12:41Z
2024,Toledo,Mid-American,interceptionTDsOpponent,1,2026-09-29T20:12:41Z
2024,Toledo,Mid-American,interceptionYards,230,2026-09-29T20:12:41Z
2024,Toledo,Mid-American,interceptionYardsOpponent,98,2026-09-29T20:12:41Z
2024,Toledo,Mid-American,kickReturns,28,2026-09-29T20:12:41Z
2024,Toledo,Mid-American,kickReturnsOpponent,38,2026-09-29T20:12:41Z
2024,Toledo,Mid-American,kickReturnTDs,1,2026-09-29T20:12:41Z
2024,Toledo,Mid-American,kickReturnTDsOpponent,0,2026-09-29T20:12:41Z
2024,Toledo,Mid-American,kickReturnYards,674,2026-09-29T20:12:41Z
2024,Toledo,Mid-American,kickReturnYardsOpponent,710,2026-09-29T20:12:41Z
2024,Toledo,Mid-American,netPassingYards,3290,2026-09-29T20:12:41Z
2024,Toledo,Mid-American,netPassingYardsOpponent,2703,2026-09-29T20:12:41Z
2024,Toledo,Mid-American,passAttempts,453,2026-09-29T20:12:41Z
2024,Toledo,Mid-American,passAttemptsOpponent,424,2026-09-29T20:12:41Z
2024,Toledo,Mid-American,passCompletions,276,2026-09-29T20:12:41Z
2024,Toledo,Mid-American,passCompletionsOpponent,245,2026-09-29T20:12:41Z
2024,Toledo,Mid-American,passesIntercepted,13,2026-09-29T20:12:41Z
2024,Toledo,Mid-American,passesInterceptedOpponent,8,2026-09-29T20:12:41Z
2024,Toledo,Mid-American,passingTDs,28,2026-09-29T20:12:41Z
2024,Toledo,Mid-American,passingTDsOpponent,16,2026-09-29T20:12:41Z
2024,Toledo,Mid-American,penalties,82,2026-09-29T20:12:41Z
2024,Toledo,Mid-American,penaltiesOpponent,90,2026-09-29T20:12:41Z
2024,Toledo,Mid-American,penaltyYards,724,2026-09-29T20:12:41Z
2024,Toledo,Mid-American,penaltyYardsOpponent,844,2026-09-29T20:12:41Z
2024,Toledo,Mid-American,possessionTime,21006,2026-09-29T20:12:41Z
2024,Toledo,Mid-American,possessionTimeOpponent,25794,2026-09-29T20:12:41Z
2024,Toledo,Mid-American,puntReturns,28,2026-09-29T20:12:41Z
2024,Toledo,Mid-American,puntReturnsOpponent,22,2026-09-29T20:12:41Z
2024,Toledo,Mid-American,puntReturnTDs,0,2026-09-29T20:12:41Z
2024,Toledo,Mid-American,puntReturnTDsOpponent,0,2026-09-29T20:12:41Z
2024,Toledo,Mid-American,puntReturnYards,294,2026-09-29T20:12:41Z
2024,Toledo,Mid-American,puntReturnYardsOpponent,88,2026-09-29T20:12:41Z
2024,Toledo,Mid-American,rushingAttempts,435,2026-09-29T20:12:41Z
2024,Toledo,Mid-American,rushingAttemptsOpponent,520,2026-09-29T20:12:41Z
2024,Toledo,Mid-American,rushingTDs,13,2026-09-29T20:12:41Z
2024,Toledo,Mid-American,rushingTDsOpponent,16,2026-09-29T20:12:41Z
2024,Toledo,Mid-American,rushingYards,1527,2026-09-29T20:12:41Z
2024,Toledo,Mid-American,rushingYardsOpponent,1979,2026-09-29T20:12:41Z
2024,Toledo,Mid-American,sacks,32,2026-09-29T20:12:41Z
2024,Toledo,Mid-American,sacksOpponent,19,2026-09-29T20:12:41Z
2024,Toledo,Mid-American,tacklesForLoss,89,2026-09-29T20:12:41Z
2024,Toledo,Mid-American,tacklesForLossOpponent,70,2026-09-29T20:12:41Z
2024,Toledo,Mid-American,thirdDownConversions,65,2026-09-29T20:12:41Z
2024,Toledo,Mid-American,thirdDownConversionsOpponent,78,2026-09-29T20:12:41Z
2024,Toledo,Mid-American,thirdDowns,186,2026-09-29T20:12:41Z
2024,Toledo,Mid-American,thirdDownsOpponent,204,2026-09-29T20:12:41Z
2024,Toledo,Mid-American,totalYards,4817,2026-09-29T20:12:41Z
2024,Toledo,Mid-American,totalYardsOpponent,4682,2026-09-29T20:12:41Z
2024,Toledo,Mid-American,turnovers,19,2026-09-29T20:12:41Z
2024,Toledo,Mid-American,turnoversOpponent,20,2026-09-29T20:12:41Z
2024,Troy,Sun Belt,firstDowns,244,2026-09-29T20:12:41Z
2024,Troy,Sun Belt,firstDownsOpponent,228,2026-09-29T20:12:41Z
2024,Troy,Sun Belt,fourthDownConversions,8,2026-09-29T20:12:41Z
2024,Troy,Sun Belt,fourthDownConversionsOpponent,5,2026-09-29T20:12:41Z
2024,Troy,Sun Belt,fourthDowns,17,2026-09-29T20:12:41Z
2024,Troy,Sun Belt,fourthDownsOpponent,12,2026-09-29T20:12:41Z
2024,Troy,Sun Belt,fumblesLost,7,2026-09-29T20:12:41Z
2024,Troy,Sun Belt,fumblesLostOpponent,3,2026-09-29T20:12:41Z
2024,Troy,Sun Belt,fumblesRecovered,2,2026-09-29T20:12:41Z
2024,Troy,Sun Belt,fumblesRecoveredOpponent,7,2026-09-29T20:12:41Z
2024,Troy,Sun Belt,games,12,2026-09-29T20:12:41Z
2024,Troy,Sun Belt,interceptions,9,2026-09-29T20:12:41Z
2024,Troy,Sun Belt,interceptionsOpponent,6,2026-09-29T20:12:41Z
2024,Troy,Sun Belt,interceptionTDs,1,2026-09-29T20:12:41Z
2024,Troy,Sun Belt,interceptionTDsOpponent,1,2026-09-29T20:12:41Z
2024,Troy,Sun Belt,interceptionYards,80,2026-09-29T20:12:41Z
2024,Troy,Sun Belt,interceptionYardsOpponent,100,2026-09-29T20:12:41Z
2024,Troy,Sun Belt,kickReturns,20,2026-09-29T20:12:41Z
2024,Troy,Sun Belt,kickReturnsOpponent,17,2026-09-29T20:12:41Z
2024,Troy,Sun Belt,kickReturnTDs,0,2026-09-29T20:12:41Z
2024,Troy,Sun Belt,kickReturnTDsOpponent,1,2026-09-29T20:12:41Z
2024,Troy,Sun Belt,kickReturnYards,300,2026-09-29T20:12:41Z
2024,Troy,Sun Belt,kickReturnYardsOpponent,488,2026-09-29T20:12:41Z
2024,Troy,Sun Belt,netPassingYards,2557,2026-09-29T20:12:41Z
2024,Troy,Sun Belt,netPassingYardsOpponent,2659,2026-09-29T20:12:41Z
2024,Troy,Sun Belt,passAttempts,339,2026-09-29T20:12:41Z
2024,Troy,Sun Belt,passAttemptsOpponent,332,2026-09-29T20:12:41Z
2024,Troy,Sun Belt,passCompletions,213,2026-09-29T20:12:41Z
2024,Troy,Sun Belt,passCompletionsOpponent,222,2026-09-29T20:12:41Z
2024,Troy,Sun Belt,passesIntercepted,6,2026-09-29T20:12:41Z
2024,Troy,Sun Belt,passesInterceptedOpponent,9,2026-09-29T20:12:41Z
2024,Troy,Sun Belt,passingTDs,21,2026-09-29T20:12:41Z
2024,Troy,Sun Belt,passingTDsOpponent,13,2026-09-29T20:12:41Z
2024,Troy,Sun Belt,penalties,80,2026-09-29T20:12:41Z
2024,Troy,Sun Belt,penaltiesOpponent,69,2026-09-29T20:12:41Z
2024,Troy,Sun Belt,penaltyYards,706,2026-09-29T20:12:41Z
2024,Troy,Sun Belt,penaltyYardsOpponent,623,2026-09-29T20:12:41Z
2024,Troy,Sun Belt,possessionTime,21806,2026-09-29T20:12:41Z
2024,Troy,Sun Belt,possessionTimeOpponent,21394,2026-09-29T20:12:41Z
2024,Troy,Sun Belt,puntReturns,13,2026-09-29T20:12:41Z
2024,Troy,Sun Belt,puntReturnsOpponent,6,2026-09-29T20:12:41Z
2024,Troy,Sun Belt,puntReturnTDs,1,2026-09-29T20:12:41Z
2024,Troy,Sun Belt,puntReturnTDsOpponent,0,2026-09-29T20:12:41Z
2024,Troy,Sun Belt,puntReturnYards,158,2026-09-29T20:12:41Z
2024,Troy,Sun Belt,puntReturnYardsOpponent,77,2026-09-29T20:12:41Z
2024,Troy,Sun Belt,rushingAttempts,433,2026-09-29T20:12:41Z
2024,Troy,Sun Belt,rushingAttemptsOpponent,403,2026-09-29T20:12:41Z
2024,Troy,Sun Belt,rushingTDs,17,2026-09-29T20:12:41Z
2024,Troy,Sun Belt,rushingTDsOpponent,24,2026-09-29T20:12:41Z
2024,Troy,Sun Belt,rushingYards,1888,2026-09-29T20:12:41Z
2024,Troy,Sun Belt,rushingYardsOpponent,1745,2026-09-29T20:12:41Z
2024,Troy,Sun Belt,sacks,18,2026-09-29T20:12:41Z
2024,Troy,Sun Belt,sacksOpponent,20,2026-09-29T20:12:41Z
2024,Troy,Sun Belt,tacklesForLoss,75,2026-09-29T20:12:41Z
2024,Troy,Sun Belt,tacklesForLossOpponent,65,2026-09-29T20:12:41Z
2024,Troy,Sun Belt,thirdDownConversions,81,2026-09-29T20:12:41Z
2024,Troy,Sun Belt,thirdDownConversionsOpponent,54,2026-09-29T20:12:41Z
2024,Troy,Sun Belt,thirdDowns,161,2026-09-29T20:12:41Z
2024,Troy,Sun Belt,thirdDownsOpponent,144,2026-09-29T20:12:41Z
2024,Troy,Sun Belt,totalYards,4445,2026-09-29T20:12:41Z
2024,Troy,Sun Belt,totalYardsOpponent,4404,2026-09-29T20:12:41Z
2024,Troy,Sun Belt,turnovers,16,2026-09-29T20:12:41Z
2024,Troy,Sun Belt,turnoversOpponent,9,2026-09-29T20:12:41Z
2024,Tulane,American Athletic,firstDowns,291,2026-09-29T20:12:41Z
2024,Tulane,American Athletic,firstDownsOpponent,244,2026-09-29T20:12:41Z
2024,Tulane,American Athletic,fourthDownConversions,10,2026-09-29T20:12:41Z
2024,Tulane,American Athletic,fourthDownConversionsOpponent,12,2026-09-29T20:12:41Z
2024,Tulane,American Athletic,fourthDowns,22,2026-09-29T20:12:41Z
2024,Tulane,American Athletic,fourthDownsOpponent,29,2026-09-29T20:12:41Z
2024,Tulane,American Athletic,fumblesLost,6,2026-09-29T20:12:41Z
2024,Tulane,American Athletic,fumblesLostOpponent,8,2026-09-29T20:12:41Z
2024,Tulane,American Athletic,fumblesRecovered,8,2026-09-29T20:12:41Z
2024,Tulane,American Athletic,fumblesRecoveredOpponent,6,2026-09-29T20:12:41Z
2024,Tulane,American Athletic,games,14,2026-09-29T20:12:41Z
2024,Tulane,American Athletic,interceptions,9,2026-09-29T20:12:41Z
2024,Tulane,American Athletic,interceptionsOpponent,14,2026-09-29T20:12:41Z
2024,Tulane,American Athletic,interceptionTDs,5,2026-09-29T20:12:41Z
2024,Tulane,American Athletic,interceptionTDsOpponent,0,2026-09-29T20:12:41Z
2024,Tulane,American Athletic,interceptionYards,244,2026-09-29T20:12:41Z
2024,Tulane,American Athletic,interceptionYardsOpponent,28,2026-09-29T20:12:41Z
2024,Tulane,American Athletic,kickReturns,29,2026-09-29T20:12:41Z
2024,Tulane,American Athletic,kickReturnsOpponent,23,2026-09-29T20:12:41Z
2024,Tulane,American Athletic,kickReturnTDs,2,2026-09-29T20:12:41Z
2024,Tulane,American Athletic,kickReturnTDsOpponent,0,2026-09-29T20:12:41Z
2024,Tulane,American Athletic,kickReturnYards,696,2026-09-29T20:12:41Z
2024,Tulane,American Athletic,kickReturnYardsOpponent,471,2026-09-29T20:12:41Z
2024,Tulane,American Athletic,netPassingYards,2931,2026-09-29T20:12:41Z
2024,Tulane,American Athletic,netPassingYardsOpponent,2488,2026-09-29T20:12:41Z
2024,Tulane,American Athletic,passAttempts,329,2026-09-29T20:12:41Z
2024,Tulane,American Athletic,passAttemptsOpponent,402,2026-09-29T20:12:41Z
2024,Tulane,American Athletic,passCompletions,207,2026-09-29T20:12:41Z
2024,Tulane,American Athletic,passCompletionsOpponent,235,2026-09-29T20:12:41Z
2024,Tulane,American Athletic,passesIntercepted,14,2026-09-29T20:12:41Z
2024,Tulane,American Athletic,passesInterceptedOpponent,9,2026-09-29T20:12:41Z
2024,Tulane,American Athletic,passingTDs,25,2026-09-29T20:12:41Z
2024,Tulane,American Athletic,passingTDsOpponent,13,2026-09-29T20:12:41Z
2024,Tulane,American Athletic,penalties,86,2026-09-29T20:12:41Z
2024,Tulane,American Athletic,penaltiesOpponent,79,2026-09-29T20:12:41Z
2024,Tulane,American Athletic,penaltyYards,701,2026-09-29T20:12:41Z
2024,Tulane,American Athletic,penaltyYardsOpponent,643,2026-09-29T20:12:41Z
2024,Tulane,American Athletic,possessionTime,27072,2026-09-29T20:12:41Z
2024,Tulane,American Athletic,possessionTimeOpponent,23328,2026-09-29T20:12:41Z
2024,Tulane,American Athletic,puntReturns,12,2026-09-29T20:12:41Z
2024,Tulane,American Athletic,puntReturnsOpponent,10,2026-09-29T20:12:41Z
2024,Tulane,American Athletic,puntReturnTDs,0,2026-09-29T20:12:41Z
2024,Tulane,American Athletic,puntReturnTDsOpponent,0,2026-09-29T20:12:41Z
2024,Tulane,American Athletic,puntReturnYards,60,2026-09-29T20:12:41Z
2024,Tulane,American Athletic,puntReturnYardsOpponent,84,2026-09-29T20:12:41Z
2024,Tulane,American Athletic,rushingAttempts,561,2026-09-29T20:12:41Z
2024,Tulane,American Athletic,rushingAttemptsOpponent,452,2026-09-29T20:12:41Z
2024,Tulane,American Athletic,rushingTDs,32,2026-09-29T20:12:41Z
2024,Tulane,American Athletic,rushingTDsOpponent,20,2026-09-29T20:12:41Z
2024,Tulane,American Athletic,rushingYards,2752,2026-09-29T20:12:41Z
2024,Tulane,American Athletic,rushingYardsOpponent,2050,2026-09-29T20:12:41Z
2024,Tulane,American Athletic,sacks,33,2026-09-29T20:12:41Z
2024,Tulane,American Athletic,sacksOpponent,18,2026-09-29T20:12:41Z
2024,Tulane,American Athletic,tacklesForLoss,78,2026-09-29T20:12:41Z
2024,Tulane,American Athletic,tacklesForLossOpponent,53,2026-09-29T20:12:41Z
2024,Tulane,American Athletic,thirdDownConversions,86,2026-09-29T20:12:41Z
2024,Tulane,American Athletic,thirdDownConversionsOpponent,58,2026-09-29T20:12:41Z
2024,Tulane,American Athletic,thirdDowns,172,2026-09-29T20:12:41Z
2024,Tulane,American Athletic,thirdDownsOpponent,175,2026-09-29T20:12:41Z
2024,Tulane,American Athletic,totalYards,5683,2026-09-29T20:12:41Z
2024,Tulane,American Athletic,totalYardsOpponent,4538,2026-09-29T20:12:41Z
2024,Tulane,American Athletic,turnovers,15,2026-09-29T20:12:41Z
2024,Tulane,American Athletic,turnoversOpponent,22,2026-09-29T20:12:41Z
2024,Tulsa,American Athletic,firstDowns,245,2026-09-29T20:12:41Z
2024,Tulsa,American Athletic,firstDownsOpponent,266,2026-09-29T20:12:41Z
2024,Tulsa,American Athletic,fourthDownConversions,10,2026-09-29T20:12:41Z
2024,Tulsa,American Athletic,fourthDownConversionsOpponent,10,2026-09-29T20:12:41Z
2024,Tulsa,American Athletic,fourthDowns,31,2026-09-29T20:12:41Z
2024,Tulsa,American Athletic,fourthDownsOpponent,20,2026-09-29T20:12:41Z
2024,Tulsa,American Athletic,fumblesLost,11,2026-09-29T20:12:41Z
2024,Tulsa,American Athletic,fumblesLostOpponent,7,2026-09-29T20:12:41Z
2024,Tulsa,American Athletic,fumblesRecovered,7,2026-09-29T20:12:41Z
2024,Tulsa,American Athletic,fumblesRecoveredOpponent,10,2026-09-29T20:12:41Z
2024,Tulsa,American Athletic,games,12,2026-09-29T20:12:41Z
2024,Tulsa,American Athletic,interceptions,12,2026-09-29T20:12:41Z
2024,Tulsa,American Athletic,interceptionsOpponent,9,2026-09-29T20:12:41Z
2024,Tulsa,American Athletic,interceptionTDs,1,2026-09-29T20:12:41Z
2024,Tulsa,American Athletic,interceptionTDsOpponent,1,2026-09-29T20:12:41Z
2024,Tulsa,American Athletic,interceptionYards,66,2026-09-29T20:12:41Z
2024,Tulsa,American Athletic,interceptionYardsOpponent,136,2026-09-29T20:12:41Z
2024,Tulsa,American Athletic,kickReturns,25,2026-09-29T20:12:41Z
2024,Tulsa,American Athletic,kickReturnsOpponent,25,2026-09-29T20:12:41Z
2024,Tulsa,American Athletic,kickReturnTDs,1,2026-09-29T20:12:41Z
2024,Tulsa,American Athletic,kickReturnTDsOpponent,0,2026-09-29T20:12:41Z
2024,Tulsa,American Athletic,kickReturnYards,711,2026-09-29T20:12:41Z
2024,Tulsa,American Athletic,kickReturnYardsOpponent,453,2026-09-29T20:12:41Z
2024,Tulsa,American Athletic,netPassingYards,2863,2026-09-29T20:12:41Z
2024,Tulsa,American Athletic,netPassingYardsOpponent,3792,2026-09-29T20:12:41Z
2024,Tulsa,American Athletic,passAttempts,437,2026-09-29T20:12:41Z
2024,Tulsa,American Athletic,passAttemptsOpponent,396,2026-09-29T20:12:41Z
2024,Tulsa,American Athletic,passCompletions,248,2026-09-29T20:12:41Z
2024,Tulsa,American Athletic,passCompletionsOpponent,261,2026-09-29T20:12:41Z
2024,Tulsa,American Athletic,passesIntercepted,9,2026-09-29T20:12:41Z
2024,Tulsa,American Athletic,passesInterceptedOpponent,12,2026-09-29T20:12:41Z
2024,Tulsa,American Athletic,passingTDs,23,2026-09-29T20:12:41Z
2024,Tulsa,American Athletic,passingTDsOpponent,38,2026-09-29T20:12:41Z
2024,Tulsa,American Athletic,penalties,71,2026-09-29T20:12:41Z
2024,Tulsa,American Athletic,penaltiesOpponent,97,2026-09-29T20:12:41Z
2024,Tulsa,American Athletic,penaltyYards,612,2026-09-29T20:12:41Z
2024,Tulsa,American Athletic,penaltyYardsOpponent,959,2026-09-29T20:12:41Z
2024,Tulsa,American Athletic,possessionTime,21409,2026-09-29T20:12:41Z
2024,Tulsa,American Athletic,possessionTimeOpponent,21791,2026-09-29T20:12:41Z
2024,Tulsa,American Athletic,puntReturns,23,2026-09-29T20:12:41Z
2024,Tulsa,American Athletic,puntReturnsOpponent,27,2026-09-29T20:12:41Z
2024,Tulsa,American Athletic,puntReturnTDs,1,2026-09-29T20:12:41Z
2024,Tulsa,American Athletic,puntReturnTDsOpponent,2,2026-09-29T20:12:41Z
2024,Tulsa,American Athletic,puntReturnYards,189,2026-09-29T20:12:41Z
2024,Tulsa,American Athletic,puntReturnYardsOpponent,432,2026-09-29T20:12:41Z
2024,Tulsa,American Athletic,rushingAttempts,450,2026-09-29T20:12:41Z
2024,Tulsa,American Athletic,rushingAttemptsOpponent,442,2026-09-29T20:12:41Z
2024,Tulsa,American Athletic,rushingTDs,11,2026-09-29T20:12:41Z
2024,Tulsa,American Athletic,rushingTDsOpponent,27,2026-09-29T20:12:41Z
2024,Tulsa,American Athletic,rushingYards,1817,2026-09-29T20:12:41Z
2024,Tulsa,American Athletic,rushingYardsOpponent,2182,2026-09-29T20:12:41Z
2024,Tulsa,American Athletic,sacks,18,2026-09-29T20:12:41Z
2024,Tulsa,American Athletic,sacksOpponent,25,2026-09-29T20:12:41Z
2024,Tulsa,American Athletic,tacklesForLoss,79,2026-09-29T20:12:41Z
2024,Tulsa,American Athletic,tacklesForLossOpponent,85,2026-09-29T20:12:41Z
2024,Tulsa,American Athletic,thirdDownConversions,72,2026-09-29T20:12:41Z
2024,Tulsa,American Athletic,thirdDownConversionsOpponent,69,2026-09-29T20:12:41Z
2024,Tulsa,American Athletic,thirdDowns,196,2026-09-29T20:12:41Z
2024,Tulsa,American Athletic,thirdDownsOpponent,161,2026-09-29T20:12:41Z
2024,Tulsa,American Athletic,totalYards,4680,2026-09-29T20:12:41Z
2024,Tulsa,American Athletic,totalYardsOpponent,5974,2026-09-29T20:12:41Z
2024,Tulsa,American Athletic,turnovers,23,2026-09-29T20:12:41Z
2024,Tulsa,American Athletic,turnoversOpponent,16,2026-09-29T20:12:41Z
2024,UAB,American Athletic,firstDowns,259,2026-09-29T20:12:41Z
2024,UAB,American Athletic,firstDownsOpponent,262,2026-09-29T20:12:41Z
2024,UAB,American Athletic,fourthDownConversions,12,2026-09-29T20:12:41Z
2024,UAB,American Athletic,fourthDownConversionsOpponent,10,2026-09-29T20:12:41Z
2024,UAB,American Athletic,fourthDowns,26,2026-09-29T20:12:41Z
2024,UAB,American Athletic,fourthDownsOpponent,18,2026-09-29T20:12:41Z
2024,UAB,American Athletic,fumblesLost,10,2026-09-29T20:12:41Z
2024,UAB,American Athletic,fumblesLostOpponent,5,2026-09-29T20:12:41Z
2024,UAB,American Athletic,fumblesRecovered,5,2026-09-29T20:12:41Z
2024,UAB,American Athletic,fumblesRecoveredOpponent,10,2026-09-29T20:12:41Z
2024,UAB,American Athletic,games,12,2026-09-29T20:12:41Z
2024,UAB,American Athletic,interceptions,16,2026-09-29T20:12:41Z
2024,UAB,American Athletic,interceptionsOpponent,8,2026-09-29T20:12:41Z
2024,UAB,American Athletic,interceptionTDs,1,2026-09-29T20:12:41Z
2024,UAB,American Athletic,interceptionTDsOpponent,2,2026-09-29T20:12:41Z
2024,UAB,American Athletic,interceptionYards,181,2026-09-29T20:12:41Z
2024,UAB,American Athletic,interceptionYardsOpponent,213,2026-09-29T20:12:41Z
2024,UAB,American Athletic,kickReturns,31,2026-09-29T20:12:41Z
2024,UAB,American Athletic,kickReturnsOpponent,24,2026-09-29T20:12:41Z
2024,UAB,American Athletic,kickReturnTDs,0,2026-09-29T20:12:41Z
2024,UAB,American Athletic,kickReturnTDsOpponent,1,2026-09-29T20:12:41Z
2024,UAB,American Athletic,kickReturnYards,651,2026-09-29T20:12:41Z
2024,UAB,American Athletic,kickReturnYardsOpponent,540,2026-09-29T20:12:41Z
2024,UAB,American Athletic,netPassingYards,3139,2026-09-29T20:12:41Z
2024,UAB,American Athletic,netPassingYardsOpponent,2164,2026-09-29T20:12:41Z
2024,UAB,American Athletic,passAttempts,445,2026-09-29T20:12:41Z
2024,UAB,American Athletic,passAttemptsOpponent,317,2026-09-29T20:12:41Z
2024,UAB,American Athletic,passCompletions,284,2026-09-29T20:12:41Z
2024,UAB,American Athletic,passCompletionsOpponent,174,2026-09-29T20:12:41Z
2024,UAB,American Athletic,passesIntercepted,8,2026-09-29T20:12:41Z
2024,UAB,American Athletic,passesInterceptedOpponent,16,2026-09-29T20:12:41Z
2024,UAB,American Athletic,passingTDs,24,2026-09-29T20:12:41Z
2024,UAB,American Athletic,passingTDsOpponent,18,2026-09-29T20:12:41Z
2024,UAB,American Athletic,penalties,98,2026-09-29T20:12:41Z
2024,UAB,American Athletic,penaltiesOpponent,76,2026-09-29T20:12:41Z
2024,UAB,American Athletic,penaltyYards,886,2026-09-29T20:12:41Z
2024,UAB,American Athletic,penaltyYardsOpponent,715,2026-09-29T20:12:41Z
2024,UAB,American Athletic,possessionTime,21198,2026-09-29T20:12:41Z
2024,UAB,American Athletic,possessionTimeOpponent,22002,2026-09-29T20:12:41Z
2024,UAB,American Athletic,puntReturns,17,2026-09-29T20:12:41Z
2024,UAB,American Athletic,puntReturnsOpponent,20,2026-09-29T20:12:41Z
2024,UAB,American Athletic,puntReturnTDs,2,2026-09-29T20:12:41Z
2024,UAB,American Athletic,puntReturnTDsOpponent,0,2026-09-29T20:12:41Z
2024,UAB,American Athletic,puntReturnYards,339,2026-09-29T20:12:41Z
2024,UAB,American Athletic,puntReturnYardsOpponent,169,2026-09-29T20:12:41Z
2024,UAB,American Athletic,rushingAttempts,391,2026-09-29T20:12:41Z
2024,UAB,American Athletic,rushingAttemptsOpponent,505,2026-09-29T20:12:41Z
2024,UAB,American Athletic,rushingTDs,9,2026-09-29T20:12:41Z
2024,UAB,American Athletic,rushingTDsOpponent,31,2026-09-29T20:12:41Z
2024,UAB,American Athletic,rushingYards,1572,2026-09-29T20:12:41Z
2024,UAB,American Athletic,rushingYardsOpponent,2561,2026-09-29T20:12:41Z
2024,UAB,American Athletic,sacks,18,2026-09-29T20:12:41Z
2024,UAB,American Athletic,sacksOpponent,30,2026-09-29T20:12:41Z
2024,UAB,American Athletic,tacklesForLoss,48,2026-09-29T20:12:41Z
2024,UAB,American Athletic,tacklesForLossOpponent,79,2026-09-29T20:12:41Z
2024,UAB,American Athletic,thirdDownConversions,64,2026-09-29T20:12:41Z
2024,UAB,American Athletic,thirdDownConversionsOpponent,65,2026-09-29T20:12:41Z
2024,UAB,American Athletic,thirdDowns,168,2026-09-29T20:12:41Z
2024,UAB,American Athletic,thirdDownsOpponent,159,2026-09-29T20:12:41Z
2024,UAB,American Athletic,totalYards,4711,2026-09-29T20:12:41Z
2024,UAB,American Athletic,totalYardsOpponent,4725,2026-09-29T20:12:41Z
2024,UAB,American Athletic,turnovers,26,2026-09-29T20:12:41Z
2024,UAB,American Athletic,turnoversOpponent,13,2026-09-29T20:12:41Z
2024,UCF,Big 12,firstDowns,283,2026-09-29T20:12:41Z
2024,UCF,Big 12,firstDownsOpponent,230,2026-09-29T20:12:41Z
2024,UCF,Big 12,fourthDownConversions,15,2026-09-29T20:12:41Z
2024,UCF,Big 12,fourthDownConversionsOpponent,12,2026-09-29T20:12:41Z
2024,UCF,Big 12,fourthDowns,28,2026-09-29T20:12:41Z
2024,UCF,Big 12,fourthDownsOpponent,17,2026-09-29T20:12:41Z
2024,UCF,Big 12,fumblesLost,8,2026-09-29T20:12:41Z
2024,UCF,Big 12,fumblesLostOpponent,2,2026-09-29T20:12:41Z
2024,UCF,Big 12,fumblesRecovered,2,2026-09-29T20:12:41Z
2024,UCF,Big 12,fumblesRecoveredOpponent,8,2026-09-29T20:12:41Z
2024,UCF,Big 12,games,12,2026-09-29T20:12:41Z
2024,UCF,Big 12,interceptions,11,2026-09-29T20:12:41Z
2024,UCF,Big 12,interceptionsOpponent,9,2026-09-29T20:12:41Z
2024,UCF,Big 12,interceptionTDs,1,2026-09-29T20:12:41Z
2024,UCF,Big 12,interceptionTDsOpponent,3,2026-09-29T20:12:41Z
2024,UCF,Big 12,interceptionYards,231,2026-09-29T20:12:41Z
2024,UCF,Big 12,interceptionYardsOpponent,88,2026-09-29T20:12:41Z
2024,UCF,Big 12,kickReturns,23,2026-09-29T20:12:41Z
2024,UCF,Big 12,kickReturnsOpponent,20,2026-09-29T20:12:41Z
2024,UCF,Big 12,kickReturnTDs,0,2026-09-29T20:12:41Z
2024,UCF,Big 12,kickReturnTDsOpponent,0,2026-09-29T20:12:41Z
2024,UCF,Big 12,kickReturnYards,385,2026-09-29T20:12:41Z
2024,UCF,Big 12,kickReturnYardsOpponent,423,2026-09-29T20:12:41Z
2024,UCF,Big 12,netPassingYards,2396,2026-09-29T20:12:41Z
2024,UCF,Big 12,netPassingYardsOpponent,2624,2026-09-29T20:12:41Z
2024,UCF,Big 12,passAttempts,310,2026-09-29T20:12:41Z
2024,UCF,Big 12,passAttemptsOpponent,375,2026-09-29T20:12:41Z
2024,UCF,Big 12,passCompletions,181,2026-09-29T20:12:41Z
2024,UCF,Big 12,passCompletionsOpponent,244,2026-09-29T20:12:41Z
2024,UCF,Big 12,passesIntercepted,9,2026-09-29T20:12:41Z
2024,UCF,Big 12,passesInterceptedOpponent,11,2026-09-29T20:12:41Z
2024,UCF,Big 12,passingTDs,14,2026-09-29T20:12:41Z
2024,UCF,Big 12,passingTDsOpponent,21,2026-09-29T20:12:41Z
2024,UCF,Big 12,penalties,78,2026-09-29T20:12:41Z
2024,UCF,Big 12,penaltiesOpponent,76,2026-09-29T20:12:41Z
2024,UCF,Big 12,penaltyYards,653,2026-09-29T20:12:41Z
2024,UCF,Big 12,penaltyYardsOpponent,588,2026-09-29T20:12:41Z
2024,UCF,Big 12,possessionTime,20394,2026-09-29T20:12:41Z
2024,UCF,Big 12,possessionTimeOpponent,22806,2026-09-29T20:12:41Z
2024,UCF,Big 12,puntReturns,19,2026-09-29T20:12:41Z
2024,UCF,Big 12,puntReturnsOpponent,9,2026-09-29T20:12:41Z
2024,UCF,Big 12,puntReturnTDs,0,2026-09-29T20:12:41Z
2024,UCF,Big 12,puntReturnTDsOpponent,1,2026-09-29T20:12:41Z
2024,UCF,Big 12,puntReturnYards,189,2026-09-29T20:12:41Z
2024,UCF,Big 12,puntReturnYardsOpponent,175,2026-09-29T20:12:41Z
2024,UCF,Big 12,rushingAttempts,516,2026-09-29T20:12:41Z
2024,UCF,Big 12,rushingAttemptsOpponent,404,2026-09-29T20:12:41Z
2024,UCF,Big 12,rushingTDs,33,2026-09-29T20:12:41Z
2024,UCF,Big 12,rushingTDsOpponent,14,2026-09-29T20:12:41Z
2024,UCF,Big 12,rushingYards,2977,2026-09-29T20:12:41Z
2024,UCF,Big 12,rushingYardsOpponent,1453,2026-09-29T20:12:41Z
2024,UCF,Big 12,sacks,22,2026-09-29T20:12:41Z
2024,UCF,Big 12,sacksOpponent,27,2026-09-29T20:12:41Z
2024,UCF,Big 12,tacklesForLoss,83,2026-09-29T20:12:41Z
2024,UCF,Big 12,tacklesForLossOpponent,64,2026-09-29T20:12:41Z
2024,UCF,Big 12,thirdDownConversions,64,2026-09-29T20:12:41Z
2024,UCF,Big 12,thirdDownConversionsOpponent,74,2026-09-29T20:12:41Z
2024,UCF,Big 12,thirdDowns,154,2026-09-29T20:12:41Z
2024,UCF,Big 12,thirdDownsOpponent,173,2026-09-29T20:12:41Z
2024,UCF,Big 12,totalYards,5373,2026-09-29T20:12:41Z
2024,UCF,Big 12,totalYardsOpponent,4077,2026-09-29T20:12:41Z
2024,UCF,Big 12,turnovers,19,2026-09-29T20:12:41Z
2024,UCF,Big 12,turnoversOpponent,11,2026-09-29T20:12:41Z
2024,UCLA,Big Ten,firstDowns,216,2026-09-29T20:12:41Z
2024,UCLA,Big Ten,firstDownsOpponent,241,2026-09-29T20:12:41Z
2024,UCLA,Big Ten,fourthDownConversions,8,2026-09-29T20:12:41Z
2024,UCLA,Big Ten,fourthDownConversionsOpponent,5,2026-09-29T20:12:41Z
2024,UCLA,Big Ten,fourthDowns,16,2026-09-29T20:12:41Z
2024,UCLA,Big Ten,fourthDownsOpponent,14,2026-09-29T20:12:41Z
2024,UCLA,Big Ten,fumblesLost,6,2026-09-29T20:12:41Z
2024,UCLA,Big Ten,fumblesLostOpponent,3,2026-09-29T20:12:41Z
2024,UCLA,Big Ten,fumblesRecovered,3,2026-09-29T20:12:41Z
2024,UCLA,Big Ten,fumblesRecoveredOpponent,6,2026-09-29T20:12:41Z
2024,UCLA,Big Ten,games,12,2026-09-29T20:12:41Z
2024,UCLA,Big Ten,interceptions,11,2026-09-29T20:12:41Z
2024,UCLA,Big Ten,interceptionsOpponent,10,2026-09-29T20:12:41Z
2024,UCLA,Big Ten,interceptionTDs,2,2026-09-29T20:12:41Z
2024,UCLA,Big Ten,interceptionTDsOpponent,0,2026-09-29T20:12:41Z
2024,UCLA,Big Ten,interceptionYards,177,2026-09-29T20:12:41Z
2024,UCLA,Big Ten,interceptionYardsOpponent,9,2026-09-29T20:12:41Z
2024,UCLA,Big Ten,kickReturns,15,2026-09-29T20:12:41Z
2024,UCLA,Big Ten,kickReturnsOpponent,17,2026-09-29T20:12:41Z
2024,UCLA,Big Ten,kickReturnTDs,0,2026-09-29T20:12:41Z
2024,UCLA,Big Ten,kickReturnTDsOpponent,0,2026-09-29T20:12:41Z
2024,UCLA,Big Ten,kickReturnYards,280,2026-09-29T20:12:41Z
2024,UCLA,Big Ten,kickReturnYardsOpponent,306,2026-09-29T20:12:41Z
2024,UCLA,Big Ten,netPassingYards,2906,2026-09-29T20:12:41Z
2024,UCLA,Big Ten,netPassingYardsOpponent,2936,2026-09-29T20:12:41Z
2024,UCLA,Big Ten,passAttempts,398,2026-09-29T20:12:41Z
2024,UCLA,Big Ten,passAttemptsOpponent,410,2026-09-29T20:12:41Z
2024,UCLA,Big Ten,passCompletions,259,2026-09-29T20:12:41Z
2024,UCLA,Big Ten,passCompletionsOpponent,269,2026-09-29T20:12:41Z
2024,UCLA,Big Ten,passesIntercepted,10,2026-09-29T20:12:41Z
2024,UCLA,Big Ten,passesInterceptedOpponent,11,2026-09-29T20:12:41Z
2024,UCLA,Big Ten,passingTDs,17,2026-09-29T20:12:41Z
2024,UCLA,Big Ten,passingTDsOpponent,19,2026-09-29T20:12:41Z
2024,UCLA,Big Ten,penalties,98,2026-09-29T20:12:41Z
2024,UCLA,Big Ten,penaltiesOpponent,58,2026-09-29T20:12:41Z
2024,UCLA,Big Ten,penaltyYards,827,2026-09-29T20:12:41Z
2024,UCLA,Big Ten,penaltyYardsOpponent,496,2026-09-29T20:12:41Z
2024,UCLA,Big Ten,possessionTime,22414,2026-09-29T20:12:41Z
2024,UCLA,Big Ten,possessionTimeOpponent,20786,2026-09-29T20:12:41Z
2024,UCLA,Big Ten,puntReturns,5,2026-09-29T20:12:41Z
2024,UCLA,Big Ten,puntReturnsOpponent,13,2026-09-29T20:12:41Z
2024,UCLA,Big Ten,puntReturnTDs,0,2026-09-29T20:12:41Z
2024,UCLA,Big Ten,puntReturnTDsOpponent,0,2026-09-29T20:12:41Z
2024,UCLA,Big Ten,puntReturnYards,56,2026-09-29T20:12:41Z
2024,UCLA,Big Ten,puntReturnYardsOpponent,81,2026-09-29T20:12:41Z
2024,UCLA,Big Ten,rushingAttempts,336,2026-09-29T20:12:41Z
2024,UCLA,Big Ten,rushingAttemptsOpponent,341,2026-09-29T20:12:41Z
2024,UCLA,Big Ten,rushingTDs,4,2026-09-29T20:12:41Z
2024,UCLA,Big Ten,rushingTDsOpponent,17,2026-09-29T20:12:41Z
2024,UCLA,Big Ten,rushingYards,1043,2026-09-29T20:12:41Z
2024,UCLA,Big Ten,rushingYardsOpponent,1160,2026-09-29T20:12:41Z
2024,UCLA,Big Ten,sacks,22,2026-09-29T20:12:41Z
2024,UCLA,Big Ten,sacksOpponent,34,2026-09-29T20:12:41Z
2024,UCLA,Big Ten,tacklesForLoss,64,2026-09-29T20:12:41Z
2024,UCLA,Big Ten,tacklesForLossOpponent,65,2026-09-29T20:12:41Z
2024,UCLA,Big Ten,thirdDownConversions,67,2026-09-29T20:12:41Z
2024,UCLA,Big Ten,thirdDownConversionsOpponent,75,2026-09-29T20:12:41Z
2024,UCLA,Big Ten,thirdDowns,156,2026-09-29T20:12:41Z
2024,UCLA,Big Ten,thirdDownsOpponent,156,2026-09-29T20:12:41Z
2024,UCLA,Big Ten,totalYards,3950,2026-09-29T20:12:41Z
2024,UCLA,Big Ten,totalYardsOpponent,4096,2026-09-29T20:12:41Z
2024,UCLA,Big Ten,turnovers,17,2026-09-29T20:12:41Z
2024,UCLA,Big Ten,turnoversOpponent,13,2026-09-29T20:12:41Z
2024,UConn,FBS Independents,firstDowns,268,2026-09-29T20:12:41Z
2024,UConn,FBS Independents,firstDownsOpponent,235,2026-09-29T20:12:41Z
2024,UConn,FBS Independents,fourthDownConversions,8,2026-09-29T20:12:41Z
2024,UConn,FBS Independents,fourthDownConversionsOpponent,11,2026-09-29T20:12:41Z
2024,UConn,FBS Independents,fourthDowns,16,2026-09-29T20:12:41Z
2024,UConn,FBS Independents,fourthDownsOpponent,23,2026-09-29T20:12:41Z
2024,UConn,FBS Independents,fumblesLost,7,2026-09-29T20:12:41Z
2024,UConn,FBS Independents,fumblesLostOpponent,5,2026-09-29T20:12:41Z
2024,UConn,FBS Independents,fumblesRecovered,5,2026-09-29T20:12:41Z
2024,UConn,FBS Independents,fumblesRecoveredOpponent,7,2026-09-29T20:12:41Z
2024,UConn,FBS Independents,games,13,2026-09-29T20:12:41Z
2024,UConn,FBS Independents,interceptions,9,2026-09-29T20:12:41Z
2024,UConn,FBS Independents,interceptionsOpponent,10,2026-09-29T20:12:41Z
2024,UConn,FBS Independents,interceptionTDs,1,2026-09-29T20:12:41Z
2024,UConn,FBS Independents,interceptionTDsOpponent,0,2026-09-29T20:12:41Z
2024,UConn,FBS Independents,interceptionYards,146,2026-09-29T20:12:41Z
2024,UConn,FBS Independents,interceptionYardsOpponent,56,2026-09-29T20:12:41Z
2024,UConn,FBS Independents,kickReturns,19,2026-09-29T20:12:41Z
2024,UConn,FBS Independents,kickReturnsOpponent,30,2026-09-29T20:12:41Z
2024,UConn,FBS Independents,kickReturnTDs,1,2026-09-29T20:12:41Z
2024,UConn,FBS Independents,kickReturnTDsOpponent,2,2026-09-29T20:12:41Z
2024,UConn,FBS Independents,kickReturnYards,524,2026-09-29T20:12:41Z
2024,UConn,FBS Independents,kickReturnYardsOpponent,731,2026-09-29T20:12:41Z
2024,UConn,FBS Independents,netPassingYards,2579,2026-09-29T20:12:41Z
2024,UConn,FBS Independents,netPassingYardsOpponent,2795,2026-09-29T20:12:41Z
2024,UConn,FBS Independents,passAttempts,396,2026-09-29T20:12:41Z
2024,UConn,FBS Independents,passAttemptsOpponent,434,2026-09-29T20:12:41Z
2024,UConn,FBS Independents,passCompletions,222,2026-09-29T20:12:41Z
2024,UConn,FBS Independents,passCompletionsOpponent,268,2026-09-29T20:12:41Z
2024,UConn,FBS Independents,passesIntercepted,10,2026-09-29T20:12:41Z
2024,UConn,FBS Independents,passesInterceptedOpponent,9,2026-09-29T20:12:41Z
2024,UConn,FBS Independents,passingTDs,25,2026-09-29T20:12:41Z
2024,UConn,FBS Independents,passingTDsOpponent,16,2026-09-29T20:12:41Z
2024,UConn,FBS Independents,penalties,69,2026-09-29T20:12:41Z
2024,UConn,FBS Independents,penaltiesOpponent,99,2026-09-29T20:12:41Z
2024,UConn,FBS Independents,penaltyYards,685,2026-09-29T20:12:41Z
2024,UConn,FBS Independents,penaltyYardsOpponent,835,2026-09-29T20:12:41Z
2024,UConn,FBS Independents,possessionTime,23370,2026-09-29T20:12:41Z
2024,UConn,FBS Independents,possessionTimeOpponent,23430,2026-09-29T20:12:41Z
2024,UConn,FBS Independents,puntReturns,35,2026-09-29T20:12:41Z
2024,UConn,FBS Independents,puntReturnsOpponent,28,2026-09-29T20:12:41Z
2024,UConn,FBS Independents,puntReturnTDs,0,2026-09-29T20:12:41Z
2024,UConn,FBS Independents,puntReturnTDsOpponent,1,2026-09-29T20:12:41Z
2024,UConn,FBS Independents,puntReturnYards,261,2026-09-29T20:12:41Z
2024,UConn,FBS Independents,puntReturnYardsOpponent,220,2026-09-29T20:12:41Z
2024,UConn,FBS Independents,rushingAttempts,510,2026-09-29T20:12:41Z
2024,UConn,FBS Independents,rushingAttemptsOpponent,444,2026-09-29T20:12:41Z
2024,UConn,FBS Independents,rushingTDs,23,2026-09-29T20:12:41Z
2024,UConn,FBS Independents,rushingTDsOpponent,16,2026-09-29T20:12:41Z
2024,UConn,FBS Independents,rushingYards,2603,2026-09-29T20:12:41Z
2024,UConn,FBS Independents,rushingYardsOpponent,1746,2026-09-29T20:12:41Z
2024,UConn,FBS Independents,sacks,25,2026-09-29T20:12:41Z
2024,UConn,FBS Independents,sacksOpponent,15,2026-09-29T20:12:41Z
2024,UConn,FBS Independents,tacklesForLoss,77,2026-09-29T20:12:41Z
2024,UConn,FBS Independents,tacklesForLossOpponent,53,2026-09-29T20:12:41Z
2024,UConn,FBS Independents,thirdDownConversions,71,2026-09-29T20:12:41Z
2024,UConn,FBS Independents,thirdDownConversionsOpponent,58,2026-09-29T20:12:41Z
2024,UConn,FBS Independents,thirdDowns,186,2026-09-29T20:12:41Z
2024,UConn,FBS Independents,thirdDownsOpponent,196,2026-09-29T20:12:41Z
2024,UConn,FBS Independents,totalYards,5182,2026-09-29T20:12:41Z
2024,UConn,FBS Independents,totalYardsOpponent,4541,2026-09-29T20:12:41Z
2024,UConn,FBS Independents,turnovers,16,2026-09-29T20:12:41Z
2024,UConn,FBS Independents,turnoversOpponent,15,2026-09-29T20:12:41Z
2024,UL Monroe,Sun Belt,firstDowns,184,2026-09-29T20:12:41Z
2024,UL Monroe,Sun Belt,firstDownsOpponent,255,2026-09-29T20:12:41Z
2024,UL Monroe,Sun Belt,fourthDownConversions,16,2026-09-29T20:12:41Z
2024,UL Monroe,Sun Belt,fourthDownConversionsOpponent,11,2026-09-29T20:12:41Z
2024,UL Monroe,Sun Belt,fourthDowns,24,2026-09-29T20:12:41Z
2024,UL Monroe,Sun Belt,fourthDownsOpponent,23,2026-09-29T20:12:41Z
2024,UL Monroe,Sun Belt,fumblesLost,3,2026-09-29T20:12:41Z
2024,UL Monroe,Sun Belt,fumblesLostOpponent,7,2026-09-29T20:12:41Z
2024,UL Monroe,Sun Belt,fumblesRecovered,7,2026-09-29T20:12:41Z
2024,UL Monroe,Sun Belt,fumblesRecoveredOpponent,3,2026-09-29T20:12:41Z
2024,UL Monroe,Sun Belt,games,12,2026-09-29T20:12:41Z
2024,UL Monroe,Sun Belt,interceptions,12,2026-09-29T20:12:41Z
2024,UL Monroe,Sun Belt,interceptionsOpponent,6,2026-09-29T20:12:41Z
2024,UL Monroe,Sun Belt,interceptionTDs,1,2026-09-29T20:12:41Z
2024,UL Monroe,Sun Belt,interceptionTDsOpponent,0,2026-09-29T20:12:41Z
2024,UL Monroe,Sun Belt,interceptionYards,56,2026-09-29T20:12:41Z
2024,UL Monroe,Sun Belt,interceptionYardsOpponent,115,2026-09-29T20:12:41Z
2024,UL Monroe,Sun Belt,kickReturns,8,2026-09-29T20:12:41Z
2024,UL Monroe,Sun Belt,kickReturnsOpponent,36,2026-09-29T20:12:41Z
2024,UL Monroe,Sun Belt,kickReturnTDs,0,2026-09-29T20:12:41Z
2024,UL Monroe,Sun Belt,kickReturnTDsOpponent,0,2026-09-29T20:12:41Z
2024,UL Monroe,Sun Belt,kickReturnYards,121,2026-09-29T20:12:41Z
2024,UL Monroe,Sun Belt,kickReturnYardsOpponent,727,2026-09-29T20:12:41Z
2024,UL Monroe,Sun Belt,netPassingYards,1617,2026-09-29T20:12:41Z
2024,UL Monroe,Sun Belt,netPassingYardsOpponent,2207,2026-09-29T20:12:41Z
2024,UL Monroe,Sun Belt,passAttempts,246,2026-09-29T20:12:41Z
2024,UL Monroe,Sun Belt,passAttemptsOpponent,327,2026-09-29T20:12:41Z
2024,UL Monroe,Sun Belt,passCompletions,134,2026-09-29T20:12:41Z
2024,UL Monroe,Sun Belt,passCompletionsOpponent,192,2026-09-29T20:12:41Z
2024,UL Monroe,Sun Belt,passesIntercepted,6,2026-09-29T20:12:41Z
2024,UL Monroe,Sun Belt,passesInterceptedOpponent,12,2026-09-29T20:12:41Z
2024,UL Monroe,Sun Belt,passingTDs,11,2026-09-29T20:12:41Z
2024,UL Monroe,Sun Belt,passingTDsOpponent,15,2026-09-29T20:12:41Z
2024,UL Monroe,Sun Belt,penalties,71,2026-09-29T20:12:41Z
2024,UL Monroe,Sun Belt,penaltiesOpponent,79,2026-09-29T20:12:41Z
2024,UL Monroe,Sun Belt,penaltyYards,519,2026-09-29T20:12:41Z
2024,UL Monroe,Sun Belt,penaltyYardsOpponent,637,2026-09-29T20:12:41Z
2024,UL Monroe,Sun Belt,possessionTime,22161,2026-09-29T20:12:41Z
2024,UL Monroe,Sun Belt,possessionTimeOpponent,21039,2026-09-29T20:12:41Z
2024,UL Monroe,Sun Belt,puntReturns,6,2026-09-29T20:12:41Z
2024,UL Monroe,Sun Belt,puntReturnsOpponent,11,2026-09-29T20:12:41Z
2024,UL Monroe,Sun Belt,puntReturnTDs,0,2026-09-29T20:12:41Z
2024,UL Monroe,Sun Belt,puntReturnTDsOpponent,1,2026-09-29T20:12:41Z
2024,UL Monroe,Sun Belt,puntReturnYards,61,2026-09-29T20:12:41Z
2024,UL Monroe,Sun Belt,puntReturnYardsOpponent,59,2026-09-29T20:12:41Z
2024,UL Monroe,Sun Belt,rushingAttempts,454,2026-09-29T20:12:41Z
2024,UL Monroe,Sun Belt,rushingAttemptsOpponent,486,2026-09-29T20:12:41Z
2024,UL Monroe,Sun Belt,rushingTDs,17,2026-09-29T20:12:41Z
2024,UL Monroe,Sun Belt,rushingTDsOpponent,27,2026-09-29T20:12:41Z
2024,UL Monroe,Sun Belt,rushingYards,2074,2026-09-29T20:12:41Z
2024,UL Monroe,Sun Belt,rushingYardsOpponent,2426,2026-09-29T20:12:41Z
2024,UL Monroe,Sun Belt,sacks,18,2026-09-29T20:12:41Z
2024,UL Monroe,Sun Belt,sacksOpponent,19,2026-09-29T20:12:41Z
2024,UL Monroe,Sun Belt,tacklesForLoss,50,2026-09-29T20:12:41Z
2024,UL Monroe,Sun Belt,tacklesForLossOpponent,59,2026-09-29T20:12:41Z
2024,UL Monroe,Sun Belt,thirdDownConversions,51,2026-09-29T20:12:41Z
2024,UL Monroe,Sun Belt,thirdDownConversionsOpponent,67,2026-09-29T20:12:41Z
2024,UL Monroe,Sun Belt,thirdDowns,156,2026-09-29T20:12:41Z
2024,UL Monroe,Sun Belt,thirdDownsOpponent,153,2026-09-29T20:12:41Z
2024,UL Monroe,Sun Belt,totalYards,3691,2026-09-29T20:12:41Z
2024,UL Monroe,Sun Belt,totalYardsOpponent,4633,2026-09-29T20:12:41Z
2024,UL Monroe,Sun Belt,turnovers,15,2026-09-29T20:12:41Z
2024,UL Monroe,Sun Belt,turnoversOpponent,13,2026-09-29T20:12:41Z
2024,UNLV,Mountain West,firstDowns,296,2026-09-29T20:12:41Z
2024,UNLV,Mountain West,firstDownsOpponent,277,2026-09-29T20:12:41Z
2024,UNLV,Mountain West,fourthDownConversions,16,2026-09-29T20:12:41Z
2024,UNLV,Mountain West,fourthDownConversionsOpponent,21,2026-09-29T20:12:41Z
2024,UNLV,Mountain West,fourthDowns,23,2026-09-29T20:12:41Z
2024,UNLV,Mountain West,fourthDownsOpponent,35,2026-09-29T20:12:41Z
2024,UNLV,Mountain West,fumblesLost,3,2026-09-29T20:12:41Z
2024,UNLV,Mountain West,fumblesLostOpponent,6,2026-09-29T20:12:41Z
2024,UNLV,Mountain West,fumblesRecovered,6,2026-09-29T20:12:41Z
2024,UNLV,Mountain West,fumblesRecoveredOpponent,3,2026-09-29T20:12:41Z
2024,UNLV,Mountain West,games,14,2026-09-29T20:12:41Z
2024,UNLV,Mountain West,interceptions,6,2026-09-29T20:12:41Z
2024,UNLV,Mountain West,interceptionsOpponent,17,2026-09-29T20:12:41Z
2024,UNLV,Mountain West,interceptionTDs,1,2026-09-29T20:12:41Z
2024,UNLV,Mountain West,interceptionTDsOpponent,1,2026-09-29T20:12:41Z
2024,UNLV,Mountain West,interceptionYards,198,2026-09-29T20:12:41Z
2024,UNLV,Mountain West,interceptionYardsOpponent,119,2026-09-29T20:12:41Z
2024,UNLV,Mountain West,kickReturns,30,2026-09-29T20:12:41Z
2024,UNLV,Mountain West,kickReturnsOpponent,23,2026-09-29T20:12:41Z
2024,UNLV,Mountain West,kickReturnTDs,1,2026-09-29T20:12:41Z
2024,UNLV,Mountain West,kickReturnTDsOpponent,0,2026-09-29T20:12:41Z
2024,UNLV,Mountain West,kickReturnYards,580,2026-09-29T20:12:41Z
2024,UNLV,Mountain West,kickReturnYardsOpponent,456,2026-09-29T20:12:41Z
2024,UNLV,Mountain West,netPassingYards,2417,2026-09-29T20:12:41Z
2024,UNLV,Mountain West,netPassingYardsOpponent,3302,2026-09-29T20:12:41Z
2024,UNLV,Mountain West,passAttempts,309,2026-09-29T20:12:41Z
2024,UNLV,Mountain West,passAttemptsOpponent,517,2026-09-29T20:12:41Z
2024,UNLV,Mountain West,passCompletions,178,2026-09-29T20:12:41Z
2024,UNLV,Mountain West,passCompletionsOpponent,296,2026-09-29T20:12:41Z
2024,UNLV,Mountain West,passesIntercepted,17,2026-09-29T20:12:41Z
2024,UNLV,Mountain West,passesInterceptedOpponent,6,2026-09-29T20:12:41Z
2024,UNLV,Mountain West,passingTDs,25,2026-09-29T20:12:41Z
2024,UNLV,Mountain West,passingTDsOpponent,20,2026-09-29T20:12:41Z
2024,UNLV,Mountain West,penalties,78,2026-09-29T20:12:41Z
2024,UNLV,Mountain West,penaltiesOpponent,90,2026-09-29T20:12:41Z
2024,UNLV,Mountain West,penaltyYards,689,2026-09-29T20:12:41Z
2024,UNLV,Mountain West,penaltyYardsOpponent,844,2026-09-29T20:12:41Z
2024,UNLV,Mountain West,possessionTime,25318,2026-09-29T20:12:41Z
2024,UNLV,Mountain West,possessionTimeOpponent,25082,2026-09-29T20:12:41Z
2024,UNLV,Mountain West,puntReturns,33,2026-09-29T20:12:41Z
2024,UNLV,Mountain West,puntReturnsOpponent,14,2026-09-29T20:12:41Z
2024,UNLV,Mountain West,puntReturnTDs,2,2026-09-29T20:12:41Z
2024,UNLV,Mountain West,puntReturnTDsOpponent,0,2026-09-29T20:12:41Z
2024,UNLV,Mountain West,puntReturnYards,385,2026-09-29T20:12:41Z
2024,UNLV,Mountain West,puntReturnYardsOpponent,74,2026-09-29T20:12:41Z
2024,UNLV,Mountain West,rushingAttempts,611,2026-09-29T20:12:41Z
2024,UNLV,Mountain West,rushingAttemptsOpponent,451,2026-09-29T20:12:41Z
2024,UNLV,Mountain West,rushingTDs,29,2026-09-29T20:12:41Z
2024,UNLV,Mountain West,rushingTDsOpponent,17,2026-09-29T20:12:41Z
2024,UNLV,Mountain West,rushingYards,3467,2026-09-29T20:12:41Z
2024,UNLV,Mountain West,rushingYardsOpponent,1631,2026-09-29T20:12:41Z
2024,UNLV,Mountain West,sacks,41,2026-09-29T20:12:41Z
2024,UNLV,Mountain West,sacksOpponent,32,2026-09-29T20:12:41Z
2024,UNLV,Mountain West,tacklesForLoss,96,2026-09-29T20:12:41Z
2024,UNLV,Mountain West,tacklesForLossOpponent,80,2026-09-29T20:12:41Z
2024,UNLV,Mountain West,thirdDownConversions,79,2026-09-29T20:12:41Z
2024,UNLV,Mountain West,thirdDownConversionsOpponent,65,2026-09-29T20:12:41Z
2024,UNLV,Mountain West,thirdDowns,197,2026-09-29T20:12:41Z
2024,UNLV,Mountain West,thirdDownsOpponent,202,2026-09-29T20:12:41Z
2024,UNLV,Mountain West,totalYards,5884,2026-09-29T20:12:41Z
2024,UNLV,Mountain West,totalYardsOpponent,4933,2026-09-29T20:12:41Z
2024,UNLV,Mountain West,turnovers,9,2026-09-29T20:12:41Z
2024,UNLV,Mountain West,turnoversOpponent,23,2026-09-29T20:12:41Z
2024,USC,Big Ten,firstDowns,302,2026-09-29T20:12:41Z
2024,USC,Big Ten,firstDownsOpponent,262,2026-09-29T20:12:41Z
2024,USC,Big Ten,fourthDownConversions,8,2026-09-29T20:12:41Z
2024,USC,Big Ten,fourthDownConversionsOpponent,20,2026-09-29T20:12:41Z
2024,USC,Big Ten,fourthDowns,17,2026-09-29T20:12:41Z
2024,USC,Big Ten,fourthDownsOpponent,35,2026-09-29T20:12:41Z
2024,USC,Big Ten,fumblesLost,6,2026-09-29T20:12:41Z
2024,USC,Big Ten,fumblesLostOpponent,6,2026-09-29T20:12:41Z
2024,USC,Big Ten,fumblesRecovered,6,2026-09-29T20:12:41Z
2024,USC,Big Ten,fumblesRecoveredOpponent,6,2026-09-29T20:12:41Z
2024,USC,Big Ten,games,13,2026-09-29T20:12:41Z
2024,USC,Big Ten,interceptions,15,2026-09-29T20:12:41Z
2024,USC,Big Ten,interceptionsOpponent,12,2026-09-29T20:12:41Z
2024,USC,Big Ten,interceptionTDs,1,2026-09-29T20:12:41Z
2024,USC,Big Ten,interceptionTDsOpponent,4,2026-09-29T20:12:41Z
2024,USC,Big Ten,interceptionYards,178,2026-09-29T20:12:41Z
2024,USC,Big Ten,interceptionYardsOpponent,440,2026-09-29T20:12:41Z
2024,USC,Big Ten,kickReturns,27,2026-09-29T20:12:41Z
2024,USC,Big Ten,kickReturnsOpponent,14,2026-09-29T20:12:41Z
2024,USC,Big Ten,kickReturnTDs,0,2026-09-29T20:12:41Z
2024,USC,Big Ten,kickReturnTDsOpponent,0,2026-09-29T20:12:41Z
2024,USC,Big Ten,kickReturnYards,659,2026-09-29T20:12:41Z
2024,USC,Big Ten,kickReturnYardsOpponent,370,2026-09-29T20:12:41Z
2024,USC,Big Ten,netPassingYards,3795,2026-09-29T20:12:41Z
2024,USC,Big Ten,netPassingYardsOpponent,3062,2026-09-29T20:12:41Z
2024,USC,Big Ten,passAttempts,533,2026-09-29T20:12:41Z
2024,USC,Big Ten,passAttemptsOpponent,436,2026-09-29T20:12:41Z
2024,USC,Big Ten,passCompletions,335,2026-09-29T20:12:41Z
2024,USC,Big Ten,passCompletionsOpponent,295,2026-09-29T20:12:41Z
2024,USC,Big Ten,passesIntercepted,12,2026-09-29T20:12:41Z
2024,USC,Big Ten,passesInterceptedOpponent,15,2026-09-29T20:12:41Z
2024,USC,Big Ten,passingTDs,29,2026-09-29T20:12:41Z
2024,USC,Big Ten,passingTDsOpponent,15,2026-09-29T20:12:41Z
2024,USC,Big Ten,penalties,75,2026-09-29T20:12:41Z
2024,USC,Big Ten,penaltiesOpponent,78,2026-09-29T20:12:41Z
2024,USC,Big Ten,penaltyYards,668,2026-09-29T20:12:41Z
2024,USC,Big Ten,penaltyYardsOpponent,648,2026-09-29T20:12:41Z
2024,USC,Big Ten,possessionTime,23691,2026-09-29T20:12:41Z
2024,USC,Big Ten,possessionTimeOpponent,23109,2026-09-29T20:12:41Z
2024,USC,Big Ten,puntReturns,13,2026-09-29T20:12:41Z
2024,USC,Big Ten,puntReturnsOpponent,13,2026-09-29T20:12:41Z
2024,USC,Big Ten,puntReturnTDs,0,2026-09-29T20:12:41Z
2024,USC,Big Ten,puntReturnTDsOpponent,0,2026-09-29T20:12:41Z
2024,USC,Big Ten,puntReturnYards,74,2026-09-29T20:12:41Z
2024,USC,Big Ten,puntReturnYardsOpponent,90,2026-09-29T20:12:41Z
2024,USC,Big Ten,rushingAttempts,359,2026-09-29T20:12:41Z
2024,USC,Big Ten,rushingAttemptsOpponent,402,2026-09-29T20:12:41Z
2024,USC,Big Ten,rushingTDs,20,2026-09-29T20:12:41Z
2024,USC,Big Ten,rushingTDsOpponent,19,2026-09-29T20:12:41Z
2024,USC,Big Ten,rushingYards,1904,2026-09-29T20:12:41Z
2024,USC,Big Ten,rushingYardsOpponent,1846,2026-09-29T20:12:41Z
2024,USC,Big Ten,sacks,20,2026-09-29T20:12:41Z
2024,USC,Big Ten,sacksOpponent,15,2026-09-29T20:12:41Z
2024,USC,Big Ten,tacklesForLoss,53,2026-09-29T20:12:41Z
2024,USC,Big Ten,tacklesForLossOpponent,61,2026-09-29T20:12:41Z
2024,USC,Big Ten,thirdDownConversions,74,2026-09-29T20:12:41Z
2024,USC,Big Ten,thirdDownConversionsOpponent,56,2026-09-29T20:12:41Z
2024,USC,Big Ten,thirdDowns,165,2026-09-29T20:12:41Z
2024,USC,Big Ten,thirdDownsOpponent,167,2026-09-29T20:12:41Z
2024,USC,Big Ten,totalYards,5699,2026-09-29T20:12:41Z
2024,USC,Big Ten,totalYardsOpponent,4908,2026-09-29T20:12:41Z
2024,USC,Big Ten,turnovers,21,2026-09-29T20:12:41Z
2024,USC,Big Ten,turnoversOpponent,18,2026-09-29T20:12:41Z
2024,Utah,Big 12,firstDowns,199,2026-09-29T20:12:41Z
2024,Utah,Big 12,firstDownsOpponent,198,2026-09-29T20:12:41Z
2024,Utah,Big 12,fourthDownConversions,9,2026-09-29T20:12:41Z
2024,Utah,Big 12,fourthDownConversionsOpponent,16,2026-09-29T20:12:41Z
2024,Utah,Big 12,fourthDowns,20,2026-09-29T20:12:41Z
2024,Utah,Big 12,fourthDownsOpponent,28,2026-09-29T20:12:41Z
2024,Utah,Big 12,fumblesLost,5,2026-09-29T20:12:41Z
2024,Utah,Big 12,fumblesLostOpponent,6,2026-09-29T20:12:41Z
2024,Utah,Big 12,fumblesRecovered,6,2026-09-29T20:12:41Z
2024,Utah,Big 12,fumblesRecoveredOpponent,6,2026-09-29T20:12:41Z
2024,Utah,Big 12,games,12,2026-09-29T20:12:41Z
2024,Utah,Big 12,interceptions,17,2026-09-29T20:12:41Z
2024,Utah,Big 12,interceptionsOpponent,12,2026-09-29T20:12:41Z
2024,Utah,Big 12,interceptionTDs,3,2026-09-29T20:12:41Z
2024,Utah,Big 12,interceptionTDsOpponent,0,2026-09-29T20:12:41Z
2024,Utah,Big 12,interceptionYards,248,2026-09-29T20:12:41Z
2024,Utah,Big 12,interceptionYardsOpponent,77,2026-09-29T20:12:41Z
2024,Utah,Big 12,kickReturns,17,2026-09-29T20:12:41Z
2024,Utah,Big 12,kickReturnsOpponent,25,2026-09-29T20:12:41Z
2024,Utah,Big 12,kickReturnTDs,0,2026-09-29T20:12:41Z
2024,Utah,Big 12,kickReturnTDsOpponent,1,2026-09-29T20:12:41Z
2024,Utah,Big 12,kickReturnYards,351,2026-09-29T20:12:41Z
2024,Utah,Big 12,kickReturnYardsOpponent,561,2026-09-29T20:12:41Z
2024,Utah,Big 12,netPassingYards,2393,2026-09-29T20:12:41Z
2024,Utah,Big 12,netPassingYardsOpponent,2403,2026-09-29T20:12:41Z
2024,Utah,Big 12,passAttempts,358,2026-09-29T20:12:41Z
2024,Utah,Big 12,passAttemptsOpponent,380,2026-09-29T20:12:41Z
2024,Utah,Big 12,passCompletions,199,2026-09-29T20:12:41Z
2024,Utah,Big 12,passCompletionsOpponent,199,2026-09-29T20:12:41Z
2024,Utah,Big 12,passesIntercepted,12,2026-09-29T20:12:41Z
2024,Utah,Big 12,passesInterceptedOpponent,17,2026-09-29T20:12:41Z
2024,Utah,Big 12,passingTDs,20,2026-09-29T20:12:41Z
2024,Utah,Big 12,passingTDsOpponent,15,2026-09-29T20:12:41Z
2024,Utah,Big 12,penalties,65,2026-09-29T20:12:41Z
2024,Utah,Big 12,penaltiesOpponent,74,2026-09-29T20:12:41Z
2024,Utah,Big 12,penaltyYards,555,2026-09-29T20:12:41Z
2024,Utah,Big 12,penaltyYardsOpponent,525,2026-09-29T20:12:41Z
2024,Utah,Big 12,possessionTime,23117,2026-09-29T20:12:41Z
2024,Utah,Big 12,possessionTimeOpponent,20083,2026-09-29T20:12:41Z
2024,Utah,Big 12,puntReturns,22,2026-09-29T20:12:41Z
2024,Utah,Big 12,puntReturnsOpponent,19,2026-09-29T20:12:41Z
2024,Utah,Big 12,puntReturnTDs,1,2026-09-29T20:12:41Z
2024,Utah,Big 12,puntReturnTDsOpponent,1,2026-09-29T20:12:41Z
2024,Utah,Big 12,puntReturnYards,124,2026-09-29T20:12:41Z
2024,Utah,Big 12,puntReturnYardsOpponent,182,2026-09-29T20:12:41Z
2024,Utah,Big 12,rushingAttempts,403,2026-09-29T20:12:41Z
2024,Utah,Big 12,rushingAttemptsOpponent,394,2026-09-29T20:12:41Z
2024,Utah,Big 12,rushingTDs,7,2026-09-29T20:12:41Z
2024,Utah,Big 12,rushingTDsOpponent,13,2026-09-29T20:12:41Z
2024,Utah,Big 12,rushingYards,1565,2026-09-29T20:12:41Z
2024,Utah,Big 12,rushingYardsOpponent,1571,2026-09-29T20:12:41Z
2024,Utah,Big 12,sacks,23,2026-09-29T20:12:41Z
2024,Utah,Big 12,sacksOpponent,25,2026-09-29T20:12:41Z
2024,Utah,Big 12,tacklesForLoss,77,2026-09-29T20:12:41Z
2024,Utah,Big 12,tacklesForLossOpponent,76,2026-09-29T20:12:41Z
2024,Utah,Big 12,thirdDownConversions,56,2026-09-29T20:12:41Z
2024,Utah,Big 12,thirdDownConversionsOpponent,48,2026-09-29T20:12:41Z
2024,Utah,Big 12,thirdDowns,171,2026-09-29T20:12:41Z
2024,Utah,Big 12,thirdDownsOpponent,175,2026-09-29T20:12:41Z
2024,Utah,Big 12,totalYards,3958,2026-09-29T20:12:41Z
2024,Utah,Big 12,totalYardsOpponent,3974,2026-09-29T20:12:41Z
2024,Utah,Big 12,turnovers,22,2026-09-29T20:12:41Z
2024,Utah,Big 12,turnoversOpponent,18,2026-09-29T20:12:41Z
2024,Utah State,Mountain West,firstDowns,270,2026-09-29T20:12:41Z
2024,Utah State,Mountain West,firstDownsOpponent,281,2026-09-29T20:12:41Z
2024,Utah State,Mountain West,fourthDownConversions,14,2026-09-29T20:12:41Z
2024,Utah State,Mountain West,fourthDownConversionsOpponent,12,2026-09-29T20:12:41Z
2024,Utah State,Mountain West,fourthDowns,28,2026-09-29T20:12:41Z
2024,Utah State,Mountain West,fourthDownsOpponent,17,2026-09-29T20:12:41Z
2024,Utah State,Mountain West,fumblesLost,5,2026-09-29T20:12:41Z
2024,Utah State,Mountain West,fumblesLostOpponent,3,2026-09-29T20:12:41Z
2024,Utah State,Mountain West,fumblesRecovered,3,2026-09-29T20:12:41Z
2024,Utah State,Mountain West,fumblesRecoveredOpponent,5,2026-09-29T20:12:41Z
2024,Utah State,Mountain West,games,12,2026-09-29T20:12:41Z
2024,Utah State,Mountain West,interceptions,17,2026-09-29T20:12:41Z
2024,Utah State,Mountain West,interceptionsOpponent,13,2026-09-29T20:12:41Z
2024,Utah State,Mountain West,interceptionTDs,1,2026-09-29T20:12:41Z
2024,Utah State,Mountain West,interceptionTDsOpponent,0,2026-09-29T20:12:41Z
2024,Utah State,Mountain West,interceptionYards,112,2026-09-29T20:12:41Z
2024,Utah State,Mountain West,interceptionYardsOpponent,120,2026-09-29T20:12:41Z
2024,Utah State,Mountain West,kickReturns,25,2026-09-29T20:12:41Z
2024,Utah State,Mountain West,kickReturnsOpponent,21,2026-09-29T20:12:41Z
2024,Utah State,Mountain West,kickReturnTDs,0,2026-09-29T20:12:41Z
2024,Utah State,Mountain West,kickReturnTDsOpponent,1,2026-09-29T20:12:41Z
2024,Utah State,Mountain West,kickReturnYards,479,2026-09-29T20:12:41Z
2024,Utah State,Mountain West,kickReturnYardsOpponent,440,2026-09-29T20:12:41Z
2024,Utah State,Mountain West,netPassingYards,3229,2026-09-29T20:12:41Z
2024,Utah State,Mountain West,netPassingYardsOpponent,3067,2026-09-29T20:12:41Z
2024,Utah State,Mountain West,passAttempts,458,2026-09-29T20:12:41Z
2024,Utah State,Mountain West,passAttemptsOpponent,393,2026-09-29T20:12:41Z
2024,Utah State,Mountain West,passCompletions,294,2026-09-29T20:12:41Z
2024,Utah State,Mountain West,passCompletionsOpponent,267,2026-09-29T20:12:41Z
2024,Utah State,Mountain West,passesIntercepted,13,2026-09-29T20:12:41Z
2024,Utah State,Mountain West,passesInterceptedOpponent,17,2026-09-29T20:12:41Z
2024,Utah State,Mountain West,passingTDs,29,2026-09-29T20:12:41Z
2024,Utah State,Mountain West,passingTDsOpponent,28,2026-09-29T20:12:41Z
2024,Utah State,Mountain West,penalties,94,2026-09-29T20:12:41Z
2024,Utah State,Mountain West,penaltiesOpponent,90,2026-09-29T20:12:41Z
2024,Utah State,Mountain West,penaltyYards,885,2026-09-29T20:12:41Z
2024,Utah State,Mountain West,penaltyYardsOpponent,713,2026-09-29T20:12:41Z
2024,Utah State,Mountain West,possessionTime,19671,2026-09-29T20:12:41Z
2024,Utah State,Mountain West,possessionTimeOpponent,23529,2026-09-29T20:12:41Z
2024,Utah State,Mountain West,puntReturns,16,2026-09-29T20:12:41Z
2024,Utah State,Mountain West,puntReturnsOpponent,13,2026-09-29T20:12:41Z
2024,Utah State,Mountain West,puntReturnTDs,0,2026-09-29T20:12:41Z
2024,Utah State,Mountain West,puntReturnTDsOpponent,0,2026-09-29T20:12:41Z
2024,Utah State,Mountain West,puntReturnYards,139,2026-09-29T20:12:41Z
2024,Utah State,Mountain West,puntReturnYardsOpponent,63,2026-09-29T20:12:41Z
2024,Utah State,Mountain West,rushingAttempts,421,2026-09-29T20:12:41Z
2024,Utah State,Mountain West,rushingAttemptsOpponent,473,2026-09-29T20:12:41Z
2024,Utah State,Mountain West,rushingTDs,21,2026-09-29T20:12:41Z
2024,Utah State,Mountain West,rushingTDsOpponent,27,2026-09-29T20:12:41Z
2024,Utah State,Mountain West,rushingYards,2392,2026-09-29T20:12:41Z
2024,Utah State,Mountain West,rushingYardsOpponent,2581,2026-09-29T20:12:41Z
2024,Utah State,Mountain West,sacks,28,2026-09-29T20:12:41Z
2024,Utah State,Mountain West,sacksOpponent,19,2026-09-29T20:12:41Z
2024,Utah State,Mountain West,tacklesForLoss,72,2026-09-29T20:12:41Z
2024,Utah State,Mountain West,tacklesForLossOpponent,59,2026-09-29T20:12:41Z
2024,Utah State,Mountain West,thirdDownConversions,70,2026-09-29T20:12:41Z
2024,Utah State,Mountain West,thirdDownConversionsOpponent,74,2026-09-29T20:12:41Z
2024,Utah State,Mountain West,thirdDowns,176,2026-09-29T20:12:41Z
2024,Utah State,Mountain West,thirdDownsOpponent,170,2026-09-29T20:12:41Z
2024,Utah State,Mountain West,totalYards,5621,2026-09-29T20:12:41Z
2024,Utah State,Mountain West,totalYardsOpponent,5648,2026-09-29T20:12:41Z
2024,Utah State,Mountain West,turnovers,22,2026-09-29T20:12:41Z
2024,Utah State,Mountain West,turnoversOpponent,16,2026-09-29T20:12:41Z
2024,UTEP,Conference USA,firstDowns,200,2026-09-29T20:12:41Z
2024,UTEP,Conference USA,firstDownsOpponent,246,2026-09-29T20:12:41Z
2024,UTEP,Conference USA,fourthDownConversions,8,2026-09-29T20:12:41Z
2024,UTEP,Conference USA,fourthDownConversionsOpponent,10,2026-09-29T20:12:41Z
2024,UTEP,Conference USA,fourthDowns,27,2026-09-29T20:12:41Z
2024,UTEP,Conference USA,fourthDownsOpponent,20,2026-09-29T20:12:41Z
2024,UTEP,Conference USA,fumblesLost,7,2026-09-29T20:12:41Z
2024,UTEP,Conference USA,fumblesLostOpponent,7,2026-09-29T20:12:41Z
2024,UTEP,Conference USA,fumblesRecovered,7,2026-09-29T20:12:41Z
2024,UTEP,Conference USA,fumblesRecoveredOpponent,7,2026-09-29T20:12:41Z
2024,UTEP,Conference USA,games,12,2026-09-29T20:12:41Z
2024,UTEP,Conference USA,interceptions,12,2026-09-29T20:12:41Z
2024,UTEP,Conference USA,interceptionsOpponent,11,2026-09-29T20:12:41Z
2024,UTEP,Conference USA,interceptionTDs,0,2026-09-29T20:12:41Z
2024,UTEP,Conference USA,interceptionTDsOpponent,0,2026-09-29T20:12:41Z
2024,UTEP,Conference USA,interceptionYards,164,2026-09-29T20:12:41Z
2024,UTEP,Conference USA,interceptionYardsOpponent,134,2026-09-29T20:12:41Z
2024,UTEP,Conference USA,kickReturns,24,2026-09-29T20:12:41Z
2024,UTEP,Conference USA,kickReturnsOpponent,23,2026-09-29T20:12:41Z
2024,UTEP,Conference USA,kickReturnTDs,1,2026-09-29T20:12:41Z
2024,UTEP,Conference USA,kickReturnTDsOpponent,1,2026-09-29T20:12:41Z
2024,UTEP,Conference USA,kickReturnYards,496,2026-09-29T20:12:41Z
2024,UTEP,Conference USA,kickReturnYardsOpponent,595,2026-09-29T20:12:41Z
2024,UTEP,Conference USA,netPassingYards,2400,2026-09-29T20:12:41Z
2024,UTEP,Conference USA,netPassingYardsOpponent,2678,2026-09-29T20:12:41Z
2024,UTEP,Conference USA,passAttempts,365,2026-09-29T20:12:41Z
2024,UTEP,Conference USA,passAttemptsOpponent,351,2026-09-29T20:12:41Z
2024,UTEP,Conference USA,passCompletions,223,2026-09-29T20:12:41Z
2024,UTEP,Conference USA,passCompletionsOpponent,216,2026-09-29T20:12:41Z
2024,UTEP,Conference USA,passesIntercepted,11,2026-09-29T20:12:41Z
2024,UTEP,Conference USA,passesInterceptedOpponent,12,2026-09-29T20:12:41Z
2024,UTEP,Conference USA,passingTDs,15,2026-09-29T20:12:41Z
2024,UTEP,Conference USA,passingTDsOpponent,23,2026-09-29T20:12:41Z
2024,UTEP,Conference USA,penalties,68,2026-09-29T20:12:41Z
2024,UTEP,Conference USA,penaltiesOpponent,69,2026-09-29T20:12:41Z
2024,UTEP,Conference USA,penaltyYards,611,2026-09-29T20:12:41Z
2024,UTEP,Conference USA,penaltyYardsOpponent,629,2026-09-29T20:12:41Z
2024,UTEP,Conference USA,possessionTime,20125,2026-09-29T20:12:41Z
2024,UTEP,Conference USA,possessionTimeOpponent,23075,2026-09-29T20:12:41Z
2024,UTEP,Conference USA,puntReturns,17,2026-09-29T20:12:41Z
2024,UTEP,Conference USA,puntReturnsOpponent,24,2026-09-29T20:12:41Z
2024,UTEP,Conference USA,puntReturnTDs,1,2026-09-29T20:12:41Z
2024,UTEP,Conference USA,puntReturnTDsOpponent,0,2026-09-29T20:12:41Z
2024,UTEP,Conference USA,puntReturnYards,311,2026-09-29T20:12:41Z
2024,UTEP,Conference USA,puntReturnYardsOpponent,235,2026-09-29T20:12:41Z
2024,UTEP,Conference USA,rushingAttempts,437,2026-09-29T20:12:41Z
2024,UTEP,Conference USA,rushingAttemptsOpponent,499,2026-09-29T20:12:41Z
2024,UTEP,Conference USA,rushingTDs,9,2026-09-29T20:12:41Z
2024,UTEP,Conference USA,rushingTDsOpponent,25,2026-09-29T20:12:41Z
2024,UTEP,Conference USA,rushingYards,1450,2026-09-29T20:12:41Z
2024,UTEP,Conference USA,rushingYardsOpponent,2162,2026-09-29T20:12:41Z
2024,UTEP,Conference USA,sacks,35,2026-09-29T20:12:41Z
2024,UTEP,Conference USA,sacksOpponent,27,2026-09-29T20:12:41Z
2024,UTEP,Conference USA,tacklesForLoss,85,2026-09-29T20:12:41Z
2024,UTEP,Conference USA,tacklesForLossOpponent,88,2026-09-29T20:12:41Z
2024,UTEP,Conference USA,thirdDownConversions,59,2026-09-29T20:12:41Z
2024,UTEP,Conference USA,thirdDownConversionsOpponent,74,2026-09-29T20:12:41Z
2024,UTEP,Conference USA,thirdDowns,179,2026-09-29T20:12:41Z
2024,UTEP,Conference USA,thirdDownsOpponent,186,2026-09-29T20:12:41Z
2024,UTEP,Conference USA,totalYards,3850,2026-09-29T20:12:41Z
2024,UTEP,Conference USA,totalYardsOpponent,4840,2026-09-29T20:12:41Z
2024,UTEP,Conference USA,turnovers,19,2026-09-29T20:12:41Z
2024,UTEP,Conference USA,turnoversOpponent,18,2026-09-29T20:12:41Z
2024,UTSA,American Athletic,firstDowns,280,2026-09-29T20:12:41Z
2024,UTSA,American Athletic,firstDownsOpponent,243,2026-09-29T20:12:41Z
2024,UTSA,American Athletic,fourthDownConversions,10,2026-09-29T20:12:41Z
2024,UTSA,American Athletic,fourthDownConversionsOpponent,11,2026-09-29T20:12:41Z
2024,UTSA,American Athletic,fourthDowns,28,2026-09-29T20:12:41Z
2024,UTSA,American Athletic,fourthDownsOpponent,33,2026-09-29T20:12:41Z
2024,UTSA,American Athletic,fumblesLost,8,2026-09-29T20:12:41Z
2024,UTSA,American Athletic,fumblesLostOpponent,10,2026-09-29T20:12:41Z
2024,UTSA,American Athletic,fumblesRecovered,10,2026-09-29T20:12:41Z
2024,UTSA,American Athletic,fumblesRecoveredOpponent,8,2026-09-29T20:12:41Z
2024,UTSA,American Athletic,games,13,2026-09-29T20:12:41Z
2024,UTSA,American Athletic,interceptions,13,2026-09-29T20:12:41Z
2024,UTSA,American Athletic,interceptionsOpponent,11,2026-09-29T20:12:41Z
2024,UTSA,American Athletic,interceptionTDs,0,2026-09-29T20:12:41Z
2024,UTSA,American Athletic,interceptionTDsOpponent,1,2026-09-29T20:12:41Z
2024,UTSA,American Athletic,interceptionYards,25,2026-09-29T20:12:41Z
2024,UTSA,American Athletic,interceptionYardsOpponent,247,2026-09-29T20:12:41Z
2024,UTSA,American Athletic,kickReturns,15,2026-09-29T20:12:41Z
2024,UTSA,American Athletic,kickReturnsOpponent,17,2026-09-29T20:12:41Z
2024,UTSA,American Athletic,kickReturnTDs,2,2026-09-29T20:12:41Z
2024,UTSA,American Athletic,kickReturnTDsOpponent,0,2026-09-29T20:12:41Z
2024,UTSA,American Athletic,kickReturnYards,492,2026-09-29T20:12:41Z
2024,UTSA,American Athletic,kickReturnYardsOpponent,311,2026-09-29T20:12:41Z
2024,UTSA,American Athletic,netPassingYards,3685,2026-09-29T20:12:41Z
2024,UTSA,American Athletic,netPassingYardsOpponent,3456,2026-09-29T20:12:41Z
2024,UTSA,American Athletic,passAttempts,509,2026-09-29T20:12:41Z
2024,UTSA,American Athletic,passAttemptsOpponent,416,2026-09-29T20:12:41Z
2024,UTSA,American Athletic,passCompletions,317,2026-09-29T20:12:41Z
2024,UTSA,American Athletic,passCompletionsOpponent,242,2026-09-29T20:12:41Z
2024,UTSA,American Athletic,passesIntercepted,11,2026-09-29T20:12:41Z
2024,UTSA,American Athletic,passesInterceptedOpponent,13,2026-09-29T20:12:41Z
2024,UTSA,American Athletic,passingTDs,27,2026-09-29T20:12:41Z
2024,UTSA,American Athletic,passingTDsOpponent,28,2026-09-29T20:12:41Z
2024,UTSA,American Athletic,penalties,113,2026-09-29T20:12:41Z
2024,UTSA,American Athletic,penaltiesOpponent,88,2026-09-29T20:12:41Z
2024,UTSA,American Athletic,penaltyYards,1054,2026-09-29T20:12:41Z
2024,UTSA,American Athletic,penaltyYardsOpponent,725,2026-09-29T20:12:41Z
2024,UTSA,American Athletic,possessionTime,24322,2026-09-29T20:12:41Z
2024,UTSA,American Athletic,possessionTimeOpponent,22478,2026-09-29T20:12:41Z
2024,UTSA,American Athletic,puntReturns,19,2026-09-29T20:12:41Z
2024,UTSA,American Athletic,puntReturnsOpponent,15,2026-09-29T20:12:41Z
2024,UTSA,American Athletic,puntReturnTDs,0,2026-09-29T20:12:41Z
2024,UTSA,American Athletic,puntReturnTDsOpponent,0,2026-09-29T20:12:41Z
2024,UTSA,American Athletic,puntReturnYards,88,2026-09-29T20:12:41Z
2024,UTSA,American Athletic,puntReturnYardsOpponent,31,2026-09-29T20:12:41Z
2024,UTSA,American Athletic,rushingAttempts,490,2026-09-29T20:12:41Z
2024,UTSA,American Athletic,rushingAttemptsOpponent,457,2026-09-29T20:12:41Z
2024,UTSA,American Athletic,rushingTDs,21,2026-09-29T20:12:41Z
2024,UTSA,American Athletic,rushingTDsOpponent,19,2026-09-29T20:12:41Z
2024,UTSA,American Athletic,rushingYards,2197,2026-09-29T20:12:41Z
2024,UTSA,American Athletic,rushingYardsOpponent,1432,2026-09-29T20:12:41Z
2024,UTSA,American Athletic,sacks,42,2026-09-29T20:12:41Z
2024,UTSA,American Athletic,sacksOpponent,26,2026-09-29T20:12:41Z
2024,UTSA,American Athletic,tacklesForLoss,113,2026-09-29T20:12:41Z
2024,UTSA,American Athletic,tacklesForLossOpponent,85,2026-09-29T20:12:41Z
2024,UTSA,American Athletic,thirdDownConversions,88,2026-09-29T20:12:41Z
2024,UTSA,American Athletic,thirdDownConversionsOpponent,57,2026-09-29T20:12:41Z
2024,UTSA,American Athletic,thirdDowns,217,2026-09-29T20:12:41Z
2024,UTSA,American Athletic,thirdDownsOpponent,186,2026-09-29T20:12:41Z
2024,UTSA,American Athletic,totalYards,5882,2026-09-29T20:12:41Z
2024,UTSA,American Athletic,totalYardsOpponent,4888,2026-09-29T20:12:41Z
2024,UTSA,American Athletic,turnovers,21,2026-09-29T20:12:41Z
2024,UTSA,American Athletic,turnoversOpponent,21,2026-09-29T20:12:41Z
2024,Vanderbilt,SEC,firstDowns,236,2026-09-29T20:12:41Z
2024,Vanderbilt,SEC,firstDownsOpponent,268,2026-09-29T20:12:41Z
2024,Vanderbilt,SEC,fourthDownConversions,8,2026-09-29T20:12:41Z
2024,Vanderbilt,SEC,fourthDownConversionsOpponent,8,2026-09-29T20:12:41Z
2024,Vanderbilt,SEC,fourthDowns,14,2026-09-29T20:12:41Z
2024,Vanderbilt,SEC,fourthDownsOpponent,16,2026-09-29T20:12:41Z
2024,Vanderbilt,SEC,fumblesLost,3,2026-09-29T20:12:41Z
2024,Vanderbilt,SEC,fumblesLostOpponent,6,2026-09-29T20:12:41Z
2024,Vanderbilt,SEC,fumblesRecovered,6,2026-09-29T20:12:41Z
2024,Vanderbilt,SEC,fumblesRecoveredOpponent,3,2026-09-29T20:12:41Z
2024,Vanderbilt,SEC,games,13,2026-09-29T20:12:41Z
2024,Vanderbilt,SEC,interceptions,4,2026-09-29T20:12:41Z
2024,Vanderbilt,SEC,interceptionsOpponent,10,2026-09-29T20:12:41Z
2024,Vanderbilt,SEC,interceptionTDs,2,2026-09-29T20:12:41Z
2024,Vanderbilt,SEC,interceptionTDsOpponent,0,2026-09-29T20:12:41Z
2024,Vanderbilt,SEC,interceptionYards,126,2026-09-29T20:12:41Z
2024,Vanderbilt,SEC,interceptionYardsOpponent,16,2026-09-29T20:12:41Z
2024,Vanderbilt,SEC,kickReturns,19,2026-09-29T20:12:41Z
2024,Vanderbilt,SEC,kickReturnsOpponent,32,2026-09-29T20:12:41Z
2024,Vanderbilt,SEC,kickReturnTDs,1,2026-09-29T20:12:41Z
2024,Vanderbilt,SEC,kickReturnTDsOpponent,0,2026-09-29T20:12:41Z
2024,Vanderbilt,SEC,kickReturnYards,448,2026-09-29T20:12:41Z
2024,Vanderbilt,SEC,kickReturnYardsOpponent,575,2026-09-29T20:12:41Z
2024,Vanderbilt,SEC,netPassingYards,2322,2026-09-29T20:12:41Z
2024,Vanderbilt,SEC,netPassingYardsOpponent,3064,2026-09-29T20:12:41Z
2024,Vanderbilt,SEC,passAttempts,304,2026-09-29T20:12:41Z
2024,Vanderbilt,SEC,passAttemptsOpponent,389,2026-09-29T20:12:41Z
2024,Vanderbilt,SEC,passCompletions,179,2026-09-29T20:12:41Z
2024,Vanderbilt,SEC,passCompletionsOpponent,265,2026-09-29T20:12:41Z
2024,Vanderbilt,SEC,passesIntercepted,10,2026-09-29T20:12:41Z
2024,Vanderbilt,SEC,passesInterceptedOpponent,4,2026-09-29T20:12:41Z
2024,Vanderbilt,SEC,passingTDs,21,2026-09-29T20:12:41Z
2024,Vanderbilt,SEC,passingTDsOpponent,24,2026-09-29T20:12:41Z
2024,Vanderbilt,SEC,penalties,73,2026-09-29T20:12:41Z
2024,Vanderbilt,SEC,penaltiesOpponent,88,2026-09-29T20:12:41Z
2024,Vanderbilt,SEC,penaltyYards,707,2026-09-29T20:12:41Z
2024,Vanderbilt,SEC,penaltyYardsOpponent,759,2026-09-29T20:12:41Z
2024,Vanderbilt,SEC,possessionTime,24221,2026-09-29T20:12:41Z
2024,Vanderbilt,SEC,possessionTimeOpponent,22579,2026-09-29T20:12:41Z
2024,Vanderbilt,SEC,puntReturns,18,2026-09-29T20:12:41Z
2024,Vanderbilt,SEC,puntReturnsOpponent,16,2026-09-29T20:12:41Z
2024,Vanderbilt,SEC,puntReturnTDs,1,2026-09-29T20:12:41Z
2024,Vanderbilt,SEC,puntReturnTDsOpponent,0,2026-09-29T20:12:41Z
2024,Vanderbilt,SEC,puntReturnYards,265,2026-09-29T20:12:41Z
2024,Vanderbilt,SEC,puntReturnYardsOpponent,178,2026-09-29T20:12:41Z
2024,Vanderbilt,SEC,rushingAttempts,468,2026-09-29T20:12:41Z
2024,Vanderbilt,SEC,rushingAttemptsOpponent,421,2026-09-29T20:12:41Z
2024,Vanderbilt,SEC,rushingTDs,18,2026-09-29T20:12:41Z
2024,Vanderbilt,SEC,rushingTDsOpponent,13,2026-09-29T20:12:41Z
2024,Vanderbilt,SEC,rushingYards,1825,2026-09-29T20:12:41Z
2024,Vanderbilt,SEC,rushingYardsOpponent,1837,2026-09-29T20:12:41Z
2024,Vanderbilt,SEC,sacks,25,2026-09-29T20:12:41Z
2024,Vanderbilt,SEC,sacksOpponent,18,2026-09-29T20:12:41Z
2024,Vanderbilt,SEC,tacklesForLoss,70,2026-09-29T20:12:41Z
2024,Vanderbilt,SEC,tacklesForLossOpponent,59,2026-09-29T20:12:41Z
2024,Vanderbilt,SEC,thirdDownConversions,75,2026-09-29T20:12:41Z
2024,Vanderbilt,SEC,thirdDownConversionsOpponent,77,2026-09-29T20:12:41Z
2024,Vanderbilt,SEC,thirdDowns,169,2026-09-29T20:12:41Z
2024,Vanderbilt,SEC,thirdDownsOpponent,163,2026-09-29T20:12:41Z
2024,Vanderbilt,SEC,totalYards,4147,2026-09-29T20:12:41Z
2024,Vanderbilt,SEC,totalYardsOpponent,4901,2026-09-29T20:12:41Z
2024,Vanderbilt,SEC,turnovers,7,2026-09-29T20:12:41Z
2024,Vanderbilt,SEC,turnoversOpponent,16,2026-09-29T20:12:41Z
2024,Virginia,ACC,firstDowns,232,2026-09-29T20:12:41Z
2024,Virginia,ACC,firstDownsOpponent,238,2026-09-29T20:12:41Z
2024,Virginia,ACC,fourthDownConversions,15,2026-09-29T20:12:41Z
2024,Virginia,ACC,fourthDownConversionsOpponent,15,2026-09-29T20:12:41Z
2024,Virginia,ACC,fourthDowns,29,2026-09-29T20:12:41Z
2024,Virginia,ACC,fourthDownsOpponent,24,2026-09-29T20:12:41Z
2024,Virginia,ACC,fumblesLost,5,2026-09-29T20:12:41Z
2024,Virginia,ACC,fumblesLostOpponent,6,2026-09-29T20:12:41Z
2024,Virginia,ACC,fumblesRecovered,6,2026-09-29T20:12:41Z
2024,Virginia,ACC,fumblesRecoveredOpponent,5,2026-09-29T20:12:41Z
2024,Virginia,ACC,games,12,2026-09-29T20:12:41Z
2024,Virginia,ACC,interceptions,14,2026-09-29T20:12:41Z
2024,Virginia,ACC,interceptionsOpponent,9,2026-09-29T20:12:41Z
2024,Virginia,ACC,interceptionTDs,0,2026-09-29T20:12:41Z
2024,Virginia,ACC,interceptionTDsOpponent,1,2026-09-29T20:12:41Z
2024,Virginia,ACC,interceptionYards,80,2026-09-29T20:12:41Z
2024,Virginia,ACC,interceptionYardsOpponent,229,2026-09-29T20:12:41Z
2024,Virginia,ACC,kickReturns,19,2026-09-29T20:12:41Z
2024,Virginia,ACC,kickReturnsOpponent,17,2026-09-29T20:12:41Z
2024,Virginia,ACC,kickReturnTDs,0,2026-09-29T20:12:41Z
2024,Virginia,ACC,kickReturnTDsOpponent,0,2026-09-29T20:12:41Z
2024,Virginia,ACC,kickReturnYards,324,2026-09-29T20:12:41Z
2024,Virginia,ACC,kickReturnYardsOpponent,262,2026-09-29T20:12:41Z
2024,Virginia,ACC,netPassingYards,2748,2026-09-29T20:12:41Z
2024,Virginia,ACC,netPassingYardsOpponent,3157,2026-09-29T20:12:41Z
2024,Virginia,ACC,passAttempts,401,2026-09-29T20:12:41Z
2024,Virginia,ACC,passAttemptsOpponent,391,2026-09-29T20:12:41Z
2024,Virginia,ACC,passCompletions,246,2026-09-29T20:12:41Z
2024,Virginia,ACC,passCompletionsOpponent,243,2026-09-29T20:12:41Z
2024,Virginia,ACC,passesIntercepted,9,2026-09-29T20:12:41Z
2024,Virginia,ACC,passesInterceptedOpponent,14,2026-09-29T20:12:41Z
2024,Virginia,ACC,passingTDs,16,2026-09-29T20:12:41Z
2024,Virginia,ACC,passingTDsOpponent,20,2026-09-29T20:12:41Z
2024,Virginia,ACC,penalties,62,2026-09-29T20:12:41Z
2024,Virginia,ACC,penaltiesOpponent,85,2026-09-29T20:12:41Z
2024,Virginia,ACC,penaltyYards,544,2026-09-29T20:12:41Z
2024,Virginia,ACC,penaltyYardsOpponent,729,2026-09-29T20:12:41Z
2024,Virginia,ACC,possessionTime,21526,2026-09-29T20:12:41Z
2024,Virginia,ACC,possessionTimeOpponent,21674,2026-09-29T20:12:41Z
2024,Virginia,ACC,puntReturns,19,2026-09-29T20:12:41Z
2024,Virginia,ACC,puntReturnsOpponent,21,2026-09-29T20:12:41Z
2024,Virginia,ACC,puntReturnTDs,0,2026-09-29T20:12:41Z
2024,Virginia,ACC,puntReturnTDsOpponent,0,2026-09-29T20:12:41Z
2024,Virginia,ACC,puntReturnYards,120,2026-09-29T20:12:41Z
2024,Virginia,ACC,puntReturnYardsOpponent,108,2026-09-29T20:12:41Z
2024,Virginia,ACC,rushingAttempts,431,2026-09-29T20:12:41Z
2024,Virginia,ACC,rushingAttemptsOpponent,418,2026-09-29T20:12:41Z
2024,Virginia,ACC,rushingTDs,14,2026-09-29T20:12:41Z
2024,Virginia,ACC,rushingTDsOpponent,20,2026-09-29T20:12:41Z
2024,Virginia,ACC,rushingYards,1594,2026-09-29T20:12:41Z
2024,Virginia,ACC,rushingYardsOpponent,1749,2026-09-29T20:12:41Z
2024,Virginia,ACC,sacks,21,2026-09-29T20:12:41Z
2024,Virginia,ACC,sacksOpponent,47,2026-09-29T20:12:41Z
2024,Virginia,ACC,tacklesForLoss,57,2026-09-29T20:12:41Z
2024,Virginia,ACC,tacklesForLossOpponent,80,2026-09-29T20:12:41Z
2024,Virginia,ACC,thirdDownConversions,62,2026-09-29T20:12:41Z
2024,Virginia,ACC,thirdDownConversionsOpponent,64,2026-09-29T20:12:41Z
2024,Virginia,ACC,thirdDowns,182,2026-09-29T20:12:41Z
2024,Virginia,ACC,thirdDownsOpponent,166,2026-09-29T20:12:41Z
2024,Virginia,ACC,totalYards,4342,2026-09-29T20:12:41Z
2024,Virginia,ACC,totalYardsOpponent,4906,2026-09-29T20:12:41Z
2024,Virginia,ACC,turnovers,19,2026-09-29T20:12:41Z
2024,Virginia,ACC,turnoversOpponent,15,2026-09-29T20:12:41Z
2024,Virginia Tech,ACC,firstDowns,242,2026-09-29T20:12:41Z
2024,Virginia Tech,ACC,firstDownsOpponent,246,2026-09-29T20:12:41Z
2024,Virginia Tech,ACC,fourthDownConversions,8,2026-09-29T20:12:41Z
2024,Virginia Tech,ACC,fourthDownConversionsOpponent,11,2026-09-29T20:12:41Z
2024,Virginia Tech,ACC,fourthDowns,21,2026-09-29T20:12:41Z
2024,Virginia Tech,ACC,fourthDownsOpponent,24,2026-09-29T20:12:41Z
2024,Virginia Tech,ACC,fumblesLost,8,2026-09-29T20:12:41Z
2024,Virginia Tech,ACC,fumblesLostOpponent,10,2026-09-29T20:12:41Z
2024,Virginia Tech,ACC,fumblesRecovered,10,2026-09-29T20:12:41Z
2024,Virginia Tech,ACC,fumblesRecoveredOpponent,8,2026-09-29T20:12:41Z
2024,Virginia Tech,ACC,games,13,2026-09-29T20:12:41Z
2024,Virginia Tech,ACC,interceptions,9,2026-09-29T20:12:41Z
2024,Virginia Tech,ACC,interceptionsOpponent,15,2026-09-29T20:12:41Z
2024,Virginia Tech,ACC,interceptionTDs,0,2026-09-29T20:12:41Z
2024,Virginia Tech,ACC,interceptionTDsOpponent,0,2026-09-29T20:12:41Z
2024,Virginia Tech,ACC,interceptionYards,206,2026-09-29T20:12:41Z
2024,Virginia Tech,ACC,interceptionYardsOpponent,87,2026-09-29T20:12:41Z
2024,Virginia Tech,ACC,kickReturns,22,2026-09-29T20:12:41Z
2024,Virginia Tech,ACC,kickReturnsOpponent,21,2026-09-29T20:12:41Z
2024,Virginia Tech,ACC,kickReturnTDs,0,2026-09-29T20:12:41Z
2024,Virginia Tech,ACC,kickReturnTDsOpponent,0,2026-09-29T20:12:41Z
2024,Virginia Tech,ACC,kickReturnYards,445,2026-09-29T20:12:41Z
2024,Virginia Tech,ACC,kickReturnYardsOpponent,378,2026-09-29T20:12:41Z
2024,Virginia Tech,ACC,netPassingYards,2462,2026-09-29T20:12:41Z
2024,Virginia Tech,ACC,netPassingYardsOpponent,2807,2026-09-29T20:12:41Z
2024,Virginia Tech,ACC,passAttempts,339,2026-09-29T20:12:41Z
2024,Virginia Tech,ACC,passAttemptsOpponent,400,2026-09-29T20:12:41Z
2024,Virginia Tech,ACC,passCompletions,200,2026-09-29T20:12:41Z
2024,Virginia Tech,ACC,passCompletionsOpponent,219,2026-09-29T20:12:41Z
2024,Virginia Tech,ACC,passesIntercepted,15,2026-09-29T20:12:41Z
2024,Virginia Tech,ACC,passesInterceptedOpponent,9,2026-09-29T20:12:41Z
2024,Virginia Tech,ACC,passingTDs,15,2026-09-29T20:12:41Z
2024,Virginia Tech,ACC,passingTDsOpponent,20,2026-09-29T20:12:41Z
2024,Virginia Tech,ACC,penalties,74,2026-09-29T20:12:41Z
2024,Virginia Tech,ACC,penaltiesOpponent,78,2026-09-29T20:12:41Z
2024,Virginia Tech,ACC,penaltyYards,635,2026-09-29T20:12:41Z
2024,Virginia Tech,ACC,penaltyYardsOpponent,693,2026-09-29T20:12:41Z
2024,Virginia Tech,ACC,possessionTime,22782,2026-09-29T20:12:41Z
2024,Virginia Tech,ACC,possessionTimeOpponent,24018,2026-09-29T20:12:41Z
2024,Virginia Tech,ACC,puntReturns,28,2026-09-29T20:12:41Z
2024,Virginia Tech,ACC,puntReturnsOpponent,23,2026-09-29T20:12:41Z
2024,Virginia Tech,ACC,puntReturnTDs,1,2026-09-29T20:12:41Z
2024,Virginia Tech,ACC,puntReturnTDsOpponent,0,2026-09-29T20:12:41Z
2024,Virginia Tech,ACC,puntReturnYards,291,2026-09-29T20:12:41Z
2024,Virginia Tech,ACC,puntReturnYardsOpponent,160,2026-09-29T20:12:41Z
2024,Virginia Tech,ACC,rushingAttempts,487,2026-09-29T20:12:41Z
2024,Virginia Tech,ACC,rushingAttemptsOpponent,488,2026-09-29T20:12:41Z
2024,Virginia Tech,ACC,rushingTDs,28,2026-09-29T20:12:41Z
2024,Virginia Tech,ACC,rushingTDsOpponent,17,2026-09-29T20:12:41Z
2024,Virginia Tech,ACC,rushingYards,2325,2026-09-29T20:12:41Z
2024,Virginia Tech,ACC,rushingYardsOpponent,1912,2026-09-29T20:12:41Z
2024,Virginia Tech,ACC,sacks,36,2026-09-29T20:12:41Z
2024,Virginia Tech,ACC,sacksOpponent,34,2026-09-29T20:12:41Z
2024,Virginia Tech,ACC,tacklesForLoss,81,2026-09-29T20:12:41Z
2024,Virginia Tech,ACC,tacklesForLossOpponent,89,2026-09-29T20:12:41Z
2024,Virginia Tech,ACC,thirdDownConversions,65,2026-09-29T20:12:41Z
2024,Virginia Tech,ACC,thirdDownConversionsOpponent,74,2026-09-29T20:12:41Z
2024,Virginia Tech,ACC,thirdDowns,179,2026-09-29T20:12:41Z
2024,Virginia Tech,ACC,thirdDownsOpponent,190,2026-09-29T20:12:41Z
2024,Virginia Tech,ACC,totalYards,4787,2026-09-29T20:12:41Z
2024,Virginia Tech,ACC,totalYardsOpponent,4719,2026-09-29T20:12:41Z
2024,Virginia Tech,ACC,turnovers,17,2026-09-29T20:12:41Z
2024,Virginia Tech,ACC,turnoversOpponent,25,2026-09-29T20:12:41Z
2024,Wake Forest,ACC,firstDowns,261,2026-09-29T20:12:41Z
2024,Wake Forest,ACC,firstDownsOpponent,305,2026-09-29T20:12:41Z
2024,Wake Forest,ACC,fourthDownConversions,16,2026-09-29T20:12:41Z
2024,Wake Forest,ACC,fourthDownConversionsOpponent,10,2026-09-29T20:12:41Z
2024,Wake Forest,ACC,fourthDowns,25,2026-09-29T20:12:41Z
2024,Wake Forest,ACC,fourthDownsOpponent,14,2026-09-29T20:12:41Z
2024,Wake Forest,ACC,fumblesLost,8,2026-09-29T20:12:41Z
2024,Wake Forest,ACC,fumblesLostOpponent,6,2026-09-29T20:12:41Z
2024,Wake Forest,ACC,fumblesRecovered,6,2026-09-29T20:12:41Z
2024,Wake Forest,ACC,fumblesRecoveredOpponent,8,2026-09-29T20:12:41Z
2024,Wake Forest,ACC,games,12,2026-09-29T20:12:41Z
2024,Wake Forest,ACC,interceptions,13,2026-09-29T20:12:41Z
2024,Wake Forest,ACC,interceptionsOpponent,11,2026-09-29T20:12:41Z
2024,Wake Forest,ACC,interceptionTDs,0,2026-09-29T20:12:41Z
2024,Wake Forest,ACC,interceptionTDsOpponent,2,2026-09-29T20:12:41Z
2024,Wake Forest,ACC,interceptionYards,70,2026-09-29T20:12:41Z
2024,Wake Forest,ACC,interceptionYardsOpponent,140,2026-09-29T20:12:41Z
2024,Wake Forest,ACC,kickReturns,18,2026-09-29T20:12:41Z
2024,Wake Forest,ACC,kickReturnsOpponent,14,2026-09-29T20:12:41Z
2024,Wake Forest,ACC,kickReturnTDs,1,2026-09-29T20:12:41Z
2024,Wake Forest,ACC,kickReturnTDsOpponent,0,2026-09-29T20:12:41Z
2024,Wake Forest,ACC,kickReturnYards,377,2026-09-29T20:12:41Z
2024,Wake Forest,ACC,kickReturnYardsOpponent,341,2026-09-29T20:12:41Z
2024,Wake Forest,ACC,netPassingYards,2881,2026-09-29T20:12:41Z
2024,Wake Forest,ACC,netPassingYardsOpponent,3334,2026-09-29T20:12:41Z
2024,Wake Forest,ACC,passAttempts,403,2026-09-29T20:12:41Z
2024,Wake Forest,ACC,passAttemptsOpponent,454,2026-09-29T20:12:41Z
2024,Wake Forest,ACC,passCompletions,248,2026-09-29T20:12:41Z
2024,Wake Forest,ACC,passCompletionsOpponent,320,2026-09-29T20:12:41Z
2024,Wake Forest,ACC,passesIntercepted,11,2026-09-29T20:12:41Z
2024,Wake Forest,ACC,passesInterceptedOpponent,13,2026-09-29T20:12:41Z
2024,Wake Forest,ACC,passingTDs,17,2026-09-29T20:12:41Z
2024,Wake Forest,ACC,passingTDsOpponent,23,2026-09-29T20:12:41Z
2024,Wake Forest,ACC,penalties,61,2026-09-29T20:12:41Z
2024,Wake Forest,ACC,penaltiesOpponent,74,2026-09-29T20:12:41Z
2024,Wake Forest,ACC,penaltyYards,551,2026-09-29T20:12:41Z
2024,Wake Forest,ACC,penaltyYardsOpponent,702,2026-09-29T20:12:41Z
2024,Wake Forest,ACC,possessionTime,20774,2026-09-29T20:12:41Z
2024,Wake Forest,ACC,possessionTimeOpponent,22426,2026-09-29T20:12:41Z
2024,Wake Forest,ACC,puntReturns,15,2026-09-29T20:12:41Z
2024,Wake Forest,ACC,puntReturnsOpponent,10,2026-09-29T20:12:41Z
2024,Wake Forest,ACC,puntReturnTDs,1,2026-09-29T20:12:41Z
2024,Wake Forest,ACC,puntReturnTDsOpponent,0,2026-09-29T20:12:41Z
2024,Wake Forest,ACC,puntReturnYards,247,2026-09-29T20:12:41Z
2024,Wake Forest,ACC,puntReturnYardsOpponent,63,2026-09-29T20:12:41Z
2024,Wake Forest,ACC,rushingAttempts,437,2026-09-29T20:12:41Z
2024,Wake Forest,ACC,rushingAttemptsOpponent,409,2026-09-29T20:12:41Z
2024,Wake Forest,ACC,rushingTDs,18,2026-09-29T20:12:41Z
2024,Wake Forest,ACC,rushingTDsOpponent,20,2026-09-29T20:12:41Z
2024,Wake Forest,ACC,rushingYards,1577,2026-09-29T20:12:41Z
2024,Wake Forest,ACC,rushingYardsOpponent,1909,2026-09-29T20:12:41Z
2024,Wake Forest,ACC,sacks,20,2026-09-29T20:12:41Z
2024,Wake Forest,ACC,sacksOpponent,42,2026-09-29T20:12:41Z
2024,Wake Forest,ACC,tacklesForLoss,59,2026-09-29T20:12:41Z
2024,Wake Forest,ACC,tacklesForLossOpponent,71,2026-09-29T20:12:41Z
2024,Wake Forest,ACC,thirdDownConversions,67,2026-09-29T20:12:41Z
2024,Wake Forest,ACC,thirdDownConversionsOpponent,67,2026-09-29T20:12:41Z
2024,Wake Forest,ACC,thirdDowns,171,2026-09-29T20:12:41Z
2024,Wake Forest,ACC,thirdDownsOpponent,155,2026-09-29T20:12:41Z
2024,Wake Forest,ACC,totalYards,4458,2026-09-29T20:12:41Z
2024,Wake Forest,ACC,totalYardsOpponent,5243,2026-09-29T20:12:41Z
2024,Wake Forest,ACC,turnovers,21,2026-09-29T20:12:41Z
2024,Wake Forest,ACC,turnoversOpponent,17,2026-09-29T20:12:41Z
2024,Washington,Big Ten,firstDowns,269,2026-09-29T20:12:41Z
2024,Washington,Big Ten,firstDownsOpponent,256,2026-09-29T20:12:41Z
2024,Washington,Big Ten,fourthDownConversions,12,2026-09-29T20:12:41Z
2024,Washington,Big Ten,fourthDownConversionsOpponent,13,2026-09-29T20:12:41Z
2024,Washington,Big Ten,fourthDowns,25,2026-09-29T20:12:41Z
2024,Washington,Big Ten,fourthDownsOpponent,23,2026-09-29T20:12:41Z
2024,Washington,Big Ten,fumblesLost,4,2026-09-29T20:12:41Z
2024,Washington,Big Ten,fumblesLostOpponent,6,2026-09-29T20:12:41Z
2024,Washington,Big Ten,fumblesRecovered,7,2026-09-29T20:12:41Z
2024,Washington,Big Ten,fumblesRecoveredOpponent,4,2026-09-29T20:12:41Z
2024,Washington,Big Ten,games,13,2026-09-29T20:12:41Z
2024,Washington,Big Ten,interceptions,8,2026-09-29T20:12:41Z
2024,Washington,Big Ten,interceptionsOpponent,8,2026-09-29T20:12:41Z
2024,Washington,Big Ten,interceptionTDs,0,2026-09-29T20:12:41Z
2024,Washington,Big Ten,interceptionTDsOpponent,2,2026-09-29T20:12:41Z
2024,Washington,Big Ten,interceptionYards,131,2026-09-29T20:12:41Z
2024,Washington,Big Ten,interceptionYardsOpponent,149,2026-09-29T20:12:41Z
2024,Washington,Big Ten,kickReturns,25,2026-09-29T20:12:41Z
2024,Washington,Big Ten,kickReturnsOpponent,36,2026-09-29T20:12:41Z
2024,Washington,Big Ten,kickReturnTDs,0,2026-09-29T20:12:41Z
2024,Washington,Big Ten,kickReturnTDsOpponent,0,2026-09-29T20:12:41Z
2024,Washington,Big Ten,kickReturnYards,564,2026-09-29T20:12:41Z
2024,Washington,Big Ten,kickReturnYardsOpponent,809,2026-09-29T20:12:41Z
2024,Washington,Big Ten,netPassingYards,3402,2026-09-29T20:12:41Z
2024,Washington,Big Ten,netPassingYardsOpponent,2165,2026-09-29T20:12:41Z
2024,Washington,Big Ten,passAttempts,417,2026-09-29T20:12:41Z
2024,Washington,Big Ten,passAttemptsOpponent,377,2026-09-29T20:12:41Z
2024,Washington,Big Ten,passCompletions,302,2026-09-29T20:12:41Z
2024,Washington,Big Ten,passCompletionsOpponent,210,2026-09-29T20:12:41Z
2024,Washington,Big Ten,passesIntercepted,8,2026-09-29T20:12:41Z
2024,Washington,Big Ten,passesInterceptedOpponent,8,2026-09-29T20:12:41Z
2024,Washington,Big Ten,passingTDs,22,2026-09-29T20:12:41Z
2024,Washington,Big Ten,passingTDsOpponent,16,2026-09-29T20:12:41Z
2024,Washington,Big Ten,penalties,76,2026-09-29T20:12:41Z
2024,Washington,Big Ten,penaltiesOpponent,65,2026-09-29T20:12:41Z
2024,Washington,Big Ten,penaltyYards,673,2026-09-29T20:12:41Z
2024,Washington,Big Ten,penaltyYardsOpponent,546,2026-09-29T20:12:41Z
2024,Washington,Big Ten,possessionTime,23615,2026-09-29T20:12:41Z
2024,Washington,Big Ten,possessionTimeOpponent,23185,2026-09-29T20:12:41Z
2024,Washington,Big Ten,puntReturns,14,2026-09-29T20:12:41Z
2024,Washington,Big Ten,puntReturnsOpponent,22,2026-09-29T20:12:41Z
2024,Washington,Big Ten,puntReturnTDs,0,2026-09-29T20:12:41Z
2024,Washington,Big Ten,puntReturnTDsOpponent,0,2026-09-29T20:12:41Z
2024,Washington,Big Ten,puntReturnYards,93,2026-09-29T20:12:41Z
2024,Washington,Big Ten,puntReturnYardsOpponent,301,2026-09-29T20:12:41Z
2024,Washington,Big Ten,rushingAttempts,420,2026-09-29T20:12:41Z
2024,Washington,Big Ten,rushingAttemptsOpponent,458,2026-09-29T20:12:41Z
2024,Washington,Big Ten,rushingTDs,14,2026-09-29T20:12:41Z
2024,Washington,Big Ten,rushingTDsOpponent,20,2026-09-29T20:12:41Z
2024,Washington,Big Ten,rushingYards,1679,2026-09-29T20:12:41Z
2024,Washington,Big Ten,rushingYardsOpponent,2108,2026-09-29T20:12:41Z
2024,Washington,Big Ten,sacks,20,2026-09-29T20:12:41Z
2024,Washington,Big Ten,sacksOpponent,39,2026-09-29T20:12:41Z
2024,Washington,Big Ten,tacklesForLoss,48,2026-09-29T20:12:41Z
2024,Washington,Big Ten,tacklesForLossOpponent,80,2026-09-29T20:12:41Z
2024,Washington,Big Ten,thirdDownConversions,57,2026-09-29T20:12:41Z
2024,Washington,Big Ten,thirdDownConversionsOpponent,78,2026-09-29T20:12:41Z
2024,Washington,Big Ten,thirdDowns,156,2026-09-29T20:12:41Z
2024,Washington,Big Ten,thirdDownsOpponent,178,2026-09-29T20:12:41Z
2024,Washington,Big Ten,totalYards,5081,2026-09-29T20:12:41Z
2024,Washington,Big Ten,totalYardsOpponent,4273,2026-09-29T20:12:41Z
2024,Washington,Big Ten,turnovers,12,2026-09-29T20:12:41Z
2024,Washington,Big Ten,turnoversOpponent,14,2026-09-29T20:12:41Z
2024,Washington State,Pac-12,firstDowns,298,2026-09-29T20:12:41Z
2024,Washington State,Pac-12,firstDownsOpponent,296,2026-09-29T20:12:41Z
2024,Washington State,Pac-12,fourthDownConversions,15,2026-09-29T20:12:41Z
2024,Washington State,Pac-12,fourthDownConversionsOpponent,16,2026-09-29T20:12:41Z
2024,Washington State,Pac-12,fourthDowns,27,2026-09-29T20:12:41Z
2024,Washington State,Pac-12,fourthDownsOpponent,29,2026-09-29T20:12:41Z
2024,Washington State,Pac-12,fumblesLost,4,2026-09-29T20:12:41Z
2024,Washington State,Pac-12,fumblesLostOpponent,8,2026-09-29T20:12:41Z
2024,Washington State,Pac-12,fumblesRecovered,8,2026-09-29T20:12:41Z
2024,Washington State,Pac-12,fumblesRecoveredOpponent,7,2026-09-29T20:12:41Z
2024,Washington State,Pac-12,games,13,2026-09-29T20:12:41Z
2024,Washington State,Pac-12,interceptions,9,2026-09-29T20:12:41Z
2024,Washington State,Pac-12,interceptionsOpponent,14,2026-09-29T20:12:41Z
2024,Washington State,Pac-12,interceptionTDs,3,2026-09-29T20:12:41Z
2024,Washington State,Pac-12,interceptionTDsOpponent,0,2026-09-29T20:12:41Z
2024,Washington State,Pac-12,interceptionYards,263,2026-09-29T20:12:41Z
2024,Washington State,Pac-12,interceptionYardsOpponent,76,2026-09-29T20:12:41Z
2024,Washington State,Pac-12,kickReturns,27,2026-09-29T20:12:41Z
2024,Washington State,Pac-12,kickReturnsOpponent,26,2026-09-29T20:12:41Z
2024,Washington State,Pac-12,kickReturnTDs,0,2026-09-29T20:12:41Z
2024,Washington State,Pac-12,kickReturnTDsOpponent,0,2026-09-29T20:12:41Z
2024,Washington State,Pac-12,kickReturnYards,612,2026-09-29T20:12:41Z
2024,Washington State,Pac-12,kickReturnYardsOpponent,497,2026-09-29T20:12:41Z
2024,Washington State,Pac-12,netPassingYards,3589,2026-09-29T20:12:41Z
2024,Washington State,Pac-12,netPassingYardsOpponent,3517,2026-09-29T20:12:41Z
2024,Washington State,Pac-12,passAttempts,399,2026-09-29T20:12:41Z
2024,Washington State,Pac-12,passAttemptsOpponent,486,2026-09-29T20:12:41Z
2024,Washington State,Pac-12,passCompletions,263,2026-09-29T20:12:41Z
2024,Washington State,Pac-12,passCompletionsOpponent,307,2026-09-29T20:12:41Z
2024,Washington State,Pac-12,passesIntercepted,14,2026-09-29T20:12:41Z
2024,Washington State,Pac-12,passesInterceptedOpponent,9,2026-09-29T20:12:41Z
2024,Washington State,Pac-12,passingTDs,33,2026-09-29T20:12:41Z
2024,Washington State,Pac-12,passingTDsOpponent,25,2026-09-29T20:12:41Z
2024,Washington State,Pac-12,penalties,80,2026-09-29T20:12:41Z
2024,Washington State,Pac-12,penaltiesOpponent,95,2026-09-29T20:12:41Z
2024,Washington State,Pac-12,penaltyYards,752,2026-09-29T20:12:41Z
2024,Washington State,Pac-12,penaltyYardsOpponent,753,2026-09-29T20:12:41Z
2024,Washington State,Pac-12,possessionTime,22603,2026-09-29T20:12:41Z
2024,Washington State,Pac-12,possessionTimeOpponent,24197,2026-09-29T20:12:41Z
2024,Washington State,Pac-12,puntReturns,14,2026-09-29T20:12:41Z
2024,Washington State,Pac-12,puntReturnsOpponent,9,2026-09-29T20:12:41Z
2024,Washington State,Pac-12,puntReturnTDs,1,2026-09-29T20:12:41Z
2024,Washington State,Pac-12,puntReturnTDsOpponent,0,2026-09-29T20:12:41Z
2024,Washington State,Pac-12,puntReturnYards,106,2026-09-29T20:12:41Z
2024,Washington State,Pac-12,puntReturnYardsOpponent,113,2026-09-29T20:12:41Z
2024,Washington State,Pac-12,rushingAttempts,468,2026-09-29T20:12:41Z
2024,Washington State,Pac-12,rushingAttemptsOpponent,426,2026-09-29T20:12:41Z
2024,Washington State,Pac-12,rushingTDs,28,2026-09-29T20:12:41Z
2024,Washington State,Pac-12,rushingTDsOpponent,23,2026-09-29T20:12:41Z
2024,Washington State,Pac-12,rushingYards,2173,2026-09-29T20:12:41Z
2024,Washington State,Pac-12,rushingYardsOpponent,2239,2026-09-29T20:12:41Z
2024,Washington State,Pac-12,sacks,22,2026-09-29T20:12:41Z
2024,Washington State,Pac-12,sacksOpponent,28,2026-09-29T20:12:41Z
2024,Washington State,Pac-12,tacklesForLoss,65,2026-09-29T20:12:41Z
2024,Washington State,Pac-12,tacklesForLossOpponent,74,2026-09-29T20:12:41Z
2024,Washington State,Pac-12,thirdDownConversions,65,2026-09-29T20:12:41Z
2024,Washington State,Pac-12,thirdDownConversionsOpponent,66,2026-09-29T20:12:41Z
2024,Washington State,Pac-12,thirdDowns,155,2026-09-29T20:12:41Z
2024,Washington State,Pac-12,thirdDownsOpponent,171,2026-09-29T20:12:41Z
2024,Washington State,Pac-12,totalYards,5762,2026-09-29T20:12:41Z
2024,Washington State,Pac-12,totalYardsOpponent,5756,2026-09-29T20:12:41Z
2024,Washington State,Pac-12,turnovers,13,2026-09-29T20:12:41Z
2024,Washington State,Pac-12,turnoversOpponent,22,2026-09-29T20:12:41Z
2024,Western Kentucky,Conference USA,firstDowns,270,2026-09-29T20:12:41Z
2024,Western Kentucky,Conference USA,firstDownsOpponent,282,2026-09-29T20:12:41Z
2024,Western Kentucky,Conference USA,fourthDownConversions,19,2026-09-29T20:12:41Z
2024,Western Kentucky,Conference USA,fourthDownConversionsOpponent,13,2026-09-29T20:12:41Z
2024,Western Kentucky,Conference USA,fourthDowns,32,2026-09-29T20:12:41Z
2024,Western Kentucky,Conference USA,fourthDownsOpponent,25,2026-09-29T20:12:41Z
2024,Western Kentucky,Conference USA,fumblesLost,12,2026-09-29T20:12:41Z
2024,Western Kentucky,Conference USA,fumblesLostOpponent,10,2026-09-29T20:12:41Z
2024,Western Kentucky,Conference USA,fumblesRecovered,11,2026-09-29T20:12:41Z
2024,Western Kentucky,Conference USA,fumblesRecoveredOpponent,12,2026-09-29T20:12:41Z
2024,Western Kentucky,Conference USA,games,14,2026-09-29T20:12:41Z
2024,Western Kentucky,Conference USA,interceptions,12,2026-09-29T20:12:41Z
2024,Western Kentucky,Conference USA,interceptionsOpponent,10,2026-09-29T20:12:41Z
2024,Western Kentucky,Conference USA,interceptionTDs,0,2026-09-29T20:12:41Z
2024,Western Kentucky,Conference USA,interceptionTDsOpponent,0,2026-09-29T20:12:41Z
2024,Western Kentucky,Conference USA,interceptionYards,109,2026-09-29T20:12:41Z
2024,Western Kentucky,Conference USA,interceptionYardsOpponent,116,2026-09-29T20:12:41Z
2024,Western Kentucky,Conference USA,kickReturns,26,2026-09-29T20:12:41Z
2024,Western Kentucky,Conference USA,kickReturnsOpponent,39,2026-09-29T20:12:41Z
2024,Western Kentucky,Conference USA,kickReturnTDs,0,2026-09-29T20:12:41Z
2024,Western Kentucky,Conference USA,kickReturnTDsOpponent,1,2026-09-29T20:12:41Z
2024,Western Kentucky,Conference USA,kickReturnYards,502,2026-09-29T20:12:41Z
2024,Western Kentucky,Conference USA,kickReturnYardsOpponent,831,2026-09-29T20:12:41Z
2024,Western Kentucky,Conference USA,netPassingYards,3705,2026-09-29T20:12:41Z
2024,Western Kentucky,Conference USA,netPassingYardsOpponent,2464,2026-09-29T20:12:41Z
2024,Western Kentucky,Conference USA,passAttempts,469,2026-09-29T20:12:41Z
2024,Western Kentucky,Conference USA,passAttemptsOpponent,321,2026-09-29T20:12:41Z
2024,Western Kentucky,Conference USA,passCompletions,309,2026-09-29T20:12:41Z
2024,Western Kentucky,Conference USA,passCompletionsOpponent,195,2026-09-29T20:12:41Z
2024,Western Kentucky,Conference USA,passesIntercepted,10,2026-09-29T20:12:41Z
2024,Western Kentucky,Conference USA,passesInterceptedOpponent,12,2026-09-29T20:12:41Z
2024,Western Kentucky,Conference USA,passingTDs,28,2026-09-29T20:12:41Z
2024,Western Kentucky,Conference USA,passingTDsOpponent,18,2026-09-29T20:12:41Z
2024,Western Kentucky,Conference USA,penalties,58,2026-09-29T20:12:41Z
2024,Western Kentucky,Conference USA,penaltiesOpponent,71,2026-09-29T20:12:41Z
2024,Western Kentucky,Conference USA,penaltyYards,578,2026-09-29T20:12:41Z
2024,Western Kentucky,Conference USA,penaltyYardsOpponent,628,2026-09-29T20:12:41Z
2024,Western Kentucky,Conference USA,possessionTime,23412,2026-09-29T20:12:41Z
2024,Western Kentucky,Conference USA,possessionTimeOpponent,26988,2026-09-29T20:12:41Z
2024,Western Kentucky,Conference USA,puntReturns,16,2026-09-29T20:12:41Z
2024,Western Kentucky,Conference USA,puntReturnsOpponent,19,2026-09-29T20:12:41Z
2024,Western Kentucky,Conference USA,puntReturnTDs,0,2026-09-29T20:12:41Z
2024,Western Kentucky,Conference USA,puntReturnTDsOpponent,0,2026-09-29T20:12:41Z
2024,Western Kentucky,Conference USA,puntReturnYards,57,2026-09-29T20:12:41Z
2024,Western Kentucky,Conference USA,puntReturnYardsOpponent,163,2026-09-29T20:12:41Z
2024,Western Kentucky,Conference USA,rushingAttempts,436,2026-09-29T20:12:41Z
2024,Western Kentucky,Conference USA,rushingAttemptsOpponent,617,2026-09-29T20:12:41Z
2024,Western Kentucky,Conference USA,rushingTDs,14,2026-09-29T20:12:41Z
2024,Western Kentucky,Conference USA,rushingTDsOpponent,26,2026-09-29T20:12:41Z
2024,Western Kentucky,Conference USA,rushingYards,1536,2026-09-29T20:12:41Z
2024,Western Kentucky,Conference USA,rushingYardsOpponent,3103,2026-09-29T20:12:41Z
2024,Western Kentucky,Conference USA,sacks,22,2026-09-29T20:12:41Z
2024,Western Kentucky,Conference USA,sacksOpponent,26,2026-09-29T20:12:41Z
2024,Western Kentucky,Conference USA,tacklesForLoss,68,2026-09-29T20:12:41Z
2024,Western Kentucky,Conference USA,tacklesForLossOpponent,75,2026-09-29T20:12:41Z
2024,Western Kentucky,Conference USA,thirdDownConversions,78,2026-09-29T20:12:41Z
2024,Western Kentucky,Conference USA,thirdDownConversionsOpponent,84,2026-09-29T20:12:41Z
2024,Western Kentucky,Conference USA,thirdDowns,188,2026-09-29T20:12:41Z
2024,Western Kentucky,Conference USA,thirdDownsOpponent,190,2026-09-29T20:12:41Z
2024,Western Kentucky,Conference USA,totalYards,5241,2026-09-29T20:12:41Z
2024,Western Kentucky,Conference USA,totalYardsOpponent,5567,2026-09-29T20:12:41Z
2024,Western Kentucky,Conference USA,turnovers,24,2026-09-29T20:12:41Z
2024,Western Kentucky,Conference USA,turnoversOpponent,20,2026-09-29T20:12:41Z
2024,Western Michigan,Mid-American,firstDowns,252,2026-09-29T20:12:41Z
2024,Western Michigan,Mid-American,firstDownsOpponent,275,2026-09-29T20:12:41Z
2024,Western Michigan,Mid-American,fourthDownConversions,19,2026-09-29T20:12:41Z
2024,Western Michigan,Mid-American,fourthDownConversionsOpponent,14,2026-09-29T20:12:41Z
2024,Western Michigan,Mid-American,fourthDowns,32,2026-09-29T20:12:41Z
2024,Western Michigan,Mid-American,fourthDownsOpponent,17,2026-09-29T20:12:41Z
2024,Western Michigan,Mid-American,fumblesLost,4,2026-09-29T20:12:41Z
2024,Western Michigan,Mid-American,fumblesLostOpponent,13,2026-09-29T20:12:41Z
2024,Western Michigan,Mid-American,fumblesRecovered,15,2026-09-29T20:12:41Z
2024,Western Michigan,Mid-American,fumblesRecoveredOpponent,4,2026-09-29T20:12:41Z
2024,Western Michigan,Mid-American,games,13,2026-09-29T20:12:41Z
2024,Western Michigan,Mid-American,interceptions,9,2026-09-29T20:12:41Z
2024,Western Michigan,Mid-American,interceptionsOpponent,8,2026-09-29T20:12:41Z
2024,Western Michigan,Mid-American,interceptionTDs,1,2026-09-29T20:12:41Z
2024,Western Michigan,Mid-American,interceptionTDsOpponent,0,2026-09-29T20:12:41Z
2024,Western Michigan,Mid-American,interceptionYards,139,2026-09-29T20:12:41Z
2024,Western Michigan,Mid-American,interceptionYardsOpponent,69,2026-09-29T20:12:41Z
2024,Western Michigan,Mid-American,kickReturns,41,2026-09-29T20:12:41Z
2024,Western Michigan,Mid-American,kickReturnsOpponent,50,2026-09-29T20:12:41Z
2024,Western Michigan,Mid-American,kickReturnTDs,0,2026-09-29T20:12:41Z
2024,Western Michigan,Mid-American,kickReturnTDsOpponent,2,2026-09-29T20:12:41Z
2024,Western Michigan,Mid-American,kickReturnYards,863,2026-09-29T20:12:41Z
2024,Western Michigan,Mid-American,kickReturnYardsOpponent,1034,2026-09-29T20:12:41Z
2024,Western Michigan,Mid-American,netPassingYards,2431,2026-09-29T20:12:41Z
2024,Western Michigan,Mid-American,netPassingYardsOpponent,2894,2026-09-29T20:12:41Z
2024,Western Michigan,Mid-American,passAttempts,323,2026-09-29T20:12:41Z
2024,Western Michigan,Mid-American,passAttemptsOpponent,344,2026-09-29T20:12:41Z
2024,Western Michigan,Mid-American,passCompletions,212,2026-09-29T20:12:41Z
2024,Western Michigan,Mid-American,passCompletionsOpponent,211,2026-09-29T20:12:41Z
2024,Western Michigan,Mid-American,passesIntercepted,8,2026-09-29T20:12:41Z
2024,Western Michigan,Mid-American,passesInterceptedOpponent,9,2026-09-29T20:12:41Z
2024,Western Michigan,Mid-American,passingTDs,18,2026-09-29T20:12:41Z
2024,Western Michigan,Mid-American,passingTDsOpponent,20,2026-09-29T20:12:41Z
2024,Western Michigan,Mid-American,penalties,53,2026-09-29T20:12:41Z
2024,Western Michigan,Mid-American,penaltiesOpponent,60,2026-09-29T20:12:41Z
2024,Western Michigan,Mid-American,penaltyYards,509,2026-09-29T20:12:41Z
2024,Western Michigan,Mid-American,penaltyYardsOpponent,503,2026-09-29T20:12:41Z
2024,Western Michigan,Mid-American,possessionTime,23382,2026-09-29T20:12:41Z
2024,Western Michigan,Mid-American,possessionTimeOpponent,23418,2026-09-29T20:12:41Z
2024,Western Michigan,Mid-American,puntReturns,19,2026-09-29T20:12:41Z
2024,Western Michigan,Mid-American,puntReturnsOpponent,14,2026-09-29T20:12:41Z
2024,Western Michigan,Mid-American,puntReturnTDs,0,2026-09-29T20:12:41Z
2024,Western Michigan,Mid-American,puntReturnTDsOpponent,1,2026-09-29T20:12:41Z
2024,Western Michigan,Mid-American,puntReturnYards,90,2026-09-29T20:12:41Z
2024,Western Michigan,Mid-American,puntReturnYardsOpponent,49,2026-09-29T20:12:41Z
2024,Western Michigan,Mid-American,rushingAttempts,479,2026-09-29T20:12:41Z
2024,Western Michigan,Mid-American,rushingAttemptsOpponent,500,2026-09-29T20:12:41Z
2024,Western Michigan,Mid-American,rushingTDs,28,2026-09-29T20:12:41Z
2024,Western Michigan,Mid-American,rushingTDsOpponent,28,2026-09-29T20:12:41Z
2024,Western Michigan,Mid-American,rushingYards,2387,2026-09-29T20:12:41Z
2024,Western Michigan,Mid-American,rushingYardsOpponent,2502,2026-09-29T20:12:41Z
2024,Western Michigan,Mid-American,sacks,19,2026-09-29T20:12:41Z
2024,Western Michigan,Mid-American,sacksOpponent,23,2026-09-29T20:12:41Z
2024,Western Michigan,Mid-American,tacklesForLoss,53,2026-09-29T20:12:41Z
2024,Western Michigan,Mid-American,tacklesForLossOpponent,58,2026-09-29T20:12:41Z
2024,Western Michigan,Mid-American,thirdDownConversions,56,2026-09-29T20:12:41Z
2024,Western Michigan,Mid-American,thirdDownConversionsOpponent,70,2026-09-29T20:12:41Z
2024,Western Michigan,Mid-American,thirdDowns,160,2026-09-29T20:12:41Z
2024,Western Michigan,Mid-American,thirdDownsOpponent,165,2026-09-29T20:12:41Z
2024,Western Michigan,Mid-American,totalYards,4818,2026-09-29T20:12:41Z
2024,Western Michigan,Mid-American,totalYardsOpponent,5396,2026-09-29T20:12:41Z
2024,Western Michigan,Mid-American,turnovers,13,2026-09-29T20:12:41Z
2024,Western Michigan,Mid-American,turnoversOpponent,21,2026-09-29T20:12:41Z
2024,West Virginia,Big 12,firstDowns,294,2026-09-29T20:12:41Z
2024,West Virginia,Big 12,firstDownsOpponent,283,2026-09-29T20:12:41Z
2024,West Virginia,Big 12,fourthDownConversions,26,2026-09-29T20:12:41Z
2024,West Virginia,Big 12,fourthDownConversionsOpponent,13,2026-09-29T20:12:41Z
2024,West Virginia,Big 12,fourthDowns,42,2026-09-29T20:12:41Z
2024,West Virginia,Big 12,fourthDownsOpponent,20,2026-09-29T20:12:41Z
2024,West Virginia,Big 12,fumblesLost,5,2026-09-29T20:12:41Z
2024,West Virginia,Big 12,fumblesLostOpponent,6,2026-09-29T20:12:41Z
2024,West Virginia,Big 12,fumblesRecovered,8,2026-09-29T20:12:41Z
2024,West Virginia,Big 12,fumblesRecoveredOpponent,5,2026-09-29T20:12:41Z
2024,West Virginia,Big 12,games,13,2026-09-29T20:12:41Z
2024,West Virginia,Big 12,interceptions,14,2026-09-29T20:12:41Z
2024,West Virginia,Big 12,interceptionsOpponent,5,2026-09-29T20:12:41Z
2024,West Virginia,Big 12,interceptionTDs,1,2026-09-29T20:12:41Z
2024,West Virginia,Big 12,interceptionTDsOpponent,1,2026-09-29T20:12:41Z
2024,West Virginia,Big 12,interceptionYards,101,2026-09-29T20:12:41Z
2024,West Virginia,Big 12,interceptionYardsOpponent,74,2026-09-29T20:12:41Z
2024,West Virginia,Big 12,kickReturns,24,2026-09-29T20:12:41Z
2024,West Virginia,Big 12,kickReturnsOpponent,38,2026-09-29T20:12:41Z
2024,West Virginia,Big 12,kickReturnTDs,0,2026-09-29T20:12:41Z
2024,West Virginia,Big 12,kickReturnTDsOpponent,0,2026-09-29T20:12:41Z
2024,West Virginia,Big 12,kickReturnYards,530,2026-09-29T20:12:41Z
2024,West Virginia,Big 12,kickReturnYardsOpponent,648,2026-09-29T20:12:41Z
2024,West Virginia,Big 12,netPassingYards,2734,2026-09-29T20:12:41Z
2024,West Virginia,Big 12,netPassingYardsOpponent,3521,2026-09-29T20:12:41Z
2024,West Virginia,Big 12,passAttempts,372,2026-09-29T20:12:41Z
2024,West Virginia,Big 12,passAttemptsOpponent,386,2026-09-29T20:12:41Z
2024,West Virginia,Big 12,passCompletions,226,2026-09-29T20:12:41Z
2024,West Virginia,Big 12,passCompletionsOpponent,247,2026-09-29T20:12:41Z
2024,West Virginia,Big 12,passesIntercepted,5,2026-09-29T20:12:41Z
2024,West Virginia,Big 12,passesInterceptedOpponent,14,2026-09-29T20:12:41Z
2024,West Virginia,Big 12,passingTDs,20,2026-09-29T20:12:41Z
2024,West Virginia,Big 12,passingTDsOpponent,26,2026-09-29T20:12:41Z
2024,West Virginia,Big 12,penalties,56,2026-09-29T20:12:41Z
2024,West Virginia,Big 12,penaltiesOpponent,77,2026-09-29T20:12:41Z
2024,West Virginia,Big 12,penaltyYards,441,2026-09-29T20:12:41Z
2024,West Virginia,Big 12,penaltyYardsOpponent,664,2026-09-29T20:12:41Z
2024,West Virginia,Big 12,possessionTime,24650,2026-09-29T20:12:41Z
2024,West Virginia,Big 12,possessionTimeOpponent,22150,2026-09-29T20:12:41Z
2024,West Virginia,Big 12,puntReturns,15,2026-09-29T20:12:41Z
2024,West Virginia,Big 12,puntReturnsOpponent,11,2026-09-29T20:12:41Z
2024,West Virginia,Big 12,puntReturnTDs,0,2026-09-29T20:12:41Z
2024,West Virginia,Big 12,puntReturnTDsOpponent,1,2026-09-29T20:12:41Z
2024,West Virginia,Big 12,puntReturnYards,123,2026-09-29T20:12:41Z
2024,West Virginia,Big 12,puntReturnYardsOpponent,104,2026-09-29T20:12:41Z
2024,West Virginia,Big 12,rushingAttempts,521,2026-09-29T20:12:41Z
2024,West Virginia,Big 12,rushingAttemptsOpponent,438,2026-09-29T20:12:41Z
2024,West Virginia,Big 12,rushingTDs,27,2026-09-29T20:12:41Z
2024,West Virginia,Big 12,rushingTDsOpponent,28,2026-09-29T20:12:41Z
2024,West Virginia,Big 12,rushingYards,2548,2026-09-29T20:12:41Z
2024,West Virginia,Big 12,rushingYardsOpponent,1881,2026-09-29T20:12:41Z
2024,West Virginia,Big 12,sacks,20,2026-09-29T20:12:41Z
2024,West Virginia,Big 12,sacksOpponent,26,2026-09-29T20:12:41Z
2024,West Virginia,Big 12,tacklesForLoss,62,2026-09-29T20:12:41Z
2024,West Virginia,Big 12,tacklesForLossOpponent,74,2026-09-29T20:12:41Z
2024,West Virginia,Big 12,thirdDownConversions,75,2026-09-29T20:12:41Z
2024,West Virginia,Big 12,thirdDownConversionsOpponent,77,2026-09-29T20:12:41Z
2024,West Virginia,Big 12,thirdDowns,179,2026-09-29T20:12:41Z
2024,West Virginia,Big 12,thirdDownsOpponent,157,2026-09-29T20:12:41Z
2024,West Virginia,Big 12,totalYards,5282,2026-09-29T20:12:41Z
2024,West Virginia,Big 12,totalYardsOpponent,5402,2026-09-29T20:12:41Z
2024,West Virginia,Big 12,turnovers,19,2026-09-29T20:12:41Z
2024,West Virginia,Big 12,turnoversOpponent,11,2026-09-29T20:12:41Z
2024,Wisconsin,Big Ten,firstDowns,225,2026-09-29T20:12:41Z
2024,Wisconsin,Big Ten,firstDownsOpponent,219,2026-09-29T20:12:41Z
2024,Wisconsin,Big Ten,fourthDownConversions,12,2026-09-29T20:12:41Z
2024,Wisconsin,Big Ten,fourthDownConversionsOpponent,8,2026-09-29T20:12:41Z
2024,Wisconsin,Big Ten,fourthDowns,20,2026-09-29T20:12:41Z
2024,Wisconsin,Big Ten,fourthDownsOpponent,15,2026-09-29T20:12:41Z
2024,Wisconsin,Big Ten,fumblesLost,8,2026-09-29T20:12:41Z
2024,Wisconsin,Big Ten,fumblesLostOpponent,8,2026-09-29T20:12:41Z
2024,Wisconsin,Big Ten,fumblesRecovered,8,2026-09-29T20:12:41Z
2024,Wisconsin,Big Ten,fumblesRecoveredOpponent,8,2026-09-29T20:12:41Z
2024,Wisconsin,Big Ten,games,12,2026-09-29T20:12:41Z
2024,Wisconsin,Big Ten,interceptions,10,2026-09-29T20:12:41Z
2024,Wisconsin,Big Ten,interceptionsOpponent,4,2026-09-29T20:12:41Z
2024,Wisconsin,Big Ten,interceptionTDs,0,2026-09-29T20:12:41Z
2024,Wisconsin,Big Ten,interceptionTDsOpponent,2,2026-09-29T20:12:41Z
2024,Wisconsin,Big Ten,interceptionYards,18,2026-09-29T20:12:41Z
2024,Wisconsin,Big Ten,interceptionYardsOpponent,134,2026-09-29T20:12:41Z
2024,Wisconsin,Big Ten,kickReturns,26,2026-09-29T20:12:41Z
2024,Wisconsin,Big Ten,kickReturnsOpponent,13,2026-09-29T20:12:41Z
2024,Wisconsin,Big Ten,kickReturnTDs,0,2026-09-29T20:12:41Z
2024,Wisconsin,Big Ten,kickReturnTDsOpponent,0,2026-09-29T20:12:41Z
2024,Wisconsin,Big Ten,kickReturnYards,636,2026-09-29T20:12:41Z
2024,Wisconsin,Big Ten,kickReturnYardsOpponent,262,2026-09-29T20:12:41Z
2024,Wisconsin,Big Ten,netPassingYards,2360,2026-09-29T20:12:41Z
2024,Wisconsin,Big Ten,netPassingYardsOpponent,2132,2026-09-29T20:12:41Z
2024,Wisconsin,Big Ten,passAttempts,365,2026-09-29T20:12:41Z
2024,Wisconsin,Big Ten,passAttemptsOpponent,323,2026-09-29T20:12:41Z
2024,Wisconsin,Big Ten,passCompletions,208,2026-09-29T20:12:41Z
2024,Wisconsin,Big Ten,passCompletionsOpponent,202,2026-09-29T20:12:41Z
2024,Wisconsin,Big Ten,passesIntercepted,4,2026-09-29T20:12:41Z
2024,Wisconsin,Big Ten,passesInterceptedOpponent,10,2026-09-29T20:12:41Z
2024,Wisconsin,Big Ten,passingTDs,14,2026-09-29T20:12:41Z
2024,Wisconsin,Big Ten,passingTDsOpponent,12,2026-09-29T20:12:41Z
2024,Wisconsin,Big Ten,penalties,63,2026-09-29T20:12:41Z
2024,Wisconsin,Big Ten,penaltiesOpponent,68,2026-09-29T20:12:41Z
2024,Wisconsin,Big Ten,penaltyYards,450,2026-09-29T20:12:41Z
2024,Wisconsin,Big Ten,penaltyYardsOpponent,559,2026-09-29T20:12:41Z
2024,Wisconsin,Big Ten,possessionTime,21132,2026-09-29T20:12:41Z
2024,Wisconsin,Big Ten,possessionTimeOpponent,22068,2026-09-29T20:12:41Z
2024,Wisconsin,Big Ten,puntReturns,16,2026-09-29T20:12:41Z
2024,Wisconsin,Big Ten,puntReturnsOpponent,19,2026-09-29T20:12:41Z
2024,Wisconsin,Big Ten,puntReturnTDs,0,2026-09-29T20:12:41Z
2024,Wisconsin,Big Ten,puntReturnTDsOpponent,0,2026-09-29T20:12:41Z
2024,Wisconsin,Big Ten,puntReturnYards,97,2026-09-29T20:12:41Z
2024,Wisconsin,Big Ten,puntReturnYardsOpponent,89,2026-09-29T20:12:41Z
2024,Wisconsin,Big Ten,rushingAttempts,419,2026-09-29T20:12:41Z
2024,Wisconsin,Big Ten,rushingAttemptsOpponent,424,2026-09-29T20:12:41Z
2024,Wisconsin,Big Ten,rushingTDs,19,2026-09-29T20:12:41Z
2024,Wisconsin,Big Ten,rushingTDsOpponent,20,2026-09-29T20:12:41Z
2024,Wisconsin,Big Ten,rushingYards,1849,2026-09-29T20:12:41Z
2024,Wisconsin,Big Ten,rushingYardsOpponent,1988,2026-09-29T20:12:41Z
2024,Wisconsin,Big Ten,sacks,17,2026-09-29T20:12:41Z
2024,Wisconsin,Big Ten,sacksOpponent,13,2026-09-29T20:12:41Z
2024,Wisconsin,Big Ten,tacklesForLoss,42,2026-09-29T20:12:41Z
2024,Wisconsin,Big Ten,tacklesForLossOpponent,47,2026-09-29T20:12:41Z
2024,Wisconsin,Big Ten,thirdDownConversions,57,2026-09-29T20:12:41Z
2024,Wisconsin,Big Ten,thirdDownConversionsOpponent,62,2026-09-29T20:12:41Z
2024,Wisconsin,Big Ten,thirdDowns,159,2026-09-29T20:12:41Z
2024,Wisconsin,Big Ten,thirdDownsOpponent,158,2026-09-29T20:12:41Z
2024,Wisconsin,Big Ten,totalYards,4209,2026-09-29T20:12:41Z
2024,Wisconsin,Big Ten,totalYardsOpponent,4120,2026-09-29T20:12:41Z
2024,Wisconsin,Big Ten,turnovers,18,2026-09-29T20:12:41Z
2024,Wisconsin,Big Ten,turnoversOpponent,12,2026-09-29T20:12:41Z
2024,Wyoming,Mountain West,firstDowns,208,2026-09-29T20:12:41Z
2024,Wyoming,Mountain West,firstDownsOpponent,239,2026-09-29T20:12:41Z
2024,Wyoming,Mountain West,fourthDownConversions,15,2026-09-29T20:12:41Z
2024,Wyoming,Mountain West,fourthDownConversionsOpponent,11,2026-09-29T20:12:41Z
2024,Wyoming,Mountain West,fourthDowns,25,2026-09-29T20:12:41Z
2024,Wyoming,Mountain West,fourthDownsOpponent,22,2026-09-29T20:12:41Z
2024,Wyoming,Mountain West,fumblesLost,5,2026-09-29T20:12:41Z
2024,Wyoming,Mountain West,fumblesLostOpponent,5,2026-09-29T20:12:41Z
2024,Wyoming,Mountain West,fumblesRecovered,5,2026-09-29T20:12:41Z
2024,Wyoming,Mountain West,fumblesRecoveredOpponent,5,2026-09-29T20:12:41Z
2024,Wyoming,Mountain West,games,12,2026-09-29T20:12:41Z
2024,Wyoming,Mountain West,interceptions,11,2026-09-29T20:12:41Z
2024,Wyoming,Mountain West,interceptionsOpponent,6,2026-09-29T20:12:41Z
2024,Wyoming,Mountain West,interceptionTDs,1,2026-09-29T20:12:41Z
2024,Wyoming,Mountain West,interceptionTDsOpponent,2,2026-09-29T20:12:41Z
2024,Wyoming,Mountain West,interceptionYards,37,2026-09-29T20:12:41Z
2024,Wyoming,Mountain West,interceptionYardsOpponent,142,2026-09-29T20:12:41Z
2024,Wyoming,Mountain West,kickReturns,21,2026-09-29T20:12:41Z
2024,Wyoming,Mountain West,kickReturnsOpponent,19,2026-09-29T20:12:41Z
2024,Wyoming,Mountain West,kickReturnTDs,1,2026-09-29T20:12:41Z
2024,Wyoming,Mountain West,kickReturnTDsOpponent,1,2026-09-29T20:12:41Z
2024,Wyoming,Mountain West,kickReturnYards,532,2026-09-29T20:12:41Z
2024,Wyoming,Mountain West,kickReturnYardsOpponent,434,2026-09-29T20:12:41Z
2024,Wyoming,Mountain West,netPassingYards,2263,2026-09-29T20:12:41Z
2024,Wyoming,Mountain West,netPassingYardsOpponent,2627,2026-09-29T20:12:41Z
2024,Wyoming,Mountain West,passAttempts,347,2026-09-29T20:12:41Z
2024,Wyoming,Mountain West,passAttemptsOpponent,342,2026-09-29T20:12:41Z
2024,Wyoming,Mountain West,passCompletions,181,2026-09-29T20:12:41Z
2024,Wyoming,Mountain West,passCompletionsOpponent,211,2026-09-29T20:12:41Z
2024,Wyoming,Mountain West,passesIntercepted,6,2026-09-29T20:12:41Z
2024,Wyoming,Mountain West,passesInterceptedOpponent,11,2026-09-29T20:12:41Z
2024,Wyoming,Mountain West,passingTDs,11,2026-09-29T20:12:41Z
2024,Wyoming,Mountain West,passingTDsOpponent,16,2026-09-29T20:12:41Z
2024,Wyoming,Mountain West,penalties,66,2026-09-29T20:12:41Z
2024,Wyoming,Mountain West,penaltiesOpponent,85,2026-09-29T20:12:41Z
2024,Wyoming,Mountain West,penaltyYards,595,2026-09-29T20:12:41Z
2024,Wyoming,Mountain West,penaltyYardsOpponent,706,2026-09-29T20:12:41Z
2024,Wyoming,Mountain West,possessionTime,22225,2026-09-29T20:12:41Z
2024,Wyoming,Mountain West,possessionTimeOpponent,20975,2026-09-29T20:12:41Z
2024,Wyoming,Mountain West,puntReturns,10,2026-09-29T20:12:41Z
2024,Wyoming,Mountain West,puntReturnsOpponent,19,2026-09-29T20:12:41Z
2024,Wyoming,Mountain West,puntReturnTDs,0,2026-09-29T20:12:41Z
2024,Wyoming,Mountain West,puntReturnTDsOpponent,0,2026-09-29T20:12:41Z
2024,Wyoming,Mountain West,puntReturnYards,29,2026-09-29T20:12:41Z
2024,Wyoming,Mountain West,puntReturnYardsOpponent,102,2026-09-29T20:12:41Z
2024,Wyoming,Mountain West,rushingAttempts,458,2026-09-29T20:12:41Z
2024,Wyoming,Mountain West,rushingAttemptsOpponent,420,2026-09-29T20:12:41Z
2024,Wyoming,Mountain West,rushingTDs,14,2026-09-29T20:12:41Z
2024,Wyoming,Mountain West,rushingTDsOpponent,21,2026-09-29T20:12:41Z
2024,Wyoming,Mountain West,rushingYards,1657,2026-09-29T20:12:41Z
2024,Wyoming,Mountain West,rushingYardsOpponent,2300,2026-09-29T20:12:41Z
2024,Wyoming,Mountain West,sacks,15,2026-09-29T20:12:41Z
2024,Wyoming,Mountain West,sacksOpponent,27,2026-09-29T20:12:41Z
2024,Wyoming,Mountain West,tacklesForLoss,60,2026-09-29T20:12:41Z
2024,Wyoming,Mountain West,tacklesForLossOpponent,69,2026-09-29T20:12:41Z
2024,Wyoming,Mountain West,thirdDownConversions,66,2026-09-29T20:12:41Z
2024,Wyoming,Mountain West,thirdDownConversionsOpponent,37,2026-09-29T20:12:41Z
2024,Wyoming,Mountain West,thirdDowns,181,2026-09-29T20:12:41Z
2024,Wyoming,Mountain West,thirdDownsOpponent,144,2026-09-29T20:12:41Z
2024,Wyoming,Mountain West,totalYards,3920,2026-09-29T20:12:41Z
2024,Wyoming,Mountain West,totalYardsOpponent,4927,2026-09-29T20:12:41Z
2024,Wyoming,Mountain West,turnovers,16,2026-09-29T20:12:41Z
2024,Wyoming,Mountain West,turnoversOpponent,11,2026-09-29T20:12:41Z
