season,week,league_id,league_name,roster_id,owner_id,owner_name,sleeper_id,gsis_id,espn_id,name,position,team,started,slot,points,fetched_at
2026,1,1312585008447262720,Where You At?,1,473346537234100224,MrMasculinity,10236,00-0038933,,Dalton Kincaid,TE,BUF,0,,15.5,2026-10-10T01:45:16Z
2026,1,1312585008447262720,Where You At?,1,473346537234100224,MrMasculinity,1052,,,Demario Davis,LB,NYJ,0,,7.0,2026-10-10T01:45:16Z
2026,1,1312585008447262720,Where You At?,1,473346537234100224,MrMasculinity,11563,00-0039732,,Bo Nix,QB,DEN,0,,5.44,2026-10-10T01:45:16Z
2026,1,1312585008447262720,Where You At?,1,473346537234100224,MrMasculinity,11687,,,Edgerrin Cooper,LB,GB,1,LB,15.5,2026-10-10T01:45:16Z
2026,1,1312585008447262720,Where You At?,1,473346537234100224,MrMasculinity,12502,00-0040584,,Gunnar Helm,TE,TEN,0,,4.8,2026-10-10T01:45:16Z
2026,1,1312585008447262720,Where You At?,1,473346537234100224,MrMasculinity,12508,00-0040691,,Jaxson Dart,QB,NYG,1,QB,26.6,2026-10-10T01:45:16Z
2026,1,1312585008447262720,Where You At?,1,473346537234100224,MrMasculinity,13274,00-0041489,,Germie Bernard,WR,PIT,0,,0.0,2026-10-10T01:45:16Z
2026,1,1312585008447262720,Where You At?,1,473346537234100224,MrMasculinity,13337,00-0041013,,Emmett Johnson,RB,KC,0,,7.8,2026-10-10T01:45:16Z
2026,1,1312585008447262720,Where You At?,1,473346537234100224,MrMasculinity,13377,,,Arvell Reese,LB,NYG,0,,8.0,2026-10-10T01:45:16Z
2026,1,1312585008447262720,Where You At?,1,473346537234100224,MrMasculinity,2020,,,Cairo Santos,K,CHI,1,K,12.0,2026-10-10T01:45:16Z
2026,1,1312585008447262720,Where You At?,1,473346537234100224,MrMasculinity,3294,00-0033077,,Dak Prescott,QB,DAL,0,,14.4,2026-10-10T01:45:16Z
2026,1,1312585008447262720,Where You At?,1,473346537234100224,MrMasculinity,4037,00-0033921,,Chris Godwin Jr.,WR,TB,0,,6.3,2026-10-10T01:45:16Z
2026,1,1312585008447262720,Where You At?,1,473346537234100224,MrMasculinity,4081,,,Budda Baker,DB,ARI,0,,7.5,2026-10-10T01:45:16Z
2026,1,1312585008447262720,Where You At?,1,473346537234100224,MrMasculinity,4199,00-0033293,,Aaron Jones,RB,MIN,0,,10.0,2026-10-10T01:45:16Z
2026,1,1312585008447262720,Where You At?,1,473346537234100224,MrMasculinity,5001,00-0034383,,Dalton Schultz,TE,HOU,0,,5.5,2026-10-10T01:45:16Z
2026,1,1312585008447262720,Where You At?,1,473346537234100224,MrMasculinity,5041,,,Fred Warner,LB,SF,0,,13.0,2026-10-10T01:45:16Z
2026,1,1312585008447262720,Where You At?,1,473346537234100224,MrMasculinity,5297,,,Zach Sieler,DT,MIA,1,DL,6.5,2026-10-10T01:45:16Z
2026,1,1312585008447262720,Where You At?,1,473346537234100224,MrMasculinity,5332,,,Foyesade Oluokun,LB,JAX,0,,10.5,2026-10-10T01:45:16Z
2026,1,1312585008447262720,Where You At?,1,473346537234100224,MrMasculinity,5841,,,Ed Oliver,DT,BUF,1,DL,8.5,2026-10-10T01:45:16Z
2026,1,1312585008447262720,Where You At?,1,473346537234100224,MrMasculinity,5872,00-0035719,,Deebo Samuel Sr.,WR,SF,0,,15.0,2026-10-10T01:45:16Z
2026,1,1312585008447262720,Where You At?,1,473346537234100224,MrMasculinity,5892,00-0035685,,David Montgomery,RB,HOU,1,FLEX,27.4,2026-10-10T01:45:16Z
2026,1,1312585008447262720,Where You At?,1,473346537234100224,MrMasculinity,5927,00-0035659,,Terry McLaurin,WR,WAS,1,WR,2.4,2026-10-10T01:45:16Z
2026,1,1312585008447262720,Where You At?,1,473346537234100224,MrMasculinity,6650,,,Chase McLaughlin,K,TB,0,,11.0,2026-10-10T01:45:16Z
2026,1,1312585008447262720,Where You At?,1,473346537234100224,MrMasculinity,6790,00-0036275,,D'Andre Swift,RB,CHI,1,RB,31.9,2026-10-10T01:45:16Z
2026,1,1312585008447262720,Where You At?,1,473346537234100224,MrMasculinity,7523,00-0036971,,Trevor Lawrence,QB,JAX,0,,26.1,2026-10-10T01:45:16Z
2026,1,1312585008447262720,Where You At?,1,473346537234100224,MrMasculinity,7553,00-0036970,,Kyle Pitts,TE,ATL,1,TE,0.0,2026-10-10T01:45:16Z
2026,1,1312585008447262720,Where You At?,1,473346537234100224,MrMasculinity,7571,00-0036550,,Rashod Bateman,WR,BAL,0,,0.0,2026-10-10T01:45:16Z
2026,1,1312585008447262720,Where You At?,1,473346537234100224,MrMasculinity,8151,00-0038134,,Kenneth Walker III,RB,KC,1,RB,32.6,2026-10-10T01:45:16Z
2026,1,1312585008447262720,Where You At?,1,473346537234100224,MrMasculinity,8183,00-0037834,,Brock Purdy,QB,SF,0,,21.1,2026-10-10T01:45:16Z
2026,1,1312585008447262720,Where You At?,1,473346537234100224,MrMasculinity,8266,,,Quay Walker,LB,LV,0,,6.0,2026-10-10T01:45:16Z
2026,1,1312585008447262720,Where You At?,1,473346537234100224,MrMasculinity,8392,,,Nick Cross,DB,WAS,1,DB,10.5,2026-10-10T01:45:16Z
2026,1,1312585008447262720,Where You At?,1,473346537234100224,MrMasculinity,9480,00-0038935,,Brenton Strange,TE,JAX,0,,9.3,2026-10-10T01:45:16Z
2026,1,1312585008447262720,Where You At?,1,473346537234100224,MrMasculinity,9487,00-0038606,,Parker Washington,WR,JAX,1,WR,16.8,2026-10-10T01:45:16Z
2026,1,1312585008447262720,Where You At?,1,473346537234100224,MrMasculinity,9488,00-0038543,,Jaxon Smith-Njigba,WR,SEA,1,WR,22.2,2026-10-10T01:45:16Z
2026,1,1312585008447262720,Where You At?,2,306149492955049984,FYFSimon,10235,00-0039021,,Roschon Johnson,RB,CHI,0,,0.0,2026-10-10T01:45:16Z
2026,1,1312585008447262720,Where You At?,2,306149492955049984,FYFSimon,10859,00-0039065,,Sam LaPorta,TE,DET,1,TE,7.3,2026-10-10T01:45:16Z
2026,1,1312585008447262720,Where You At?,2,306149492955049984,FYFSimon,10905,,,Brian Branch,DB,DET,0,,0.0,2026-10-10T01:45:16Z
2026,1,1312585008447262720,Where You At?,2,306149492955049984,FYFSimon,11565,00-0039923,,J.J. McCarthy,QB,NYG,0,,0.0,2026-10-10T01:45:16Z
2026,1,1312585008447262720,Where You At?,2,306149492955049984,FYFSimon,11584,00-0039361,,Bucky Irving,RB,TB,1,RB,16.8,2026-10-10T01:45:16Z
2026,1,1312585008447262720,Where You At?,2,306149492955049984,FYFSimon,11586,00-0039738,,Blake Corum,RB,LA,0,,5.4,2026-10-10T01:45:16Z
2026,1,1312585008447262720,Where You At?,2,306149492955049984,FYFSimon,11705,,,Tykee Smith,DB,TB,1,DB,4.5,2026-10-10T01:45:16Z
2026,1,1312585008447262720,Where You At?,2,306149492955049984,FYFSimon,11786,,,Cam Little,K,JAX,1,K,12.0,2026-10-10T01:45:16Z
2026,1,1312585008447262720,Where You At?,2,306149492955049984,FYFSimon,12476,00-0040202,,Devin Neal,RB,MIN,0,,0.0,2026-10-10T01:45:16Z
2026,1,1312585008447262720,Where You At?,2,306149492955049984,FYFSimon,12512,00-0040784,,Quinshon Judkins,RB,CLE,0,,6.0,2026-10-10T01:45:16Z
2026,1,1312585008447262720,Where You At?,2,306149492955049984,FYFSimon,12522,00-0040676,,Cam Ward,QB,TEN,0,,11.7,2026-10-10T01:45:16Z
2026,1,1312585008447262720,Where You At?,2,306149492955049984,FYFSimon,12578,,,Carson Schwesinger,LB,CLE,1,LB,9.5,2026-10-10T01:45:16Z
2026,1,1312585008447262720,Where You At?,2,306149492955049984,FYFSimon,13294,00-0040867,,Makai Lemon,WR,PHI,0,,1.0,2026-10-10T01:45:16Z
2026,1,1312585008447262720,Where You At?,2,306149492955049984,FYFSimon,13345,00-0041496,,Jonah Coleman,RB,DEN,0,,0.0,2026-10-10T01:45:16Z
2026,1,1312585008447262720,Where You At?,2,306149492955049984,FYFSimon,2216,00-0031408,,Mike Evans,WR,SF,0,,13.9,2026-10-10T01:45:16Z
2026,1,1312585008447262720,Where You At?,2,306149492955049984,FYFSimon,2449,00-0031588,,Stefon Diggs,WR,WAS,0,,13.5,2026-10-10T01:45:16Z
2026,1,1312585008447262720,Where You At?,2,306149492955049984,FYFSimon,421,00-0026498,,Matthew Stafford,QB,LA,0,,4.1,2026-10-10T01:45:16Z
2026,1,1312585008447262720,Where You At?,2,306149492955049984,FYFSimon,4217,00-0033288,,George Kittle,TE,SF,0,,3.2,2026-10-10T01:45:16Z
2026,1,1312585008447262720,Where You At?,2,306149492955049984,FYFSimon,4983,00-0034827,,DJ Moore,WR,BUF,1,WR,18.5,2026-10-10T01:45:16Z
2026,1,1312585008447262720,Where You At?,2,306149492955049984,FYFSimon,4984,00-0034857,,Josh Allen,QB,BUF,1,QB,35.66,2026-10-10T01:45:16Z
2026,1,1312585008447262720,Where You At?,2,306149492955049984,FYFSimon,6183,,,Andrew Van Ginkel,LB,MIN,1,DL,18.5,2026-10-10T01:45:16Z
2026,1,1312585008447262720,Where You At?,2,306149492955049984,FYFSimon,6768,00-0036212,,Tua Tagovailoa,QB,ATL,0,,0.0,2026-10-10T01:45:16Z
2026,1,1312585008447262720,Where You At?,2,306149492955049984,FYFSimon,6786,00-0036358,,CeeDee Lamb,WR,DAL,1,WR,12.9,2026-10-10T01:45:16Z
2026,1,1312585008447262720,Where You At?,2,306149492955049984,FYFSimon,6865,00-0036244,,Colby Parkinson,TE,LA,0,,1.1,2026-10-10T01:45:16Z
2026,1,1312585008447262720,Where You At?,2,306149492955049984,FYFSimon,7002,00-0036040,,Juwan Johnson,TE,NO,0,,12.9,2026-10-10T01:45:16Z
2026,1,1312585008447262720,Where You At?,2,306149492955049984,FYFSimon,7021,00-0036139,,Rico Dowdle,RB,PIT,0,,3.1,2026-10-10T01:45:16Z
2026,1,1312585008447262720,Where You At?,2,306149492955049984,FYFSimon,7588,00-0036997,,Javonte Williams,RB,DAL,1,FLEX,21.7,2026-10-10T01:45:16Z
2026,1,1312585008447262720,Where You At?,2,306149492955049984,FYFSimon,7627,,,Greg Rousseau,DE,BUF,1,DL,30.0,2026-10-10T01:45:16Z
2026,1,1312585008447262720,Where You At?,2,306149492955049984,FYFSimon,7640,,,Micah Parsons,LB,GB,0,,0.0,2026-10-10T01:45:16Z
2026,1,1312585008447262720,Where You At?,2,306149492955049984,FYFSimon,7839,,,Evan McPherson,K,CIN,0,,20.0,2026-10-10T01:45:16Z
2026,1,1312585008447262720,Where You At?,2,306149492955049984,FYFSimon,8142,00-0037664,,Alec Pierce,WR,IND,0,,8.1,2026-10-10T01:45:16Z
2026,1,1312585008447262720,Where You At?,2,306149492955049984,FYFSimon,8148,00-0037240,,Jameson Williams,WR,DET,1,WR,6.5,2026-10-10T01:45:16Z
2026,1,1312585008447262720,Where You At?,2,306149492955049984,FYFSimon,8150,00-0037840,,Kyren Williams,RB,LA,1,RB,14.0,2026-10-10T01:45:16Z
2026,1,1312585008447262720,Where You At?,2,306149492955049984,FYFSimon,8385,,,George Karlaftis,DL,KC,0,,5.0,2026-10-10T01:45:16Z
2026,1,1312585008447262720,Where You At?,2,306149492955049984,FYFSimon,8408,00-0037525,,Jordan Mason,RB,MIN,0,,11.9,2026-10-10T01:45:16Z
2026,1,1312585008447262720,Where You At?,2,306149492955049984,FYFSimon,9500,00-0038997,,Josh Downs,WR,IND,0,,5.7,2026-10-10T01:45:16Z
2026,1,1312585008447262720,Where You At?,2,306149492955049984,FYFSimon,9753,00-0039165,,Zach Charbonnet,RB,SEA,0,,0.0,2026-10-10T01:45:16Z
2026,1,1312585008447262720,Where You At?,3,735940870234345472,zacquem,10222,00-0039146,,Jayden Reed,WR,GB,0,,3.5,2026-10-10T01:45:16Z
2026,1,1312585008447262720,Where You At?,3,735940870234345472,zacquem,10880,,,Jack Campbell,LB,DET,1,LB,8.0,2026-10-10T01:45:16Z
2026,1,1312585008447262720,Where You At?,3,735940870234345472,zacquem,10888,,,Jalen Carter,DL,PHI,0,,8.0,2026-10-10T01:45:16Z
2026,1,1312585008447262720,Where You At?,3,735940870234345472,zacquem,10891,,,Devon Witherspoon,DB,SEA,0,,3.5,2026-10-10T01:45:16Z
2026,1,1312585008447262720,Where You At?,3,735940870234345472,zacquem,10940,,,Nick Herbig,LB,PIT,0,,2.5,2026-10-10T01:45:16Z
2026,1,1312585008447262720,Where You At?,3,735940870234345472,zacquem,11559,00-0039917,,Michael Penix Jr.,QB,ATL,0,,0.0,2026-10-10T01:45:16Z
2026,1,1312585008447262720,Where You At?,3,735940870234345472,zacquem,11583,00-0039344,,Jonathon Brooks,RB,CAR,0,,6.7,2026-10-10T01:45:16Z
2026,1,1312585008447262720,Where You At?,3,735940870234345472,zacquem,11628,00-0039849,,Marvin Harrison Jr.,WR,ARI,0,,3.8,2026-10-10T01:45:16Z
2026,1,1312585008447262720,Where You At?,3,735940870234345472,zacquem,11678,,,Cooper DeJean,DB,PHI,0,,7.0,2026-10-10T01:45:16Z
2026,1,1312585008447262720,Where You At?,3,735940870234345472,zacquem,12498,00-0040736,,Mason Taylor,TE,NYJ,0,,0.8,2026-10-10T01:45:16Z
2026,1,1312585008447262720,Where You At?,3,735940870234345472,zacquem,12518,00-0040128,,Tyler Warren,TE,IND,1,TE,8.8,2026-10-10T01:45:16Z
2026,1,1312585008447262720,Where You At?,3,735940870234345472,zacquem,12526,00-0040124,,Tetairoa McMillan,WR,CAR,1,WR,8.0,2026-10-10T01:45:16Z
2026,1,1312585008447262720,Where You At?,3,735940870234345472,zacquem,13279,00-0041438,,Carnell Tate,WR,TEN,1,FLEX,5.8,2026-10-10T01:45:16Z
2026,1,1312585008447262720,Where You At?,3,735940870234345472,zacquem,13349,00-0041483,,Eli Stowers,TE,PHI,0,,0.0,2026-10-10T01:45:16Z
2026,1,1312585008447262720,Where You At?,3,735940870234345472,zacquem,13371,,,Dillon Thieneman,DB,CHI,1,DB,11.0,2026-10-10T01:45:16Z
2026,1,1312585008447262720,Where You At?,3,735940870234345472,zacquem,13375,,,Sonny Styles,LB,WAS,0,,12.5,2026-10-10T01:45:16Z
2026,1,1312585008447262720,Where You At?,3,735940870234345472,zacquem,4032,,,Jonathan Allen,DT,CIN,0,,9.5,2026-10-10T01:45:16Z
2026,1,1312585008447262720,Where You At?,3,735940870234345472,zacquem,4066,00-0033881,,Evan Engram,TE,DEN,0,,12.3,2026-10-10T01:45:16Z
2026,1,1312585008447262720,Where You At?,3,735940870234345472,zacquem,4195,,,Jake Elliott,K,PHI,1,K,6.0,2026-10-10T01:45:16Z
2026,1,1312585008447262720,Where You At?,3,735940870234345472,zacquem,4943,00-0034869,,Sam Darnold,QB,SEA,0,,0.52,2026-10-10T01:45:16Z
2026,1,1312585008447262720,Where You At?,3,735940870234345472,zacquem,5862,,,Brian Burns,DE,NYG,1,DL,2.0,2026-10-10T01:45:16Z
2026,1,1312585008447262720,Where You At?,3,735940870234345472,zacquem,5912,,,Carl Granderson,DE,NO,1,DL,9.0,2026-10-10T01:45:16Z
2026,1,1312585008447262720,Where You At?,3,735940870234345472,zacquem,6302,,,Kaden Elliss,LB,NO,0,,10.0,2026-10-10T01:45:16Z
2026,1,1312585008447262720,Where You At?,3,735940870234345472,zacquem,6770,00-0036442,,Joe Burrow,QB,CIN,1,QB,14.16,2026-10-10T01:45:16Z
2026,1,1312585008447262720,Where You At?,3,735940870234345472,zacquem,7526,00-0036613,,Jaylen Waddle,WR,DEN,1,WR,0.7,2026-10-10T01:45:16Z
2026,1,1312585008447262720,Where You At?,3,735940870234345472,zacquem,7715,,,Cam Bynum,DB,IND,0,,7.0,2026-10-10T01:45:16Z
2026,1,1312585008447262720,Where You At?,3,735940870234345472,zacquem,7765,,,Jonathon Cooper,DL,DEN,0,,0.0,2026-10-10T01:45:16Z
2026,1,1312585008447262720,Where You At?,3,735940870234345472,zacquem,8112,00-0037238,,Drake London,WR,ATL,1,WR,4.5,2026-10-10T01:45:16Z
2026,1,1312585008447262720,Where You At?,3,735940870234345472,zacquem,8119,00-0037741,,Jahan Dotson,WR,ATL,0,,2.4,2026-10-10T01:45:16Z
2026,1,1312585008447262720,Where You At?,3,735940870234345472,zacquem,8136,00-0037256,,Rachaad White,RB,WAS,0,,3.7,2026-10-10T01:45:16Z
2026,1,1312585008447262720,Where You At?,3,735940870234345472,zacquem,8290,,,Sauce Gardner,DB,IND,0,,1.0,2026-10-10T01:45:16Z
2026,1,1312585008447262720,Where You At?,3,735940870234345472,zacquem,8311,,,Terrel Bernard,LB,BUF,0,,13.0,2026-10-10T01:45:16Z
2026,1,1312585008447262720,Where You At?,3,735940870234345472,zacquem,8329,,,Devin Lloyd,LB,CAR,0,,11.0,2026-10-10T01:45:16Z
2026,1,1312585008447262720,Where You At?,3,735940870234345472,zacquem,9221,00-0039139,,Jahmyr Gibbs,RB,DET,1,RB,31.1,2026-10-10T01:45:16Z
2026,1,1312585008447262720,Where You At?,3,735940870234345472,zacquem,9226,00-0039040,,De'Von Achane,RB,MIA,1,RB,8.6,2026-10-10T01:45:16Z
2026,1,1312585008447262720,Where You At?,3,735940870234345472,zacquem,9756,00-0038994,,Jordan Addison,WR,MIN,0,,0.0,2026-10-10T01:45:16Z
2026,1,1312585008447262720,Where You At?,4,473347412346269696,tmwrigh,10949,,,Chamarri Conner,DB,KC,1,DB,0.0,2026-10-10T01:45:16Z
2026,1,1312585008447262720,Where You At?,4,473347412346269696,tmwrigh,11575,00-0039875,,Ray Davis,RB,BUF,0,,0.3,2026-10-10T01:45:16Z
2026,1,1312585008447262720,Where You At?,4,473347412346269696,tmwrigh,11604,00-0039338,,Brock Bowers,TE,LV,0,,0.0,2026-10-10T01:45:16Z
2026,1,1312585008447262720,Where You At?,4,473347412346269696,tmwrigh,11637,00-0039901,,Keon Coleman,WR,BUF,0,,0.6,2026-10-10T01:45:16Z
2026,1,1312585008447262720,Where You At?,4,473347412346269696,tmwrigh,11638,00-0039916,,Ricky Pearsall,WR,SF,0,,0.0,2026-10-10T01:45:16Z
2026,1,1312585008447262720,Where You At?,4,473347412346269696,tmwrigh,11643,00-0039874,,Jaylen Wright,RB,MIA,0,,-0.1,2026-10-10T01:45:16Z
2026,1,1312585008447262720,Where You At?,4,473347412346269696,tmwrigh,12481,00-0040715,,Cam Skattebo,RB,NYG,1,FLEX,14.1,2026-10-10T01:45:16Z
2026,1,1312585008447262720,Where You At?,4,473347412346269696,tmwrigh,12487,00-0040737,,Terrance Ferguson,TE,LA,0,,0.0,2026-10-10T01:45:16Z
2026,1,1312585008447262720,Where You At?,4,473347412346269696,tmwrigh,12490,00-0040719,,Bhayshul Tuten,RB,JAX,0,,9.3,2026-10-10T01:45:16Z
2026,1,1312585008447262720,Where You At?,4,473347412346269696,tmwrigh,12501,00-0040667,,Matthew Golden,WR,GB,0,,12.5,2026-10-10T01:45:16Z
2026,1,1312585008447262720,Where You At?,4,473347412346269696,tmwrigh,12527,00-0040122,,Ashton Jeanty,RB,LV,0,,29.7,2026-10-10T01:45:16Z
2026,1,1312585008447262720,Where You At?,4,473347412346269696,tmwrigh,13293,00-0040870,,Ja'Kobi Lane,WR,BAL,0,,1.6,2026-10-10T01:45:16Z
2026,1,1312585008447262720,Where You At?,4,473347412346269696,tmwrigh,13296,00-0041523,,Caleb Douglas,WR,MIA,0,,12.9,2026-10-10T01:45:16Z
2026,1,1312585008447262720,Where You At?,4,473347412346269696,tmwrigh,13311,00-0041525,,Chris Bell,WR,MIA,0,,3.0,2026-10-10T01:45:16Z
2026,1,1312585008447262720,Where You At?,4,473347412346269696,tmwrigh,13413,00-0040890,,Cyrus Allen,WR,KC,0,,0.0,2026-10-10T01:45:16Z
2026,1,1312585008447262720,Where You At?,4,473347412346269696,tmwrigh,13414,00-0041052,,Kaelon Black,RB,SF,0,,7.5,2026-10-10T01:45:16Z
2026,1,1312585008447262720,Where You At?,4,473347412346269696,tmwrigh,4881,00-0034796,,Lamar Jackson,QB,BAL,1,QB,24.96,2026-10-10T01:45:16Z
2026,1,1312585008447262720,Where You At?,4,473347412346269696,tmwrigh,4967,,,Bradley Chubb,LB,BUF,0,,4.0,2026-10-10T01:45:16Z
2026,1,1312585008447262720,Where You At?,4,473347412346269696,tmwrigh,5045,00-0034348,,Courtland Sutton,WR,DEN,0,,3.1,2026-10-10T01:45:16Z
2026,1,1312585008447262720,Where You At?,4,473347412346269696,tmwrigh,5816,,,Nick Bosa,DE,SF,1,DL,8.5,2026-10-10T01:45:16Z
2026,1,1312585008447262720,Where You At?,4,473347412346269696,tmwrigh,5840,,,Josh Hines-Allen,DE,JAX,1,DL,19.5,2026-10-10T01:45:16Z
2026,1,1312585008447262720,Where You At?,4,473347412346269696,tmwrigh,5846,00-0035640,,DK Metcalf,WR,PIT,1,WR,6.0,2026-10-10T01:45:16Z
2026,1,1312585008447262720,Where You At?,4,473347412346269696,tmwrigh,6828,00-0036265,,AJ Dillon,RB,CAR,0,,2.8,2026-10-10T01:45:16Z
2026,1,1312585008447262720,Where You At?,4,473347412346269696,tmwrigh,7611,00-0036875,,Rhamondre Stevenson,RB,NE,1,RB,12.0,2026-10-10T01:45:16Z
2026,1,1312585008447262720,Where You At?,4,473347412346269696,tmwrigh,8132,00-0037263,,Tyler Allgeier,RB,ARI,0,,8.0,2026-10-10T01:45:16Z
2026,1,1312585008447262720,Where You At?,4,473347412346269696,tmwrigh,8134,00-0037261,,Khalil Shakir,WR,BUF,0,,7.0,2026-10-10T01:45:16Z
2026,1,1312585008447262720,Where You At?,4,473347412346269696,tmwrigh,8138,00-0037248,,James Cook,RB,BUF,1,RB,8.4,2026-10-10T01:45:16Z
2026,1,1312585008447262720,Where You At?,4,473347412346269696,tmwrigh,8161,00-0038128,,Malik Willis,QB,MIA,0,,16.7,2026-10-10T01:45:16Z
2026,1,1312585008447262720,Where You At?,4,473347412346269696,tmwrigh,8205,00-0037197,,Isiah Pacheco,RB,DET,0,,0.0,2026-10-10T01:45:16Z
2026,1,1312585008447262720,Where You At?,4,473347412346269696,tmwrigh,8259,,,Cameron Dicker,K,LAC,1,K,2.0,2026-10-10T01:45:16Z
2026,1,1312585008447262720,Where You At?,4,473347412346269696,tmwrigh,8659,,,Nate Landman,LB,LAR,1,LB,8.5,2026-10-10T01:45:16Z
2026,1,1312585008447262720,Where You At?,4,473347412346269696,tmwrigh,9228,00-0039150,,Bryce Young,QB,CAR,0,,31.44,2026-10-10T01:45:16Z
2026,1,1312585008447262720,Where You At?,4,473347412346269696,tmwrigh,9482,00-0039066,,Michael Mayer,TE,LV,1,TE,6.2,2026-10-10T01:45:16Z
2026,1,1312585008447262720,Where You At?,4,473347412346269696,tmwrigh,9493,00-0039075,,Puka Nacua,WR,LA,1,WR,10.9,2026-10-10T01:45:16Z
2026,1,1312585008447262720,Where You At?,4,473347412346269696,tmwrigh,9754,00-0038544,,Quentin Johnston,WR,LAC,1,WR,2.7,2026-10-10T01:45:16Z
2026,1,1312585008447262720,Where You At?,5,300320148349276160,FYFJohnLuke,10213,00-0038563,,Tre Tucker,WR,LV,0,,3.7,2026-10-10T01:45:16Z
2026,1,1312585008447262720,Where You At?,5,300320148349276160,FYFJohnLuke,10232,00-0038559,,Michael Wilson,WR,ARI,0,,8.1,2026-10-10T01:45:16Z
2026,1,1312585008447262720,Where You At?,5,300320148349276160,FYFJohnLuke,11624,00-0039894,,Xavier Worthy,WR,KC,0,,3.3,2026-10-10T01:45:16Z
2026,1,1312585008447262720,Where You At?,5,300320148349276160,FYFJohnLuke,11625,00-0039890,,Adonai Mitchell,WR,NYJ,0,,7.5,2026-10-10T01:45:16Z
2026,1,1312585008447262720,Where You At?,5,300320148349276160,FYFJohnLuke,11627,00-0039868,,Troy Franklin,WR,DEN,0,,0.5,2026-10-10T01:45:16Z
2026,1,1312585008447262720,Where You At?,5,300320148349276160,FYFJohnLuke,12015,,,Harrison Mevis,K,LAR,0,,1.0,2026-10-10T01:45:16Z
2026,1,1312585008447262720,Where You At?,5,300320148349276160,FYFJohnLuke,12469,00-0040162,,Dylan Sampson,RB,CLE,0,,0.0,2026-10-10T01:45:16Z
2026,1,1312585008447262720,Where You At?,5,300320148349276160,FYFJohnLuke,12504,00-0040142,,Kaleb Johnson,RB,GB,0,,0.0,2026-10-10T01:45:16Z
2026,1,1312585008447262720,Where You At?,5,300320148349276160,FYFJohnLuke,12506,00-0040663,,Harold Fannin Jr.,TE,CLE,0,,3.1,2026-10-10T01:45:16Z
2026,1,1312585008447262720,Where You At?,5,300320148349276160,FYFJohnLuke,12536,00-0040138,,Jaylin Noel,WR,HOU,0,,6.3,2026-10-10T01:45:16Z
2026,1,1312585008447262720,Where You At?,5,300320148349276160,FYFJohnLuke,12574,,,Abdul Carter,DL,NYG,1,DL,2.5,2026-10-10T01:45:16Z
2026,1,1312585008447262720,Where You At?,5,300320148349276160,FYFJohnLuke,12711,,,Tyler Loop,K,BAL,1,K,15.0,2026-10-10T01:45:16Z
2026,1,1312585008447262720,Where You At?,5,300320148349276160,FYFJohnLuke,13287,00-0041027,,Jeremiyah Love,RB,ARI,1,RB,12.0,2026-10-10T01:45:16Z
2026,1,1312585008447262720,Where You At?,5,300320148349276160,FYFJohnLuke,13340,,,Rueben Bain,DL,TB,1,DL,1.0,2026-10-10T01:45:16Z
2026,1,1312585008447262720,Where You At?,5,300320148349276160,FYFJohnLuke,13346,00-0041037,,Denzel Boston,WR,CLE,0,,12.9,2026-10-10T01:45:16Z
2026,1,1312585008447262720,Where You At?,5,300320148349276160,FYFJohnLuke,3257,00-0033119,,Jacoby Brissett,QB,ARI,0,,16.48,2026-10-10T01:45:16Z
2026,1,1312585008447262720,Where You At?,5,300320148349276160,FYFJohnLuke,4033,00-0033885,,David Njoku,TE,LAC,0,,8.3,2026-10-10T01:45:16Z
2026,1,1312585008447262720,Where You At?,5,300320148349276160,FYFJohnLuke,4046,00-0033873,,Patrick Mahomes,QB,KC,1,QB,21.66,2026-10-10T01:45:16Z
2026,1,1312585008447262720,Where You At?,5,300320148349276160,FYFJohnLuke,4950,00-0034775,,Christian Kirk,WR,SF,0,,0.0,2026-10-10T01:45:16Z
2026,1,1312585008447262720,Where You At?,5,300320148349276160,FYFJohnLuke,5012,00-0034753,,Mark Andrews,TE,BAL,1,TE,6.9,2026-10-10T01:45:16Z
2026,1,1312585008447262720,Where You At?,5,300320148349276160,FYFJohnLuke,5967,00-0035261,,Tony Pollard,RB,TEN,0,,3.9,2026-10-10T01:45:16Z
2026,1,1312585008447262720,Where You At?,5,300320148349276160,FYFJohnLuke,6794,00-0036322,,Justin Jefferson,WR,MIN,1,WR,27.2,2026-10-10T01:45:16Z
2026,1,1312585008447262720,Where You At?,5,300320148349276160,FYFJohnLuke,6806,00-0036158,,J.K. Dobbins,RB,DEN,0,,3.6,2026-10-10T01:45:16Z
2026,1,1312585008447262720,Where You At?,5,300320148349276160,FYFJohnLuke,6949,,,Jordyn Brooks,LB,MIA,0,,8.5,2026-10-10T01:45:16Z
2026,1,1312585008447262720,Where You At?,5,300320148349276160,FYFJohnLuke,7543,00-0036973,,Travis Etienne,RB,NO,1,FLEX,11.3,2026-10-10T01:45:16Z
2026,1,1312585008447262720,Where You At?,5,300320148349276160,FYFJohnLuke,7564,00-0036900,,Ja'Marr Chase,WR,CIN,1,WR,2.2,2026-10-10T01:45:16Z
2026,1,1312585008447262720,Where You At?,5,300320148349276160,FYFJohnLuke,7659,,,Tre'von Moehrig,DB,CAR,1,DB,1.5,2026-10-10T01:45:16Z
2026,1,1312585008447262720,Where You At?,5,300320148349276160,FYFJohnLuke,7841,,,Jamien Sherwood,LB,NYJ,1,LB,3.0,2026-10-10T01:45:16Z
2026,1,1312585008447262720,Where You At?,5,300320148349276160,FYFJohnLuke,8126,00-0038117,,Wan'Dale Robinson,WR,TEN,0,,6.3,2026-10-10T01:45:16Z
2026,1,1312585008447262720,Where You At?,5,300320148349276160,FYFJohnLuke,8146,00-0037740,,Garrett Wilson,WR,NYJ,0,,10.9,2026-10-10T01:45:16Z
2026,1,1312585008447262720,Where You At?,5,300320148349276160,FYFJohnLuke,8155,00-0038120,,Breece Hall,RB,NYJ,1,RB,18.8,2026-10-10T01:45:16Z
2026,1,1312585008447262720,Where You At?,5,300320148349276160,FYFJohnLuke,8167,00-0038124,,Christian Watson,WR,GB,0,,29.7,2026-10-10T01:45:16Z
2026,1,1312585008447262720,Where You At?,5,300320148349276160,FYFJohnLuke,9504,00-0038608,,Kayshon Boutte,WR,HOU,0,,2.6,2026-10-10T01:45:16Z
2026,1,1312585008447262720,Where You At?,5,300320148349276160,FYFJohnLuke,9508,00-0039032,,Tyjae Spears,RB,TEN,0,,3.4,2026-10-10T01:45:16Z
2026,1,1312585008447262720,Where You At?,5,300320148349276160,FYFJohnLuke,9997,00-0039064,,Zay Flowers,WR,BAL,1,WR,23.5,2026-10-10T01:45:16Z
2026,1,1312585008447262720,Where You At?,6,473480332893483008,jmeanor,10219,00-0038611,,Chris Rodriguez Jr.,RB,JAX,1,RB,2.3,2026-10-10T01:45:16Z
2026,1,1312585008447262720,Where You At?,6,473480332893483008,jmeanor,10229,00-0039067,,Rashee Rice,WR,KC,1,WR,8.9,2026-10-10T01:45:16Z
2026,1,1312585008447262720,Where You At?,6,473480332893483008,jmeanor,11199,00-0038705,,Emari Demercado,RB,DAL,0,,0.7,2026-10-10T01:45:16Z
2026,1,1312585008447262720,Where You At?,6,473480332893483008,jmeanor,11564,00-0039851,,Drake Maye,QB,NE,1,QB,9.82,2026-10-10T01:45:16Z
2026,1,1312585008447262720,Where You At?,6,473480332893483008,jmeanor,11632,00-0039337,,Malik Nabers,WR,NYG,1,FLEX,9.9,2026-10-10T01:45:16Z
2026,1,1312585008447262720,Where You At?,6,473480332893483008,jmeanor,11665,,,Jared Verse,DL,CLE,1,DL,5.5,2026-10-10T01:45:16Z
2026,1,1312585008447262720,Where You At?,6,473480332893483008,jmeanor,13281,00-0041029,,Jordyn Tyson,WR,NO,0,,0.0,2026-10-10T01:45:16Z
2026,1,1312585008447262720,Where You At?,6,473480332893483008,jmeanor,13288,00-0040886,,Nicholas Singleton,RB,TEN,0,,0.0,2026-10-10T01:45:16Z
2026,1,1312585008447262720,Where You At?,6,473480332893483008,jmeanor,13301,00-0041040,,Antonio Williams,WR,WAS,0,,14.4,2026-10-10T01:45:16Z
2026,1,1312585008447262720,Where You At?,6,473480332893483008,jmeanor,13423,00-0041490,,Eli Heidenreich,RB,PIT,0,,0.0,2026-10-10T01:45:16Z
2026,1,1312585008447262720,Where You At?,6,473480332893483008,jmeanor,1466,00-0030506,,Travis Kelce,TE,KC,1,TE,8.6,2026-10-10T01:45:16Z
2026,1,1312585008447262720,Where You At?,6,473480332893483008,jmeanor,1945,,,Chris Boswell,K,PIT,0,,8.0,2026-10-10T01:45:16Z
2026,1,1312585008447262720,Where You At?,6,473480332893483008,jmeanor,2393,,,Danielle Hunter,DE,HOU,1,LB,1.0,2026-10-10T01:45:16Z
2026,1,1312585008447262720,Where You At?,6,473480332893483008,jmeanor,3172,,,DeForest Buckner,DT,IND,0,,6.0,2026-10-10T01:45:16Z
2026,1,1312585008447262720,Where You At?,6,473480332893483008,jmeanor,3451,,,Ka'imi Fairbairn,K,HOU,1,K,9.0,2026-10-10T01:45:16Z
2026,1,1312585008447262720,Where You At?,6,473480332893483008,jmeanor,4137,00-0033553,,James Conner,RB,ARI,0,,0.0,2026-10-10T01:45:16Z
2026,1,1312585008447262720,Where You At?,6,473480332893483008,jmeanor,4892,00-0034855,,Baker Mayfield,QB,TB,0,,11.64,2026-10-10T01:45:16Z
2026,1,1312585008447262720,Where You At?,6,473480332893483008,jmeanor,4971,,,Derwin James,DB,LAC,1,DB,9.5,2026-10-10T01:45:16Z
2026,1,1312585008447262720,Where You At?,6,473480332893483008,jmeanor,5726,,,Robert Spillane,LB,NE,0,,7.5,2026-10-10T01:45:16Z
2026,1,1312585008447262720,Where You At?,6,473480332893483008,jmeanor,5849,00-0035228,,Kyler Murray,QB,MIN,0,,-0.38,2026-10-10T01:45:16Z
2026,1,1312585008447262720,Where You At?,6,473480332893483008,jmeanor,5859,00-0035676,,A.J. Brown,WR,NE,1,WR,4.1,2026-10-10T01:45:16Z
2026,1,1312585008447262720,Where You At?,6,473480332893483008,jmeanor,5960,,,T.J. Edwards,LB,CHI,0,,0.5,2026-10-10T01:45:16Z
2026,1,1312585008447262720,Where You At?,6,473480332893483008,jmeanor,5991,,,Maxx Crosby,DE,LV,1,DL,12.5,2026-10-10T01:45:16Z
2026,1,1312585008447262720,Where You At?,6,473480332893483008,jmeanor,6149,00-0035535,,Darius Slayton,WR,IND,0,,0.0,2026-10-10T01:45:16Z
2026,1,1312585008447262720,Where You At?,6,473480332893483008,jmeanor,6485,,,Azeez Al-Shaair,LB,HOU,0,,8.5,2026-10-10T01:45:16Z
2026,1,1312585008447262720,Where You At?,6,473480332893483008,jmeanor,6788,,,Xavier McKinney,DB,GB,0,,3.0,2026-10-10T01:45:16Z
2026,1,1312585008447262720,Where You At?,6,473480332893483008,jmeanor,7016,,,Jeremy Chinn,DB,LV,0,,8.5,2026-10-10T01:45:16Z
2026,1,1312585008447262720,Where You At?,6,473480332893483008,jmeanor,7569,00-0036554,,Nico Collins,WR,HOU,1,WR,17.7,2026-10-10T01:45:16Z
2026,1,1312585008447262720,Where You At?,6,473480332893483008,jmeanor,7600,00-0036894,,Pat Freiermuth,TE,PIT,0,,13.1,2026-10-10T01:45:16Z
2026,1,1312585008447262720,Where You At?,6,473480332893483008,jmeanor,8172,00-0037252,,Greg Dulcich,TE,MIA,0,,2.8,2026-10-10T01:45:16Z
2026,1,1312585008447262720,Where You At?,6,473480332893483008,jmeanor,8267,,,Nakobe Dean,LB,LV,0,,18.5,2026-10-10T01:45:16Z
2026,1,1312585008447262720,Where You At?,6,473480332893483008,jmeanor,8355,,,Kayvon Thibodeaux,DL,NYG,0,,2.5,2026-10-10T01:45:16Z
2026,1,1312585008447262720,Where You At?,6,473480332893483008,jmeanor,843,,,Cameron Heyward,DT,PIT,0,,5.5,2026-10-10T01:45:16Z
2026,1,1312585008447262720,Where You At?,6,473480332893483008,jmeanor,9509,00-0038542,,Bijan Robinson,RB,ATL,1,RB,27.3,2026-10-10T01:45:16Z
2026,1,1312585008447262720,Where You At?,6,473480332893483008,jmeanor,96,00-0023459,,Aaron Rodgers,QB,PIT,0,,12.54,2026-10-10T01:45:16Z
2026,1,1312585008447262720,Where You At?,7,830805333189455872,thewrightdek,11560,00-0039918,,Caleb Williams,QB,CHI,1,QB,37.26,2026-10-10T01:45:16Z
2026,1,1312585008447262720,Where You At?,7,830805333189455872,thewrightdek,11581,00-0039811,,MarShawn Lloyd,RB,GB,1,FLEX,3.7,2026-10-10T01:45:16Z
2026,1,1312585008447262720,Where You At?,7,830805333189455872,thewrightdek,11603,00-0039793,,AJ Barner,TE,SEA,0,,2.3,2026-10-10T01:45:16Z
2026,1,1312585008447262720,Where You At?,7,830805333189455872,thewrightdek,11635,00-0039915,,Ladd McConkey,WR,LAC,1,WR,16.7,2026-10-10T01:45:16Z
2026,1,1312585008447262720,Where You At?,7,830805333189455872,thewrightdek,11667,,,Dallas Turner,LB,MIN,1,DL,17.0,2026-10-10T01:45:16Z
2026,1,1312585008447262720,Where You At?,7,830805333189455872,thewrightdek,12484,00-0040130,,Jayden Higgins,WR,HOU,0,,0.0,2026-10-10T01:45:16Z
2026,1,1312585008447262720,Where You At?,7,830805333189455872,thewrightdek,12499,00-0040170,,Elic Ayomanor,WR,TEN,0,,7.6,2026-10-10T01:45:16Z
2026,1,1312585008447262720,Where You At?,7,830805333189455872,thewrightdek,12517,00-0040126,,Colston Loveland,TE,CHI,1,TE,0.0,2026-10-10T01:45:16Z
2026,1,1312585008447262720,Where You At?,7,830805333189455872,thewrightdek,12534,00-0040236,,Kyle Monangai,RB,CHI,0,,19.4,2026-10-10T01:45:16Z
2026,1,1312585008447262720,Where You At?,7,830805333189455872,thewrightdek,12567,,,Malaki Starks,DB,BAL,1,DB,12.0,2026-10-10T01:45:16Z
2026,1,1312585008447262720,Where You At?,7,830805333189455872,thewrightdek,13268,00-0040876,,Elijah Sarratt,WR,BAL,0,,0.0,2026-10-10T01:45:16Z
2026,1,1312585008447262720,Where You At?,7,830805333189455872,thewrightdek,13276,00-0041511,,Omar Cooper Jr.,WR,NYJ,0,,3.5,2026-10-10T01:45:16Z
2026,1,1312585008447262720,Where You At?,7,830805333189455872,thewrightdek,3163,00-0033106,,Jared Goff,QB,DET,0,,16.44,2026-10-10T01:45:16Z
2026,1,1312585008447262720,Where You At?,7,830805333189455872,thewrightdek,3198,00-0032764,,Derrick Henry,RB,BAL,1,RB,34.8,2026-10-10T01:45:16Z
2026,1,1312585008447262720,Where You At?,7,830805333189455872,thewrightdek,3678,,,Wil Lutz,K,DEN,0,,4.0,2026-10-10T01:45:16Z
2026,1,1312585008447262720,Where You At?,7,830805333189455872,thewrightdek,4070,,,T.J. Watt,LB,PIT,1,DL,33.0,2026-10-10T01:45:16Z
2026,1,1312585008447262720,Where You At?,7,830805333189455872,thewrightdek,4135,,,Trey Hendrickson,DE,BAL,0,,1.0,2026-10-10T01:45:16Z
2026,1,1312585008447262720,Where You At?,7,830805333189455872,thewrightdek,4227,,,Harrison Butker,K,KC,1,K,7.0,2026-10-10T01:45:16Z
2026,1,1312585008447262720,Where You At?,7,830805333189455872,thewrightdek,4866,00-0034844,,Saquon Barkley,RB,PHI,1,RB,8.5,2026-10-10T01:45:16Z
2026,1,1312585008447262720,Where You At?,7,830805333189455872,thewrightdek,4960,,,Roquan Smith,LB,BAL,1,LB,17.0,2026-10-10T01:45:16Z
2026,1,1312585008447262720,Where You At?,7,830805333189455872,thewrightdek,4968,,,Tremaine Edmunds,LB,NYG,0,,7.5,2026-10-10T01:45:16Z
2026,1,1312585008447262720,Where You At?,7,830805333189455872,thewrightdek,5876,,,Julian Love,DB,SEA,0,,16.0,2026-10-10T01:45:16Z
2026,1,1312585008447262720,Where You At?,7,830805333189455872,thewrightdek,6124,,,Montez Sweat,DE,CHI,0,,8.5,2026-10-10T01:45:16Z
2026,1,1312585008447262720,Where You At?,7,830805333189455872,thewrightdek,6797,00-0036355,,Justin Herbert,QB,LAC,0,,13.26,2026-10-10T01:45:16Z
2026,1,1312585008447262720,Where You At?,7,830805333189455872,thewrightdek,6901,,,Joshua Metellus,DB,MIN,0,,3.5,2026-10-10T01:45:16Z
2026,1,1312585008447262720,Where You At?,7,830805333189455872,thewrightdek,7113,,,Alex Highsmith,LB,PIT,0,,16.5,2026-10-10T01:45:16Z
2026,1,1312585008447262720,Where You At?,7,830805333189455872,thewrightdek,7525,00-0036912,,DeVonta Smith,WR,PHI,1,WR,6.8,2026-10-10T01:45:16Z
2026,1,1312585008447262720,Where You At?,7,830805333189455872,thewrightdek,8121,00-0037816,,Romeo Doubs,WR,NE,1,WR,0.0,2026-10-10T01:45:16Z
2026,1,1312585008447262720,Where You At?,7,830805333189455872,thewrightdek,8131,00-0037838,,Isaiah Likely,TE,NYG,0,,23.8,2026-10-10T01:45:16Z
2026,1,1312585008447262720,Where You At?,7,830805333189455872,thewrightdek,8154,00-0037746,,Brian Robinson,RB,ATL,0,,3.1,2026-10-10T01:45:16Z
2026,1,1312585008447262720,Where You At?,7,830805333189455872,thewrightdek,8210,00-0037809,,Chig Okonkwo,TE,WAS,0,,2.6,2026-10-10T01:45:16Z
2026,1,1312585008447262720,Where You At?,7,830805333189455872,thewrightdek,9484,00-0038996,,Tucker Kraft,TE,GB,0,,8.0,2026-10-10T01:45:16Z
2026,1,1312585008447262720,Where You At?,7,830805333189455872,thewrightdek,9511,00-0038454,,Keaton Mitchell,RB,LAC,0,,0.9,2026-10-10T01:45:16Z
2026,1,1312585008447262720,Where You At?,8,339485230026981376,Lturne56,11539,,,Jake Bates,K,DET,1,K,7.0,2026-10-10T01:45:16Z
2026,1,1312585008447262720,Where You At?,8,339485230026981376,Lturne56,11610,00-0039880,,Malik Washington,WR,MIA,0,,4.8,2026-10-10T01:45:16Z
2026,1,1312585008447262720,Where You At?,8,339485230026981376,Lturne56,11620,00-0039919,,Rome Odunze,WR,CHI,1,FLEX,6.2,2026-10-10T01:45:16Z
2026,1,1312585008447262720,Where You At?,8,339485230026981376,Lturne56,11646,00-0039491,,Jalen Coker,WR,CAR,0,,29.8,2026-10-10T01:45:16Z
2026,1,1312585008447262720,Where You At?,8,339485230026981376,Lturne56,11651,00-0039363,,Isaac Guerendo,RB,SF,0,,0.0,2026-10-10T01:45:16Z
2026,1,1312585008447262720,Where You At?,8,339485230026981376,Lturne56,12482,00-0040009,,Savion Williams,WR,GB,0,,0.0,2026-10-10T01:45:16Z
2026,1,1312585008447262720,Where You At?,8,339485230026981376,Lturne56,12483,00-0040729,,Jack Bech,WR,LV,0,,10.8,2026-10-10T01:45:16Z
2026,1,1312585008447262720,Where You At?,8,339485230026981376,Lturne56,12492,00-0040134,,Pat Bryant,WR,DEN,0,,6.2,2026-10-10T01:45:16Z
2026,1,1312585008447262720,Where You At?,8,339485230026981376,Lturne56,12497,00-0040648,,Tory Horton,WR,SEA,0,,0.0,2026-10-10T01:45:16Z
2026,1,1312585008447262720,Where You At?,8,339485230026981376,Lturne56,12509,00-0040727,,Tre Harris,WR,LAC,0,,3.5,2026-10-10T01:45:16Z
2026,1,1312585008447262720,Where You At?,8,339485230026981376,Lturne56,12514,00-0040129,,Emeka Egbuka,WR,TB,1,WR,8.8,2026-10-10T01:45:16Z
2026,1,1312585008447262720,Where You At?,8,339485230026981376,Lturne56,12529,00-0040734,,TreVeyon Henderson,RB,NE,0,,0.0,2026-10-10T01:45:16Z
2026,1,1312585008447262720,Where You At?,8,339485230026981376,Lturne56,12533,00-0040242,,Jacory Croskey-Merritt,RB,WAS,1,RB,12.1,2026-10-10T01:45:16Z
2026,1,1312585008447262720,Where You At?,8,339485230026981376,Lturne56,12545,00-0040743,,Tyler Shough,QB,NO,0,,23.2,2026-10-10T01:45:16Z
2026,1,1312585008447262720,Where You At?,8,339485230026981376,Lturne56,13285,00-0041042,,Malachi Fields,WR,NYG,1,WR,3.5,2026-10-10T01:45:16Z
2026,1,1312585008447262720,Where You At?,8,339485230026981376,Lturne56,13298,00-0041547,,KC Concepcion,WR,CLE,0,,5.8,2026-10-10T01:45:16Z
2026,1,1312585008447262720,Where You At?,8,339485230026981376,Lturne56,13302,00-0040888,,Adam Randall,RB,BAL,0,,0.0,2026-10-10T01:45:16Z
2026,1,1312585008447262720,Where You At?,8,339485230026981376,Lturne56,13320,00-0041044,,Zachariah Branch,WR,ATL,0,,0.0,2026-10-10T01:45:16Z
2026,1,1312585008447262720,Where You At?,8,339485230026981376,Lturne56,13405,00-0041096,,Kaytron Allen,RB,WAS,0,,1.6,2026-10-10T01:45:16Z
2026,1,1312585008447262720,Where You At?,8,339485230026981376,Lturne56,13424,00-0041125,,Seth McGowan,RB,IND,0,,0.5,2026-10-10T01:45:16Z
2026,1,1312585008447262720,Where You At?,8,339485230026981376,Lturne56,2227,,,Aaron Donald,DT,LAR,0,,0.0,2026-10-10T01:45:16Z
2026,1,1312585008447262720,Where You At?,8,339485230026981376,Lturne56,5022,00-0034351,,Dallas Goedert,TE,PHI,0,,21.7,2026-10-10T01:45:16Z
2026,1,1312585008447262720,Where You At?,8,339485230026981376,Lturne56,6214,,,Quincy Williams,LB,CLE,0,,3.5,2026-10-10T01:45:16Z
2026,1,1312585008447262720,Where You At?,8,339485230026981376,Lturne56,6783,00-0036407,,Jerry Jeudy,WR,CLE,0,,3.6,2026-10-10T01:45:16Z
2026,1,1312585008447262720,Where You At?,8,339485230026981376,Lturne56,6801,00-0036410,,Tee Higgins,WR,CIN,1,WR,7.4,2026-10-10T01:45:16Z
2026,1,1312585008447262720,Where You At?,8,339485230026981376,Lturne56,6813,00-0036223,,Jonathan Taylor,RB,IND,1,RB,23.6,2026-10-10T01:45:16Z
2026,1,1312585008447262720,Where You At?,8,339485230026981376,Lturne56,6815,,,Zack Baun,LB,PHI,1,LB,13.5,2026-10-10T01:45:16Z
2026,1,1312585008447262720,Where You At?,8,339485230026981376,Lturne56,6904,00-0036389,,Jalen Hurts,QB,PHI,1,QB,24.72,2026-10-10T01:45:16Z
2026,1,1312585008447262720,Where You At?,8,339485230026981376,Lturne56,7049,00-0036259,,Jauan Jennings,WR,MIN,0,,0.0,2026-10-10T01:45:16Z
2026,1,1312585008447262720,Where You At?,8,339485230026981376,Lturne56,7136,,,Kam Curl,DB,LAR,1,DB,2.0,2026-10-10T01:45:16Z
2026,1,1312585008447262720,Where You At?,8,339485230026981376,Lturne56,7591,00-0036945,,Justin Fields,QB,KC,0,,0.0,2026-10-10T01:45:16Z
2026,1,1312585008447262720,Where You At?,8,339485230026981376,Lturne56,8130,00-0037744,,Trey McBride,TE,ARI,1,TE,20.0,2026-10-10T01:45:16Z
2026,1,1312585008447262720,Where You At?,8,339485230026981376,Lturne56,8265,,,Travon Walker,DL,JAX,0,,11.5,2026-10-10T01:45:16Z
2026,1,1312585008447262720,Where You At?,8,339485230026981376,Lturne56,8280,,,Nik Bonitto,LB,DEN,1,DL,1.5,2026-10-10T01:45:16Z
2026,1,1312585008447262720,Where You At?,8,339485230026981376,Lturne56,8289,,,Aidan Hutchinson,DL,DET,1,DL,20.5,2026-10-10T01:45:16Z
2026,1,1312585008447262720,Where You At?,8,339485230026981376,Lturne56,9225,00-0038555,,Tank Bigsby,RB,PHI,0,,0.3,2026-10-10T01:45:16Z
2026,1,1312585008447262720,Where You At?,8,339485230026981376,Lturne56,9229,00-0039164,,Anthony Richardson,QB,IND,0,,0.0,2026-10-10T01:45:16Z
2026,1,1312585008447262720,Where You At?,9,335632087304380416,PSewell,11533,,,Brandon Aubrey,K,DAL,1,K,1.0,2026-10-10T01:45:16Z
2026,1,1312585008447262720,Where You At?,9,335632087304380416,PSewell,11631,00-0039893,,Brian Thomas Jr.,WR,JAX,0,,5.5,2026-10-10T01:45:16Z
2026,1,1312585008447262720,Where You At?,9,335632087304380416,PSewell,12507,00-0040666,,Omarion Hampton,RB,LAC,1,RB,8.3,2026-10-10T01:45:16Z
2026,1,1312585008447262720,Where You At?,9,335632087304380416,PSewell,12519,00-0040735,,Luther Burden III,WR,CHI,1,WR,7.0,2026-10-10T01:45:16Z
2026,1,1312585008447262720,Where You At?,9,335632087304380416,PSewell,13269,00-0041562,,Fernando Mendoza,QB,LV,0,,0.0,2026-10-10T01:45:16Z
2026,1,1312585008447262720,Where You At?,9,335632087304380416,PSewell,13275,00-0041568,,Ty Simpson,QB,LA,0,,0.0,2026-10-10T01:45:16Z
2026,1,1312585008447262720,Where You At?,9,335632087304380416,PSewell,13317,00-0041048,,Ted Hurst III,WR,TB,0,,5.1,2026-10-10T01:45:16Z
2026,1,1312585008447262720,Where You At?,9,335632087304380416,PSewell,13330,00-0041032,,Kenyon Sadiq,TE,NYJ,0,,9.9,2026-10-10T01:45:16Z
2026,1,1312585008447262720,Where You At?,9,335632087304380416,PSewell,13347,00-0041104,,Demond Claiborne,RB,MIN,0,,0.0,2026-10-10T01:45:16Z
2026,1,1312585008447262720,Where You At?,9,335632087304380416,PSewell,13363,,,David Bailey,LB,NYJ,1,DL,11.0,2026-10-10T01:45:16Z
2026,1,1312585008447262720,Where You At?,9,335632087304380416,PSewell,1373,00-0030565,,Geno Smith,QB,NYJ,0,,9.3,2026-10-10T01:45:16Z
2026,1,1312585008447262720,Where You At?,9,335632087304380416,PSewell,2133,00-0031381,,Davante Adams,WR,LA,1,WR,4.1,2026-10-10T01:45:16Z
2026,1,1312585008447262720,Where You At?,9,335632087304380416,PSewell,4034,00-0033280,,Christian McCaffrey,RB,SF,1,RB,11.3,2026-10-10T01:45:16Z
2026,1,1312585008447262720,Where You At?,9,335632087304380416,PSewell,4035,00-0033906,,Alvin Kamara,RB,NO,0,,0.0,2026-10-10T01:45:16Z
2026,1,1312585008447262720,Where You At?,9,335632087304380416,PSewell,5017,,,Jessie Bates,DB,ATL,1,DB,4.5,2026-10-10T01:45:16Z
2026,1,1312585008447262720,Where You At?,9,335632087304380416,PSewell,5844,00-0035229,,T.J. Hockenson,TE,MIN,1,TE,12.6,2026-10-10T01:45:16Z
2026,1,1312585008447262720,Where You At?,9,335632087304380416,PSewell,5870,00-0035710,,Daniel Jones,QB,IND,0,,9.04,2026-10-10T01:45:16Z
2026,1,1312585008447262720,Where You At?,9,335632087304380416,PSewell,6118,,,Quinnen Williams,DT,DAL,0,,7.0,2026-10-10T01:45:16Z
2026,1,1312585008447262720,Where You At?,9,335632087304380416,PSewell,6125,,,Jeffery Simmons,DT,TEN,1,DL,3.0,2026-10-10T01:45:16Z
2026,1,1312585008447262720,Where You At?,9,335632087304380416,PSewell,6807,,,Patrick Queen,LB,PIT,0,,5.0,2026-10-10T01:45:16Z
2026,1,1312585008447262720,Where You At?,9,335632087304380416,PSewell,6819,00-0036252,,Michael Pittman,WR,PIT,0,,7.3,2026-10-10T01:45:16Z
2026,1,1312585008447262720,Where You At?,9,335632087304380416,PSewell,7090,00-0036309,,Darnell Mooney,WR,NYG,0,,3.7,2026-10-10T01:45:16Z
2026,1,1312585008447262720,Where You At?,9,335632087304380416,PSewell,7528,00-0036893,,Najee Harris,RB,NYG,0,,0.0,2026-10-10T01:45:16Z
2026,1,1312585008447262720,Where You At?,9,335632087304380416,PSewell,7567,00-0036919,,Kenny Gainwell,RB,TB,0,,2.3,2026-10-10T01:45:16Z
2026,1,1312585008447262720,Where You At?,9,335632087304380416,PSewell,7648,,,Nick Bolton,LB,KC,1,LB,4.0,2026-10-10T01:45:16Z
2026,1,1312585008447262720,Where You At?,9,335632087304380416,PSewell,7666,,,Jevón Holland,DB,NYG,0,,9.0,2026-10-10T01:45:16Z
2026,1,1312585008447262720,Where You At?,9,335632087304380416,PSewell,8110,00-0038041,,Jake Ferguson,TE,DAL,0,,1.6,2026-10-10T01:45:16Z
2026,1,1312585008447262720,Where You At?,9,335632087304380416,PSewell,8144,00-0037239,,Chris Olave,WR,NO,1,WR,23.2,2026-10-10T01:45:16Z
2026,1,1312585008447262720,Where You At?,9,335632087304380416,PSewell,8147,00-0037614,,John Metchie III,WR,CAR,0,,0.0,2026-10-10T01:45:16Z
2026,1,1312585008447262720,Where You At?,9,335632087304380416,PSewell,8180,00-0037291,,Jalen Nailor,WR,LV,0,,4.2,2026-10-10T01:45:16Z
2026,1,1312585008447262720,Where You At?,9,335632087304380416,PSewell,8228,00-0037228,,Jaylen Warren,RB,PIT,0,,7.8,2026-10-10T01:45:16Z
2026,1,1312585008447262720,Where You At?,9,335632087304380416,PSewell,8676,00-0037545,,Rashid Shaheed,WR,SEA,0,,0.9,2026-10-10T01:45:16Z
2026,1,1312585008447262720,Where You At?,9,335632087304380416,PSewell,9224,00-0038597,,Chase Brown,RB,CIN,1,FLEX,16.3,2026-10-10T01:45:16Z
2026,1,1312585008447262720,Where You At?,9,335632087304380416,PSewell,9758,00-0039163,,C.J. Stroud,QB,HOU,1,QB,16.46,2026-10-10T01:45:16Z
2026,1,1312585008447262720,Where You At?,10,302250698769203200,patjc,10892,,,Will Anderson,DL,HOU,1,DL,5.0,2026-10-10T01:45:16Z
2026,1,1312585008447262720,Where You At?,10,302250698769203200,patjc,10898,,,Tuli Tuipulotu,DL,LAC,1,LB,8.0,2026-10-10T01:45:16Z
2026,1,1312585008447262720,Where You At?,10,302250698769203200,patjc,10917,,,Byron Young,LB,LAR,0,,0.5,2026-10-10T01:45:16Z
2026,1,1312585008447262720,Where You At?,10,302250698769203200,patjc,11566,00-0039910,,Jayden Daniels,QB,WAS,1,QB,17.66,2026-10-10T01:45:16Z
2026,1,1312585008447262720,Where You At?,10,302250698769203200,patjc,11589,00-0039921,,Trey Benson,RB,ARI,0,,0.0,2026-10-10T01:45:16Z
2026,1,1312585008447262720,Where You At?,10,302250698769203200,patjc,11655,00-0039384,,Tyrone Tracy Jr.,RB,NYG,0,,-0.6,2026-10-10T01:45:16Z
2026,1,1312585008447262720,Where You At?,10,302250698769203200,patjc,11834,00-0039424,,Devaughn Vele,WR,NO,0,,16.4,2026-10-10T01:45:16Z
2026,1,1312585008447262720,Where You At?,10,302250698769203200,patjc,12048,00-0039299,,George Holani,RB,SEA,0,,2.9,2026-10-10T01:45:16Z
2026,1,1312585008447262720,Where You At?,10,302250698769203200,patjc,12467,00-0040177,,Jordan James,RB,SF,0,,0.0,2026-10-10T01:45:16Z
2026,1,1312585008447262720,Where You At?,10,302250698769203200,patjc,12474,00-0040583,,Woody Marks,RB,HOU,0,,4.5,2026-10-10T01:45:16Z
2026,1,1312585008447262720,Where You At?,10,302250698769203200,patjc,12485,00-0040237,,Tez Johnson,WR,TB,0,,-0.4,2026-10-10T01:45:16Z
2026,1,1312585008447262720,Where You At?,10,302250698769203200,patjc,12489,00-0040730,,RJ Harvey,RB,DEN,1,RB,6.1,2026-10-10T01:45:16Z
2026,1,1312585008447262720,Where You At?,10,302250698769203200,patjc,12493,00-0040189,,Oronde Gadsden II,TE,LAC,0,,4.2,2026-10-10T01:45:16Z
2026,1,1312585008447262720,Where You At?,10,302250698769203200,patjc,12535,00-0040669,,Isaac TeSlaa,WR,DET,0,,0.0,2026-10-10T01:45:16Z
2026,1,1312585008447262720,Where You At?,10,302250698769203200,patjc,12541,00-0040581,,Dont'e Thornton Jr.,WR,LV,0,,0.0,2026-10-10T01:45:16Z
2026,1,1312585008447262720,Where You At?,10,302250698769203200,patjc,12568,,,Jalon Walker,DL,ATL,0,,0.0,2026-10-10T01:45:16Z
2026,1,1312585008447262720,Where You At?,10,302250698769203200,patjc,12713,,,Andy Borregales,K,NE,1,K,6.0,2026-10-10T01:45:16Z
2026,1,1312585008447262720,Where You At?,10,302250698769203200,patjc,13286,00-0041512,,Jadarian Price,RB,SEA,1,FLEX,6.8,2026-10-10T01:45:16Z
2026,1,1312585008447262720,Where You At?,10,302250698769203200,patjc,13305,00-0040878,,Mike Washington Jr.,RB,LV,0,,4.1,2026-10-10T01:45:16Z
2026,1,1312585008447262720,Where You At?,10,302250698769203200,patjc,13376,,,Caleb Downs,DB,DAL,1,DB,14.5,2026-10-10T01:45:16Z
2026,1,1312585008447262720,Where You At?,10,302250698769203200,patjc,13417,00-0041035,,De'Zhaun Stribling,WR,SF,0,,0.0,2026-10-10T01:45:16Z
2026,1,1312585008447262720,Where You At?,10,302250698769203200,patjc,2505,00-0031610,,Darren Waller,TE,CAR,0,,3.8,2026-10-10T01:45:16Z
2026,1,1312585008447262720,Where You At?,10,302250698769203200,patjc,3214,00-0033090,,Hunter Henry,TE,NE,1,TE,4.1,2026-10-10T01:45:16Z
2026,1,1312585008447262720,Where You At?,10,302250698769203200,patjc,3321,,,Tyreek Hill,WR,,0,,0.0,2026-10-10T01:45:16Z
2026,1,1312585008447262720,Where You At?,10,302250698769203200,patjc,3973,,,Myles Garrett,DE,LAR,1,DL,0.0,2026-10-10T01:45:16Z
2026,1,1312585008447262720,Where You At?,10,302250698769203200,patjc,4039,00-0033908,,Cooper Kupp,WR,SEA,0,,4.5,2026-10-10T01:45:16Z
2026,1,1312585008447262720,Where You At?,10,302250698769203200,patjc,5850,00-0035700,,Josh Jacobs,RB,GB,0,,0.0,2026-10-10T01:45:16Z
2026,1,1312585008447262720,Where You At?,10,302250698769203200,patjc,5947,00-0034960,,Jakobi Meyers,WR,JAX,1,WR,11.2,2026-10-10T01:45:16Z
2026,1,1312585008447262720,Where You At?,10,302250698769203200,patjc,5995,00-0034975,,Justice Hill,RB,BAL,0,,3.3,2026-10-10T01:45:16Z
2026,1,1312585008447262720,Where You At?,10,302250698769203200,patjc,6804,00-0036264,,Jordan Love,QB,GB,0,,20.48,2026-10-10T01:45:16Z
2026,1,1312585008447262720,Where You At?,10,302250698769203200,patjc,7547,00-0036963,,Amon-Ra St. Brown,WR,DET,1,WR,23.7,2026-10-10T01:45:16Z
2026,1,1312585008447262720,Where You At?,10,302250698769203200,patjc,7594,00-0036555,,Chuba Hubbard,RB,CAR,1,RB,22.2,2026-10-10T01:45:16Z
2026,1,1312585008447262720,Where You At?,10,302250698769203200,patjc,8111,00-0038129,,Cade Otton,TE,TB,0,,4.1,2026-10-10T01:45:16Z
2026,1,1312585008447262720,Where You At?,10,302250698769203200,patjc,8137,00-0037247,,George Pickens,WR,DAL,1,WR,4.3,2026-10-10T01:45:16Z
2026,1,1312585008447262720,Where You At?,10,302250698769203200,patjc,8339,,,Kyle Hamilton,DB,BAL,0,,5.0,2026-10-10T01:45:16Z
2026,1,1312585008447262720,Where You At?,10,302250698769203200,patjc,8359,,,Marcus Jones,DB,NE,0,,3.5,2026-10-10T01:45:16Z
2026,1,1312585008447262720,Where You At?,10,302250698769203200,patjc,9501,00-0038621,,DeMario Douglas,WR,NE,0,,5.5,2026-10-10T01:45:16Z
2026,1,1328128689807818752,We can think of something funny,1,735576524882829312,NegativeSquash,10232,00-0038559,,Michael Wilson,WR,ARI,1,FLEX,10.6,2026-10-10T01:45:15Z
2026,1,1328128689807818752,We can think of something funny,1,735576524882829312,NegativeSquash,11589,00-0039921,,Trey Benson,RB,ARI,0,,0.0,2026-10-10T01:45:15Z
2026,1,1328128689807818752,We can think of something funny,1,735576524882829312,NegativeSquash,11628,00-0039849,,Marvin Harrison Jr.,WR,ARI,1,FLEX,4.3,2026-10-10T01:45:15Z
2026,1,1328128689807818752,We can think of something funny,1,735576524882829312,NegativeSquash,12498,00-0040736,,Mason Taylor,TE,NYJ,0,,2.8,2026-10-10T01:45:15Z
2026,1,1328128689807818752,We can think of something funny,1,735576524882829312,NegativeSquash,12501,00-0040667,,Matthew Golden,WR,GB,0,,15.5,2026-10-10T01:45:15Z
2026,1,1328128689807818752,We can think of something funny,1,735576524882829312,NegativeSquash,12504,00-0040142,,Kaleb Johnson,RB,GB,0,,0.0,2026-10-10T01:45:15Z
2026,1,1328128689807818752,We can think of something funny,1,735576524882829312,NegativeSquash,12517,00-0040126,,Colston Loveland,TE,CHI,1,TE,0.0,2026-10-10T01:45:15Z
2026,1,1328128689807818752,We can think of something funny,1,735576524882829312,NegativeSquash,12524,00-0040668,,Shedeur Sanders,QB,CLE,0,,0.0,2026-10-10T01:45:15Z
2026,1,1328128689807818752,We can think of something funny,1,735576524882829312,NegativeSquash,13269,00-0041562,,Fernando Mendoza,QB,LV,0,,0.0,2026-10-10T01:45:15Z
2026,1,1328128689807818752,We can think of something funny,1,735576524882829312,NegativeSquash,13276,00-0041511,,Omar Cooper Jr.,WR,NYJ,0,,4.0,2026-10-10T01:45:15Z
2026,1,1328128689807818752,We can think of something funny,1,735576524882829312,NegativeSquash,13287,00-0041027,,Jeremiyah Love,RB,ARI,1,RB,13.0,2026-10-10T01:45:15Z
2026,1,1328128689807818752,We can think of something funny,1,735576524882829312,NegativeSquash,13293,00-0040870,,Ja'Kobi Lane,WR,BAL,0,,2.1,2026-10-10T01:45:15Z
2026,1,1328128689807818752,We can think of something funny,1,735576524882829312,NegativeSquash,13317,00-0041048,,Ted Hurst III,WR,TB,0,,6.6,2026-10-10T01:45:15Z
2026,1,1328128689807818752,We can think of something funny,1,735576524882829312,NegativeSquash,13347,00-0041104,,Demond Claiborne,RB,MIN,0,,0.0,2026-10-10T01:45:15Z
2026,1,1328128689807818752,We can think of something funny,1,735576524882829312,NegativeSquash,3451,,,Ka'imi Fairbairn,K,HOU,1,K,9.8,2026-10-10T01:45:15Z
2026,1,1328128689807818752,We can think of something funny,1,735576524882829312,NegativeSquash,4981,00-0034837,,Calvin Ridley,WR,TEN,0,,0.0,2026-10-10T01:45:15Z
2026,1,1328128689807818752,We can think of something funny,1,735576524882829312,NegativeSquash,5001,00-0034383,,Dalton Schultz,TE,HOU,1,FLEX,9.5,2026-10-10T01:45:15Z
2026,1,1328128689807818752,We can think of something funny,1,735576524882829312,NegativeSquash,5844,00-0035229,,T.J. Hockenson,TE,MIN,0,,15.6,2026-10-10T01:45:15Z
2026,1,1328128689807818752,We can think of something funny,1,735576524882829312,NegativeSquash,5849,00-0035228,,Kyler Murray,QB,MIN,0,,0.62,2026-10-10T01:45:15Z
2026,1,1328128689807818752,We can think of something funny,1,735576524882829312,NegativeSquash,5850,00-0035700,,Josh Jacobs,RB,GB,0,,0.0,2026-10-10T01:45:15Z
2026,1,1328128689807818752,We can think of something funny,1,735576524882829312,NegativeSquash,5892,00-0035685,,David Montgomery,RB,HOU,1,RB,28.9,2026-10-10T01:45:15Z
2026,1,1328128689807818752,We can think of something funny,1,735576524882829312,NegativeSquash,6904,00-0036389,,Jalen Hurts,QB,PHI,1,QB,25.72,2026-10-10T01:45:15Z
2026,1,1328128689807818752,We can think of something funny,1,735576524882829312,NegativeSquash,7526,00-0036613,,Jaylen Waddle,WR,DEN,1,WR,1.2,2026-10-10T01:45:15Z
2026,1,1328128689807818752,We can think of something funny,1,735576524882829312,NegativeSquash,7569,00-0036554,,Nico Collins,WR,HOU,1,WR,21.2,2026-10-10T01:45:15Z
2026,1,1328128689807818752,We can think of something funny,1,735576524882829312,NegativeSquash,7588,00-0036997,,Javonte Williams,RB,DAL,1,RB,24.2,2026-10-10T01:45:15Z
2026,1,1328128689807818752,We can think of something funny,1,735576524882829312,NegativeSquash,8154,00-0037746,,Brian Robinson,RB,ATL,0,,3.1,2026-10-10T01:45:15Z
2026,1,1328128689807818752,We can think of something funny,1,735576524882829312,NegativeSquash,8183,00-0037834,,Brock Purdy,QB,SF,1,SUPER_FLEX,22.1,2026-10-10T01:45:15Z
2026,1,1328128689807818752,We can think of something funny,1,735576524882829312,NegativeSquash,8408,00-0037525,,Jordan Mason,RB,MIN,0,,11.9,2026-10-10T01:45:15Z
2026,1,1328128689807818752,We can think of something funny,1,735576524882829312,NegativeSquash,9228,00-0039150,,Bryce Young,QB,CAR,0,,37.44,2026-10-10T01:45:15Z
2026,1,1328128689807818752,We can think of something funny,1,735576524882829312,NegativeSquash,9488,00-0038543,,Jaxon Smith-Njigba,WR,SEA,1,WR,29.2,2026-10-10T01:45:15Z
2026,1,1328128689807818752,We can think of something funny,1,735576524882829312,NegativeSquash,9493,00-0039075,,Puka Nacua,WR,LA,1,WR,12.4,2026-10-10T01:45:15Z
2026,1,1328128689807818752,We can think of something funny,1,735576524882829312,NegativeSquash,9508,00-0039032,,Tyjae Spears,RB,TEN,0,,4.4,2026-10-10T01:45:15Z
2026,1,1328128689807818752,We can think of something funny,1,735576524882829312,NegativeSquash,MIN,,,Minnesota Vikings,DEF,MIN,1,DEF,10.0,2026-10-10T01:45:15Z
2026,1,1328128689807818752,We can think of something funny,2,76431078206095360,Taylor894,10219,00-0038611,,Chris Rodriguez Jr.,RB,JAX,1,FLEX,2.3,2026-10-10T01:45:15Z
2026,1,1328128689807818752,We can think of something funny,2,76431078206095360,Taylor894,10859,00-0039065,,Sam LaPorta,TE,DET,1,FLEX,12.3,2026-10-10T01:45:15Z
2026,1,1328128689807818752,We can think of something funny,2,76431078206095360,Taylor894,11533,,,Brandon Aubrey,K,DAL,1,K,1.0,2026-10-10T01:45:15Z
2026,1,1328128689807818752,We can think of something funny,2,76431078206095360,Taylor894,11560,00-0039918,,Caleb Williams,QB,CHI,1,QB,37.26,2026-10-10T01:45:15Z
2026,1,1328128689807818752,We can think of something funny,2,76431078206095360,Taylor894,11583,00-0039344,,Jonathon Brooks,RB,CAR,0,,7.2,2026-10-10T01:45:15Z
2026,1,1328128689807818752,We can think of something funny,2,76431078206095360,Taylor894,11610,00-0039880,,Malik Washington,WR,MIA,0,,6.3,2026-10-10T01:45:15Z
2026,1,1328128689807818752,We can think of something funny,2,76431078206095360,Taylor894,11631,00-0039893,,Brian Thomas Jr.,WR,JAX,1,WR,7.0,2026-10-10T01:45:15Z
2026,1,1328128689807818752,We can think of something funny,2,76431078206095360,Taylor894,11632,00-0039337,,Malik Nabers,WR,NYG,1,WR,12.9,2026-10-10T01:45:15Z
2026,1,1328128689807818752,We can think of something funny,2,76431078206095360,Taylor894,11647,00-0039391,,Kimani Vidal,RB,LAC,0,,0.0,2026-10-10T01:45:15Z
2026,1,1328128689807818752,We can think of something funny,2,76431078206095360,Taylor894,12467,00-0040177,,Jordan James,RB,SF,0,,0.0,2026-10-10T01:45:15Z
2026,1,1328128689807818752,We can think of something funny,2,76431078206095360,Taylor894,12483,00-0040729,,Jack Bech,WR,LV,0,,11.3,2026-10-10T01:45:15Z
2026,1,1328128689807818752,We can think of something funny,2,76431078206095360,Taylor894,12492,00-0040134,,Pat Bryant,WR,DEN,0,,8.2,2026-10-10T01:45:15Z
2026,1,1328128689807818752,We can think of something funny,2,76431078206095360,Taylor894,12502,00-0040584,,Gunnar Helm,TE,TEN,0,,8.8,2026-10-10T01:45:15Z
2026,1,1328128689807818752,We can think of something funny,2,76431078206095360,Taylor894,12507,00-0040666,,Omarion Hampton,RB,LAC,1,RB,8.3,2026-10-10T01:45:15Z
2026,1,1328128689807818752,We can think of something funny,2,76431078206095360,Taylor894,12509,00-0040727,,Tre Harris,WR,LAC,0,,5.0,2026-10-10T01:45:15Z
2026,1,1328128689807818752,We can think of something funny,2,76431078206095360,Taylor894,12518,00-0040128,,Tyler Warren,TE,IND,1,TE,11.8,2026-10-10T01:45:15Z
2026,1,1328128689807818752,We can think of something funny,2,76431078206095360,Taylor894,12530,00-0040718,,Travis Hunter,WR,JAX,0,,2.1,2026-10-10T01:45:15Z
2026,1,1328128689807818752,We can think of something funny,2,76431078206095360,Taylor894,13268,00-0040876,,Elijah Sarratt,WR,BAL,0,,0.0,2026-10-10T01:45:15Z
2026,1,1328128689807818752,We can think of something funny,2,76431078206095360,Taylor894,13301,00-0041040,,Antonio Williams,WR,WAS,0,,16.4,2026-10-10T01:45:15Z
2026,1,1328128689807818752,We can think of something funny,2,76431078206095360,Taylor894,13302,00-0040888,,Adam Randall,RB,BAL,0,,0.0,2026-10-10T01:45:15Z
2026,1,1328128689807818752,We can think of something funny,2,76431078206095360,Taylor894,13413,00-0040890,,Cyrus Allen,WR,KC,0,,0.0,2026-10-10T01:45:15Z
2026,1,1328128689807818752,We can think of something funny,2,76431078206095360,Taylor894,13420,00-0041067,,Bryce Lance,WR,NO,0,,7.2,2026-10-10T01:45:15Z
2026,1,1328128689807818752,We can think of something funny,2,76431078206095360,Taylor894,2449,00-0031588,,Stefon Diggs,WR,WAS,1,WR,15.5,2026-10-10T01:45:15Z
2026,1,1328128689807818752,We can think of something funny,2,76431078206095360,Taylor894,3163,00-0033106,,Jared Goff,QB,DET,0,,16.44,2026-10-10T01:45:15Z
2026,1,1328128689807818752,We can think of something funny,2,76431078206095360,Taylor894,3294,00-0033077,,Dak Prescott,QB,DAL,1,SUPER_FLEX,15.4,2026-10-10T01:45:15Z
2026,1,1328128689807818752,We can think of something funny,2,76431078206095360,Taylor894,4046,00-0033873,,Patrick Mahomes,QB,KC,0,,22.66,2026-10-10T01:45:15Z
2026,1,1328128689807818752,We can think of something funny,2,76431078206095360,Taylor894,5012,00-0034753,,Mark Andrews,TE,BAL,0,,10.9,2026-10-10T01:45:15Z
2026,1,1328128689807818752,We can think of something funny,2,76431078206095360,Taylor894,5022,00-0034351,,Dallas Goedert,TE,PHI,1,FLEX,26.7,2026-10-10T01:45:15Z
2026,1,1328128689807818752,We can think of something funny,2,76431078206095360,Taylor894,7611,00-0036875,,Rhamondre Stevenson,RB,NE,1,RB,14.5,2026-10-10T01:45:15Z
2026,1,1328128689807818752,We can think of something funny,2,76431078206095360,Taylor894,8146,00-0037740,,Garrett Wilson,WR,NYJ,1,WR,13.9,2026-10-10T01:45:15Z
2026,1,1328128689807818752,We can think of something funny,2,76431078206095360,Taylor894,9221,00-0039139,,Jahmyr Gibbs,RB,DET,1,RB,35.6,2026-10-10T01:45:15Z
2026,1,1328128689807818752,We can think of something funny,2,76431078206095360,Taylor894,9486,00-0038393,,Dontayvion Wicks,WR,PHI,0,,15.3,2026-10-10T01:45:15Z
2026,1,1328128689807818752,We can think of something funny,2,76431078206095360,Taylor894,SEA,,,Seattle Seahawks,DEF,SEA,1,DEF,13.0,2026-10-10T01:45:15Z
2026,1,1328128689807818752,We can think of something funny,3,981702520521248768,mastuhbruce,10213,00-0038563,,Tre Tucker,WR,LV,0,,4.7,2026-10-10T01:45:15Z
2026,1,1328128689807818752,We can think of something funny,3,981702520521248768,mastuhbruce,11564,00-0039851,,Drake Maye,QB,NE,1,SUPER_FLEX,12.82,2026-10-10T01:45:15Z
2026,1,1328128689807818752,We can think of something funny,3,981702520521248768,mastuhbruce,11581,00-0039811,,MarShawn Lloyd,RB,GB,1,FLEX,3.7,2026-10-10T01:45:15Z
2026,1,1328128689807818752,We can think of something funny,3,981702520521248768,mastuhbruce,11646,00-0039491,,Jalen Coker,WR,CAR,1,FLEX,38.8,2026-10-10T01:45:15Z
2026,1,1328128689807818752,We can think of something funny,3,981702520521248768,mastuhbruce,12469,00-0040162,,Dylan Sampson,RB,CLE,0,,0.0,2026-10-10T01:45:15Z
2026,1,1328128689807818752,We can think of something funny,3,981702520521248768,mastuhbruce,12471,00-0040179,,DJ Giddens,RB,IND,0,,0.0,2026-10-10T01:45:15Z
2026,1,1328128689807818752,We can think of something funny,3,981702520521248768,mastuhbruce,12481,00-0040715,,Cam Skattebo,RB,NYG,1,RB,14.1,2026-10-10T01:45:15Z
2026,1,1328128689807818752,We can think of something funny,3,981702520521248768,mastuhbruce,12514,00-0040129,,Emeka Egbuka,WR,TB,1,WR,11.3,2026-10-10T01:45:15Z
2026,1,1328128689807818752,We can think of something funny,3,981702520521248768,mastuhbruce,12522,00-0040676,,Cam Ward,QB,TEN,0,,11.7,2026-10-10T01:45:15Z
2026,1,1328128689807818752,We can think of something funny,3,981702520521248768,mastuhbruce,12526,00-0040124,,Tetairoa McMillan,WR,CAR,1,WR,10.5,2026-10-10T01:45:15Z
2026,1,1328128689807818752,We can think of something funny,3,981702520521248768,mastuhbruce,13296,00-0041523,,Caleb Douglas,WR,MIA,0,,14.4,2026-10-10T01:45:15Z
2026,1,1328128689807818752,We can think of something funny,3,981702520521248768,mastuhbruce,13330,00-0041032,,Kenyon Sadiq,TE,NYJ,0,,12.9,2026-10-10T01:45:15Z
2026,1,1328128689807818752,We can think of something funny,3,981702520521248768,mastuhbruce,13353,00-0041047,,Chris Brazzell II,WR,CAR,0,,0.0,2026-10-10T01:45:15Z
2026,1,1328128689807818752,We can think of something funny,3,981702520521248768,mastuhbruce,13411,00-0041051,,Zavion Thomas,WR,CHI,0,,0.0,2026-10-10T01:45:15Z
2026,1,1328128689807818752,We can think of something funny,3,981702520521248768,mastuhbruce,13414,00-0041052,,Kaelon Black,RB,SF,0,,8.0,2026-10-10T01:45:15Z
2026,1,1328128689807818752,We can think of something funny,3,981702520521248768,mastuhbruce,13417,00-0041035,,De'Zhaun Stribling,WR,SF,0,,0.0,2026-10-10T01:45:15Z
2026,1,1328128689807818752,We can think of something funny,3,981702520521248768,mastuhbruce,4034,00-0033280,,Christian McCaffrey,RB,SF,1,RB,13.8,2026-10-10T01:45:15Z
2026,1,1328128689807818752,We can think of something funny,3,981702520521248768,mastuhbruce,4984,00-0034857,,Josh Allen,QB,BUF,1,QB,38.66,2026-10-10T01:45:15Z
2026,1,1328128689807818752,We can think of something funny,3,981702520521248768,mastuhbruce,6804,00-0036264,,Jordan Love,QB,GB,0,,25.48,2026-10-10T01:45:15Z
2026,1,1328128689807818752,We can think of something funny,3,981702520521248768,mastuhbruce,7525,00-0036912,,DeVonta Smith,WR,PHI,1,WR,8.3,2026-10-10T01:45:15Z
2026,1,1328128689807818752,We can think of something funny,3,981702520521248768,mastuhbruce,8126,00-0038117,,Wan'Dale Robinson,WR,TEN,0,,8.8,2026-10-10T01:45:15Z
2026,1,1328128689807818752,We can think of something funny,3,981702520521248768,mastuhbruce,8130,00-0037744,,Trey McBride,TE,ARI,1,TE,29.0,2026-10-10T01:45:15Z
2026,1,1328128689807818752,We can think of something funny,3,981702520521248768,mastuhbruce,8132,00-0037263,,Tyler Allgeier,RB,ARI,0,,9.0,2026-10-10T01:45:15Z
2026,1,1328128689807818752,We can think of something funny,3,981702520521248768,mastuhbruce,8148,00-0037240,,Jameson Williams,WR,DET,1,WR,8.5,2026-10-10T01:45:15Z
2026,1,1328128689807818752,We can think of something funny,3,981702520521248768,mastuhbruce,8167,00-0038124,,Christian Watson,WR,GB,1,FLEX,37.7,2026-10-10T01:45:15Z
2026,1,1328128689807818752,We can think of something funny,3,981702520521248768,mastuhbruce,8259,,,Cameron Dicker,K,LAC,1,K,2.0,2026-10-10T01:45:15Z
2026,1,1328128689807818752,We can think of something funny,3,981702520521248768,mastuhbruce,9225,00-0038555,,Tank Bigsby,RB,PHI,0,,0.3,2026-10-10T01:45:15Z
2026,1,1328128689807818752,We can think of something funny,3,981702520521248768,mastuhbruce,9480,00-0038935,,Brenton Strange,TE,JAX,0,,11.3,2026-10-10T01:45:15Z
2026,1,1328128689807818752,We can think of something funny,3,981702520521248768,mastuhbruce,9502,00-0038977,,Tank Dell,WR,HOU,0,,0.0,2026-10-10T01:45:15Z
2026,1,1328128689807818752,We can think of something funny,3,981702520521248768,mastuhbruce,9504,00-0038608,,Kayshon Boutte,WR,HOU,0,,3.1,2026-10-10T01:45:15Z
2026,1,1328128689807818752,We can think of something funny,3,981702520521248768,mastuhbruce,9509,00-0038542,,Bijan Robinson,RB,ATL,1,RB,31.3,2026-10-10T01:45:15Z
2026,1,1328128689807818752,We can think of something funny,3,981702520521248768,mastuhbruce,9511,00-0038454,,Keaton Mitchell,RB,LAC,0,,0.9,2026-10-10T01:45:15Z
2026,1,1328128689807818752,We can think of something funny,3,981702520521248768,mastuhbruce,LAR,,,Los Angeles Rams,DEF,LAR,1,DEF,2.0,2026-10-10T01:45:15Z
2026,1,1328128689807818752,We can think of something funny,4,981707071592681472,ohsobenji,11575,00-0039875,,Ray Davis,RB,BUF,0,,0.3,2026-10-10T01:45:15Z
2026,1,1328128689807818752,We can think of something funny,4,981707071592681472,ohsobenji,11584,00-0039361,,Bucky Irving,RB,TB,1,FLEX,20.3,2026-10-10T01:45:15Z
2026,1,1328128689807818752,We can think of something funny,4,981707071592681472,ohsobenji,11604,00-0039338,,Brock Bowers,TE,LV,0,,0.0,2026-10-10T01:45:15Z
2026,1,1328128689807818752,We can think of something funny,4,981707071592681472,ohsobenji,11626,00-0039342,,Xavier Legette,WR,CAR,0,,0.0,2026-10-10T01:45:15Z
2026,1,1328128689807818752,We can think of something funny,4,981707071592681472,ohsobenji,11783,00-0039410,,Ryan Flournoy,WR,DAL,0,,4.2,2026-10-10T01:45:15Z
2026,1,1328128689807818752,We can think of something funny,4,981707071592681472,ohsobenji,11834,00-0039424,,Devaughn Vele,WR,NO,0,,19.9,2026-10-10T01:45:15Z
2026,1,1328128689807818752,We can think of something funny,4,981707071592681472,ohsobenji,12484,00-0040130,,Jayden Higgins,WR,HOU,0,,0.0,2026-10-10T01:45:15Z
2026,1,1328128689807818752,We can think of something funny,4,981707071592681472,ohsobenji,12545,00-0040743,,Tyler Shough,QB,NO,1,SUPER_FLEX,29.2,2026-10-10T01:45:15Z
2026,1,1328128689807818752,We can think of something funny,4,981707071592681472,ohsobenji,13274,00-0041489,,Germie Bernard,WR,PIT,0,,0.0,2026-10-10T01:45:15Z
2026,1,1328128689807818752,We can think of something funny,4,981707071592681472,ohsobenji,13289,00-0041565,,Drew Allar,QB,PIT,0,,0.0,2026-10-10T01:45:15Z
2026,1,1328128689807818752,We can think of something funny,4,981707071592681472,ohsobenji,13298,00-0041547,,KC Concepcion,WR,CLE,0,,7.8,2026-10-10T01:45:15Z
2026,1,1328128689807818752,We can think of something funny,4,981707071592681472,ohsobenji,13311,00-0041525,,Chris Bell,WR,MIA,0,,3.5,2026-10-10T01:45:15Z
2026,1,1328128689807818752,We can think of something funny,4,981707071592681472,ohsobenji,2747,,,Jason Myers,K,SEA,1,K,6.6,2026-10-10T01:45:15Z
2026,1,1328128689807818752,We can think of something funny,4,981707071592681472,ohsobenji,3257,00-0033119,,Jacoby Brissett,QB,ARI,0,,16.48,2026-10-10T01:45:15Z
2026,1,1328128689807818752,We can think of something funny,4,981707071592681472,ohsobenji,3321,,,Tyreek Hill,WR,,0,,0.0,2026-10-10T01:45:15Z
2026,1,1328128689807818752,We can think of something funny,4,981707071592681472,ohsobenji,4037,00-0033921,,Chris Godwin Jr.,WR,TB,0,,8.3,2026-10-10T01:45:15Z
2026,1,1328128689807818752,We can think of something funny,4,981707071592681472,ohsobenji,4217,00-0033288,,George Kittle,TE,SF,0,,4.2,2026-10-10T01:45:15Z
2026,1,1328128689807818752,We can think of something funny,4,981707071592681472,ohsobenji,4866,00-0034844,,Saquon Barkley,RB,PHI,1,RB,9.0,2026-10-10T01:45:15Z
2026,1,1328128689807818752,We can think of something funny,4,981707071592681472,ohsobenji,4892,00-0034855,,Baker Mayfield,QB,TB,1,QB,11.64,2026-10-10T01:45:15Z
2026,1,1328128689807818752,We can think of something funny,4,981707071592681472,ohsobenji,4983,00-0034827,,DJ Moore,WR,BUF,1,WR,24.0,2026-10-10T01:45:15Z
2026,1,1328128689807818752,We can think of something funny,4,981707071592681472,ohsobenji,5947,00-0034960,,Jakobi Meyers,WR,JAX,0,,12.2,2026-10-10T01:45:15Z
2026,1,1328128689807818752,We can think of something funny,4,981707071592681472,ohsobenji,6794,00-0036322,,Justin Jefferson,WR,MIN,1,WR,31.2,2026-10-10T01:45:15Z
2026,1,1328128689807818752,We can think of something funny,4,981707071592681472,ohsobenji,7002,00-0036040,,Juwan Johnson,TE,NO,1,FLEX,15.9,2026-10-10T01:45:15Z
2026,1,1328128689807818752,We can think of something funny,4,981707071592681472,ohsobenji,7021,00-0036139,,Rico Dowdle,RB,PIT,1,FLEX,4.1,2026-10-10T01:45:15Z
2026,1,1328128689807818752,We can think of something funny,4,981707071592681472,ohsobenji,7594,00-0036555,,Chuba Hubbard,RB,CAR,0,,23.7,2026-10-10T01:45:15Z
2026,1,1328128689807818752,We can think of something funny,4,981707071592681472,ohsobenji,8112,00-0037238,,Drake London,WR,ATL,1,WR,5.5,2026-10-10T01:45:15Z
2026,1,1328128689807818752,We can think of something funny,4,981707071592681472,ohsobenji,8136,00-0037256,,Rachaad White,RB,WAS,0,,4.7,2026-10-10T01:45:15Z
2026,1,1328128689807818752,We can think of something funny,4,981707071592681472,ohsobenji,8138,00-0037248,,James Cook,RB,BUF,1,RB,9.9,2026-10-10T01:45:15Z
2026,1,1328128689807818752,We can think of something funny,4,981707071592681472,ohsobenji,8150,00-0037840,,Kyren Williams,RB,LA,1,RB,15.5,2026-10-10T01:45:15Z
2026,1,1328128689807818752,We can think of something funny,4,981707071592681472,ohsobenji,9484,00-0038996,,Tucker Kraft,TE,GB,1,TE,11.0,2026-10-10T01:45:15Z
2026,1,1328128689807818752,We can think of something funny,4,981707071592681472,ohsobenji,9500,00-0038997,,Josh Downs,WR,IND,0,,5.7,2026-10-10T01:45:15Z
2026,1,1328128689807818752,We can think of something funny,4,981707071592681472,ohsobenji,9754,00-0038544,,Quentin Johnston,WR,LAC,1,WR,3.7,2026-10-10T01:45:15Z
2026,1,1328128689807818752,We can think of something funny,4,981707071592681472,ohsobenji,HOU,,,Houston Texans,DEF,HOU,1,DEF,-1.0,2026-10-10T01:45:15Z
2026,1,1328128689807818752,We can think of something funny,5,473346537234100224,MrMasculinity,10222,00-0039146,,Jayden Reed,WR,GB,1,FLEX,5.0,2026-10-10T01:45:15Z
2026,1,1328128689807818752,We can think of something funny,5,473346537234100224,MrMasculinity,10236,00-0038933,,Dalton Kincaid,TE,BUF,0,,22.5,2026-10-10T01:45:15Z
2026,1,1328128689807818752,We can think of something funny,5,473346537234100224,MrMasculinity,11563,00-0039732,,Bo Nix,QB,DEN,1,QB,6.44,2026-10-10T01:45:15Z
2026,1,1328128689807818752,We can think of something funny,5,473346537234100224,MrMasculinity,11620,00-0039919,,Rome Odunze,WR,CHI,1,WR,7.2,2026-10-10T01:45:15Z
2026,1,1328128689807818752,We can think of something funny,5,473346537234100224,MrMasculinity,11624,00-0039894,,Xavier Worthy,WR,KC,0,,4.8,2026-10-10T01:45:15Z
2026,1,1328128689807818752,We can think of something funny,5,473346537234100224,MrMasculinity,11637,00-0039901,,Keon Coleman,WR,BUF,0,,1.1,2026-10-10T01:45:15Z
2026,1,1328128689807818752,We can think of something funny,5,473346537234100224,MrMasculinity,11638,00-0039916,,Ricky Pearsall,WR,SF,0,,0.0,2026-10-10T01:45:15Z
2026,1,1328128689807818752,We can think of something funny,5,473346537234100224,MrMasculinity,12490,00-0040719,,Bhayshul Tuten,RB,JAX,1,RB,9.8,2026-10-10T01:45:15Z
2026,1,1328128689807818752,We can think of something funny,5,473346537234100224,MrMasculinity,12497,00-0040648,,Tory Horton,WR,SEA,0,,0.0,2026-10-10T01:45:15Z
2026,1,1328128689807818752,We can think of something funny,5,473346537234100224,MrMasculinity,12506,00-0040663,,Harold Fannin Jr.,TE,CLE,1,TE,5.1,2026-10-10T01:45:15Z
2026,1,1328128689807818752,We can think of something funny,5,473346537234100224,MrMasculinity,12512,00-0040784,,Quinshon Judkins,RB,CLE,1,FLEX,7.0,2026-10-10T01:45:15Z
2026,1,1328128689807818752,We can think of something funny,5,473346537234100224,MrMasculinity,12529,00-0040734,,TreVeyon Henderson,RB,NE,1,RB,0.0,2026-10-10T01:45:15Z
2026,1,1328128689807818752,We can think of something funny,5,473346537234100224,MrMasculinity,12536,00-0040138,,Jaylin Noel,WR,HOU,0,,7.3,2026-10-10T01:45:15Z
2026,1,1328128689807818752,We can think of something funny,5,473346537234100224,MrMasculinity,13272,00-0041561,,Carson Beck,QB,ARI,0,,0.0,2026-10-10T01:45:15Z
2026,1,1328128689807818752,We can think of something funny,5,473346537234100224,MrMasculinity,13279,00-0041438,,Carnell Tate,WR,TEN,1,WR,7.8,2026-10-10T01:45:15Z
2026,1,1328128689807818752,We can think of something funny,5,473346537234100224,MrMasculinity,13294,00-0040867,,Makai Lemon,WR,PHI,0,,2.5,2026-10-10T01:45:15Z
2026,1,1328128689807818752,We can think of something funny,5,473346537234100224,MrMasculinity,13305,00-0040878,,Mike Washington Jr.,RB,LV,0,,4.1,2026-10-10T01:45:15Z
2026,1,1328128689807818752,We can think of something funny,5,473346537234100224,MrMasculinity,13346,00-0041037,,Denzel Boston,WR,CLE,0,,14.9,2026-10-10T01:45:15Z
2026,1,1328128689807818752,We can think of something funny,5,473346537234100224,MrMasculinity,13402,00-0041443,,Skyler Bell,WR,BUF,0,,0.0,2026-10-10T01:45:15Z
2026,1,1328128689807818752,We can think of something funny,5,473346537234100224,MrMasculinity,4035,00-0033906,,Alvin Kamara,RB,NO,0,,0.0,2026-10-10T01:45:15Z
2026,1,1328128689807818752,We can think of something funny,5,473346537234100224,MrMasculinity,421,00-0026498,,Matthew Stafford,QB,LA,1,SUPER_FLEX,5.1,2026-10-10T01:45:15Z
2026,1,1328128689807818752,We can think of something funny,5,473346537234100224,MrMasculinity,5846,00-0035640,,DK Metcalf,WR,PIT,0,,8.0,2026-10-10T01:45:15Z
2026,1,1328128689807818752,We can think of something funny,5,473346537234100224,MrMasculinity,5967,00-0035261,,Tony Pollard,RB,TEN,0,,4.4,2026-10-10T01:45:15Z
2026,1,1328128689807818752,We can think of something funny,5,473346537234100224,MrMasculinity,6650,,,Chase McLaughlin,K,TB,1,K,11.5,2026-10-10T01:45:15Z
2026,1,1328128689807818752,We can think of something funny,5,473346537234100224,MrMasculinity,6790,00-0036275,,D'Andre Swift,RB,CHI,1,FLEX,34.4,2026-10-10T01:45:15Z
2026,1,1328128689807818752,We can think of something funny,5,473346537234100224,MrMasculinity,7090,00-0036309,,Darnell Mooney,WR,NYG,0,,4.7,2026-10-10T01:45:15Z
2026,1,1328128689807818752,We can think of something funny,5,473346537234100224,MrMasculinity,7553,00-0036970,,Kyle Pitts,TE,ATL,0,,0.0,2026-10-10T01:45:15Z
2026,1,1328128689807818752,We can think of something funny,5,473346537234100224,MrMasculinity,8137,00-0037247,,George Pickens,WR,DAL,1,WR,5.8,2026-10-10T01:45:15Z
2026,1,1328128689807818752,We can think of something funny,5,473346537234100224,MrMasculinity,8144,00-0037239,,Chris Olave,WR,NO,1,WR,30.2,2026-10-10T01:45:15Z
2026,1,1328128689807818752,We can think of something funny,5,473346537234100224,MrMasculinity,8155,00-0038120,,Breece Hall,RB,NYJ,1,RB,21.8,2026-10-10T01:45:15Z
2026,1,1328128689807818752,We can think of something funny,5,473346537234100224,MrMasculinity,8676,00-0037545,,Rashid Shaheed,WR,SEA,0,,1.4,2026-10-10T01:45:15Z
2026,1,1328128689807818752,We can think of something funny,5,473346537234100224,MrMasculinity,9753,00-0039165,,Zach Charbonnet,RB,SEA,0,,0.0,2026-10-10T01:45:15Z
2026,1,1328128689807818752,We can think of something funny,5,473346537234100224,MrMasculinity,BUF,,,Buffalo Bills,DEF,BUF,1,DEF,8.0,2026-10-10T01:45:15Z
2026,1,1328128689807818752,We can think of something funny,6,981733843247992832,jakelotwin,10235,00-0039021,,Roschon Johnson,RB,CHI,0,,0.0,2026-10-10T01:45:15Z
2026,1,1328128689807818752,We can think of something funny,6,981733843247992832,jakelotwin,11539,,,Jake Bates,K,DET,1,K,6.3,2026-10-10T01:45:15Z
2026,1,1328128689807818752,We can think of something funny,6,981733843247992832,jakelotwin,11566,00-0039910,,Jayden Daniels,QB,WAS,0,,17.66,2026-10-10T01:45:15Z
2026,1,1328128689807818752,We can think of something funny,6,981733843247992832,jakelotwin,11576,00-0039794,,Braelon Allen,RB,NYJ,0,,4.0,2026-10-10T01:45:15Z
2026,1,1328128689807818752,We can think of something funny,6,981733843247992832,jakelotwin,11635,00-0039915,,Ladd McConkey,WR,LAC,1,WR,19.2,2026-10-10T01:45:15Z
2026,1,1328128689807818752,We can think of something funny,6,981733843247992832,jakelotwin,11655,00-0039384,,Tyrone Tracy Jr.,RB,NYG,0,,-0.6,2026-10-10T01:45:15Z
2026,1,1328128689807818752,We can think of something funny,6,981733843247992832,jakelotwin,12048,00-0039299,,George Holani,RB,SEA,0,,2.9,2026-10-10T01:45:15Z
2026,1,1328128689807818752,We can think of something funny,6,981733843247992832,jakelotwin,12474,00-0040583,,Woody Marks,RB,HOU,0,,5.0,2026-10-10T01:45:15Z
2026,1,1328128689807818752,We can think of something funny,6,981733843247992832,jakelotwin,12508,00-0040691,,Jaxson Dart,QB,NYG,1,QB,26.6,2026-10-10T01:45:15Z
2026,1,1328128689807818752,We can think of something funny,6,981733843247992832,jakelotwin,12533,00-0040242,,Jacory Croskey-Merritt,RB,WAS,0,,12.6,2026-10-10T01:45:15Z
2026,1,1328128689807818752,We can think of something funny,6,981733843247992832,jakelotwin,12535,00-0040669,,Isaac TeSlaa,WR,DET,0,,0.0,2026-10-10T01:45:15Z
2026,1,1328128689807818752,We can think of something funny,6,981733843247992832,jakelotwin,13281,00-0041029,,Jordyn Tyson,WR,NO,0,,0.0,2026-10-10T01:45:15Z
2026,1,1328128689807818752,We can think of something funny,6,981733843247992832,jakelotwin,13288,00-0040886,,Nicholas Singleton,RB,TEN,0,,0.0,2026-10-10T01:45:15Z
2026,1,1328128689807818752,We can think of something funny,6,981733843247992832,jakelotwin,13320,00-0041044,,Zachariah Branch,WR,ATL,0,,0.0,2026-10-10T01:45:15Z
2026,1,1328128689807818752,We can think of something funny,6,981733843247992832,jakelotwin,13380,00-0041550,,Brenen Thompson,WR,LAC,0,,0.0,2026-10-10T01:45:15Z
2026,1,1328128689807818752,We can think of something funny,6,981733843247992832,jakelotwin,1466,00-0030506,,Travis Kelce,TE,KC,1,TE,11.6,2026-10-10T01:45:15Z
2026,1,1328128689807818752,We can think of something funny,6,981733843247992832,jakelotwin,1479,00-0030279,,Keenan Allen,WR,IND,0,,9.2,2026-10-10T01:45:15Z
2026,1,1328128689807818752,We can think of something funny,6,981733843247992832,jakelotwin,3198,00-0032764,,Derrick Henry,RB,BAL,1,RB,37.3,2026-10-10T01:45:15Z
2026,1,1328128689807818752,We can think of something funny,6,981733843247992832,jakelotwin,4943,00-0034869,,Sam Darnold,QB,SEA,0,,0.52,2026-10-10T01:45:15Z
2026,1,1328128689807818752,We can think of something funny,6,981733843247992832,jakelotwin,5045,00-0034348,,Courtland Sutton,WR,DEN,1,FLEX,3.1,2026-10-10T01:45:15Z
2026,1,1328128689807818752,We can think of something funny,6,981733843247992832,jakelotwin,5859,00-0035676,,A.J. Brown,WR,NE,1,WR,5.6,2026-10-10T01:45:15Z
2026,1,1328128689807818752,We can think of something funny,6,981733843247992832,jakelotwin,5927,00-0035659,,Terry McLaurin,WR,WAS,1,WR,3.4,2026-10-10T01:45:15Z
2026,1,1328128689807818752,We can think of something funny,6,981733843247992832,jakelotwin,6797,00-0036355,,Justin Herbert,QB,LAC,1,SUPER_FLEX,14.26,2026-10-10T01:45:15Z
2026,1,1328128689807818752,We can think of something funny,6,981733843247992832,jakelotwin,6819,00-0036252,,Michael Pittman,WR,PIT,0,,8.8,2026-10-10T01:45:15Z
2026,1,1328128689807818752,We can think of something funny,6,981733843247992832,jakelotwin,7547,00-0036963,,Amon-Ra St. Brown,WR,DET,1,WR,28.7,2026-10-10T01:45:15Z
2026,1,1328128689807818752,We can think of something funny,6,981733843247992832,jakelotwin,8131,00-0037838,,Isaiah Likely,TE,NYG,1,FLEX,31.8,2026-10-10T01:45:15Z
2026,1,1328128689807818752,We can think of something funny,6,981733843247992832,jakelotwin,8151,00-0038134,,Kenneth Walker III,RB,KC,1,RB,39.1,2026-10-10T01:45:15Z
2026,1,1328128689807818752,We can think of something funny,6,981733843247992832,jakelotwin,8210,00-0037809,,Chig Okonkwo,TE,WAS,0,,4.6,2026-10-10T01:45:15Z
2026,1,1328128689807818752,We can think of something funny,6,981733843247992832,jakelotwin,8228,00-0037228,,Jaylen Warren,RB,PIT,1,FLEX,10.3,2026-10-10T01:45:15Z
2026,1,1328128689807818752,We can think of something funny,6,981733843247992832,jakelotwin,8800,00-0037563,,Malik Davis,RB,DAL,0,,0.0,2026-10-10T01:45:15Z
2026,1,1328128689807818752,We can think of something funny,6,981733843247992832,jakelotwin,9226,00-0039040,,De'Von Achane,RB,MIA,1,RB,10.6,2026-10-10T01:45:15Z
2026,1,1328128689807818752,We can think of something funny,6,981733843247992832,jakelotwin,DEN,,,Denver Broncos,DEF,DEN,1,DEF,3.0,2026-10-10T01:45:15Z
2026,1,1328128689807818752,We can think of something funny,6,981733843247992832,jakelotwin,LAC,,,Los Angeles Chargers,DEF,LAC,0,,1.0,2026-10-10T01:45:15Z
2026,1,1328128689807818752,We can think of something funny,7,736322979776036864,njmoses,11559,00-0039917,,Michael Penix Jr.,QB,ATL,0,,0.0,2026-10-10T01:45:15Z
2026,1,1328128689807818752,We can think of something funny,7,736322979776036864,njmoses,11625,00-0039890,,Adonai Mitchell,WR,NYJ,0,,9.0,2026-10-10T01:45:15Z
2026,1,1328128689807818752,We can think of something funny,7,736322979776036864,njmoses,12489,00-0040730,,RJ Harvey,RB,DEN,0,,8.1,2026-10-10T01:45:15Z
2026,1,1328128689807818752,We can think of something funny,7,736322979776036864,njmoses,13275,00-0041568,,Ty Simpson,QB,LA,0,,0.0,2026-10-10T01:45:15Z
2026,1,1328128689807818752,We can think of something funny,7,736322979776036864,njmoses,13286,00-0041512,,Jadarian Price,RB,SEA,1,FLEX,7.8,2026-10-10T01:45:15Z
2026,1,1328128689807818752,We can think of something funny,7,736322979776036864,njmoses,13348,00-0041217,,J'Mari Taylor,RB,JAX,0,,0.0,2026-10-10T01:45:15Z
2026,1,1328128689807818752,We can think of something funny,7,736322979776036864,njmoses,13349,00-0041483,,Eli Stowers,TE,PHI,0,,0.0,2026-10-10T01:45:15Z
2026,1,1328128689807818752,We can think of something funny,7,736322979776036864,njmoses,1373,00-0030565,,Geno Smith,QB,NYJ,0,,9.3,2026-10-10T01:45:15Z
2026,1,1328128689807818752,We can think of something funny,7,736322979776036864,njmoses,2216,00-0031408,,Mike Evans,WR,SF,1,WR,16.9,2026-10-10T01:45:15Z
2026,1,1328128689807818752,We can think of something funny,7,736322979776036864,njmoses,3214,00-0033090,,Hunter Henry,TE,NE,1,TE,7.1,2026-10-10T01:45:15Z
2026,1,1328128689807818752,We can think of something funny,7,736322979776036864,njmoses,3678,,,Wil Lutz,K,DEN,0,,4.1,2026-10-10T01:45:15Z
2026,1,1328128689807818752,We can think of something funny,7,736322979776036864,njmoses,4033,00-0033885,,David Njoku,TE,LAC,0,,13.3,2026-10-10T01:45:15Z
2026,1,1328128689807818752,We can think of something funny,7,736322979776036864,njmoses,4039,00-0033908,,Cooper Kupp,WR,SEA,0,,5.5,2026-10-10T01:45:15Z
2026,1,1328128689807818752,We can think of something funny,7,736322979776036864,njmoses,4199,00-0033293,,Aaron Jones,RB,MIN,1,FLEX,10.0,2026-10-10T01:45:15Z
2026,1,1328128689807818752,We can think of something funny,7,736322979776036864,njmoses,4881,00-0034796,,Lamar Jackson,QB,BAL,1,QB,29.96,2026-10-10T01:45:15Z
2026,1,1328128689807818752,We can think of something funny,7,736322979776036864,njmoses,6768,00-0036212,,Tua Tagovailoa,QB,ATL,0,,0.0,2026-10-10T01:45:15Z
2026,1,1328128689807818752,We can think of something funny,7,736322979776036864,njmoses,6783,00-0036407,,Jerry Jeudy,WR,CLE,0,,4.6,2026-10-10T01:45:15Z
2026,1,1328128689807818752,We can think of something funny,7,736322979776036864,njmoses,6786,00-0036358,,CeeDee Lamb,WR,DAL,1,WR,15.4,2026-10-10T01:45:15Z
2026,1,1328128689807818752,We can think of something funny,7,736322979776036864,njmoses,6806,00-0036158,,J.K. Dobbins,RB,DEN,1,RB,3.6,2026-10-10T01:45:15Z
2026,1,1328128689807818752,We can think of something funny,7,736322979776036864,njmoses,6813,00-0036223,,Jonathan Taylor,RB,IND,1,RB,25.1,2026-10-10T01:45:15Z
2026,1,1328128689807818752,We can think of something funny,7,736322979776036864,njmoses,7049,00-0036259,,Jauan Jennings,WR,MIN,0,,0.0,2026-10-10T01:45:15Z
2026,1,1328128689807818752,We can think of something funny,7,736322979776036864,njmoses,7528,00-0036893,,Najee Harris,RB,NYG,0,,0.0,2026-10-10T01:45:15Z
2026,1,1328128689807818752,We can think of something funny,7,736322979776036864,njmoses,7543,00-0036973,,Travis Etienne,RB,NO,1,RB,14.8,2026-10-10T01:45:15Z
2026,1,1328128689807818752,We can think of something funny,7,736322979776036864,njmoses,7564,00-0036900,,Ja'Marr Chase,WR,CIN,1,WR,3.2,2026-10-10T01:45:15Z
2026,1,1328128689807818752,We can think of something funny,7,736322979776036864,njmoses,7567,00-0036919,,Kenny Gainwell,RB,TB,1,SUPER_FLEX,2.8,2026-10-10T01:45:15Z
2026,1,1328128689807818752,We can think of something funny,7,736322979776036864,njmoses,7839,,,Evan McPherson,K,CIN,1,K,19.5,2026-10-10T01:45:15Z
2026,1,1328128689807818752,We can think of something funny,7,736322979776036864,njmoses,8134,00-0037261,,Khalil Shakir,WR,BUF,1,FLEX,9.0,2026-10-10T01:45:15Z
2026,1,1328128689807818752,We can think of something funny,7,736322979776036864,njmoses,9757,00-0038551,,Kendre Miller,RB,NO,0,,9.0,2026-10-10T01:45:15Z
2026,1,1328128689807818752,We can think of something funny,7,736322979776036864,njmoses,9758,00-0039163,,C.J. Stroud,QB,HOU,0,,16.46,2026-10-10T01:45:15Z
2026,1,1328128689807818752,We can think of something funny,7,736322979776036864,njmoses,9997,00-0039064,,Zay Flowers,WR,BAL,1,WR,31.0,2026-10-10T01:45:15Z
2026,1,1328128689807818752,We can think of something funny,7,736322979776036864,njmoses,PHI,,,Philadelphia Eagles,DEF,PHI,1,DEF,4.0,2026-10-10T01:45:15Z
2026,1,1328128689807818752,We can think of something funny,7,736322979776036864,njmoses,SF,,,San Francisco 49ers,DEF,SF,0,,10.0,2026-10-10T01:45:15Z
2026,1,1328128689807818752,We can think of something funny,8,981740747340795904,tmag85,10229,00-0039067,,Rashee Rice,WR,KC,1,WR,9.9,2026-10-10T01:45:15Z
2026,1,1328128689807818752,We can think of something funny,8,981740747340795904,tmag85,11586,00-0039738,,Blake Corum,RB,LA,0,,5.4,2026-10-10T01:45:15Z
2026,1,1328128689807818752,We can think of something funny,8,981740747340795904,tmag85,11603,00-0039793,,AJ Barner,TE,SEA,1,TE,4.3,2026-10-10T01:45:15Z
2026,1,1328128689807818752,We can think of something funny,8,981740747340795904,tmag85,11618,00-0039855,,Jalen McMillan,WR,TB,0,,0.0,2026-10-10T01:45:15Z
2026,1,1328128689807818752,We can think of something funny,8,981740747340795904,tmag85,11643,00-0039874,,Jaylen Wright,RB,MIA,0,,-0.1,2026-10-10T01:45:15Z
2026,1,1328128689807818752,We can think of something funny,8,981740747340795904,tmag85,12487,00-0040737,,Terrance Ferguson,TE,LA,0,,0.0,2026-10-10T01:45:15Z
2026,1,1328128689807818752,We can think of something funny,8,981740747340795904,tmag85,12493,00-0040189,,Oronde Gadsden II,TE,LAC,0,,6.2,2026-10-10T01:45:15Z
2026,1,1328128689807818752,We can think of something funny,8,981740747340795904,tmag85,12519,00-0040735,,Luther Burden III,WR,CHI,1,WR,9.5,2026-10-10T01:45:15Z
2026,1,1328128689807818752,We can think of something funny,8,981740747340795904,tmag85,12527,00-0040122,,Ashton Jeanty,RB,LV,1,RB,34.7,2026-10-10T01:45:15Z
2026,1,1328128689807818752,We can think of something funny,8,981740747340795904,tmag85,12534,00-0040236,,Kyle Monangai,RB,CHI,1,RB,25.4,2026-10-10T01:45:15Z
2026,1,1328128689807818752,We can think of something funny,8,981740747340795904,tmag85,12547,00-0040131,,Kyle Williams,WR,NE,0,,0.0,2026-10-10T01:45:15Z
2026,1,1328128689807818752,We can think of something funny,8,981740747340795904,tmag85,12713,,,Andy Borregales,K,NE,1,K,6.0,2026-10-10T01:45:15Z
2026,1,1328128689807818752,We can think of something funny,8,981740747340795904,tmag85,13285,00-0041042,,Malachi Fields,WR,NYG,0,,4.5,2026-10-10T01:45:15Z
2026,1,1328128689807818752,We can think of something funny,8,981740747340795904,tmag85,13337,00-0041013,,Emmett Johnson,RB,KC,0,,8.8,2026-10-10T01:45:15Z
2026,1,1328128689807818752,We can think of something funny,8,981740747340795904,tmag85,13345,00-0041496,,Jonah Coleman,RB,DEN,0,,0.0,2026-10-10T01:45:15Z
2026,1,1328128689807818752,We can think of something funny,8,981740747340795904,tmag85,13424,00-0041125,,Seth McGowan,RB,IND,0,,1.0,2026-10-10T01:45:15Z
2026,1,1328128689807818752,We can think of something funny,8,981740747340795904,tmag85,13477,00-0041069,,Colbie Young,WR,CIN,0,,0.0,2026-10-10T01:45:15Z
2026,1,1328128689807818752,We can think of something funny,8,981740747340795904,tmag85,2133,00-0031381,,Davante Adams,WR,LA,1,WR,5.6,2026-10-10T01:45:15Z
2026,1,1328128689807818752,We can think of something funny,8,981740747340795904,tmag85,5870,00-0035710,,Daniel Jones,QB,IND,0,,10.04,2026-10-10T01:45:15Z
2026,1,1328128689807818752,We can think of something funny,8,981740747340795904,tmag85,5872,00-0035719,,Deebo Samuel Sr.,WR,SF,0,,18.0,2026-10-10T01:45:15Z
2026,1,1328128689807818752,We can think of something funny,8,981740747340795904,tmag85,6770,00-0036442,,Joe Burrow,QB,CIN,1,QB,15.16,2026-10-10T01:45:15Z
2026,1,1328128689807818752,We can think of something funny,8,981740747340795904,tmag85,6801,00-0036410,,Tee Higgins,WR,CIN,1,WR,8.9,2026-10-10T01:45:15Z
2026,1,1328128689807818752,We can think of something funny,8,981740747340795904,tmag85,7523,00-0036971,,Trevor Lawrence,QB,JAX,1,SUPER_FLEX,26.1,2026-10-10T01:45:15Z
2026,1,1328128689807818752,We can think of something funny,8,981740747340795904,tmag85,8110,00-0038041,,Jake Ferguson,TE,DAL,0,,3.6,2026-10-10T01:45:15Z
2026,1,1328128689807818752,We can think of something funny,8,981740747340795904,tmag85,8121,00-0037816,,Romeo Doubs,WR,NE,0,,0.0,2026-10-10T01:45:15Z
2026,1,1328128689807818752,We can think of something funny,8,981740747340795904,tmag85,8142,00-0037664,,Alec Pierce,WR,IND,1,FLEX,10.1,2026-10-10T01:45:15Z
2026,1,1328128689807818752,We can think of something funny,8,981740747340795904,tmag85,8161,00-0038128,,Malik Willis,QB,MIA,0,,17.7,2026-10-10T01:45:15Z
2026,1,1328128689807818752,We can think of something funny,8,981740747340795904,tmag85,8205,00-0037197,,Isiah Pacheco,RB,DET,0,,0.0,2026-10-10T01:45:15Z
2026,1,1328128689807818752,We can think of something funny,8,981740747340795904,tmag85,9224,00-0038597,,Chase Brown,RB,CIN,1,RB,18.8,2026-10-10T01:45:15Z
2026,1,1328128689807818752,We can think of something funny,8,981740747340795904,tmag85,9487,00-0038606,,Parker Washington,WR,JAX,1,FLEX,19.3,2026-10-10T01:45:15Z
2026,1,1328128689807818752,We can think of something funny,8,981740747340795904,tmag85,9506,00-0038951,,Sean Tucker,RB,TB,0,,0.0,2026-10-10T01:45:15Z
2026,1,1328128689807818752,We can think of something funny,8,981740747340795904,tmag85,9756,00-0038994,,Jordan Addison,WR,MIN,1,FLEX,0.0,2026-10-10T01:45:15Z
2026,1,1328128689807818752,We can think of something funny,8,981740747340795904,tmag85,NE,,,New England Patriots,DEF,NE,1,DEF,6.0,2026-10-10T01:45:15Z
2026,1,1384263065352015872,Gooma's Family League,1,473347412346269696,tmwrigh,10219,00-0038611,,Chris Rodriguez Jr.,RB,JAX,0,,2.3,2026-10-10T01:45:15Z
2026,1,1384263065352015872,Gooma's Family League,1,473347412346269696,tmwrigh,10859,00-0039065,,Sam LaPorta,TE,DET,1,TE,9.8,2026-10-10T01:45:15Z
2026,1,1384263065352015872,Gooma's Family League,1,473347412346269696,tmwrigh,11539,,,Jake Bates,K,DET,1,K,7.0,2026-10-10T01:45:15Z
2026,1,1384263065352015872,Gooma's Family League,1,473347412346269696,tmwrigh,12526,00-0040124,,Tetairoa McMillan,WR,CAR,1,WR,10.5,2026-10-10T01:45:15Z
2026,1,1384263065352015872,Gooma's Family League,1,473347412346269696,tmwrigh,13293,00-0040870,,Ja'Kobi Lane,WR,BAL,0,,2.1,2026-10-10T01:45:15Z
2026,1,1384263065352015872,Gooma's Family League,1,473347412346269696,tmwrigh,13296,00-0041523,,Caleb Douglas,WR,MIA,0,,14.4,2026-10-10T01:45:15Z
2026,1,1384263065352015872,Gooma's Family League,1,473347412346269696,tmwrigh,13311,00-0041525,,Chris Bell,WR,MIA,0,,3.5,2026-10-10T01:45:15Z
2026,1,1384263065352015872,Gooma's Family League,1,473347412346269696,tmwrigh,4033,00-0033885,,David Njoku,TE,LAC,0,,10.8,2026-10-10T01:45:15Z
2026,1,1384263065352015872,Gooma's Family League,1,473347412346269696,tmwrigh,4217,00-0033288,,George Kittle,TE,SF,1,FLEX,3.2,2026-10-10T01:45:15Z
2026,1,1384263065352015872,Gooma's Family League,1,473347412346269696,tmwrigh,4983,00-0034827,,DJ Moore,WR,BUF,1,WR,21.0,2026-10-10T01:45:15Z
2026,1,1384263065352015872,Gooma's Family League,1,473347412346269696,tmwrigh,5846,00-0035640,,DK Metcalf,WR,PIT,1,FLEX,8.0,2026-10-10T01:45:15Z
2026,1,1384263065352015872,Gooma's Family League,1,473347412346269696,tmwrigh,6797,00-0036355,,Justin Herbert,QB,LAC,1,QB,13.26,2026-10-10T01:45:15Z
2026,1,1384263065352015872,Gooma's Family League,1,473347412346269696,tmwrigh,7588,00-0036997,,Javonte Williams,RB,DAL,1,RB,24.2,2026-10-10T01:45:15Z
2026,1,1384263065352015872,Gooma's Family League,1,473347412346269696,tmwrigh,8161,00-0038128,,Malik Willis,QB,MIA,1,SUPER_FLEX,16.7,2026-10-10T01:45:15Z
2026,1,1384263065352015872,Gooma's Family League,1,473347412346269696,tmwrigh,8408,00-0037525,,Jordan Mason,RB,MIN,0,,11.9,2026-10-10T01:45:15Z
2026,1,1384263065352015872,Gooma's Family League,1,473347412346269696,tmwrigh,8800,00-0037563,,Malik Davis,RB,DAL,0,,0.0,2026-10-10T01:45:15Z
2026,1,1384263065352015872,Gooma's Family League,1,473347412346269696,tmwrigh,9226,00-0039040,,De'Von Achane,RB,MIA,1,RB,10.6,2026-10-10T01:45:15Z
2026,1,1384263065352015872,Gooma's Family League,1,473347412346269696,tmwrigh,9228,00-0039150,,Bryce Young,QB,CAR,0,,31.44,2026-10-10T01:45:15Z
2026,1,1384263065352015872,Gooma's Family League,1,473347412346269696,tmwrigh,9488,00-0038543,,Jaxon Smith-Njigba,WR,SEA,1,WR,26.2,2026-10-10T01:45:15Z
2026,1,1384263065352015872,Gooma's Family League,1,473347412346269696,tmwrigh,MIN,,,Minnesota Vikings,DEF,MIN,1,DEF,7.0,2026-10-10T01:45:15Z
2026,1,1384263065352015872,Gooma's Family League,2,830805333189455872,thewrightdek,11584,00-0039361,,Bucky Irving,RB,TB,1,RB,20.3,2026-10-10T01:45:15Z
2026,1,1384263065352015872,Gooma's Family League,2,830805333189455872,thewrightdek,11631,00-0039893,,Brian Thomas Jr.,WR,JAX,1,WR,7.0,2026-10-10T01:45:15Z
2026,1,1384263065352015872,Gooma's Family League,2,830805333189455872,thewrightdek,11792,,,Will Reichard,K,MIN,1,K,7.0,2026-10-10T01:45:15Z
2026,1,1384263065352015872,Gooma's Family League,2,830805333189455872,thewrightdek,12508,00-0040691,,Jaxson Dart,QB,NYG,1,QB,26.6,2026-10-10T01:45:15Z
2026,1,1384263065352015872,Gooma's Family League,2,830805333189455872,thewrightdek,12517,00-0040126,,Colston Loveland,TE,CHI,1,TE,0.0,2026-10-10T01:45:15Z
2026,1,1384263065352015872,Gooma's Family League,2,830805333189455872,thewrightdek,12522,00-0040676,,Cam Ward,QB,TEN,1,SUPER_FLEX,11.7,2026-10-10T01:45:15Z
2026,1,1384263065352015872,Gooma's Family League,2,830805333189455872,thewrightdek,13298,00-0041547,,KC Concepcion,WR,CLE,0,,7.8,2026-10-10T01:45:15Z
2026,1,1384263065352015872,Gooma's Family League,2,830805333189455872,thewrightdek,13345,00-0041496,,Jonah Coleman,RB,DEN,0,,0.0,2026-10-10T01:45:15Z
2026,1,1384263065352015872,Gooma's Family League,2,830805333189455872,thewrightdek,4017,00-0033537,,Deshaun Watson,QB,CLE,0,,14.0,2026-10-10T01:45:15Z
2026,1,1384263065352015872,Gooma's Family League,2,830805333189455872,thewrightdek,4227,,,Harrison Butker,K,KC,0,,7.0,2026-10-10T01:45:15Z
2026,1,1384263065352015872,Gooma's Family League,2,830805333189455872,thewrightdek,4866,00-0034844,,Saquon Barkley,RB,PHI,1,RB,9.0,2026-10-10T01:45:15Z
2026,1,1384263065352015872,Gooma's Family League,2,830805333189455872,thewrightdek,5872,00-0035719,,Deebo Samuel Sr.,WR,SF,0,,18.0,2026-10-10T01:45:15Z
2026,1,1384263065352015872,Gooma's Family League,2,830805333189455872,thewrightdek,5927,00-0035659,,Terry McLaurin,WR,WAS,1,WR,3.4,2026-10-10T01:45:15Z
2026,1,1384263065352015872,Gooma's Family League,2,830805333189455872,thewrightdek,6783,00-0036407,,Jerry Jeudy,WR,CLE,0,,4.6,2026-10-10T01:45:15Z
2026,1,1384263065352015872,Gooma's Family League,2,830805333189455872,thewrightdek,6794,00-0036322,,Justin Jefferson,WR,MIN,1,WR,31.2,2026-10-10T01:45:15Z
2026,1,1384263065352015872,Gooma's Family League,2,830805333189455872,thewrightdek,7021,00-0036139,,Rico Dowdle,RB,PIT,1,FLEX,4.1,2026-10-10T01:45:15Z
2026,1,1384263065352015872,Gooma's Family League,2,830805333189455872,thewrightdek,7553,00-0036970,,Kyle Pitts,TE,ATL,1,FLEX,0.0,2026-10-10T01:45:15Z
2026,1,1384263065352015872,Gooma's Family League,2,830805333189455872,thewrightdek,9480,00-0038935,,Brenton Strange,TE,JAX,0,,10.3,2026-10-10T01:45:15Z
2026,1,1384263065352015872,Gooma's Family League,2,830805333189455872,thewrightdek,LV,,,Las Vegas Raiders,DEF,LV,1,DEF,16.0,2026-10-10T01:45:15Z
2026,1,1384263065352015872,Gooma's Family League,2,830805333189455872,thewrightdek,TB,,,Tampa Bay Buccaneers,DEF,TB,0,,8.0,2026-10-10T01:45:15Z
2026,1,1384263065352015872,Gooma's Family League,3,832062563456999424,sdw0605,11533,,,Brandon Aubrey,K,DAL,1,K,1.0,2026-10-10T01:45:15Z
2026,1,1384263065352015872,Gooma's Family League,3,832062563456999424,sdw0605,11560,00-0039918,,Caleb Williams,QB,CHI,1,QB,37.26,2026-10-10T01:45:15Z
2026,1,1384263065352015872,Gooma's Family League,3,832062563456999424,sdw0605,11834,00-0039424,,Devaughn Vele,WR,NO,1,FLEX,19.9,2026-10-10T01:45:15Z
2026,1,1384263065352015872,Gooma's Family League,3,832062563456999424,sdw0605,12530,00-0040718,,Travis Hunter,WR,JAX,0,,2.1,2026-10-10T01:45:15Z
2026,1,1384263065352015872,Gooma's Family League,3,832062563456999424,sdw0605,13288,00-0040886,,Nicholas Singleton,RB,TEN,0,,0.0,2026-10-10T01:45:15Z
2026,1,1384263065352015872,Gooma's Family League,3,832062563456999424,sdw0605,13301,00-0041040,,Antonio Williams,WR,WAS,0,,16.4,2026-10-10T01:45:15Z
2026,1,1384263065352015872,Gooma's Family League,3,832062563456999424,sdw0605,13337,00-0041013,,Emmett Johnson,RB,KC,0,,8.8,2026-10-10T01:45:15Z
2026,1,1384263065352015872,Gooma's Family League,3,832062563456999424,sdw0605,13414,00-0041052,,Kaelon Black,RB,SF,0,,8.0,2026-10-10T01:45:15Z
2026,1,1384263065352015872,Gooma's Family League,3,832062563456999424,sdw0605,1466,00-0030506,,Travis Kelce,TE,KC,1,TE,10.1,2026-10-10T01:45:15Z
2026,1,1384263065352015872,Gooma's Family League,3,832062563456999424,sdw0605,2133,00-0031381,,Davante Adams,WR,LA,1,WR,5.6,2026-10-10T01:45:15Z
2026,1,1384263065352015872,Gooma's Family League,3,832062563456999424,sdw0605,6819,00-0036252,,Michael Pittman,WR,PIT,0,,8.8,2026-10-10T01:45:15Z
2026,1,1384263065352015872,Gooma's Family League,3,832062563456999424,sdw0605,7523,00-0036971,,Trevor Lawrence,QB,JAX,1,SUPER_FLEX,26.1,2026-10-10T01:45:15Z
2026,1,1384263065352015872,Gooma's Family League,3,832062563456999424,sdw0605,8137,00-0037247,,George Pickens,WR,DAL,1,WR,5.8,2026-10-10T01:45:15Z
2026,1,1384263065352015872,Gooma's Family League,3,832062563456999424,sdw0605,8146,00-0037740,,Garrett Wilson,WR,NYJ,1,WR,13.9,2026-10-10T01:45:15Z
2026,1,1384263065352015872,Gooma's Family League,3,832062563456999424,sdw0605,8210,00-0037809,,Chig Okonkwo,TE,WAS,0,,3.6,2026-10-10T01:45:15Z
2026,1,1384263065352015872,Gooma's Family League,3,832062563456999424,sdw0605,8228,00-0037228,,Jaylen Warren,RB,PIT,1,RB,10.3,2026-10-10T01:45:15Z
2026,1,1384263065352015872,Gooma's Family League,3,832062563456999424,sdw0605,9221,00-0039139,,Jahmyr Gibbs,RB,DET,1,RB,33.6,2026-10-10T01:45:15Z
2026,1,1384263065352015872,Gooma's Family League,3,832062563456999424,sdw0605,9754,00-0038544,,Quentin Johnston,WR,LAC,1,FLEX,3.7,2026-10-10T01:45:15Z
2026,1,1384263065352015872,Gooma's Family League,3,832062563456999424,sdw0605,BAL,,,Baltimore Ravens,DEF,BAL,0,,9.0,2026-10-10T01:45:15Z
2026,1,1384263065352015872,Gooma's Family League,3,832062563456999424,sdw0605,HOU,,,Houston Texans,DEF,HOU,1,DEF,-4.0,2026-10-10T01:45:15Z
2026,1,1384263065352015872,Gooma's Family League,4,833032703791210496,mottwright,10232,00-0038559,,Michael Wilson,WR,ARI,1,FLEX,10.6,2026-10-10T01:45:15Z
2026,1,1384263065352015872,Gooma's Family League,4,833032703791210496,mottwright,11786,,,Cam Little,K,JAX,1,K,12.0,2026-10-10T01:45:15Z
2026,1,1384263065352015872,Gooma's Family League,4,833032703791210496,mottwright,12484,00-0040130,,Jayden Higgins,WR,HOU,0,,0.0,2026-10-10T01:45:15Z
2026,1,1384263065352015872,Gooma's Family League,4,833032703791210496,mottwright,12489,00-0040730,,RJ Harvey,RB,DEN,1,RB,8.1,2026-10-10T01:45:15Z
2026,1,1384263065352015872,Gooma's Family League,4,833032703791210496,mottwright,12506,00-0040663,,Harold Fannin Jr.,TE,CLE,1,TE,4.1,2026-10-10T01:45:15Z
2026,1,1384263065352015872,Gooma's Family League,4,833032703791210496,mottwright,12514,00-0040129,,Emeka Egbuka,WR,TB,1,WR,11.3,2026-10-10T01:45:15Z
2026,1,1384263065352015872,Gooma's Family League,4,833032703791210496,mottwright,13346,00-0041037,,Denzel Boston,WR,CLE,0,,13.9,2026-10-10T01:45:15Z
2026,1,1384263065352015872,Gooma's Family League,4,833032703791210496,mottwright,3257,00-0033119,,Jacoby Brissett,QB,ARI,0,,16.48,2026-10-10T01:45:15Z
2026,1,1384263065352015872,Gooma's Family League,4,833032703791210496,mottwright,4881,00-0034796,,Lamar Jackson,QB,BAL,1,QB,24.96,2026-10-10T01:45:15Z
2026,1,1384263065352015872,Gooma's Family League,4,833032703791210496,mottwright,5189,,,Eddy Pineiro,K,SF,0,,10.0,2026-10-10T01:45:15Z
2026,1,1384263065352015872,Gooma's Family League,4,833032703791210496,mottwright,5892,00-0035685,,David Montgomery,RB,HOU,1,RB,28.9,2026-10-10T01:45:15Z
2026,1,1384263065352015872,Gooma's Family League,4,833032703791210496,mottwright,6149,00-0035535,,Darius Slayton,WR,IND,0,,0.0,2026-10-10T01:45:15Z
2026,1,1384263065352015872,Gooma's Family League,4,833032703791210496,mottwright,6786,00-0036358,,CeeDee Lamb,WR,DAL,1,WR,15.4,2026-10-10T01:45:15Z
2026,1,1384263065352015872,Gooma's Family League,4,833032703791210496,mottwright,6904,00-0036389,,Jalen Hurts,QB,PHI,1,SUPER_FLEX,24.72,2026-10-10T01:45:15Z
2026,1,1384263065352015872,Gooma's Family League,4,833032703791210496,mottwright,7611,00-0036875,,Rhamondre Stevenson,RB,NE,1,FLEX,14.5,2026-10-10T01:45:15Z
2026,1,1384263065352015872,Gooma's Family League,4,833032703791210496,mottwright,8110,00-0038041,,Jake Ferguson,TE,DAL,0,,2.6,2026-10-10T01:45:15Z
2026,1,1384263065352015872,Gooma's Family League,4,833032703791210496,mottwright,8144,00-0037239,,Chris Olave,WR,NO,1,WR,28.2,2026-10-10T01:45:15Z
2026,1,1384263065352015872,Gooma's Family League,4,833032703791210496,mottwright,8205,00-0037197,,Isiah Pacheco,RB,DET,0,,0.0,2026-10-10T01:45:15Z
2026,1,1384263065352015872,Gooma's Family League,4,833032703791210496,mottwright,KC,,,Kansas City Chiefs,DEF,KC,0,,15.0,2026-10-10T01:45:15Z
2026,1,1384263065352015872,Gooma's Family League,4,833032703791210496,mottwright,PHI,,,Philadelphia Eagles,DEF,PHI,1,DEF,6.0,2026-10-10T01:45:15Z
2026,1,1384263065352015872,Gooma's Family League,5,833115032651939840,sylviaquack,10222,00-0039146,,Jayden Reed,WR,GB,0,,5.0,2026-10-10T01:45:15Z
2026,1,1384263065352015872,Gooma's Family League,5,833115032651939840,sylviaquack,11559,00-0039917,,Michael Penix Jr.,QB,ATL,0,,0.0,2026-10-10T01:45:15Z
2026,1,1384263065352015872,Gooma's Family League,5,833115032651939840,sylviaquack,11581,00-0039811,,MarShawn Lloyd,RB,GB,0,,3.7,2026-10-10T01:45:15Z
2026,1,1384263065352015872,Gooma's Family League,5,833115032651939840,sylviaquack,11620,00-0039919,,Rome Odunze,WR,CHI,1,WR,7.2,2026-10-10T01:45:15Z
2026,1,1384263065352015872,Gooma's Family League,5,833115032651939840,sylviaquack,11632,00-0039337,,Malik Nabers,WR,NYG,1,WR,12.9,2026-10-10T01:45:15Z
2026,1,1384263065352015872,Gooma's Family League,5,833115032651939840,sylviaquack,12469,00-0040162,,Dylan Sampson,RB,CLE,0,,0.0,2026-10-10T01:45:15Z
2026,1,1384263065352015872,Gooma's Family League,5,833115032651939840,sylviaquack,12490,00-0040719,,Bhayshul Tuten,RB,JAX,1,RB,9.8,2026-10-10T01:45:15Z
2026,1,1384263065352015872,Gooma's Family League,5,833115032651939840,sylviaquack,13417,00-0041035,,De'Zhaun Stribling,WR,SF,0,,0.0,2026-10-10T01:45:15Z
2026,1,1384263065352015872,Gooma's Family League,5,833115032651939840,sylviaquack,3198,00-0032764,,Derrick Henry,RB,BAL,1,RB,35.3,2026-10-10T01:45:15Z
2026,1,1384263065352015872,Gooma's Family League,5,833115032651939840,sylviaquack,4035,00-0033906,,Alvin Kamara,RB,NO,0,,0.0,2026-10-10T01:45:15Z
2026,1,1384263065352015872,Gooma's Family League,5,833115032651939840,sylviaquack,5012,00-0034753,,Mark Andrews,TE,BAL,1,FLEX,8.9,2026-10-10T01:45:15Z
2026,1,1384263065352015872,Gooma's Family League,5,833115032651939840,sylviaquack,6804,00-0036264,,Jordan Love,QB,GB,1,SUPER_FLEX,19.48,2026-10-10T01:45:15Z
2026,1,1384263065352015872,Gooma's Family League,5,833115032651939840,sylviaquack,7564,00-0036900,,Ja'Marr Chase,WR,CIN,1,WR,3.2,2026-10-10T01:45:15Z
2026,1,1384263065352015872,Gooma's Family League,5,833115032651939840,sylviaquack,7594,00-0036555,,Chuba Hubbard,RB,CAR,1,FLEX,23.7,2026-10-10T01:45:15Z
2026,1,1384263065352015872,Gooma's Family League,5,833115032651939840,sylviaquack,7839,,,Evan McPherson,K,CIN,1,K,19.0,2026-10-10T01:45:15Z
2026,1,1384263065352015872,Gooma's Family League,5,833115032651939840,sylviaquack,8130,00-0037744,,Trey McBride,TE,ARI,1,TE,24.5,2026-10-10T01:45:15Z
2026,1,1384263065352015872,Gooma's Family League,5,833115032651939840,sylviaquack,8172,00-0037252,,Greg Dulcich,TE,MIA,0,,3.8,2026-10-10T01:45:15Z
2026,1,1384263065352015872,Gooma's Family League,5,833115032651939840,sylviaquack,8183,00-0037834,,Brock Purdy,QB,SF,1,QB,21.1,2026-10-10T01:45:15Z
2026,1,1384263065352015872,Gooma's Family League,5,833115032651939840,sylviaquack,9756,00-0038994,,Jordan Addison,WR,MIN,0,,0.0,2026-10-10T01:45:15Z
2026,1,1384263065352015872,Gooma's Family League,5,833115032651939840,sylviaquack,NE,,,New England Patriots,DEF,NE,1,DEF,7.0,2026-10-10T01:45:15Z
2026,1,1384263065352015872,Gooma's Family League,6,473346537234100224,MrMasculinity,11564,00-0039851,,Drake Maye,QB,NE,1,QB,9.82,2026-10-10T01:45:15Z
2026,1,1384263065352015872,Gooma's Family League,6,473346537234100224,MrMasculinity,11604,00-0039338,,Brock Bowers,TE,LV,0,,0.0,2026-10-10T01:45:15Z
2026,1,1384263065352015872,Gooma's Family League,6,473346537234100224,MrMasculinity,11647,00-0039391,,Kimani Vidal,RB,LAC,0,,0.0,2026-10-10T01:45:15Z
2026,1,1384263065352015872,Gooma's Family League,6,473346537234100224,MrMasculinity,12512,00-0040784,,Quinshon Judkins,RB,CLE,1,RB,7.0,2026-10-10T01:45:15Z
2026,1,1384263065352015872,Gooma's Family League,6,473346537234100224,MrMasculinity,13272,00-0041561,,Carson Beck,QB,ARI,0,,0.0,2026-10-10T01:45:15Z
2026,1,1384263065352015872,Gooma's Family League,6,473346537234100224,MrMasculinity,13276,00-0041511,,Omar Cooper Jr.,WR,NYJ,0,,4.0,2026-10-10T01:45:15Z
2026,1,1384263065352015872,Gooma's Family League,6,473346537234100224,MrMasculinity,13281,00-0041029,,Jordyn Tyson,WR,NO,1,FLEX,0.0,2026-10-10T01:45:15Z
2026,1,1384263065352015872,Gooma's Family League,6,473346537234100224,MrMasculinity,1373,00-0030565,,Geno Smith,QB,NYJ,0,,9.3,2026-10-10T01:45:15Z
2026,1,1384263065352015872,Gooma's Family League,6,473346537234100224,MrMasculinity,1945,,,Chris Boswell,K,PIT,1,K,8.0,2026-10-10T01:45:15Z
2026,1,1384263065352015872,Gooma's Family League,6,473346537234100224,MrMasculinity,4199,00-0033293,,Aaron Jones,RB,MIN,0,,10.0,2026-10-10T01:45:15Z
2026,1,1384263065352015872,Gooma's Family League,6,473346537234100224,MrMasculinity,5844,00-0035229,,T.J. Hockenson,TE,MIN,1,TE,13.6,2026-10-10T01:45:15Z
2026,1,1384263065352015872,Gooma's Family League,6,473346537234100224,MrMasculinity,5947,00-0034960,,Jakobi Meyers,WR,JAX,1,WR,12.2,2026-10-10T01:45:15Z
2026,1,1384263065352015872,Gooma's Family League,6,473346537234100224,MrMasculinity,5967,00-0035261,,Tony Pollard,RB,TEN,1,FLEX,4.4,2026-10-10T01:45:15Z
2026,1,1384263065352015872,Gooma's Family League,6,473346537234100224,MrMasculinity,6770,00-0036442,,Joe Burrow,QB,CIN,1,SUPER_FLEX,14.16,2026-10-10T01:45:15Z
2026,1,1384263065352015872,Gooma's Family League,6,473346537234100224,MrMasculinity,7525,00-0036912,,DeVonta Smith,WR,PHI,1,WR,8.3,2026-10-10T01:45:15Z
2026,1,1384263065352015872,Gooma's Family League,6,473346537234100224,MrMasculinity,7567,00-0036919,,Kenny Gainwell,RB,TB,0,,2.8,2026-10-10T01:45:15Z
2026,1,1384263065352015872,Gooma's Family League,6,473346537234100224,MrMasculinity,8121,00-0037816,,Romeo Doubs,WR,NE,0,,0.0,2026-10-10T01:45:15Z
2026,1,1384263065352015872,Gooma's Family League,6,473346537234100224,MrMasculinity,8155,00-0038120,,Breece Hall,RB,NYJ,1,RB,19.8,2026-10-10T01:45:15Z
2026,1,1384263065352015872,Gooma's Family League,6,473346537234100224,MrMasculinity,9487,00-0038606,,Parker Washington,WR,JAX,1,WR,19.3,2026-10-10T01:45:15Z
2026,1,1384263065352015872,Gooma's Family League,6,473346537234100224,MrMasculinity,DET,,,Detroit Lions,DEF,DET,1,DEF,6.0,2026-10-10T01:45:15Z
2026,1,1384263065352015872,Gooma's Family League,7,833447941745270784,EmJDGregg,10213,00-0038563,,Tre Tucker,WR,LV,0,,4.7,2026-10-10T01:45:15Z
2026,1,1384263065352015872,Gooma's Family League,7,833447941745270784,EmJDGregg,10236,00-0038933,,Dalton Kincaid,TE,BUF,1,TE,18.0,2026-10-10T01:45:15Z
2026,1,1384263065352015872,Gooma's Family League,7,833447941745270784,EmJDGregg,11563,00-0039732,,Bo Nix,QB,DEN,1,SUPER_FLEX,5.44,2026-10-10T01:45:15Z
2026,1,1384263065352015872,Gooma's Family League,7,833447941745270784,EmJDGregg,11610,00-0039880,,Malik Washington,WR,MIA,0,,6.3,2026-10-10T01:45:15Z
2026,1,1384263065352015872,Gooma's Family League,7,833447941745270784,EmJDGregg,12474,00-0040583,,Woody Marks,RB,HOU,0,,5.0,2026-10-10T01:45:15Z
2026,1,1384263065352015872,Gooma's Family League,7,833447941745270784,EmJDGregg,12533,00-0040242,,Jacory Croskey-Merritt,RB,WAS,0,,12.6,2026-10-10T01:45:15Z
2026,1,1384263065352015872,Gooma's Family League,7,833447941745270784,EmJDGregg,13269,00-0041562,,Fernando Mendoza,QB,LV,0,,0.0,2026-10-10T01:45:15Z
2026,1,1384263065352015872,Gooma's Family League,7,833447941745270784,EmJDGregg,13286,00-0041512,,Jadarian Price,RB,SEA,1,RB,7.8,2026-10-10T01:45:15Z
2026,1,1384263065352015872,Gooma's Family League,7,833447941745270784,EmJDGregg,13330,00-0041032,,Kenyon Sadiq,TE,NYJ,0,,11.4,2026-10-10T01:45:15Z
2026,1,1384263065352015872,Gooma's Family League,7,833447941745270784,EmJDGregg,13413,00-0040890,,Cyrus Allen,WR,KC,0,,0.0,2026-10-10T01:45:15Z
2026,1,1384263065352015872,Gooma's Family League,7,833447941745270784,EmJDGregg,4137,00-0033553,,James Conner,RB,ARI,1,FLEX,0.0,2026-10-10T01:45:15Z
2026,1,1384263065352015872,Gooma's Family League,7,833447941745270784,EmJDGregg,4984,00-0034857,,Josh Allen,QB,BUF,1,QB,35.66,2026-10-10T01:45:15Z
2026,1,1384263065352015872,Gooma's Family League,7,833447941745270784,EmJDGregg,6801,00-0036410,,Tee Higgins,WR,CIN,1,WR,8.9,2026-10-10T01:45:15Z
2026,1,1384263065352015872,Gooma's Family League,7,833447941745270784,EmJDGregg,6806,00-0036158,,J.K. Dobbins,RB,DEN,1,FLEX,3.6,2026-10-10T01:45:15Z
2026,1,1384263065352015872,Gooma's Family League,7,833447941745270784,EmJDGregg,7600,00-0036894,,Pat Freiermuth,TE,PIT,0,,15.6,2026-10-10T01:45:15Z
2026,1,1384263065352015872,Gooma's Family League,7,833447941745270784,EmJDGregg,8142,00-0037664,,Alec Pierce,WR,IND,1,WR,10.1,2026-10-10T01:45:15Z
2026,1,1384263065352015872,Gooma's Family League,7,833447941745270784,EmJDGregg,8150,00-0037840,,Kyren Williams,RB,LA,1,RB,15.5,2026-10-10T01:45:15Z
2026,1,1384263065352015872,Gooma's Family League,7,833447941745270784,EmJDGregg,8180,00-0037291,,Jalen Nailor,WR,LV,1,WR,5.7,2026-10-10T01:45:15Z
2026,1,1384263065352015872,Gooma's Family League,7,833447941745270784,EmJDGregg,8259,,,Cameron Dicker,K,LAC,1,K,2.0,2026-10-10T01:45:15Z
2026,1,1384263065352015872,Gooma's Family League,7,833447941745270784,EmJDGregg,LAR,,,Los Angeles Rams,DEF,LAR,1,DEF,1.0,2026-10-10T01:45:15Z
2026,1,1384263065352015872,Gooma's Family League,8,833822561476415488,jimgregg,11566,00-0039910,,Jayden Daniels,QB,WAS,1,QB,17.66,2026-10-10T01:45:15Z
2026,1,1384263065352015872,Gooma's Family League,8,833822561476415488,jimgregg,11575,00-0039875,,Ray Davis,RB,BUF,1,RB,0.3,2026-10-10T01:45:15Z
2026,1,1384263065352015872,Gooma's Family League,8,833822561476415488,jimgregg,11586,00-0039738,,Blake Corum,RB,LA,1,FLEX,5.4,2026-10-10T01:45:15Z
2026,1,1384263065352015872,Gooma's Family League,8,833822561476415488,jimgregg,11618,00-0039855,,Jalen McMillan,WR,TB,0,,0.0,2026-10-10T01:45:15Z
2026,1,1384263065352015872,Gooma's Family League,8,833822561476415488,jimgregg,11635,00-0039915,,Ladd McConkey,WR,LAC,1,WR,19.2,2026-10-10T01:45:15Z
2026,1,1384263065352015872,Gooma's Family League,8,833822561476415488,jimgregg,12457,00-0040586,,Jaydon Blue,RB,PHI,0,,0.0,2026-10-10T01:45:15Z
2026,1,1384263065352015872,Gooma's Family League,8,833822561476415488,jimgregg,12529,00-0040734,,TreVeyon Henderson,RB,NE,0,,0.0,2026-10-10T01:45:15Z
2026,1,1384263065352015872,Gooma's Family League,8,833822561476415488,jimgregg,13320,00-0041044,,Zachariah Branch,WR,ATL,0,,0.0,2026-10-10T01:45:15Z
2026,1,1384263065352015872,Gooma's Family League,8,833822561476415488,jimgregg,2747,,,Jason Myers,K,SEA,1,K,7.0,2026-10-10T01:45:15Z
2026,1,1384263065352015872,Gooma's Family League,8,833822561476415488,jimgregg,3214,00-0033090,,Hunter Henry,TE,NE,1,TE,5.6,2026-10-10T01:45:15Z
2026,1,1384263065352015872,Gooma's Family League,8,833822561476415488,jimgregg,4034,00-0033280,,Christian McCaffrey,RB,SF,1,RB,13.8,2026-10-10T01:45:15Z
2026,1,1384263065352015872,Gooma's Family League,8,833822561476415488,jimgregg,4046,00-0033873,,Patrick Mahomes,QB,KC,0,,21.66,2026-10-10T01:45:15Z
2026,1,1384263065352015872,Gooma's Family League,8,833822561476415488,jimgregg,5022,00-0034351,,Dallas Goedert,TE,PHI,1,FLEX,23.7,2026-10-10T01:45:15Z
2026,1,1384263065352015872,Gooma's Family League,8,833822561476415488,jimgregg,5849,00-0035228,,Kyler Murray,QB,MIN,1,SUPER_FLEX,-0.38,2026-10-10T01:45:15Z
2026,1,1384263065352015872,Gooma's Family League,8,833822561476415488,jimgregg,7049,00-0036259,,Jauan Jennings,WR,MIN,1,WR,0.0,2026-10-10T01:45:15Z
2026,1,1384263065352015872,Gooma's Family League,8,833822561476415488,jimgregg,7526,00-0036613,,Jaylen Waddle,WR,DEN,1,WR,1.2,2026-10-10T01:45:15Z
2026,1,1384263065352015872,Gooma's Family League,8,833822561476415488,jimgregg,8676,00-0037545,,Rashid Shaheed,WR,SEA,0,,1.4,2026-10-10T01:45:15Z
2026,1,1384263065352015872,Gooma's Family League,8,833822561476415488,jimgregg,9757,00-0038551,,Kendre Miller,RB,NO,0,,9.0,2026-10-10T01:45:15Z
2026,1,1384263065352015872,Gooma's Family League,8,833822561476415488,jimgregg,DEN,,,Denver Broncos,DEF,DEN,0,,2.0,2026-10-10T01:45:15Z
2026,1,1384263065352015872,Gooma's Family League,8,833822561476415488,jimgregg,SEA,,,Seattle Seahawks,DEF,SEA,1,DEF,14.0,2026-10-10T01:45:15Z
2026,1,1384263065352015872,Gooma's Family League,9,835046086484799488,kelush,11576,00-0039794,,Braelon Allen,RB,NYJ,0,,4.0,2026-10-10T01:45:15Z
2026,1,1384263065352015872,Gooma's Family League,9,835046086484799488,kelush,11646,00-0039491,,Jalen Coker,WR,CAR,0,,33.8,2026-10-10T01:45:15Z
2026,1,1384263065352015872,Gooma's Family League,9,835046086484799488,kelush,1166,00-0029604,,Kirk Cousins,QB,LV,0,,13.8,2026-10-10T01:45:15Z
2026,1,1384263065352015872,Gooma's Family League,9,835046086484799488,kelush,12015,,,Harrison Mevis,K,LAR,1,K,1.0,2026-10-10T01:45:15Z
2026,1,1384263065352015872,Gooma's Family League,9,835046086484799488,kelush,12507,00-0040666,,Omarion Hampton,RB,LAC,1,RB,8.3,2026-10-10T01:45:15Z
2026,1,1384263065352015872,Gooma's Family League,9,835046086484799488,kelush,12518,00-0040128,,Tyler Warren,TE,IND,1,TE,10.3,2026-10-10T01:45:15Z
2026,1,1384263065352015872,Gooma's Family League,9,835046086484799488,kelush,12534,00-0040236,,Kyle Monangai,RB,CHI,1,FLEX,20.4,2026-10-10T01:45:15Z
2026,1,1384263065352015872,Gooma's Family League,9,835046086484799488,kelush,13294,00-0040867,,Makai Lemon,WR,PHI,1,WR,2.5,2026-10-10T01:45:15Z
2026,1,1384263065352015872,Gooma's Family League,9,835046086484799488,kelush,13305,00-0040878,,Mike Washington Jr.,RB,LV,0,,4.1,2026-10-10T01:45:15Z
2026,1,1384263065352015872,Gooma's Family League,9,835046086484799488,kelush,421,00-0026498,,Matthew Stafford,QB,LA,1,QB,4.1,2026-10-10T01:45:15Z
2026,1,1384263065352015872,Gooma's Family League,9,835046086484799488,kelush,4943,00-0034869,,Sam Darnold,QB,SEA,1,SUPER_FLEX,0.52,2026-10-10T01:45:15Z
2026,1,1384263065352015872,Gooma's Family League,9,835046086484799488,kelush,5001,00-0034383,,Dalton Schultz,TE,HOU,0,,7.5,2026-10-10T01:45:15Z
2026,1,1384263065352015872,Gooma's Family League,9,835046086484799488,kelush,5850,00-0035700,,Josh Jacobs,RB,GB,1,FLEX,0.0,2026-10-10T01:45:15Z
2026,1,1384263065352015872,Gooma's Family League,9,835046086484799488,kelush,7569,00-0036554,,Nico Collins,WR,HOU,1,WR,21.2,2026-10-10T01:45:15Z
2026,1,1384263065352015872,Gooma's Family League,9,835046086484799488,kelush,8111,00-0038129,,Cade Otton,TE,TB,0,,5.6,2026-10-10T01:45:15Z
2026,1,1384263065352015872,Gooma's Family League,9,835046086484799488,kelush,8134,00-0037261,,Khalil Shakir,WR,BUF,0,,9.0,2026-10-10T01:45:15Z
2026,1,1384263065352015872,Gooma's Family League,9,835046086484799488,kelush,8167,00-0038124,,Christian Watson,WR,GB,1,WR,32.7,2026-10-10T01:45:15Z
2026,1,1384263065352015872,Gooma's Family League,9,835046086484799488,kelush,9500,00-0038997,,Josh Downs,WR,IND,0,,5.7,2026-10-10T01:45:15Z
2026,1,1384263065352015872,Gooma's Family League,9,835046086484799488,kelush,9509,00-0038542,,Bijan Robinson,RB,ATL,1,RB,31.3,2026-10-10T01:45:15Z
2026,1,1384263065352015872,Gooma's Family League,9,835046086484799488,kelush,ATL,,,Atlanta Falcons,DEF,ATL,1,DEF,8.0,2026-10-10T01:45:15Z
2026,1,1384263065352015872,Gooma's Family League,10,837511173954961408,msdhusker,10229,00-0039067,,Rashee Rice,WR,KC,1,WR,9.9,2026-10-10T01:45:15Z
2026,1,1384263065352015872,Gooma's Family League,10,837511173954961408,msdhusker,11624,00-0039894,,Xavier Worthy,WR,KC,0,,4.8,2026-10-10T01:45:15Z
2026,1,1384263065352015872,Gooma's Family League,10,837511173954961408,msdhusker,11655,00-0039384,,Tyrone Tracy Jr.,RB,NYG,0,,-0.6,2026-10-10T01:45:15Z
2026,1,1384263065352015872,Gooma's Family League,10,837511173954961408,msdhusker,12501,00-0040667,,Matthew Golden,WR,GB,0,,15.5,2026-10-10T01:45:15Z
2026,1,1384263065352015872,Gooma's Family League,10,837511173954961408,msdhusker,12502,00-0040584,,Gunnar Helm,TE,TEN,0,,6.8,2026-10-10T01:45:15Z
2026,1,1384263065352015872,Gooma's Family League,10,837511173954961408,msdhusker,12527,00-0040122,,Ashton Jeanty,RB,LV,1,RB,32.7,2026-10-10T01:45:15Z
2026,1,1384263065352015872,Gooma's Family League,10,837511173954961408,msdhusker,12545,00-0040743,,Tyler Shough,QB,NO,0,,23.2,2026-10-10T01:45:15Z
2026,1,1384263065352015872,Gooma's Family League,10,837511173954961408,msdhusker,3321,,,Tyreek Hill,WR,,0,,0.0,2026-10-10T01:45:15Z
2026,1,1384263065352015872,Gooma's Family League,10,837511173954961408,msdhusker,3451,,,Ka'imi Fairbairn,K,HOU,1,K,9.0,2026-10-10T01:45:15Z
2026,1,1384263065352015872,Gooma's Family League,10,837511173954961408,msdhusker,4037,00-0033921,,Chris Godwin Jr.,WR,TB,1,WR,8.3,2026-10-10T01:45:15Z
2026,1,1384263065352015872,Gooma's Family League,10,837511173954961408,msdhusker,4892,00-0034855,,Baker Mayfield,QB,TB,1,QB,11.64,2026-10-10T01:45:15Z
2026,1,1384263065352015872,Gooma's Family League,10,837511173954961408,msdhusker,5045,00-0034348,,Courtland Sutton,WR,DEN,1,WR,3.1,2026-10-10T01:45:15Z
2026,1,1384263065352015872,Gooma's Family League,10,837511173954961408,msdhusker,6768,00-0036212,,Tua Tagovailoa,QB,ATL,0,,0.0,2026-10-10T01:45:15Z
2026,1,1384263065352015872,Gooma's Family League,10,837511173954961408,msdhusker,6790,00-0036275,,D'Andre Swift,RB,CHI,1,SUPER_FLEX,32.4,2026-10-10T01:45:15Z
2026,1,1384263065352015872,Gooma's Family League,10,837511173954961408,msdhusker,6813,00-0036223,,Jonathan Taylor,RB,IND,1,RB,25.1,2026-10-10T01:45:15Z
2026,1,1384263065352015872,Gooma's Family League,10,837511173954961408,msdhusker,7543,00-0036973,,Travis Etienne,RB,NO,1,FLEX,14.8,2026-10-10T01:45:15Z
2026,1,1384263065352015872,Gooma's Family League,10,837511173954961408,msdhusker,8131,00-0037838,,Isaiah Likely,TE,NYG,1,TE,27.8,2026-10-10T01:45:15Z
2026,1,1384263065352015872,Gooma's Family League,10,837511173954961408,msdhusker,9224,00-0038597,,Chase Brown,RB,CIN,1,FLEX,18.8,2026-10-10T01:45:15Z
2026,1,1384263065352015872,Gooma's Family League,10,837511173954961408,msdhusker,9502,00-0038977,,Tank Dell,WR,HOU,0,,0.0,2026-10-10T01:45:15Z
2026,1,1384263065352015872,Gooma's Family League,10,837511173954961408,msdhusker,JAX,,,Jacksonville Jaguars,DEF,JAX,1,DEF,16.0,2026-10-10T01:45:15Z
2026,1,1384263065352015872,Gooma's Family League,11,1134319815667126272,mtgundlach,11583,00-0039344,,Jonathon Brooks,RB,CAR,1,RB,7.2,2026-10-10T01:45:15Z
2026,1,1384263065352015872,Gooma's Family League,11,1134319815667126272,mtgundlach,11603,00-0039793,,AJ Barner,TE,SEA,0,,3.3,2026-10-10T01:45:15Z
2026,1,1384263065352015872,Gooma's Family League,11,1134319815667126272,mtgundlach,11625,00-0039890,,Adonai Mitchell,WR,NYJ,0,,9.0,2026-10-10T01:45:15Z
2026,1,1384263065352015872,Gooma's Family League,11,1134319815667126272,mtgundlach,11628,00-0039849,,Marvin Harrison Jr.,WR,ARI,1,FLEX,4.3,2026-10-10T01:45:15Z
2026,1,1384263065352015872,Gooma's Family League,11,1134319815667126272,mtgundlach,12713,,,Andy Borregales,K,NE,1,K,6.0,2026-10-10T01:45:15Z
2026,1,1384263065352015872,Gooma's Family League,11,1134319815667126272,mtgundlach,13405,00-0041096,,Kaytron Allen,RB,WAS,0,,1.6,2026-10-10T01:45:15Z
2026,1,1384263065352015872,Gooma's Family League,11,1134319815667126272,mtgundlach,2449,00-0031588,,Stefon Diggs,WR,WAS,0,,15.5,2026-10-10T01:45:15Z
2026,1,1384263065352015872,Gooma's Family League,11,1134319815667126272,mtgundlach,3163,00-0033106,,Jared Goff,QB,DET,1,SUPER_FLEX,16.44,2026-10-10T01:45:15Z
2026,1,1384263065352015872,Gooma's Family League,11,1134319815667126272,mtgundlach,3294,00-0033077,,Dak Prescott,QB,DAL,1,QB,14.4,2026-10-10T01:45:15Z
2026,1,1384263065352015872,Gooma's Family League,11,1134319815667126272,mtgundlach,5859,00-0035676,,A.J. Brown,WR,NE,1,WR,5.6,2026-10-10T01:45:15Z
2026,1,1384263065352015872,Gooma's Family League,11,1134319815667126272,mtgundlach,7547,00-0036963,,Amon-Ra St. Brown,WR,DET,1,WR,28.7,2026-10-10T01:45:15Z
2026,1,1384263065352015872,Gooma's Family League,11,1134319815667126272,mtgundlach,8132,00-0037263,,Tyler Allgeier,RB,ARI,0,,9.0,2026-10-10T01:45:15Z
2026,1,1384263065352015872,Gooma's Family League,11,1134319815667126272,mtgundlach,8136,00-0037256,,Rachaad White,RB,WAS,0,,4.7,2026-10-10T01:45:15Z
2026,1,1384263065352015872,Gooma's Family League,11,1134319815667126272,mtgundlach,8138,00-0037248,,James Cook,RB,BUF,1,RB,9.9,2026-10-10T01:45:15Z
2026,1,1384263065352015872,Gooma's Family League,11,1134319815667126272,mtgundlach,8148,00-0037240,,Jameson Williams,WR,DET,1,FLEX,8.5,2026-10-10T01:45:15Z
2026,1,1384263065352015872,Gooma's Family League,11,1134319815667126272,mtgundlach,9484,00-0038996,,Tucker Kraft,TE,GB,1,TE,9.5,2026-10-10T01:45:15Z
2026,1,1384263065352015872,Gooma's Family League,11,1134319815667126272,mtgundlach,9508,00-0039032,,Tyjae Spears,RB,TEN,0,,4.4,2026-10-10T01:45:15Z
2026,1,1384263065352015872,Gooma's Family League,11,1134319815667126272,mtgundlach,96,00-0023459,,Aaron Rodgers,QB,PIT,0,,12.54,2026-10-10T01:45:15Z
2026,1,1384263065352015872,Gooma's Family League,11,1134319815667126272,mtgundlach,9997,00-0039064,,Zay Flowers,WR,BAL,1,WR,26.0,2026-10-10T01:45:15Z
2026,1,1384263065352015872,Gooma's Family League,11,1134319815667126272,mtgundlach,PIT,,,Pittsburgh Steelers,DEF,PIT,1,DEF,21.0,2026-10-10T01:45:15Z
2026,1,1384263065352015872,Gooma's Family League,12,1134611314749513728,wgundlach,12481,00-0040715,,Cam Skattebo,RB,NYG,1,RB,14.1,2026-10-10T01:45:15Z
2026,1,1384263065352015872,Gooma's Family League,12,1134611314749513728,wgundlach,12487,00-0040737,,Terrance Ferguson,TE,LA,0,,0.0,2026-10-10T01:45:15Z
2026,1,1384263065352015872,Gooma's Family League,12,1134611314749513728,wgundlach,12493,00-0040189,,Oronde Gadsden II,TE,LAC,0,,5.2,2026-10-10T01:45:15Z
2026,1,1384263065352015872,Gooma's Family League,12,1134611314749513728,wgundlach,12519,00-0040735,,Luther Burden III,WR,CHI,1,WR,9.5,2026-10-10T01:45:15Z
2026,1,1384263065352015872,Gooma's Family League,12,1134611314749513728,wgundlach,12524,00-0040668,,Shedeur Sanders,QB,CLE,0,,0.0,2026-10-10T01:45:15Z
2026,1,1384263065352015872,Gooma's Family League,12,1134611314749513728,wgundlach,13279,00-0041438,,Carnell Tate,WR,TEN,0,,7.8,2026-10-10T01:45:15Z
2026,1,1384263065352015872,Gooma's Family League,12,1134611314749513728,wgundlach,13287,00-0041027,,Jeremiyah Love,RB,ARI,1,RB,13.0,2026-10-10T01:45:15Z
2026,1,1384263065352015872,Gooma's Family League,12,1134611314749513728,wgundlach,2020,,,Cairo Santos,K,CHI,1,K,12.0,2026-10-10T01:45:15Z
2026,1,1384263065352015872,Gooma's Family League,12,1134611314749513728,wgundlach,2216,00-0031408,,Mike Evans,WR,SF,1,FLEX,16.9,2026-10-10T01:45:15Z
2026,1,1384263065352015872,Gooma's Family League,12,1134611314749513728,wgundlach,5870,00-0035710,,Daniel Jones,QB,IND,1,SUPER_FLEX,9.04,2026-10-10T01:45:15Z
2026,1,1384263065352015872,Gooma's Family League,12,1134611314749513728,wgundlach,7002,00-0036040,,Juwan Johnson,TE,NO,1,TE,14.4,2026-10-10T01:45:15Z
2026,1,1384263065352015872,Gooma's Family League,12,1134611314749513728,wgundlach,8112,00-0037238,,Drake London,WR,ATL,1,WR,5.5,2026-10-10T01:45:15Z
2026,1,1384263065352015872,Gooma's Family League,12,1134611314749513728,wgundlach,8126,00-0038117,,Wan'Dale Robinson,WR,TEN,0,,8.8,2026-10-10T01:45:15Z
2026,1,1384263065352015872,Gooma's Family League,12,1134611314749513728,wgundlach,8151,00-0038134,,Kenneth Walker III,RB,KC,1,FLEX,34.1,2026-10-10T01:45:15Z
2026,1,1384263065352015872,Gooma's Family League,12,1134611314749513728,wgundlach,8154,00-0037746,,Brian Robinson,RB,ATL,0,,3.1,2026-10-10T01:45:15Z
2026,1,1384263065352015872,Gooma's Family League,12,1134611314749513728,wgundlach,9225,00-0038555,,Tank Bigsby,RB,PHI,0,,0.3,2026-10-10T01:45:15Z
2026,1,1384263065352015872,Gooma's Family League,12,1134611314749513728,wgundlach,9493,00-0039075,,Puka Nacua,WR,LA,1,WR,12.4,2026-10-10T01:45:15Z
2026,1,1384263065352015872,Gooma's Family League,12,1134611314749513728,wgundlach,9511,00-0038454,,Keaton Mitchell,RB,LAC,0,,0.9,2026-10-10T01:45:15Z
2026,1,1384263065352015872,Gooma's Family League,12,1134611314749513728,wgundlach,9758,00-0039163,,C.J. Stroud,QB,HOU,1,QB,16.46,2026-10-10T01:45:15Z
2026,1,1384263065352015872,Gooma's Family League,12,1134611314749513728,wgundlach,LAC,,,Los Angeles Chargers,DEF,LAC,1,DEF,0.0,2026-10-10T01:45:15Z
2026,1,704757,Average Joes,1,1,MeloRox1588,11563,00-0039732,4426338,Bo Nix,QB,DEN,0,BN,5.44,2026-10-10T01:45:22Z
2026,1,704757,Average Joes,1,1,MeloRox1588,11581,00-0039811,4429023,MarShawn Lloyd,RB,GB,1,RB,3.7,2026-10-10T01:45:22Z
2026,1,704757,Average Joes,1,1,MeloRox1588,11583,00-0039344,4678008,Jonathon Brooks,RB,CAR,0,BN,7.2,2026-10-10T01:45:22Z
2026,1,704757,Average Joes,1,1,MeloRox1588,11620,00-0039919,4431299,Rome Odunze,WR,CHI,1,FLEX,7.2,2026-10-10T01:45:22Z
2026,1,704757,Average Joes,1,1,MeloRox1588,11631,00-0039893,4432773,Brian Thomas Jr.,WR,JAX,0,BN,7.0,2026-10-10T01:45:22Z
2026,1,704757,Average Joes,1,1,MeloRox1588,12514,00-0040129,4567750,Emeka Egbuka,WR,TB,1,WR,11.3,2026-10-10T01:45:22Z
2026,1,704757,Average Joes,1,1,MeloRox1588,12529,00-0040734,4432710,TreVeyon Henderson,RB,NE,0,BN,0.0,2026-10-10T01:45:22Z
2026,1,704757,Average Joes,1,1,MeloRox1588,4984,00-0034857,3918298,Josh Allen,QB,BUF,1,QB,35.66,2026-10-10T01:45:22Z
2026,1,704757,Average Joes,1,1,MeloRox1588,7526,00-0036613,4372016,Jaylen Waddle,WR,DEN,1,WR,1.2,2026-10-10T01:45:22Z
2026,1,704757,Average Joes,1,1,MeloRox1588,7594,00-0036555,4241416,Chuba Hubbard,RB,CAR,0,BN,23.7,2026-10-10T01:45:22Z
2026,1,704757,Average Joes,1,1,MeloRox1588,8130,00-0037744,4361307,Trey McBride,TE,ARI,1,TE,24.5,2026-10-10T01:45:22Z
2026,1,704757,Average Joes,1,1,MeloRox1588,8131,00-0037838,4361050,Isaiah Likely,TE,NYG,0,BN,27.8,2026-10-10T01:45:22Z
2026,1,704757,Average Joes,1,1,MeloRox1588,9509,00-0038542,4430807,Bijan Robinson,RB,ATL,1,RB,31.3,2026-10-10T01:45:22Z
2026,1,704757,Average Joes,1,1,MeloRox1588,9754,00-0038544,4429025,Quentin Johnston,WR,LAC,0,BN,3.7,2026-10-10T01:45:22Z
2026,1,704757,Average Joes,1,1,MeloRox1588,espn--16024,,-16024,Chargers D/ST,DEF,LAC,1,DEF,0.0,2026-10-10T01:45:22Z
2026,1,704757,Average Joes,1,1,MeloRox1588,espn-3055899,,3055899,Harrison Butker,K,KC,1,K,7.0,2026-10-10T01:45:22Z
2026,1,704757,Average Joes,4,4,Scarfmyteam,11624,00-0039894,4683062,Xavier Worthy,WR,KC,0,BN,4.8,2026-10-10T01:45:22Z
2026,1,704757,Average Joes,4,4,Scarfmyteam,12474,00-0040583,4429059,Woody Marks,RB,HOU,0,BN,5.0,2026-10-10T01:45:22Z
2026,1,704757,Average Joes,4,4,Scarfmyteam,12508,00-0040691,4689114,Jaxson Dart,QB,NYG,0,BN,26.6,2026-10-10T01:45:22Z
2026,1,704757,Average Joes,4,4,Scarfmyteam,12517,00-0040126,4723086,Colston Loveland,TE,CHI,1,TE,0.0,2026-10-10T01:45:22Z
2026,1,704757,Average Joes,4,4,Scarfmyteam,13279,00-0041438,4871023,Carnell Tate,WR,TEN,1,FLEX,7.8,2026-10-10T01:45:22Z
2026,1,704757,Average Joes,4,4,Scarfmyteam,2133,00-0031381,16800,Davante Adams,WR,LA,1,WR,5.6,2026-10-10T01:45:22Z
2026,1,704757,Average Joes,4,4,Scarfmyteam,2449,00-0031588,2976212,Stefon Diggs,WR,WAS,0,BN,15.5,2026-10-10T01:45:22Z
2026,1,704757,Average Joes,4,4,Scarfmyteam,4034,00-0033280,3117251,Christian McCaffrey,RB,SF,1,RB,13.8,2026-10-10T01:45:22Z
2026,1,704757,Average Joes,4,4,Scarfmyteam,4037,00-0033921,3116165,Chris Godwin Jr.,WR,TB,0,BN,8.3,2026-10-10T01:45:22Z
2026,1,704757,Average Joes,4,4,Scarfmyteam,4881,00-0034796,3916387,Lamar Jackson,QB,BAL,1,QB,24.96,2026-10-10T01:45:22Z
2026,1,704757,Average Joes,4,4,Scarfmyteam,5892,00-0035685,4035538,David Montgomery,RB,HOU,1,RB,28.9,2026-10-10T01:45:22Z
2026,1,704757,Average Joes,4,4,Scarfmyteam,5947,00-0034960,3916433,Jakobi Meyers,WR,JAX,0,BN,12.2,2026-10-10T01:45:22Z
2026,1,704757,Average Joes,4,4,Scarfmyteam,6786,00-0036358,4241389,CeeDee Lamb,WR,DAL,1,WR,15.4,2026-10-10T01:45:22Z
2026,1,704757,Average Joes,4,4,Scarfmyteam,espn--16010,,-16010,Titans D/ST,DEF,TEN,1,DEF,-1.0,2026-10-10T01:45:22Z
2026,1,704757,Average Joes,4,4,Scarfmyteam,espn--16034,,-16034,Texans D/ST,DEF,HOU,0,BN,-4.0,2026-10-10T01:45:22Z
2026,1,704757,Average Joes,4,4,Scarfmyteam,espn-4697745,,4697745,Tyler Loop,K,BAL,1,K,14.0,2026-10-10T01:45:22Z
2026,1,704757,Average Joes,5,5,ESPNFAN8124537231,13286,00-0041512,4685512,Jadarian Price,RB,SEA,1,FLEX,7.8,2026-10-10T01:45:22Z
2026,1,704757,Average Joes,5,5,ESPNFAN8124537231,1466,00-0030506,15847,Travis Kelce,TE,KC,0,BN,10.1,2026-10-10T01:45:22Z
2026,1,704757,Average Joes,5,5,ESPNFAN8124537231,4046,00-0033873,3139477,Patrick Mahomes,QB,KC,0,BN,21.66,2026-10-10T01:45:22Z
2026,1,704757,Average Joes,5,5,ESPNFAN8124537231,4983,00-0034827,3915416,DJ Moore,WR,BUF,0,BN,21.0,2026-10-10T01:45:22Z
2026,1,704757,Average Joes,5,5,ESPNFAN8124537231,5012,00-0034753,3116365,Mark Andrews,TE,BAL,0,BN,8.9,2026-10-10T01:45:22Z
2026,1,704757,Average Joes,5,5,ESPNFAN8124537231,6790,00-0036275,4259545,D'Andre Swift,RB,CHI,0,BN,32.4,2026-10-10T01:45:22Z
2026,1,704757,Average Joes,5,5,ESPNFAN8124537231,7002,00-0036040,3929645,Juwan Johnson,TE,NO,1,TE,14.4,2026-10-10T01:45:22Z
2026,1,704757,Average Joes,5,5,ESPNFAN8124537231,7523,00-0036971,4360310,Trevor Lawrence,QB,JAX,1,QB,26.1,2026-10-10T01:45:22Z
2026,1,704757,Average Joes,5,5,ESPNFAN8124537231,7547,00-0036963,4374302,Amon-Ra St. Brown,WR,DET,1,WR,28.7,2026-10-10T01:45:22Z
2026,1,704757,Average Joes,5,5,ESPNFAN8124537231,7588,00-0036997,4361579,Javonte Williams,RB,DAL,1,RB,24.2,2026-10-10T01:45:22Z
2026,1,704757,Average Joes,5,5,ESPNFAN8124537231,8144,00-0037239,4361370,Chris Olave,WR,NO,1,WR,28.2,2026-10-10T01:45:22Z
2026,1,704757,Average Joes,5,5,ESPNFAN8124537231,9224,00-0038597,4362238,Chase Brown,RB,CIN,1,RB,18.8,2026-10-10T01:45:22Z
2026,1,704757,Average Joes,5,5,ESPNFAN8124537231,9487,00-0038606,4432620,Parker Washington,WR,JAX,0,BN,19.3,2026-10-10T01:45:22Z
2026,1,704757,Average Joes,5,5,ESPNFAN8124537231,espn--16030,,-16030,Jaguars D/ST,DEF,JAX,1,DEF,14.0,2026-10-10T01:45:22Z
2026,1,704757,Average Joes,5,5,ESPNFAN8124537231,espn--16033,,-16033,Ravens D/ST,DEF,BAL,0,BN,8.0,2026-10-10T01:45:22Z
2026,1,704757,Average Joes,5,5,ESPNFAN8124537231,espn-4362081,,4362081,Cameron Dicker,K,LAC,1,K,2.0,2026-10-10T01:45:22Z
2026,1,704757,Average Joes,8,8,Peibsen,11560,00-0039918,4431611,Caleb Williams,QB,CHI,0,BN,37.26,2026-10-10T01:45:22Z
2026,1,704757,Average Joes,8,8,Peibsen,11584,00-0039361,4596448,Bucky Irving,RB,TB,1,FLEX,20.3,2026-10-10T01:45:22Z
2026,1,704757,Average Joes,8,8,Peibsen,11628,00-0039849,4432708,Marvin Harrison Jr.,WR,ARI,0,BN,4.3,2026-10-10T01:45:22Z
2026,1,704757,Average Joes,8,8,Peibsen,3294,00-0033077,2577417,Dak Prescott,QB,DAL,1,QB,14.4,2026-10-10T01:45:22Z
2026,1,704757,Average Joes,8,8,Peibsen,5022,00-0034351,3121023,Dallas Goedert,TE,PHI,0,BN,23.7,2026-10-10T01:45:22Z
2026,1,704757,Average Joes,8,8,Peibsen,5849,00-0035228,3917315,Kyler Murray,QB,MIN,0,BN,-0.38,2026-10-10T01:45:22Z
2026,1,704757,Average Joes,8,8,Peibsen,5859,00-0035676,4047646,A.J. Brown,WR,NE,1,WR,5.6,2026-10-10T01:45:22Z
2026,1,704757,Average Joes,8,8,Peibsen,6813,00-0036223,4242335,Jonathan Taylor,RB,IND,1,RB,25.1,2026-10-10T01:45:22Z
2026,1,704757,Average Joes,8,8,Peibsen,7543,00-0036973,4239996,Travis Etienne,RB,NO,1,RB,14.8,2026-10-10T01:45:22Z
2026,1,704757,Average Joes,8,8,Peibsen,8137,00-0037247,4426354,George Pickens,WR,DAL,1,WR,5.8,2026-10-10T01:45:22Z
2026,1,704757,Average Joes,8,8,Peibsen,8205,00-0037197,4361529,Isiah Pacheco,RB,DET,0,BN,0.0,2026-10-10T01:45:22Z
2026,1,704757,Average Joes,8,8,Peibsen,8408,00-0037525,4360569,Jordan Mason,RB,MIN,0,BN,11.9,2026-10-10T01:45:22Z
2026,1,704757,Average Joes,8,8,Peibsen,9484,00-0038996,4572680,Tucker Kraft,TE,GB,1,TE,9.5,2026-10-10T01:45:22Z
2026,1,704757,Average Joes,8,8,Peibsen,9756,00-0038994,4429205,Jordan Addison,WR,MIN,0,BN,0.0,2026-10-10T01:45:22Z
2026,1,704757,Average Joes,8,8,Peibsen,espn--16007,,-16007,Broncos D/ST,DEF,DEN,1,DEF,2.0,2026-10-10T01:45:22Z
2026,1,704757,Average Joes,8,8,Peibsen,espn-2473037,,2473037,Jason Myers,K,SEA,1,K,7.0,2026-10-10T01:45:22Z
2026,1,704757,Average Joes,10,10,corncuff,11566,00-0039910,4426348,Jayden Daniels,QB,WAS,1,QB,17.66,2026-10-10T01:45:22Z
2026,1,704757,Average Joes,10,10,corncuff,12526,00-0040124,4685472,Tetairoa McMillan,WR,CAR,1,WR,10.5,2026-10-10T01:45:22Z
2026,1,704757,Average Joes,10,10,corncuff,12527,00-0040122,4890973,Ashton Jeanty,RB,LV,1,RB,32.7,2026-10-10T01:45:22Z
2026,1,704757,Average Joes,10,10,corncuff,12530,00-0040718,4685415,Travis Hunter,WR,JAX,0,BN,2.1,2026-10-10T01:45:22Z
2026,1,704757,Average Joes,10,10,corncuff,13287,00-0041027,4870808,Jeremiyah Love,RB,ARI,1,FLEX,13.0,2026-10-10T01:45:22Z
2026,1,704757,Average Joes,10,10,corncuff,13294,00-0040867,4870795,Makai Lemon,WR,PHI,0,BN,2.5,2026-10-10T01:45:22Z
2026,1,704757,Average Joes,10,10,corncuff,13417,00-0041035,4710714,De'Zhaun Stribling,WR,SF,0,BN,0.0,2026-10-10T01:45:22Z
2026,1,704757,Average Joes,10,10,corncuff,2216,00-0031408,16737,Mike Evans,WR,SF,0,BN,16.9,2026-10-10T01:45:22Z
2026,1,704757,Average Joes,10,10,corncuff,6819,00-0036252,4035687,Michael Pittman,WR,PIT,0,BN,8.8,2026-10-10T01:45:22Z
2026,1,704757,Average Joes,10,10,corncuff,7553,00-0036970,4360248,Kyle Pitts,TE,ATL,1,TE,0.0,2026-10-10T01:45:22Z
2026,1,704757,Average Joes,10,10,corncuff,8136,00-0037256,4697815,Rachaad White,RB,WAS,0,BN,4.7,2026-10-10T01:45:22Z
2026,1,704757,Average Joes,10,10,corncuff,9221,00-0039139,4429795,Jahmyr Gibbs,RB,DET,1,RB,33.6,2026-10-10T01:45:22Z
2026,1,704757,Average Joes,10,10,corncuff,9500,00-0038997,4688813,Josh Downs,WR,IND,0,BN,5.7,2026-10-10T01:45:22Z
2026,1,704757,Average Joes,10,10,corncuff,9997,00-0039064,4429615,Zay Flowers,WR,BAL,1,WR,26.0,2026-10-10T01:45:22Z
2026,1,704757,Average Joes,10,10,corncuff,espn--16005,,-16005,Browns D/ST,DEF,CLE,1,DEF,-1.0,2026-10-10T01:45:22Z
2026,1,704757,Average Joes,10,10,corncuff,espn-4034949,,4034949,Eddy Pineiro,K,SF,1,K,10.0,2026-10-10T01:45:22Z
2026,1,704757,Average Joes,13,13,Craig McCloskey,10232,00-0038559,4360761,Michael Wilson,WR,ARI,0,BN,10.6,2026-10-10T01:45:22Z
2026,1,704757,Average Joes,13,13,Craig McCloskey,11632,00-0039337,4595348,Malik Nabers,WR,NYG,1,WR,12.9,2026-10-10T01:45:22Z
2026,1,704757,Average Joes,13,13,Craig McCloskey,12489,00-0040730,4568490,RJ Harvey,RB,DEN,0,BN,8.1,2026-10-10T01:45:22Z
2026,1,704757,Average Joes,13,13,Craig McCloskey,12490,00-0040719,4882093,Bhayshul Tuten,RB,JAX,1,FLEX,9.8,2026-10-10T01:45:22Z
2026,1,704757,Average Joes,13,13,Craig McCloskey,12518,00-0040128,4431459,Tyler Warren,TE,IND,1,TE,10.3,2026-10-10T01:45:22Z
2026,1,704757,Average Joes,13,13,Craig McCloskey,12519,00-0040735,4685278,Luther Burden III,WR,CHI,0,BN,9.5,2026-10-10T01:45:22Z
2026,1,704757,Average Joes,13,13,Craig McCloskey,12545,00-0040743,4360689,Tyler Shough,QB,NO,0,BN,23.2,2026-10-10T01:45:22Z
2026,1,704757,Average Joes,13,13,Craig McCloskey,4866,00-0034844,3929630,Saquon Barkley,RB,PHI,1,RB,9.0,2026-10-10T01:45:22Z
2026,1,704757,Average Joes,13,13,Craig McCloskey,6797,00-0036355,4038941,Justin Herbert,QB,LAC,1,QB,13.26,2026-10-10T01:45:22Z
2026,1,704757,Average Joes,13,13,Craig McCloskey,7567,00-0036919,4371733,Kenny Gainwell,RB,TB,0,BN,2.8,2026-10-10T01:45:22Z
2026,1,704757,Average Joes,13,13,Craig McCloskey,8110,00-0038041,4242355,Jake Ferguson,TE,DAL,0,BN,2.6,2026-10-10T01:45:22Z
2026,1,704757,Average Joes,13,13,Craig McCloskey,8146,00-0037740,4569618,Garrett Wilson,WR,NYJ,1,WR,13.9,2026-10-10T01:45:22Z
2026,1,704757,Average Joes,13,13,Craig McCloskey,9226,00-0039040,4429160,De'Von Achane,RB,MIA,1,RB,10.6,2026-10-10T01:45:22Z
2026,1,704757,Average Joes,13,13,Craig McCloskey,9502,00-0038977,4366031,Tank Dell,WR,HOU,0,BN,0.0,2026-10-10T01:45:22Z
2026,1,704757,Average Joes,13,13,Craig McCloskey,espn--16023,,-16023,Steelers D/ST,DEF,PIT,1,DEF,19.0,2026-10-10T01:45:22Z
2026,1,704757,Average Joes,13,13,Craig McCloskey,espn-4689936,,4689936,Jake Bates,K,DET,1,K,7.0,2026-10-10T01:45:22Z
2026,1,704757,Average Joes,14,14,Nativity scene,10859,00-0039065,4430027,Sam LaPorta,TE,DET,1,TE,9.8,2026-10-10T01:45:22Z
2026,1,704757,Average Joes,14,14,Nativity scene,11564,00-0039851,4431452,Drake Maye,QB,NE,1,QB,9.82,2026-10-10T01:45:22Z
2026,1,704757,Average Joes,14,14,Nativity scene,11646,00-0039491,4695883,Jalen Coker,WR,CAR,0,BN,33.8,2026-10-10T01:45:22Z
2026,1,704757,Average Joes,14,14,Nativity scene,12534,00-0040236,4608686,Kyle Monangai,RB,CHI,0,BN,20.4,2026-10-10T01:45:22Z
2026,1,704757,Average Joes,14,14,Nativity scene,4199,00-0033293,3042519,Aaron Jones,RB,MIN,0,BN,10.0,2026-10-10T01:45:22Z
2026,1,704757,Average Joes,14,14,Nativity scene,7021,00-0036139,4038815,Rico Dowdle,RB,PIT,0,BN,4.1,2026-10-10T01:45:22Z
2026,1,704757,Average Joes,14,14,Nativity scene,7569,00-0036554,4258173,Nico Collins,WR,HOU,1,FLEX,21.2,2026-10-10T01:45:22Z
2026,1,704757,Average Joes,14,14,Nativity scene,7611,00-0036875,4569173,Rhamondre Stevenson,RB,NE,1,RB,14.5,2026-10-10T01:45:22Z
2026,1,704757,Average Joes,14,14,Nativity scene,8112,00-0037238,4426502,Drake London,WR,ATL,1,WR,5.5,2026-10-10T01:45:22Z
2026,1,704757,Average Joes,14,14,Nativity scene,8142,00-0037664,4360078,Alec Pierce,WR,IND,0,BN,10.1,2026-10-10T01:45:22Z
2026,1,704757,Average Joes,14,14,Nativity scene,8155,00-0038120,4427366,Breece Hall,RB,NYJ,1,RB,19.8,2026-10-10T01:45:22Z
2026,1,704757,Average Joes,14,14,Nativity scene,9493,00-0039075,4426515,Puka Nacua,WR,LA,1,WR,12.4,2026-10-10T01:45:22Z
2026,1,704757,Average Joes,14,14,Nativity scene,9508,00-0039032,4428557,Tyjae Spears,RB,TEN,0,BN,4.4,2026-10-10T01:45:22Z
2026,1,704757,Average Joes,14,14,Nativity scene,9753,00-0039165,4426385,Zach Charbonnet,RB,SEA,0,BN,0.0,2026-10-10T01:45:22Z
2026,1,704757,Average Joes,14,14,Nativity scene,espn--16021,,-16021,Eagles D/ST,DEF,PHI,1,DEF,5.0,2026-10-10T01:45:22Z
2026,1,704757,Average Joes,14,14,Nativity scene,espn-3953687,,3953687,Brandon Aubrey,K,DAL,1,K,2.0,2026-10-10T01:45:22Z
2026,1,704757,Average Joes,15,15,coroxbro10,10222,00-0039146,4362249,Jayden Reed,WR,GB,0,BN,5.0,2026-10-10T01:45:22Z
2026,1,704757,Average Joes,15,15,coroxbro10,10229,00-0039067,4428331,Rashee Rice,WR,KC,1,WR,9.9,2026-10-10T01:45:22Z
2026,1,704757,Average Joes,15,15,coroxbro10,10236,00-0038933,4385690,Dalton Kincaid,TE,BUF,0,BN,18.0,2026-10-10T01:45:22Z
2026,1,704757,Average Joes,15,15,coroxbro10,12481,00-0040715,4696981,Cam Skattebo,RB,NYG,1,RB,14.1,2026-10-10T01:45:22Z
2026,1,704757,Average Joes,15,15,coroxbro10,12512,00-0040784,4685702,Quinshon Judkins,RB,CLE,1,FLEX,7.0,2026-10-10T01:45:22Z
2026,1,704757,Average Joes,15,15,coroxbro10,421,00-0026498,12483,Matthew Stafford,QB,LA,1,QB,4.1,2026-10-10T01:45:22Z
2026,1,704757,Average Joes,15,15,coroxbro10,4217,00-0033288,3040151,George Kittle,TE,SF,1,TE,3.2,2026-10-10T01:45:22Z
2026,1,704757,Average Joes,15,15,coroxbro10,5846,00-0035640,4047650,DK Metcalf,WR,PIT,0,BN,8.0,2026-10-10T01:45:22Z
2026,1,704757,Average Joes,15,15,coroxbro10,5850,00-0035700,4047365,Josh Jacobs,RB,GB,0,BN,0.0,2026-10-10T01:45:22Z
2026,1,704757,Average Joes,15,15,coroxbro10,5872,00-0035719,3126486,Deebo Samuel Sr.,WR,SF,0,BN,18.0,2026-10-10T01:45:22Z
2026,1,704757,Average Joes,15,15,coroxbro10,6794,00-0036322,4262921,Justin Jefferson,WR,MIN,1,WR,31.2,2026-10-10T01:45:22Z
2026,1,704757,Average Joes,15,15,coroxbro10,6806,00-0036158,4241985,J.K. Dobbins,RB,DEN,0,BN,3.6,2026-10-10T01:45:22Z
2026,1,704757,Average Joes,15,15,coroxbro10,8138,00-0037248,4379399,James Cook,RB,BUF,1,RB,9.9,2026-10-10T01:45:22Z
2026,1,704757,Average Joes,15,15,coroxbro10,8148,00-0037240,4426388,Jameson Williams,WR,DET,0,BN,8.5,2026-10-10T01:45:22Z
2026,1,704757,Average Joes,15,15,coroxbro10,espn--16026,,-16026,Seahawks D/ST,DEF,SEA,1,DEF,14.0,2026-10-10T01:45:22Z
2026,1,704757,Average Joes,15,15,coroxbro10,espn-4686361,,4686361,Cam Little,K,JAX,1,K,12.0,2026-10-10T01:45:22Z
2026,1,704757,Average Joes,16,16,espn90036700,11586,00-0039738,4429096,Blake Corum,RB,LA,0,BN,5.4,2026-10-10T01:45:22Z
2026,1,704757,Average Joes,16,16,espn90036700,11618,00-0039855,4430834,Jalen McMillan,WR,TB,0,BN,0.0,2026-10-10T01:45:22Z
2026,1,704757,Average Joes,16,16,espn90036700,12506,00-0040663,5083076,Harold Fannin Jr.,TE,CLE,1,TE,4.1,2026-10-10T01:45:22Z
2026,1,704757,Average Joes,16,16,espn90036700,3198,00-0032764,3043078,Derrick Henry,RB,BAL,1,RB,35.3,2026-10-10T01:45:22Z
2026,1,704757,Average Joes,16,16,espn90036700,6770,00-0036442,3915511,Joe Burrow,QB,CIN,1,QB,14.16,2026-10-10T01:45:22Z
2026,1,704757,Average Joes,16,16,espn90036700,6801,00-0036410,4239993,Tee Higgins,WR,CIN,0,BN,8.9,2026-10-10T01:45:22Z
2026,1,704757,Average Joes,16,16,espn90036700,7525,00-0036912,4241478,DeVonta Smith,WR,PHI,1,WR,8.3,2026-10-10T01:45:22Z
2026,1,704757,Average Joes,16,16,espn90036700,8121,00-0037816,4361432,Romeo Doubs,WR,NE,0,BN,0.0,2026-10-10T01:45:22Z
2026,1,704757,Average Joes,16,16,espn90036700,8151,00-0038134,4567048,Kenneth Walker III,RB,KC,1,RB,34.1,2026-10-10T01:45:22Z
2026,1,704757,Average Joes,16,16,espn90036700,8167,00-0038124,4248528,Christian Watson,WR,GB,0,BN,32.7,2026-10-10T01:45:22Z
2026,1,704757,Average Joes,16,16,espn90036700,8183,00-0037834,4361741,Brock Purdy,QB,SF,0,BN,21.1,2026-10-10T01:45:22Z
2026,1,704757,Average Joes,16,16,espn90036700,8228,00-0037228,4569987,Jaylen Warren,RB,PIT,1,FLEX,10.3,2026-10-10T01:45:22Z
2026,1,704757,Average Joes,16,16,espn90036700,9480,00-0038935,4430539,Brenton Strange,TE,JAX,0,BN,10.3,2026-10-10T01:45:22Z
2026,1,704757,Average Joes,16,16,espn90036700,9488,00-0038543,4430878,Jaxon Smith-Njigba,WR,SEA,1,WR,26.2,2026-10-10T01:45:22Z
2026,1,704757,Average Joes,16,16,espn90036700,espn--16014,,-16014,Rams D/ST,DEF,LA,1,DEF,1.0,2026-10-10T01:45:22Z
2026,1,704757,Average Joes,16,16,espn90036700,espn-2971573,,2971573,Ka'imi Fairbairn,K,HOU,1,K,9.0,2026-10-10T01:45:22Z
2026,1,704757,Average Joes,17,17,kmccloskey,11604,00-0039338,4432665,Brock Bowers,TE,LV,0,BN,0.0,2026-10-10T01:45:22Z
2026,1,704757,Average Joes,17,17,kmccloskey,11635,00-0039915,4612826,Ladd McConkey,WR,LAC,1,WR,19.2,2026-10-10T01:45:22Z
2026,1,704757,Average Joes,17,17,kmccloskey,12501,00-0040667,4701936,Matthew Golden,WR,GB,0,BN,15.5,2026-10-10T01:45:22Z
2026,1,704757,Average Joes,17,17,kmccloskey,12507,00-0040666,4685382,Omarion Hampton,RB,LAC,1,RB,8.3,2026-10-10T01:45:22Z
2026,1,704757,Average Joes,17,17,kmccloskey,12533,00-0040242,4575131,Jacory Croskey-Merritt,RB,WAS,0,BN,12.6,2026-10-10T01:45:22Z
2026,1,704757,Average Joes,17,17,kmccloskey,3163,00-0033106,3046779,Jared Goff,QB,DET,0,BN,16.44,2026-10-10T01:45:22Z
2026,1,704757,Average Joes,17,17,kmccloskey,5045,00-0034348,3128429,Courtland Sutton,WR,DEN,0,BN,3.1,2026-10-10T01:45:22Z
2026,1,704757,Average Joes,17,17,kmccloskey,5844,00-0035229,4036133,T.J. Hockenson,TE,MIN,1,TE,13.6,2026-10-10T01:45:22Z
2026,1,704757,Average Joes,17,17,kmccloskey,5927,00-0035659,3121422,Terry McLaurin,WR,WAS,1,FLEX,3.4,2026-10-10T01:45:22Z
2026,1,704757,Average Joes,17,17,kmccloskey,5967,00-0035261,3916148,Tony Pollard,RB,TEN,0,BN,4.4,2026-10-10T01:45:22Z
2026,1,704757,Average Joes,17,17,kmccloskey,6904,00-0036389,4040715,Jalen Hurts,QB,PHI,1,QB,24.72,2026-10-10T01:45:22Z
2026,1,704757,Average Joes,17,17,kmccloskey,7564,00-0036900,4362628,Ja'Marr Chase,WR,CIN,1,WR,3.2,2026-10-10T01:45:22Z
2026,1,704757,Average Joes,17,17,kmccloskey,8126,00-0038117,4569587,Wan'Dale Robinson,WR,TEN,0,BN,8.8,2026-10-10T01:45:22Z
2026,1,704757,Average Joes,17,17,kmccloskey,8150,00-0037840,4430737,Kyren Williams,RB,LA,1,RB,15.5,2026-10-10T01:45:22Z
2026,1,704757,Average Joes,17,17,kmccloskey,espn--16008,,-16008,Lions D/ST,DEF,DET,1,DEF,5.0,2026-10-10T01:45:22Z
2026,1,704757,Average Joes,17,17,kmccloskey,espn-4574716,,4574716,Harrison Mevis,K,LA,1,K,1.0,2026-10-10T01:45:22Z
2026,2,1312585008447262720,Where You At?,1,473346537234100224,MrMasculinity,10236,00-0038933,,Dalton Kincaid,TE,BUF,1,TE,19.0,2026-10-10T01:45:16Z
2026,2,1312585008447262720,Where You At?,1,473346537234100224,MrMasculinity,1052,,,Demario Davis,LB,NYJ,0,,5.5,2026-10-10T01:45:16Z
2026,2,1312585008447262720,Where You At?,1,473346537234100224,MrMasculinity,11563,00-0039732,,Bo Nix,QB,DEN,0,,14.12,2026-10-10T01:45:16Z
2026,2,1312585008447262720,Where You At?,1,473346537234100224,MrMasculinity,11687,,,Edgerrin Cooper,LB,GB,1,LB,18.0,2026-10-10T01:45:16Z
2026,2,1312585008447262720,Where You At?,1,473346537234100224,MrMasculinity,12502,00-0040584,,Gunnar Helm,TE,TEN,0,,2.3,2026-10-10T01:45:16Z
2026,2,1312585008447262720,Where You At?,1,473346537234100224,MrMasculinity,12508,00-0040691,,Jaxson Dart,QB,NYG,1,QB,0.8,2026-10-10T01:45:16Z
2026,2,1312585008447262720,Where You At?,1,473346537234100224,MrMasculinity,13274,00-0041489,,Germie Bernard,WR,PIT,0,,5.5,2026-10-10T01:45:16Z
2026,2,1312585008447262720,Where You At?,1,473346537234100224,MrMasculinity,13337,00-0041013,,Emmett Johnson,RB,KC,0,,5.5,2026-10-10T01:45:16Z
2026,2,1312585008447262720,Where You At?,1,473346537234100224,MrMasculinity,13377,,,Arvell Reese,LB,NYG,0,,5.0,2026-10-10T01:45:16Z
2026,2,1312585008447262720,Where You At?,1,473346537234100224,MrMasculinity,2020,,,Cairo Santos,K,CHI,1,K,2.0,2026-10-10T01:45:16Z
2026,2,1312585008447262720,Where You At?,1,473346537234100224,MrMasculinity,3294,00-0033077,,Dak Prescott,QB,DAL,0,,29.76,2026-10-10T01:45:16Z
2026,2,1312585008447262720,Where You At?,1,473346537234100224,MrMasculinity,4037,00-0033921,,Chris Godwin Jr.,WR,TB,0,,7.3,2026-10-10T01:45:16Z
2026,2,1312585008447262720,Where You At?,1,473346537234100224,MrMasculinity,4081,,,Budda Baker,DB,ARI,0,,17.0,2026-10-10T01:45:16Z
2026,2,1312585008447262720,Where You At?,1,473346537234100224,MrMasculinity,4199,00-0033293,,Aaron Jones,RB,MIN,0,,10.5,2026-10-10T01:45:16Z
2026,2,1312585008447262720,Where You At?,1,473346537234100224,MrMasculinity,5001,00-0034383,,Dalton Schultz,TE,HOU,0,,20.0,2026-10-10T01:45:16Z
2026,2,1312585008447262720,Where You At?,1,473346537234100224,MrMasculinity,5041,,,Fred Warner,LB,SF,0,,10.0,2026-10-10T01:45:16Z
2026,2,1312585008447262720,Where You At?,1,473346537234100224,MrMasculinity,5297,,,Zach Sieler,DT,MIA,1,DL,0.5,2026-10-10T01:45:16Z
2026,2,1312585008447262720,Where You At?,1,473346537234100224,MrMasculinity,5332,,,Foyesade Oluokun,LB,JAX,0,,6.0,2026-10-10T01:45:16Z
2026,2,1312585008447262720,Where You At?,1,473346537234100224,MrMasculinity,5841,,,Ed Oliver,DT,BUF,1,DL,0.0,2026-10-10T01:45:16Z
2026,2,1312585008447262720,Where You At?,1,473346537234100224,MrMasculinity,5872,00-0035719,,Deebo Samuel Sr.,WR,SF,0,,5.0,2026-10-10T01:45:16Z
2026,2,1312585008447262720,Where You At?,1,473346537234100224,MrMasculinity,5892,00-0035685,,David Montgomery,RB,HOU,1,RB,3.4,2026-10-10T01:45:16Z
2026,2,1312585008447262720,Where You At?,1,473346537234100224,MrMasculinity,5927,00-0035659,,Terry McLaurin,WR,WAS,1,WR,6.0,2026-10-10T01:45:16Z
2026,2,1312585008447262720,Where You At?,1,473346537234100224,MrMasculinity,6650,,,Chase McLaughlin,K,TB,0,,16.0,2026-10-10T01:45:16Z
2026,2,1312585008447262720,Where You At?,1,473346537234100224,MrMasculinity,6790,00-0036275,,D'Andre Swift,RB,CHI,1,FLEX,10.4,2026-10-10T01:45:16Z
2026,2,1312585008447262720,Where You At?,1,473346537234100224,MrMasculinity,7523,00-0036971,,Trevor Lawrence,QB,JAX,0,,6.16,2026-10-10T01:45:16Z
2026,2,1312585008447262720,Where You At?,1,473346537234100224,MrMasculinity,7553,00-0036970,,Kyle Pitts,TE,ATL,0,,2.5,2026-10-10T01:45:16Z
2026,2,1312585008447262720,Where You At?,1,473346537234100224,MrMasculinity,7571,00-0036550,,Rashod Bateman,WR,BAL,0,,19.3,2026-10-10T01:45:16Z
2026,2,1312585008447262720,Where You At?,1,473346537234100224,MrMasculinity,8151,00-0038134,,Kenneth Walker III,RB,KC,1,RB,20.8,2026-10-10T01:45:16Z
2026,2,1312585008447262720,Where You At?,1,473346537234100224,MrMasculinity,8183,00-0037834,,Brock Purdy,QB,SF,0,,28.48,2026-10-10T01:45:16Z
2026,2,1312585008447262720,Where You At?,1,473346537234100224,MrMasculinity,8266,,,Quay Walker,LB,LV,0,,7.5,2026-10-10T01:45:16Z
2026,2,1312585008447262720,Where You At?,1,473346537234100224,MrMasculinity,8392,,,Nick Cross,DB,WAS,1,DB,5.0,2026-10-10T01:45:16Z
2026,2,1312585008447262720,Where You At?,1,473346537234100224,MrMasculinity,9480,00-0038935,,Brenton Strange,TE,JAX,0,,2.7,2026-10-10T01:45:16Z
2026,2,1312585008447262720,Where You At?,1,473346537234100224,MrMasculinity,9487,00-0038606,,Parker Washington,WR,JAX,1,WR,14.3,2026-10-10T01:45:16Z
2026,2,1312585008447262720,Where You At?,1,473346537234100224,MrMasculinity,9488,00-0038543,,Jaxon Smith-Njigba,WR,SEA,1,WR,38.0,2026-10-10T01:45:16Z
2026,2,1312585008447262720,Where You At?,2,306149492955049984,FYFSimon,10235,00-0039021,,Roschon Johnson,RB,CHI,0,,0.0,2026-10-10T01:45:16Z
2026,2,1312585008447262720,Where You At?,2,306149492955049984,FYFSimon,10859,00-0039065,,Sam LaPorta,TE,DET,1,TE,14.2,2026-10-10T01:45:16Z
2026,2,1312585008447262720,Where You At?,2,306149492955049984,FYFSimon,10905,,,Brian Branch,DB,DET,0,,0.0,2026-10-10T01:45:16Z
2026,2,1312585008447262720,Where You At?,2,306149492955049984,FYFSimon,11565,00-0039923,,J.J. McCarthy,QB,NYG,0,,0.0,2026-10-10T01:45:16Z
2026,2,1312585008447262720,Where You At?,2,306149492955049984,FYFSimon,11584,00-0039361,,Bucky Irving,RB,TB,1,FLEX,11.0,2026-10-10T01:45:16Z
2026,2,1312585008447262720,Where You At?,2,306149492955049984,FYFSimon,11586,00-0039738,,Blake Corum,RB,LA,0,,9.7,2026-10-10T01:45:16Z
2026,2,1312585008447262720,Where You At?,2,306149492955049984,FYFSimon,11705,,,Tykee Smith,DB,TB,1,DB,10.5,2026-10-10T01:45:16Z
2026,2,1312585008447262720,Where You At?,2,306149492955049984,FYFSimon,11786,,,Cam Little,K,JAX,1,K,7.0,2026-10-10T01:45:16Z
2026,2,1312585008447262720,Where You At?,2,306149492955049984,FYFSimon,12476,00-0040202,,Devin Neal,RB,MIN,0,,0.0,2026-10-10T01:45:16Z
2026,2,1312585008447262720,Where You At?,2,306149492955049984,FYFSimon,12512,00-0040784,,Quinshon Judkins,RB,CLE,0,,7.3,2026-10-10T01:45:16Z
2026,2,1312585008447262720,Where You At?,2,306149492955049984,FYFSimon,12522,00-0040676,,Cam Ward,QB,TEN,0,,20.02,2026-10-10T01:45:16Z
2026,2,1312585008447262720,Where You At?,2,306149492955049984,FYFSimon,12578,,,Carson Schwesinger,LB,CLE,1,LB,9.5,2026-10-10T01:45:16Z
2026,2,1312585008447262720,Where You At?,2,306149492955049984,FYFSimon,13294,00-0040867,,Makai Lemon,WR,PHI,0,,2.4,2026-10-10T01:45:16Z
2026,2,1312585008447262720,Where You At?,2,306149492955049984,FYFSimon,13345,00-0041496,,Jonah Coleman,RB,DEN,0,,13.3,2026-10-10T01:45:16Z
2026,2,1312585008447262720,Where You At?,2,306149492955049984,FYFSimon,2216,00-0031408,,Mike Evans,WR,SF,1,WR,6.9,2026-10-10T01:45:16Z
2026,2,1312585008447262720,Where You At?,2,306149492955049984,FYFSimon,2449,00-0031588,,Stefon Diggs,WR,WAS,0,,19.2,2026-10-10T01:45:16Z
2026,2,1312585008447262720,Where You At?,2,306149492955049984,FYFSimon,421,00-0026498,,Matthew Stafford,QB,LA,0,,26.98,2026-10-10T01:45:16Z
2026,2,1312585008447262720,Where You At?,2,306149492955049984,FYFSimon,4217,00-0033288,,George Kittle,TE,SF,0,,16.0,2026-10-10T01:45:16Z
2026,2,1312585008447262720,Where You At?,2,306149492955049984,FYFSimon,4983,00-0034827,,DJ Moore,WR,BUF,1,WR,-0.1,2026-10-10T01:45:16Z
2026,2,1312585008447262720,Where You At?,2,306149492955049984,FYFSimon,4984,00-0034857,,Josh Allen,QB,BUF,1,QB,40.82,2026-10-10T01:45:16Z
2026,2,1312585008447262720,Where You At?,2,306149492955049984,FYFSimon,6183,,,Andrew Van Ginkel,LB,MIN,1,DL,12.0,2026-10-10T01:45:16Z
2026,2,1312585008447262720,Where You At?,2,306149492955049984,FYFSimon,6768,00-0036212,,Tua Tagovailoa,QB,ATL,0,,0.0,2026-10-10T01:45:16Z
2026,2,1312585008447262720,Where You At?,2,306149492955049984,FYFSimon,6786,00-0036358,,CeeDee Lamb,WR,DAL,1,WR,31.3,2026-10-10T01:45:16Z
2026,2,1312585008447262720,Where You At?,2,306149492955049984,FYFSimon,6865,00-0036244,,Colby Parkinson,TE,LA,0,,2.5,2026-10-10T01:45:16Z
2026,2,1312585008447262720,Where You At?,2,306149492955049984,FYFSimon,7002,00-0036040,,Juwan Johnson,TE,NO,0,,8.6,2026-10-10T01:45:16Z
2026,2,1312585008447262720,Where You At?,2,306149492955049984,FYFSimon,7021,00-0036139,,Rico Dowdle,RB,PIT,0,,5.4,2026-10-10T01:45:16Z
2026,2,1312585008447262720,Where You At?,2,306149492955049984,FYFSimon,7588,00-0036997,,Javonte Williams,RB,DAL,1,RB,6.5,2026-10-10T01:45:16Z
2026,2,1312585008447262720,Where You At?,2,306149492955049984,FYFSimon,7627,,,Greg Rousseau,DE,BUF,1,DL,23.0,2026-10-10T01:45:16Z
2026,2,1312585008447262720,Where You At?,2,306149492955049984,FYFSimon,7640,,,Micah Parsons,LB,GB,0,,0.0,2026-10-10T01:45:16Z
2026,2,1312585008447262720,Where You At?,2,306149492955049984,FYFSimon,7839,,,Evan McPherson,K,CIN,0,,12.0,2026-10-10T01:45:16Z
2026,2,1312585008447262720,Where You At?,2,306149492955049984,FYFSimon,8142,00-0037664,,Alec Pierce,WR,IND,0,,1.6,2026-10-10T01:45:16Z
2026,2,1312585008447262720,Where You At?,2,306149492955049984,FYFSimon,8148,00-0037240,,Jameson Williams,WR,DET,0,,4.3,2026-10-10T01:45:16Z
2026,2,1312585008447262720,Where You At?,2,306149492955049984,FYFSimon,8150,00-0037840,,Kyren Williams,RB,LA,1,RB,14.7,2026-10-10T01:45:16Z
2026,2,1312585008447262720,Where You At?,2,306149492955049984,FYFSimon,8385,,,George Karlaftis,DL,KC,0,,3.5,2026-10-10T01:45:16Z
2026,2,1312585008447262720,Where You At?,2,306149492955049984,FYFSimon,8408,00-0037525,,Jordan Mason,RB,MIN,0,,0.0,2026-10-10T01:45:16Z
2026,2,1312585008447262720,Where You At?,2,306149492955049984,FYFSimon,9500,00-0038997,,Josh Downs,WR,IND,0,,10.7,2026-10-10T01:45:16Z
2026,2,1312585008447262720,Where You At?,2,306149492955049984,FYFSimon,9753,00-0039165,,Zach Charbonnet,RB,SEA,0,,0.0,2026-10-10T01:45:16Z
2026,2,1312585008447262720,Where You At?,3,735940870234345472,zacquem,10222,00-0039146,,Jayden Reed,WR,GB,0,,0.9,2026-10-10T01:45:16Z
2026,2,1312585008447262720,Where You At?,3,735940870234345472,zacquem,10880,,,Jack Campbell,LB,DET,1,LB,5.0,2026-10-10T01:45:16Z
2026,2,1312585008447262720,Where You At?,3,735940870234345472,zacquem,10888,,,Jalen Carter,DL,PHI,0,,8.0,2026-10-10T01:45:16Z
2026,2,1312585008447262720,Where You At?,3,735940870234345472,zacquem,10891,,,Devon Witherspoon,DB,SEA,0,,8.0,2026-10-10T01:45:16Z
2026,2,1312585008447262720,Where You At?,3,735940870234345472,zacquem,10940,,,Nick Herbig,LB,PIT,0,,15.5,2026-10-10T01:45:16Z
2026,2,1312585008447262720,Where You At?,3,735940870234345472,zacquem,11559,00-0039917,,Michael Penix Jr.,QB,ATL,0,,0.0,2026-10-10T01:45:16Z
2026,2,1312585008447262720,Where You At?,3,735940870234345472,zacquem,11583,00-0039344,,Jonathon Brooks,RB,CAR,0,,1.6,2026-10-10T01:45:16Z
2026,2,1312585008447262720,Where You At?,3,735940870234345472,zacquem,11628,00-0039849,,Marvin Harrison Jr.,WR,ARI,0,,0.0,2026-10-10T01:45:16Z
2026,2,1312585008447262720,Where You At?,3,735940870234345472,zacquem,11678,,,Cooper DeJean,DB,PHI,0,,3.5,2026-10-10T01:45:16Z
2026,2,1312585008447262720,Where You At?,3,735940870234345472,zacquem,12498,00-0040736,,Mason Taylor,TE,NYJ,0,,0.0,2026-10-10T01:45:16Z
2026,2,1312585008447262720,Where You At?,3,735940870234345472,zacquem,12518,00-0040128,,Tyler Warren,TE,IND,1,TE,11.4,2026-10-10T01:45:16Z
2026,2,1312585008447262720,Where You At?,3,735940870234345472,zacquem,12526,00-0040124,,Tetairoa McMillan,WR,CAR,1,WR,12.6,2026-10-10T01:45:16Z
2026,2,1312585008447262720,Where You At?,3,735940870234345472,zacquem,13279,00-0041438,,Carnell Tate,WR,TEN,1,FLEX,4.2,2026-10-10T01:45:16Z
2026,2,1312585008447262720,Where You At?,3,735940870234345472,zacquem,13349,00-0041483,,Eli Stowers,TE,PHI,0,,0.0,2026-10-10T01:45:16Z
2026,2,1312585008447262720,Where You At?,3,735940870234345472,zacquem,13371,,,Dillon Thieneman,DB,CHI,1,DB,6.0,2026-10-10T01:45:16Z
2026,2,1312585008447262720,Where You At?,3,735940870234345472,zacquem,13375,,,Sonny Styles,LB,WAS,0,,1.5,2026-10-10T01:45:16Z
2026,2,1312585008447262720,Where You At?,3,735940870234345472,zacquem,4032,,,Jonathan Allen,DT,CIN,0,,14.0,2026-10-10T01:45:16Z
2026,2,1312585008447262720,Where You At?,3,735940870234345472,zacquem,4066,00-0033881,,Evan Engram,TE,DEN,0,,2.2,2026-10-10T01:45:16Z
2026,2,1312585008447262720,Where You At?,3,735940870234345472,zacquem,4195,,,Jake Elliott,K,PHI,1,K,8.0,2026-10-10T01:45:16Z
2026,2,1312585008447262720,Where You At?,3,735940870234345472,zacquem,4943,00-0034869,,Sam Darnold,QB,SEA,0,,0.0,2026-10-10T01:45:16Z
2026,2,1312585008447262720,Where You At?,3,735940870234345472,zacquem,5862,,,Brian Burns,DE,NYG,1,DL,3.0,2026-10-10T01:45:16Z
2026,2,1312585008447262720,Where You At?,3,735940870234345472,zacquem,5912,,,Carl Granderson,DE,NO,1,DL,7.5,2026-10-10T01:45:16Z
2026,2,1312585008447262720,Where You At?,3,735940870234345472,zacquem,6302,,,Kaden Elliss,LB,NO,0,,9.0,2026-10-10T01:45:16Z
2026,2,1312585008447262720,Where You At?,3,735940870234345472,zacquem,6770,00-0036442,,Joe Burrow,QB,CIN,1,QB,16.18,2026-10-10T01:45:16Z
2026,2,1312585008447262720,Where You At?,3,735940870234345472,zacquem,7526,00-0036613,,Jaylen Waddle,WR,DEN,1,WR,17.8,2026-10-10T01:45:16Z
2026,2,1312585008447262720,Where You At?,3,735940870234345472,zacquem,7715,,,Cam Bynum,DB,IND,0,,7.0,2026-10-10T01:45:16Z
2026,2,1312585008447262720,Where You At?,3,735940870234345472,zacquem,7765,,,Jonathon Cooper,DL,DEN,0,,0.0,2026-10-10T01:45:16Z
2026,2,1312585008447262720,Where You At?,3,735940870234345472,zacquem,8112,00-0037238,,Drake London,WR,ATL,1,WR,8.4,2026-10-10T01:45:16Z
2026,2,1312585008447262720,Where You At?,3,735940870234345472,zacquem,8119,00-0037741,,Jahan Dotson,WR,ATL,0,,2.1,2026-10-10T01:45:16Z
2026,2,1312585008447262720,Where You At?,3,735940870234345472,zacquem,8136,00-0037256,,Rachaad White,RB,WAS,0,,11.3,2026-10-10T01:45:16Z
2026,2,1312585008447262720,Where You At?,3,735940870234345472,zacquem,8290,,,Sauce Gardner,DB,IND,0,,6.0,2026-10-10T01:45:16Z
2026,2,1312585008447262720,Where You At?,3,735940870234345472,zacquem,8311,,,Terrel Bernard,LB,BUF,0,,7.0,2026-10-10T01:45:16Z
2026,2,1312585008447262720,Where You At?,3,735940870234345472,zacquem,8329,,,Devin Lloyd,LB,CAR,0,,38.0,2026-10-10T01:45:16Z
2026,2,1312585008447262720,Where You At?,3,735940870234345472,zacquem,9221,00-0039139,,Jahmyr Gibbs,RB,DET,1,RB,20.3,2026-10-10T01:45:16Z
2026,2,1312585008447262720,Where You At?,3,735940870234345472,zacquem,9226,00-0039040,,De'Von Achane,RB,MIA,1,RB,10.8,2026-10-10T01:45:16Z
2026,2,1312585008447262720,Where You At?,3,735940870234345472,zacquem,9756,00-0038994,,Jordan Addison,WR,MIN,0,,3.1,2026-10-10T01:45:16Z
2026,2,1312585008447262720,Where You At?,4,473347412346269696,tmwrigh,10949,,,Chamarri Conner,DB,KC,0,,0.0,2026-10-10T01:45:16Z
2026,2,1312585008447262720,Where You At?,4,473347412346269696,tmwrigh,11575,00-0039875,,Ray Davis,RB,BUF,0,,0.0,2026-10-10T01:45:16Z
2026,2,1312585008447262720,Where You At?,4,473347412346269696,tmwrigh,11604,00-0039338,,Brock Bowers,TE,LV,0,,0.0,2026-10-10T01:45:16Z
2026,2,1312585008447262720,Where You At?,4,473347412346269696,tmwrigh,11637,00-0039901,,Keon Coleman,WR,BUF,0,,9.3,2026-10-10T01:45:16Z
2026,2,1312585008447262720,Where You At?,4,473347412346269696,tmwrigh,11638,00-0039916,,Ricky Pearsall,WR,SF,0,,0.0,2026-10-10T01:45:16Z
2026,2,1312585008447262720,Where You At?,4,473347412346269696,tmwrigh,11643,00-0039874,,Jaylen Wright,RB,MIA,0,,1.1,2026-10-10T01:45:16Z
2026,2,1312585008447262720,Where You At?,4,473347412346269696,tmwrigh,12481,00-0040715,,Cam Skattebo,RB,NYG,1,FLEX,7.5,2026-10-10T01:45:16Z
2026,2,1312585008447262720,Where You At?,4,473347412346269696,tmwrigh,12487,00-0040737,,Terrance Ferguson,TE,LA,0,,14.4,2026-10-10T01:45:16Z
2026,2,1312585008447262720,Where You At?,4,473347412346269696,tmwrigh,12490,00-0040719,,Bhayshul Tuten,RB,JAX,0,,13.2,2026-10-10T01:45:16Z
2026,2,1312585008447262720,Where You At?,4,473347412346269696,tmwrigh,12501,00-0040667,,Matthew Golden,WR,GB,1,WR,7.8,2026-10-10T01:45:16Z
2026,2,1312585008447262720,Where You At?,4,473347412346269696,tmwrigh,12527,00-0040122,,Ashton Jeanty,RB,LV,1,RB,9.3,2026-10-10T01:45:16Z
2026,2,1312585008447262720,Where You At?,4,473347412346269696,tmwrigh,13293,00-0040870,,Ja'Kobi Lane,WR,BAL,0,,0.0,2026-10-10T01:45:16Z
2026,2,1312585008447262720,Where You At?,4,473347412346269696,tmwrigh,13296,00-0041523,,Caleb Douglas,WR,MIA,0,,2.9,2026-10-10T01:45:16Z
2026,2,1312585008447262720,Where You At?,4,473347412346269696,tmwrigh,13311,00-0041525,,Chris Bell,WR,MIA,0,,0.0,2026-10-10T01:45:16Z
2026,2,1312585008447262720,Where You At?,4,473347412346269696,tmwrigh,13413,00-0040890,,Cyrus Allen,WR,KC,0,,0.0,2026-10-10T01:45:16Z
2026,2,1312585008447262720,Where You At?,4,473347412346269696,tmwrigh,13414,00-0041052,,Kaelon Black,RB,SF,0,,2.5,2026-10-10T01:45:16Z
2026,2,1312585008447262720,Where You At?,4,473347412346269696,tmwrigh,4881,00-0034796,,Lamar Jackson,QB,BAL,1,QB,14.8,2026-10-10T01:45:16Z
2026,2,1312585008447262720,Where You At?,4,473347412346269696,tmwrigh,4967,,,Bradley Chubb,LB,BUF,0,,13.0,2026-10-10T01:45:16Z
2026,2,1312585008447262720,Where You At?,4,473347412346269696,tmwrigh,5045,00-0034348,,Courtland Sutton,WR,DEN,0,,4.0,2026-10-10T01:45:16Z
2026,2,1312585008447262720,Where You At?,4,473347412346269696,tmwrigh,5816,,,Nick Bosa,DE,SF,1,DL,1.5,2026-10-10T01:45:16Z
2026,2,1312585008447262720,Where You At?,4,473347412346269696,tmwrigh,5840,,,Josh Hines-Allen,DE,JAX,1,DL,1.5,2026-10-10T01:45:16Z
2026,2,1312585008447262720,Where You At?,4,473347412346269696,tmwrigh,5846,00-0035640,,DK Metcalf,WR,PIT,1,WR,4.7,2026-10-10T01:45:16Z
2026,2,1312585008447262720,Where You At?,4,473347412346269696,tmwrigh,6828,00-0036265,,AJ Dillon,RB,CAR,0,,0.7,2026-10-10T01:45:16Z
2026,2,1312585008447262720,Where You At?,4,473347412346269696,tmwrigh,7136,,,Kam Curl,DB,LAR,1,DB,5.0,2026-10-10T01:45:16Z
2026,2,1312585008447262720,Where You At?,4,473347412346269696,tmwrigh,7611,00-0036875,,Rhamondre Stevenson,RB,NE,0,,3.1,2026-10-10T01:45:16Z
2026,2,1312585008447262720,Where You At?,4,473347412346269696,tmwrigh,8132,00-0037263,,Tyler Allgeier,RB,ARI,0,,2.9,2026-10-10T01:45:16Z
2026,2,1312585008447262720,Where You At?,4,473347412346269696,tmwrigh,8134,00-0037261,,Khalil Shakir,WR,BUF,0,,5.3,2026-10-10T01:45:16Z
2026,2,1312585008447262720,Where You At?,4,473347412346269696,tmwrigh,8138,00-0037248,,James Cook,RB,BUF,1,RB,20.4,2026-10-10T01:45:16Z
2026,2,1312585008447262720,Where You At?,4,473347412346269696,tmwrigh,8161,00-0038128,,Malik Willis,QB,MIA,0,,12.48,2026-10-10T01:45:16Z
2026,2,1312585008447262720,Where You At?,4,473347412346269696,tmwrigh,8205,00-0037197,,Isiah Pacheco,RB,DET,0,,0.0,2026-10-10T01:45:16Z
2026,2,1312585008447262720,Where You At?,4,473347412346269696,tmwrigh,8259,,,Cameron Dicker,K,LAC,1,K,1.0,2026-10-10T01:45:16Z
2026,2,1312585008447262720,Where You At?,4,473347412346269696,tmwrigh,8659,,,Nate Landman,LB,LAR,1,LB,7.0,2026-10-10T01:45:16Z
2026,2,1312585008447262720,Where You At?,4,473347412346269696,tmwrigh,9228,00-0039150,,Bryce Young,QB,CAR,0,,24.08,2026-10-10T01:45:16Z
2026,2,1312585008447262720,Where You At?,4,473347412346269696,tmwrigh,9482,00-0039066,,Michael Mayer,TE,LV,1,TE,3.8,2026-10-10T01:45:16Z
2026,2,1312585008447262720,Where You At?,4,473347412346269696,tmwrigh,9493,00-0039075,,Puka Nacua,WR,LA,1,WR,0.0,2026-10-10T01:45:16Z
2026,2,1312585008447262720,Where You At?,4,473347412346269696,tmwrigh,9754,00-0038544,,Quentin Johnston,WR,LAC,0,,1.9,2026-10-10T01:45:16Z
2026,2,1312585008447262720,Where You At?,5,300320148349276160,FYFJohnLuke,10213,00-0038563,,Tre Tucker,WR,LV,0,,20.4,2026-10-10T01:45:16Z
2026,2,1312585008447262720,Where You At?,5,300320148349276160,FYFJohnLuke,10232,00-0038559,,Michael Wilson,WR,ARI,0,,2.8,2026-10-10T01:45:16Z
2026,2,1312585008447262720,Where You At?,5,300320148349276160,FYFJohnLuke,11624,00-0039894,,Xavier Worthy,WR,KC,0,,11.0,2026-10-10T01:45:16Z
2026,2,1312585008447262720,Where You At?,5,300320148349276160,FYFJohnLuke,11625,00-0039890,,Adonai Mitchell,WR,NYJ,0,,9.3,2026-10-10T01:45:16Z
2026,2,1312585008447262720,Where You At?,5,300320148349276160,FYFJohnLuke,11627,00-0039868,,Troy Franklin,WR,DEN,0,,3.2,2026-10-10T01:45:16Z
2026,2,1312585008447262720,Where You At?,5,300320148349276160,FYFJohnLuke,12015,,,Harrison Mevis,K,LAR,0,,2.0,2026-10-10T01:45:16Z
2026,2,1312585008447262720,Where You At?,5,300320148349276160,FYFJohnLuke,12469,00-0040162,,Dylan Sampson,RB,CLE,0,,0.0,2026-10-10T01:45:16Z
2026,2,1312585008447262720,Where You At?,5,300320148349276160,FYFJohnLuke,12504,00-0040142,,Kaleb Johnson,RB,GB,0,,3.2,2026-10-10T01:45:16Z
2026,2,1312585008447262720,Where You At?,5,300320148349276160,FYFJohnLuke,12506,00-0040663,,Harold Fannin Jr.,TE,CLE,0,,7.9,2026-10-10T01:45:16Z
2026,2,1312585008447262720,Where You At?,5,300320148349276160,FYFJohnLuke,12536,00-0040138,,Jaylin Noel,WR,HOU,0,,4.9,2026-10-10T01:45:16Z
2026,2,1312585008447262720,Where You At?,5,300320148349276160,FYFJohnLuke,12574,,,Abdul Carter,DL,NYG,1,DL,9.0,2026-10-10T01:45:16Z
2026,2,1312585008447262720,Where You At?,5,300320148349276160,FYFJohnLuke,12711,,,Tyler Loop,K,BAL,1,K,5.0,2026-10-10T01:45:16Z
2026,2,1312585008447262720,Where You At?,5,300320148349276160,FYFJohnLuke,13287,00-0041027,,Jeremiyah Love,RB,ARI,1,RB,6.0,2026-10-10T01:45:16Z
2026,2,1312585008447262720,Where You At?,5,300320148349276160,FYFJohnLuke,13340,,,Rueben Bain,DL,TB,1,DL,0.0,2026-10-10T01:45:16Z
2026,2,1312585008447262720,Where You At?,5,300320148349276160,FYFJohnLuke,13346,00-0041037,,Denzel Boston,WR,CLE,0,,18.0,2026-10-10T01:45:16Z
2026,2,1312585008447262720,Where You At?,5,300320148349276160,FYFJohnLuke,3257,00-0033119,,Jacoby Brissett,QB,ARI,0,,6.5,2026-10-10T01:45:16Z
2026,2,1312585008447262720,Where You At?,5,300320148349276160,FYFJohnLuke,4033,00-0033885,,David Njoku,TE,LAC,0,,1.4,2026-10-10T01:45:16Z
2026,2,1312585008447262720,Where You At?,5,300320148349276160,FYFJohnLuke,4046,00-0033873,,Patrick Mahomes,QB,KC,1,QB,28.98,2026-10-10T01:45:16Z
2026,2,1312585008447262720,Where You At?,5,300320148349276160,FYFJohnLuke,4950,00-0034775,,Christian Kirk,WR,SF,0,,0.0,2026-10-10T01:45:16Z
2026,2,1312585008447262720,Where You At?,5,300320148349276160,FYFJohnLuke,5012,00-0034753,,Mark Andrews,TE,BAL,1,TE,7.9,2026-10-10T01:45:16Z
2026,2,1312585008447262720,Where You At?,5,300320148349276160,FYFJohnLuke,5967,00-0035261,,Tony Pollard,RB,TEN,0,,7.0,2026-10-10T01:45:16Z
2026,2,1312585008447262720,Where You At?,5,300320148349276160,FYFJohnLuke,6794,00-0036322,,Justin Jefferson,WR,MIN,1,WR,7.0,2026-10-10T01:45:16Z
2026,2,1312585008447262720,Where You At?,5,300320148349276160,FYFJohnLuke,6806,00-0036158,,J.K. Dobbins,RB,DEN,0,,3.6,2026-10-10T01:45:16Z
2026,2,1312585008447262720,Where You At?,5,300320148349276160,FYFJohnLuke,6949,,,Jordyn Brooks,LB,MIA,0,,2.5,2026-10-10T01:45:16Z
2026,2,1312585008447262720,Where You At?,5,300320148349276160,FYFJohnLuke,7543,00-0036973,,Travis Etienne,RB,NO,0,,6.1,2026-10-10T01:45:16Z
2026,2,1312585008447262720,Where You At?,5,300320148349276160,FYFJohnLuke,7564,00-0036900,,Ja'Marr Chase,WR,CIN,1,WR,23.0,2026-10-10T01:45:16Z
2026,2,1312585008447262720,Where You At?,5,300320148349276160,FYFJohnLuke,7659,,,Tre'von Moehrig,DB,CAR,1,DB,4.0,2026-10-10T01:45:16Z
2026,2,1312585008447262720,Where You At?,5,300320148349276160,FYFJohnLuke,7841,,,Jamien Sherwood,LB,NYJ,1,LB,7.5,2026-10-10T01:45:16Z
2026,2,1312585008447262720,Where You At?,5,300320148349276160,FYFJohnLuke,8126,00-0038117,,Wan'Dale Robinson,WR,TEN,0,,1.4,2026-10-10T01:45:16Z
2026,2,1312585008447262720,Where You At?,5,300320148349276160,FYFJohnLuke,8146,00-0037740,,Garrett Wilson,WR,NYJ,1,FLEX,14.2,2026-10-10T01:45:16Z
2026,2,1312585008447262720,Where You At?,5,300320148349276160,FYFJohnLuke,8155,00-0038120,,Breece Hall,RB,NYJ,1,RB,11.7,2026-10-10T01:45:16Z
2026,2,1312585008447262720,Where You At?,5,300320148349276160,FYFJohnLuke,8167,00-0038124,,Christian Watson,WR,GB,1,WR,12.1,2026-10-10T01:45:16Z
2026,2,1312585008447262720,Where You At?,5,300320148349276160,FYFJohnLuke,9504,00-0038608,,Kayshon Boutte,WR,HOU,0,,5.2,2026-10-10T01:45:16Z
2026,2,1312585008447262720,Where You At?,5,300320148349276160,FYFJohnLuke,9508,00-0039032,,Tyjae Spears,RB,TEN,0,,8.0,2026-10-10T01:45:16Z
2026,2,1312585008447262720,Where You At?,5,300320148349276160,FYFJohnLuke,9997,00-0039064,,Zay Flowers,WR,BAL,0,,0.0,2026-10-10T01:45:16Z
2026,2,1312585008447262720,Where You At?,6,473480332893483008,jmeanor,10219,00-0038611,,Chris Rodriguez Jr.,RB,JAX,1,RB,1.3,2026-10-10T01:45:16Z
2026,2,1312585008447262720,Where You At?,6,473480332893483008,jmeanor,10229,00-0039067,,Rashee Rice,WR,KC,1,WR,10.3,2026-10-10T01:45:16Z
2026,2,1312585008447262720,Where You At?,6,473480332893483008,jmeanor,11199,00-0038705,,Emari Demercado,RB,DAL,0,,0.8,2026-10-10T01:45:16Z
2026,2,1312585008447262720,Where You At?,6,473480332893483008,jmeanor,11564,00-0039851,,Drake Maye,QB,NE,0,,8.02,2026-10-10T01:45:16Z
2026,2,1312585008447262720,Where You At?,6,473480332893483008,jmeanor,11632,00-0039337,,Malik Nabers,WR,NYG,1,WR,0.6,2026-10-10T01:45:16Z
2026,2,1312585008447262720,Where You At?,6,473480332893483008,jmeanor,11665,,,Jared Verse,DL,CLE,1,DL,4.0,2026-10-10T01:45:16Z
2026,2,1312585008447262720,Where You At?,6,473480332893483008,jmeanor,13281,00-0041029,,Jordyn Tyson,WR,NO,0,,0.0,2026-10-10T01:45:16Z
2026,2,1312585008447262720,Where You At?,6,473480332893483008,jmeanor,13288,00-0040886,,Nicholas Singleton,RB,TEN,0,,1.0,2026-10-10T01:45:16Z
2026,2,1312585008447262720,Where You At?,6,473480332893483008,jmeanor,13301,00-0041040,,Antonio Williams,WR,WAS,1,FLEX,3.9,2026-10-10T01:45:16Z
2026,2,1312585008447262720,Where You At?,6,473480332893483008,jmeanor,13423,00-0041490,,Eli Heidenreich,RB,PIT,0,,0.0,2026-10-10T01:45:16Z
2026,2,1312585008447262720,Where You At?,6,473480332893483008,jmeanor,1466,00-0030506,,Travis Kelce,TE,KC,1,TE,20.6,2026-10-10T01:45:16Z
2026,2,1312585008447262720,Where You At?,6,473480332893483008,jmeanor,1945,,,Chris Boswell,K,PIT,0,,4.0,2026-10-10T01:45:16Z
2026,2,1312585008447262720,Where You At?,6,473480332893483008,jmeanor,2393,,,Danielle Hunter,DE,HOU,0,,9.0,2026-10-10T01:45:16Z
2026,2,1312585008447262720,Where You At?,6,473480332893483008,jmeanor,3172,,,DeForest Buckner,DT,IND,0,,11.0,2026-10-10T01:45:16Z
2026,2,1312585008447262720,Where You At?,6,473480332893483008,jmeanor,3451,,,Ka'imi Fairbairn,K,HOU,1,K,7.0,2026-10-10T01:45:16Z
2026,2,1312585008447262720,Where You At?,6,473480332893483008,jmeanor,4137,00-0033553,,James Conner,RB,ARI,0,,0.0,2026-10-10T01:45:16Z
2026,2,1312585008447262720,Where You At?,6,473480332893483008,jmeanor,4892,00-0034855,,Baker Mayfield,QB,TB,1,QB,12.18,2026-10-10T01:45:16Z
2026,2,1312585008447262720,Where You At?,6,473480332893483008,jmeanor,4971,,,Derwin James,DB,LAC,1,DB,4.5,2026-10-10T01:45:16Z
2026,2,1312585008447262720,Where You At?,6,473480332893483008,jmeanor,5726,,,Robert Spillane,LB,NE,0,,5.5,2026-10-10T01:45:16Z
2026,2,1312585008447262720,Where You At?,6,473480332893483008,jmeanor,5849,00-0035228,,Kyler Murray,QB,MIN,0,,0.0,2026-10-10T01:45:16Z
2026,2,1312585008447262720,Where You At?,6,473480332893483008,jmeanor,5859,00-0035676,,A.J. Brown,WR,NE,0,,0.0,2026-10-10T01:45:16Z
2026,2,1312585008447262720,Where You At?,6,473480332893483008,jmeanor,5960,,,T.J. Edwards,LB,CHI,0,,3.0,2026-10-10T01:45:16Z
2026,2,1312585008447262720,Where You At?,6,473480332893483008,jmeanor,5991,,,Maxx Crosby,DE,LV,1,DL,2.0,2026-10-10T01:45:16Z
2026,2,1312585008447262720,Where You At?,6,473480332893483008,jmeanor,6149,00-0035535,,Darius Slayton,WR,IND,0,,0.0,2026-10-10T01:45:16Z
2026,2,1312585008447262720,Where You At?,6,473480332893483008,jmeanor,6485,,,Azeez Al-Shaair,LB,HOU,0,,9.0,2026-10-10T01:45:16Z
2026,2,1312585008447262720,Where You At?,6,473480332893483008,jmeanor,6788,,,Xavier McKinney,DB,GB,0,,3.0,2026-10-10T01:45:16Z
2026,2,1312585008447262720,Where You At?,6,473480332893483008,jmeanor,7016,,,Jeremy Chinn,DB,LV,0,,5.0,2026-10-10T01:45:16Z
2026,2,1312585008447262720,Where You At?,6,473480332893483008,jmeanor,7569,00-0036554,,Nico Collins,WR,HOU,1,WR,0.0,2026-10-10T01:45:16Z
2026,2,1312585008447262720,Where You At?,6,473480332893483008,jmeanor,7600,00-0036894,,Pat Freiermuth,TE,PIT,0,,5.4,2026-10-10T01:45:16Z
2026,2,1312585008447262720,Where You At?,6,473480332893483008,jmeanor,8172,00-0037252,,Greg Dulcich,TE,MIA,0,,2.7,2026-10-10T01:45:16Z
2026,2,1312585008447262720,Where You At?,6,473480332893483008,jmeanor,8267,,,Nakobe Dean,LB,LV,1,LB,15.5,2026-10-10T01:45:16Z
2026,2,1312585008447262720,Where You At?,6,473480332893483008,jmeanor,8355,,,Kayvon Thibodeaux,DL,NYG,0,,0.0,2026-10-10T01:45:16Z
2026,2,1312585008447262720,Where You At?,6,473480332893483008,jmeanor,843,,,Cameron Heyward,DT,PIT,0,,3.5,2026-10-10T01:45:16Z
2026,2,1312585008447262720,Where You At?,6,473480332893483008,jmeanor,9509,00-0038542,,Bijan Robinson,RB,ATL,1,RB,9.6,2026-10-10T01:45:16Z
2026,2,1312585008447262720,Where You At?,6,473480332893483008,jmeanor,96,00-0023459,,Aaron Rodgers,QB,PIT,0,,4.98,2026-10-10T01:45:16Z
2026,2,1312585008447262720,Where You At?,7,830805333189455872,thewrightdek,11560,00-0039918,,Caleb Williams,QB,CHI,1,QB,7.72,2026-10-10T01:45:16Z
2026,2,1312585008447262720,Where You At?,7,830805333189455872,thewrightdek,11581,00-0039811,,MarShawn Lloyd,RB,GB,1,FLEX,7.6,2026-10-10T01:45:16Z
2026,2,1312585008447262720,Where You At?,7,830805333189455872,thewrightdek,11603,00-0039793,,AJ Barner,TE,SEA,0,,7.4,2026-10-10T01:45:16Z
2026,2,1312585008447262720,Where You At?,7,830805333189455872,thewrightdek,11635,00-0039915,,Ladd McConkey,WR,LAC,1,WR,5.0,2026-10-10T01:45:16Z
2026,2,1312585008447262720,Where You At?,7,830805333189455872,thewrightdek,11667,,,Dallas Turner,LB,MIN,1,DL,20.0,2026-10-10T01:45:16Z
2026,2,1312585008447262720,Where You At?,7,830805333189455872,thewrightdek,12484,00-0040130,,Jayden Higgins,WR,HOU,0,,0.0,2026-10-10T01:45:16Z
2026,2,1312585008447262720,Where You At?,7,830805333189455872,thewrightdek,12499,00-0040170,,Elic Ayomanor,WR,TEN,0,,7.9,2026-10-10T01:45:16Z
2026,2,1312585008447262720,Where You At?,7,830805333189455872,thewrightdek,12517,00-0040126,,Colston Loveland,TE,CHI,0,,0.8,2026-10-10T01:45:16Z
2026,2,1312585008447262720,Where You At?,7,830805333189455872,thewrightdek,12534,00-0040236,,Kyle Monangai,RB,CHI,0,,6.8,2026-10-10T01:45:16Z
2026,2,1312585008447262720,Where You At?,7,830805333189455872,thewrightdek,12567,,,Malaki Starks,DB,BAL,1,DB,3.5,2026-10-10T01:45:16Z
2026,2,1312585008447262720,Where You At?,7,830805333189455872,thewrightdek,13268,00-0040876,,Elijah Sarratt,WR,BAL,0,,0.0,2026-10-10T01:45:16Z
2026,2,1312585008447262720,Where You At?,7,830805333189455872,thewrightdek,13276,00-0041511,,Omar Cooper Jr.,WR,NYJ,0,,0.0,2026-10-10T01:45:16Z
2026,2,1312585008447262720,Where You At?,7,830805333189455872,thewrightdek,3163,00-0033106,,Jared Goff,QB,DET,0,,29.78,2026-10-10T01:45:16Z
2026,2,1312585008447262720,Where You At?,7,830805333189455872,thewrightdek,3198,00-0032764,,Derrick Henry,RB,BAL,1,RB,16.2,2026-10-10T01:45:16Z
2026,2,1312585008447262720,Where You At?,7,830805333189455872,thewrightdek,3678,,,Wil Lutz,K,DEN,0,,9.0,2026-10-10T01:45:16Z
2026,2,1312585008447262720,Where You At?,7,830805333189455872,thewrightdek,4070,,,T.J. Watt,LB,PIT,1,DL,13.0,2026-10-10T01:45:16Z
2026,2,1312585008447262720,Where You At?,7,830805333189455872,thewrightdek,4135,,,Trey Hendrickson,DE,BAL,0,,10.0,2026-10-10T01:45:16Z
2026,2,1312585008447262720,Where You At?,7,830805333189455872,thewrightdek,4227,,,Harrison Butker,K,KC,1,K,16.0,2026-10-10T01:45:16Z
2026,2,1312585008447262720,Where You At?,7,830805333189455872,thewrightdek,4866,00-0034844,,Saquon Barkley,RB,PHI,1,RB,2.5,2026-10-10T01:45:16Z
2026,2,1312585008447262720,Where You At?,7,830805333189455872,thewrightdek,4960,,,Roquan Smith,LB,BAL,1,LB,5.0,2026-10-10T01:45:16Z
2026,2,1312585008447262720,Where You At?,7,830805333189455872,thewrightdek,4968,,,Tremaine Edmunds,LB,NYG,0,,3.5,2026-10-10T01:45:16Z
2026,2,1312585008447262720,Where You At?,7,830805333189455872,thewrightdek,5876,,,Julian Love,DB,SEA,0,,11.0,2026-10-10T01:45:16Z
2026,2,1312585008447262720,Where You At?,7,830805333189455872,thewrightdek,6124,,,Montez Sweat,DE,CHI,0,,1.5,2026-10-10T01:45:16Z
2026,2,1312585008447262720,Where You At?,7,830805333189455872,thewrightdek,6797,00-0036355,,Justin Herbert,QB,LAC,0,,8.88,2026-10-10T01:45:16Z
2026,2,1312585008447262720,Where You At?,7,830805333189455872,thewrightdek,6901,,,Joshua Metellus,DB,MIN,0,,6.5,2026-10-10T01:45:16Z
2026,2,1312585008447262720,Where You At?,7,830805333189455872,thewrightdek,7113,,,Alex Highsmith,LB,PIT,0,,14.5,2026-10-10T01:45:16Z
2026,2,1312585008447262720,Where You At?,7,830805333189455872,thewrightdek,7525,00-0036912,,DeVonta Smith,WR,PHI,1,WR,23.7,2026-10-10T01:45:16Z
2026,2,1312585008447262720,Where You At?,7,830805333189455872,thewrightdek,8121,00-0037816,,Romeo Doubs,WR,NE,1,WR,11.1,2026-10-10T01:45:16Z
2026,2,1312585008447262720,Where You At?,7,830805333189455872,thewrightdek,8131,00-0037838,,Isaiah Likely,TE,NYG,0,,5.8,2026-10-10T01:45:16Z
2026,2,1312585008447262720,Where You At?,7,830805333189455872,thewrightdek,8154,00-0037746,,Brian Robinson,RB,ATL,0,,7.7,2026-10-10T01:45:16Z
2026,2,1312585008447262720,Where You At?,7,830805333189455872,thewrightdek,8210,00-0037809,,Chig Okonkwo,TE,WAS,0,,0.0,2026-10-10T01:45:16Z
2026,2,1312585008447262720,Where You At?,7,830805333189455872,thewrightdek,9484,00-0038996,,Tucker Kraft,TE,GB,1,TE,2.5,2026-10-10T01:45:16Z
2026,2,1312585008447262720,Where You At?,7,830805333189455872,thewrightdek,9511,00-0038454,,Keaton Mitchell,RB,LAC,0,,4.4,2026-10-10T01:45:16Z
2026,2,1312585008447262720,Where You At?,8,339485230026981376,Lturne56,11539,,,Jake Bates,K,DET,1,K,7.0,2026-10-10T01:45:16Z
2026,2,1312585008447262720,Where You At?,8,339485230026981376,Lturne56,11610,00-0039880,,Malik Washington,WR,MIA,0,,6.7,2026-10-10T01:45:16Z
2026,2,1312585008447262720,Where You At?,8,339485230026981376,Lturne56,11620,00-0039919,,Rome Odunze,WR,CHI,1,FLEX,6.8,2026-10-10T01:45:16Z
2026,2,1312585008447262720,Where You At?,8,339485230026981376,Lturne56,11646,00-0039491,,Jalen Coker,WR,CAR,1,WR,10.6,2026-10-10T01:45:16Z
2026,2,1312585008447262720,Where You At?,8,339485230026981376,Lturne56,11651,00-0039363,,Isaac Guerendo,RB,SF,0,,0.0,2026-10-10T01:45:16Z
2026,2,1312585008447262720,Where You At?,8,339485230026981376,Lturne56,12482,00-0040009,,Savion Williams,WR,GB,0,,0.0,2026-10-10T01:45:16Z
2026,2,1312585008447262720,Where You At?,8,339485230026981376,Lturne56,12483,00-0040729,,Jack Bech,WR,LV,0,,3.5,2026-10-10T01:45:16Z
2026,2,1312585008447262720,Where You At?,8,339485230026981376,Lturne56,12492,00-0040134,,Pat Bryant,WR,DEN,0,,1.6,2026-10-10T01:45:16Z
2026,2,1312585008447262720,Where You At?,8,339485230026981376,Lturne56,12497,00-0040648,,Tory Horton,WR,SEA,0,,0.0,2026-10-10T01:45:16Z
2026,2,1312585008447262720,Where You At?,8,339485230026981376,Lturne56,12509,00-0040727,,Tre Harris,WR,LAC,0,,5.8,2026-10-10T01:45:16Z
2026,2,1312585008447262720,Where You At?,8,339485230026981376,Lturne56,12514,00-0040129,,Emeka Egbuka,WR,TB,1,WR,8.8,2026-10-10T01:45:16Z
2026,2,1312585008447262720,Where You At?,8,339485230026981376,Lturne56,12529,00-0040734,,TreVeyon Henderson,RB,NE,0,,13.6,2026-10-10T01:45:16Z
2026,2,1312585008447262720,Where You At?,8,339485230026981376,Lturne56,12533,00-0040242,,Jacory Croskey-Merritt,RB,WAS,1,RB,5.3,2026-10-10T01:45:16Z
2026,2,1312585008447262720,Where You At?,8,339485230026981376,Lturne56,12545,00-0040743,,Tyler Shough,QB,NO,0,,22.38,2026-10-10T01:45:16Z
2026,2,1312585008447262720,Where You At?,8,339485230026981376,Lturne56,13285,00-0041042,,Malachi Fields,WR,NYG,0,,5.0,2026-10-10T01:45:16Z
2026,2,1312585008447262720,Where You At?,8,339485230026981376,Lturne56,13298,00-0041547,,KC Concepcion,WR,CLE,0,,5.2,2026-10-10T01:45:16Z
2026,2,1312585008447262720,Where You At?,8,339485230026981376,Lturne56,13302,00-0040888,,Adam Randall,RB,BAL,0,,0.0,2026-10-10T01:45:16Z
2026,2,1312585008447262720,Where You At?,8,339485230026981376,Lturne56,13320,00-0041044,,Zachariah Branch,WR,ATL,0,,2.4,2026-10-10T01:45:16Z
2026,2,1312585008447262720,Where You At?,8,339485230026981376,Lturne56,13405,00-0041096,,Kaytron Allen,RB,WAS,0,,2.4,2026-10-10T01:45:16Z
2026,2,1312585008447262720,Where You At?,8,339485230026981376,Lturne56,13424,00-0041125,,Seth McGowan,RB,IND,0,,0.0,2026-10-10T01:45:16Z
2026,2,1312585008447262720,Where You At?,8,339485230026981376,Lturne56,2227,,,Aaron Donald,DT,LAR,0,,4.0,2026-10-10T01:45:16Z
2026,2,1312585008447262720,Where You At?,8,339485230026981376,Lturne56,5022,00-0034351,,Dallas Goedert,TE,PHI,0,,0.9,2026-10-10T01:45:16Z
2026,2,1312585008447262720,Where You At?,8,339485230026981376,Lturne56,6214,,,Quincy Williams,LB,CLE,0,,7.0,2026-10-10T01:45:16Z
2026,2,1312585008447262720,Where You At?,8,339485230026981376,Lturne56,6783,00-0036407,,Jerry Jeudy,WR,CLE,0,,0.0,2026-10-10T01:45:16Z
2026,2,1312585008447262720,Where You At?,8,339485230026981376,Lturne56,6801,00-0036410,,Tee Higgins,WR,CIN,1,WR,12.0,2026-10-10T01:45:16Z
2026,2,1312585008447262720,Where You At?,8,339485230026981376,Lturne56,6813,00-0036223,,Jonathan Taylor,RB,IND,1,RB,27.2,2026-10-10T01:45:16Z
2026,2,1312585008447262720,Where You At?,8,339485230026981376,Lturne56,6815,,,Zack Baun,LB,PHI,1,LB,5.0,2026-10-10T01:45:16Z
2026,2,1312585008447262720,Where You At?,8,339485230026981376,Lturne56,6904,00-0036389,,Jalen Hurts,QB,PHI,1,QB,16.16,2026-10-10T01:45:16Z
2026,2,1312585008447262720,Where You At?,8,339485230026981376,Lturne56,7049,00-0036259,,Jauan Jennings,WR,MIN,0,,0.0,2026-10-10T01:45:16Z
2026,2,1312585008447262720,Where You At?,8,339485230026981376,Lturne56,7591,00-0036945,,Justin Fields,QB,KC,0,,0.0,2026-10-10T01:45:16Z
2026,2,1312585008447262720,Where You At?,8,339485230026981376,Lturne56,8130,00-0037744,,Trey McBride,TE,ARI,1,TE,14.1,2026-10-10T01:45:16Z
2026,2,1312585008447262720,Where You At?,8,339485230026981376,Lturne56,8265,,,Travon Walker,DL,JAX,0,,2.5,2026-10-10T01:45:16Z
2026,2,1312585008447262720,Where You At?,8,339485230026981376,Lturne56,8275,,,Josh Jobe,DB,SEA,1,DB,1.0,2026-10-10T01:45:16Z
2026,2,1312585008447262720,Where You At?,8,339485230026981376,Lturne56,8280,,,Nik Bonitto,LB,DEN,1,DL,3.0,2026-10-10T01:45:16Z
2026,2,1312585008447262720,Where You At?,8,339485230026981376,Lturne56,8289,,,Aidan Hutchinson,DL,DET,1,DL,14.5,2026-10-10T01:45:16Z
2026,2,1312585008447262720,Where You At?,8,339485230026981376,Lturne56,9225,00-0038555,,Tank Bigsby,RB,PHI,0,,11.8,2026-10-10T01:45:16Z
2026,2,1312585008447262720,Where You At?,8,339485230026981376,Lturne56,9229,00-0039164,,Anthony Richardson,QB,IND,0,,0.0,2026-10-10T01:45:16Z
2026,2,1312585008447262720,Where You At?,9,335632087304380416,PSewell,11533,,,Brandon Aubrey,K,DAL,1,K,16.0,2026-10-10T01:45:16Z
2026,2,1312585008447262720,Where You At?,9,335632087304380416,PSewell,11631,00-0039893,,Brian Thomas Jr.,WR,JAX,0,,5.5,2026-10-10T01:45:16Z
2026,2,1312585008447262720,Where You At?,9,335632087304380416,PSewell,12507,00-0040666,,Omarion Hampton,RB,LAC,1,RB,16.5,2026-10-10T01:45:16Z
2026,2,1312585008447262720,Where You At?,9,335632087304380416,PSewell,12519,00-0040735,,Luther Burden III,WR,CHI,1,WR,4.7,2026-10-10T01:45:16Z
2026,2,1312585008447262720,Where You At?,9,335632087304380416,PSewell,13269,00-0041562,,Fernando Mendoza,QB,LV,0,,0.0,2026-10-10T01:45:16Z
2026,2,1312585008447262720,Where You At?,9,335632087304380416,PSewell,13275,00-0041568,,Ty Simpson,QB,LA,0,,0.0,2026-10-10T01:45:16Z
2026,2,1312585008447262720,Where You At?,9,335632087304380416,PSewell,13317,00-0041048,,Ted Hurst III,WR,TB,0,,4.7,2026-10-10T01:45:16Z
2026,2,1312585008447262720,Where You At?,9,335632087304380416,PSewell,13330,00-0041032,,Kenyon Sadiq,TE,NYJ,0,,2.7,2026-10-10T01:45:16Z
2026,2,1312585008447262720,Where You At?,9,335632087304380416,PSewell,13347,00-0041104,,Demond Claiborne,RB,MIN,0,,0.7,2026-10-10T01:45:16Z
2026,2,1312585008447262720,Where You At?,9,335632087304380416,PSewell,13363,,,David Bailey,LB,NYJ,1,DL,13.5,2026-10-10T01:45:16Z
2026,2,1312585008447262720,Where You At?,9,335632087304380416,PSewell,1373,00-0030565,,Geno Smith,QB,NYJ,0,,15.58,2026-10-10T01:45:16Z
2026,2,1312585008447262720,Where You At?,9,335632087304380416,PSewell,2133,00-0031381,,Davante Adams,WR,LA,1,WR,36.5,2026-10-10T01:45:16Z
2026,2,1312585008447262720,Where You At?,9,335632087304380416,PSewell,4034,00-0033280,,Christian McCaffrey,RB,SF,1,RB,20.6,2026-10-10T01:45:16Z
2026,2,1312585008447262720,Where You At?,9,335632087304380416,PSewell,4035,00-0033906,,Alvin Kamara,RB,NO,0,,4.7,2026-10-10T01:45:16Z
2026,2,1312585008447262720,Where You At?,9,335632087304380416,PSewell,4993,00-0034829,,Mike Gesicki,TE,CIN,0,,0.0,2026-10-10T01:45:16Z
2026,2,1312585008447262720,Where You At?,9,335632087304380416,PSewell,5017,,,Jessie Bates,DB,ATL,1,DB,5.5,2026-10-10T01:45:16Z
2026,2,1312585008447262720,Where You At?,9,335632087304380416,PSewell,5844,00-0035229,,T.J. Hockenson,TE,MIN,1,TE,4.4,2026-10-10T01:45:16Z
2026,2,1312585008447262720,Where You At?,9,335632087304380416,PSewell,5870,00-0035710,,Daniel Jones,QB,IND,0,,11.4,2026-10-10T01:45:16Z
2026,2,1312585008447262720,Where You At?,9,335632087304380416,PSewell,6118,,,Quinnen Williams,DT,DAL,0,,6.0,2026-10-10T01:45:16Z
2026,2,1312585008447262720,Where You At?,9,335632087304380416,PSewell,6125,,,Jeffery Simmons,DT,TEN,1,DL,14.5,2026-10-10T01:45:16Z
2026,2,1312585008447262720,Where You At?,9,335632087304380416,PSewell,6807,,,Patrick Queen,LB,PIT,0,,8.0,2026-10-10T01:45:16Z
2026,2,1312585008447262720,Where You At?,9,335632087304380416,PSewell,6819,00-0036252,,Michael Pittman,WR,PIT,0,,0.0,2026-10-10T01:45:16Z
2026,2,1312585008447262720,Where You At?,9,335632087304380416,PSewell,7090,00-0036309,,Darnell Mooney,WR,NYG,0,,5.8,2026-10-10T01:45:16Z
2026,2,1312585008447262720,Where You At?,9,335632087304380416,PSewell,7528,00-0036893,,Najee Harris,RB,NYG,0,,0.6,2026-10-10T01:45:16Z
2026,2,1312585008447262720,Where You At?,9,335632087304380416,PSewell,7567,00-0036919,,Kenny Gainwell,RB,TB,0,,3.0,2026-10-10T01:45:16Z
2026,2,1312585008447262720,Where You At?,9,335632087304380416,PSewell,7648,,,Nick Bolton,LB,KC,1,LB,11.5,2026-10-10T01:45:16Z
2026,2,1312585008447262720,Where You At?,9,335632087304380416,PSewell,7666,,,Jevón Holland,DB,NYG,0,,23.5,2026-10-10T01:45:16Z
2026,2,1312585008447262720,Where You At?,9,335632087304380416,PSewell,8110,00-0038041,,Jake Ferguson,TE,DAL,0,,18.3,2026-10-10T01:45:16Z
2026,2,1312585008447262720,Where You At?,9,335632087304380416,PSewell,8144,00-0037239,,Chris Olave,WR,NO,1,WR,18.6,2026-10-10T01:45:16Z
2026,2,1312585008447262720,Where You At?,9,335632087304380416,PSewell,8180,00-0037291,,Jalen Nailor,WR,LV,0,,1.4,2026-10-10T01:45:16Z
2026,2,1312585008447262720,Where You At?,9,335632087304380416,PSewell,8228,00-0037228,,Jaylen Warren,RB,PIT,0,,8.7,2026-10-10T01:45:16Z
2026,2,1312585008447262720,Where You At?,9,335632087304380416,PSewell,8676,00-0037545,,Rashid Shaheed,WR,SEA,0,,5.4,2026-10-10T01:45:16Z
2026,2,1312585008447262720,Where You At?,9,335632087304380416,PSewell,9224,00-0038597,,Chase Brown,RB,CIN,1,FLEX,9.7,2026-10-10T01:45:16Z
2026,2,1312585008447262720,Where You At?,9,335632087304380416,PSewell,9758,00-0039163,,C.J. Stroud,QB,HOU,1,QB,17.02,2026-10-10T01:45:16Z
2026,2,1312585008447262720,Where You At?,10,302250698769203200,patjc,10892,,,Will Anderson,DL,HOU,1,DL,19.0,2026-10-10T01:45:16Z
2026,2,1312585008447262720,Where You At?,10,302250698769203200,patjc,10898,,,Tuli Tuipulotu,DL,LAC,1,DL,1.5,2026-10-10T01:45:16Z
2026,2,1312585008447262720,Where You At?,10,302250698769203200,patjc,10917,,,Byron Young,LB,LAR,1,LB,13.0,2026-10-10T01:45:16Z
2026,2,1312585008447262720,Where You At?,10,302250698769203200,patjc,11566,00-0039910,,Jayden Daniels,QB,WAS,1,QB,14.74,2026-10-10T01:45:16Z
2026,2,1312585008447262720,Where You At?,10,302250698769203200,patjc,11589,00-0039921,,Trey Benson,RB,ARI,0,,0.0,2026-10-10T01:45:16Z
2026,2,1312585008447262720,Where You At?,10,302250698769203200,patjc,11834,00-0039424,,Devaughn Vele,WR,NO,1,WR,8.9,2026-10-10T01:45:16Z
2026,2,1312585008447262720,Where You At?,10,302250698769203200,patjc,12048,00-0039299,,George Holani,RB,SEA,0,,3.0,2026-10-10T01:45:16Z
2026,2,1312585008447262720,Where You At?,10,302250698769203200,patjc,12474,00-0040583,,Woody Marks,RB,HOU,0,,6.0,2026-10-10T01:45:16Z
2026,2,1312585008447262720,Where You At?,10,302250698769203200,patjc,12485,00-0040237,,Tez Johnson,WR,TB,0,,5.4,2026-10-10T01:45:16Z
2026,2,1312585008447262720,Where You At?,10,302250698769203200,patjc,12489,00-0040730,,RJ Harvey,RB,DEN,0,,0.0,2026-10-10T01:45:16Z
2026,2,1312585008447262720,Where You At?,10,302250698769203200,patjc,12493,00-0040189,,Oronde Gadsden II,TE,LAC,0,,8.8,2026-10-10T01:45:16Z
2026,2,1312585008447262720,Where You At?,10,302250698769203200,patjc,12530,00-0040718,,Travis Hunter,WR,JAX,0,,5.0,2026-10-10T01:45:16Z
2026,2,1312585008447262720,Where You At?,10,302250698769203200,patjc,12535,00-0040669,,Isaac TeSlaa,WR,DET,0,,3.6,2026-10-10T01:45:16Z
2026,2,1312585008447262720,Where You At?,10,302250698769203200,patjc,12541,00-0040581,,Dont'e Thornton Jr.,WR,LV,0,,0.0,2026-10-10T01:45:16Z
2026,2,1312585008447262720,Where You At?,10,302250698769203200,patjc,12713,,,Andy Borregales,K,NE,1,K,7.0,2026-10-10T01:45:16Z
2026,2,1312585008447262720,Where You At?,10,302250698769203200,patjc,13286,00-0041512,,Jadarian Price,RB,SEA,1,RB,4.5,2026-10-10T01:45:16Z
2026,2,1312585008447262720,Where You At?,10,302250698769203200,patjc,13305,00-0040878,,Mike Washington Jr.,RB,LV,0,,0.7,2026-10-10T01:45:16Z
2026,2,1312585008447262720,Where You At?,10,302250698769203200,patjc,13376,,,Caleb Downs,DB,DAL,1,DB,13.5,2026-10-10T01:45:16Z
2026,2,1312585008447262720,Where You At?,10,302250698769203200,patjc,13417,00-0041035,,De'Zhaun Stribling,WR,SF,0,,0.0,2026-10-10T01:45:16Z
2026,2,1312585008447262720,Where You At?,10,302250698769203200,patjc,2505,00-0031610,,Darren Waller,TE,CAR,0,,16.8,2026-10-10T01:45:16Z
2026,2,1312585008447262720,Where You At?,10,302250698769203200,patjc,3214,00-0033090,,Hunter Henry,TE,NE,1,TE,6.5,2026-10-10T01:45:16Z
2026,2,1312585008447262720,Where You At?,10,302250698769203200,patjc,3321,,,Tyreek Hill,WR,,0,,0.0,2026-10-10T01:45:16Z
2026,2,1312585008447262720,Where You At?,10,302250698769203200,patjc,3973,,,Myles Garrett,DE,LAR,0,,0.0,2026-10-10T01:45:16Z
2026,2,1312585008447262720,Where You At?,10,302250698769203200,patjc,4177,00-0033555,,Mack Hollins,WR,NE,0,,2.8,2026-10-10T01:45:16Z
2026,2,1312585008447262720,Where You At?,10,302250698769203200,patjc,5850,00-0035700,,Josh Jacobs,RB,GB,0,,0.0,2026-10-10T01:45:16Z
2026,2,1312585008447262720,Where You At?,10,302250698769203200,patjc,5947,00-0034960,,Jakobi Meyers,WR,JAX,0,,3.3,2026-10-10T01:45:16Z
2026,2,1312585008447262720,Where You At?,10,302250698769203200,patjc,5995,00-0034975,,Justice Hill,RB,BAL,0,,2.8,2026-10-10T01:45:16Z
2026,2,1312585008447262720,Where You At?,10,302250698769203200,patjc,6804,00-0036264,,Jordan Love,QB,GB,0,,13.8,2026-10-10T01:45:16Z
2026,2,1312585008447262720,Where You At?,10,302250698769203200,patjc,7547,00-0036963,,Amon-Ra St. Brown,WR,DET,1,WR,30.7,2026-10-10T01:45:16Z
2026,2,1312585008447262720,Where You At?,10,302250698769203200,patjc,7594,00-0036555,,Chuba Hubbard,RB,CAR,1,RB,13.4,2026-10-10T01:45:16Z
2026,2,1312585008447262720,Where You At?,10,302250698769203200,patjc,7635,,,Jaelan Phillips,LB,CAR,0,,9.5,2026-10-10T01:45:16Z
2026,2,1312585008447262720,Where You At?,10,302250698769203200,patjc,8111,00-0038129,,Cade Otton,TE,TB,0,,6.3,2026-10-10T01:45:16Z
2026,2,1312585008447262720,Where You At?,10,302250698769203200,patjc,8137,00-0037247,,George Pickens,WR,DAL,1,WR,7.0,2026-10-10T01:45:16Z
2026,2,1312585008447262720,Where You At?,10,302250698769203200,patjc,8339,,,Kyle Hamilton,DB,BAL,0,,12.0,2026-10-10T01:45:16Z
2026,2,1312585008447262720,Where You At?,10,302250698769203200,patjc,8359,,,Marcus Jones,DB,NE,0,,1.5,2026-10-10T01:45:16Z
2026,2,1312585008447262720,Where You At?,10,302250698769203200,patjc,9486,00-0038393,,Dontayvion Wicks,WR,PHI,0,,9.9,2026-10-10T01:45:16Z
2026,2,1312585008447262720,Where You At?,10,302250698769203200,patjc,9501,00-0038621,,DeMario Douglas,WR,NE,1,FLEX,1.4,2026-10-10T01:45:16Z
2026,2,1328128689807818752,We can think of something funny,1,735576524882829312,NegativeSquash,10232,00-0038559,,Michael Wilson,WR,ARI,1,FLEX,3.8,2026-10-10T01:45:15Z
2026,2,1328128689807818752,We can think of something funny,1,735576524882829312,NegativeSquash,11589,00-0039921,,Trey Benson,RB,ARI,0,,0.0,2026-10-10T01:45:15Z
2026,2,1328128689807818752,We can think of something funny,1,735576524882829312,NegativeSquash,11628,00-0039849,,Marvin Harrison Jr.,WR,ARI,1,WR,0.0,2026-10-10T01:45:15Z
2026,2,1328128689807818752,We can think of something funny,1,735576524882829312,NegativeSquash,12498,00-0040736,,Mason Taylor,TE,NYJ,0,,0.0,2026-10-10T01:45:15Z
2026,2,1328128689807818752,We can think of something funny,1,735576524882829312,NegativeSquash,12501,00-0040667,,Matthew Golden,WR,GB,1,WR,9.8,2026-10-10T01:45:15Z
2026,2,1328128689807818752,We can think of something funny,1,735576524882829312,NegativeSquash,12504,00-0040142,,Kaleb Johnson,RB,GB,0,,3.2,2026-10-10T01:45:15Z
2026,2,1328128689807818752,We can think of something funny,1,735576524882829312,NegativeSquash,12517,00-0040126,,Colston Loveland,TE,CHI,1,TE,1.8,2026-10-10T01:45:15Z
2026,2,1328128689807818752,We can think of something funny,1,735576524882829312,NegativeSquash,12524,00-0040668,,Shedeur Sanders,QB,CLE,0,,0.0,2026-10-10T01:45:15Z
2026,2,1328128689807818752,We can think of something funny,1,735576524882829312,NegativeSquash,13269,00-0041562,,Fernando Mendoza,QB,LV,0,,0.0,2026-10-10T01:45:15Z
2026,2,1328128689807818752,We can think of something funny,1,735576524882829312,NegativeSquash,13276,00-0041511,,Omar Cooper Jr.,WR,NYJ,0,,0.0,2026-10-10T01:45:15Z
2026,2,1328128689807818752,We can think of something funny,1,735576524882829312,NegativeSquash,13287,00-0041027,,Jeremiyah Love,RB,ARI,1,RB,7.5,2026-10-10T01:45:15Z
2026,2,1328128689807818752,We can think of something funny,1,735576524882829312,NegativeSquash,13293,00-0040870,,Ja'Kobi Lane,WR,BAL,0,,0.0,2026-10-10T01:45:15Z
2026,2,1328128689807818752,We can think of something funny,1,735576524882829312,NegativeSquash,13317,00-0041048,,Ted Hurst III,WR,TB,0,,4.7,2026-10-10T01:45:15Z
2026,2,1328128689807818752,We can think of something funny,1,735576524882829312,NegativeSquash,13347,00-0041104,,Demond Claiborne,RB,MIN,0,,1.2,2026-10-10T01:45:15Z
2026,2,1328128689807818752,We can think of something funny,1,735576524882829312,NegativeSquash,3451,,,Ka'imi Fairbairn,K,HOU,1,K,7.7,2026-10-10T01:45:15Z
2026,2,1328128689807818752,We can think of something funny,1,735576524882829312,NegativeSquash,3634,00-0032464,,Kalif Raymond,WR,CHI,0,,9.0,2026-10-10T01:45:15Z
2026,2,1328128689807818752,We can think of something funny,1,735576524882829312,NegativeSquash,5001,00-0034383,,Dalton Schultz,TE,HOU,1,FLEX,34.0,2026-10-10T01:45:15Z
2026,2,1328128689807818752,We can think of something funny,1,735576524882829312,NegativeSquash,5844,00-0035229,,T.J. Hockenson,TE,MIN,1,FLEX,7.4,2026-10-10T01:45:15Z
2026,2,1328128689807818752,We can think of something funny,1,735576524882829312,NegativeSquash,5849,00-0035228,,Kyler Murray,QB,MIN,0,,0.0,2026-10-10T01:45:15Z
2026,2,1328128689807818752,We can think of something funny,1,735576524882829312,NegativeSquash,5850,00-0035700,,Josh Jacobs,RB,GB,0,,0.0,2026-10-10T01:45:15Z
2026,2,1328128689807818752,We can think of something funny,1,735576524882829312,NegativeSquash,5892,00-0035685,,David Montgomery,RB,HOU,1,RB,4.4,2026-10-10T01:45:15Z
2026,2,1328128689807818752,We can think of something funny,1,735576524882829312,NegativeSquash,6904,00-0036389,,Jalen Hurts,QB,PHI,1,QB,18.16,2026-10-10T01:45:15Z
2026,2,1328128689807818752,We can think of something funny,1,735576524882829312,NegativeSquash,7526,00-0036613,,Jaylen Waddle,WR,DEN,1,WR,23.8,2026-10-10T01:45:15Z
2026,2,1328128689807818752,We can think of something funny,1,735576524882829312,NegativeSquash,7569,00-0036554,,Nico Collins,WR,HOU,0,,0.0,2026-10-10T01:45:15Z
2026,2,1328128689807818752,We can think of something funny,1,735576524882829312,NegativeSquash,7588,00-0036997,,Javonte Williams,RB,DAL,1,RB,8.0,2026-10-10T01:45:15Z
2026,2,1328128689807818752,We can think of something funny,1,735576524882829312,NegativeSquash,8154,00-0037746,,Brian Robinson,RB,ATL,0,,8.7,2026-10-10T01:45:15Z
2026,2,1328128689807818752,We can think of something funny,1,735576524882829312,NegativeSquash,8183,00-0037834,,Brock Purdy,QB,SF,1,SUPER_FLEX,28.48,2026-10-10T01:45:15Z
2026,2,1328128689807818752,We can think of something funny,1,735576524882829312,NegativeSquash,8408,00-0037525,,Jordan Mason,RB,MIN,0,,0.0,2026-10-10T01:45:15Z
2026,2,1328128689807818752,We can think of something funny,1,735576524882829312,NegativeSquash,9228,00-0039150,,Bryce Young,QB,CAR,0,,24.08,2026-10-10T01:45:15Z
2026,2,1328128689807818752,We can think of something funny,1,735576524882829312,NegativeSquash,9488,00-0038543,,Jaxon Smith-Njigba,WR,SEA,1,WR,47.5,2026-10-10T01:45:15Z
2026,2,1328128689807818752,We can think of something funny,1,735576524882829312,NegativeSquash,9493,00-0039075,,Puka Nacua,WR,LA,0,,0.0,2026-10-10T01:45:15Z
2026,2,1328128689807818752,We can think of something funny,1,735576524882829312,NegativeSquash,9508,00-0039032,,Tyjae Spears,RB,TEN,0,,9.0,2026-10-10T01:45:15Z
2026,2,1328128689807818752,We can think of something funny,1,735576524882829312,NegativeSquash,MIN,,,Minnesota Vikings,DEF,MIN,1,DEF,18.0,2026-10-10T01:45:15Z
2026,2,1328128689807818752,We can think of something funny,2,76431078206095360,Taylor894,10219,00-0038611,,Chris Rodriguez Jr.,RB,JAX,0,,1.3,2026-10-10T01:45:15Z
2026,2,1328128689807818752,We can think of something funny,2,76431078206095360,Taylor894,10859,00-0039065,,Sam LaPorta,TE,DET,1,TE,20.2,2026-10-10T01:45:15Z
2026,2,1328128689807818752,We can think of something funny,2,76431078206095360,Taylor894,11533,,,Brandon Aubrey,K,DAL,1,K,16.9,2026-10-10T01:45:15Z
2026,2,1328128689807818752,We can think of something funny,2,76431078206095360,Taylor894,11560,00-0039918,,Caleb Williams,QB,CHI,1,QB,8.72,2026-10-10T01:45:15Z
2026,2,1328128689807818752,We can think of something funny,2,76431078206095360,Taylor894,11583,00-0039344,,Jonathon Brooks,RB,CAR,0,,2.1,2026-10-10T01:45:15Z
2026,2,1328128689807818752,We can think of something funny,2,76431078206095360,Taylor894,11610,00-0039880,,Malik Washington,WR,MIA,0,,8.7,2026-10-10T01:45:15Z
2026,2,1328128689807818752,We can think of something funny,2,76431078206095360,Taylor894,11631,00-0039893,,Brian Thomas Jr.,WR,JAX,1,WR,7.0,2026-10-10T01:45:15Z
2026,2,1328128689807818752,We can think of something funny,2,76431078206095360,Taylor894,11632,00-0039337,,Malik Nabers,WR,NYG,1,WR,1.1,2026-10-10T01:45:15Z
2026,2,1328128689807818752,We can think of something funny,2,76431078206095360,Taylor894,11647,00-0039391,,Kimani Vidal,RB,LAC,0,,0.0,2026-10-10T01:45:15Z
2026,2,1328128689807818752,We can think of something funny,2,76431078206095360,Taylor894,12467,00-0040177,,Jordan James,RB,SF,0,,1.5,2026-10-10T01:45:15Z
2026,2,1328128689807818752,We can think of something funny,2,76431078206095360,Taylor894,12483,00-0040729,,Jack Bech,WR,LV,0,,4.5,2026-10-10T01:45:15Z
2026,2,1328128689807818752,We can think of something funny,2,76431078206095360,Taylor894,12492,00-0040134,,Pat Bryant,WR,DEN,0,,1.6,2026-10-10T01:45:15Z
2026,2,1328128689807818752,We can think of something funny,2,76431078206095360,Taylor894,12502,00-0040584,,Gunnar Helm,TE,TEN,0,,4.3,2026-10-10T01:45:15Z
2026,2,1328128689807818752,We can think of something funny,2,76431078206095360,Taylor894,12507,00-0040666,,Omarion Hampton,RB,LAC,1,RB,17.5,2026-10-10T01:45:15Z
2026,2,1328128689807818752,We can think of something funny,2,76431078206095360,Taylor894,12509,00-0040727,,Tre Harris,WR,LAC,0,,6.3,2026-10-10T01:45:15Z
2026,2,1328128689807818752,We can think of something funny,2,76431078206095360,Taylor894,12518,00-0040128,,Tyler Warren,TE,IND,1,FLEX,17.4,2026-10-10T01:45:15Z
2026,2,1328128689807818752,We can think of something funny,2,76431078206095360,Taylor894,12530,00-0040718,,Travis Hunter,WR,JAX,0,,0.0,2026-10-10T01:45:15Z
2026,2,1328128689807818752,We can think of something funny,2,76431078206095360,Taylor894,13268,00-0040876,,Elijah Sarratt,WR,BAL,0,,0.0,2026-10-10T01:45:15Z
2026,2,1328128689807818752,We can think of something funny,2,76431078206095360,Taylor894,13301,00-0041040,,Antonio Williams,WR,WAS,0,,5.4,2026-10-10T01:45:15Z
2026,2,1328128689807818752,We can think of something funny,2,76431078206095360,Taylor894,13302,00-0040888,,Adam Randall,RB,BAL,0,,0.0,2026-10-10T01:45:15Z
2026,2,1328128689807818752,We can think of something funny,2,76431078206095360,Taylor894,13413,00-0040890,,Cyrus Allen,WR,KC,0,,0.0,2026-10-10T01:45:15Z
2026,2,1328128689807818752,We can think of something funny,2,76431078206095360,Taylor894,13420,00-0041067,,Bryce Lance,WR,NO,0,,1.8,2026-10-10T01:45:15Z
2026,2,1328128689807818752,We can think of something funny,2,76431078206095360,Taylor894,2449,00-0031588,,Stefon Diggs,WR,WAS,1,WR,21.7,2026-10-10T01:45:15Z
2026,2,1328128689807818752,We can think of something funny,2,76431078206095360,Taylor894,3163,00-0033106,,Jared Goff,QB,DET,0,,31.78,2026-10-10T01:45:15Z
2026,2,1328128689807818752,We can think of something funny,2,76431078206095360,Taylor894,3294,00-0033077,,Dak Prescott,QB,DAL,1,SUPER_FLEX,29.76,2026-10-10T01:45:15Z
2026,2,1328128689807818752,We can think of something funny,2,76431078206095360,Taylor894,4046,00-0033873,,Patrick Mahomes,QB,KC,0,,30.98,2026-10-10T01:45:15Z
2026,2,1328128689807818752,We can think of something funny,2,76431078206095360,Taylor894,5012,00-0034753,,Mark Andrews,TE,BAL,1,FLEX,13.9,2026-10-10T01:45:15Z
2026,2,1328128689807818752,We can think of something funny,2,76431078206095360,Taylor894,5022,00-0034351,,Dallas Goedert,TE,PHI,1,FLEX,1.9,2026-10-10T01:45:15Z
2026,2,1328128689807818752,We can think of something funny,2,76431078206095360,Taylor894,7611,00-0036875,,Rhamondre Stevenson,RB,NE,1,RB,3.6,2026-10-10T01:45:15Z
2026,2,1328128689807818752,We can think of something funny,2,76431078206095360,Taylor894,8146,00-0037740,,Garrett Wilson,WR,NYJ,1,WR,16.7,2026-10-10T01:45:15Z
2026,2,1328128689807818752,We can think of something funny,2,76431078206095360,Taylor894,9221,00-0039139,,Jahmyr Gibbs,RB,DET,1,RB,23.3,2026-10-10T01:45:15Z
2026,2,1328128689807818752,We can think of something funny,2,76431078206095360,Taylor894,9486,00-0038393,,Dontayvion Wicks,WR,PHI,0,,12.4,2026-10-10T01:45:15Z
2026,2,1328128689807818752,We can think of something funny,2,76431078206095360,Taylor894,SEA,,,Seattle Seahawks,DEF,SEA,1,DEF,8.0,2026-10-10T01:45:15Z
2026,2,1328128689807818752,We can think of something funny,3,981702520521248768,mastuhbruce,10213,00-0038563,,Tre Tucker,WR,LV,0,,25.9,2026-10-10T01:45:15Z
2026,2,1328128689807818752,We can think of something funny,3,981702520521248768,mastuhbruce,11564,00-0039851,,Drake Maye,QB,NE,1,SUPER_FLEX,9.02,2026-10-10T01:45:15Z
2026,2,1328128689807818752,We can think of something funny,3,981702520521248768,mastuhbruce,11581,00-0039811,,MarShawn Lloyd,RB,GB,1,FLEX,8.6,2026-10-10T01:45:15Z
2026,2,1328128689807818752,We can think of something funny,3,981702520521248768,mastuhbruce,11646,00-0039491,,Jalen Coker,WR,CAR,1,FLEX,14.6,2026-10-10T01:45:15Z
2026,2,1328128689807818752,We can think of something funny,3,981702520521248768,mastuhbruce,12469,00-0040162,,Dylan Sampson,RB,CLE,0,,0.0,2026-10-10T01:45:15Z
2026,2,1328128689807818752,We can think of something funny,3,981702520521248768,mastuhbruce,12481,00-0040715,,Cam Skattebo,RB,NYG,1,RB,9.5,2026-10-10T01:45:15Z
2026,2,1328128689807818752,We can think of something funny,3,981702520521248768,mastuhbruce,12514,00-0040129,,Emeka Egbuka,WR,TB,1,WR,10.3,2026-10-10T01:45:15Z
2026,2,1328128689807818752,We can think of something funny,3,981702520521248768,mastuhbruce,12522,00-0040676,,Cam Ward,QB,TEN,0,,20.02,2026-10-10T01:45:15Z
2026,2,1328128689807818752,We can think of something funny,3,981702520521248768,mastuhbruce,12526,00-0040124,,Tetairoa McMillan,WR,CAR,1,WR,17.1,2026-10-10T01:45:15Z
2026,2,1328128689807818752,We can think of something funny,3,981702520521248768,mastuhbruce,13296,00-0041523,,Caleb Douglas,WR,MIA,0,,3.9,2026-10-10T01:45:15Z
2026,2,1328128689807818752,We can think of something funny,3,981702520521248768,mastuhbruce,13330,00-0041032,,Kenyon Sadiq,TE,NYJ,0,,4.7,2026-10-10T01:45:15Z
2026,2,1328128689807818752,We can think of something funny,3,981702520521248768,mastuhbruce,13353,00-0041047,,Chris Brazzell II,WR,CAR,0,,0.0,2026-10-10T01:45:15Z
2026,2,1328128689807818752,We can think of something funny,3,981702520521248768,mastuhbruce,13405,00-0041096,,Kaytron Allen,RB,WAS,0,,2.4,2026-10-10T01:45:15Z
2026,2,1328128689807818752,We can think of something funny,3,981702520521248768,mastuhbruce,13411,00-0041051,,Zavion Thomas,WR,CHI,0,,0.0,2026-10-10T01:45:15Z
2026,2,1328128689807818752,We can think of something funny,3,981702520521248768,mastuhbruce,13414,00-0041052,,Kaelon Black,RB,SF,0,,2.5,2026-10-10T01:45:15Z
2026,2,1328128689807818752,We can think of something funny,3,981702520521248768,mastuhbruce,13417,00-0041035,,De'Zhaun Stribling,WR,SF,0,,0.0,2026-10-10T01:45:15Z
2026,2,1328128689807818752,We can think of something funny,3,981702520521248768,mastuhbruce,4034,00-0033280,,Christian McCaffrey,RB,SF,1,RB,22.6,2026-10-10T01:45:15Z
2026,2,1328128689807818752,We can think of something funny,3,981702520521248768,mastuhbruce,4984,00-0034857,,Josh Allen,QB,BUF,1,QB,41.82,2026-10-10T01:45:15Z
2026,2,1328128689807818752,We can think of something funny,3,981702520521248768,mastuhbruce,6804,00-0036264,,Jordan Love,QB,GB,0,,13.8,2026-10-10T01:45:15Z
2026,2,1328128689807818752,We can think of something funny,3,981702520521248768,mastuhbruce,7525,00-0036912,,DeVonta Smith,WR,PHI,1,WR,29.7,2026-10-10T01:45:15Z
2026,2,1328128689807818752,We can think of something funny,3,981702520521248768,mastuhbruce,8126,00-0038117,,Wan'Dale Robinson,WR,TEN,0,,1.9,2026-10-10T01:45:15Z
2026,2,1328128689807818752,We can think of something funny,3,981702520521248768,mastuhbruce,8130,00-0037744,,Trey McBride,TE,ARI,1,TE,22.1,2026-10-10T01:45:15Z
2026,2,1328128689807818752,We can think of something funny,3,981702520521248768,mastuhbruce,8132,00-0037263,,Tyler Allgeier,RB,ARI,0,,3.9,2026-10-10T01:45:15Z
2026,2,1328128689807818752,We can think of something funny,3,981702520521248768,mastuhbruce,8148,00-0037240,,Jameson Williams,WR,DET,1,WR,5.3,2026-10-10T01:45:15Z
2026,2,1328128689807818752,We can think of something funny,3,981702520521248768,mastuhbruce,8167,00-0038124,,Christian Watson,WR,GB,1,FLEX,14.1,2026-10-10T01:45:15Z
2026,2,1328128689807818752,We can think of something funny,3,981702520521248768,mastuhbruce,8259,,,Cameron Dicker,K,LAC,1,K,1.5,2026-10-10T01:45:15Z
2026,2,1328128689807818752,We can think of something funny,3,981702520521248768,mastuhbruce,9225,00-0038555,,Tank Bigsby,RB,PHI,0,,11.8,2026-10-10T01:45:15Z
2026,2,1328128689807818752,We can think of something funny,3,981702520521248768,mastuhbruce,9480,00-0038935,,Brenton Strange,TE,JAX,0,,4.7,2026-10-10T01:45:15Z
2026,2,1328128689807818752,We can think of something funny,3,981702520521248768,mastuhbruce,9502,00-0038977,,Tank Dell,WR,HOU,0,,0.0,2026-10-10T01:45:15Z
2026,2,1328128689807818752,We can think of something funny,3,981702520521248768,mastuhbruce,9504,00-0038608,,Kayshon Boutte,WR,HOU,0,,6.7,2026-10-10T01:45:15Z
2026,2,1328128689807818752,We can think of something funny,3,981702520521248768,mastuhbruce,9509,00-0038542,,Bijan Robinson,RB,ATL,1,RB,11.1,2026-10-10T01:45:15Z
2026,2,1328128689807818752,We can think of something funny,3,981702520521248768,mastuhbruce,9511,00-0038454,,Keaton Mitchell,RB,LAC,0,,4.9,2026-10-10T01:45:15Z
2026,2,1328128689807818752,We can think of something funny,3,981702520521248768,mastuhbruce,LAR,,,Los Angeles Rams,DEF,LAR,1,DEF,12.0,2026-10-10T01:45:15Z
2026,2,1328128689807818752,We can think of something funny,4,981707071592681472,ohsobenji,11575,00-0039875,,Ray Davis,RB,BUF,0,,0.0,2026-10-10T01:45:15Z
2026,2,1328128689807818752,We can think of something funny,4,981707071592681472,ohsobenji,11584,00-0039361,,Bucky Irving,RB,TB,1,FLEX,13.0,2026-10-10T01:45:15Z
2026,2,1328128689807818752,We can think of something funny,4,981707071592681472,ohsobenji,11604,00-0039338,,Brock Bowers,TE,LV,0,,0.0,2026-10-10T01:45:15Z
2026,2,1328128689807818752,We can think of something funny,4,981707071592681472,ohsobenji,11626,00-0039342,,Xavier Legette,WR,CAR,0,,8.4,2026-10-10T01:45:15Z
2026,2,1328128689807818752,We can think of something funny,4,981707071592681472,ohsobenji,11783,00-0039410,,Ryan Flournoy,WR,DAL,0,,7.3,2026-10-10T01:45:15Z
2026,2,1328128689807818752,We can think of something funny,4,981707071592681472,ohsobenji,11834,00-0039424,,Devaughn Vele,WR,NO,1,WR,11.4,2026-10-10T01:45:15Z
2026,2,1328128689807818752,We can think of something funny,4,981707071592681472,ohsobenji,12484,00-0040130,,Jayden Higgins,WR,HOU,0,,0.0,2026-10-10T01:45:15Z
2026,2,1328128689807818752,We can think of something funny,4,981707071592681472,ohsobenji,12545,00-0040743,,Tyler Shough,QB,NO,1,SUPER_FLEX,22.38,2026-10-10T01:45:15Z
2026,2,1328128689807818752,We can think of something funny,4,981707071592681472,ohsobenji,13274,00-0041489,,Germie Bernard,WR,PIT,0,,7.5,2026-10-10T01:45:15Z
2026,2,1328128689807818752,We can think of something funny,4,981707071592681472,ohsobenji,13289,00-0041565,,Drew Allar,QB,PIT,0,,0.0,2026-10-10T01:45:15Z
2026,2,1328128689807818752,We can think of something funny,4,981707071592681472,ohsobenji,13298,00-0041547,,KC Concepcion,WR,CLE,0,,8.2,2026-10-10T01:45:15Z
2026,2,1328128689807818752,We can think of something funny,4,981707071592681472,ohsobenji,13311,00-0041525,,Chris Bell,WR,MIA,0,,0.0,2026-10-10T01:45:15Z
2026,2,1328128689807818752,We can think of something funny,4,981707071592681472,ohsobenji,2747,,,Jason Myers,K,SEA,1,K,7.3,2026-10-10T01:45:15Z
2026,2,1328128689807818752,We can think of something funny,4,981707071592681472,ohsobenji,3257,00-0033119,,Jacoby Brissett,QB,ARI,0,,7.5,2026-10-10T01:45:15Z
2026,2,1328128689807818752,We can think of something funny,4,981707071592681472,ohsobenji,3321,,,Tyreek Hill,WR,,0,,0.0,2026-10-10T01:45:15Z
2026,2,1328128689807818752,We can think of something funny,4,981707071592681472,ohsobenji,4037,00-0033921,,Chris Godwin Jr.,WR,TB,1,FLEX,8.8,2026-10-10T01:45:15Z
2026,2,1328128689807818752,We can think of something funny,4,981707071592681472,ohsobenji,4217,00-0033288,,George Kittle,TE,SF,0,,20.0,2026-10-10T01:45:15Z
2026,2,1328128689807818752,We can think of something funny,4,981707071592681472,ohsobenji,4866,00-0034844,,Saquon Barkley,RB,PHI,1,RB,3.0,2026-10-10T01:45:15Z
2026,2,1328128689807818752,We can think of something funny,4,981707071592681472,ohsobenji,4892,00-0034855,,Baker Mayfield,QB,TB,1,QB,13.18,2026-10-10T01:45:15Z
2026,2,1328128689807818752,We can think of something funny,4,981707071592681472,ohsobenji,4983,00-0034827,,DJ Moore,WR,BUF,1,WR,-0.1,2026-10-10T01:45:15Z
2026,2,1328128689807818752,We can think of something funny,4,981707071592681472,ohsobenji,5947,00-0034960,,Jakobi Meyers,WR,JAX,0,,3.8,2026-10-10T01:45:15Z
2026,2,1328128689807818752,We can think of something funny,4,981707071592681472,ohsobenji,6794,00-0036322,,Justin Jefferson,WR,MIN,1,WR,8.5,2026-10-10T01:45:15Z
2026,2,1328128689807818752,We can think of something funny,4,981707071592681472,ohsobenji,7002,00-0036040,,Juwan Johnson,TE,NO,0,,12.6,2026-10-10T01:45:15Z
2026,2,1328128689807818752,We can think of something funny,4,981707071592681472,ohsobenji,7021,00-0036139,,Rico Dowdle,RB,PIT,0,,6.4,2026-10-10T01:45:15Z
2026,2,1328128689807818752,We can think of something funny,4,981707071592681472,ohsobenji,7594,00-0036555,,Chuba Hubbard,RB,CAR,1,FLEX,14.4,2026-10-10T01:45:15Z
2026,2,1328128689807818752,We can think of something funny,4,981707071592681472,ohsobenji,8112,00-0037238,,Drake London,WR,ATL,1,WR,8.9,2026-10-10T01:45:15Z
2026,2,1328128689807818752,We can think of something funny,4,981707071592681472,ohsobenji,8136,00-0037256,,Rachaad White,RB,WAS,0,,14.3,2026-10-10T01:45:15Z
2026,2,1328128689807818752,We can think of something funny,4,981707071592681472,ohsobenji,8138,00-0037248,,James Cook,RB,BUF,1,RB,22.9,2026-10-10T01:45:15Z
2026,2,1328128689807818752,We can think of something funny,4,981707071592681472,ohsobenji,8150,00-0037840,,Kyren Williams,RB,LA,1,RB,15.7,2026-10-10T01:45:15Z
2026,2,1328128689807818752,We can think of something funny,4,981707071592681472,ohsobenji,9484,00-0038996,,Tucker Kraft,TE,GB,1,TE,4.5,2026-10-10T01:45:15Z
2026,2,1328128689807818752,We can think of something funny,4,981707071592681472,ohsobenji,9500,00-0038997,,Josh Downs,WR,IND,0,,14.2,2026-10-10T01:45:15Z
2026,2,1328128689807818752,We can think of something funny,4,981707071592681472,ohsobenji,9754,00-0038544,,Quentin Johnston,WR,LAC,0,,2.4,2026-10-10T01:45:15Z
2026,2,1328128689807818752,We can think of something funny,4,981707071592681472,ohsobenji,HOU,,,Houston Texans,DEF,HOU,1,DEF,6.0,2026-10-10T01:45:15Z
2026,2,1328128689807818752,We can think of something funny,5,473346537234100224,MrMasculinity,10222,00-0039146,,Jayden Reed,WR,GB,1,FLEX,1.4,2026-10-10T01:45:15Z
2026,2,1328128689807818752,We can think of something funny,5,473346537234100224,MrMasculinity,10236,00-0038933,,Dalton Kincaid,TE,BUF,1,FLEX,26.0,2026-10-10T01:45:15Z
2026,2,1328128689807818752,We can think of something funny,5,473346537234100224,MrMasculinity,11563,00-0039732,,Bo Nix,QB,DEN,1,SUPER_FLEX,15.12,2026-10-10T01:45:15Z
2026,2,1328128689807818752,We can think of something funny,5,473346537234100224,MrMasculinity,11620,00-0039919,,Rome Odunze,WR,CHI,1,WR,7.3,2026-10-10T01:45:15Z
2026,2,1328128689807818752,We can think of something funny,5,473346537234100224,MrMasculinity,11624,00-0039894,,Xavier Worthy,WR,KC,0,,13.5,2026-10-10T01:45:15Z
2026,2,1328128689807818752,We can think of something funny,5,473346537234100224,MrMasculinity,11637,00-0039901,,Keon Coleman,WR,BUF,0,,12.3,2026-10-10T01:45:15Z
2026,2,1328128689807818752,We can think of something funny,5,473346537234100224,MrMasculinity,11638,00-0039916,,Ricky Pearsall,WR,SF,0,,0.0,2026-10-10T01:45:15Z
2026,2,1328128689807818752,We can think of something funny,5,473346537234100224,MrMasculinity,12490,00-0040719,,Bhayshul Tuten,RB,JAX,1,FLEX,14.2,2026-10-10T01:45:15Z
2026,2,1328128689807818752,We can think of something funny,5,473346537234100224,MrMasculinity,12497,00-0040648,,Tory Horton,WR,SEA,0,,0.0,2026-10-10T01:45:15Z
2026,2,1328128689807818752,We can think of something funny,5,473346537234100224,MrMasculinity,12506,00-0040663,,Harold Fannin Jr.,TE,CLE,1,TE,12.9,2026-10-10T01:45:15Z
2026,2,1328128689807818752,We can think of something funny,5,473346537234100224,MrMasculinity,12512,00-0040784,,Quinshon Judkins,RB,CLE,1,RB,9.8,2026-10-10T01:45:15Z
2026,2,1328128689807818752,We can think of something funny,5,473346537234100224,MrMasculinity,12529,00-0040734,,TreVeyon Henderson,RB,NE,0,,13.6,2026-10-10T01:45:15Z
2026,2,1328128689807818752,We can think of something funny,5,473346537234100224,MrMasculinity,12536,00-0040138,,Jaylin Noel,WR,HOU,0,,5.4,2026-10-10T01:45:15Z
2026,2,1328128689807818752,We can think of something funny,5,473346537234100224,MrMasculinity,13272,00-0041561,,Carson Beck,QB,ARI,0,,0.0,2026-10-10T01:45:15Z
2026,2,1328128689807818752,We can think of something funny,5,473346537234100224,MrMasculinity,13279,00-0041438,,Carnell Tate,WR,TEN,0,,5.7,2026-10-10T01:45:15Z
2026,2,1328128689807818752,We can think of something funny,5,473346537234100224,MrMasculinity,13294,00-0040867,,Makai Lemon,WR,PHI,0,,1.9,2026-10-10T01:45:15Z
2026,2,1328128689807818752,We can think of something funny,5,473346537234100224,MrMasculinity,13305,00-0040878,,Mike Washington Jr.,RB,LV,0,,0.7,2026-10-10T01:45:15Z
2026,2,1328128689807818752,We can think of something funny,5,473346537234100224,MrMasculinity,13346,00-0041037,,Denzel Boston,WR,CLE,0,,23.5,2026-10-10T01:45:15Z
2026,2,1328128689807818752,We can think of something funny,5,473346537234100224,MrMasculinity,13402,00-0041443,,Skyler Bell,WR,BUF,0,,0.0,2026-10-10T01:45:15Z
2026,2,1328128689807818752,We can think of something funny,5,473346537234100224,MrMasculinity,4035,00-0033906,,Alvin Kamara,RB,NO,0,,7.2,2026-10-10T01:45:15Z
2026,2,1328128689807818752,We can think of something funny,5,473346537234100224,MrMasculinity,421,00-0026498,,Matthew Stafford,QB,LA,1,QB,29.98,2026-10-10T01:45:15Z
2026,2,1328128689807818752,We can think of something funny,5,473346537234100224,MrMasculinity,5846,00-0035640,,DK Metcalf,WR,PIT,1,WR,6.7,2026-10-10T01:45:15Z
2026,2,1328128689807818752,We can think of something funny,5,473346537234100224,MrMasculinity,5967,00-0035261,,Tony Pollard,RB,TEN,0,,7.5,2026-10-10T01:45:15Z
2026,2,1328128689807818752,We can think of something funny,5,473346537234100224,MrMasculinity,6650,,,Chase McLaughlin,K,TB,1,K,17.6,2026-10-10T01:45:15Z
2026,2,1328128689807818752,We can think of something funny,5,473346537234100224,MrMasculinity,6790,00-0036275,,D'Andre Swift,RB,CHI,1,RB,12.9,2026-10-10T01:45:15Z
2026,2,1328128689807818752,We can think of something funny,5,473346537234100224,MrMasculinity,7090,00-0036309,,Darnell Mooney,WR,NYG,0,,6.8,2026-10-10T01:45:15Z
2026,2,1328128689807818752,We can think of something funny,5,473346537234100224,MrMasculinity,7553,00-0036970,,Kyle Pitts,TE,ATL,0,,3.0,2026-10-10T01:45:15Z
2026,2,1328128689807818752,We can think of something funny,5,473346537234100224,MrMasculinity,8137,00-0037247,,George Pickens,WR,DAL,1,WR,10.0,2026-10-10T01:45:15Z
2026,2,1328128689807818752,We can think of something funny,5,473346537234100224,MrMasculinity,8144,00-0037239,,Chris Olave,WR,NO,1,WR,22.6,2026-10-10T01:45:15Z
2026,2,1328128689807818752,We can think of something funny,5,473346537234100224,MrMasculinity,8155,00-0038120,,Breece Hall,RB,NYJ,1,RB,14.2,2026-10-10T01:45:15Z
2026,2,1328128689807818752,We can think of something funny,5,473346537234100224,MrMasculinity,8676,00-0037545,,Rashid Shaheed,WR,SEA,0,,6.9,2026-10-10T01:45:15Z
2026,2,1328128689807818752,We can think of something funny,5,473346537234100224,MrMasculinity,9753,00-0039165,,Zach Charbonnet,RB,SEA,0,,0.0,2026-10-10T01:45:15Z
2026,2,1328128689807818752,We can think of something funny,5,473346537234100224,MrMasculinity,BUF,,,Buffalo Bills,DEF,BUF,1,DEF,4.0,2026-10-10T01:45:15Z
2026,2,1328128689807818752,We can think of something funny,6,981733843247992832,jakelotwin,11566,00-0039910,,Jayden Daniels,QB,WAS,1,SUPER_FLEX,14.74,2026-10-10T01:45:15Z
2026,2,1328128689807818752,We can think of something funny,6,981733843247992832,jakelotwin,11576,00-0039794,,Braelon Allen,RB,NYJ,0,,8.5,2026-10-10T01:45:15Z
2026,2,1328128689807818752,We can think of something funny,6,981733843247992832,jakelotwin,11635,00-0039915,,Ladd McConkey,WR,LAC,0,,6.5,2026-10-10T01:45:15Z
2026,2,1328128689807818752,We can think of something funny,6,981733843247992832,jakelotwin,11655,00-0039384,,Tyrone Tracy Jr.,RB,NYG,0,,0.0,2026-10-10T01:45:15Z
2026,2,1328128689807818752,We can think of something funny,6,981733843247992832,jakelotwin,12048,00-0039299,,George Holani,RB,SEA,0,,2.5,2026-10-10T01:45:15Z
2026,2,1328128689807818752,We can think of something funny,6,981733843247992832,jakelotwin,12474,00-0040583,,Woody Marks,RB,HOU,0,,8.5,2026-10-10T01:45:15Z
2026,2,1328128689807818752,We can think of something funny,6,981733843247992832,jakelotwin,12508,00-0040691,,Jaxson Dart,QB,NYG,1,QB,0.8,2026-10-10T01:45:15Z
2026,2,1328128689807818752,We can think of something funny,6,981733843247992832,jakelotwin,12533,00-0040242,,Jacory Croskey-Merritt,RB,WAS,1,FLEX,5.8,2026-10-10T01:45:15Z
2026,2,1328128689807818752,We can think of something funny,6,981733843247992832,jakelotwin,12535,00-0040669,,Isaac TeSlaa,WR,DET,0,,4.6,2026-10-10T01:45:15Z
2026,2,1328128689807818752,We can think of something funny,6,981733843247992832,jakelotwin,12711,,,Tyler Loop,K,BAL,1,K,5.9,2026-10-10T01:45:15Z
2026,2,1328128689807818752,We can think of something funny,6,981733843247992832,jakelotwin,13281,00-0041029,,Jordyn Tyson,WR,NO,0,,0.0,2026-10-10T01:45:15Z
2026,2,1328128689807818752,We can think of something funny,6,981733843247992832,jakelotwin,13288,00-0040886,,Nicholas Singleton,RB,TEN,0,,1.0,2026-10-10T01:45:15Z
2026,2,1328128689807818752,We can think of something funny,6,981733843247992832,jakelotwin,13320,00-0041044,,Zachariah Branch,WR,ATL,0,,3.4,2026-10-10T01:45:15Z
2026,2,1328128689807818752,We can think of something funny,6,981733843247992832,jakelotwin,13380,00-0041550,,Brenen Thompson,WR,LAC,0,,2.3,2026-10-10T01:45:15Z
2026,2,1328128689807818752,We can think of something funny,6,981733843247992832,jakelotwin,1466,00-0030506,,Travis Kelce,TE,KC,1,TE,31.6,2026-10-10T01:45:15Z
2026,2,1328128689807818752,We can think of something funny,6,981733843247992832,jakelotwin,1479,00-0030279,,Keenan Allen,WR,IND,0,,1.5,2026-10-10T01:45:15Z
2026,2,1328128689807818752,We can think of something funny,6,981733843247992832,jakelotwin,3198,00-0032764,,Derrick Henry,RB,BAL,1,RB,17.7,2026-10-10T01:45:15Z
2026,2,1328128689807818752,We can think of something funny,6,981733843247992832,jakelotwin,4943,00-0034869,,Sam Darnold,QB,SEA,0,,0.0,2026-10-10T01:45:15Z
2026,2,1328128689807818752,We can think of something funny,6,981733843247992832,jakelotwin,5045,00-0034348,,Courtland Sutton,WR,DEN,1,WR,5.5,2026-10-10T01:45:15Z
2026,2,1328128689807818752,We can think of something funny,6,981733843247992832,jakelotwin,5859,00-0035676,,A.J. Brown,WR,NE,0,,0.0,2026-10-10T01:45:15Z
2026,2,1328128689807818752,We can think of something funny,6,981733843247992832,jakelotwin,5927,00-0035659,,Terry McLaurin,WR,WAS,1,WR,7.0,2026-10-10T01:45:15Z
2026,2,1328128689807818752,We can think of something funny,6,981733843247992832,jakelotwin,6797,00-0036355,,Justin Herbert,QB,LAC,0,,9.88,2026-10-10T01:45:15Z
2026,2,1328128689807818752,We can think of something funny,6,981733843247992832,jakelotwin,6819,00-0036252,,Michael Pittman,WR,PIT,0,,0.0,2026-10-10T01:45:15Z
2026,2,1328128689807818752,We can think of something funny,6,981733843247992832,jakelotwin,7547,00-0036963,,Amon-Ra St. Brown,WR,DET,1,WR,37.2,2026-10-10T01:45:15Z
2026,2,1328128689807818752,We can think of something funny,6,981733843247992832,jakelotwin,7571,00-0036550,,Rashod Bateman,WR,BAL,1,WR,21.8,2026-10-10T01:45:15Z
2026,2,1328128689807818752,We can think of something funny,6,981733843247992832,jakelotwin,8131,00-0037838,,Isaiah Likely,TE,NYG,1,FLEX,10.8,2026-10-10T01:45:15Z
2026,2,1328128689807818752,We can think of something funny,6,981733843247992832,jakelotwin,8151,00-0038134,,Kenneth Walker III,RB,KC,1,RB,25.8,2026-10-10T01:45:15Z
2026,2,1328128689807818752,We can think of something funny,6,981733843247992832,jakelotwin,8210,00-0037809,,Chig Okonkwo,TE,WAS,0,,0.0,2026-10-10T01:45:15Z
2026,2,1328128689807818752,We can think of something funny,6,981733843247992832,jakelotwin,8228,00-0037228,,Jaylen Warren,RB,PIT,1,FLEX,9.7,2026-10-10T01:45:15Z
2026,2,1328128689807818752,We can think of something funny,6,981733843247992832,jakelotwin,8800,00-0037563,,Malik Davis,RB,DAL,0,,0.0,2026-10-10T01:45:15Z
2026,2,1328128689807818752,We can think of something funny,6,981733843247992832,jakelotwin,9226,00-0039040,,De'Von Achane,RB,MIA,1,RB,12.3,2026-10-10T01:45:15Z
2026,2,1328128689807818752,We can think of something funny,6,981733843247992832,jakelotwin,DEN,,,Denver Broncos,DEF,DEN,0,,8.0,2026-10-10T01:45:15Z
2026,2,1328128689807818752,We can think of something funny,6,981733843247992832,jakelotwin,TB,,,Tampa Bay Buccaneers,DEF,TB,1,DEF,2.0,2026-10-10T01:45:15Z
2026,2,1328128689807818752,We can think of something funny,7,736322979776036864,njmoses,11559,00-0039917,,Michael Penix Jr.,QB,ATL,0,,0.0,2026-10-10T01:45:15Z
2026,2,1328128689807818752,We can think of something funny,7,736322979776036864,njmoses,11625,00-0039890,,Adonai Mitchell,WR,NYJ,1,WR,12.3,2026-10-10T01:45:15Z
2026,2,1328128689807818752,We can think of something funny,7,736322979776036864,njmoses,12489,00-0040730,,RJ Harvey,RB,DEN,0,,0.0,2026-10-10T01:45:15Z
2026,2,1328128689807818752,We can think of something funny,7,736322979776036864,njmoses,13275,00-0041568,,Ty Simpson,QB,LA,0,,0.0,2026-10-10T01:45:15Z
2026,2,1328128689807818752,We can think of something funny,7,736322979776036864,njmoses,13286,00-0041512,,Jadarian Price,RB,SEA,1,FLEX,5.0,2026-10-10T01:45:15Z
2026,2,1328128689807818752,We can think of something funny,7,736322979776036864,njmoses,13348,00-0041217,,J'Mari Taylor,RB,JAX,0,,0.0,2026-10-10T01:45:15Z
2026,2,1328128689807818752,We can think of something funny,7,736322979776036864,njmoses,13349,00-0041483,,Eli Stowers,TE,PHI,0,,0.0,2026-10-10T01:45:15Z
2026,2,1328128689807818752,We can think of something funny,7,736322979776036864,njmoses,1373,00-0030565,,Geno Smith,QB,NYJ,0,,15.58,2026-10-10T01:45:15Z
2026,2,1328128689807818752,We can think of something funny,7,736322979776036864,njmoses,2216,00-0031408,,Mike Evans,WR,SF,1,WR,8.4,2026-10-10T01:45:15Z
2026,2,1328128689807818752,We can think of something funny,7,736322979776036864,njmoses,3214,00-0033090,,Hunter Henry,TE,NE,1,TE,8.5,2026-10-10T01:45:15Z
2026,2,1328128689807818752,We can think of something funny,7,736322979776036864,njmoses,3678,,,Wil Lutz,K,DEN,0,,8.5,2026-10-10T01:45:15Z
2026,2,1328128689807818752,We can think of something funny,7,736322979776036864,njmoses,4033,00-0033885,,David Njoku,TE,LAC,0,,2.4,2026-10-10T01:45:15Z
2026,2,1328128689807818752,We can think of something funny,7,736322979776036864,njmoses,4039,00-0033908,,Cooper Kupp,WR,SEA,0,,4.0,2026-10-10T01:45:15Z
2026,2,1328128689807818752,We can think of something funny,7,736322979776036864,njmoses,4199,00-0033293,,Aaron Jones,RB,MIN,1,FLEX,12.5,2026-10-10T01:45:15Z
2026,2,1328128689807818752,We can think of something funny,7,736322979776036864,njmoses,4881,00-0034796,,Lamar Jackson,QB,BAL,1,QB,15.8,2026-10-10T01:45:15Z
2026,2,1328128689807818752,We can think of something funny,7,736322979776036864,njmoses,6768,00-0036212,,Tua Tagovailoa,QB,ATL,0,,0.0,2026-10-10T01:45:15Z
2026,2,1328128689807818752,We can think of something funny,7,736322979776036864,njmoses,6783,00-0036407,,Jerry Jeudy,WR,CLE,0,,0.0,2026-10-10T01:45:15Z
2026,2,1328128689807818752,We can think of something funny,7,736322979776036864,njmoses,6786,00-0036358,,CeeDee Lamb,WR,DAL,1,WR,37.3,2026-10-10T01:45:15Z
2026,2,1328128689807818752,We can think of something funny,7,736322979776036864,njmoses,6806,00-0036158,,J.K. Dobbins,RB,DEN,1,RB,3.6,2026-10-10T01:45:15Z
2026,2,1328128689807818752,We can think of something funny,7,736322979776036864,njmoses,6813,00-0036223,,Jonathan Taylor,RB,IND,1,RB,29.2,2026-10-10T01:45:15Z
2026,2,1328128689807818752,We can think of something funny,7,736322979776036864,njmoses,7049,00-0036259,,Jauan Jennings,WR,MIN,0,,0.0,2026-10-10T01:45:15Z
2026,2,1328128689807818752,We can think of something funny,7,736322979776036864,njmoses,7528,00-0036893,,Najee Harris,RB,NYG,0,,0.6,2026-10-10T01:45:15Z
2026,2,1328128689807818752,We can think of something funny,7,736322979776036864,njmoses,7543,00-0036973,,Travis Etienne,RB,NO,1,RB,7.1,2026-10-10T01:45:15Z
2026,2,1328128689807818752,We can think of something funny,7,736322979776036864,njmoses,7564,00-0036900,,Ja'Marr Chase,WR,CIN,1,WR,26.5,2026-10-10T01:45:15Z
2026,2,1328128689807818752,We can think of something funny,7,736322979776036864,njmoses,7567,00-0036919,,Kenny Gainwell,RB,TB,1,SUPER_FLEX,4.5,2026-10-10T01:45:15Z
2026,2,1328128689807818752,We can think of something funny,7,736322979776036864,njmoses,7839,,,Evan McPherson,K,CIN,1,K,12.8,2026-10-10T01:45:15Z
2026,2,1328128689807818752,We can think of something funny,7,736322979776036864,njmoses,8134,00-0037261,,Khalil Shakir,WR,BUF,1,FLEX,6.8,2026-10-10T01:45:15Z
2026,2,1328128689807818752,We can think of something funny,7,736322979776036864,njmoses,9757,00-0038551,,Kendre Miller,RB,NO,0,,0.0,2026-10-10T01:45:15Z
2026,2,1328128689807818752,We can think of something funny,7,736322979776036864,njmoses,9758,00-0039163,,C.J. Stroud,QB,HOU,0,,19.02,2026-10-10T01:45:15Z
2026,2,1328128689807818752,We can think of something funny,7,736322979776036864,njmoses,9997,00-0039064,,Zay Flowers,WR,BAL,0,,0.0,2026-10-10T01:45:15Z
2026,2,1328128689807818752,We can think of something funny,7,736322979776036864,njmoses,PHI,,,Philadelphia Eagles,DEF,PHI,1,DEF,4.0,2026-10-10T01:45:15Z
2026,2,1328128689807818752,We can think of something funny,7,736322979776036864,njmoses,SF,,,San Francisco 49ers,DEF,SF,0,,9.0,2026-10-10T01:45:15Z
2026,2,1328128689807818752,We can think of something funny,8,981740747340795904,tmag85,10229,00-0039067,,Rashee Rice,WR,KC,1,WR,12.3,2026-10-10T01:45:15Z
2026,2,1328128689807818752,We can think of something funny,8,981740747340795904,tmag85,11586,00-0039738,,Blake Corum,RB,LA,0,,10.2,2026-10-10T01:45:15Z
2026,2,1328128689807818752,We can think of something funny,8,981740747340795904,tmag85,11603,00-0039793,,AJ Barner,TE,SEA,1,TE,8.4,2026-10-10T01:45:15Z
2026,2,1328128689807818752,We can think of something funny,8,981740747340795904,tmag85,11618,00-0039855,,Jalen McMillan,WR,TB,0,,0.0,2026-10-10T01:45:15Z
2026,2,1328128689807818752,We can think of something funny,8,981740747340795904,tmag85,11643,00-0039874,,Jaylen Wright,RB,MIA,0,,1.1,2026-10-10T01:45:15Z
2026,2,1328128689807818752,We can think of something funny,8,981740747340795904,tmag85,12487,00-0040737,,Terrance Ferguson,TE,LA,0,,20.4,2026-10-10T01:45:15Z
2026,2,1328128689807818752,We can think of something funny,8,981740747340795904,tmag85,12493,00-0040189,,Oronde Gadsden II,TE,LAC,0,,10.8,2026-10-10T01:45:15Z
2026,2,1328128689807818752,We can think of something funny,8,981740747340795904,tmag85,12519,00-0040735,,Luther Burden III,WR,CHI,1,WR,6.2,2026-10-10T01:45:15Z
2026,2,1328128689807818752,We can think of something funny,8,981740747340795904,tmag85,12527,00-0040122,,Ashton Jeanty,RB,LV,1,RB,10.3,2026-10-10T01:45:15Z
2026,2,1328128689807818752,We can think of something funny,8,981740747340795904,tmag85,12534,00-0040236,,Kyle Monangai,RB,CHI,1,RB,7.8,2026-10-10T01:45:15Z
2026,2,1328128689807818752,We can think of something funny,8,981740747340795904,tmag85,12547,00-0040131,,Kyle Williams,WR,NE,0,,2.0,2026-10-10T01:45:15Z
2026,2,1328128689807818752,We can think of something funny,8,981740747340795904,tmag85,12713,,,Andy Borregales,K,NE,1,K,8.5,2026-10-10T01:45:15Z
2026,2,1328128689807818752,We can think of something funny,8,981740747340795904,tmag85,13285,00-0041042,,Malachi Fields,WR,NYG,0,,5.0,2026-10-10T01:45:15Z
2026,2,1328128689807818752,We can think of something funny,8,981740747340795904,tmag85,13337,00-0041013,,Emmett Johnson,RB,KC,0,,5.5,2026-10-10T01:45:15Z
2026,2,1328128689807818752,We can think of something funny,8,981740747340795904,tmag85,13345,00-0041496,,Jonah Coleman,RB,DEN,0,,14.8,2026-10-10T01:45:15Z
2026,2,1328128689807818752,We can think of something funny,8,981740747340795904,tmag85,13424,00-0041125,,Seth McGowan,RB,IND,0,,0.0,2026-10-10T01:45:15Z
2026,2,1328128689807818752,We can think of something funny,8,981740747340795904,tmag85,13477,00-0041069,,Colbie Young,WR,CIN,0,,1.7,2026-10-10T01:45:15Z
2026,2,1328128689807818752,We can think of something funny,8,981740747340795904,tmag85,2133,00-0031381,,Davante Adams,WR,LA,1,WR,41.5,2026-10-10T01:45:15Z
2026,2,1328128689807818752,We can think of something funny,8,981740747340795904,tmag85,5870,00-0035710,,Daniel Jones,QB,IND,0,,12.4,2026-10-10T01:45:15Z
2026,2,1328128689807818752,We can think of something funny,8,981740747340795904,tmag85,5872,00-0035719,,Deebo Samuel Sr.,WR,SF,0,,6.5,2026-10-10T01:45:15Z
2026,2,1328128689807818752,We can think of something funny,8,981740747340795904,tmag85,6770,00-0036442,,Joe Burrow,QB,CIN,1,QB,16.18,2026-10-10T01:45:15Z
2026,2,1328128689807818752,We can think of something funny,8,981740747340795904,tmag85,6801,00-0036410,,Tee Higgins,WR,CIN,1,WR,14.5,2026-10-10T01:45:15Z
2026,2,1328128689807818752,We can think of something funny,8,981740747340795904,tmag85,7523,00-0036971,,Trevor Lawrence,QB,JAX,1,SUPER_FLEX,7.16,2026-10-10T01:45:15Z
2026,2,1328128689807818752,We can think of something funny,8,981740747340795904,tmag85,8110,00-0038041,,Jake Ferguson,TE,DAL,0,,22.3,2026-10-10T01:45:15Z
2026,2,1328128689807818752,We can think of something funny,8,981740747340795904,tmag85,8121,00-0037816,,Romeo Doubs,WR,NE,0,,12.6,2026-10-10T01:45:15Z
2026,2,1328128689807818752,We can think of something funny,8,981740747340795904,tmag85,8142,00-0037664,,Alec Pierce,WR,IND,1,FLEX,2.1,2026-10-10T01:45:15Z
2026,2,1328128689807818752,We can think of something funny,8,981740747340795904,tmag85,8161,00-0038128,,Malik Willis,QB,MIA,0,,15.48,2026-10-10T01:45:15Z
2026,2,1328128689807818752,We can think of something funny,8,981740747340795904,tmag85,8205,00-0037197,,Isiah Pacheco,RB,DET,0,,0.0,2026-10-10T01:45:15Z
2026,2,1328128689807818752,We can think of something funny,8,981740747340795904,tmag85,9224,00-0038597,,Chase Brown,RB,CIN,1,RB,11.2,2026-10-10T01:45:15Z
2026,2,1328128689807818752,We can think of something funny,8,981740747340795904,tmag85,9487,00-0038606,,Parker Washington,WR,JAX,1,FLEX,16.8,2026-10-10T01:45:15Z
2026,2,1328128689807818752,We can think of something funny,8,981740747340795904,tmag85,9506,00-0038951,,Sean Tucker,RB,TB,0,,0.0,2026-10-10T01:45:15Z
2026,2,1328128689807818752,We can think of something funny,8,981740747340795904,tmag85,9756,00-0038994,,Jordan Addison,WR,MIN,1,FLEX,4.1,2026-10-10T01:45:15Z
2026,2,1328128689807818752,We can think of something funny,8,981740747340795904,tmag85,NE,,,New England Patriots,DEF,NE,1,DEF,23.0,2026-10-10T01:45:15Z
2026,2,1384263065352015872,Gooma's Family League,1,473347412346269696,tmwrigh,10219,00-0038611,,Chris Rodriguez Jr.,RB,JAX,0,,1.3,2026-10-10T01:45:15Z
2026,2,1384263065352015872,Gooma's Family League,1,473347412346269696,tmwrigh,10859,00-0039065,,Sam LaPorta,TE,DET,1,TE,17.2,2026-10-10T01:45:15Z
2026,2,1384263065352015872,Gooma's Family League,1,473347412346269696,tmwrigh,11539,,,Jake Bates,K,DET,1,K,7.0,2026-10-10T01:45:15Z
2026,2,1384263065352015872,Gooma's Family League,1,473347412346269696,tmwrigh,12472,00-0040466,,Raheim Sanders,RB,CLE,0,,2.1,2026-10-10T01:45:15Z
2026,2,1384263065352015872,Gooma's Family League,1,473347412346269696,tmwrigh,12526,00-0040124,,Tetairoa McMillan,WR,CAR,1,WR,15.1,2026-10-10T01:45:15Z
2026,2,1384263065352015872,Gooma's Family League,1,473347412346269696,tmwrigh,13293,00-0040870,,Ja'Kobi Lane,WR,BAL,0,,0.0,2026-10-10T01:45:15Z
2026,2,1384263065352015872,Gooma's Family League,1,473347412346269696,tmwrigh,13296,00-0041523,,Caleb Douglas,WR,MIA,0,,3.9,2026-10-10T01:45:15Z
2026,2,1384263065352015872,Gooma's Family League,1,473347412346269696,tmwrigh,13311,00-0041525,,Chris Bell,WR,MIA,0,,0.0,2026-10-10T01:45:15Z
2026,2,1384263065352015872,Gooma's Family League,1,473347412346269696,tmwrigh,4033,00-0033885,,David Njoku,TE,LAC,0,,1.9,2026-10-10T01:45:15Z
2026,2,1384263065352015872,Gooma's Family League,1,473347412346269696,tmwrigh,4217,00-0033288,,George Kittle,TE,SF,1,FLEX,18.0,2026-10-10T01:45:15Z
2026,2,1384263065352015872,Gooma's Family League,1,473347412346269696,tmwrigh,4983,00-0034827,,DJ Moore,WR,BUF,1,WR,-0.1,2026-10-10T01:45:15Z
2026,2,1384263065352015872,Gooma's Family League,1,473347412346269696,tmwrigh,5846,00-0035640,,DK Metcalf,WR,PIT,1,FLEX,6.7,2026-10-10T01:45:15Z
2026,2,1384263065352015872,Gooma's Family League,1,473347412346269696,tmwrigh,6130,00-0035250,,Devin Singletary,RB,NYG,0,,0.9,2026-10-10T01:45:15Z
2026,2,1384263065352015872,Gooma's Family League,1,473347412346269696,tmwrigh,6797,00-0036355,,Justin Herbert,QB,LAC,1,QB,7.88,2026-10-10T01:45:15Z
2026,2,1384263065352015872,Gooma's Family League,1,473347412346269696,tmwrigh,7588,00-0036997,,Javonte Williams,RB,DAL,1,RB,8.0,2026-10-10T01:45:15Z
2026,2,1384263065352015872,Gooma's Family League,1,473347412346269696,tmwrigh,8161,00-0038128,,Malik Willis,QB,MIA,0,,12.48,2026-10-10T01:45:15Z
2026,2,1384263065352015872,Gooma's Family League,1,473347412346269696,tmwrigh,9226,00-0039040,,De'Von Achane,RB,MIA,1,RB,12.3,2026-10-10T01:45:15Z
2026,2,1384263065352015872,Gooma's Family League,1,473347412346269696,tmwrigh,9228,00-0039150,,Bryce Young,QB,CAR,1,SUPER_FLEX,24.08,2026-10-10T01:45:15Z
2026,2,1384263065352015872,Gooma's Family League,1,473347412346269696,tmwrigh,9488,00-0038543,,Jaxon Smith-Njigba,WR,SEA,1,WR,42.5,2026-10-10T01:45:15Z
2026,2,1384263065352015872,Gooma's Family League,1,473347412346269696,tmwrigh,MIN,,,Minnesota Vikings,DEF,MIN,0,,17.0,2026-10-10T01:45:15Z
2026,2,1384263065352015872,Gooma's Family League,1,473347412346269696,tmwrigh,SF,,,San Francisco 49ers,DEF,SF,1,DEF,10.0,2026-10-10T01:45:15Z
2026,2,1384263065352015872,Gooma's Family League,2,830805333189455872,thewrightdek,11370,00-0038685,,Chris Brooks,RB,GB,0,,3.6,2026-10-10T01:45:15Z
2026,2,1384263065352015872,Gooma's Family League,2,830805333189455872,thewrightdek,11584,00-0039361,,Bucky Irving,RB,TB,1,RB,13.0,2026-10-10T01:45:15Z
2026,2,1384263065352015872,Gooma's Family League,2,830805333189455872,thewrightdek,11631,00-0039893,,Brian Thomas Jr.,WR,JAX,0,,7.0,2026-10-10T01:45:15Z
2026,2,1384263065352015872,Gooma's Family League,2,830805333189455872,thewrightdek,11792,,,Will Reichard,K,MIN,1,K,10.0,2026-10-10T01:45:15Z
2026,2,1384263065352015872,Gooma's Family League,2,830805333189455872,thewrightdek,12508,00-0040691,,Jaxson Dart,QB,NYG,1,QB,0.8,2026-10-10T01:45:15Z
2026,2,1384263065352015872,Gooma's Family League,2,830805333189455872,thewrightdek,12517,00-0040126,,Colston Loveland,TE,CHI,1,TE,1.3,2026-10-10T01:45:15Z
2026,2,1384263065352015872,Gooma's Family League,2,830805333189455872,thewrightdek,12522,00-0040676,,Cam Ward,QB,TEN,0,,20.02,2026-10-10T01:45:15Z
2026,2,1384263065352015872,Gooma's Family League,2,830805333189455872,thewrightdek,13298,00-0041547,,KC Concepcion,WR,CLE,0,,8.2,2026-10-10T01:45:15Z
2026,2,1384263065352015872,Gooma's Family League,2,830805333189455872,thewrightdek,4017,00-0033537,,Deshaun Watson,QB,CLE,1,SUPER_FLEX,19.72,2026-10-10T01:45:15Z
2026,2,1384263065352015872,Gooma's Family League,2,830805333189455872,thewrightdek,4227,,,Harrison Butker,K,KC,0,,16.0,2026-10-10T01:45:15Z
2026,2,1384263065352015872,Gooma's Family League,2,830805333189455872,thewrightdek,4866,00-0034844,,Saquon Barkley,RB,PHI,1,RB,3.0,2026-10-10T01:45:15Z
2026,2,1384263065352015872,Gooma's Family League,2,830805333189455872,thewrightdek,5872,00-0035719,,Deebo Samuel Sr.,WR,SF,1,WR,6.5,2026-10-10T01:45:15Z
2026,2,1384263065352015872,Gooma's Family League,2,830805333189455872,thewrightdek,5927,00-0035659,,Terry McLaurin,WR,WAS,1,WR,7.0,2026-10-10T01:45:15Z
2026,2,1384263065352015872,Gooma's Family League,2,830805333189455872,thewrightdek,6783,00-0036407,,Jerry Jeudy,WR,CLE,0,,0.0,2026-10-10T01:45:15Z
2026,2,1384263065352015872,Gooma's Family League,2,830805333189455872,thewrightdek,6794,00-0036322,,Justin Jefferson,WR,MIN,1,WR,8.5,2026-10-10T01:45:15Z
2026,2,1384263065352015872,Gooma's Family League,2,830805333189455872,thewrightdek,7021,00-0036139,,Rico Dowdle,RB,PIT,1,FLEX,6.4,2026-10-10T01:45:15Z
2026,2,1384263065352015872,Gooma's Family League,2,830805333189455872,thewrightdek,7553,00-0036970,,Kyle Pitts,TE,ATL,1,FLEX,2.5,2026-10-10T01:45:15Z
2026,2,1384263065352015872,Gooma's Family League,2,830805333189455872,thewrightdek,9480,00-0038935,,Brenton Strange,TE,JAX,0,,3.7,2026-10-10T01:45:15Z
2026,2,1384263065352015872,Gooma's Family League,2,830805333189455872,thewrightdek,GB,,,Green Bay Packers,DEF,GB,0,,7.0,2026-10-10T01:45:15Z
2026,2,1384263065352015872,Gooma's Family League,2,830805333189455872,thewrightdek,TB,,,Tampa Bay Buccaneers,DEF,TB,1,DEF,4.0,2026-10-10T01:45:15Z
2026,2,1384263065352015872,Gooma's Family League,3,832062563456999424,sdw0605,11533,,,Brandon Aubrey,K,DAL,1,K,16.0,2026-10-10T01:45:15Z
2026,2,1384263065352015872,Gooma's Family League,3,832062563456999424,sdw0605,11560,00-0039918,,Caleb Williams,QB,CHI,1,QB,7.72,2026-10-10T01:45:15Z
2026,2,1384263065352015872,Gooma's Family League,3,832062563456999424,sdw0605,11834,00-0039424,,Devaughn Vele,WR,NO,1,FLEX,11.4,2026-10-10T01:45:15Z
2026,2,1384263065352015872,Gooma's Family League,3,832062563456999424,sdw0605,12530,00-0040718,,Travis Hunter,WR,JAX,0,,0.0,2026-10-10T01:45:15Z
2026,2,1384263065352015872,Gooma's Family League,3,832062563456999424,sdw0605,13288,00-0040886,,Nicholas Singleton,RB,TEN,0,,1.0,2026-10-10T01:45:15Z
2026,2,1384263065352015872,Gooma's Family League,3,832062563456999424,sdw0605,13301,00-0041040,,Antonio Williams,WR,WAS,0,,5.4,2026-10-10T01:45:15Z
2026,2,1384263065352015872,Gooma's Family League,3,832062563456999424,sdw0605,13337,00-0041013,,Emmett Johnson,RB,KC,0,,5.5,2026-10-10T01:45:15Z
2026,2,1384263065352015872,Gooma's Family League,3,832062563456999424,sdw0605,13414,00-0041052,,Kaelon Black,RB,SF,0,,2.5,2026-10-10T01:45:15Z
2026,2,1384263065352015872,Gooma's Family League,3,832062563456999424,sdw0605,1466,00-0030506,,Travis Kelce,TE,KC,1,TE,25.1,2026-10-10T01:45:15Z
2026,2,1384263065352015872,Gooma's Family League,3,832062563456999424,sdw0605,2133,00-0031381,,Davante Adams,WR,LA,1,WR,39.5,2026-10-10T01:45:15Z
2026,2,1384263065352015872,Gooma's Family League,3,832062563456999424,sdw0605,6819,00-0036252,,Michael Pittman,WR,PIT,0,,0.0,2026-10-10T01:45:15Z
2026,2,1384263065352015872,Gooma's Family League,3,832062563456999424,sdw0605,7523,00-0036971,,Trevor Lawrence,QB,JAX,1,SUPER_FLEX,6.16,2026-10-10T01:45:15Z
2026,2,1384263065352015872,Gooma's Family League,3,832062563456999424,sdw0605,8137,00-0037247,,George Pickens,WR,DAL,1,WR,10.0,2026-10-10T01:45:15Z
2026,2,1384263065352015872,Gooma's Family League,3,832062563456999424,sdw0605,8146,00-0037740,,Garrett Wilson,WR,NYJ,1,WR,16.7,2026-10-10T01:45:15Z
2026,2,1384263065352015872,Gooma's Family League,3,832062563456999424,sdw0605,8210,00-0037809,,Chig Okonkwo,TE,WAS,0,,0.0,2026-10-10T01:45:15Z
2026,2,1384263065352015872,Gooma's Family League,3,832062563456999424,sdw0605,8228,00-0037228,,Jaylen Warren,RB,PIT,1,RB,9.7,2026-10-10T01:45:15Z
2026,2,1384263065352015872,Gooma's Family League,3,832062563456999424,sdw0605,9221,00-0039139,,Jahmyr Gibbs,RB,DET,1,RB,23.3,2026-10-10T01:45:15Z
2026,2,1384263065352015872,Gooma's Family League,3,832062563456999424,sdw0605,9754,00-0038544,,Quentin Johnston,WR,LAC,1,FLEX,2.4,2026-10-10T01:45:15Z
2026,2,1384263065352015872,Gooma's Family League,3,832062563456999424,sdw0605,BAL,,,Baltimore Ravens,DEF,BAL,0,,5.0,2026-10-10T01:45:15Z
2026,2,1384263065352015872,Gooma's Family League,3,832062563456999424,sdw0605,HOU,,,Houston Texans,DEF,HOU,1,DEF,8.0,2026-10-10T01:45:15Z
2026,2,1384263065352015872,Gooma's Family League,4,833032703791210496,mottwright,10232,00-0038559,,Michael Wilson,WR,ARI,1,FLEX,3.8,2026-10-10T01:45:15Z
2026,2,1384263065352015872,Gooma's Family League,4,833032703791210496,mottwright,11786,,,Cam Little,K,JAX,1,K,7.0,2026-10-10T01:45:15Z
2026,2,1384263065352015872,Gooma's Family League,4,833032703791210496,mottwright,12484,00-0040130,,Jayden Higgins,WR,HOU,0,,0.0,2026-10-10T01:45:15Z
2026,2,1384263065352015872,Gooma's Family League,4,833032703791210496,mottwright,12489,00-0040730,,RJ Harvey,RB,DEN,0,,0.0,2026-10-10T01:45:15Z
2026,2,1384263065352015872,Gooma's Family League,4,833032703791210496,mottwright,12506,00-0040663,,Harold Fannin Jr.,TE,CLE,1,TE,10.4,2026-10-10T01:45:15Z
2026,2,1384263065352015872,Gooma's Family League,4,833032703791210496,mottwright,12514,00-0040129,,Emeka Egbuka,WR,TB,1,WR,10.3,2026-10-10T01:45:15Z
2026,2,1384263065352015872,Gooma's Family League,4,833032703791210496,mottwright,13346,00-0041037,,Denzel Boston,WR,CLE,0,,20.5,2026-10-10T01:45:15Z
2026,2,1384263065352015872,Gooma's Family League,4,833032703791210496,mottwright,3257,00-0033119,,Jacoby Brissett,QB,ARI,0,,6.5,2026-10-10T01:45:15Z
2026,2,1384263065352015872,Gooma's Family League,4,833032703791210496,mottwright,4881,00-0034796,,Lamar Jackson,QB,BAL,1,QB,14.8,2026-10-10T01:45:15Z
2026,2,1384263065352015872,Gooma's Family League,4,833032703791210496,mottwright,4993,00-0034829,,Mike Gesicki,TE,CIN,0,,0.0,2026-10-10T01:45:15Z
2026,2,1384263065352015872,Gooma's Family League,4,833032703791210496,mottwright,5189,,,Eddy Pineiro,K,SF,0,,5.0,2026-10-10T01:45:15Z
2026,2,1384263065352015872,Gooma's Family League,4,833032703791210496,mottwright,5892,00-0035685,,David Montgomery,RB,HOU,1,RB,4.4,2026-10-10T01:45:15Z
2026,2,1384263065352015872,Gooma's Family League,4,833032703791210496,mottwright,6149,00-0035535,,Darius Slayton,WR,IND,0,,0.0,2026-10-10T01:45:15Z
2026,2,1384263065352015872,Gooma's Family League,4,833032703791210496,mottwright,6786,00-0036358,,CeeDee Lamb,WR,DAL,1,WR,35.3,2026-10-10T01:45:15Z
2026,2,1384263065352015872,Gooma's Family League,4,833032703791210496,mottwright,6904,00-0036389,,Jalen Hurts,QB,PHI,1,SUPER_FLEX,16.16,2026-10-10T01:45:15Z
2026,2,1384263065352015872,Gooma's Family League,4,833032703791210496,mottwright,7611,00-0036875,,Rhamondre Stevenson,RB,NE,1,RB,3.6,2026-10-10T01:45:15Z
2026,2,1384263065352015872,Gooma's Family League,4,833032703791210496,mottwright,8110,00-0038041,,Jake Ferguson,TE,DAL,1,FLEX,20.3,2026-10-10T01:45:15Z
2026,2,1384263065352015872,Gooma's Family League,4,833032703791210496,mottwright,8144,00-0037239,,Chris Olave,WR,NO,1,WR,22.6,2026-10-10T01:45:15Z
2026,2,1384263065352015872,Gooma's Family League,4,833032703791210496,mottwright,8205,00-0037197,,Isiah Pacheco,RB,DET,0,,0.0,2026-10-10T01:45:15Z
2026,2,1384263065352015872,Gooma's Family League,4,833032703791210496,mottwright,9504,00-0038608,,Kayshon Boutte,WR,HOU,0,,6.7,2026-10-10T01:45:15Z
2026,2,1384263065352015872,Gooma's Family League,4,833032703791210496,mottwright,KC,,,Kansas City Chiefs,DEF,KC,0,,1.0,2026-10-10T01:45:15Z
2026,2,1384263065352015872,Gooma's Family League,4,833032703791210496,mottwright,PHI,,,Philadelphia Eagles,DEF,PHI,1,DEF,6.0,2026-10-10T01:45:15Z
2026,2,1384263065352015872,Gooma's Family League,5,833115032651939840,sylviaquack,10222,00-0039146,,Jayden Reed,WR,GB,0,,1.4,2026-10-10T01:45:15Z
2026,2,1384263065352015872,Gooma's Family League,5,833115032651939840,sylviaquack,11559,00-0039917,,Michael Penix Jr.,QB,ATL,0,,0.0,2026-10-10T01:45:15Z
2026,2,1384263065352015872,Gooma's Family League,5,833115032651939840,sylviaquack,11581,00-0039811,,MarShawn Lloyd,RB,GB,0,,8.6,2026-10-10T01:45:15Z
2026,2,1384263065352015872,Gooma's Family League,5,833115032651939840,sylviaquack,11620,00-0039919,,Rome Odunze,WR,CHI,1,WR,7.3,2026-10-10T01:45:15Z
2026,2,1384263065352015872,Gooma's Family League,5,833115032651939840,sylviaquack,11632,00-0039337,,Malik Nabers,WR,NYG,1,WR,1.1,2026-10-10T01:45:15Z
2026,2,1384263065352015872,Gooma's Family League,5,833115032651939840,sylviaquack,12469,00-0040162,,Dylan Sampson,RB,CLE,0,,0.0,2026-10-10T01:45:15Z
2026,2,1384263065352015872,Gooma's Family League,5,833115032651939840,sylviaquack,12490,00-0040719,,Bhayshul Tuten,RB,JAX,1,RB,14.2,2026-10-10T01:45:15Z
2026,2,1384263065352015872,Gooma's Family League,5,833115032651939840,sylviaquack,13417,00-0041035,,De'Zhaun Stribling,WR,SF,0,,0.0,2026-10-10T01:45:15Z
2026,2,1384263065352015872,Gooma's Family League,5,833115032651939840,sylviaquack,3198,00-0032764,,Derrick Henry,RB,BAL,1,RB,17.7,2026-10-10T01:45:15Z
2026,2,1384263065352015872,Gooma's Family League,5,833115032651939840,sylviaquack,4035,00-0033906,,Alvin Kamara,RB,NO,0,,7.2,2026-10-10T01:45:15Z
2026,2,1384263065352015872,Gooma's Family League,5,833115032651939840,sylviaquack,5012,00-0034753,,Mark Andrews,TE,BAL,1,FLEX,10.9,2026-10-10T01:45:15Z
2026,2,1384263065352015872,Gooma's Family League,5,833115032651939840,sylviaquack,6804,00-0036264,,Jordan Love,QB,GB,1,SUPER_FLEX,13.8,2026-10-10T01:45:15Z
2026,2,1384263065352015872,Gooma's Family League,5,833115032651939840,sylviaquack,7564,00-0036900,,Ja'Marr Chase,WR,CIN,1,WR,26.5,2026-10-10T01:45:15Z
2026,2,1384263065352015872,Gooma's Family League,5,833115032651939840,sylviaquack,7594,00-0036555,,Chuba Hubbard,RB,CAR,1,FLEX,14.4,2026-10-10T01:45:15Z
2026,2,1384263065352015872,Gooma's Family League,5,833115032651939840,sylviaquack,7839,,,Evan McPherson,K,CIN,1,K,12.0,2026-10-10T01:45:15Z
2026,2,1384263065352015872,Gooma's Family League,5,833115032651939840,sylviaquack,8130,00-0037744,,Trey McBride,TE,ARI,1,TE,18.1,2026-10-10T01:45:15Z
2026,2,1384263065352015872,Gooma's Family League,5,833115032651939840,sylviaquack,8172,00-0037252,,Greg Dulcich,TE,MIA,0,,3.7,2026-10-10T01:45:15Z
2026,2,1384263065352015872,Gooma's Family League,5,833115032651939840,sylviaquack,8183,00-0037834,,Brock Purdy,QB,SF,1,QB,28.48,2026-10-10T01:45:15Z
2026,2,1384263065352015872,Gooma's Family League,5,833115032651939840,sylviaquack,9756,00-0038994,,Jordan Addison,WR,MIN,0,,4.1,2026-10-10T01:45:15Z
2026,2,1384263065352015872,Gooma's Family League,5,833115032651939840,sylviaquack,NE,,,New England Patriots,DEF,NE,1,DEF,22.0,2026-10-10T01:45:15Z
2026,2,1384263065352015872,Gooma's Family League,6,473346537234100224,MrMasculinity,11564,00-0039851,,Drake Maye,QB,NE,1,QB,8.02,2026-10-10T01:45:15Z
2026,2,1384263065352015872,Gooma's Family League,6,473346537234100224,MrMasculinity,11604,00-0039338,,Brock Bowers,TE,LV,0,,0.0,2026-10-10T01:45:15Z
2026,2,1384263065352015872,Gooma's Family League,6,473346537234100224,MrMasculinity,11647,00-0039391,,Kimani Vidal,RB,LAC,0,,0.0,2026-10-10T01:45:15Z
2026,2,1384263065352015872,Gooma's Family League,6,473346537234100224,MrMasculinity,12512,00-0040784,,Quinshon Judkins,RB,CLE,1,RB,9.8,2026-10-10T01:45:15Z
2026,2,1384263065352015872,Gooma's Family League,6,473346537234100224,MrMasculinity,12529,00-0040734,,TreVeyon Henderson,RB,NE,1,FLEX,13.6,2026-10-10T01:45:15Z
2026,2,1384263065352015872,Gooma's Family League,6,473346537234100224,MrMasculinity,13276,00-0041511,,Omar Cooper Jr.,WR,NYJ,0,,0.0,2026-10-10T01:45:15Z
2026,2,1384263065352015872,Gooma's Family League,6,473346537234100224,MrMasculinity,13281,00-0041029,,Jordyn Tyson,WR,NO,0,,0.0,2026-10-10T01:45:15Z
2026,2,1384263065352015872,Gooma's Family League,6,473346537234100224,MrMasculinity,1373,00-0030565,,Geno Smith,QB,NYJ,0,,15.58,2026-10-10T01:45:15Z
2026,2,1384263065352015872,Gooma's Family League,6,473346537234100224,MrMasculinity,1945,,,Chris Boswell,K,PIT,1,K,4.0,2026-10-10T01:45:15Z
2026,2,1384263065352015872,Gooma's Family League,6,473346537234100224,MrMasculinity,4199,00-0033293,,Aaron Jones,RB,MIN,1,FLEX,10.5,2026-10-10T01:45:15Z
2026,2,1384263065352015872,Gooma's Family League,6,473346537234100224,MrMasculinity,5844,00-0035229,,T.J. Hockenson,TE,MIN,1,TE,5.9,2026-10-10T01:45:15Z
2026,2,1384263065352015872,Gooma's Family League,6,473346537234100224,MrMasculinity,5947,00-0034960,,Jakobi Meyers,WR,JAX,0,,3.8,2026-10-10T01:45:15Z
2026,2,1384263065352015872,Gooma's Family League,6,473346537234100224,MrMasculinity,5967,00-0035261,,Tony Pollard,RB,TEN,0,,7.5,2026-10-10T01:45:15Z
2026,2,1384263065352015872,Gooma's Family League,6,473346537234100224,MrMasculinity,6770,00-0036442,,Joe Burrow,QB,CIN,1,SUPER_FLEX,16.18,2026-10-10T01:45:15Z
2026,2,1384263065352015872,Gooma's Family League,6,473346537234100224,MrMasculinity,7525,00-0036912,,DeVonta Smith,WR,PHI,1,WR,27.7,2026-10-10T01:45:15Z
2026,2,1384263065352015872,Gooma's Family League,6,473346537234100224,MrMasculinity,7567,00-0036919,,Kenny Gainwell,RB,TB,0,,4.5,2026-10-10T01:45:15Z
2026,2,1384263065352015872,Gooma's Family League,6,473346537234100224,MrMasculinity,8121,00-0037816,,Romeo Doubs,WR,NE,1,WR,12.6,2026-10-10T01:45:15Z
2026,2,1384263065352015872,Gooma's Family League,6,473346537234100224,MrMasculinity,8155,00-0038120,,Breece Hall,RB,NYJ,1,RB,14.2,2026-10-10T01:45:15Z
2026,2,1384263065352015872,Gooma's Family League,6,473346537234100224,MrMasculinity,9487,00-0038606,,Parker Washington,WR,JAX,1,WR,16.8,2026-10-10T01:45:15Z
2026,2,1384263065352015872,Gooma's Family League,6,473346537234100224,MrMasculinity,CAR,,,Carolina Panthers,DEF,CAR,1,DEF,25.0,2026-10-10T01:45:15Z
2026,2,1384263065352015872,Gooma's Family League,6,473346537234100224,MrMasculinity,DET,,,Detroit Lions,DEF,DET,0,,-4.0,2026-10-10T01:45:15Z
2026,2,1384263065352015872,Gooma's Family League,7,833447941745270784,EmJDGregg,10213,00-0038563,,Tre Tucker,WR,LV,0,,22.9,2026-10-10T01:45:15Z
2026,2,1384263065352015872,Gooma's Family League,7,833447941745270784,EmJDGregg,10236,00-0038933,,Dalton Kincaid,TE,BUF,1,TE,22.5,2026-10-10T01:45:15Z
2026,2,1384263065352015872,Gooma's Family League,7,833447941745270784,EmJDGregg,11563,00-0039732,,Bo Nix,QB,DEN,1,SUPER_FLEX,14.12,2026-10-10T01:45:15Z
2026,2,1384263065352015872,Gooma's Family League,7,833447941745270784,EmJDGregg,11610,00-0039880,,Malik Washington,WR,MIA,0,,8.7,2026-10-10T01:45:15Z
2026,2,1384263065352015872,Gooma's Family League,7,833447941745270784,EmJDGregg,12474,00-0040583,,Woody Marks,RB,HOU,0,,8.5,2026-10-10T01:45:15Z
2026,2,1384263065352015872,Gooma's Family League,7,833447941745270784,EmJDGregg,12533,00-0040242,,Jacory Croskey-Merritt,RB,WAS,0,,5.8,2026-10-10T01:45:15Z
2026,2,1384263065352015872,Gooma's Family League,7,833447941745270784,EmJDGregg,13269,00-0041562,,Fernando Mendoza,QB,LV,0,,0.0,2026-10-10T01:45:15Z
2026,2,1384263065352015872,Gooma's Family League,7,833447941745270784,EmJDGregg,13286,00-0041512,,Jadarian Price,RB,SEA,1,RB,5.0,2026-10-10T01:45:15Z
2026,2,1384263065352015872,Gooma's Family League,7,833447941745270784,EmJDGregg,13330,00-0041032,,Kenyon Sadiq,TE,NYJ,0,,3.7,2026-10-10T01:45:15Z
2026,2,1384263065352015872,Gooma's Family League,7,833447941745270784,EmJDGregg,13413,00-0040890,,Cyrus Allen,WR,KC,0,,0.0,2026-10-10T01:45:15Z
2026,2,1384263065352015872,Gooma's Family League,7,833447941745270784,EmJDGregg,4137,00-0033553,,James Conner,RB,ARI,1,FLEX,0.0,2026-10-10T01:45:15Z
2026,2,1384263065352015872,Gooma's Family League,7,833447941745270784,EmJDGregg,4984,00-0034857,,Josh Allen,QB,BUF,1,QB,40.82,2026-10-10T01:45:15Z
2026,2,1384263065352015872,Gooma's Family League,7,833447941745270784,EmJDGregg,6801,00-0036410,,Tee Higgins,WR,CIN,1,WR,14.5,2026-10-10T01:45:15Z
2026,2,1384263065352015872,Gooma's Family League,7,833447941745270784,EmJDGregg,6806,00-0036158,,J.K. Dobbins,RB,DEN,1,FLEX,3.6,2026-10-10T01:45:15Z
2026,2,1384263065352015872,Gooma's Family League,7,833447941745270784,EmJDGregg,7600,00-0036894,,Pat Freiermuth,TE,PIT,0,,7.4,2026-10-10T01:45:15Z
2026,2,1384263065352015872,Gooma's Family League,7,833447941745270784,EmJDGregg,8142,00-0037664,,Alec Pierce,WR,IND,1,WR,2.1,2026-10-10T01:45:15Z
2026,2,1384263065352015872,Gooma's Family League,7,833447941745270784,EmJDGregg,8150,00-0037840,,Kyren Williams,RB,LA,1,RB,15.7,2026-10-10T01:45:15Z
2026,2,1384263065352015872,Gooma's Family League,7,833447941745270784,EmJDGregg,8180,00-0037291,,Jalen Nailor,WR,LV,1,WR,1.9,2026-10-10T01:45:15Z
2026,2,1384263065352015872,Gooma's Family League,7,833447941745270784,EmJDGregg,8259,,,Cameron Dicker,K,LAC,1,K,1.0,2026-10-10T01:45:15Z
2026,2,1384263065352015872,Gooma's Family League,7,833447941745270784,EmJDGregg,LAR,,,Los Angeles Rams,DEF,LAR,1,DEF,12.0,2026-10-10T01:45:15Z
2026,2,1384263065352015872,Gooma's Family League,8,833822561476415488,jimgregg,11566,00-0039910,,Jayden Daniels,QB,WAS,1,QB,14.74,2026-10-10T01:45:15Z
2026,2,1384263065352015872,Gooma's Family League,8,833822561476415488,jimgregg,11575,00-0039875,,Ray Davis,RB,BUF,1,RB,0.0,2026-10-10T01:45:15Z
2026,2,1384263065352015872,Gooma's Family League,8,833822561476415488,jimgregg,11586,00-0039738,,Blake Corum,RB,LA,1,FLEX,10.2,2026-10-10T01:45:15Z
2026,2,1384263065352015872,Gooma's Family League,8,833822561476415488,jimgregg,11618,00-0039855,,Jalen McMillan,WR,TB,0,,0.0,2026-10-10T01:45:15Z
2026,2,1384263065352015872,Gooma's Family League,8,833822561476415488,jimgregg,11635,00-0039915,,Ladd McConkey,WR,LAC,1,WR,6.5,2026-10-10T01:45:15Z
2026,2,1384263065352015872,Gooma's Family League,8,833822561476415488,jimgregg,12048,00-0039299,,George Holani,RB,SEA,0,,2.5,2026-10-10T01:45:15Z
2026,2,1384263065352015872,Gooma's Family League,8,833822561476415488,jimgregg,12457,00-0040586,,Jaydon Blue,RB,PHI,0,,0.0,2026-10-10T01:45:15Z
2026,2,1384263065352015872,Gooma's Family League,8,833822561476415488,jimgregg,13320,00-0041044,,Zachariah Branch,WR,ATL,0,,3.4,2026-10-10T01:45:15Z
2026,2,1384263065352015872,Gooma's Family League,8,833822561476415488,jimgregg,2747,,,Jason Myers,K,SEA,1,K,7.0,2026-10-10T01:45:15Z
2026,2,1384263065352015872,Gooma's Family League,8,833822561476415488,jimgregg,3214,00-0033090,,Hunter Henry,TE,NE,1,TE,7.0,2026-10-10T01:45:15Z
2026,2,1384263065352015872,Gooma's Family League,8,833822561476415488,jimgregg,4034,00-0033280,,Christian McCaffrey,RB,SF,1,RB,22.6,2026-10-10T01:45:15Z
2026,2,1384263065352015872,Gooma's Family League,8,833822561476415488,jimgregg,4046,00-0033873,,Patrick Mahomes,QB,KC,1,SUPER_FLEX,28.98,2026-10-10T01:45:15Z
2026,2,1384263065352015872,Gooma's Family League,8,833822561476415488,jimgregg,5022,00-0034351,,Dallas Goedert,TE,PHI,1,FLEX,1.4,2026-10-10T01:45:15Z
2026,2,1384263065352015872,Gooma's Family League,8,833822561476415488,jimgregg,5849,00-0035228,,Kyler Murray,QB,MIN,0,,0.0,2026-10-10T01:45:15Z
2026,2,1384263065352015872,Gooma's Family League,8,833822561476415488,jimgregg,7049,00-0036259,,Jauan Jennings,WR,MIN,1,WR,0.0,2026-10-10T01:45:15Z
2026,2,1384263065352015872,Gooma's Family League,8,833822561476415488,jimgregg,7526,00-0036613,,Jaylen Waddle,WR,DEN,1,WR,21.8,2026-10-10T01:45:15Z
2026,2,1384263065352015872,Gooma's Family League,8,833822561476415488,jimgregg,8676,00-0037545,,Rashid Shaheed,WR,SEA,0,,6.9,2026-10-10T01:45:15Z
2026,2,1384263065352015872,Gooma's Family League,8,833822561476415488,jimgregg,9757,00-0038551,,Kendre Miller,RB,NO,0,,0.0,2026-10-10T01:45:15Z
2026,2,1384263065352015872,Gooma's Family League,8,833822561476415488,jimgregg,DEN,,,Denver Broncos,DEF,DEN,0,,9.0,2026-10-10T01:45:15Z
2026,2,1384263065352015872,Gooma's Family League,8,833822561476415488,jimgregg,SEA,,,Seattle Seahawks,DEF,SEA,1,DEF,10.0,2026-10-10T01:45:15Z
2026,2,1384263065352015872,Gooma's Family League,9,835046086484799488,kelush,11576,00-0039794,,Braelon Allen,RB,NYJ,0,,8.5,2026-10-10T01:45:15Z
2026,2,1384263065352015872,Gooma's Family League,9,835046086484799488,kelush,11646,00-0039491,,Jalen Coker,WR,CAR,0,,14.6,2026-10-10T01:45:15Z
2026,2,1384263065352015872,Gooma's Family League,9,835046086484799488,kelush,1166,00-0029604,,Kirk Cousins,QB,LV,0,,20.22,2026-10-10T01:45:15Z
2026,2,1384263065352015872,Gooma's Family League,9,835046086484799488,kelush,12015,,,Harrison Mevis,K,LAR,1,K,3.0,2026-10-10T01:45:15Z
2026,2,1384263065352015872,Gooma's Family League,9,835046086484799488,kelush,12507,00-0040666,,Omarion Hampton,RB,LAC,1,RB,17.5,2026-10-10T01:45:15Z
2026,2,1384263065352015872,Gooma's Family League,9,835046086484799488,kelush,12518,00-0040128,,Tyler Warren,TE,IND,1,TE,14.4,2026-10-10T01:45:15Z
2026,2,1384263065352015872,Gooma's Family League,9,835046086484799488,kelush,12534,00-0040236,,Kyle Monangai,RB,CHI,1,FLEX,7.8,2026-10-10T01:45:15Z
2026,2,1384263065352015872,Gooma's Family League,9,835046086484799488,kelush,13294,00-0040867,,Makai Lemon,WR,PHI,1,WR,1.9,2026-10-10T01:45:15Z
2026,2,1384263065352015872,Gooma's Family League,9,835046086484799488,kelush,13305,00-0040878,,Mike Washington Jr.,RB,LV,0,,0.7,2026-10-10T01:45:15Z
2026,2,1384263065352015872,Gooma's Family League,9,835046086484799488,kelush,421,00-0026498,,Matthew Stafford,QB,LA,1,QB,26.98,2026-10-10T01:45:15Z
2026,2,1384263065352015872,Gooma's Family League,9,835046086484799488,kelush,4943,00-0034869,,Sam Darnold,QB,SEA,1,SUPER_FLEX,0.0,2026-10-10T01:45:15Z
2026,2,1384263065352015872,Gooma's Family League,9,835046086484799488,kelush,5001,00-0034383,,Dalton Schultz,TE,HOU,0,,26.0,2026-10-10T01:45:15Z
2026,2,1384263065352015872,Gooma's Family League,9,835046086484799488,kelush,5850,00-0035700,,Josh Jacobs,RB,GB,1,FLEX,0.0,2026-10-10T01:45:15Z
2026,2,1384263065352015872,Gooma's Family League,9,835046086484799488,kelush,7569,00-0036554,,Nico Collins,WR,HOU,1,WR,0.0,2026-10-10T01:45:15Z
2026,2,1384263065352015872,Gooma's Family League,9,835046086484799488,kelush,8111,00-0038129,,Cade Otton,TE,TB,0,,8.8,2026-10-10T01:45:15Z
2026,2,1384263065352015872,Gooma's Family League,9,835046086484799488,kelush,8134,00-0037261,,Khalil Shakir,WR,BUF,0,,6.8,2026-10-10T01:45:15Z
2026,2,1384263065352015872,Gooma's Family League,9,835046086484799488,kelush,8167,00-0038124,,Christian Watson,WR,GB,1,WR,14.1,2026-10-10T01:45:15Z
2026,2,1384263065352015872,Gooma's Family League,9,835046086484799488,kelush,9500,00-0038997,,Josh Downs,WR,IND,0,,14.2,2026-10-10T01:45:15Z
2026,2,1384263065352015872,Gooma's Family League,9,835046086484799488,kelush,9509,00-0038542,,Bijan Robinson,RB,ATL,1,RB,11.1,2026-10-10T01:45:15Z
2026,2,1384263065352015872,Gooma's Family League,9,835046086484799488,kelush,ATL,,,Atlanta Falcons,DEF,ATL,1,DEF,2.0,2026-10-10T01:45:15Z
2026,2,1384263065352015872,Gooma's Family League,10,837511173954961408,msdhusker,10229,00-0039067,,Rashee Rice,WR,KC,1,WR,12.3,2026-10-10T01:45:15Z
2026,2,1384263065352015872,Gooma's Family League,10,837511173954961408,msdhusker,11624,00-0039894,,Xavier Worthy,WR,KC,0,,13.5,2026-10-10T01:45:15Z
2026,2,1384263065352015872,Gooma's Family League,10,837511173954961408,msdhusker,11655,00-0039384,,Tyrone Tracy Jr.,RB,NYG,0,,0.0,2026-10-10T01:45:15Z
2026,2,1384263065352015872,Gooma's Family League,10,837511173954961408,msdhusker,12501,00-0040667,,Matthew Golden,WR,GB,0,,9.8,2026-10-10T01:45:15Z
2026,2,1384263065352015872,Gooma's Family League,10,837511173954961408,msdhusker,12502,00-0040584,,Gunnar Helm,TE,TEN,0,,3.3,2026-10-10T01:45:15Z
2026,2,1384263065352015872,Gooma's Family League,10,837511173954961408,msdhusker,12527,00-0040122,,Ashton Jeanty,RB,LV,1,RB,10.3,2026-10-10T01:45:15Z
2026,2,1384263065352015872,Gooma's Family League,10,837511173954961408,msdhusker,12545,00-0040743,,Tyler Shough,QB,NO,0,,22.38,2026-10-10T01:45:15Z
2026,2,1384263065352015872,Gooma's Family League,10,837511173954961408,msdhusker,3321,,,Tyreek Hill,WR,,0,,0.0,2026-10-10T01:45:15Z
2026,2,1384263065352015872,Gooma's Family League,10,837511173954961408,msdhusker,3451,,,Ka'imi Fairbairn,K,HOU,1,K,6.0,2026-10-10T01:45:15Z
2026,2,1384263065352015872,Gooma's Family League,10,837511173954961408,msdhusker,4037,00-0033921,,Chris Godwin Jr.,WR,TB,1,WR,8.8,2026-10-10T01:45:15Z
2026,2,1384263065352015872,Gooma's Family League,10,837511173954961408,msdhusker,4892,00-0034855,,Baker Mayfield,QB,TB,1,QB,12.18,2026-10-10T01:45:15Z
2026,2,1384263065352015872,Gooma's Family League,10,837511173954961408,msdhusker,5045,00-0034348,,Courtland Sutton,WR,DEN,1,WR,5.5,2026-10-10T01:45:15Z
2026,2,1384263065352015872,Gooma's Family League,10,837511173954961408,msdhusker,6768,00-0036212,,Tua Tagovailoa,QB,ATL,0,,0.0,2026-10-10T01:45:15Z
2026,2,1384263065352015872,Gooma's Family League,10,837511173954961408,msdhusker,6790,00-0036275,,D'Andre Swift,RB,CHI,1,SUPER_FLEX,12.9,2026-10-10T01:45:15Z
2026,2,1384263065352015872,Gooma's Family League,10,837511173954961408,msdhusker,6813,00-0036223,,Jonathan Taylor,RB,IND,1,RB,29.2,2026-10-10T01:45:15Z
2026,2,1384263065352015872,Gooma's Family League,10,837511173954961408,msdhusker,7543,00-0036973,,Travis Etienne,RB,NO,1,FLEX,7.1,2026-10-10T01:45:15Z
2026,2,1384263065352015872,Gooma's Family League,10,837511173954961408,msdhusker,8131,00-0037838,,Isaiah Likely,TE,NYG,1,TE,8.3,2026-10-10T01:45:15Z
2026,2,1384263065352015872,Gooma's Family League,10,837511173954961408,msdhusker,9224,00-0038597,,Chase Brown,RB,CIN,1,FLEX,11.2,2026-10-10T01:45:15Z
2026,2,1384263065352015872,Gooma's Family League,10,837511173954961408,msdhusker,9502,00-0038977,,Tank Dell,WR,HOU,0,,0.0,2026-10-10T01:45:15Z
2026,2,1384263065352015872,Gooma's Family League,10,837511173954961408,msdhusker,JAX,,,Jacksonville Jaguars,DEF,JAX,1,DEF,2.0,2026-10-10T01:45:15Z
2026,2,1384263065352015872,Gooma's Family League,11,1134319815667126272,mtgundlach,11583,00-0039344,,Jonathon Brooks,RB,CAR,1,RB,2.1,2026-10-10T01:45:15Z
2026,2,1384263065352015872,Gooma's Family League,11,1134319815667126272,mtgundlach,11603,00-0039793,,AJ Barner,TE,SEA,0,,7.9,2026-10-10T01:45:15Z
2026,2,1384263065352015872,Gooma's Family League,11,1134319815667126272,mtgundlach,11625,00-0039890,,Adonai Mitchell,WR,NYJ,0,,12.3,2026-10-10T01:45:15Z
2026,2,1384263065352015872,Gooma's Family League,11,1134319815667126272,mtgundlach,11628,00-0039849,,Marvin Harrison Jr.,WR,ARI,1,FLEX,0.0,2026-10-10T01:45:15Z
2026,2,1384263065352015872,Gooma's Family League,11,1134319815667126272,mtgundlach,12713,,,Andy Borregales,K,NE,1,K,8.0,2026-10-10T01:45:15Z
2026,2,1384263065352015872,Gooma's Family League,11,1134319815667126272,mtgundlach,13405,00-0041096,,Kaytron Allen,RB,WAS,0,,2.4,2026-10-10T01:45:15Z
2026,2,1384263065352015872,Gooma's Family League,11,1134319815667126272,mtgundlach,2449,00-0031588,,Stefon Diggs,WR,WAS,1,WR,21.7,2026-10-10T01:45:15Z
2026,2,1384263065352015872,Gooma's Family League,11,1134319815667126272,mtgundlach,3163,00-0033106,,Jared Goff,QB,DET,1,SUPER_FLEX,29.78,2026-10-10T01:45:15Z
2026,2,1384263065352015872,Gooma's Family League,11,1134319815667126272,mtgundlach,3294,00-0033077,,Dak Prescott,QB,DAL,1,QB,29.76,2026-10-10T01:45:15Z
2026,2,1384263065352015872,Gooma's Family League,11,1134319815667126272,mtgundlach,5859,00-0035676,,A.J. Brown,WR,NE,0,,0.0,2026-10-10T01:45:15Z
2026,2,1384263065352015872,Gooma's Family League,11,1134319815667126272,mtgundlach,7547,00-0036963,,Amon-Ra St. Brown,WR,DET,1,WR,35.2,2026-10-10T01:45:15Z
2026,2,1384263065352015872,Gooma's Family League,11,1134319815667126272,mtgundlach,8132,00-0037263,,Tyler Allgeier,RB,ARI,0,,3.9,2026-10-10T01:45:15Z
2026,2,1384263065352015872,Gooma's Family League,11,1134319815667126272,mtgundlach,8136,00-0037256,,Rachaad White,RB,WAS,0,,14.3,2026-10-10T01:45:15Z
2026,2,1384263065352015872,Gooma's Family League,11,1134319815667126272,mtgundlach,8138,00-0037248,,James Cook,RB,BUF,1,RB,20.9,2026-10-10T01:45:15Z
2026,2,1384263065352015872,Gooma's Family League,11,1134319815667126272,mtgundlach,8148,00-0037240,,Jameson Williams,WR,DET,1,FLEX,5.3,2026-10-10T01:45:15Z
2026,2,1384263065352015872,Gooma's Family League,11,1134319815667126272,mtgundlach,9484,00-0038996,,Tucker Kraft,TE,GB,1,TE,3.5,2026-10-10T01:45:15Z
2026,2,1384263065352015872,Gooma's Family League,11,1134319815667126272,mtgundlach,9501,00-0038621,,DeMario Douglas,WR,NE,0,,1.9,2026-10-10T01:45:15Z
2026,2,1384263065352015872,Gooma's Family League,11,1134319815667126272,mtgundlach,9508,00-0039032,,Tyjae Spears,RB,TEN,0,,9.0,2026-10-10T01:45:15Z
2026,2,1384263065352015872,Gooma's Family League,11,1134319815667126272,mtgundlach,96,00-0023459,,Aaron Rodgers,QB,PIT,0,,3.98,2026-10-10T01:45:15Z
2026,2,1384263065352015872,Gooma's Family League,11,1134319815667126272,mtgundlach,9997,00-0039064,,Zay Flowers,WR,BAL,1,WR,0.0,2026-10-10T01:45:15Z
2026,2,1384263065352015872,Gooma's Family League,11,1134319815667126272,mtgundlach,PIT,,,Pittsburgh Steelers,DEF,PIT,1,DEF,10.0,2026-10-10T01:45:15Z
2026,2,1384263065352015872,Gooma's Family League,12,1134611314749513728,wgundlach,12481,00-0040715,,Cam Skattebo,RB,NYG,1,RB,9.5,2026-10-10T01:45:15Z
2026,2,1384263065352015872,Gooma's Family League,12,1134611314749513728,wgundlach,12487,00-0040737,,Terrance Ferguson,TE,LA,0,,17.4,2026-10-10T01:45:15Z
2026,2,1384263065352015872,Gooma's Family League,12,1134611314749513728,wgundlach,12493,00-0040189,,Oronde Gadsden II,TE,LAC,0,,9.8,2026-10-10T01:45:15Z
2026,2,1384263065352015872,Gooma's Family League,12,1134611314749513728,wgundlach,12519,00-0040735,,Luther Burden III,WR,CHI,1,WR,6.2,2026-10-10T01:45:15Z
2026,2,1384263065352015872,Gooma's Family League,12,1134611314749513728,wgundlach,12524,00-0040668,,Shedeur Sanders,QB,CLE,0,,0.0,2026-10-10T01:45:15Z
2026,2,1384263065352015872,Gooma's Family League,12,1134611314749513728,wgundlach,13279,00-0041438,,Carnell Tate,WR,TEN,0,,5.7,2026-10-10T01:45:15Z
2026,2,1384263065352015872,Gooma's Family League,12,1134611314749513728,wgundlach,13287,00-0041027,,Jeremiyah Love,RB,ARI,1,RB,7.5,2026-10-10T01:45:15Z
2026,2,1384263065352015872,Gooma's Family League,12,1134611314749513728,wgundlach,2020,,,Cairo Santos,K,CHI,1,K,4.0,2026-10-10T01:45:15Z
2026,2,1384263065352015872,Gooma's Family League,12,1134611314749513728,wgundlach,2216,00-0031408,,Mike Evans,WR,SF,1,FLEX,8.4,2026-10-10T01:45:15Z
2026,2,1384263065352015872,Gooma's Family League,12,1134611314749513728,wgundlach,5870,00-0035710,,Daniel Jones,QB,IND,1,SUPER_FLEX,11.4,2026-10-10T01:45:15Z
2026,2,1384263065352015872,Gooma's Family League,12,1134611314749513728,wgundlach,7002,00-0036040,,Juwan Johnson,TE,NO,1,TE,10.6,2026-10-10T01:45:15Z
2026,2,1384263065352015872,Gooma's Family League,12,1134611314749513728,wgundlach,8112,00-0037238,,Drake London,WR,ATL,1,WR,8.9,2026-10-10T01:45:15Z
2026,2,1384263065352015872,Gooma's Family League,12,1134611314749513728,wgundlach,8126,00-0038117,,Wan'Dale Robinson,WR,TEN,0,,1.9,2026-10-10T01:45:15Z
2026,2,1384263065352015872,Gooma's Family League,12,1134611314749513728,wgundlach,8151,00-0038134,,Kenneth Walker III,RB,KC,1,FLEX,23.8,2026-10-10T01:45:15Z
2026,2,1384263065352015872,Gooma's Family League,12,1134611314749513728,wgundlach,8154,00-0037746,,Brian Robinson,RB,ATL,0,,8.7,2026-10-10T01:45:15Z
2026,2,1384263065352015872,Gooma's Family League,12,1134611314749513728,wgundlach,9225,00-0038555,,Tank Bigsby,RB,PHI,0,,11.8,2026-10-10T01:45:15Z
2026,2,1384263065352015872,Gooma's Family League,12,1134611314749513728,wgundlach,9493,00-0039075,,Puka Nacua,WR,LA,1,WR,0.0,2026-10-10T01:45:15Z
2026,2,1384263065352015872,Gooma's Family League,12,1134611314749513728,wgundlach,9511,00-0038454,,Keaton Mitchell,RB,LAC,0,,4.9,2026-10-10T01:45:15Z
2026,2,1384263065352015872,Gooma's Family League,12,1134611314749513728,wgundlach,9758,00-0039163,,C.J. Stroud,QB,HOU,1,QB,17.02,2026-10-10T01:45:15Z
2026,2,1384263065352015872,Gooma's Family League,12,1134611314749513728,wgundlach,LAC,,,Los Angeles Chargers,DEF,LAC,1,DEF,5.0,2026-10-10T01:45:15Z
2026,2,704757,Average Joes,1,1,MeloRox1588,11563,00-0039732,4426338,Bo Nix,QB,DEN,0,BN,14.12,2026-10-10T01:45:22Z
2026,2,704757,Average Joes,1,1,MeloRox1588,11581,00-0039811,4429023,MarShawn Lloyd,RB,GB,0,BN,8.6,2026-10-10T01:45:22Z
2026,2,704757,Average Joes,1,1,MeloRox1588,11583,00-0039344,4678008,Jonathon Brooks,RB,CAR,0,BN,2.1,2026-10-10T01:45:22Z
2026,2,704757,Average Joes,1,1,MeloRox1588,11620,00-0039919,4431299,Rome Odunze,WR,CHI,1,FLEX,7.3,2026-10-10T01:45:22Z
2026,2,704757,Average Joes,1,1,MeloRox1588,11631,00-0039893,4432773,Brian Thomas Jr.,WR,JAX,0,BN,7.0,2026-10-10T01:45:22Z
2026,2,704757,Average Joes,1,1,MeloRox1588,12514,00-0040129,4567750,Emeka Egbuka,WR,TB,1,WR,10.3,2026-10-10T01:45:22Z
2026,2,704757,Average Joes,1,1,MeloRox1588,12529,00-0040734,4432710,TreVeyon Henderson,RB,NE,0,BN,13.6,2026-10-10T01:45:22Z
2026,2,704757,Average Joes,1,1,MeloRox1588,4984,00-0034857,3918298,Josh Allen,QB,BUF,1,QB,40.82,2026-10-10T01:45:22Z
2026,2,704757,Average Joes,1,1,MeloRox1588,7526,00-0036613,4372016,Jaylen Waddle,WR,DEN,1,WR,21.8,2026-10-10T01:45:22Z
2026,2,704757,Average Joes,1,1,MeloRox1588,7594,00-0036555,4241416,Chuba Hubbard,RB,CAR,1,RB,14.4,2026-10-10T01:45:22Z
2026,2,704757,Average Joes,1,1,MeloRox1588,8130,00-0037744,4361307,Trey McBride,TE,ARI,1,TE,18.1,2026-10-10T01:45:22Z
2026,2,704757,Average Joes,1,1,MeloRox1588,8131,00-0037838,4361050,Isaiah Likely,TE,NYG,0,BN,8.3,2026-10-10T01:45:22Z
2026,2,704757,Average Joes,1,1,MeloRox1588,9509,00-0038542,4430807,Bijan Robinson,RB,ATL,1,RB,11.1,2026-10-10T01:45:22Z
2026,2,704757,Average Joes,1,1,MeloRox1588,9754,00-0038544,4429025,Quentin Johnston,WR,LAC,0,BN,2.4,2026-10-10T01:45:22Z
2026,2,704757,Average Joes,1,1,MeloRox1588,espn--16025,,-16025,49ers D/ST,DEF,SF,1,DEF,9.0,2026-10-10T01:45:22Z
2026,2,704757,Average Joes,1,1,MeloRox1588,espn-3055899,,3055899,Harrison Butker,K,KC,1,K,16.0,2026-10-10T01:45:22Z
2026,2,704757,Average Joes,4,4,Scarfmyteam,11624,00-0039894,4683062,Xavier Worthy,WR,KC,0,BN,13.5,2026-10-10T01:45:22Z
2026,2,704757,Average Joes,4,4,Scarfmyteam,12474,00-0040583,4429059,Woody Marks,RB,HOU,0,BN,8.5,2026-10-10T01:45:22Z
2026,2,704757,Average Joes,4,4,Scarfmyteam,12508,00-0040691,4689114,Jaxson Dart,QB,NYG,0,BN,0.8,2026-10-10T01:45:22Z
2026,2,704757,Average Joes,4,4,Scarfmyteam,12517,00-0040126,4723086,Colston Loveland,TE,CHI,1,TE,1.3,2026-10-10T01:45:22Z
2026,2,704757,Average Joes,4,4,Scarfmyteam,13279,00-0041438,4871023,Carnell Tate,WR,TEN,1,FLEX,5.7,2026-10-10T01:45:22Z
2026,2,704757,Average Joes,4,4,Scarfmyteam,2133,00-0031381,16800,Davante Adams,WR,LA,1,WR,39.5,2026-10-10T01:45:22Z
2026,2,704757,Average Joes,4,4,Scarfmyteam,2449,00-0031588,2976212,Stefon Diggs,WR,WAS,0,BN,21.7,2026-10-10T01:45:22Z
2026,2,704757,Average Joes,4,4,Scarfmyteam,4034,00-0033280,3117251,Christian McCaffrey,RB,SF,1,RB,22.6,2026-10-10T01:45:22Z
2026,2,704757,Average Joes,4,4,Scarfmyteam,4037,00-0033921,3116165,Chris Godwin Jr.,WR,TB,0,BN,8.8,2026-10-10T01:45:22Z
2026,2,704757,Average Joes,4,4,Scarfmyteam,4881,00-0034796,3916387,Lamar Jackson,QB,BAL,1,QB,14.8,2026-10-10T01:45:22Z
2026,2,704757,Average Joes,4,4,Scarfmyteam,5892,00-0035685,4035538,David Montgomery,RB,HOU,1,RB,4.4,2026-10-10T01:45:22Z
2026,2,704757,Average Joes,4,4,Scarfmyteam,5947,00-0034960,3916433,Jakobi Meyers,WR,JAX,0,BN,3.8,2026-10-10T01:45:22Z
2026,2,704757,Average Joes,4,4,Scarfmyteam,6786,00-0036358,4241389,CeeDee Lamb,WR,DAL,1,WR,35.3,2026-10-10T01:45:22Z
2026,2,704757,Average Joes,4,4,Scarfmyteam,espn--16027,,-16027,Buccaneers D/ST,DEF,TB,1,DEF,4.0,2026-10-10T01:45:22Z
2026,2,704757,Average Joes,4,4,Scarfmyteam,espn--16034,,-16034,Texans D/ST,DEF,HOU,0,BN,7.0,2026-10-10T01:45:22Z
2026,2,704757,Average Joes,4,4,Scarfmyteam,espn-4697745,,4697745,Tyler Loop,K,BAL,1,K,5.0,2026-10-10T01:45:22Z
2026,2,704757,Average Joes,5,5,ESPNFAN8124537231,13286,00-0041512,4685512,Jadarian Price,RB,SEA,0,BN,5.0,2026-10-10T01:45:22Z
2026,2,704757,Average Joes,5,5,ESPNFAN8124537231,1466,00-0030506,15847,Travis Kelce,TE,KC,1,TE,25.1,2026-10-10T01:45:22Z
2026,2,704757,Average Joes,5,5,ESPNFAN8124537231,4046,00-0033873,3139477,Patrick Mahomes,QB,KC,0,BN,28.98,2026-10-10T01:45:22Z
2026,2,704757,Average Joes,5,5,ESPNFAN8124537231,4983,00-0034827,3915416,DJ Moore,WR,BUF,0,BN,-0.1,2026-10-10T01:45:22Z
2026,2,704757,Average Joes,5,5,ESPNFAN8124537231,5012,00-0034753,3116365,Mark Andrews,TE,BAL,0,BN,10.9,2026-10-10T01:45:22Z
2026,2,704757,Average Joes,5,5,ESPNFAN8124537231,6790,00-0036275,4259545,D'Andre Swift,RB,CHI,1,FLEX,12.9,2026-10-10T01:45:22Z
2026,2,704757,Average Joes,5,5,ESPNFAN8124537231,7002,00-0036040,3929645,Juwan Johnson,TE,NO,0,BN,10.6,2026-10-10T01:45:22Z
2026,2,704757,Average Joes,5,5,ESPNFAN8124537231,7523,00-0036971,4360310,Trevor Lawrence,QB,JAX,1,QB,6.16,2026-10-10T01:45:22Z
2026,2,704757,Average Joes,5,5,ESPNFAN8124537231,7547,00-0036963,4374302,Amon-Ra St. Brown,WR,DET,1,WR,35.2,2026-10-10T01:45:22Z
2026,2,704757,Average Joes,5,5,ESPNFAN8124537231,7588,00-0036997,4361579,Javonte Williams,RB,DAL,1,RB,8.0,2026-10-10T01:45:22Z
2026,2,704757,Average Joes,5,5,ESPNFAN8124537231,8144,00-0037239,4361370,Chris Olave,WR,NO,1,WR,22.6,2026-10-10T01:45:22Z
2026,2,704757,Average Joes,5,5,ESPNFAN8124537231,9224,00-0038597,4362238,Chase Brown,RB,CIN,1,RB,11.2,2026-10-10T01:45:22Z
2026,2,704757,Average Joes,5,5,ESPNFAN8124537231,9487,00-0038606,4432620,Parker Washington,WR,JAX,0,BN,16.8,2026-10-10T01:45:22Z
2026,2,704757,Average Joes,5,5,ESPNFAN8124537231,espn--16030,,-16030,Jaguars D/ST,DEF,JAX,0,BN,1.0,2026-10-10T01:45:22Z
2026,2,704757,Average Joes,5,5,ESPNFAN8124537231,espn--16033,,-16033,Ravens D/ST,DEF,BAL,1,DEF,5.0,2026-10-10T01:45:22Z
2026,2,704757,Average Joes,5,5,ESPNFAN8124537231,espn-4362081,,4362081,Cameron Dicker,K,LAC,1,K,1.0,2026-10-10T01:45:22Z
2026,2,704757,Average Joes,8,8,Peibsen,11560,00-0039918,4431611,Caleb Williams,QB,CHI,0,BN,7.72,2026-10-10T01:45:22Z
2026,2,704757,Average Joes,8,8,Peibsen,11584,00-0039361,4596448,Bucky Irving,RB,TB,1,FLEX,13.0,2026-10-10T01:45:22Z
2026,2,704757,Average Joes,8,8,Peibsen,11628,00-0039849,4432708,Marvin Harrison Jr.,WR,ARI,0,BN,0.0,2026-10-10T01:45:22Z
2026,2,704757,Average Joes,8,8,Peibsen,3294,00-0033077,2577417,Dak Prescott,QB,DAL,1,QB,29.76,2026-10-10T01:45:22Z
2026,2,704757,Average Joes,8,8,Peibsen,5022,00-0034351,3121023,Dallas Goedert,TE,PHI,0,BN,1.4,2026-10-10T01:45:22Z
2026,2,704757,Average Joes,8,8,Peibsen,5849,00-0035228,3917315,Kyler Murray,QB,MIN,0,BN,0.0,2026-10-10T01:45:22Z
2026,2,704757,Average Joes,8,8,Peibsen,5859,00-0035676,4047646,A.J. Brown,WR,NE,0,BN,0.0,2026-10-10T01:45:22Z
2026,2,704757,Average Joes,8,8,Peibsen,6813,00-0036223,4242335,Jonathan Taylor,RB,IND,1,RB,29.2,2026-10-10T01:45:22Z
2026,2,704757,Average Joes,8,8,Peibsen,7543,00-0036973,4239996,Travis Etienne,RB,NO,1,RB,7.1,2026-10-10T01:45:22Z
2026,2,704757,Average Joes,8,8,Peibsen,8137,00-0037247,4426354,George Pickens,WR,DAL,1,WR,10.0,2026-10-10T01:45:22Z
2026,2,704757,Average Joes,8,8,Peibsen,8205,00-0037197,4361529,Isiah Pacheco,RB,DET,0,BN,0.0,2026-10-10T01:45:22Z
2026,2,704757,Average Joes,8,8,Peibsen,8408,00-0037525,4360569,Jordan Mason,RB,MIN,0,BN,0.0,2026-10-10T01:45:22Z
2026,2,704757,Average Joes,8,8,Peibsen,9484,00-0038996,4572680,Tucker Kraft,TE,GB,1,TE,3.5,2026-10-10T01:45:22Z
2026,2,704757,Average Joes,8,8,Peibsen,9756,00-0038994,4429205,Jordan Addison,WR,MIN,1,WR,4.1,2026-10-10T01:45:22Z
2026,2,704757,Average Joes,8,8,Peibsen,espn--16007,,-16007,Broncos D/ST,DEF,DEN,1,DEF,9.0,2026-10-10T01:45:22Z
2026,2,704757,Average Joes,8,8,Peibsen,espn-2473037,,2473037,Jason Myers,K,SEA,1,K,7.0,2026-10-10T01:45:22Z
2026,2,704757,Average Joes,10,10,corncuff,11566,00-0039910,4426348,Jayden Daniels,QB,WAS,1,QB,14.74,2026-10-10T01:45:22Z
2026,2,704757,Average Joes,10,10,corncuff,12526,00-0040124,4685472,Tetairoa McMillan,WR,CAR,1,WR,15.1,2026-10-10T01:45:22Z
2026,2,704757,Average Joes,10,10,corncuff,12527,00-0040122,4890973,Ashton Jeanty,RB,LV,1,RB,10.3,2026-10-10T01:45:22Z
2026,2,704757,Average Joes,10,10,corncuff,12530,00-0040718,4685415,Travis Hunter,WR,JAX,0,BN,0.0,2026-10-10T01:45:22Z
2026,2,704757,Average Joes,10,10,corncuff,13287,00-0041027,4870808,Jeremiyah Love,RB,ARI,1,FLEX,7.5,2026-10-10T01:45:22Z
2026,2,704757,Average Joes,10,10,corncuff,13294,00-0040867,4870795,Makai Lemon,WR,PHI,0,BN,1.9,2026-10-10T01:45:22Z
2026,2,704757,Average Joes,10,10,corncuff,13417,00-0041035,4710714,De'Zhaun Stribling,WR,SF,0,IR,0.0,2026-10-10T01:45:22Z
2026,2,704757,Average Joes,10,10,corncuff,2216,00-0031408,16737,Mike Evans,WR,SF,1,WR,8.4,2026-10-10T01:45:22Z
2026,2,704757,Average Joes,10,10,corncuff,6819,00-0036252,4035687,Michael Pittman,WR,PIT,0,BN,0.0,2026-10-10T01:45:22Z
2026,2,704757,Average Joes,10,10,corncuff,7553,00-0036970,4360248,Kyle Pitts,TE,ATL,1,TE,2.5,2026-10-10T01:45:22Z
2026,2,704757,Average Joes,10,10,corncuff,7571,00-0036550,4360939,Rashod Bateman,WR,BAL,0,BN,21.8,2026-10-10T01:45:22Z
2026,2,704757,Average Joes,10,10,corncuff,8136,00-0037256,4697815,Rachaad White,RB,WAS,0,BN,14.3,2026-10-10T01:45:22Z
2026,2,704757,Average Joes,10,10,corncuff,9221,00-0039139,4429795,Jahmyr Gibbs,RB,DET,1,RB,23.3,2026-10-10T01:45:22Z
2026,2,704757,Average Joes,10,10,corncuff,9500,00-0038997,4688813,Josh Downs,WR,IND,0,BN,14.2,2026-10-10T01:45:22Z
2026,2,704757,Average Joes,10,10,corncuff,9997,00-0039064,4429615,Zay Flowers,WR,BAL,0,BN,0.0,2026-10-10T01:45:22Z
2026,2,704757,Average Joes,10,10,corncuff,espn--16005,,-16005,Browns D/ST,DEF,CLE,1,DEF,5.0,2026-10-10T01:45:22Z
2026,2,704757,Average Joes,10,10,corncuff,espn-17427,,17427,Cairo Santos,K,CHI,1,K,4.0,2026-10-10T01:45:22Z
2026,2,704757,Average Joes,13,13,Craig McCloskey,10232,00-0038559,4360761,Michael Wilson,WR,ARI,0,BN,3.8,2026-10-10T01:45:22Z
2026,2,704757,Average Joes,13,13,Craig McCloskey,11632,00-0039337,4595348,Malik Nabers,WR,NYG,1,FLEX,1.1,2026-10-10T01:45:22Z
2026,2,704757,Average Joes,13,13,Craig McCloskey,12489,00-0040730,4568490,RJ Harvey,RB,DEN,0,BN,0.0,2026-10-10T01:45:22Z
2026,2,704757,Average Joes,13,13,Craig McCloskey,12490,00-0040719,4882093,Bhayshul Tuten,RB,JAX,0,BN,14.2,2026-10-10T01:45:22Z
2026,2,704757,Average Joes,13,13,Craig McCloskey,12518,00-0040128,4431459,Tyler Warren,TE,IND,1,TE,14.4,2026-10-10T01:45:22Z
2026,2,704757,Average Joes,13,13,Craig McCloskey,12519,00-0040735,4685278,Luther Burden III,WR,CHI,1,WR,6.2,2026-10-10T01:45:22Z
2026,2,704757,Average Joes,13,13,Craig McCloskey,12545,00-0040743,4360689,Tyler Shough,QB,NO,0,BN,22.38,2026-10-10T01:45:22Z
2026,2,704757,Average Joes,13,13,Craig McCloskey,4866,00-0034844,3929630,Saquon Barkley,RB,PHI,1,RB,3.0,2026-10-10T01:45:22Z
2026,2,704757,Average Joes,13,13,Craig McCloskey,6797,00-0036355,4038941,Justin Herbert,QB,LAC,1,QB,7.88,2026-10-10T01:45:22Z
2026,2,704757,Average Joes,13,13,Craig McCloskey,7567,00-0036919,4371733,Kenny Gainwell,RB,TB,0,BN,4.5,2026-10-10T01:45:22Z
2026,2,704757,Average Joes,13,13,Craig McCloskey,8110,00-0038041,4242355,Jake Ferguson,TE,DAL,0,BN,20.3,2026-10-10T01:45:22Z
2026,2,704757,Average Joes,13,13,Craig McCloskey,8146,00-0037740,4569618,Garrett Wilson,WR,NYJ,1,WR,16.7,2026-10-10T01:45:22Z
2026,2,704757,Average Joes,13,13,Craig McCloskey,9226,00-0039040,4429160,De'Von Achane,RB,MIA,1,RB,12.3,2026-10-10T01:45:22Z
2026,2,704757,Average Joes,13,13,Craig McCloskey,9502,00-0038977,4366031,Tank Dell,WR,HOU,0,BN,0.0,2026-10-10T01:45:22Z
2026,2,704757,Average Joes,13,13,Craig McCloskey,espn--16023,,-16023,Steelers D/ST,DEF,PIT,1,DEF,8.0,2026-10-10T01:45:22Z
2026,2,704757,Average Joes,13,13,Craig McCloskey,espn-4689936,,4689936,Jake Bates,K,DET,1,K,7.0,2026-10-10T01:45:22Z
2026,2,704757,Average Joes,14,14,Nativity scene,10859,00-0039065,4430027,Sam LaPorta,TE,DET,1,TE,17.2,2026-10-10T01:45:22Z
2026,2,704757,Average Joes,14,14,Nativity scene,11564,00-0039851,4431452,Drake Maye,QB,NE,1,QB,8.02,2026-10-10T01:45:22Z
2026,2,704757,Average Joes,14,14,Nativity scene,11646,00-0039491,4695883,Jalen Coker,WR,CAR,0,BN,14.6,2026-10-10T01:45:22Z
2026,2,704757,Average Joes,14,14,Nativity scene,12534,00-0040236,4608686,Kyle Monangai,RB,CHI,0,BN,7.8,2026-10-10T01:45:22Z
2026,2,704757,Average Joes,14,14,Nativity scene,13414,00-0041052,4696044,Kaelon Black,RB,SF,0,BN,2.5,2026-10-10T01:45:22Z
2026,2,704757,Average Joes,14,14,Nativity scene,4199,00-0033293,3042519,Aaron Jones,RB,MIN,1,FLEX,10.5,2026-10-10T01:45:22Z
2026,2,704757,Average Joes,14,14,Nativity scene,7021,00-0036139,4038815,Rico Dowdle,RB,PIT,0,BN,6.4,2026-10-10T01:45:22Z
2026,2,704757,Average Joes,14,14,Nativity scene,7569,00-0036554,4258173,Nico Collins,WR,HOU,0,BN,0.0,2026-10-10T01:45:22Z
2026,2,704757,Average Joes,14,14,Nativity scene,7611,00-0036875,4569173,Rhamondre Stevenson,RB,NE,1,RB,3.6,2026-10-10T01:45:22Z
2026,2,704757,Average Joes,14,14,Nativity scene,8112,00-0037238,4426502,Drake London,WR,ATL,1,WR,8.9,2026-10-10T01:45:22Z
2026,2,704757,Average Joes,14,14,Nativity scene,8134,00-0037261,4373678,Khalil Shakir,WR,BUF,1,WR,6.8,2026-10-10T01:45:22Z
2026,2,704757,Average Joes,14,14,Nativity scene,8142,00-0037664,4360078,Alec Pierce,WR,IND,0,BN,2.1,2026-10-10T01:45:22Z
2026,2,704757,Average Joes,14,14,Nativity scene,8155,00-0038120,4427366,Breece Hall,RB,NYJ,1,RB,14.2,2026-10-10T01:45:22Z
2026,2,704757,Average Joes,14,14,Nativity scene,9493,00-0039075,4426515,Puka Nacua,WR,LA,0,BN,0.0,2026-10-10T01:45:22Z
2026,2,704757,Average Joes,14,14,Nativity scene,9753,00-0039165,4426385,Zach Charbonnet,RB,SEA,0,IR,0.0,2026-10-10T01:45:22Z
2026,2,704757,Average Joes,14,14,Nativity scene,espn--16021,,-16021,Eagles D/ST,DEF,PHI,1,DEF,4.0,2026-10-10T01:45:22Z
2026,2,704757,Average Joes,14,14,Nativity scene,espn-3953687,,3953687,Brandon Aubrey,K,DAL,1,K,16.0,2026-10-10T01:45:22Z
2026,2,704757,Average Joes,15,15,coroxbro10,10222,00-0039146,4362249,Jayden Reed,WR,GB,0,BN,1.4,2026-10-10T01:45:22Z
2026,2,704757,Average Joes,15,15,coroxbro10,10229,00-0039067,4428331,Rashee Rice,WR,KC,1,WR,12.3,2026-10-10T01:45:22Z
2026,2,704757,Average Joes,15,15,coroxbro10,10236,00-0038933,4385690,Dalton Kincaid,TE,BUF,0,BN,22.5,2026-10-10T01:45:22Z
2026,2,704757,Average Joes,15,15,coroxbro10,12481,00-0040715,4696981,Cam Skattebo,RB,NYG,1,RB,9.5,2026-10-10T01:45:22Z
2026,2,704757,Average Joes,15,15,coroxbro10,12512,00-0040784,4685702,Quinshon Judkins,RB,CLE,0,BN,9.8,2026-10-10T01:45:22Z
2026,2,704757,Average Joes,15,15,coroxbro10,421,00-0026498,12483,Matthew Stafford,QB,LA,1,QB,26.98,2026-10-10T01:45:22Z
2026,2,704757,Average Joes,15,15,coroxbro10,4217,00-0033288,3040151,George Kittle,TE,SF,1,TE,18.0,2026-10-10T01:45:22Z
2026,2,704757,Average Joes,15,15,coroxbro10,5846,00-0035640,4047650,DK Metcalf,WR,PIT,0,BN,6.7,2026-10-10T01:45:22Z
2026,2,704757,Average Joes,15,15,coroxbro10,5850,00-0035700,4047365,Josh Jacobs,RB,GB,0,BN,0.0,2026-10-10T01:45:22Z
2026,2,704757,Average Joes,15,15,coroxbro10,5872,00-0035719,3126486,Deebo Samuel Sr.,WR,SF,1,FLEX,6.5,2026-10-10T01:45:22Z
2026,2,704757,Average Joes,15,15,coroxbro10,6794,00-0036322,4262921,Justin Jefferson,WR,MIN,1,WR,8.5,2026-10-10T01:45:22Z
2026,2,704757,Average Joes,15,15,coroxbro10,6806,00-0036158,4241985,J.K. Dobbins,RB,DEN,0,BN,3.6,2026-10-10T01:45:22Z
2026,2,704757,Average Joes,15,15,coroxbro10,8138,00-0037248,4379399,James Cook,RB,BUF,1,RB,20.9,2026-10-10T01:45:22Z
2026,2,704757,Average Joes,15,15,coroxbro10,8148,00-0037240,4426388,Jameson Williams,WR,DET,0,BN,5.3,2026-10-10T01:45:22Z
2026,2,704757,Average Joes,15,15,coroxbro10,espn--16026,,-16026,Seahawks D/ST,DEF,SEA,1,DEF,10.0,2026-10-10T01:45:22Z
2026,2,704757,Average Joes,15,15,coroxbro10,espn-4686361,,4686361,Cam Little,K,JAX,1,K,7.0,2026-10-10T01:45:22Z
2026,2,704757,Average Joes,16,16,espn90036700,11586,00-0039738,4429096,Blake Corum,RB,LA,0,BN,10.2,2026-10-10T01:45:22Z
2026,2,704757,Average Joes,16,16,espn90036700,11618,00-0039855,4430834,Jalen McMillan,WR,TB,0,BN,0.0,2026-10-10T01:45:22Z
2026,2,704757,Average Joes,16,16,espn90036700,12506,00-0040663,5083076,Harold Fannin Jr.,TE,CLE,1,TE,10.4,2026-10-10T01:45:22Z
2026,2,704757,Average Joes,16,16,espn90036700,3198,00-0032764,3043078,Derrick Henry,RB,BAL,1,RB,17.7,2026-10-10T01:45:22Z
2026,2,704757,Average Joes,16,16,espn90036700,6770,00-0036442,3915511,Joe Burrow,QB,CIN,0,BN,16.18,2026-10-10T01:45:22Z
2026,2,704757,Average Joes,16,16,espn90036700,6801,00-0036410,4239993,Tee Higgins,WR,CIN,0,BN,14.5,2026-10-10T01:45:22Z
2026,2,704757,Average Joes,16,16,espn90036700,7525,00-0036912,4241478,DeVonta Smith,WR,PHI,1,WR,27.7,2026-10-10T01:45:22Z
2026,2,704757,Average Joes,16,16,espn90036700,8121,00-0037816,4361432,Romeo Doubs,WR,NE,0,BN,12.6,2026-10-10T01:45:22Z
2026,2,704757,Average Joes,16,16,espn90036700,8151,00-0038134,4567048,Kenneth Walker III,RB,KC,1,RB,23.8,2026-10-10T01:45:22Z
2026,2,704757,Average Joes,16,16,espn90036700,8167,00-0038124,4248528,Christian Watson,WR,GB,1,WR,14.1,2026-10-10T01:45:22Z
2026,2,704757,Average Joes,16,16,espn90036700,8183,00-0037834,4361741,Brock Purdy,QB,SF,1,QB,28.48,2026-10-10T01:45:22Z
2026,2,704757,Average Joes,16,16,espn90036700,8228,00-0037228,4569987,Jaylen Warren,RB,PIT,0,BN,9.7,2026-10-10T01:45:22Z
2026,2,704757,Average Joes,16,16,espn90036700,9480,00-0038935,4430539,Brenton Strange,TE,JAX,0,BN,3.7,2026-10-10T01:45:22Z
2026,2,704757,Average Joes,16,16,espn90036700,9488,00-0038543,4430878,Jaxon Smith-Njigba,WR,SEA,1,FLEX,42.5,2026-10-10T01:45:22Z
2026,2,704757,Average Joes,16,16,espn90036700,espn--16014,,-16014,Rams D/ST,DEF,LA,1,DEF,11.0,2026-10-10T01:45:22Z
2026,2,704757,Average Joes,16,16,espn90036700,espn-2971573,,2971573,Ka'imi Fairbairn,K,HOU,1,K,6.0,2026-10-10T01:45:22Z
2026,2,704757,Average Joes,17,17,kmccloskey,11604,00-0039338,4432665,Brock Bowers,TE,LV,0,BN,0.0,2026-10-10T01:45:22Z
2026,2,704757,Average Joes,17,17,kmccloskey,11635,00-0039915,4612826,Ladd McConkey,WR,LAC,1,WR,6.5,2026-10-10T01:45:22Z
2026,2,704757,Average Joes,17,17,kmccloskey,12501,00-0040667,4701936,Matthew Golden,WR,GB,0,BN,9.8,2026-10-10T01:45:22Z
2026,2,704757,Average Joes,17,17,kmccloskey,12507,00-0040666,4685382,Omarion Hampton,RB,LAC,1,RB,17.5,2026-10-10T01:45:22Z
2026,2,704757,Average Joes,17,17,kmccloskey,12533,00-0040242,4575131,Jacory Croskey-Merritt,RB,WAS,0,BN,5.8,2026-10-10T01:45:22Z
2026,2,704757,Average Joes,17,17,kmccloskey,3163,00-0033106,3046779,Jared Goff,QB,DET,0,BN,29.78,2026-10-10T01:45:22Z
2026,2,704757,Average Joes,17,17,kmccloskey,5045,00-0034348,3128429,Courtland Sutton,WR,DEN,0,BN,5.5,2026-10-10T01:45:22Z
2026,2,704757,Average Joes,17,17,kmccloskey,5844,00-0035229,4036133,T.J. Hockenson,TE,MIN,1,TE,5.9,2026-10-10T01:45:22Z
2026,2,704757,Average Joes,17,17,kmccloskey,5927,00-0035659,3121422,Terry McLaurin,WR,WAS,1,FLEX,7.0,2026-10-10T01:45:22Z
2026,2,704757,Average Joes,17,17,kmccloskey,5967,00-0035261,3916148,Tony Pollard,RB,TEN,0,BN,7.5,2026-10-10T01:45:22Z
2026,2,704757,Average Joes,17,17,kmccloskey,6904,00-0036389,4040715,Jalen Hurts,QB,PHI,1,QB,16.16,2026-10-10T01:45:22Z
2026,2,704757,Average Joes,17,17,kmccloskey,7564,00-0036900,4362628,Ja'Marr Chase,WR,CIN,1,WR,26.5,2026-10-10T01:45:22Z
2026,2,704757,Average Joes,17,17,kmccloskey,8126,00-0038117,4569587,Wan'Dale Robinson,WR,TEN,0,BN,1.9,2026-10-10T01:45:22Z
2026,2,704757,Average Joes,17,17,kmccloskey,8150,00-0037840,4430737,Kyren Williams,RB,LA,1,RB,15.7,2026-10-10T01:45:22Z
2026,2,704757,Average Joes,17,17,kmccloskey,espn--16008,,-16008,Lions D/ST,DEF,DET,1,DEF,-4.0,2026-10-10T01:45:22Z
2026,2,704757,Average Joes,17,17,kmccloskey,espn-4574716,,4574716,Harrison Mevis,K,LA,1,K,3.0,2026-10-10T01:45:22Z
2026,3,1312585008447262720,Where You At?,1,473346537234100224,MrMasculinity,10236,00-0038933,,Dalton Kincaid,TE,BUF,1,TE,2.8,2026-10-10T01:45:16Z
2026,3,1312585008447262720,Where You At?,1,473346537234100224,MrMasculinity,1052,,,Demario Davis,LB,NYJ,0,,15.5,2026-10-10T01:45:16Z
2026,3,1312585008447262720,Where You At?,1,473346537234100224,MrMasculinity,11563,00-0039732,,Bo Nix,QB,DEN,0,,24.14,2026-10-10T01:45:16Z
2026,3,1312585008447262720,Where You At?,1,473346537234100224,MrMasculinity,11687,,,Edgerrin Cooper,LB,GB,1,LB,6.0,2026-10-10T01:45:16Z
2026,3,1312585008447262720,Where You At?,1,473346537234100224,MrMasculinity,12502,00-0040584,,Gunnar Helm,TE,TEN,0,,2.4,2026-10-10T01:45:16Z
2026,3,1312585008447262720,Where You At?,1,473346537234100224,MrMasculinity,12508,00-0040691,,Jaxson Dart,QB,NYG,0,,0.0,2026-10-10T01:45:16Z
2026,3,1312585008447262720,Where You At?,1,473346537234100224,MrMasculinity,13274,00-0041489,,Germie Bernard,WR,PIT,0,,1.9,2026-10-10T01:45:16Z
2026,3,1312585008447262720,Where You At?,1,473346537234100224,MrMasculinity,13337,00-0041013,,Emmett Johnson,RB,KC,0,,1.7,2026-10-10T01:45:16Z
2026,3,1312585008447262720,Where You At?,1,473346537234100224,MrMasculinity,13377,,,Arvell Reese,LB,NYG,1,DL,14.5,2026-10-10T01:45:16Z
2026,3,1312585008447262720,Where You At?,1,473346537234100224,MrMasculinity,2020,,,Cairo Santos,K,CHI,1,K,10.0,2026-10-10T01:45:16Z
2026,3,1312585008447262720,Where You At?,1,473346537234100224,MrMasculinity,3294,00-0033077,,Dak Prescott,QB,DAL,0,,18.94,2026-10-10T01:45:16Z
2026,3,1312585008447262720,Where You At?,1,473346537234100224,MrMasculinity,4037,00-0033921,,Chris Godwin Jr.,WR,TB,0,,4.0,2026-10-10T01:45:16Z
2026,3,1312585008447262720,Where You At?,1,473346537234100224,MrMasculinity,4081,,,Budda Baker,DB,ARI,1,DB,2.5,2026-10-10T01:45:16Z
2026,3,1312585008447262720,Where You At?,1,473346537234100224,MrMasculinity,4199,00-0033293,,Aaron Jones,RB,MIN,0,,11.7,2026-10-10T01:45:16Z
2026,3,1312585008447262720,Where You At?,1,473346537234100224,MrMasculinity,5001,00-0034383,,Dalton Schultz,TE,HOU,0,,4.5,2026-10-10T01:45:16Z
2026,3,1312585008447262720,Where You At?,1,473346537234100224,MrMasculinity,5041,,,Fred Warner,LB,SF,0,,15.0,2026-10-10T01:45:16Z
2026,3,1312585008447262720,Where You At?,1,473346537234100224,MrMasculinity,5297,,,Zach Sieler,DT,MIA,1,DL,5.5,2026-10-10T01:45:16Z
2026,3,1312585008447262720,Where You At?,1,473346537234100224,MrMasculinity,5332,,,Foyesade Oluokun,LB,JAX,0,,6.0,2026-10-10T01:45:16Z
2026,3,1312585008447262720,Where You At?,1,473346537234100224,MrMasculinity,5841,,,Ed Oliver,DT,BUF,0,,4.0,2026-10-10T01:45:16Z
2026,3,1312585008447262720,Where You At?,1,473346537234100224,MrMasculinity,5872,00-0035719,,Deebo Samuel Sr.,WR,SF,1,WR,15.4,2026-10-10T01:45:16Z
2026,3,1312585008447262720,Where You At?,1,473346537234100224,MrMasculinity,5892,00-0035685,,David Montgomery,RB,HOU,1,RB,5.8,2026-10-10T01:45:16Z
2026,3,1312585008447262720,Where You At?,1,473346537234100224,MrMasculinity,5927,00-0035659,,Terry McLaurin,WR,WAS,0,,16.7,2026-10-10T01:45:16Z
2026,3,1312585008447262720,Where You At?,1,473346537234100224,MrMasculinity,6650,,,Chase McLaughlin,K,TB,0,,12.0,2026-10-10T01:45:16Z
2026,3,1312585008447262720,Where You At?,1,473346537234100224,MrMasculinity,6790,00-0036275,,D'Andre Swift,RB,CHI,1,FLEX,9.8,2026-10-10T01:45:16Z
2026,3,1312585008447262720,Where You At?,1,473346537234100224,MrMasculinity,7523,00-0036971,,Trevor Lawrence,QB,JAX,0,,19.78,2026-10-10T01:45:16Z
2026,3,1312585008447262720,Where You At?,1,473346537234100224,MrMasculinity,7553,00-0036970,,Kyle Pitts,TE,ATL,0,,1.0,2026-10-10T01:45:16Z
2026,3,1312585008447262720,Where You At?,1,473346537234100224,MrMasculinity,7571,00-0036550,,Rashod Bateman,WR,BAL,0,,4.7,2026-10-10T01:45:16Z
2026,3,1312585008447262720,Where You At?,1,473346537234100224,MrMasculinity,8151,00-0038134,,Kenneth Walker III,RB,KC,1,RB,20.3,2026-10-10T01:45:16Z
2026,3,1312585008447262720,Where You At?,1,473346537234100224,MrMasculinity,8183,00-0037834,,Brock Purdy,QB,SF,1,QB,31.28,2026-10-10T01:45:16Z
2026,3,1312585008447262720,Where You At?,1,473346537234100224,MrMasculinity,8266,,,Quay Walker,LB,LV,0,,7.0,2026-10-10T01:45:16Z
2026,3,1312585008447262720,Where You At?,1,473346537234100224,MrMasculinity,8392,,,Nick Cross,DB,WAS,0,,0.0,2026-10-10T01:45:16Z
2026,3,1312585008447262720,Where You At?,1,473346537234100224,MrMasculinity,9480,00-0038935,,Brenton Strange,TE,JAX,0,,4.7,2026-10-10T01:45:16Z
2026,3,1312585008447262720,Where You At?,1,473346537234100224,MrMasculinity,9487,00-0038606,,Parker Washington,WR,JAX,1,WR,11.5,2026-10-10T01:45:16Z
2026,3,1312585008447262720,Where You At?,1,473346537234100224,MrMasculinity,9488,00-0038543,,Jaxon Smith-Njigba,WR,SEA,1,WR,30.36,2026-10-10T01:45:16Z
2026,3,1312585008447262720,Where You At?,2,306149492955049984,FYFSimon,10235,00-0039021,,Roschon Johnson,RB,CHI,0,,0.0,2026-10-10T01:45:16Z
2026,3,1312585008447262720,Where You At?,2,306149492955049984,FYFSimon,10859,00-0039065,,Sam LaPorta,TE,DET,1,TE,5.9,2026-10-10T01:45:16Z
2026,3,1312585008447262720,Where You At?,2,306149492955049984,FYFSimon,10905,,,Brian Branch,DB,DET,0,,0.0,2026-10-10T01:45:16Z
2026,3,1312585008447262720,Where You At?,2,306149492955049984,FYFSimon,11565,00-0039923,,J.J. McCarthy,QB,NYG,0,,0.0,2026-10-10T01:45:16Z
2026,3,1312585008447262720,Where You At?,2,306149492955049984,FYFSimon,11584,00-0039361,,Bucky Irving,RB,TB,0,,6.8,2026-10-10T01:45:16Z
2026,3,1312585008447262720,Where You At?,2,306149492955049984,FYFSimon,11586,00-0039738,,Blake Corum,RB,LA,0,,2.5,2026-10-10T01:45:16Z
2026,3,1312585008447262720,Where You At?,2,306149492955049984,FYFSimon,11705,,,Tykee Smith,DB,TB,1,DB,4.0,2026-10-10T01:45:16Z
2026,3,1312585008447262720,Where You At?,2,306149492955049984,FYFSimon,11786,,,Cam Little,K,JAX,1,K,4.0,2026-10-10T01:45:16Z
2026,3,1312585008447262720,Where You At?,2,306149492955049984,FYFSimon,12476,00-0040202,,Devin Neal,RB,MIN,0,,0.0,2026-10-10T01:45:16Z
2026,3,1312585008447262720,Where You At?,2,306149492955049984,FYFSimon,12512,00-0040784,,Quinshon Judkins,RB,CLE,1,FLEX,8.9,2026-10-10T01:45:16Z
2026,3,1312585008447262720,Where You At?,2,306149492955049984,FYFSimon,12522,00-0040676,,Cam Ward,QB,TEN,0,,9.44,2026-10-10T01:45:16Z
2026,3,1312585008447262720,Where You At?,2,306149492955049984,FYFSimon,12578,,,Carson Schwesinger,LB,CLE,1,LB,3.5,2026-10-10T01:45:16Z
2026,3,1312585008447262720,Where You At?,2,306149492955049984,FYFSimon,13294,00-0040867,,Makai Lemon,WR,PHI,0,,5.4,2026-10-10T01:45:16Z
2026,3,1312585008447262720,Where You At?,2,306149492955049984,FYFSimon,13345,00-0041496,,Jonah Coleman,RB,DEN,0,,0.0,2026-10-10T01:45:16Z
2026,3,1312585008447262720,Where You At?,2,306149492955049984,FYFSimon,2216,00-0031408,,Mike Evans,WR,SF,1,WR,10.9,2026-10-10T01:45:16Z
2026,3,1312585008447262720,Where You At?,2,306149492955049984,FYFSimon,2449,00-0031588,,Stefon Diggs,WR,WAS,0,,5.3,2026-10-10T01:45:16Z
2026,3,1312585008447262720,Where You At?,2,306149492955049984,FYFSimon,421,00-0026498,,Matthew Stafford,QB,LA,0,,20.9,2026-10-10T01:45:16Z
2026,3,1312585008447262720,Where You At?,2,306149492955049984,FYFSimon,4217,00-0033288,,George Kittle,TE,SF,0,,23.2,2026-10-10T01:45:16Z
2026,3,1312585008447262720,Where You At?,2,306149492955049984,FYFSimon,4983,00-0034827,,DJ Moore,WR,BUF,0,,10.7,2026-10-10T01:45:16Z
2026,3,1312585008447262720,Where You At?,2,306149492955049984,FYFSimon,4984,00-0034857,,Josh Allen,QB,BUF,1,QB,16.96,2026-10-10T01:45:16Z
2026,3,1312585008447262720,Where You At?,2,306149492955049984,FYFSimon,6183,,,Andrew Van Ginkel,LB,MIN,1,DL,12.5,2026-10-10T01:45:16Z
2026,3,1312585008447262720,Where You At?,2,306149492955049984,FYFSimon,6768,00-0036212,,Tua Tagovailoa,QB,ATL,0,,0.0,2026-10-10T01:45:16Z
2026,3,1312585008447262720,Where You At?,2,306149492955049984,FYFSimon,6786,00-0036358,,CeeDee Lamb,WR,DAL,1,WR,16.7,2026-10-10T01:45:16Z
2026,3,1312585008447262720,Where You At?,2,306149492955049984,FYFSimon,6865,00-0036244,,Colby Parkinson,TE,LA,0,,0.0,2026-10-10T01:45:16Z
2026,3,1312585008447262720,Where You At?,2,306149492955049984,FYFSimon,7002,00-0036040,,Juwan Johnson,TE,NO,0,,24.3,2026-10-10T01:45:16Z
2026,3,1312585008447262720,Where You At?,2,306149492955049984,FYFSimon,7021,00-0036139,,Rico Dowdle,RB,PIT,0,,0.0,2026-10-10T01:45:16Z
2026,3,1312585008447262720,Where You At?,2,306149492955049984,FYFSimon,7588,00-0036997,,Javonte Williams,RB,DAL,1,RB,17.3,2026-10-10T01:45:16Z
2026,3,1312585008447262720,Where You At?,2,306149492955049984,FYFSimon,7627,,,Greg Rousseau,DE,BUF,1,DL,25.5,2026-10-10T01:45:16Z
2026,3,1312585008447262720,Where You At?,2,306149492955049984,FYFSimon,7640,,,Micah Parsons,LB,GB,0,,0.0,2026-10-10T01:45:16Z
2026,3,1312585008447262720,Where You At?,2,306149492955049984,FYFSimon,7839,,,Evan McPherson,K,CIN,0,,11.0,2026-10-10T01:45:16Z
2026,3,1312585008447262720,Where You At?,2,306149492955049984,FYFSimon,8142,00-0037664,,Alec Pierce,WR,IND,0,,0.0,2026-10-10T01:45:16Z
2026,3,1312585008447262720,Where You At?,2,306149492955049984,FYFSimon,8148,00-0037240,,Jameson Williams,WR,DET,1,WR,6.9,2026-10-10T01:45:16Z
2026,3,1312585008447262720,Where You At?,2,306149492955049984,FYFSimon,8150,00-0037840,,Kyren Williams,RB,LA,1,RB,18.8,2026-10-10T01:45:16Z
2026,3,1312585008447262720,Where You At?,2,306149492955049984,FYFSimon,8188,00-0038104,,Tyquan Thornton,WR,KC,0,,3.2,2026-10-10T01:45:16Z
2026,3,1312585008447262720,Where You At?,2,306149492955049984,FYFSimon,8385,,,George Karlaftis,DL,KC,0,,11.5,2026-10-10T01:45:16Z
2026,3,1312585008447262720,Where You At?,2,306149492955049984,FYFSimon,8408,00-0037525,,Jordan Mason,RB,MIN,0,,0.0,2026-10-10T01:45:16Z
2026,3,1312585008447262720,Where You At?,2,306149492955049984,FYFSimon,9500,00-0038997,,Josh Downs,WR,IND,0,,10.2,2026-10-10T01:45:16Z
2026,3,1312585008447262720,Where You At?,2,306149492955049984,FYFSimon,9753,00-0039165,,Zach Charbonnet,RB,SEA,0,,0.0,2026-10-10T01:45:16Z
2026,3,1312585008447262720,Where You At?,3,735940870234345472,zacquem,10222,00-0039146,,Jayden Reed,WR,GB,0,,0.0,2026-10-10T01:45:16Z
2026,3,1312585008447262720,Where You At?,3,735940870234345472,zacquem,10880,,,Jack Campbell,LB,DET,1,LB,7.0,2026-10-10T01:45:16Z
2026,3,1312585008447262720,Where You At?,3,735940870234345472,zacquem,10888,,,Jalen Carter,DL,PHI,0,,4.5,2026-10-10T01:45:16Z
2026,3,1312585008447262720,Where You At?,3,735940870234345472,zacquem,10891,,,Devon Witherspoon,DB,SEA,0,,5.5,2026-10-10T01:45:16Z
2026,3,1312585008447262720,Where You At?,3,735940870234345472,zacquem,10940,,,Nick Herbig,LB,PIT,0,,1.0,2026-10-10T01:45:16Z
2026,3,1312585008447262720,Where You At?,3,735940870234345472,zacquem,11559,00-0039917,,Michael Penix Jr.,QB,ATL,0,,14.04,2026-10-10T01:45:16Z
2026,3,1312585008447262720,Where You At?,3,735940870234345472,zacquem,11583,00-0039344,,Jonathon Brooks,RB,CAR,0,,0.0,2026-10-10T01:45:16Z
2026,3,1312585008447262720,Where You At?,3,735940870234345472,zacquem,11628,00-0039849,,Marvin Harrison Jr.,WR,ARI,0,,5.5,2026-10-10T01:45:16Z
2026,3,1312585008447262720,Where You At?,3,735940870234345472,zacquem,11678,,,Cooper DeJean,DB,PHI,0,,5.5,2026-10-10T01:45:16Z
2026,3,1312585008447262720,Where You At?,3,735940870234345472,zacquem,12498,00-0040736,,Mason Taylor,TE,NYJ,0,,0.0,2026-10-10T01:45:16Z
2026,3,1312585008447262720,Where You At?,3,735940870234345472,zacquem,12518,00-0040128,,Tyler Warren,TE,IND,1,TE,10.2,2026-10-10T01:45:16Z
2026,3,1312585008447262720,Where You At?,3,735940870234345472,zacquem,12526,00-0040124,,Tetairoa McMillan,WR,CAR,1,WR,2.7,2026-10-10T01:45:16Z
2026,3,1312585008447262720,Where You At?,3,735940870234345472,zacquem,13279,00-0041438,,Carnell Tate,WR,TEN,1,FLEX,8.8,2026-10-10T01:45:16Z
2026,3,1312585008447262720,Where You At?,3,735940870234345472,zacquem,13349,00-0041483,,Eli Stowers,TE,PHI,0,,0.0,2026-10-10T01:45:16Z
2026,3,1312585008447262720,Where You At?,3,735940870234345472,zacquem,13371,,,Dillon Thieneman,DB,CHI,1,DB,12.0,2026-10-10T01:45:16Z
2026,3,1312585008447262720,Where You At?,3,735940870234345472,zacquem,13375,,,Sonny Styles,LB,WAS,0,,17.5,2026-10-10T01:45:16Z
2026,3,1312585008447262720,Where You At?,3,735940870234345472,zacquem,4032,,,Jonathan Allen,DT,CIN,0,,3.5,2026-10-10T01:45:16Z
2026,3,1312585008447262720,Where You At?,3,735940870234345472,zacquem,4066,00-0033881,,Evan Engram,TE,DEN,0,,0.0,2026-10-10T01:45:16Z
2026,3,1312585008447262720,Where You At?,3,735940870234345472,zacquem,4195,,,Jake Elliott,K,PHI,1,K,1.0,2026-10-10T01:45:16Z
2026,3,1312585008447262720,Where You At?,3,735940870234345472,zacquem,4943,00-0034869,,Sam Darnold,QB,SEA,0,,27.66,2026-10-10T01:45:16Z
2026,3,1312585008447262720,Where You At?,3,735940870234345472,zacquem,5862,,,Brian Burns,DE,NYG,1,DL,1.0,2026-10-10T01:45:16Z
2026,3,1312585008447262720,Where You At?,3,735940870234345472,zacquem,5912,,,Carl Granderson,DE,NO,1,DL,2.5,2026-10-10T01:45:16Z
2026,3,1312585008447262720,Where You At?,3,735940870234345472,zacquem,6302,,,Kaden Elliss,LB,NO,0,,8.5,2026-10-10T01:45:16Z
2026,3,1312585008447262720,Where You At?,3,735940870234345472,zacquem,6770,00-0036442,,Joe Burrow,QB,CIN,1,QB,22.58,2026-10-10T01:45:16Z
2026,3,1312585008447262720,Where You At?,3,735940870234345472,zacquem,7526,00-0036613,,Jaylen Waddle,WR,DEN,1,WR,5.4,2026-10-10T01:45:16Z
2026,3,1312585008447262720,Where You At?,3,735940870234345472,zacquem,7715,,,Cam Bynum,DB,IND,0,,1.5,2026-10-10T01:45:16Z
2026,3,1312585008447262720,Where You At?,3,735940870234345472,zacquem,8112,00-0037238,,Drake London,WR,ATL,1,WR,24.9,2026-10-10T01:45:16Z
2026,3,1312585008447262720,Where You At?,3,735940870234345472,zacquem,8119,00-0037741,,Jahan Dotson,WR,ATL,0,,1.6,2026-10-10T01:45:16Z
2026,3,1312585008447262720,Where You At?,3,735940870234345472,zacquem,8136,00-0037256,,Rachaad White,RB,WAS,0,,10.6,2026-10-10T01:45:16Z
2026,3,1312585008447262720,Where You At?,3,735940870234345472,zacquem,8290,,,Sauce Gardner,DB,IND,0,,6.5,2026-10-10T01:45:16Z
2026,3,1312585008447262720,Where You At?,3,735940870234345472,zacquem,8311,,,Terrel Bernard,LB,BUF,0,,4.0,2026-10-10T01:45:16Z
2026,3,1312585008447262720,Where You At?,3,735940870234345472,zacquem,8329,,,Devin Lloyd,LB,CAR,0,,0.0,2026-10-10T01:45:16Z
2026,3,1312585008447262720,Where You At?,3,735940870234345472,zacquem,9221,00-0039139,,Jahmyr Gibbs,RB,DET,1,RB,37.9,2026-10-10T01:45:16Z
2026,3,1312585008447262720,Where You At?,3,735940870234345472,zacquem,9226,00-0039040,,De'Von Achane,RB,MIA,1,RB,1.7,2026-10-10T01:45:16Z
2026,3,1312585008447262720,Where You At?,3,735940870234345472,zacquem,9756,00-0038994,,Jordan Addison,WR,MIN,0,,17.5,2026-10-10T01:45:16Z
2026,3,1312585008447262720,Where You At?,4,473347412346269696,tmwrigh,10949,,,Chamarri Conner,DB,KC,0,,0.0,2026-10-10T01:45:16Z
2026,3,1312585008447262720,Where You At?,4,473347412346269696,tmwrigh,11575,00-0039875,,Ray Davis,RB,BUF,0,,0.0,2026-10-10T01:45:16Z
2026,3,1312585008447262720,Where You At?,4,473347412346269696,tmwrigh,11604,00-0039338,,Brock Bowers,TE,LV,1,TE,22.6,2026-10-10T01:45:16Z
2026,3,1312585008447262720,Where You At?,4,473347412346269696,tmwrigh,11637,00-0039901,,Keon Coleman,WR,BUF,0,,4.2,2026-10-10T01:45:16Z
2026,3,1312585008447262720,Where You At?,4,473347412346269696,tmwrigh,11638,00-0039916,,Ricky Pearsall,WR,SF,0,,0.0,2026-10-10T01:45:16Z
2026,3,1312585008447262720,Where You At?,4,473347412346269696,tmwrigh,11643,00-0039874,,Jaylen Wright,RB,MIA,0,,0.0,2026-10-10T01:45:16Z
2026,3,1312585008447262720,Where You At?,4,473347412346269696,tmwrigh,12481,00-0040715,,Cam Skattebo,RB,NYG,1,FLEX,11.5,2026-10-10T01:45:16Z
2026,3,1312585008447262720,Where You At?,4,473347412346269696,tmwrigh,12487,00-0040737,,Terrance Ferguson,TE,LA,0,,1.4,2026-10-10T01:45:16Z
2026,3,1312585008447262720,Where You At?,4,473347412346269696,tmwrigh,12490,00-0040719,,Bhayshul Tuten,RB,JAX,0,,16.0,2026-10-10T01:45:16Z
2026,3,1312585008447262720,Where You At?,4,473347412346269696,tmwrigh,12501,00-0040667,,Matthew Golden,WR,GB,1,WR,18.5,2026-10-10T01:45:16Z
2026,3,1312585008447262720,Where You At?,4,473347412346269696,tmwrigh,12527,00-0040122,,Ashton Jeanty,RB,LV,1,RB,10.8,2026-10-10T01:45:16Z
2026,3,1312585008447262720,Where You At?,4,473347412346269696,tmwrigh,13293,00-0040870,,Ja'Kobi Lane,WR,BAL,0,,0.0,2026-10-10T01:45:16Z
2026,3,1312585008447262720,Where You At?,4,473347412346269696,tmwrigh,13296,00-0041523,,Caleb Douglas,WR,MIA,0,,0.0,2026-10-10T01:45:16Z
2026,3,1312585008447262720,Where You At?,4,473347412346269696,tmwrigh,13311,00-0041525,,Chris Bell,WR,MIA,0,,8.7,2026-10-10T01:45:16Z
2026,3,1312585008447262720,Where You At?,4,473347412346269696,tmwrigh,13413,00-0040890,,Cyrus Allen,WR,KC,0,,0.0,2026-10-10T01:45:16Z
2026,3,1312585008447262720,Where You At?,4,473347412346269696,tmwrigh,13414,00-0041052,,Kaelon Black,RB,SF,0,,1.7,2026-10-10T01:45:16Z
2026,3,1312585008447262720,Where You At?,4,473347412346269696,tmwrigh,4881,00-0034796,,Lamar Jackson,QB,BAL,1,QB,20.44,2026-10-10T01:45:16Z
2026,3,1312585008447262720,Where You At?,4,473347412346269696,tmwrigh,4967,,,Bradley Chubb,LB,BUF,1,DL,3.5,2026-10-10T01:45:16Z
2026,3,1312585008447262720,Where You At?,4,473347412346269696,tmwrigh,5045,00-0034348,,Courtland Sutton,WR,DEN,1,WR,6.1,2026-10-10T01:45:16Z
2026,3,1312585008447262720,Where You At?,4,473347412346269696,tmwrigh,5816,,,Nick Bosa,DE,SF,0,,0.0,2026-10-10T01:45:16Z
2026,3,1312585008447262720,Where You At?,4,473347412346269696,tmwrigh,5840,,,Josh Hines-Allen,DE,JAX,1,DL,3.0,2026-10-10T01:45:16Z
2026,3,1312585008447262720,Where You At?,4,473347412346269696,tmwrigh,5846,00-0035640,,DK Metcalf,WR,PIT,0,,10.6,2026-10-10T01:45:16Z
2026,3,1312585008447262720,Where You At?,4,473347412346269696,tmwrigh,6828,00-0036265,,AJ Dillon,RB,CAR,0,,1.9,2026-10-10T01:45:16Z
2026,3,1312585008447262720,Where You At?,4,473347412346269696,tmwrigh,7136,,,Kam Curl,DB,LAR,1,DB,3.0,2026-10-10T01:45:16Z
2026,3,1312585008447262720,Where You At?,4,473347412346269696,tmwrigh,7611,00-0036875,,Rhamondre Stevenson,RB,NE,0,,5.3,2026-10-10T01:45:16Z
2026,3,1312585008447262720,Where You At?,4,473347412346269696,tmwrigh,8132,00-0037263,,Tyler Allgeier,RB,ARI,0,,2.9,2026-10-10T01:45:16Z
2026,3,1312585008447262720,Where You At?,4,473347412346269696,tmwrigh,8134,00-0037261,,Khalil Shakir,WR,BUF,1,WR,1.1,2026-10-10T01:45:16Z
2026,3,1312585008447262720,Where You At?,4,473347412346269696,tmwrigh,8138,00-0037248,,James Cook,RB,BUF,1,RB,19.4,2026-10-10T01:45:16Z
2026,3,1312585008447262720,Where You At?,4,473347412346269696,tmwrigh,8161,00-0038128,,Malik Willis,QB,MIA,0,,10.0,2026-10-10T01:45:16Z
2026,3,1312585008447262720,Where You At?,4,473347412346269696,tmwrigh,8205,00-0037197,,Isiah Pacheco,RB,DET,0,,0.0,2026-10-10T01:45:16Z
2026,3,1312585008447262720,Where You At?,4,473347412346269696,tmwrigh,8259,,,Cameron Dicker,K,LAC,1,K,8.0,2026-10-10T01:45:16Z
2026,3,1312585008447262720,Where You At?,4,473347412346269696,tmwrigh,8659,,,Nate Landman,LB,LAR,1,LB,2.0,2026-10-10T01:45:16Z
2026,3,1312585008447262720,Where You At?,4,473347412346269696,tmwrigh,9228,00-0039150,,Bryce Young,QB,CAR,0,,13.64,2026-10-10T01:45:16Z
2026,3,1312585008447262720,Where You At?,4,473347412346269696,tmwrigh,9482,00-0039066,,Michael Mayer,TE,LV,0,,10.7,2026-10-10T01:45:16Z
2026,3,1312585008447262720,Where You At?,4,473347412346269696,tmwrigh,9493,00-0039075,,Puka Nacua,WR,LA,0,,0.0,2026-10-10T01:45:16Z
2026,3,1312585008447262720,Where You At?,4,473347412346269696,tmwrigh,9754,00-0038544,,Quentin Johnston,WR,LAC,0,,5.5,2026-10-10T01:45:16Z
2026,3,1312585008447262720,Where You At?,5,300320148349276160,FYFJohnLuke,10213,00-0038563,,Tre Tucker,WR,LV,0,,6.3,2026-10-10T01:45:16Z
2026,3,1312585008447262720,Where You At?,5,300320148349276160,FYFJohnLuke,10232,00-0038559,,Michael Wilson,WR,ARI,0,,20.4,2026-10-10T01:45:16Z
2026,3,1312585008447262720,Where You At?,5,300320148349276160,FYFJohnLuke,11624,00-0039894,,Xavier Worthy,WR,KC,0,,4.0,2026-10-10T01:45:16Z
2026,3,1312585008447262720,Where You At?,5,300320148349276160,FYFJohnLuke,11625,00-0039890,,Adonai Mitchell,WR,NYJ,0,,0.0,2026-10-10T01:45:16Z
2026,3,1312585008447262720,Where You At?,5,300320148349276160,FYFJohnLuke,11627,00-0039868,,Troy Franklin,WR,DEN,0,,2.6,2026-10-10T01:45:16Z
2026,3,1312585008447262720,Where You At?,5,300320148349276160,FYFJohnLuke,12015,,,Harrison Mevis,K,LAR,0,,16.0,2026-10-10T01:45:16Z
2026,3,1312585008447262720,Where You At?,5,300320148349276160,FYFJohnLuke,12469,00-0040162,,Dylan Sampson,RB,CLE,0,,0.0,2026-10-10T01:45:16Z
2026,3,1312585008447262720,Where You At?,5,300320148349276160,FYFJohnLuke,12504,00-0040142,,Kaleb Johnson,RB,GB,0,,2.1,2026-10-10T01:45:16Z
2026,3,1312585008447262720,Where You At?,5,300320148349276160,FYFJohnLuke,12506,00-0040663,,Harold Fannin Jr.,TE,CLE,0,,20.6,2026-10-10T01:45:16Z
2026,3,1312585008447262720,Where You At?,5,300320148349276160,FYFJohnLuke,12536,00-0040138,,Jaylin Noel,WR,HOU,0,,3.5,2026-10-10T01:45:16Z
2026,3,1312585008447262720,Where You At?,5,300320148349276160,FYFJohnLuke,12574,,,Abdul Carter,DL,NYG,1,DL,0.0,2026-10-10T01:45:16Z
2026,3,1312585008447262720,Where You At?,5,300320148349276160,FYFJohnLuke,12711,,,Tyler Loop,K,BAL,1,K,12.0,2026-10-10T01:45:16Z
2026,3,1312585008447262720,Where You At?,5,300320148349276160,FYFJohnLuke,13287,00-0041027,,Jeremiyah Love,RB,ARI,1,RB,19.4,2026-10-10T01:45:16Z
2026,3,1312585008447262720,Where You At?,5,300320148349276160,FYFJohnLuke,13340,,,Rueben Bain,DL,TB,0,,0.0,2026-10-10T01:45:16Z
2026,3,1312585008447262720,Where You At?,5,300320148349276160,FYFJohnLuke,13346,00-0041037,,Denzel Boston,WR,CLE,0,,7.1,2026-10-10T01:45:16Z
2026,3,1312585008447262720,Where You At?,5,300320148349276160,FYFJohnLuke,3257,00-0033119,,Jacoby Brissett,QB,ARI,0,,25.6,2026-10-10T01:45:16Z
2026,3,1312585008447262720,Where You At?,5,300320148349276160,FYFJohnLuke,4033,00-0033885,,David Njoku,TE,LAC,0,,0.0,2026-10-10T01:45:16Z
2026,3,1312585008447262720,Where You At?,5,300320148349276160,FYFJohnLuke,4046,00-0033873,,Patrick Mahomes,QB,KC,1,QB,15.94,2026-10-10T01:45:16Z
2026,3,1312585008447262720,Where You At?,5,300320148349276160,FYFJohnLuke,4950,00-0034775,,Christian Kirk,WR,SF,0,,0.0,2026-10-10T01:45:16Z
2026,3,1312585008447262720,Where You At?,5,300320148349276160,FYFJohnLuke,5012,00-0034753,,Mark Andrews,TE,BAL,1,TE,3.9,2026-10-10T01:45:16Z
2026,3,1312585008447262720,Where You At?,5,300320148349276160,FYFJohnLuke,5967,00-0035261,,Tony Pollard,RB,TEN,0,,11.6,2026-10-10T01:45:16Z
2026,3,1312585008447262720,Where You At?,5,300320148349276160,FYFJohnLuke,6794,00-0036322,,Justin Jefferson,WR,MIN,1,WR,4.2,2026-10-10T01:45:16Z
2026,3,1312585008447262720,Where You At?,5,300320148349276160,FYFJohnLuke,6806,00-0036158,,J.K. Dobbins,RB,DEN,0,,5.8,2026-10-10T01:45:16Z
2026,3,1312585008447262720,Where You At?,5,300320148349276160,FYFJohnLuke,6900,,,Jonathan Greenard,DE,PHI,0,,6.0,2026-10-10T01:45:16Z
2026,3,1312585008447262720,Where You At?,5,300320148349276160,FYFJohnLuke,6949,,,Jordyn Brooks,LB,MIA,0,,7.5,2026-10-10T01:45:16Z
2026,3,1312585008447262720,Where You At?,5,300320148349276160,FYFJohnLuke,7543,00-0036973,,Travis Etienne,RB,NO,0,,8.0,2026-10-10T01:45:16Z
2026,3,1312585008447262720,Where You At?,5,300320148349276160,FYFJohnLuke,7564,00-0036900,,Ja'Marr Chase,WR,CIN,1,WR,20.3,2026-10-10T01:45:16Z
2026,3,1312585008447262720,Where You At?,5,300320148349276160,FYFJohnLuke,7659,,,Tre'von Moehrig,DB,CAR,1,DB,5.0,2026-10-10T01:45:16Z
2026,3,1312585008447262720,Where You At?,5,300320148349276160,FYFJohnLuke,7841,,,Jamien Sherwood,LB,NYJ,1,LB,8.0,2026-10-10T01:45:16Z
2026,3,1312585008447262720,Where You At?,5,300320148349276160,FYFJohnLuke,8126,00-0038117,,Wan'Dale Robinson,WR,TEN,0,,15.2,2026-10-10T01:45:16Z
2026,3,1312585008447262720,Where You At?,5,300320148349276160,FYFJohnLuke,8146,00-0037740,,Garrett Wilson,WR,NYJ,1,FLEX,21.7,2026-10-10T01:45:16Z
2026,3,1312585008447262720,Where You At?,5,300320148349276160,FYFJohnLuke,8155,00-0038120,,Breece Hall,RB,NYJ,1,RB,7.0,2026-10-10T01:45:16Z
2026,3,1312585008447262720,Where You At?,5,300320148349276160,FYFJohnLuke,8167,00-0038124,,Christian Watson,WR,GB,1,WR,19.1,2026-10-10T01:45:16Z
2026,3,1312585008447262720,Where You At?,5,300320148349276160,FYFJohnLuke,9504,00-0038608,,Kayshon Boutte,WR,HOU,0,,3.1,2026-10-10T01:45:16Z
2026,3,1312585008447262720,Where You At?,5,300320148349276160,FYFJohnLuke,9508,00-0039032,,Tyjae Spears,RB,TEN,0,,0.5,2026-10-10T01:45:16Z
2026,3,1312585008447262720,Where You At?,5,300320148349276160,FYFJohnLuke,9997,00-0039064,,Zay Flowers,WR,BAL,0,,12.9,2026-10-10T01:45:16Z
2026,3,1312585008447262720,Where You At?,6,473480332893483008,jmeanor,10219,00-0038611,,Chris Rodriguez Jr.,RB,JAX,1,RB,9.7,2026-10-10T01:45:16Z
2026,3,1312585008447262720,Where You At?,6,473480332893483008,jmeanor,10229,00-0039067,,Rashee Rice,WR,KC,1,WR,12.3,2026-10-10T01:45:16Z
2026,3,1312585008447262720,Where You At?,6,473480332893483008,jmeanor,11199,00-0038705,,Emari Demercado,RB,DAL,0,,0.0,2026-10-10T01:45:16Z
2026,3,1312585008447262720,Where You At?,6,473480332893483008,jmeanor,11370,00-0038685,,Chris Brooks,RB,GB,0,,1.9,2026-10-10T01:45:16Z
2026,3,1312585008447262720,Where You At?,6,473480332893483008,jmeanor,11564,00-0039851,,Drake Maye,QB,NE,0,,4.76,2026-10-10T01:45:16Z
2026,3,1312585008447262720,Where You At?,6,473480332893483008,jmeanor,11632,00-0039337,,Malik Nabers,WR,NYG,1,WR,5.1,2026-10-10T01:45:16Z
2026,3,1312585008447262720,Where You At?,6,473480332893483008,jmeanor,11665,,,Jared Verse,DL,CLE,0,,3.5,2026-10-10T01:45:16Z
2026,3,1312585008447262720,Where You At?,6,473480332893483008,jmeanor,13281,00-0041029,,Jordyn Tyson,WR,NO,0,,0.0,2026-10-10T01:45:16Z
2026,3,1312585008447262720,Where You At?,6,473480332893483008,jmeanor,13288,00-0040886,,Nicholas Singleton,RB,TEN,0,,0.0,2026-10-10T01:45:16Z
2026,3,1312585008447262720,Where You At?,6,473480332893483008,jmeanor,13301,00-0041040,,Antonio Williams,WR,WAS,1,WR,2.5,2026-10-10T01:45:16Z
2026,3,1312585008447262720,Where You At?,6,473480332893483008,jmeanor,13423,00-0041490,,Eli Heidenreich,RB,PIT,0,,0.0,2026-10-10T01:45:16Z
2026,3,1312585008447262720,Where You At?,6,473480332893483008,jmeanor,1466,00-0030506,,Travis Kelce,TE,KC,1,TE,12.9,2026-10-10T01:45:16Z
2026,3,1312585008447262720,Where You At?,6,473480332893483008,jmeanor,1945,,,Chris Boswell,K,PIT,0,,13.0,2026-10-10T01:45:16Z
2026,3,1312585008447262720,Where You At?,6,473480332893483008,jmeanor,2393,,,Danielle Hunter,DE,HOU,1,DL,13.0,2026-10-10T01:45:16Z
2026,3,1312585008447262720,Where You At?,6,473480332893483008,jmeanor,3172,,,DeForest Buckner,DT,IND,0,,14.5,2026-10-10T01:45:16Z
2026,3,1312585008447262720,Where You At?,6,473480332893483008,jmeanor,3451,,,Ka'imi Fairbairn,K,HOU,1,K,5.0,2026-10-10T01:45:16Z
2026,3,1312585008447262720,Where You At?,6,473480332893483008,jmeanor,4137,00-0033553,,James Conner,RB,ARI,0,,0.0,2026-10-10T01:45:16Z
2026,3,1312585008447262720,Where You At?,6,473480332893483008,jmeanor,4892,00-0034855,,Baker Mayfield,QB,TB,0,,11.28,2026-10-10T01:45:16Z
2026,3,1312585008447262720,Where You At?,6,473480332893483008,jmeanor,4971,,,Derwin James,DB,LAC,1,DB,3.5,2026-10-10T01:45:16Z
2026,3,1312585008447262720,Where You At?,6,473480332893483008,jmeanor,5726,,,Robert Spillane,LB,NE,0,,4.5,2026-10-10T01:45:16Z
2026,3,1312585008447262720,Where You At?,6,473480332893483008,jmeanor,5849,00-0035228,,Kyler Murray,QB,MIN,1,QB,10.42,2026-10-10T01:45:16Z
2026,3,1312585008447262720,Where You At?,6,473480332893483008,jmeanor,5859,00-0035676,,A.J. Brown,WR,NE,0,,0.0,2026-10-10T01:45:16Z
2026,3,1312585008447262720,Where You At?,6,473480332893483008,jmeanor,5960,,,T.J. Edwards,LB,CHI,0,,13.5,2026-10-10T01:45:16Z
2026,3,1312585008447262720,Where You At?,6,473480332893483008,jmeanor,5991,,,Maxx Crosby,DE,LV,1,DL,10.5,2026-10-10T01:45:16Z
2026,3,1312585008447262720,Where You At?,6,473480332893483008,jmeanor,6149,00-0035535,,Darius Slayton,WR,IND,0,,0.0,2026-10-10T01:45:16Z
2026,3,1312585008447262720,Where You At?,6,473480332893483008,jmeanor,6485,,,Azeez Al-Shaair,LB,HOU,0,,6.5,2026-10-10T01:45:16Z
2026,3,1312585008447262720,Where You At?,6,473480332893483008,jmeanor,6788,,,Xavier McKinney,DB,GB,0,,11.5,2026-10-10T01:45:16Z
2026,3,1312585008447262720,Where You At?,6,473480332893483008,jmeanor,7016,,,Jeremy Chinn,DB,LV,0,,18.5,2026-10-10T01:45:16Z
2026,3,1312585008447262720,Where You At?,6,473480332893483008,jmeanor,7569,00-0036554,,Nico Collins,WR,HOU,0,,0.0,2026-10-10T01:45:16Z
2026,3,1312585008447262720,Where You At?,6,473480332893483008,jmeanor,7600,00-0036894,,Pat Freiermuth,TE,PIT,1,FLEX,4.1,2026-10-10T01:45:16Z
2026,3,1312585008447262720,Where You At?,6,473480332893483008,jmeanor,8172,00-0037252,,Greg Dulcich,TE,MIA,0,,8.0,2026-10-10T01:45:16Z
2026,3,1312585008447262720,Where You At?,6,473480332893483008,jmeanor,8267,,,Nakobe Dean,LB,LV,1,LB,18.5,2026-10-10T01:45:16Z
2026,3,1312585008447262720,Where You At?,6,473480332893483008,jmeanor,8355,,,Kayvon Thibodeaux,DL,NYG,0,,0.5,2026-10-10T01:45:16Z
2026,3,1312585008447262720,Where You At?,6,473480332893483008,jmeanor,843,,,Cameron Heyward,DT,PIT,0,,3.0,2026-10-10T01:45:16Z
2026,3,1312585008447262720,Where You At?,6,473480332893483008,jmeanor,9509,00-0038542,,Bijan Robinson,RB,ATL,1,RB,34.3,2026-10-10T01:45:16Z
2026,3,1312585008447262720,Where You At?,6,473480332893483008,jmeanor,96,00-0023459,,Aaron Rodgers,QB,PIT,0,,22.68,2026-10-10T01:45:16Z
2026,3,1312585008447262720,Where You At?,7,830805333189455872,thewrightdek,11560,00-0039918,,Caleb Williams,QB,CHI,0,,0.0,2026-10-10T01:45:16Z
2026,3,1312585008447262720,Where You At?,7,830805333189455872,thewrightdek,11581,00-0039811,,MarShawn Lloyd,RB,GB,1,FLEX,2.8,2026-10-10T01:45:16Z
2026,3,1312585008447262720,Where You At?,7,830805333189455872,thewrightdek,11603,00-0039793,,AJ Barner,TE,SEA,0,,9.4,2026-10-10T01:45:16Z
2026,3,1312585008447262720,Where You At?,7,830805333189455872,thewrightdek,11635,00-0039915,,Ladd McConkey,WR,LAC,1,WR,8.6,2026-10-10T01:45:16Z
2026,3,1312585008447262720,Where You At?,7,830805333189455872,thewrightdek,11667,,,Dallas Turner,LB,MIN,1,DL,5.5,2026-10-10T01:45:16Z
2026,3,1312585008447262720,Where You At?,7,830805333189455872,thewrightdek,12484,00-0040130,,Jayden Higgins,WR,HOU,0,,0.0,2026-10-10T01:45:16Z
2026,3,1312585008447262720,Where You At?,7,830805333189455872,thewrightdek,12499,00-0040170,,Elic Ayomanor,WR,TEN,0,,1.6,2026-10-10T01:45:16Z
2026,3,1312585008447262720,Where You At?,7,830805333189455872,thewrightdek,12517,00-0040126,,Colston Loveland,TE,CHI,0,,5.1,2026-10-10T01:45:16Z
2026,3,1312585008447262720,Where You At?,7,830805333189455872,thewrightdek,12534,00-0040236,,Kyle Monangai,RB,CHI,0,,3.1,2026-10-10T01:45:16Z
2026,3,1312585008447262720,Where You At?,7,830805333189455872,thewrightdek,12567,,,Malaki Starks,DB,BAL,1,DB,5.0,2026-10-10T01:45:16Z
2026,3,1312585008447262720,Where You At?,7,830805333189455872,thewrightdek,13268,00-0040876,,Elijah Sarratt,WR,BAL,0,,0.0,2026-10-10T01:45:16Z
2026,3,1312585008447262720,Where You At?,7,830805333189455872,thewrightdek,13276,00-0041511,,Omar Cooper Jr.,WR,NYJ,0,,0.0,2026-10-10T01:45:16Z
2026,3,1312585008447262720,Where You At?,7,830805333189455872,thewrightdek,3163,00-0033106,,Jared Goff,QB,DET,1,QB,19.36,2026-10-10T01:45:16Z
2026,3,1312585008447262720,Where You At?,7,830805333189455872,thewrightdek,3198,00-0032764,,Derrick Henry,RB,BAL,1,RB,21.4,2026-10-10T01:45:16Z
2026,3,1312585008447262720,Where You At?,7,830805333189455872,thewrightdek,3678,,,Wil Lutz,K,DEN,0,,0.0,2026-10-10T01:45:16Z
2026,3,1312585008447262720,Where You At?,7,830805333189455872,thewrightdek,4070,,,T.J. Watt,LB,PIT,1,DL,1.5,2026-10-10T01:45:16Z
2026,3,1312585008447262720,Where You At?,7,830805333189455872,thewrightdek,4135,,,Trey Hendrickson,DE,BAL,0,,2.0,2026-10-10T01:45:16Z
2026,3,1312585008447262720,Where You At?,7,830805333189455872,thewrightdek,4227,,,Harrison Butker,K,KC,1,K,5.0,2026-10-10T01:45:16Z
2026,3,1312585008447262720,Where You At?,7,830805333189455872,thewrightdek,4866,00-0034844,,Saquon Barkley,RB,PHI,1,RB,8.5,2026-10-10T01:45:16Z
2026,3,1312585008447262720,Where You At?,7,830805333189455872,thewrightdek,4960,,,Roquan Smith,LB,BAL,1,LB,17.0,2026-10-10T01:45:16Z
2026,3,1312585008447262720,Where You At?,7,830805333189455872,thewrightdek,4968,,,Tremaine Edmunds,LB,NYG,0,,10.0,2026-10-10T01:45:16Z
2026,3,1312585008447262720,Where You At?,7,830805333189455872,thewrightdek,5876,,,Julian Love,DB,SEA,0,,0.0,2026-10-10T01:45:16Z
2026,3,1312585008447262720,Where You At?,7,830805333189455872,thewrightdek,6124,,,Montez Sweat,DE,CHI,0,,8.0,2026-10-10T01:45:16Z
2026,3,1312585008447262720,Where You At?,7,830805333189455872,thewrightdek,6797,00-0036355,,Justin Herbert,QB,LAC,0,,12.74,2026-10-10T01:45:16Z
2026,3,1312585008447262720,Where You At?,7,830805333189455872,thewrightdek,6901,,,Joshua Metellus,DB,MIN,0,,10.5,2026-10-10T01:45:16Z
2026,3,1312585008447262720,Where You At?,7,830805333189455872,thewrightdek,7113,,,Alex Highsmith,LB,PIT,0,,0.0,2026-10-10T01:45:16Z
2026,3,1312585008447262720,Where You At?,7,830805333189455872,thewrightdek,7525,00-0036912,,DeVonta Smith,WR,PHI,1,WR,9.5,2026-10-10T01:45:16Z
2026,3,1312585008447262720,Where You At?,7,830805333189455872,thewrightdek,8121,00-0037816,,Romeo Doubs,WR,NE,1,WR,6.4,2026-10-10T01:45:16Z
2026,3,1312585008447262720,Where You At?,7,830805333189455872,thewrightdek,8131,00-0037838,,Isaiah Likely,TE,NYG,0,,2.3,2026-10-10T01:45:16Z
2026,3,1312585008447262720,Where You At?,7,830805333189455872,thewrightdek,8154,00-0037746,,Brian Robinson,RB,ATL,0,,11.0,2026-10-10T01:45:16Z
2026,3,1312585008447262720,Where You At?,7,830805333189455872,thewrightdek,8210,00-0037809,,Chig Okonkwo,TE,WAS,0,,0.0,2026-10-10T01:45:16Z
2026,3,1312585008447262720,Where You At?,7,830805333189455872,thewrightdek,9484,00-0038996,,Tucker Kraft,TE,GB,1,TE,4.6,2026-10-10T01:45:16Z
2026,3,1312585008447262720,Where You At?,7,830805333189455872,thewrightdek,9511,00-0038454,,Keaton Mitchell,RB,LAC,0,,12.2,2026-10-10T01:45:16Z
2026,3,1312585008447262720,Where You At?,8,339485230026981376,Lturne56,11539,,,Jake Bates,K,DET,1,K,7.0,2026-10-10T01:45:16Z
2026,3,1312585008447262720,Where You At?,8,339485230026981376,Lturne56,11610,00-0039880,,Malik Washington,WR,MIA,0,,8.6,2026-10-10T01:45:16Z
2026,3,1312585008447262720,Where You At?,8,339485230026981376,Lturne56,11620,00-0039919,,Rome Odunze,WR,CHI,0,,5.9,2026-10-10T01:45:16Z
2026,3,1312585008447262720,Where You At?,8,339485230026981376,Lturne56,11646,00-0039491,,Jalen Coker,WR,CAR,1,WR,2.8,2026-10-10T01:45:16Z
2026,3,1312585008447262720,Where You At?,8,339485230026981376,Lturne56,11651,00-0039363,,Isaac Guerendo,RB,SF,0,,0.0,2026-10-10T01:45:16Z
2026,3,1312585008447262720,Where You At?,8,339485230026981376,Lturne56,12482,00-0040009,,Savion Williams,WR,GB,0,,0.0,2026-10-10T01:45:16Z
2026,3,1312585008447262720,Where You At?,8,339485230026981376,Lturne56,12483,00-0040729,,Jack Bech,WR,LV,0,,0.0,2026-10-10T01:45:16Z
2026,3,1312585008447262720,Where You At?,8,339485230026981376,Lturne56,12492,00-0040134,,Pat Bryant,WR,DEN,0,,13.4,2026-10-10T01:45:16Z
2026,3,1312585008447262720,Where You At?,8,339485230026981376,Lturne56,12497,00-0040648,,Tory Horton,WR,SEA,0,,6.3,2026-10-10T01:45:16Z
2026,3,1312585008447262720,Where You At?,8,339485230026981376,Lturne56,12509,00-0040727,,Tre Harris,WR,LAC,0,,10.6,2026-10-10T01:45:16Z
2026,3,1312585008447262720,Where You At?,8,339485230026981376,Lturne56,12514,00-0040129,,Emeka Egbuka,WR,TB,1,WR,8.7,2026-10-10T01:45:16Z
2026,3,1312585008447262720,Where You At?,8,339485230026981376,Lturne56,12529,00-0040734,,TreVeyon Henderson,RB,NE,1,RB,3.4,2026-10-10T01:45:16Z
2026,3,1312585008447262720,Where You At?,8,339485230026981376,Lturne56,12533,00-0040242,,Jacory Croskey-Merritt,RB,WAS,1,FLEX,4.8,2026-10-10T01:45:16Z
2026,3,1312585008447262720,Where You At?,8,339485230026981376,Lturne56,12545,00-0040743,,Tyler Shough,QB,NO,0,,23.8,2026-10-10T01:45:16Z
2026,3,1312585008447262720,Where You At?,8,339485230026981376,Lturne56,13285,00-0041042,,Malachi Fields,WR,NYG,0,,2.9,2026-10-10T01:45:16Z
2026,3,1312585008447262720,Where You At?,8,339485230026981376,Lturne56,13298,00-0041547,,KC Concepcion,WR,CLE,0,,1.9,2026-10-10T01:45:16Z
2026,3,1312585008447262720,Where You At?,8,339485230026981376,Lturne56,13302,00-0040888,,Adam Randall,RB,BAL,0,,0.0,2026-10-10T01:45:16Z
2026,3,1312585008447262720,Where You At?,8,339485230026981376,Lturne56,13320,00-0041044,,Zachariah Branch,WR,ATL,0,,1.2,2026-10-10T01:45:16Z
2026,3,1312585008447262720,Where You At?,8,339485230026981376,Lturne56,13405,00-0041096,,Kaytron Allen,RB,WAS,0,,0.0,2026-10-10T01:45:16Z
2026,3,1312585008447262720,Where You At?,8,339485230026981376,Lturne56,13424,00-0041125,,Seth McGowan,RB,IND,0,,1.4,2026-10-10T01:45:16Z
2026,3,1312585008447262720,Where You At?,8,339485230026981376,Lturne56,2227,,,Aaron Donald,DT,LAR,1,DL,1.5,2026-10-10T01:45:16Z
2026,3,1312585008447262720,Where You At?,8,339485230026981376,Lturne56,5022,00-0034351,,Dallas Goedert,TE,PHI,0,,0.0,2026-10-10T01:45:16Z
2026,3,1312585008447262720,Where You At?,8,339485230026981376,Lturne56,6214,,,Quincy Williams,LB,CLE,0,,10.0,2026-10-10T01:45:16Z
2026,3,1312585008447262720,Where You At?,8,339485230026981376,Lturne56,6783,00-0036407,,Jerry Jeudy,WR,CLE,0,,0.0,2026-10-10T01:45:16Z
2026,3,1312585008447262720,Where You At?,8,339485230026981376,Lturne56,6801,00-0036410,,Tee Higgins,WR,CIN,1,WR,18.0,2026-10-10T01:45:16Z
2026,3,1312585008447262720,Where You At?,8,339485230026981376,Lturne56,6813,00-0036223,,Jonathan Taylor,RB,IND,1,RB,8.2,2026-10-10T01:45:16Z
2026,3,1312585008447262720,Where You At?,8,339485230026981376,Lturne56,6815,,,Zack Baun,LB,PHI,1,LB,12.0,2026-10-10T01:45:16Z
2026,3,1312585008447262720,Where You At?,8,339485230026981376,Lturne56,6904,00-0036389,,Jalen Hurts,QB,PHI,1,QB,12.62,2026-10-10T01:45:16Z
2026,3,1312585008447262720,Where You At?,8,339485230026981376,Lturne56,7049,00-0036259,,Jauan Jennings,WR,MIN,0,,0.6,2026-10-10T01:45:16Z
2026,3,1312585008447262720,Where You At?,8,339485230026981376,Lturne56,7591,00-0036945,,Justin Fields,QB,KC,0,,0.0,2026-10-10T01:45:16Z
2026,3,1312585008447262720,Where You At?,8,339485230026981376,Lturne56,8130,00-0037744,,Trey McBride,TE,ARI,1,TE,12.0,2026-10-10T01:45:16Z
2026,3,1312585008447262720,Where You At?,8,339485230026981376,Lturne56,8265,,,Travon Walker,DL,JAX,0,,2.0,2026-10-10T01:45:16Z
2026,3,1312585008447262720,Where You At?,8,339485230026981376,Lturne56,8280,,,Nik Bonitto,LB,DEN,0,,9.5,2026-10-10T01:45:16Z
2026,3,1312585008447262720,Where You At?,8,339485230026981376,Lturne56,8289,,,Aidan Hutchinson,DL,DET,1,DL,4.0,2026-10-10T01:45:16Z
2026,3,1312585008447262720,Where You At?,8,339485230026981376,Lturne56,8330,,,Quentin Lake,DB,LAR,1,DB,5.0,2026-10-10T01:45:16Z
2026,3,1312585008447262720,Where You At?,8,339485230026981376,Lturne56,9225,00-0038555,,Tank Bigsby,RB,PHI,0,,-1.0,2026-10-10T01:45:16Z
2026,3,1312585008447262720,Where You At?,8,339485230026981376,Lturne56,9229,00-0039164,,Anthony Richardson,QB,IND,0,,0.0,2026-10-10T01:45:16Z
2026,3,1312585008447262720,Where You At?,9,335632087304380416,PSewell,11533,,,Brandon Aubrey,K,DAL,1,K,10.0,2026-10-10T01:45:16Z
2026,3,1312585008447262720,Where You At?,9,335632087304380416,PSewell,11631,00-0039893,,Brian Thomas Jr.,WR,JAX,0,,1.3,2026-10-10T01:45:16Z
2026,3,1312585008447262720,Where You At?,9,335632087304380416,PSewell,12507,00-0040666,,Omarion Hampton,RB,LAC,1,RB,5.6,2026-10-10T01:45:16Z
2026,3,1312585008447262720,Where You At?,9,335632087304380416,PSewell,12519,00-0040735,,Luther Burden III,WR,CHI,1,WR,16.3,2026-10-10T01:45:16Z
2026,3,1312585008447262720,Where You At?,9,335632087304380416,PSewell,13269,00-0041562,,Fernando Mendoza,QB,LV,0,,0.0,2026-10-10T01:45:16Z
2026,3,1312585008447262720,Where You At?,9,335632087304380416,PSewell,13275,00-0041568,,Ty Simpson,QB,LA,0,,0.0,2026-10-10T01:45:16Z
2026,3,1312585008447262720,Where You At?,9,335632087304380416,PSewell,13317,00-0041048,,Ted Hurst III,WR,TB,0,,11.5,2026-10-10T01:45:16Z
2026,3,1312585008447262720,Where You At?,9,335632087304380416,PSewell,13330,00-0041032,,Kenyon Sadiq,TE,NYJ,0,,20.0,2026-10-10T01:45:16Z
2026,3,1312585008447262720,Where You At?,9,335632087304380416,PSewell,13347,00-0041104,,Demond Claiborne,RB,MIN,0,,0.1,2026-10-10T01:45:16Z
2026,3,1312585008447262720,Where You At?,9,335632087304380416,PSewell,13363,,,David Bailey,LB,NYJ,1,DL,7.5,2026-10-10T01:45:16Z
2026,3,1312585008447262720,Where You At?,9,335632087304380416,PSewell,1373,00-0030565,,Geno Smith,QB,NYJ,0,,26.04,2026-10-10T01:45:16Z
2026,3,1312585008447262720,Where You At?,9,335632087304380416,PSewell,2133,00-0031381,,Davante Adams,WR,LA,1,WR,17.2,2026-10-10T01:45:16Z
2026,3,1312585008447262720,Where You At?,9,335632087304380416,PSewell,4034,00-0033280,,Christian McCaffrey,RB,SF,1,RB,19.6,2026-10-10T01:45:16Z
2026,3,1312585008447262720,Where You At?,9,335632087304380416,PSewell,4035,00-0033906,,Alvin Kamara,RB,NO,0,,4.6,2026-10-10T01:45:16Z
2026,3,1312585008447262720,Where You At?,9,335632087304380416,PSewell,4993,00-0034829,,Mike Gesicki,TE,CIN,0,,11.2,2026-10-10T01:45:16Z
2026,3,1312585008447262720,Where You At?,9,335632087304380416,PSewell,5017,,,Jessie Bates,DB,ATL,1,DB,3.5,2026-10-10T01:45:16Z
2026,3,1312585008447262720,Where You At?,9,335632087304380416,PSewell,5844,00-0035229,,T.J. Hockenson,TE,MIN,1,TE,2.1,2026-10-10T01:45:16Z
2026,3,1312585008447262720,Where You At?,9,335632087304380416,PSewell,5870,00-0035710,,Daniel Jones,QB,IND,0,,7.9,2026-10-10T01:45:16Z
2026,3,1312585008447262720,Where You At?,9,335632087304380416,PSewell,6118,,,Quinnen Williams,DT,DAL,0,,4.0,2026-10-10T01:45:16Z
2026,3,1312585008447262720,Where You At?,9,335632087304380416,PSewell,6125,,,Jeffery Simmons,DT,TEN,1,DL,17.5,2026-10-10T01:45:16Z
2026,3,1312585008447262720,Where You At?,9,335632087304380416,PSewell,6807,,,Patrick Queen,LB,PIT,0,,11.5,2026-10-10T01:45:16Z
2026,3,1312585008447262720,Where You At?,9,335632087304380416,PSewell,6819,00-0036252,,Michael Pittman,WR,PIT,0,,2.6,2026-10-10T01:45:16Z
2026,3,1312585008447262720,Where You At?,9,335632087304380416,PSewell,7090,00-0036309,,Darnell Mooney,WR,NYG,0,,3.9,2026-10-10T01:45:16Z
2026,3,1312585008447262720,Where You At?,9,335632087304380416,PSewell,7528,00-0036893,,Najee Harris,RB,NYG,0,,5.2,2026-10-10T01:45:16Z
2026,3,1312585008447262720,Where You At?,9,335632087304380416,PSewell,7567,00-0036919,,Kenny Gainwell,RB,TB,0,,3.0,2026-10-10T01:45:16Z
2026,3,1312585008447262720,Where You At?,9,335632087304380416,PSewell,7648,,,Nick Bolton,LB,KC,1,LB,12.5,2026-10-10T01:45:16Z
2026,3,1312585008447262720,Where You At?,9,335632087304380416,PSewell,7666,,,Jevón Holland,DB,NYG,0,,9.0,2026-10-10T01:45:16Z
2026,3,1312585008447262720,Where You At?,9,335632087304380416,PSewell,8110,00-0038041,,Jake Ferguson,TE,DAL,0,,7.8,2026-10-10T01:45:16Z
2026,3,1312585008447262720,Where You At?,9,335632087304380416,PSewell,8144,00-0037239,,Chris Olave,WR,NO,1,WR,15.2,2026-10-10T01:45:16Z
2026,3,1312585008447262720,Where You At?,9,335632087304380416,PSewell,8180,00-0037291,,Jalen Nailor,WR,LV,0,,2.1,2026-10-10T01:45:16Z
2026,3,1312585008447262720,Where You At?,9,335632087304380416,PSewell,8228,00-0037228,,Jaylen Warren,RB,PIT,0,,19.1,2026-10-10T01:45:16Z
2026,3,1312585008447262720,Where You At?,9,335632087304380416,PSewell,8676,00-0037545,,Rashid Shaheed,WR,SEA,0,,2.4,2026-10-10T01:45:16Z
2026,3,1312585008447262720,Where You At?,9,335632087304380416,PSewell,9224,00-0038597,,Chase Brown,RB,CIN,1,FLEX,7.9,2026-10-10T01:45:16Z
2026,3,1312585008447262720,Where You At?,9,335632087304380416,PSewell,9758,00-0039163,,C.J. Stroud,QB,HOU,1,QB,11.68,2026-10-10T01:45:16Z
2026,3,1312585008447262720,Where You At?,10,302250698769203200,patjc,10892,,,Will Anderson,DL,HOU,1,DL,31.0,2026-10-10T01:45:16Z
2026,3,1312585008447262720,Where You At?,10,302250698769203200,patjc,10898,,,Tuli Tuipulotu,DL,LAC,0,,15.5,2026-10-10T01:45:16Z
2026,3,1312585008447262720,Where You At?,10,302250698769203200,patjc,10917,,,Byron Young,LB,LAR,1,LB,2.0,2026-10-10T01:45:16Z
2026,3,1312585008447262720,Where You At?,10,302250698769203200,patjc,11566,00-0039910,,Jayden Daniels,QB,WAS,0,,0.0,2026-10-10T01:45:16Z
2026,3,1312585008447262720,Where You At?,10,302250698769203200,patjc,11589,00-0039921,,Trey Benson,RB,ARI,0,,0.0,2026-10-10T01:45:16Z
2026,3,1312585008447262720,Where You At?,10,302250698769203200,patjc,11834,00-0039424,,Devaughn Vele,WR,NO,1,WR,5.4,2026-10-10T01:45:16Z
2026,3,1312585008447262720,Where You At?,10,302250698769203200,patjc,12048,00-0039299,,George Holani,RB,SEA,0,,9.3,2026-10-10T01:45:16Z
2026,3,1312585008447262720,Where You At?,10,302250698769203200,patjc,12474,00-0040583,,Woody Marks,RB,HOU,0,,8.6,2026-10-10T01:45:16Z
2026,3,1312585008447262720,Where You At?,10,302250698769203200,patjc,12485,00-0040237,,Tez Johnson,WR,TB,0,,1.3,2026-10-10T01:45:16Z
2026,3,1312585008447262720,Where You At?,10,302250698769203200,patjc,12489,00-0040730,,RJ Harvey,RB,DEN,0,,7.7,2026-10-10T01:45:16Z
2026,3,1312585008447262720,Where You At?,10,302250698769203200,patjc,12493,00-0040189,,Oronde Gadsden II,TE,LAC,0,,0.0,2026-10-10T01:45:16Z
2026,3,1312585008447262720,Where You At?,10,302250698769203200,patjc,12530,00-0040718,,Travis Hunter,WR,JAX,0,,9.5,2026-10-10T01:45:16Z
2026,3,1312585008447262720,Where You At?,10,302250698769203200,patjc,12535,00-0040669,,Isaac TeSlaa,WR,DET,0,,8.1,2026-10-10T01:45:16Z
2026,3,1312585008447262720,Where You At?,10,302250698769203200,patjc,12541,00-0040581,,Dont'e Thornton Jr.,WR,LV,0,,0.0,2026-10-10T01:45:16Z
2026,3,1312585008447262720,Where You At?,10,302250698769203200,patjc,12713,,,Andy Borregales,K,NE,1,K,4.0,2026-10-10T01:45:16Z
2026,3,1312585008447262720,Where You At?,10,302250698769203200,patjc,13286,00-0041512,,Jadarian Price,RB,SEA,1,RB,0.7,2026-10-10T01:45:16Z
2026,3,1312585008447262720,Where You At?,10,302250698769203200,patjc,13305,00-0040878,,Mike Washington Jr.,RB,LV,0,,11.4,2026-10-10T01:45:16Z
2026,3,1312585008447262720,Where You At?,10,302250698769203200,patjc,13376,,,Caleb Downs,DB,DAL,1,DB,2.5,2026-10-10T01:45:16Z
2026,3,1312585008447262720,Where You At?,10,302250698769203200,patjc,13379,,,Josiah Trotter,LB,TB,0,,0.0,2026-10-10T01:45:16Z
2026,3,1312585008447262720,Where You At?,10,302250698769203200,patjc,13417,00-0041035,,De'Zhaun Stribling,WR,SF,0,,0.0,2026-10-10T01:45:16Z
2026,3,1312585008447262720,Where You At?,10,302250698769203200,patjc,2505,00-0031610,,Darren Waller,TE,CAR,0,,7.6,2026-10-10T01:45:16Z
2026,3,1312585008447262720,Where You At?,10,302250698769203200,patjc,3214,00-0033090,,Hunter Henry,TE,NE,1,TE,1.0,2026-10-10T01:45:16Z
2026,3,1312585008447262720,Where You At?,10,302250698769203200,patjc,3321,,,Tyreek Hill,WR,,0,,0.0,2026-10-10T01:45:16Z
2026,3,1312585008447262720,Where You At?,10,302250698769203200,patjc,3973,,,Myles Garrett,DE,LAR,0,,0.0,2026-10-10T01:45:16Z
2026,3,1312585008447262720,Where You At?,10,302250698769203200,patjc,4177,00-0033555,,Mack Hollins,WR,NE,0,,11.7,2026-10-10T01:45:16Z
2026,3,1312585008447262720,Where You At?,10,302250698769203200,patjc,5850,00-0035700,,Josh Jacobs,RB,GB,0,,0.0,2026-10-10T01:45:16Z
2026,3,1312585008447262720,Where You At?,10,302250698769203200,patjc,5947,00-0034960,,Jakobi Meyers,WR,JAX,0,,16.4,2026-10-10T01:45:16Z
2026,3,1312585008447262720,Where You At?,10,302250698769203200,patjc,5995,00-0034975,,Justice Hill,RB,BAL,0,,3.3,2026-10-10T01:45:16Z
2026,3,1312585008447262720,Where You At?,10,302250698769203200,patjc,6804,00-0036264,,Jordan Love,QB,GB,1,QB,18.48,2026-10-10T01:45:16Z
2026,3,1312585008447262720,Where You At?,10,302250698769203200,patjc,7547,00-0036963,,Amon-Ra St. Brown,WR,DET,1,WR,9.9,2026-10-10T01:45:16Z
2026,3,1312585008447262720,Where You At?,10,302250698769203200,patjc,7594,00-0036555,,Chuba Hubbard,RB,CAR,1,RB,13.0,2026-10-10T01:45:16Z
2026,3,1312585008447262720,Where You At?,10,302250698769203200,patjc,7635,,,Jaelan Phillips,LB,CAR,1,DL,2.0,2026-10-10T01:45:16Z
2026,3,1312585008447262720,Where You At?,10,302250698769203200,patjc,8111,00-0038129,,Cade Otton,TE,TB,0,,7.1,2026-10-10T01:45:16Z
2026,3,1312585008447262720,Where You At?,10,302250698769203200,patjc,8137,00-0037247,,George Pickens,WR,DAL,1,WR,11.7,2026-10-10T01:45:16Z
2026,3,1312585008447262720,Where You At?,10,302250698769203200,patjc,8339,,,Kyle Hamilton,DB,BAL,0,,10.0,2026-10-10T01:45:16Z
2026,3,1312585008447262720,Where You At?,10,302250698769203200,patjc,8359,,,Marcus Jones,DB,NE,0,,12.5,2026-10-10T01:45:16Z
2026,3,1312585008447262720,Where You At?,10,302250698769203200,patjc,9486,00-0038393,,Dontayvion Wicks,WR,PHI,1,FLEX,4.2,2026-10-10T01:45:16Z
2026,3,1312585008447262720,Where You At?,10,302250698769203200,patjc,9501,00-0038621,,DeMario Douglas,WR,NE,0,,4.3,2026-10-10T01:45:16Z
2026,3,1328128689807818752,We can think of something funny,1,735576524882829312,NegativeSquash,10232,00-0038559,,Michael Wilson,WR,ARI,1,WR,25.9,2026-10-10T01:45:15Z
2026,3,1328128689807818752,We can think of something funny,1,735576524882829312,NegativeSquash,11589,00-0039921,,Trey Benson,RB,ARI,0,,0.0,2026-10-10T01:45:15Z
2026,3,1328128689807818752,We can think of something funny,1,735576524882829312,NegativeSquash,11628,00-0039849,,Marvin Harrison Jr.,WR,ARI,1,FLEX,7.0,2026-10-10T01:45:15Z
2026,3,1328128689807818752,We can think of something funny,1,735576524882829312,NegativeSquash,12498,00-0040736,,Mason Taylor,TE,NYJ,0,,0.0,2026-10-10T01:45:15Z
2026,3,1328128689807818752,We can think of something funny,1,735576524882829312,NegativeSquash,12501,00-0040667,,Matthew Golden,WR,GB,1,WR,23.0,2026-10-10T01:45:15Z
2026,3,1328128689807818752,We can think of something funny,1,735576524882829312,NegativeSquash,12504,00-0040142,,Kaleb Johnson,RB,GB,0,,2.6,2026-10-10T01:45:15Z
2026,3,1328128689807818752,We can think of something funny,1,735576524882829312,NegativeSquash,12517,00-0040126,,Colston Loveland,TE,CHI,1,TE,9.1,2026-10-10T01:45:15Z
2026,3,1328128689807818752,We can think of something funny,1,735576524882829312,NegativeSquash,12524,00-0040668,,Shedeur Sanders,QB,CLE,0,,0.0,2026-10-10T01:45:15Z
2026,3,1328128689807818752,We can think of something funny,1,735576524882829312,NegativeSquash,13269,00-0041562,,Fernando Mendoza,QB,LV,0,,0.0,2026-10-10T01:45:15Z
2026,3,1328128689807818752,We can think of something funny,1,735576524882829312,NegativeSquash,13276,00-0041511,,Omar Cooper Jr.,WR,NYJ,0,,0.0,2026-10-10T01:45:15Z
2026,3,1328128689807818752,We can think of something funny,1,735576524882829312,NegativeSquash,13287,00-0041027,,Jeremiyah Love,RB,ARI,1,RB,21.9,2026-10-10T01:45:15Z
2026,3,1328128689807818752,We can think of something funny,1,735576524882829312,NegativeSquash,13293,00-0040870,,Ja'Kobi Lane,WR,BAL,0,,0.0,2026-10-10T01:45:15Z
2026,3,1328128689807818752,We can think of something funny,1,735576524882829312,NegativeSquash,13317,00-0041048,,Ted Hurst III,WR,TB,0,,12.0,2026-10-10T01:45:15Z
2026,3,1328128689807818752,We can think of something funny,1,735576524882829312,NegativeSquash,13347,00-0041104,,Demond Claiborne,RB,MIN,0,,0.1,2026-10-10T01:45:15Z
2026,3,1328128689807818752,We can think of something funny,1,735576524882829312,NegativeSquash,3451,,,Ka'imi Fairbairn,K,HOU,1,K,4.4,2026-10-10T01:45:15Z
2026,3,1328128689807818752,We can think of something funny,1,735576524882829312,NegativeSquash,3634,00-0032464,,Kalif Raymond,WR,CHI,0,,22.0,2026-10-10T01:45:15Z
2026,3,1328128689807818752,We can think of something funny,1,735576524882829312,NegativeSquash,5001,00-0034383,,Dalton Schultz,TE,HOU,1,FLEX,7.5,2026-10-10T01:45:15Z
2026,3,1328128689807818752,We can think of something funny,1,735576524882829312,NegativeSquash,5844,00-0035229,,T.J. Hockenson,TE,MIN,1,FLEX,4.1,2026-10-10T01:45:15Z
2026,3,1328128689807818752,We can think of something funny,1,735576524882829312,NegativeSquash,5849,00-0035228,,Kyler Murray,QB,MIN,0,,12.42,2026-10-10T01:45:15Z
2026,3,1328128689807818752,We can think of something funny,1,735576524882829312,NegativeSquash,5850,00-0035700,,Josh Jacobs,RB,GB,0,,0.0,2026-10-10T01:45:15Z
2026,3,1328128689807818752,We can think of something funny,1,735576524882829312,NegativeSquash,5892,00-0035685,,David Montgomery,RB,HOU,1,RB,6.8,2026-10-10T01:45:15Z
2026,3,1328128689807818752,We can think of something funny,1,735576524882829312,NegativeSquash,6904,00-0036389,,Jalen Hurts,QB,PHI,1,QB,13.62,2026-10-10T01:45:15Z
2026,3,1328128689807818752,We can think of something funny,1,735576524882829312,NegativeSquash,7526,00-0036613,,Jaylen Waddle,WR,DEN,1,WR,6.4,2026-10-10T01:45:15Z
2026,3,1328128689807818752,We can think of something funny,1,735576524882829312,NegativeSquash,7569,00-0036554,,Nico Collins,WR,HOU,0,,0.0,2026-10-10T01:45:15Z
2026,3,1328128689807818752,We can think of something funny,1,735576524882829312,NegativeSquash,7588,00-0036997,,Javonte Williams,RB,DAL,1,RB,18.3,2026-10-10T01:45:15Z
2026,3,1328128689807818752,We can think of something funny,1,735576524882829312,NegativeSquash,8154,00-0037746,,Brian Robinson,RB,ATL,0,,11.0,2026-10-10T01:45:15Z
2026,3,1328128689807818752,We can think of something funny,1,735576524882829312,NegativeSquash,8183,00-0037834,,Brock Purdy,QB,SF,1,SUPER_FLEX,34.28,2026-10-10T01:45:15Z
2026,3,1328128689807818752,We can think of something funny,1,735576524882829312,NegativeSquash,8408,00-0037525,,Jordan Mason,RB,MIN,0,,0.0,2026-10-10T01:45:15Z
2026,3,1328128689807818752,We can think of something funny,1,735576524882829312,NegativeSquash,9228,00-0039150,,Bryce Young,QB,CAR,0,,14.64,2026-10-10T01:45:15Z
2026,3,1328128689807818752,We can think of something funny,1,735576524882829312,NegativeSquash,9488,00-0038543,,Jaxon Smith-Njigba,WR,SEA,1,WR,37.36,2026-10-10T01:45:15Z
2026,3,1328128689807818752,We can think of something funny,1,735576524882829312,NegativeSquash,9493,00-0039075,,Puka Nacua,WR,LA,0,,0.0,2026-10-10T01:45:15Z
2026,3,1328128689807818752,We can think of something funny,1,735576524882829312,NegativeSquash,9508,00-0039032,,Tyjae Spears,RB,TEN,0,,0.5,2026-10-10T01:45:15Z
2026,3,1328128689807818752,We can think of something funny,1,735576524882829312,NegativeSquash,MIN,,,Minnesota Vikings,DEF,MIN,1,DEF,17.0,2026-10-10T01:45:15Z
2026,3,1328128689807818752,We can think of something funny,2,76431078206095360,Taylor894,10219,00-0038611,,Chris Rodriguez Jr.,RB,JAX,0,,9.7,2026-10-10T01:45:15Z
2026,3,1328128689807818752,We can think of something funny,2,76431078206095360,Taylor894,10859,00-0039065,,Sam LaPorta,TE,DET,1,TE,8.9,2026-10-10T01:45:15Z
2026,3,1328128689807818752,We can think of something funny,2,76431078206095360,Taylor894,11435,00-0038797,,Emanuel Wilson,RB,SEA,0,,1.4,2026-10-10T01:45:15Z
2026,3,1328128689807818752,We can think of something funny,2,76431078206095360,Taylor894,11533,,,Brandon Aubrey,K,DAL,1,K,10.4,2026-10-10T01:45:15Z
2026,3,1328128689807818752,We can think of something funny,2,76431078206095360,Taylor894,11560,00-0039918,,Caleb Williams,QB,CHI,0,,0.0,2026-10-10T01:45:15Z
2026,3,1328128689807818752,We can think of something funny,2,76431078206095360,Taylor894,11583,00-0039344,,Jonathon Brooks,RB,CAR,0,,0.0,2026-10-10T01:45:15Z
2026,3,1328128689807818752,We can think of something funny,2,76431078206095360,Taylor894,11610,00-0039880,,Malik Washington,WR,MIA,0,,11.1,2026-10-10T01:45:15Z
2026,3,1328128689807818752,We can think of something funny,2,76431078206095360,Taylor894,11631,00-0039893,,Brian Thomas Jr.,WR,JAX,1,FLEX,1.8,2026-10-10T01:45:15Z
2026,3,1328128689807818752,We can think of something funny,2,76431078206095360,Taylor894,11632,00-0039337,,Malik Nabers,WR,NYG,1,WR,7.6,2026-10-10T01:45:15Z
2026,3,1328128689807818752,We can think of something funny,2,76431078206095360,Taylor894,11647,00-0039391,,Kimani Vidal,RB,LAC,0,,3.0,2026-10-10T01:45:15Z
2026,3,1328128689807818752,We can think of something funny,2,76431078206095360,Taylor894,12467,00-0040177,,Jordan James,RB,SF,0,,0.0,2026-10-10T01:45:15Z
2026,3,1328128689807818752,We can think of something funny,2,76431078206095360,Taylor894,12483,00-0040729,,Jack Bech,WR,LV,0,,0.0,2026-10-10T01:45:15Z
2026,3,1328128689807818752,We can think of something funny,2,76431078206095360,Taylor894,12492,00-0040134,,Pat Bryant,WR,DEN,0,,14.4,2026-10-10T01:45:15Z
2026,3,1328128689807818752,We can think of something funny,2,76431078206095360,Taylor894,12507,00-0040666,,Omarion Hampton,RB,LAC,1,RB,5.6,2026-10-10T01:45:15Z
2026,3,1328128689807818752,We can think of something funny,2,76431078206095360,Taylor894,12509,00-0040727,,Tre Harris,WR,LAC,0,,13.6,2026-10-10T01:45:15Z
2026,3,1328128689807818752,We can think of something funny,2,76431078206095360,Taylor894,12518,00-0040128,,Tyler Warren,TE,IND,1,FLEX,19.2,2026-10-10T01:45:15Z
2026,3,1328128689807818752,We can think of something funny,2,76431078206095360,Taylor894,12530,00-0040718,,Travis Hunter,WR,JAX,0,,0.0,2026-10-10T01:45:15Z
2026,3,1328128689807818752,We can think of something funny,2,76431078206095360,Taylor894,13268,00-0040876,,Elijah Sarratt,WR,BAL,0,,0.0,2026-10-10T01:45:15Z
2026,3,1328128689807818752,We can think of something funny,2,76431078206095360,Taylor894,13301,00-0041040,,Antonio Williams,WR,WAS,0,,3.5,2026-10-10T01:45:15Z
2026,3,1328128689807818752,We can think of something funny,2,76431078206095360,Taylor894,13302,00-0040888,,Adam Randall,RB,BAL,0,,0.0,2026-10-10T01:45:15Z
2026,3,1328128689807818752,We can think of something funny,2,76431078206095360,Taylor894,13413,00-0040890,,Cyrus Allen,WR,KC,0,,0.0,2026-10-10T01:45:15Z
2026,3,1328128689807818752,We can think of something funny,2,76431078206095360,Taylor894,13420,00-0041067,,Bryce Lance,WR,NO,0,,0.0,2026-10-10T01:45:15Z
2026,3,1328128689807818752,We can think of something funny,2,76431078206095360,Taylor894,2449,00-0031588,,Stefon Diggs,WR,WAS,1,WR,7.3,2026-10-10T01:45:15Z
2026,3,1328128689807818752,We can think of something funny,2,76431078206095360,Taylor894,3163,00-0033106,,Jared Goff,QB,DET,0,,19.36,2026-10-10T01:45:15Z
2026,3,1328128689807818752,We can think of something funny,2,76431078206095360,Taylor894,3294,00-0033077,,Dak Prescott,QB,DAL,1,SUPER_FLEX,18.94,2026-10-10T01:45:15Z
2026,3,1328128689807818752,We can think of something funny,2,76431078206095360,Taylor894,4046,00-0033873,,Patrick Mahomes,QB,KC,1,QB,16.94,2026-10-10T01:45:15Z
2026,3,1328128689807818752,We can think of something funny,2,76431078206095360,Taylor894,5012,00-0034753,,Mark Andrews,TE,BAL,1,FLEX,6.9,2026-10-10T01:45:15Z
2026,3,1328128689807818752,We can think of something funny,2,76431078206095360,Taylor894,5022,00-0034351,,Dallas Goedert,TE,PHI,0,,0.0,2026-10-10T01:45:15Z
2026,3,1328128689807818752,We can think of something funny,2,76431078206095360,Taylor894,7611,00-0036875,,Rhamondre Stevenson,RB,NE,1,RB,6.8,2026-10-10T01:45:15Z
2026,3,1328128689807818752,We can think of something funny,2,76431078206095360,Taylor894,8146,00-0037740,,Garrett Wilson,WR,NYJ,1,WR,28.7,2026-10-10T01:45:15Z
2026,3,1328128689807818752,We can think of something funny,2,76431078206095360,Taylor894,9221,00-0039139,,Jahmyr Gibbs,RB,DET,1,RB,41.4,2026-10-10T01:45:15Z
2026,3,1328128689807818752,We can think of something funny,2,76431078206095360,Taylor894,9486,00-0038393,,Dontayvion Wicks,WR,PHI,1,WR,5.2,2026-10-10T01:45:15Z
2026,3,1328128689807818752,We can think of something funny,2,76431078206095360,Taylor894,SEA,,,Seattle Seahawks,DEF,SEA,1,DEF,2.0,2026-10-10T01:45:15Z
2026,3,1328128689807818752,We can think of something funny,3,981702520521248768,mastuhbruce,10213,00-0038563,,Tre Tucker,WR,LV,0,,8.3,2026-10-10T01:45:15Z
2026,3,1328128689807818752,We can think of something funny,3,981702520521248768,mastuhbruce,11564,00-0039851,,Drake Maye,QB,NE,1,SUPER_FLEX,5.76,2026-10-10T01:45:15Z
2026,3,1328128689807818752,We can think of something funny,3,981702520521248768,mastuhbruce,11581,00-0039811,,MarShawn Lloyd,RB,GB,1,RB,3.8,2026-10-10T01:45:15Z
2026,3,1328128689807818752,We can think of something funny,3,981702520521248768,mastuhbruce,11646,00-0039491,,Jalen Coker,WR,CAR,1,FLEX,3.8,2026-10-10T01:45:15Z
2026,3,1328128689807818752,We can think of something funny,3,981702520521248768,mastuhbruce,12469,00-0040162,,Dylan Sampson,RB,CLE,0,,0.0,2026-10-10T01:45:15Z
2026,3,1328128689807818752,We can think of something funny,3,981702520521248768,mastuhbruce,12481,00-0040715,,Cam Skattebo,RB,NYG,1,FLEX,13.0,2026-10-10T01:45:15Z
2026,3,1328128689807818752,We can think of something funny,3,981702520521248768,mastuhbruce,12514,00-0040129,,Emeka Egbuka,WR,TB,1,WR,11.2,2026-10-10T01:45:15Z
2026,3,1328128689807818752,We can think of something funny,3,981702520521248768,mastuhbruce,12522,00-0040676,,Cam Ward,QB,TEN,0,,10.44,2026-10-10T01:45:15Z
2026,3,1328128689807818752,We can think of something funny,3,981702520521248768,mastuhbruce,12526,00-0040124,,Tetairoa McMillan,WR,CAR,1,WR,3.7,2026-10-10T01:45:15Z
2026,3,1328128689807818752,We can think of something funny,3,981702520521248768,mastuhbruce,13296,00-0041523,,Caleb Douglas,WR,MIA,0,,0.0,2026-10-10T01:45:15Z
2026,3,1328128689807818752,We can think of something funny,3,981702520521248768,mastuhbruce,13330,00-0041032,,Kenyon Sadiq,TE,NYJ,0,,29.0,2026-10-10T01:45:15Z
2026,3,1328128689807818752,We can think of something funny,3,981702520521248768,mastuhbruce,13353,00-0041047,,Chris Brazzell II,WR,CAR,0,,0.0,2026-10-10T01:45:15Z
2026,3,1328128689807818752,We can think of something funny,3,981702520521248768,mastuhbruce,13405,00-0041096,,Kaytron Allen,RB,WAS,0,,0.0,2026-10-10T01:45:15Z
2026,3,1328128689807818752,We can think of something funny,3,981702520521248768,mastuhbruce,13411,00-0041051,,Zavion Thomas,WR,CHI,0,,1.1,2026-10-10T01:45:15Z
2026,3,1328128689807818752,We can think of something funny,3,981702520521248768,mastuhbruce,13414,00-0041052,,Kaelon Black,RB,SF,0,,1.7,2026-10-10T01:45:15Z
2026,3,1328128689807818752,We can think of something funny,3,981702520521248768,mastuhbruce,13417,00-0041035,,De'Zhaun Stribling,WR,SF,0,,0.0,2026-10-10T01:45:15Z
2026,3,1328128689807818752,We can think of something funny,3,981702520521248768,mastuhbruce,4034,00-0033280,,Christian McCaffrey,RB,SF,1,RB,21.6,2026-10-10T01:45:15Z
2026,3,1328128689807818752,We can think of something funny,3,981702520521248768,mastuhbruce,4984,00-0034857,,Josh Allen,QB,BUF,1,QB,19.46,2026-10-10T01:45:15Z
2026,3,1328128689807818752,We can think of something funny,3,981702520521248768,mastuhbruce,6804,00-0036264,,Jordan Love,QB,GB,0,,21.48,2026-10-10T01:45:15Z
2026,3,1328128689807818752,We can think of something funny,3,981702520521248768,mastuhbruce,7525,00-0036912,,DeVonta Smith,WR,PHI,1,FLEX,12.5,2026-10-10T01:45:15Z
2026,3,1328128689807818752,We can think of something funny,3,981702520521248768,mastuhbruce,8126,00-0038117,,Wan'Dale Robinson,WR,TEN,0,,18.7,2026-10-10T01:45:15Z
2026,3,1328128689807818752,We can think of something funny,3,981702520521248768,mastuhbruce,8130,00-0037744,,Trey McBride,TE,ARI,1,TE,21.0,2026-10-10T01:45:15Z
2026,3,1328128689807818752,We can think of something funny,3,981702520521248768,mastuhbruce,8132,00-0037263,,Tyler Allgeier,RB,ARI,0,,4.9,2026-10-10T01:45:15Z
2026,3,1328128689807818752,We can think of something funny,3,981702520521248768,mastuhbruce,8148,00-0037240,,Jameson Williams,WR,DET,1,WR,8.9,2026-10-10T01:45:15Z
2026,3,1328128689807818752,We can think of something funny,3,981702520521248768,mastuhbruce,8167,00-0038124,,Christian Watson,WR,GB,1,WR,22.6,2026-10-10T01:45:15Z
2026,3,1328128689807818752,We can think of something funny,3,981702520521248768,mastuhbruce,8259,,,Cameron Dicker,K,LAC,1,K,8.5,2026-10-10T01:45:15Z
2026,3,1328128689807818752,We can think of something funny,3,981702520521248768,mastuhbruce,9225,00-0038555,,Tank Bigsby,RB,PHI,0,,-0.5,2026-10-10T01:45:15Z
2026,3,1328128689807818752,We can think of something funny,3,981702520521248768,mastuhbruce,9480,00-0038935,,Brenton Strange,TE,JAX,0,,7.7,2026-10-10T01:45:15Z
2026,3,1328128689807818752,We can think of something funny,3,981702520521248768,mastuhbruce,9502,00-0038977,,Tank Dell,WR,HOU,0,,0.0,2026-10-10T01:45:15Z
2026,3,1328128689807818752,We can think of something funny,3,981702520521248768,mastuhbruce,9504,00-0038608,,Kayshon Boutte,WR,HOU,0,,4.1,2026-10-10T01:45:15Z
2026,3,1328128689807818752,We can think of something funny,3,981702520521248768,mastuhbruce,9509,00-0038542,,Bijan Robinson,RB,ATL,1,RB,37.3,2026-10-10T01:45:15Z
2026,3,1328128689807818752,We can think of something funny,3,981702520521248768,mastuhbruce,9511,00-0038454,,Keaton Mitchell,RB,LAC,0,,13.7,2026-10-10T01:45:15Z
2026,3,1328128689807818752,We can think of something funny,3,981702520521248768,mastuhbruce,LAR,,,Los Angeles Rams,DEF,LAR,1,DEF,4.0,2026-10-10T01:45:15Z
2026,3,1328128689807818752,We can think of something funny,4,981707071592681472,ohsobenji,11575,00-0039875,,Ray Davis,RB,BUF,0,,0.0,2026-10-10T01:45:15Z
2026,3,1328128689807818752,We can think of something funny,4,981707071592681472,ohsobenji,11584,00-0039361,,Bucky Irving,RB,TB,1,FLEX,7.8,2026-10-10T01:45:15Z
2026,3,1328128689807818752,We can think of something funny,4,981707071592681472,ohsobenji,11604,00-0039338,,Brock Bowers,TE,LV,1,SUPER_FLEX,34.6,2026-10-10T01:45:15Z
2026,3,1328128689807818752,We can think of something funny,4,981707071592681472,ohsobenji,11783,00-0039410,,Ryan Flournoy,WR,DAL,0,,4.2,2026-10-10T01:45:15Z
2026,3,1328128689807818752,We can think of something funny,4,981707071592681472,ohsobenji,11834,00-0039424,,Devaughn Vele,WR,NO,0,,6.9,2026-10-10T01:45:15Z
2026,3,1328128689807818752,We can think of something funny,4,981707071592681472,ohsobenji,12484,00-0040130,,Jayden Higgins,WR,HOU,0,,0.0,2026-10-10T01:45:15Z
2026,3,1328128689807818752,We can think of something funny,4,981707071592681472,ohsobenji,12545,00-0040743,,Tyler Shough,QB,NO,1,QB,24.8,2026-10-10T01:45:15Z
2026,3,1328128689807818752,We can think of something funny,4,981707071592681472,ohsobenji,13274,00-0041489,,Germie Bernard,WR,PIT,0,,2.4,2026-10-10T01:45:15Z
2026,3,1328128689807818752,We can think of something funny,4,981707071592681472,ohsobenji,13289,00-0041565,,Drew Allar,QB,PIT,0,,0.0,2026-10-10T01:45:15Z
2026,3,1328128689807818752,We can think of something funny,4,981707071592681472,ohsobenji,13298,00-0041547,,KC Concepcion,WR,CLE,0,,2.9,2026-10-10T01:45:15Z
2026,3,1328128689807818752,We can think of something funny,4,981707071592681472,ohsobenji,13311,00-0041525,,Chris Bell,WR,MIA,0,,10.7,2026-10-10T01:45:15Z
2026,3,1328128689807818752,We can think of something funny,4,981707071592681472,ohsobenji,2747,,,Jason Myers,K,SEA,1,K,9.7,2026-10-10T01:45:15Z
2026,3,1328128689807818752,We can think of something funny,4,981707071592681472,ohsobenji,3257,00-0033119,,Jacoby Brissett,QB,ARI,0,,25.6,2026-10-10T01:45:15Z
2026,3,1328128689807818752,We can think of something funny,4,981707071592681472,ohsobenji,3321,,,Tyreek Hill,WR,,0,,0.0,2026-10-10T01:45:15Z
2026,3,1328128689807818752,We can think of something funny,4,981707071592681472,ohsobenji,4037,00-0033921,,Chris Godwin Jr.,WR,TB,0,,5.5,2026-10-10T01:45:15Z
2026,3,1328128689807818752,We can think of something funny,4,981707071592681472,ohsobenji,4217,00-0033288,,George Kittle,TE,SF,1,FLEX,29.2,2026-10-10T01:45:15Z
2026,3,1328128689807818752,We can think of something funny,4,981707071592681472,ohsobenji,4866,00-0034844,,Saquon Barkley,RB,PHI,1,RB,9.0,2026-10-10T01:45:15Z
2026,3,1328128689807818752,We can think of something funny,4,981707071592681472,ohsobenji,4892,00-0034855,,Baker Mayfield,QB,TB,0,,13.28,2026-10-10T01:45:15Z
2026,3,1328128689807818752,We can think of something funny,4,981707071592681472,ohsobenji,4983,00-0034827,,DJ Moore,WR,BUF,1,WR,12.7,2026-10-10T01:45:15Z
2026,3,1328128689807818752,We can think of something funny,4,981707071592681472,ohsobenji,5854,00-0035704,,Drew Lock,QB,SEA,0,,0.0,2026-10-10T01:45:15Z
2026,3,1328128689807818752,We can think of something funny,4,981707071592681472,ohsobenji,5947,00-0034960,,Jakobi Meyers,WR,JAX,0,,19.4,2026-10-10T01:45:15Z
2026,3,1328128689807818752,We can think of something funny,4,981707071592681472,ohsobenji,6794,00-0036322,,Justin Jefferson,WR,MIN,1,WR,5.2,2026-10-10T01:45:15Z
2026,3,1328128689807818752,We can think of something funny,4,981707071592681472,ohsobenji,7002,00-0036040,,Juwan Johnson,TE,NO,0,,27.3,2026-10-10T01:45:15Z
2026,3,1328128689807818752,We can think of something funny,4,981707071592681472,ohsobenji,7021,00-0036139,,Rico Dowdle,RB,PIT,0,,0.0,2026-10-10T01:45:15Z
2026,3,1328128689807818752,We can think of something funny,4,981707071592681472,ohsobenji,7594,00-0036555,,Chuba Hubbard,RB,CAR,1,FLEX,15.0,2026-10-10T01:45:15Z
2026,3,1328128689807818752,We can think of something funny,4,981707071592681472,ohsobenji,8112,00-0037238,,Drake London,WR,ATL,1,WR,30.4,2026-10-10T01:45:15Z
2026,3,1328128689807818752,We can think of something funny,4,981707071592681472,ohsobenji,8136,00-0037256,,Rachaad White,RB,WAS,0,,11.1,2026-10-10T01:45:15Z
2026,3,1328128689807818752,We can think of something funny,4,981707071592681472,ohsobenji,8138,00-0037248,,James Cook,RB,BUF,1,RB,21.4,2026-10-10T01:45:15Z
2026,3,1328128689807818752,We can think of something funny,4,981707071592681472,ohsobenji,8150,00-0037840,,Kyren Williams,RB,LA,1,RB,21.8,2026-10-10T01:45:15Z
2026,3,1328128689807818752,We can think of something funny,4,981707071592681472,ohsobenji,9484,00-0038996,,Tucker Kraft,TE,GB,1,TE,8.6,2026-10-10T01:45:15Z
2026,3,1328128689807818752,We can think of something funny,4,981707071592681472,ohsobenji,9500,00-0038997,,Josh Downs,WR,IND,1,WR,12.7,2026-10-10T01:45:15Z
2026,3,1328128689807818752,We can think of something funny,4,981707071592681472,ohsobenji,9754,00-0038544,,Quentin Johnston,WR,LAC,0,,7.0,2026-10-10T01:45:15Z
2026,3,1328128689807818752,We can think of something funny,4,981707071592681472,ohsobenji,HOU,,,Houston Texans,DEF,HOU,1,DEF,13.0,2026-10-10T01:45:15Z
2026,3,1328128689807818752,We can think of something funny,5,473346537234100224,MrMasculinity,10222,00-0039146,,Jayden Reed,WR,GB,0,,0.0,2026-10-10T01:45:15Z
2026,3,1328128689807818752,We can think of something funny,5,473346537234100224,MrMasculinity,10236,00-0038933,,Dalton Kincaid,TE,BUF,1,FLEX,4.8,2026-10-10T01:45:15Z
2026,3,1328128689807818752,We can think of something funny,5,473346537234100224,MrMasculinity,11563,00-0039732,,Bo Nix,QB,DEN,1,SUPER_FLEX,25.14,2026-10-10T01:45:15Z
2026,3,1328128689807818752,We can think of something funny,5,473346537234100224,MrMasculinity,11620,00-0039919,,Rome Odunze,WR,CHI,0,,7.4,2026-10-10T01:45:15Z
2026,3,1328128689807818752,We can think of something funny,5,473346537234100224,MrMasculinity,11624,00-0039894,,Xavier Worthy,WR,KC,0,,4.0,2026-10-10T01:45:15Z
2026,3,1328128689807818752,We can think of something funny,5,473346537234100224,MrMasculinity,11637,00-0039901,,Keon Coleman,WR,BUF,0,,4.7,2026-10-10T01:45:15Z
2026,3,1328128689807818752,We can think of something funny,5,473346537234100224,MrMasculinity,11638,00-0039916,,Ricky Pearsall,WR,SF,0,,0.0,2026-10-10T01:45:15Z
2026,3,1328128689807818752,We can think of something funny,5,473346537234100224,MrMasculinity,12490,00-0040719,,Bhayshul Tuten,RB,JAX,1,FLEX,17.0,2026-10-10T01:45:15Z
2026,3,1328128689807818752,We can think of something funny,5,473346537234100224,MrMasculinity,12497,00-0040648,,Tory Horton,WR,SEA,0,,7.8,2026-10-10T01:45:15Z
2026,3,1328128689807818752,We can think of something funny,5,473346537234100224,MrMasculinity,12506,00-0040663,,Harold Fannin Jr.,TE,CLE,1,TE,27.6,2026-10-10T01:45:15Z
2026,3,1328128689807818752,We can think of something funny,5,473346537234100224,MrMasculinity,12512,00-0040784,,Quinshon Judkins,RB,CLE,1,RB,9.9,2026-10-10T01:45:15Z
2026,3,1328128689807818752,We can think of something funny,5,473346537234100224,MrMasculinity,12529,00-0040734,,TreVeyon Henderson,RB,NE,1,FLEX,3.9,2026-10-10T01:45:15Z
2026,3,1328128689807818752,We can think of something funny,5,473346537234100224,MrMasculinity,12536,00-0040138,,Jaylin Noel,WR,HOU,0,,4.5,2026-10-10T01:45:15Z
2026,3,1328128689807818752,We can think of something funny,5,473346537234100224,MrMasculinity,13272,00-0041561,,Carson Beck,QB,ARI,0,,0.0,2026-10-10T01:45:15Z
2026,3,1328128689807818752,We can think of something funny,5,473346537234100224,MrMasculinity,13279,00-0041438,,Carnell Tate,WR,TEN,1,WR,11.8,2026-10-10T01:45:15Z
2026,3,1328128689807818752,We can think of something funny,5,473346537234100224,MrMasculinity,13294,00-0040867,,Makai Lemon,WR,PHI,0,,5.9,2026-10-10T01:45:15Z
2026,3,1328128689807818752,We can think of something funny,5,473346537234100224,MrMasculinity,13305,00-0040878,,Mike Washington Jr.,RB,LV,0,,11.4,2026-10-10T01:45:15Z
2026,3,1328128689807818752,We can think of something funny,5,473346537234100224,MrMasculinity,13346,00-0041037,,Denzel Boston,WR,CLE,0,,8.1,2026-10-10T01:45:15Z
2026,3,1328128689807818752,We can think of something funny,5,473346537234100224,MrMasculinity,13402,00-0041443,,Skyler Bell,WR,BUF,0,,0.0,2026-10-10T01:45:15Z
2026,3,1328128689807818752,We can think of something funny,5,473346537234100224,MrMasculinity,4035,00-0033906,,Alvin Kamara,RB,NO,0,,5.1,2026-10-10T01:45:15Z
2026,3,1328128689807818752,We can think of something funny,5,473346537234100224,MrMasculinity,421,00-0026498,,Matthew Stafford,QB,LA,1,QB,25.9,2026-10-10T01:45:15Z
2026,3,1328128689807818752,We can think of something funny,5,473346537234100224,MrMasculinity,5846,00-0035640,,DK Metcalf,WR,PIT,1,WR,12.1,2026-10-10T01:45:15Z
2026,3,1328128689807818752,We can think of something funny,5,473346537234100224,MrMasculinity,5967,00-0035261,,Tony Pollard,RB,TEN,0,,13.6,2026-10-10T01:45:15Z
2026,3,1328128689807818752,We can think of something funny,5,473346537234100224,MrMasculinity,6650,,,Chase McLaughlin,K,TB,1,K,13.0,2026-10-10T01:45:15Z
2026,3,1328128689807818752,We can think of something funny,5,473346537234100224,MrMasculinity,6790,00-0036275,,D'Andre Swift,RB,CHI,1,RB,10.8,2026-10-10T01:45:15Z
2026,3,1328128689807818752,We can think of something funny,5,473346537234100224,MrMasculinity,7090,00-0036309,,Darnell Mooney,WR,NYG,0,,4.9,2026-10-10T01:45:15Z
2026,3,1328128689807818752,We can think of something funny,5,473346537234100224,MrMasculinity,7553,00-0036970,,Kyle Pitts,TE,ATL,0,,2.0,2026-10-10T01:45:15Z
2026,3,1328128689807818752,We can think of something funny,5,473346537234100224,MrMasculinity,8137,00-0037247,,George Pickens,WR,DAL,1,WR,15.2,2026-10-10T01:45:15Z
2026,3,1328128689807818752,We can think of something funny,5,473346537234100224,MrMasculinity,8144,00-0037239,,Chris Olave,WR,NO,1,WR,21.7,2026-10-10T01:45:15Z
2026,3,1328128689807818752,We can think of something funny,5,473346537234100224,MrMasculinity,8155,00-0038120,,Breece Hall,RB,NYJ,1,RB,8.5,2026-10-10T01:45:15Z
2026,3,1328128689807818752,We can think of something funny,5,473346537234100224,MrMasculinity,8676,00-0037545,,Rashid Shaheed,WR,SEA,0,,3.4,2026-10-10T01:45:15Z
2026,3,1328128689807818752,We can think of something funny,5,473346537234100224,MrMasculinity,9753,00-0039165,,Zach Charbonnet,RB,SEA,0,,0.0,2026-10-10T01:45:15Z
2026,3,1328128689807818752,We can think of something funny,5,473346537234100224,MrMasculinity,BUF,,,Buffalo Bills,DEF,BUF,1,DEF,5.0,2026-10-10T01:45:15Z
2026,3,1328128689807818752,We can think of something funny,6,981733843247992832,jakelotwin,11566,00-0039910,,Jayden Daniels,QB,WAS,0,,0.0,2026-10-10T01:45:15Z
2026,3,1328128689807818752,We can think of something funny,6,981733843247992832,jakelotwin,11576,00-0039794,,Braelon Allen,RB,NYJ,0,,4.7,2026-10-10T01:45:15Z
2026,3,1328128689807818752,We can think of something funny,6,981733843247992832,jakelotwin,11635,00-0039915,,Ladd McConkey,WR,LAC,1,WR,10.6,2026-10-10T01:45:15Z
2026,3,1328128689807818752,We can think of something funny,6,981733843247992832,jakelotwin,11655,00-0039384,,Tyrone Tracy Jr.,RB,NYG,0,,0.3,2026-10-10T01:45:15Z
2026,3,1328128689807818752,We can think of something funny,6,981733843247992832,jakelotwin,12048,00-0039299,,George Holani,RB,SEA,0,,10.8,2026-10-10T01:45:15Z
2026,3,1328128689807818752,We can think of something funny,6,981733843247992832,jakelotwin,12474,00-0040583,,Woody Marks,RB,HOU,0,,9.1,2026-10-10T01:45:15Z
2026,3,1328128689807818752,We can think of something funny,6,981733843247992832,jakelotwin,12508,00-0040691,,Jaxson Dart,QB,NYG,0,,0.0,2026-10-10T01:45:15Z
2026,3,1328128689807818752,We can think of something funny,6,981733843247992832,jakelotwin,12533,00-0040242,,Jacory Croskey-Merritt,RB,WAS,1,FLEX,5.3,2026-10-10T01:45:15Z
2026,3,1328128689807818752,We can think of something funny,6,981733843247992832,jakelotwin,12535,00-0040669,,Isaac TeSlaa,WR,DET,0,,9.6,2026-10-10T01:45:15Z
2026,3,1328128689807818752,We can think of something funny,6,981733843247992832,jakelotwin,12711,,,Tyler Loop,K,BAL,1,K,12.3,2026-10-10T01:45:15Z
2026,3,1328128689807818752,We can think of something funny,6,981733843247992832,jakelotwin,13281,00-0041029,,Jordyn Tyson,WR,NO,0,,0.0,2026-10-10T01:45:15Z
2026,3,1328128689807818752,We can think of something funny,6,981733843247992832,jakelotwin,13288,00-0040886,,Nicholas Singleton,RB,TEN,0,,0.0,2026-10-10T01:45:15Z
2026,3,1328128689807818752,We can think of something funny,6,981733843247992832,jakelotwin,13320,00-0041044,,Zachariah Branch,WR,ATL,0,,1.7,2026-10-10T01:45:15Z
2026,3,1328128689807818752,We can think of something funny,6,981733843247992832,jakelotwin,13380,00-0041550,,Brenen Thompson,WR,LAC,0,,0.0,2026-10-10T01:45:15Z
2026,3,1328128689807818752,We can think of something funny,6,981733843247992832,jakelotwin,1466,00-0030506,,Travis Kelce,TE,KC,1,TE,14.9,2026-10-10T01:45:15Z
2026,3,1328128689807818752,We can think of something funny,6,981733843247992832,jakelotwin,1479,00-0030279,,Keenan Allen,WR,IND,0,,18.3,2026-10-10T01:45:15Z
2026,3,1328128689807818752,We can think of something funny,6,981733843247992832,jakelotwin,2306,00-0031503,,Jameis Winston,QB,NYG,1,SUPER_FLEX,6.12,2026-10-10T01:45:15Z
2026,3,1328128689807818752,We can think of something funny,6,981733843247992832,jakelotwin,3198,00-0032764,,Derrick Henry,RB,BAL,1,RB,21.9,2026-10-10T01:45:15Z
2026,3,1328128689807818752,We can think of something funny,6,981733843247992832,jakelotwin,4943,00-0034869,,Sam Darnold,QB,SEA,0,,31.66,2026-10-10T01:45:15Z
2026,3,1328128689807818752,We can think of something funny,6,981733843247992832,jakelotwin,5045,00-0034348,,Courtland Sutton,WR,DEN,0,,7.6,2026-10-10T01:45:15Z
2026,3,1328128689807818752,We can think of something funny,6,981733843247992832,jakelotwin,5859,00-0035676,,A.J. Brown,WR,NE,0,,0.0,2026-10-10T01:45:15Z
2026,3,1328128689807818752,We can think of something funny,6,981733843247992832,jakelotwin,5927,00-0035659,,Terry McLaurin,WR,WAS,1,WR,19.7,2026-10-10T01:45:15Z
2026,3,1328128689807818752,We can think of something funny,6,981733843247992832,jakelotwin,6797,00-0036355,,Justin Herbert,QB,LAC,1,QB,13.74,2026-10-10T01:45:15Z
2026,3,1328128689807818752,We can think of something funny,6,981733843247992832,jakelotwin,6819,00-0036252,,Michael Pittman,WR,PIT,0,,3.6,2026-10-10T01:45:15Z
2026,3,1328128689807818752,We can think of something funny,6,981733843247992832,jakelotwin,7547,00-0036963,,Amon-Ra St. Brown,WR,DET,1,WR,11.9,2026-10-10T01:45:15Z
2026,3,1328128689807818752,We can think of something funny,6,981733843247992832,jakelotwin,7571,00-0036550,,Rashod Bateman,WR,BAL,1,WR,5.7,2026-10-10T01:45:15Z
2026,3,1328128689807818752,We can think of something funny,6,981733843247992832,jakelotwin,8131,00-0037838,,Isaiah Likely,TE,NYG,1,FLEX,4.3,2026-10-10T01:45:15Z
2026,3,1328128689807818752,We can think of something funny,6,981733843247992832,jakelotwin,8151,00-0038134,,Kenneth Walker III,RB,KC,1,RB,21.3,2026-10-10T01:45:15Z
2026,3,1328128689807818752,We can think of something funny,6,981733843247992832,jakelotwin,8210,00-0037809,,Chig Okonkwo,TE,WAS,0,,0.0,2026-10-10T01:45:15Z
2026,3,1328128689807818752,We can think of something funny,6,981733843247992832,jakelotwin,8228,00-0037228,,Jaylen Warren,RB,PIT,1,FLEX,22.6,2026-10-10T01:45:15Z
2026,3,1328128689807818752,We can think of something funny,6,981733843247992832,jakelotwin,9226,00-0039040,,De'Von Achane,RB,MIA,1,RB,1.7,2026-10-10T01:45:15Z
2026,3,1328128689807818752,We can think of something funny,6,981733843247992832,jakelotwin,DEN,,,Denver Broncos,DEF,DEN,0,,14.0,2026-10-10T01:45:15Z
2026,3,1328128689807818752,We can think of something funny,6,981733843247992832,jakelotwin,KC,,,Kansas City Chiefs,DEF,KC,1,DEF,9.0,2026-10-10T01:45:15Z
2026,3,1328128689807818752,We can think of something funny,7,736322979776036864,njmoses,11559,00-0039917,,Michael Penix Jr.,QB,ATL,0,,15.04,2026-10-10T01:45:15Z
2026,3,1328128689807818752,We can think of something funny,7,736322979776036864,njmoses,11625,00-0039890,,Adonai Mitchell,WR,NYJ,0,,0.0,2026-10-10T01:45:15Z
2026,3,1328128689807818752,We can think of something funny,7,736322979776036864,njmoses,1166,00-0029604,,Kirk Cousins,QB,LV,0,,22.22,2026-10-10T01:45:15Z
2026,3,1328128689807818752,We can think of something funny,7,736322979776036864,njmoses,12489,00-0040730,,RJ Harvey,RB,DEN,0,,10.7,2026-10-10T01:45:15Z
2026,3,1328128689807818752,We can think of something funny,7,736322979776036864,njmoses,13275,00-0041568,,Ty Simpson,QB,LA,0,,0.0,2026-10-10T01:45:15Z
2026,3,1328128689807818752,We can think of something funny,7,736322979776036864,njmoses,13286,00-0041512,,Jadarian Price,RB,SEA,1,FLEX,1.2,2026-10-10T01:45:15Z
2026,3,1328128689807818752,We can think of something funny,7,736322979776036864,njmoses,13348,00-0041217,,J'Mari Taylor,RB,JAX,0,,0.0,2026-10-10T01:45:15Z
2026,3,1328128689807818752,We can think of something funny,7,736322979776036864,njmoses,13349,00-0041483,,Eli Stowers,TE,PHI,0,,0.0,2026-10-10T01:45:15Z
2026,3,1328128689807818752,We can think of something funny,7,736322979776036864,njmoses,1373,00-0030565,,Geno Smith,QB,NYJ,0,,28.04,2026-10-10T01:45:15Z
2026,3,1328128689807818752,We can think of something funny,7,736322979776036864,njmoses,2216,00-0031408,,Mike Evans,WR,SF,1,WR,12.4,2026-10-10T01:45:15Z
2026,3,1328128689807818752,We can think of something funny,7,736322979776036864,njmoses,3214,00-0033090,,Hunter Henry,TE,NE,1,TE,2.0,2026-10-10T01:45:15Z
2026,3,1328128689807818752,We can think of something funny,7,736322979776036864,njmoses,3678,,,Wil Lutz,K,DEN,0,,1.0,2026-10-10T01:45:15Z
2026,3,1328128689807818752,We can think of something funny,7,736322979776036864,njmoses,4033,00-0033885,,David Njoku,TE,LAC,0,,0.0,2026-10-10T01:45:15Z
2026,3,1328128689807818752,We can think of something funny,7,736322979776036864,njmoses,4039,00-0033908,,Cooper Kupp,WR,SEA,0,,14.6,2026-10-10T01:45:15Z
2026,3,1328128689807818752,We can think of something funny,7,736322979776036864,njmoses,4199,00-0033293,,Aaron Jones,RB,MIN,1,FLEX,14.2,2026-10-10T01:45:15Z
2026,3,1328128689807818752,We can think of something funny,7,736322979776036864,njmoses,4881,00-0034796,,Lamar Jackson,QB,BAL,1,QB,20.44,2026-10-10T01:45:15Z
2026,3,1328128689807818752,We can think of something funny,7,736322979776036864,njmoses,6768,00-0036212,,Tua Tagovailoa,QB,ATL,0,,0.0,2026-10-10T01:45:15Z
2026,3,1328128689807818752,We can think of something funny,7,736322979776036864,njmoses,6783,00-0036407,,Jerry Jeudy,WR,CLE,0,,0.0,2026-10-10T01:45:15Z
2026,3,1328128689807818752,We can think of something funny,7,736322979776036864,njmoses,6786,00-0036358,,CeeDee Lamb,WR,DAL,1,WR,22.2,2026-10-10T01:45:15Z
2026,3,1328128689807818752,We can think of something funny,7,736322979776036864,njmoses,6806,00-0036158,,J.K. Dobbins,RB,DEN,1,RB,6.3,2026-10-10T01:45:15Z
2026,3,1328128689807818752,We can think of something funny,7,736322979776036864,njmoses,6813,00-0036223,,Jonathan Taylor,RB,IND,1,RB,9.2,2026-10-10T01:45:15Z
2026,3,1328128689807818752,We can think of something funny,7,736322979776036864,njmoses,7049,00-0036259,,Jauan Jennings,WR,MIN,0,,1.1,2026-10-10T01:45:15Z
2026,3,1328128689807818752,We can think of something funny,7,736322979776036864,njmoses,7528,00-0036893,,Najee Harris,RB,NYG,0,,5.2,2026-10-10T01:45:15Z
2026,3,1328128689807818752,We can think of something funny,7,736322979776036864,njmoses,7543,00-0036973,,Travis Etienne,RB,NO,1,RB,9.0,2026-10-10T01:45:15Z
2026,3,1328128689807818752,We can think of something funny,7,736322979776036864,njmoses,7564,00-0036900,,Ja'Marr Chase,WR,CIN,1,WR,24.8,2026-10-10T01:45:15Z
2026,3,1328128689807818752,We can think of something funny,7,736322979776036864,njmoses,7567,00-0036919,,Kenny Gainwell,RB,TB,0,,3.0,2026-10-10T01:45:15Z
2026,3,1328128689807818752,We can think of something funny,7,736322979776036864,njmoses,7839,,,Evan McPherson,K,CIN,1,K,11.8,2026-10-10T01:45:15Z
2026,3,1328128689807818752,We can think of something funny,7,736322979776036864,njmoses,8134,00-0037261,,Khalil Shakir,WR,BUF,1,FLEX,1.6,2026-10-10T01:45:15Z
2026,3,1328128689807818752,We can think of something funny,7,736322979776036864,njmoses,9757,00-0038551,,Kendre Miller,RB,NO,0,,3.9,2026-10-10T01:45:15Z
2026,3,1328128689807818752,We can think of something funny,7,736322979776036864,njmoses,9758,00-0039163,,C.J. Stroud,QB,HOU,1,SUPER_FLEX,11.68,2026-10-10T01:45:15Z
2026,3,1328128689807818752,We can think of something funny,7,736322979776036864,njmoses,9997,00-0039064,,Zay Flowers,WR,BAL,1,WR,15.4,2026-10-10T01:45:15Z
2026,3,1328128689807818752,We can think of something funny,7,736322979776036864,njmoses,PHI,,,Philadelphia Eagles,DEF,PHI,1,DEF,1.0,2026-10-10T01:45:15Z
2026,3,1328128689807818752,We can think of something funny,7,736322979776036864,njmoses,SF,,,San Francisco 49ers,DEF,SF,0,,1.0,2026-10-10T01:45:15Z
2026,3,1328128689807818752,We can think of something funny,8,981740747340795904,tmag85,10229,00-0039067,,Rashee Rice,WR,KC,1,WR,15.8,2026-10-10T01:45:15Z
2026,3,1328128689807818752,We can think of something funny,8,981740747340795904,tmag85,11586,00-0039738,,Blake Corum,RB,LA,0,,3.5,2026-10-10T01:45:15Z
2026,3,1328128689807818752,We can think of something funny,8,981740747340795904,tmag85,11603,00-0039793,,AJ Barner,TE,SEA,0,,14.4,2026-10-10T01:45:15Z
2026,3,1328128689807818752,We can think of something funny,8,981740747340795904,tmag85,11618,00-0039855,,Jalen McMillan,WR,TB,0,,0.0,2026-10-10T01:45:15Z
2026,3,1328128689807818752,We can think of something funny,8,981740747340795904,tmag85,11643,00-0039874,,Jaylen Wright,RB,MIA,0,,0.0,2026-10-10T01:45:15Z
2026,3,1328128689807818752,We can think of something funny,8,981740747340795904,tmag85,12487,00-0040737,,Terrance Ferguson,TE,LA,0,,2.4,2026-10-10T01:45:15Z
2026,3,1328128689807818752,We can think of something funny,8,981740747340795904,tmag85,12493,00-0040189,,Oronde Gadsden II,TE,LAC,1,TE,0.0,2026-10-10T01:45:15Z
2026,3,1328128689807818752,We can think of something funny,8,981740747340795904,tmag85,12519,00-0040735,,Luther Burden III,WR,CHI,0,,19.8,2026-10-10T01:45:15Z
2026,3,1328128689807818752,We can think of something funny,8,981740747340795904,tmag85,12527,00-0040122,,Ashton Jeanty,RB,LV,1,RB,12.3,2026-10-10T01:45:15Z
2026,3,1328128689807818752,We can think of something funny,8,981740747340795904,tmag85,12534,00-0040236,,Kyle Monangai,RB,CHI,1,RB,3.1,2026-10-10T01:45:15Z
2026,3,1328128689807818752,We can think of something funny,8,981740747340795904,tmag85,12547,00-0040131,,Kyle Williams,WR,NE,0,,4.4,2026-10-10T01:45:15Z
2026,3,1328128689807818752,We can think of something funny,8,981740747340795904,tmag85,12713,,,Andy Borregales,K,NE,1,K,6.5,2026-10-10T01:45:15Z
2026,3,1328128689807818752,We can think of something funny,8,981740747340795904,tmag85,13285,00-0041042,,Malachi Fields,WR,NYG,0,,3.9,2026-10-10T01:45:15Z
2026,3,1328128689807818752,We can think of something funny,8,981740747340795904,tmag85,13337,00-0041013,,Emmett Johnson,RB,KC,0,,1.7,2026-10-10T01:45:15Z
2026,3,1328128689807818752,We can think of something funny,8,981740747340795904,tmag85,13345,00-0041496,,Jonah Coleman,RB,DEN,0,,0.0,2026-10-10T01:45:15Z
2026,3,1328128689807818752,We can think of something funny,8,981740747340795904,tmag85,13424,00-0041125,,Seth McGowan,RB,IND,0,,1.4,2026-10-10T01:45:15Z
2026,3,1328128689807818752,We can think of something funny,8,981740747340795904,tmag85,13477,00-0041069,,Colbie Young,WR,CIN,0,,1.2,2026-10-10T01:45:15Z
2026,3,1328128689807818752,We can think of something funny,8,981740747340795904,tmag85,2133,00-0031381,,Davante Adams,WR,LA,1,WR,22.7,2026-10-10T01:45:15Z
2026,3,1328128689807818752,We can think of something funny,8,981740747340795904,tmag85,5870,00-0035710,,Daniel Jones,QB,IND,0,,8.9,2026-10-10T01:45:15Z
2026,3,1328128689807818752,We can think of something funny,8,981740747340795904,tmag85,5872,00-0035719,,Deebo Samuel Sr.,WR,SF,1,FLEX,18.4,2026-10-10T01:45:15Z
2026,3,1328128689807818752,We can think of something funny,8,981740747340795904,tmag85,6770,00-0036442,,Joe Burrow,QB,CIN,1,QB,22.58,2026-10-10T01:45:15Z
2026,3,1328128689807818752,We can think of something funny,8,981740747340795904,tmag85,6801,00-0036410,,Tee Higgins,WR,CIN,1,WR,21.0,2026-10-10T01:45:15Z
2026,3,1328128689807818752,We can think of something funny,8,981740747340795904,tmag85,7523,00-0036971,,Trevor Lawrence,QB,JAX,1,SUPER_FLEX,20.78,2026-10-10T01:45:15Z
2026,3,1328128689807818752,We can think of something funny,8,981740747340795904,tmag85,7600,00-0036894,,Pat Freiermuth,TE,PIT,1,FLEX,6.1,2026-10-10T01:45:15Z
2026,3,1328128689807818752,We can think of something funny,8,981740747340795904,tmag85,8110,00-0038041,,Jake Ferguson,TE,DAL,0,,10.8,2026-10-10T01:45:15Z
2026,3,1328128689807818752,We can think of something funny,8,981740747340795904,tmag85,8121,00-0037816,,Romeo Doubs,WR,NE,1,FLEX,7.9,2026-10-10T01:45:15Z
2026,3,1328128689807818752,We can think of something funny,8,981740747340795904,tmag85,8142,00-0037664,,Alec Pierce,WR,IND,0,,0.0,2026-10-10T01:45:15Z
2026,3,1328128689807818752,We can think of something funny,8,981740747340795904,tmag85,8161,00-0038128,,Malik Willis,QB,MIA,0,,11.0,2026-10-10T01:45:15Z
2026,3,1328128689807818752,We can think of something funny,8,981740747340795904,tmag85,9224,00-0038597,,Chase Brown,RB,CIN,1,RB,8.9,2026-10-10T01:45:15Z
2026,3,1328128689807818752,We can think of something funny,8,981740747340795904,tmag85,9487,00-0038606,,Parker Washington,WR,JAX,1,WR,13.0,2026-10-10T01:45:15Z
2026,3,1328128689807818752,We can think of something funny,8,981740747340795904,tmag85,9506,00-0038951,,Sean Tucker,RB,TB,0,,0.0,2026-10-10T01:45:15Z
2026,3,1328128689807818752,We can think of something funny,8,981740747340795904,tmag85,9756,00-0038994,,Jordan Addison,WR,MIN,0,,21.0,2026-10-10T01:45:15Z
2026,3,1328128689807818752,We can think of something funny,8,981740747340795904,tmag85,NE,,,New England Patriots,DEF,NE,1,DEF,-1.0,2026-10-10T01:45:15Z
2026,3,1384263065352015872,Gooma's Family League,1,473347412346269696,tmwrigh,10219,00-0038611,,Chris Rodriguez Jr.,RB,JAX,0,,9.7,2026-10-10T01:45:15Z
2026,3,1384263065352015872,Gooma's Family League,1,473347412346269696,tmwrigh,10859,00-0039065,,Sam LaPorta,TE,DET,1,TE,7.4,2026-10-10T01:45:15Z
2026,3,1384263065352015872,Gooma's Family League,1,473347412346269696,tmwrigh,11539,,,Jake Bates,K,DET,1,K,7.0,2026-10-10T01:45:15Z
2026,3,1384263065352015872,Gooma's Family League,1,473347412346269696,tmwrigh,12472,00-0040466,,Raheim Sanders,RB,CLE,0,,9.1,2026-10-10T01:45:15Z
2026,3,1384263065352015872,Gooma's Family League,1,473347412346269696,tmwrigh,12526,00-0040124,,Tetairoa McMillan,WR,CAR,1,WR,3.7,2026-10-10T01:45:15Z
2026,3,1384263065352015872,Gooma's Family League,1,473347412346269696,tmwrigh,13293,00-0040870,,Ja'Kobi Lane,WR,BAL,0,,0.0,2026-10-10T01:45:15Z
2026,3,1384263065352015872,Gooma's Family League,1,473347412346269696,tmwrigh,13296,00-0041523,,Caleb Douglas,WR,MIA,0,,0.0,2026-10-10T01:45:15Z
2026,3,1384263065352015872,Gooma's Family League,1,473347412346269696,tmwrigh,13311,00-0041525,,Chris Bell,WR,MIA,0,,10.7,2026-10-10T01:45:15Z
2026,3,1384263065352015872,Gooma's Family League,1,473347412346269696,tmwrigh,4033,00-0033885,,David Njoku,TE,LAC,0,,0.0,2026-10-10T01:45:15Z
2026,3,1384263065352015872,Gooma's Family League,1,473347412346269696,tmwrigh,4217,00-0033288,,George Kittle,TE,SF,1,FLEX,26.2,2026-10-10T01:45:15Z
2026,3,1384263065352015872,Gooma's Family League,1,473347412346269696,tmwrigh,4983,00-0034827,,DJ Moore,WR,BUF,1,WR,12.7,2026-10-10T01:45:15Z
2026,3,1384263065352015872,Gooma's Family League,1,473347412346269696,tmwrigh,5846,00-0035640,,DK Metcalf,WR,PIT,1,FLEX,12.1,2026-10-10T01:45:15Z
2026,3,1384263065352015872,Gooma's Family League,1,473347412346269696,tmwrigh,6130,00-0035250,,Devin Singletary,RB,NYG,0,,0.0,2026-10-10T01:45:15Z
2026,3,1384263065352015872,Gooma's Family League,1,473347412346269696,tmwrigh,6797,00-0036355,,Justin Herbert,QB,LAC,1,QB,12.74,2026-10-10T01:45:15Z
2026,3,1384263065352015872,Gooma's Family League,1,473347412346269696,tmwrigh,7588,00-0036997,,Javonte Williams,RB,DAL,1,RB,18.3,2026-10-10T01:45:15Z
2026,3,1384263065352015872,Gooma's Family League,1,473347412346269696,tmwrigh,8161,00-0038128,,Malik Willis,QB,MIA,0,,10.0,2026-10-10T01:45:15Z
2026,3,1384263065352015872,Gooma's Family League,1,473347412346269696,tmwrigh,9226,00-0039040,,De'Von Achane,RB,MIA,1,RB,1.7,2026-10-10T01:45:15Z
2026,3,1384263065352015872,Gooma's Family League,1,473347412346269696,tmwrigh,9228,00-0039150,,Bryce Young,QB,CAR,1,SUPER_FLEX,13.64,2026-10-10T01:45:15Z
2026,3,1384263065352015872,Gooma's Family League,1,473347412346269696,tmwrigh,9488,00-0038543,,Jaxon Smith-Njigba,WR,SEA,1,WR,35.36,2026-10-10T01:45:15Z
2026,3,1384263065352015872,Gooma's Family League,1,473347412346269696,tmwrigh,MIN,,,Minnesota Vikings,DEF,MIN,0,,19.0,2026-10-10T01:45:15Z
2026,3,1384263065352015872,Gooma's Family League,1,473347412346269696,tmwrigh,SF,,,San Francisco 49ers,DEF,SF,1,DEF,0.0,2026-10-10T01:45:15Z
2026,3,1384263065352015872,Gooma's Family League,2,830805333189455872,thewrightdek,11370,00-0038685,,Chris Brooks,RB,GB,0,,1.4,2026-10-10T01:45:15Z
2026,3,1384263065352015872,Gooma's Family League,2,830805333189455872,thewrightdek,11584,00-0039361,,Bucky Irving,RB,TB,1,RB,7.8,2026-10-10T01:45:15Z
2026,3,1384263065352015872,Gooma's Family League,2,830805333189455872,thewrightdek,11631,00-0039893,,Brian Thomas Jr.,WR,JAX,0,,1.8,2026-10-10T01:45:15Z
2026,3,1384263065352015872,Gooma's Family League,2,830805333189455872,thewrightdek,11792,,,Will Reichard,K,MIN,0,,16.0,2026-10-10T01:45:15Z
2026,3,1384263065352015872,Gooma's Family League,2,830805333189455872,thewrightdek,12508,00-0040691,,Jaxson Dart,QB,NYG,0,,0.0,2026-10-10T01:45:15Z
2026,3,1384263065352015872,Gooma's Family League,2,830805333189455872,thewrightdek,12517,00-0040126,,Colston Loveland,TE,CHI,1,TE,7.1,2026-10-10T01:45:15Z
2026,3,1384263065352015872,Gooma's Family League,2,830805333189455872,thewrightdek,12522,00-0040676,,Cam Ward,QB,TEN,1,QB,9.44,2026-10-10T01:45:15Z
2026,3,1384263065352015872,Gooma's Family League,2,830805333189455872,thewrightdek,13298,00-0041547,,KC Concepcion,WR,CLE,0,,2.9,2026-10-10T01:45:15Z
2026,3,1384263065352015872,Gooma's Family League,2,830805333189455872,thewrightdek,4017,00-0033537,,Deshaun Watson,QB,CLE,1,SUPER_FLEX,20.26,2026-10-10T01:45:15Z
2026,3,1384263065352015872,Gooma's Family League,2,830805333189455872,thewrightdek,4227,,,Harrison Butker,K,KC,1,K,5.0,2026-10-10T01:45:15Z
2026,3,1384263065352015872,Gooma's Family League,2,830805333189455872,thewrightdek,4866,00-0034844,,Saquon Barkley,RB,PHI,1,RB,9.0,2026-10-10T01:45:15Z
2026,3,1384263065352015872,Gooma's Family League,2,830805333189455872,thewrightdek,5872,00-0035719,,Deebo Samuel Sr.,WR,SF,1,WR,15.4,2026-10-10T01:45:15Z
2026,3,1384263065352015872,Gooma's Family League,2,830805333189455872,thewrightdek,5927,00-0035659,,Terry McLaurin,WR,WAS,1,WR,19.7,2026-10-10T01:45:15Z
2026,3,1384263065352015872,Gooma's Family League,2,830805333189455872,thewrightdek,6794,00-0036322,,Justin Jefferson,WR,MIN,1,WR,5.2,2026-10-10T01:45:15Z
2026,3,1384263065352015872,Gooma's Family League,2,830805333189455872,thewrightdek,7021,00-0036139,,Rico Dowdle,RB,PIT,0,,0.0,2026-10-10T01:45:15Z
2026,3,1384263065352015872,Gooma's Family League,2,830805333189455872,thewrightdek,7553,00-0036970,,Kyle Pitts,TE,ATL,1,FLEX,1.5,2026-10-10T01:45:15Z
2026,3,1384263065352015872,Gooma's Family League,2,830805333189455872,thewrightdek,9480,00-0038935,,Brenton Strange,TE,JAX,0,,6.2,2026-10-10T01:45:15Z
2026,3,1384263065352015872,Gooma's Family League,2,830805333189455872,thewrightdek,9486,00-0038393,,Dontayvion Wicks,WR,PHI,1,FLEX,5.2,2026-10-10T01:45:15Z
2026,3,1384263065352015872,Gooma's Family League,2,830805333189455872,thewrightdek,GB,,,Green Bay Packers,DEF,GB,0,,-7.0,2026-10-10T01:45:15Z
2026,3,1384263065352015872,Gooma's Family League,2,830805333189455872,thewrightdek,NO,,,New Orleans Saints,DEF,NO,1,DEF,2.0,2026-10-10T01:45:15Z
2026,3,1384263065352015872,Gooma's Family League,3,832062563456999424,sdw0605,11533,,,Brandon Aubrey,K,DAL,1,K,10.0,2026-10-10T01:45:15Z
2026,3,1384263065352015872,Gooma's Family League,3,832062563456999424,sdw0605,11560,00-0039918,,Caleb Williams,QB,CHI,0,,0.0,2026-10-10T01:45:15Z
2026,3,1384263065352015872,Gooma's Family League,3,832062563456999424,sdw0605,11834,00-0039424,,Devaughn Vele,WR,NO,1,FLEX,6.9,2026-10-10T01:45:15Z
2026,3,1384263065352015872,Gooma's Family League,3,832062563456999424,sdw0605,13301,00-0041040,,Antonio Williams,WR,WAS,0,,3.5,2026-10-10T01:45:15Z
2026,3,1384263065352015872,Gooma's Family League,3,832062563456999424,sdw0605,13337,00-0041013,,Emmett Johnson,RB,KC,0,,1.7,2026-10-10T01:45:15Z
2026,3,1384263065352015872,Gooma's Family League,3,832062563456999424,sdw0605,13414,00-0041052,,Kaelon Black,RB,SF,0,,1.7,2026-10-10T01:45:15Z
2026,3,1384263065352015872,Gooma's Family League,3,832062563456999424,sdw0605,1466,00-0030506,,Travis Kelce,TE,KC,1,TE,13.9,2026-10-10T01:45:15Z
2026,3,1384263065352015872,Gooma's Family League,3,832062563456999424,sdw0605,2133,00-0031381,,Davante Adams,WR,LA,1,WR,20.7,2026-10-10T01:45:15Z
2026,3,1384263065352015872,Gooma's Family League,3,832062563456999424,sdw0605,5854,00-0035704,,Drew Lock,QB,SEA,0,,0.0,2026-10-10T01:45:15Z
2026,3,1384263065352015872,Gooma's Family League,3,832062563456999424,sdw0605,6819,00-0036252,,Michael Pittman,WR,PIT,1,SUPER_FLEX,3.6,2026-10-10T01:45:15Z
2026,3,1384263065352015872,Gooma's Family League,3,832062563456999424,sdw0605,7523,00-0036971,,Trevor Lawrence,QB,JAX,1,QB,19.78,2026-10-10T01:45:15Z
2026,3,1384263065352015872,Gooma's Family League,3,832062563456999424,sdw0605,8137,00-0037247,,George Pickens,WR,DAL,1,WR,15.2,2026-10-10T01:45:15Z
2026,3,1384263065352015872,Gooma's Family League,3,832062563456999424,sdw0605,8146,00-0037740,,Garrett Wilson,WR,NYJ,1,WR,26.7,2026-10-10T01:45:15Z
2026,3,1384263065352015872,Gooma's Family League,3,832062563456999424,sdw0605,8210,00-0037809,,Chig Okonkwo,TE,WAS,0,,0.0,2026-10-10T01:45:15Z
2026,3,1384263065352015872,Gooma's Family League,3,832062563456999424,sdw0605,8228,00-0037228,,Jaylen Warren,RB,PIT,1,RB,20.6,2026-10-10T01:45:15Z
2026,3,1384263065352015872,Gooma's Family League,3,832062563456999424,sdw0605,9221,00-0039139,,Jahmyr Gibbs,RB,DET,1,RB,41.4,2026-10-10T01:45:15Z
2026,3,1384263065352015872,Gooma's Family League,3,832062563456999424,sdw0605,9754,00-0038544,,Quentin Johnston,WR,LAC,1,FLEX,7.0,2026-10-10T01:45:15Z
2026,3,1384263065352015872,Gooma's Family League,3,832062563456999424,sdw0605,BAL,,,Baltimore Ravens,DEF,BAL,0,,3.0,2026-10-10T01:45:15Z
2026,3,1384263065352015872,Gooma's Family League,3,832062563456999424,sdw0605,HOU,,,Houston Texans,DEF,HOU,1,DEF,13.0,2026-10-10T01:45:15Z
2026,3,1384263065352015872,Gooma's Family League,4,833032703791210496,mottwright,10232,00-0038559,,Michael Wilson,WR,ARI,0,,25.9,2026-10-10T01:45:15Z
2026,3,1384263065352015872,Gooma's Family League,4,833032703791210496,mottwright,11786,,,Cam Little,K,JAX,1,K,4.0,2026-10-10T01:45:15Z
2026,3,1384263065352015872,Gooma's Family League,4,833032703791210496,mottwright,12484,00-0040130,,Jayden Higgins,WR,HOU,0,,0.0,2026-10-10T01:45:15Z
2026,3,1384263065352015872,Gooma's Family League,4,833032703791210496,mottwright,12489,00-0040730,,RJ Harvey,RB,DEN,0,,10.7,2026-10-10T01:45:15Z
2026,3,1384263065352015872,Gooma's Family League,4,833032703791210496,mottwright,12506,00-0040663,,Harold Fannin Jr.,TE,CLE,1,TE,24.1,2026-10-10T01:45:15Z
2026,3,1384263065352015872,Gooma's Family League,4,833032703791210496,mottwright,12514,00-0040129,,Emeka Egbuka,WR,TB,1,WR,11.2,2026-10-10T01:45:15Z
2026,3,1384263065352015872,Gooma's Family League,4,833032703791210496,mottwright,13346,00-0041037,,Denzel Boston,WR,CLE,1,FLEX,8.1,2026-10-10T01:45:15Z
2026,3,1384263065352015872,Gooma's Family League,4,833032703791210496,mottwright,3257,00-0033119,,Jacoby Brissett,QB,ARI,0,,25.6,2026-10-10T01:45:15Z
2026,3,1384263065352015872,Gooma's Family League,4,833032703791210496,mottwright,4881,00-0034796,,Lamar Jackson,QB,BAL,1,QB,20.44,2026-10-10T01:45:15Z
2026,3,1384263065352015872,Gooma's Family League,4,833032703791210496,mottwright,4993,00-0034829,,Mike Gesicki,TE,CIN,0,,12.7,2026-10-10T01:45:15Z
2026,3,1384263065352015872,Gooma's Family League,4,833032703791210496,mottwright,5189,,,Eddy Pineiro,K,SF,0,,6.0,2026-10-10T01:45:15Z
2026,3,1384263065352015872,Gooma's Family League,4,833032703791210496,mottwright,5892,00-0035685,,David Montgomery,RB,HOU,1,RB,6.8,2026-10-10T01:45:15Z
2026,3,1384263065352015872,Gooma's Family League,4,833032703791210496,mottwright,6149,00-0035535,,Darius Slayton,WR,IND,0,,0.0,2026-10-10T01:45:15Z
2026,3,1384263065352015872,Gooma's Family League,4,833032703791210496,mottwright,6786,00-0036358,,CeeDee Lamb,WR,DAL,1,WR,20.2,2026-10-10T01:45:15Z
2026,3,1384263065352015872,Gooma's Family League,4,833032703791210496,mottwright,6904,00-0036389,,Jalen Hurts,QB,PHI,1,SUPER_FLEX,12.62,2026-10-10T01:45:15Z
2026,3,1384263065352015872,Gooma's Family League,4,833032703791210496,mottwright,7611,00-0036875,,Rhamondre Stevenson,RB,NE,1,RB,6.8,2026-10-10T01:45:15Z
2026,3,1384263065352015872,Gooma's Family League,4,833032703791210496,mottwright,8110,00-0038041,,Jake Ferguson,TE,DAL,1,FLEX,9.3,2026-10-10T01:45:15Z
2026,3,1384263065352015872,Gooma's Family League,4,833032703791210496,mottwright,8144,00-0037239,,Chris Olave,WR,NO,1,WR,19.7,2026-10-10T01:45:15Z
2026,3,1384263065352015872,Gooma's Family League,4,833032703791210496,mottwright,8205,00-0037197,,Isiah Pacheco,RB,DET,0,,0.0,2026-10-10T01:45:15Z
2026,3,1384263065352015872,Gooma's Family League,4,833032703791210496,mottwright,9504,00-0038608,,Kayshon Boutte,WR,HOU,0,,4.1,2026-10-10T01:45:15Z
2026,3,1384263065352015872,Gooma's Family League,4,833032703791210496,mottwright,KC,,,Kansas City Chiefs,DEF,KC,0,,8.0,2026-10-10T01:45:15Z
2026,3,1384263065352015872,Gooma's Family League,4,833032703791210496,mottwright,PHI,,,Philadelphia Eagles,DEF,PHI,1,DEF,0.0,2026-10-10T01:45:15Z
2026,3,1384263065352015872,Gooma's Family League,5,833115032651939840,sylviaquack,10222,00-0039146,,Jayden Reed,WR,GB,0,,0.0,2026-10-10T01:45:15Z
2026,3,1384263065352015872,Gooma's Family League,5,833115032651939840,sylviaquack,11559,00-0039917,,Michael Penix Jr.,QB,ATL,0,,14.04,2026-10-10T01:45:15Z
2026,3,1384263065352015872,Gooma's Family League,5,833115032651939840,sylviaquack,11581,00-0039811,,MarShawn Lloyd,RB,GB,0,,3.8,2026-10-10T01:45:15Z
2026,3,1384263065352015872,Gooma's Family League,5,833115032651939840,sylviaquack,11620,00-0039919,,Rome Odunze,WR,CHI,1,WR,7.4,2026-10-10T01:45:15Z
2026,3,1384263065352015872,Gooma's Family League,5,833115032651939840,sylviaquack,11632,00-0039337,,Malik Nabers,WR,NYG,1,WR,7.6,2026-10-10T01:45:15Z
2026,3,1384263065352015872,Gooma's Family League,5,833115032651939840,sylviaquack,12469,00-0040162,,Dylan Sampson,RB,CLE,0,,0.0,2026-10-10T01:45:15Z
2026,3,1384263065352015872,Gooma's Family League,5,833115032651939840,sylviaquack,12490,00-0040719,,Bhayshul Tuten,RB,JAX,1,RB,17.0,2026-10-10T01:45:15Z
2026,3,1384263065352015872,Gooma's Family League,5,833115032651939840,sylviaquack,13417,00-0041035,,De'Zhaun Stribling,WR,SF,0,,0.0,2026-10-10T01:45:15Z
2026,3,1384263065352015872,Gooma's Family League,5,833115032651939840,sylviaquack,3198,00-0032764,,Derrick Henry,RB,BAL,1,RB,21.9,2026-10-10T01:45:15Z
2026,3,1384263065352015872,Gooma's Family League,5,833115032651939840,sylviaquack,4035,00-0033906,,Alvin Kamara,RB,NO,0,,5.1,2026-10-10T01:45:15Z
2026,3,1384263065352015872,Gooma's Family League,5,833115032651939840,sylviaquack,5012,00-0034753,,Mark Andrews,TE,BAL,1,FLEX,5.4,2026-10-10T01:45:15Z
2026,3,1384263065352015872,Gooma's Family League,5,833115032651939840,sylviaquack,6804,00-0036264,,Jordan Love,QB,GB,1,SUPER_FLEX,18.48,2026-10-10T01:45:15Z
2026,3,1384263065352015872,Gooma's Family League,5,833115032651939840,sylviaquack,7564,00-0036900,,Ja'Marr Chase,WR,CIN,1,WR,24.8,2026-10-10T01:45:15Z
2026,3,1384263065352015872,Gooma's Family League,5,833115032651939840,sylviaquack,7594,00-0036555,,Chuba Hubbard,RB,CAR,1,FLEX,15.0,2026-10-10T01:45:15Z
2026,3,1384263065352015872,Gooma's Family League,5,833115032651939840,sylviaquack,7839,,,Evan McPherson,K,CIN,1,K,11.0,2026-10-10T01:45:15Z
2026,3,1384263065352015872,Gooma's Family League,5,833115032651939840,sylviaquack,8130,00-0037744,,Trey McBride,TE,ARI,1,TE,16.5,2026-10-10T01:45:15Z
2026,3,1384263065352015872,Gooma's Family League,5,833115032651939840,sylviaquack,8172,00-0037252,,Greg Dulcich,TE,MIA,0,,10.5,2026-10-10T01:45:15Z
2026,3,1384263065352015872,Gooma's Family League,5,833115032651939840,sylviaquack,8183,00-0037834,,Brock Purdy,QB,SF,1,QB,31.28,2026-10-10T01:45:15Z
2026,3,1384263065352015872,Gooma's Family League,5,833115032651939840,sylviaquack,9756,00-0038994,,Jordan Addison,WR,MIN,0,,20.0,2026-10-10T01:45:15Z
2026,3,1384263065352015872,Gooma's Family League,5,833115032651939840,sylviaquack,NE,,,New England Patriots,DEF,NE,1,DEF,-1.0,2026-10-10T01:45:15Z
2026,3,1384263065352015872,Gooma's Family League,6,473346537234100224,MrMasculinity,11564,00-0039851,,Drake Maye,QB,NE,1,QB,3.76,2026-10-10T01:45:15Z
2026,3,1384263065352015872,Gooma's Family League,6,473346537234100224,MrMasculinity,11604,00-0039338,,Brock Bowers,TE,LV,1,TE,27.6,2026-10-10T01:45:15Z
2026,3,1384263065352015872,Gooma's Family League,6,473346537234100224,MrMasculinity,11647,00-0039391,,Kimani Vidal,RB,LAC,0,,3.0,2026-10-10T01:45:15Z
2026,3,1384263065352015872,Gooma's Family League,6,473346537234100224,MrMasculinity,12512,00-0040784,,Quinshon Judkins,RB,CLE,1,RB,9.9,2026-10-10T01:45:15Z
2026,3,1384263065352015872,Gooma's Family League,6,473346537234100224,MrMasculinity,12529,00-0040734,,TreVeyon Henderson,RB,NE,1,FLEX,3.9,2026-10-10T01:45:15Z
2026,3,1384263065352015872,Gooma's Family League,6,473346537234100224,MrMasculinity,13276,00-0041511,,Omar Cooper Jr.,WR,NYJ,0,,0.0,2026-10-10T01:45:15Z
2026,3,1384263065352015872,Gooma's Family League,6,473346537234100224,MrMasculinity,13281,00-0041029,,Jordyn Tyson,WR,NO,0,,0.0,2026-10-10T01:45:15Z
2026,3,1384263065352015872,Gooma's Family League,6,473346537234100224,MrMasculinity,1373,00-0030565,,Geno Smith,QB,NYJ,0,,26.04,2026-10-10T01:45:15Z
2026,3,1384263065352015872,Gooma's Family League,6,473346537234100224,MrMasculinity,1945,,,Chris Boswell,K,PIT,1,K,13.0,2026-10-10T01:45:15Z
2026,3,1384263065352015872,Gooma's Family League,6,473346537234100224,MrMasculinity,4199,00-0033293,,Aaron Jones,RB,MIN,1,FLEX,14.2,2026-10-10T01:45:15Z
2026,3,1384263065352015872,Gooma's Family League,6,473346537234100224,MrMasculinity,5844,00-0035229,,T.J. Hockenson,TE,MIN,0,,3.1,2026-10-10T01:45:15Z
2026,3,1384263065352015872,Gooma's Family League,6,473346537234100224,MrMasculinity,5947,00-0034960,,Jakobi Meyers,WR,JAX,0,,19.4,2026-10-10T01:45:15Z
2026,3,1384263065352015872,Gooma's Family League,6,473346537234100224,MrMasculinity,5967,00-0035261,,Tony Pollard,RB,TEN,0,,13.6,2026-10-10T01:45:15Z
2026,3,1384263065352015872,Gooma's Family League,6,473346537234100224,MrMasculinity,6770,00-0036442,,Joe Burrow,QB,CIN,1,SUPER_FLEX,22.58,2026-10-10T01:45:15Z
2026,3,1384263065352015872,Gooma's Family League,6,473346537234100224,MrMasculinity,7525,00-0036912,,DeVonta Smith,WR,PHI,1,WR,12.5,2026-10-10T01:45:15Z
2026,3,1384263065352015872,Gooma's Family League,6,473346537234100224,MrMasculinity,7567,00-0036919,,Kenny Gainwell,RB,TB,0,,3.0,2026-10-10T01:45:15Z
2026,3,1384263065352015872,Gooma's Family League,6,473346537234100224,MrMasculinity,8121,00-0037816,,Romeo Doubs,WR,NE,1,WR,7.9,2026-10-10T01:45:15Z
2026,3,1384263065352015872,Gooma's Family League,6,473346537234100224,MrMasculinity,8155,00-0038120,,Breece Hall,RB,NYJ,1,RB,8.5,2026-10-10T01:45:15Z
2026,3,1384263065352015872,Gooma's Family League,6,473346537234100224,MrMasculinity,9487,00-0038606,,Parker Washington,WR,JAX,1,WR,13.0,2026-10-10T01:45:15Z
2026,3,1384263065352015872,Gooma's Family League,6,473346537234100224,MrMasculinity,CAR,,,Carolina Panthers,DEF,CAR,1,DEF,6.0,2026-10-10T01:45:15Z
2026,3,1384263065352015872,Gooma's Family League,6,473346537234100224,MrMasculinity,DET,,,Detroit Lions,DEF,DET,0,,8.0,2026-10-10T01:45:15Z
2026,3,1384263065352015872,Gooma's Family League,7,833447941745270784,EmJDGregg,10213,00-0038563,,Tre Tucker,WR,LV,0,,8.3,2026-10-10T01:45:15Z
2026,3,1384263065352015872,Gooma's Family League,7,833447941745270784,EmJDGregg,10236,00-0038933,,Dalton Kincaid,TE,BUF,1,TE,3.8,2026-10-10T01:45:15Z
2026,3,1384263065352015872,Gooma's Family League,7,833447941745270784,EmJDGregg,11563,00-0039732,,Bo Nix,QB,DEN,1,SUPER_FLEX,24.14,2026-10-10T01:45:15Z
2026,3,1384263065352015872,Gooma's Family League,7,833447941745270784,EmJDGregg,11610,00-0039880,,Malik Washington,WR,MIA,0,,11.1,2026-10-10T01:45:15Z
2026,3,1384263065352015872,Gooma's Family League,7,833447941745270784,EmJDGregg,12474,00-0040583,,Woody Marks,RB,HOU,0,,9.1,2026-10-10T01:45:15Z
2026,3,1384263065352015872,Gooma's Family League,7,833447941745270784,EmJDGregg,12533,00-0040242,,Jacory Croskey-Merritt,RB,WAS,0,,5.3,2026-10-10T01:45:15Z
2026,3,1384263065352015872,Gooma's Family League,7,833447941745270784,EmJDGregg,13269,00-0041562,,Fernando Mendoza,QB,LV,0,,0.0,2026-10-10T01:45:15Z
2026,3,1384263065352015872,Gooma's Family League,7,833447941745270784,EmJDGregg,13286,00-0041512,,Jadarian Price,RB,SEA,1,RB,1.2,2026-10-10T01:45:15Z
2026,3,1384263065352015872,Gooma's Family League,7,833447941745270784,EmJDGregg,13330,00-0041032,,Kenyon Sadiq,TE,NYJ,0,,23.5,2026-10-10T01:45:15Z
2026,3,1384263065352015872,Gooma's Family League,7,833447941745270784,EmJDGregg,13413,00-0040890,,Cyrus Allen,WR,KC,0,,0.0,2026-10-10T01:45:15Z
2026,3,1384263065352015872,Gooma's Family League,7,833447941745270784,EmJDGregg,4137,00-0033553,,James Conner,RB,ARI,1,FLEX,0.0,2026-10-10T01:45:15Z
2026,3,1384263065352015872,Gooma's Family League,7,833447941745270784,EmJDGregg,4984,00-0034857,,Josh Allen,QB,BUF,1,QB,17.46,2026-10-10T01:45:15Z
2026,3,1384263065352015872,Gooma's Family League,7,833447941745270784,EmJDGregg,6801,00-0036410,,Tee Higgins,WR,CIN,1,WR,21.0,2026-10-10T01:45:15Z
2026,3,1384263065352015872,Gooma's Family League,7,833447941745270784,EmJDGregg,6806,00-0036158,,J.K. Dobbins,RB,DEN,1,FLEX,6.3,2026-10-10T01:45:15Z
2026,3,1384263065352015872,Gooma's Family League,7,833447941745270784,EmJDGregg,7600,00-0036894,,Pat Freiermuth,TE,PIT,0,,5.1,2026-10-10T01:45:15Z
2026,3,1384263065352015872,Gooma's Family League,7,833447941745270784,EmJDGregg,8142,00-0037664,,Alec Pierce,WR,IND,1,WR,0.0,2026-10-10T01:45:15Z
2026,3,1384263065352015872,Gooma's Family League,7,833447941745270784,EmJDGregg,8150,00-0037840,,Kyren Williams,RB,LA,1,RB,21.8,2026-10-10T01:45:15Z
2026,3,1384263065352015872,Gooma's Family League,7,833447941745270784,EmJDGregg,8180,00-0037291,,Jalen Nailor,WR,LV,1,WR,2.6,2026-10-10T01:45:15Z
2026,3,1384263065352015872,Gooma's Family League,7,833447941745270784,EmJDGregg,8259,,,Cameron Dicker,K,LAC,1,K,9.0,2026-10-10T01:45:15Z
2026,3,1384263065352015872,Gooma's Family League,7,833447941745270784,EmJDGregg,LAR,,,Los Angeles Rams,DEF,LAR,1,DEF,6.0,2026-10-10T01:45:15Z
2026,3,1384263065352015872,Gooma's Family League,8,833822561476415488,jimgregg,11566,00-0039910,,Jayden Daniels,QB,WAS,0,,0.0,2026-10-10T01:45:15Z
2026,3,1384263065352015872,Gooma's Family League,8,833822561476415488,jimgregg,11575,00-0039875,,Ray Davis,RB,BUF,0,,0.0,2026-10-10T01:45:15Z
2026,3,1384263065352015872,Gooma's Family League,8,833822561476415488,jimgregg,11586,00-0039738,,Blake Corum,RB,LA,1,FLEX,3.5,2026-10-10T01:45:15Z
2026,3,1384263065352015872,Gooma's Family League,8,833822561476415488,jimgregg,11618,00-0039855,,Jalen McMillan,WR,TB,0,,0.0,2026-10-10T01:45:15Z
2026,3,1384263065352015872,Gooma's Family League,8,833822561476415488,jimgregg,11635,00-0039915,,Ladd McConkey,WR,LAC,1,WR,10.6,2026-10-10T01:45:15Z
2026,3,1384263065352015872,Gooma's Family League,8,833822561476415488,jimgregg,12048,00-0039299,,George Holani,RB,SEA,1,RB,10.8,2026-10-10T01:45:15Z
2026,3,1384263065352015872,Gooma's Family League,8,833822561476415488,jimgregg,12457,00-0040586,,Jaydon Blue,RB,PHI,0,,0.0,2026-10-10T01:45:15Z
2026,3,1384263065352015872,Gooma's Family League,8,833822561476415488,jimgregg,2505,00-0031610,,Darren Waller,TE,CAR,0,,10.1,2026-10-10T01:45:15Z
2026,3,1384263065352015872,Gooma's Family League,8,833822561476415488,jimgregg,2747,,,Jason Myers,K,SEA,1,K,9.0,2026-10-10T01:45:15Z
2026,3,1384263065352015872,Gooma's Family League,8,833822561476415488,jimgregg,3214,00-0033090,,Hunter Henry,TE,NE,1,TE,1.5,2026-10-10T01:45:15Z
2026,3,1384263065352015872,Gooma's Family League,8,833822561476415488,jimgregg,4034,00-0033280,,Christian McCaffrey,RB,SF,1,RB,21.6,2026-10-10T01:45:15Z
2026,3,1384263065352015872,Gooma's Family League,8,833822561476415488,jimgregg,4046,00-0033873,,Patrick Mahomes,QB,KC,1,QB,15.94,2026-10-10T01:45:15Z
2026,3,1384263065352015872,Gooma's Family League,8,833822561476415488,jimgregg,5849,00-0035228,,Kyler Murray,QB,MIN,1,SUPER_FLEX,10.42,2026-10-10T01:45:15Z
2026,3,1384263065352015872,Gooma's Family League,8,833822561476415488,jimgregg,7049,00-0036259,,Jauan Jennings,WR,MIN,0,,1.1,2026-10-10T01:45:15Z
2026,3,1384263065352015872,Gooma's Family League,8,833822561476415488,jimgregg,7526,00-0036613,,Jaylen Waddle,WR,DEN,1,WR,6.4,2026-10-10T01:45:15Z
2026,3,1384263065352015872,Gooma's Family League,8,833822561476415488,jimgregg,7571,00-0036550,,Rashod Bateman,WR,BAL,1,FLEX,5.7,2026-10-10T01:45:15Z
2026,3,1384263065352015872,Gooma's Family League,8,833822561476415488,jimgregg,8676,00-0037545,,Rashid Shaheed,WR,SEA,1,WR,3.4,2026-10-10T01:45:15Z
2026,3,1384263065352015872,Gooma's Family League,8,833822561476415488,jimgregg,9757,00-0038551,,Kendre Miller,RB,NO,0,,3.9,2026-10-10T01:45:15Z
2026,3,1384263065352015872,Gooma's Family League,8,833822561476415488,jimgregg,DEN,,,Denver Broncos,DEF,DEN,0,,9.0,2026-10-10T01:45:15Z
2026,3,1384263065352015872,Gooma's Family League,8,833822561476415488,jimgregg,SEA,,,Seattle Seahawks,DEF,SEA,1,DEF,4.0,2026-10-10T01:45:15Z
2026,3,1384263065352015872,Gooma's Family League,9,835046086484799488,kelush,11576,00-0039794,,Braelon Allen,RB,NYJ,0,,4.7,2026-10-10T01:45:15Z
2026,3,1384263065352015872,Gooma's Family League,9,835046086484799488,kelush,11646,00-0039491,,Jalen Coker,WR,CAR,0,,3.8,2026-10-10T01:45:15Z
2026,3,1384263065352015872,Gooma's Family League,9,835046086484799488,kelush,1166,00-0029604,,Kirk Cousins,QB,LV,0,,22.22,2026-10-10T01:45:15Z
2026,3,1384263065352015872,Gooma's Family League,9,835046086484799488,kelush,12015,,,Harrison Mevis,K,LAR,1,K,16.0,2026-10-10T01:45:15Z
2026,3,1384263065352015872,Gooma's Family League,9,835046086484799488,kelush,12507,00-0040666,,Omarion Hampton,RB,LAC,1,RB,5.6,2026-10-10T01:45:15Z
2026,3,1384263065352015872,Gooma's Family League,9,835046086484799488,kelush,12518,00-0040128,,Tyler Warren,TE,IND,1,TE,14.7,2026-10-10T01:45:15Z
2026,3,1384263065352015872,Gooma's Family League,9,835046086484799488,kelush,12534,00-0040236,,Kyle Monangai,RB,CHI,1,FLEX,3.1,2026-10-10T01:45:15Z
2026,3,1384263065352015872,Gooma's Family League,9,835046086484799488,kelush,13294,00-0040867,,Makai Lemon,WR,PHI,1,WR,5.9,2026-10-10T01:45:15Z
2026,3,1384263065352015872,Gooma's Family League,9,835046086484799488,kelush,13305,00-0040878,,Mike Washington Jr.,RB,LV,0,,11.4,2026-10-10T01:45:15Z
2026,3,1384263065352015872,Gooma's Family League,9,835046086484799488,kelush,421,00-0026498,,Matthew Stafford,QB,LA,1,QB,20.9,2026-10-10T01:45:15Z
2026,3,1384263065352015872,Gooma's Family League,9,835046086484799488,kelush,4943,00-0034869,,Sam Darnold,QB,SEA,1,SUPER_FLEX,27.66,2026-10-10T01:45:15Z
2026,3,1384263065352015872,Gooma's Family League,9,835046086484799488,kelush,5001,00-0034383,,Dalton Schultz,TE,HOU,0,,6.0,2026-10-10T01:45:15Z
2026,3,1384263065352015872,Gooma's Family League,9,835046086484799488,kelush,5850,00-0035700,,Josh Jacobs,RB,GB,1,FLEX,0.0,2026-10-10T01:45:15Z
2026,3,1384263065352015872,Gooma's Family League,9,835046086484799488,kelush,7569,00-0036554,,Nico Collins,WR,HOU,1,WR,0.0,2026-10-10T01:45:15Z
2026,3,1384263065352015872,Gooma's Family League,9,835046086484799488,kelush,8111,00-0038129,,Cade Otton,TE,TB,0,,8.6,2026-10-10T01:45:15Z
2026,3,1384263065352015872,Gooma's Family League,9,835046086484799488,kelush,8134,00-0037261,,Khalil Shakir,WR,BUF,0,,1.6,2026-10-10T01:45:15Z
2026,3,1384263065352015872,Gooma's Family League,9,835046086484799488,kelush,8167,00-0038124,,Christian Watson,WR,GB,1,WR,22.6,2026-10-10T01:45:15Z
2026,3,1384263065352015872,Gooma's Family League,9,835046086484799488,kelush,9500,00-0038997,,Josh Downs,WR,IND,0,,12.7,2026-10-10T01:45:15Z
2026,3,1384263065352015872,Gooma's Family League,9,835046086484799488,kelush,9509,00-0038542,,Bijan Robinson,RB,ATL,1,RB,35.3,2026-10-10T01:45:15Z
2026,3,1384263065352015872,Gooma's Family League,9,835046086484799488,kelush,ATL,,,Atlanta Falcons,DEF,ATL,1,DEF,6.0,2026-10-10T01:45:15Z
2026,3,1384263065352015872,Gooma's Family League,10,837511173954961408,msdhusker,10229,00-0039067,,Rashee Rice,WR,KC,1,WR,15.8,2026-10-10T01:45:15Z
2026,3,1384263065352015872,Gooma's Family League,10,837511173954961408,msdhusker,11624,00-0039894,,Xavier Worthy,WR,KC,0,,4.0,2026-10-10T01:45:15Z
2026,3,1384263065352015872,Gooma's Family League,10,837511173954961408,msdhusker,11655,00-0039384,,Tyrone Tracy Jr.,RB,NYG,0,,0.3,2026-10-10T01:45:15Z
2026,3,1384263065352015872,Gooma's Family League,10,837511173954961408,msdhusker,12501,00-0040667,,Matthew Golden,WR,GB,0,,21.0,2026-10-10T01:45:15Z
2026,3,1384263065352015872,Gooma's Family League,10,837511173954961408,msdhusker,12502,00-0040584,,Gunnar Helm,TE,TEN,0,,3.4,2026-10-10T01:45:15Z
2026,3,1384263065352015872,Gooma's Family League,10,837511173954961408,msdhusker,12527,00-0040122,,Ashton Jeanty,RB,LV,1,RB,12.3,2026-10-10T01:45:15Z
2026,3,1384263065352015872,Gooma's Family League,10,837511173954961408,msdhusker,12545,00-0040743,,Tyler Shough,QB,NO,0,,23.8,2026-10-10T01:45:15Z
2026,3,1384263065352015872,Gooma's Family League,10,837511173954961408,msdhusker,3321,,,Tyreek Hill,WR,,0,,0.0,2026-10-10T01:45:15Z
2026,3,1384263065352015872,Gooma's Family League,10,837511173954961408,msdhusker,3451,,,Ka'imi Fairbairn,K,HOU,1,K,5.0,2026-10-10T01:45:15Z
2026,3,1384263065352015872,Gooma's Family League,10,837511173954961408,msdhusker,4037,00-0033921,,Chris Godwin Jr.,WR,TB,1,WR,5.5,2026-10-10T01:45:15Z
2026,3,1384263065352015872,Gooma's Family League,10,837511173954961408,msdhusker,4892,00-0034855,,Baker Mayfield,QB,TB,1,QB,11.28,2026-10-10T01:45:15Z
2026,3,1384263065352015872,Gooma's Family League,10,837511173954961408,msdhusker,5045,00-0034348,,Courtland Sutton,WR,DEN,1,WR,7.6,2026-10-10T01:45:15Z
2026,3,1384263065352015872,Gooma's Family League,10,837511173954961408,msdhusker,6768,00-0036212,,Tua Tagovailoa,QB,ATL,0,,0.0,2026-10-10T01:45:15Z
2026,3,1384263065352015872,Gooma's Family League,10,837511173954961408,msdhusker,6790,00-0036275,,D'Andre Swift,RB,CHI,1,SUPER_FLEX,10.8,2026-10-10T01:45:15Z
2026,3,1384263065352015872,Gooma's Family League,10,837511173954961408,msdhusker,6813,00-0036223,,Jonathan Taylor,RB,IND,1,RB,9.2,2026-10-10T01:45:15Z
2026,3,1384263065352015872,Gooma's Family League,10,837511173954961408,msdhusker,7543,00-0036973,,Travis Etienne,RB,NO,1,FLEX,9.0,2026-10-10T01:45:15Z
2026,3,1384263065352015872,Gooma's Family League,10,837511173954961408,msdhusker,8131,00-0037838,,Isaiah Likely,TE,NYG,1,TE,3.3,2026-10-10T01:45:15Z
2026,3,1384263065352015872,Gooma's Family League,10,837511173954961408,msdhusker,9224,00-0038597,,Chase Brown,RB,CIN,1,FLEX,8.9,2026-10-10T01:45:15Z
2026,3,1384263065352015872,Gooma's Family League,10,837511173954961408,msdhusker,9502,00-0038977,,Tank Dell,WR,HOU,0,,0.0,2026-10-10T01:45:15Z
2026,3,1384263065352015872,Gooma's Family League,10,837511173954961408,msdhusker,JAX,,,Jacksonville Jaguars,DEF,JAX,1,DEF,14.0,2026-10-10T01:45:15Z
2026,3,1384263065352015872,Gooma's Family League,11,1134319815667126272,mtgundlach,11435,00-0038797,,Emanuel Wilson,RB,SEA,1,RB,1.4,2026-10-10T01:45:15Z
2026,3,1384263065352015872,Gooma's Family League,11,1134319815667126272,mtgundlach,11583,00-0039344,,Jonathon Brooks,RB,CAR,0,,0.0,2026-10-10T01:45:15Z
2026,3,1384263065352015872,Gooma's Family League,11,1134319815667126272,mtgundlach,11603,00-0039793,,AJ Barner,TE,SEA,0,,11.9,2026-10-10T01:45:15Z
2026,3,1384263065352015872,Gooma's Family League,11,1134319815667126272,mtgundlach,11625,00-0039890,,Adonai Mitchell,WR,NYJ,0,,0.0,2026-10-10T01:45:15Z
2026,3,1384263065352015872,Gooma's Family League,11,1134319815667126272,mtgundlach,11628,00-0039849,,Marvin Harrison Jr.,WR,ARI,1,FLEX,7.0,2026-10-10T01:45:15Z
2026,3,1384263065352015872,Gooma's Family League,11,1134319815667126272,mtgundlach,12713,,,Andy Borregales,K,NE,1,K,6.0,2026-10-10T01:45:15Z
2026,3,1384263065352015872,Gooma's Family League,11,1134319815667126272,mtgundlach,2449,00-0031588,,Stefon Diggs,WR,WAS,1,WR,7.3,2026-10-10T01:45:15Z
2026,3,1384263065352015872,Gooma's Family League,11,1134319815667126272,mtgundlach,3163,00-0033106,,Jared Goff,QB,DET,1,SUPER_FLEX,19.36,2026-10-10T01:45:15Z
2026,3,1384263065352015872,Gooma's Family League,11,1134319815667126272,mtgundlach,3294,00-0033077,,Dak Prescott,QB,DAL,1,QB,18.94,2026-10-10T01:45:15Z
2026,3,1384263065352015872,Gooma's Family League,11,1134319815667126272,mtgundlach,5859,00-0035676,,A.J. Brown,WR,NE,0,,0.0,2026-10-10T01:45:15Z
2026,3,1384263065352015872,Gooma's Family League,11,1134319815667126272,mtgundlach,7547,00-0036963,,Amon-Ra St. Brown,WR,DET,1,WR,11.9,2026-10-10T01:45:15Z
2026,3,1384263065352015872,Gooma's Family League,11,1134319815667126272,mtgundlach,8132,00-0037263,,Tyler Allgeier,RB,ARI,0,,4.9,2026-10-10T01:45:15Z
2026,3,1384263065352015872,Gooma's Family League,11,1134319815667126272,mtgundlach,8136,00-0037256,,Rachaad White,RB,WAS,0,,11.1,2026-10-10T01:45:15Z
2026,3,1384263065352015872,Gooma's Family League,11,1134319815667126272,mtgundlach,8138,00-0037248,,James Cook,RB,BUF,1,RB,19.4,2026-10-10T01:45:15Z
2026,3,1384263065352015872,Gooma's Family League,11,1134319815667126272,mtgundlach,8148,00-0037240,,Jameson Williams,WR,DET,1,FLEX,8.9,2026-10-10T01:45:15Z
2026,3,1384263065352015872,Gooma's Family League,11,1134319815667126272,mtgundlach,9484,00-0038996,,Tucker Kraft,TE,GB,1,TE,6.6,2026-10-10T01:45:15Z
2026,3,1384263065352015872,Gooma's Family League,11,1134319815667126272,mtgundlach,9501,00-0038621,,DeMario Douglas,WR,NE,0,,4.8,2026-10-10T01:45:15Z
2026,3,1384263065352015872,Gooma's Family League,11,1134319815667126272,mtgundlach,9508,00-0039032,,Tyjae Spears,RB,TEN,0,,0.5,2026-10-10T01:45:15Z
2026,3,1384263065352015872,Gooma's Family League,11,1134319815667126272,mtgundlach,96,00-0023459,,Aaron Rodgers,QB,PIT,0,,22.68,2026-10-10T01:45:15Z
2026,3,1384263065352015872,Gooma's Family League,11,1134319815667126272,mtgundlach,9997,00-0039064,,Zay Flowers,WR,BAL,1,WR,15.4,2026-10-10T01:45:15Z
2026,3,1384263065352015872,Gooma's Family League,11,1134319815667126272,mtgundlach,PIT,,,Pittsburgh Steelers,DEF,PIT,1,DEF,4.0,2026-10-10T01:45:15Z
2026,3,1384263065352015872,Gooma's Family League,12,1134611314749513728,wgundlach,12481,00-0040715,,Cam Skattebo,RB,NYG,1,RB,13.0,2026-10-10T01:45:15Z
2026,3,1384263065352015872,Gooma's Family League,12,1134611314749513728,wgundlach,12487,00-0040737,,Terrance Ferguson,TE,LA,1,FLEX,1.9,2026-10-10T01:45:15Z
2026,3,1384263065352015872,Gooma's Family League,12,1134611314749513728,wgundlach,12493,00-0040189,,Oronde Gadsden II,TE,LAC,0,,0.0,2026-10-10T01:45:15Z
2026,3,1384263065352015872,Gooma's Family League,12,1134611314749513728,wgundlach,12519,00-0040735,,Luther Burden III,WR,CHI,1,WR,19.8,2026-10-10T01:45:15Z
2026,3,1384263065352015872,Gooma's Family League,12,1134611314749513728,wgundlach,12524,00-0040668,,Shedeur Sanders,QB,CLE,0,,0.0,2026-10-10T01:45:15Z
2026,3,1384263065352015872,Gooma's Family League,12,1134611314749513728,wgundlach,13279,00-0041438,,Carnell Tate,WR,TEN,0,,11.8,2026-10-10T01:45:15Z
2026,3,1384263065352015872,Gooma's Family League,12,1134611314749513728,wgundlach,13287,00-0041027,,Jeremiyah Love,RB,ARI,1,RB,21.9,2026-10-10T01:45:15Z
2026,3,1384263065352015872,Gooma's Family League,12,1134611314749513728,wgundlach,2020,,,Cairo Santos,K,CHI,1,K,10.0,2026-10-10T01:45:15Z
2026,3,1384263065352015872,Gooma's Family League,12,1134611314749513728,wgundlach,2216,00-0031408,,Mike Evans,WR,SF,1,WR,12.4,2026-10-10T01:45:15Z
2026,3,1384263065352015872,Gooma's Family League,12,1134611314749513728,wgundlach,5870,00-0035710,,Daniel Jones,QB,IND,1,SUPER_FLEX,7.9,2026-10-10T01:45:15Z
2026,3,1384263065352015872,Gooma's Family League,12,1134611314749513728,wgundlach,7002,00-0036040,,Juwan Johnson,TE,NO,1,TE,23.3,2026-10-10T01:45:15Z
2026,3,1384263065352015872,Gooma's Family League,12,1134611314749513728,wgundlach,8112,00-0037238,,Drake London,WR,ATL,1,WR,28.4,2026-10-10T01:45:15Z
2026,3,1384263065352015872,Gooma's Family League,12,1134611314749513728,wgundlach,8126,00-0038117,,Wan'Dale Robinson,WR,TEN,0,,18.7,2026-10-10T01:45:15Z
2026,3,1384263065352015872,Gooma's Family League,12,1134611314749513728,wgundlach,8151,00-0038134,,Kenneth Walker III,RB,KC,1,FLEX,21.3,2026-10-10T01:45:15Z
2026,3,1384263065352015872,Gooma's Family League,12,1134611314749513728,wgundlach,8154,00-0037746,,Brian Robinson,RB,ATL,0,,11.0,2026-10-10T01:45:15Z
2026,3,1384263065352015872,Gooma's Family League,12,1134611314749513728,wgundlach,9225,00-0038555,,Tank Bigsby,RB,PHI,0,,-0.5,2026-10-10T01:45:15Z
2026,3,1384263065352015872,Gooma's Family League,12,1134611314749513728,wgundlach,9493,00-0039075,,Puka Nacua,WR,LA,0,,0.0,2026-10-10T01:45:15Z
2026,3,1384263065352015872,Gooma's Family League,12,1134611314749513728,wgundlach,9511,00-0038454,,Keaton Mitchell,RB,LAC,0,,13.7,2026-10-10T01:45:15Z
2026,3,1384263065352015872,Gooma's Family League,12,1134611314749513728,wgundlach,9758,00-0039163,,C.J. Stroud,QB,HOU,1,QB,11.68,2026-10-10T01:45:15Z
2026,3,1384263065352015872,Gooma's Family League,12,1134611314749513728,wgundlach,LAC,,,Los Angeles Chargers,DEF,LAC,1,DEF,16.0,2026-10-10T01:45:15Z
2026,3,704757,Average Joes,1,1,MeloRox1588,11563,00-0039732,4426338,Bo Nix,QB,DEN,0,BN,24.14,2026-10-10T01:45:22Z
2026,3,704757,Average Joes,1,1,MeloRox1588,11581,00-0039811,4429023,MarShawn Lloyd,RB,GB,0,BN,3.8,2026-10-10T01:45:22Z
2026,3,704757,Average Joes,1,1,MeloRox1588,11583,00-0039344,4678008,Jonathon Brooks,RB,CAR,0,BN,0.0,2026-10-10T01:45:22Z
2026,3,704757,Average Joes,1,1,MeloRox1588,11620,00-0039919,4431299,Rome Odunze,WR,CHI,1,FLEX,7.4,2026-10-10T01:45:22Z
2026,3,704757,Average Joes,1,1,MeloRox1588,11631,00-0039893,4432773,Brian Thomas Jr.,WR,JAX,0,BN,1.8,2026-10-10T01:45:22Z
2026,3,704757,Average Joes,1,1,MeloRox1588,12514,00-0040129,4567750,Emeka Egbuka,WR,TB,1,WR,11.2,2026-10-10T01:45:22Z
2026,3,704757,Average Joes,1,1,MeloRox1588,12529,00-0040734,4432710,TreVeyon Henderson,RB,NE,0,BN,3.9,2026-10-10T01:45:22Z
2026,3,704757,Average Joes,1,1,MeloRox1588,13346,00-0041037,4832800,Denzel Boston,WR,CLE,0,BN,8.1,2026-10-10T01:45:22Z
2026,3,704757,Average Joes,1,1,MeloRox1588,4984,00-0034857,3918298,Josh Allen,QB,BUF,1,QB,17.46,2026-10-10T01:45:22Z
2026,3,704757,Average Joes,1,1,MeloRox1588,7526,00-0036613,4372016,Jaylen Waddle,WR,DEN,1,WR,6.4,2026-10-10T01:45:22Z
2026,3,704757,Average Joes,1,1,MeloRox1588,7594,00-0036555,4241416,Chuba Hubbard,RB,CAR,1,RB,15.0,2026-10-10T01:45:22Z
2026,3,704757,Average Joes,1,1,MeloRox1588,8130,00-0037744,4361307,Trey McBride,TE,ARI,1,TE,16.5,2026-10-10T01:45:22Z
2026,3,704757,Average Joes,1,1,MeloRox1588,8131,00-0037838,4361050,Isaiah Likely,TE,NYG,0,BN,3.3,2026-10-10T01:45:22Z
2026,3,704757,Average Joes,1,1,MeloRox1588,9509,00-0038542,4430807,Bijan Robinson,RB,ATL,1,RB,35.3,2026-10-10T01:45:22Z
2026,3,704757,Average Joes,1,1,MeloRox1588,espn--16025,,-16025,49ers D/ST,DEF,SF,1,DEF,0.0,2026-10-10T01:45:22Z
2026,3,704757,Average Joes,1,1,MeloRox1588,espn-3055899,,3055899,Harrison Butker,K,KC,1,K,5.0,2026-10-10T01:45:22Z
2026,3,704757,Average Joes,4,4,Scarfmyteam,11624,00-0039894,4683062,Xavier Worthy,WR,KC,0,BN,4.0,2026-10-10T01:45:22Z
2026,3,704757,Average Joes,4,4,Scarfmyteam,12474,00-0040583,4429059,Woody Marks,RB,HOU,0,BN,9.1,2026-10-10T01:45:22Z
2026,3,704757,Average Joes,4,4,Scarfmyteam,12508,00-0040691,4689114,Jaxson Dart,QB,NYG,0,IR,0.0,2026-10-10T01:45:22Z
2026,3,704757,Average Joes,4,4,Scarfmyteam,12517,00-0040126,4723086,Colston Loveland,TE,CHI,0,BN,7.1,2026-10-10T01:45:22Z
2026,3,704757,Average Joes,4,4,Scarfmyteam,13279,00-0041438,4871023,Carnell Tate,WR,TEN,1,FLEX,11.8,2026-10-10T01:45:22Z
2026,3,704757,Average Joes,4,4,Scarfmyteam,2133,00-0031381,16800,Davante Adams,WR,LA,1,WR,20.7,2026-10-10T01:45:22Z
2026,3,704757,Average Joes,4,4,Scarfmyteam,2449,00-0031588,2976212,Stefon Diggs,WR,WAS,0,BN,7.3,2026-10-10T01:45:22Z
2026,3,704757,Average Joes,4,4,Scarfmyteam,3214,00-0033090,3046439,Hunter Henry,TE,NE,0,BN,1.5,2026-10-10T01:45:22Z
2026,3,704757,Average Joes,4,4,Scarfmyteam,4034,00-0033280,3117251,Christian McCaffrey,RB,SF,1,RB,21.6,2026-10-10T01:45:22Z
2026,3,704757,Average Joes,4,4,Scarfmyteam,4037,00-0033921,3116165,Chris Godwin Jr.,WR,TB,0,BN,5.5,2026-10-10T01:45:22Z
2026,3,704757,Average Joes,4,4,Scarfmyteam,4881,00-0034796,3916387,Lamar Jackson,QB,BAL,1,QB,20.44,2026-10-10T01:45:22Z
2026,3,704757,Average Joes,4,4,Scarfmyteam,5001,00-0034383,3117256,Dalton Schultz,TE,HOU,1,TE,6.0,2026-10-10T01:45:22Z
2026,3,704757,Average Joes,4,4,Scarfmyteam,5892,00-0035685,4035538,David Montgomery,RB,HOU,1,RB,6.8,2026-10-10T01:45:22Z
2026,3,704757,Average Joes,4,4,Scarfmyteam,5947,00-0034960,3916433,Jakobi Meyers,WR,JAX,0,BN,19.4,2026-10-10T01:45:22Z
2026,3,704757,Average Joes,4,4,Scarfmyteam,6786,00-0036358,4241389,CeeDee Lamb,WR,DAL,1,WR,20.2,2026-10-10T01:45:22Z
2026,3,704757,Average Joes,4,4,Scarfmyteam,espn--16034,,-16034,Texans D/ST,DEF,HOU,1,DEF,10.0,2026-10-10T01:45:22Z
2026,3,704757,Average Joes,4,4,Scarfmyteam,espn-4697745,,4697745,Tyler Loop,K,BAL,1,K,12.0,2026-10-10T01:45:22Z
2026,3,704757,Average Joes,5,5,ESPNFAN8124537231,13286,00-0041512,4685512,Jadarian Price,RB,SEA,0,BN,1.2,2026-10-10T01:45:22Z
2026,3,704757,Average Joes,5,5,ESPNFAN8124537231,1466,00-0030506,15847,Travis Kelce,TE,KC,1,TE,13.9,2026-10-10T01:45:22Z
2026,3,704757,Average Joes,5,5,ESPNFAN8124537231,4046,00-0033873,3139477,Patrick Mahomes,QB,KC,1,QB,15.94,2026-10-10T01:45:22Z
2026,3,704757,Average Joes,5,5,ESPNFAN8124537231,4983,00-0034827,3915416,DJ Moore,WR,BUF,0,BN,12.7,2026-10-10T01:45:22Z
2026,3,704757,Average Joes,5,5,ESPNFAN8124537231,5012,00-0034753,3116365,Mark Andrews,TE,BAL,0,BN,5.4,2026-10-10T01:45:22Z
2026,3,704757,Average Joes,5,5,ESPNFAN8124537231,6790,00-0036275,4259545,D'Andre Swift,RB,CHI,0,BN,10.8,2026-10-10T01:45:22Z
2026,3,704757,Average Joes,5,5,ESPNFAN8124537231,7002,00-0036040,3929645,Juwan Johnson,TE,NO,0,BN,23.3,2026-10-10T01:45:22Z
2026,3,704757,Average Joes,5,5,ESPNFAN8124537231,7523,00-0036971,4360310,Trevor Lawrence,QB,JAX,0,BN,19.78,2026-10-10T01:45:22Z
2026,3,704757,Average Joes,5,5,ESPNFAN8124537231,7547,00-0036963,4374302,Amon-Ra St. Brown,WR,DET,1,WR,11.9,2026-10-10T01:45:22Z
2026,3,704757,Average Joes,5,5,ESPNFAN8124537231,7588,00-0036997,4361579,Javonte Williams,RB,DAL,1,RB,18.3,2026-10-10T01:45:22Z
2026,3,704757,Average Joes,5,5,ESPNFAN8124537231,8144,00-0037239,4361370,Chris Olave,WR,NO,1,WR,19.7,2026-10-10T01:45:22Z
2026,3,704757,Average Joes,5,5,ESPNFAN8124537231,9224,00-0038597,4362238,Chase Brown,RB,CIN,1,RB,8.9,2026-10-10T01:45:22Z
2026,3,704757,Average Joes,5,5,ESPNFAN8124537231,9487,00-0038606,4432620,Parker Washington,WR,JAX,1,FLEX,13.0,2026-10-10T01:45:22Z
2026,3,704757,Average Joes,5,5,ESPNFAN8124537231,espn--16012,,-16012,Chiefs D/ST,DEF,KC,1,DEF,7.0,2026-10-10T01:45:22Z
2026,3,704757,Average Joes,5,5,ESPNFAN8124537231,espn--16033,,-16033,Ravens D/ST,DEF,BAL,0,BN,1.0,2026-10-10T01:45:22Z
2026,3,704757,Average Joes,5,5,ESPNFAN8124537231,espn-4034949,,4034949,Eddy Pineiro,K,SF,1,K,8.0,2026-10-10T01:45:22Z
2026,3,704757,Average Joes,8,8,Peibsen,11560,00-0039918,4431611,Caleb Williams,QB,CHI,0,BN,0.0,2026-10-10T01:45:22Z
2026,3,704757,Average Joes,8,8,Peibsen,11584,00-0039361,4596448,Bucky Irving,RB,TB,1,RB,7.8,2026-10-10T01:45:22Z
2026,3,704757,Average Joes,8,8,Peibsen,11628,00-0039849,4432708,Marvin Harrison Jr.,WR,ARI,0,BN,7.0,2026-10-10T01:45:22Z
2026,3,704757,Average Joes,8,8,Peibsen,3294,00-0033077,2577417,Dak Prescott,QB,DAL,1,QB,18.94,2026-10-10T01:45:22Z
2026,3,704757,Average Joes,8,8,Peibsen,5022,00-0034351,3121023,Dallas Goedert,TE,PHI,0,BN,0.0,2026-10-10T01:45:22Z
2026,3,704757,Average Joes,8,8,Peibsen,5849,00-0035228,3917315,Kyler Murray,QB,MIN,0,BN,10.42,2026-10-10T01:45:22Z
2026,3,704757,Average Joes,8,8,Peibsen,5859,00-0035676,4047646,A.J. Brown,WR,NE,0,IR,0.0,2026-10-10T01:45:22Z
2026,3,704757,Average Joes,8,8,Peibsen,6813,00-0036223,4242335,Jonathan Taylor,RB,IND,1,RB,9.2,2026-10-10T01:45:22Z
2026,3,704757,Average Joes,8,8,Peibsen,7543,00-0036973,4239996,Travis Etienne,RB,NO,1,FLEX,9.0,2026-10-10T01:45:22Z
2026,3,704757,Average Joes,8,8,Peibsen,8137,00-0037247,4426354,George Pickens,WR,DAL,1,WR,15.2,2026-10-10T01:45:22Z
2026,3,704757,Average Joes,8,8,Peibsen,8408,00-0037525,4360569,Jordan Mason,RB,MIN,0,BN,0.0,2026-10-10T01:45:22Z
2026,3,704757,Average Joes,8,8,Peibsen,9484,00-0038996,4572680,Tucker Kraft,TE,GB,1,TE,6.6,2026-10-10T01:45:22Z
2026,3,704757,Average Joes,8,8,Peibsen,9486,00-0038393,4428850,Dontayvion Wicks,WR,PHI,1,WR,5.2,2026-10-10T01:45:22Z
2026,3,704757,Average Joes,8,8,Peibsen,9508,00-0039032,4428557,Tyjae Spears,RB,TEN,0,BN,0.5,2026-10-10T01:45:22Z
2026,3,704757,Average Joes,8,8,Peibsen,9756,00-0038994,4429205,Jordan Addison,WR,MIN,0,BN,20.0,2026-10-10T01:45:22Z
2026,3,704757,Average Joes,8,8,Peibsen,espn--16007,,-16007,Broncos D/ST,DEF,DEN,1,DEF,9.0,2026-10-10T01:45:22Z
2026,3,704757,Average Joes,8,8,Peibsen,espn-2473037,,2473037,Jason Myers,K,SEA,1,K,9.0,2026-10-10T01:45:22Z
2026,3,704757,Average Joes,10,10,corncuff,11566,00-0039910,4426348,Jayden Daniels,QB,WAS,0,BN,0.0,2026-10-10T01:45:22Z
2026,3,704757,Average Joes,10,10,corncuff,12526,00-0040124,4685472,Tetairoa McMillan,WR,CAR,1,WR,3.7,2026-10-10T01:45:22Z
2026,3,704757,Average Joes,10,10,corncuff,12527,00-0040122,4890973,Ashton Jeanty,RB,LV,1,RB,12.3,2026-10-10T01:45:22Z
2026,3,704757,Average Joes,10,10,corncuff,12530,00-0040718,4685415,Travis Hunter,WR,JAX,0,BN,0.0,2026-10-10T01:45:22Z
2026,3,704757,Average Joes,10,10,corncuff,13287,00-0041027,4870808,Jeremiyah Love,RB,ARI,1,FLEX,21.9,2026-10-10T01:45:22Z
2026,3,704757,Average Joes,10,10,corncuff,13417,00-0041035,4710714,De'Zhaun Stribling,WR,SF,0,IR,0.0,2026-10-10T01:45:22Z
2026,3,704757,Average Joes,10,10,corncuff,2216,00-0031408,16737,Mike Evans,WR,SF,1,WR,12.4,2026-10-10T01:45:22Z
2026,3,704757,Average Joes,10,10,corncuff,6804,00-0036264,4036378,Jordan Love,QB,GB,1,QB,18.48,2026-10-10T01:45:22Z
2026,3,704757,Average Joes,10,10,corncuff,6819,00-0036252,4035687,Michael Pittman,WR,PIT,0,BN,3.6,2026-10-10T01:45:22Z
2026,3,704757,Average Joes,10,10,corncuff,7553,00-0036970,4360248,Kyle Pitts,TE,ATL,1,TE,1.5,2026-10-10T01:45:22Z
2026,3,704757,Average Joes,10,10,corncuff,7571,00-0036550,4360939,Rashod Bateman,WR,BAL,0,BN,5.7,2026-10-10T01:45:22Z
2026,3,704757,Average Joes,10,10,corncuff,8136,00-0037256,4697815,Rachaad White,RB,WAS,0,BN,11.1,2026-10-10T01:45:22Z
2026,3,704757,Average Joes,10,10,corncuff,9221,00-0039139,4429795,Jahmyr Gibbs,RB,DET,1,RB,41.4,2026-10-10T01:45:22Z
2026,3,704757,Average Joes,10,10,corncuff,9500,00-0038997,4688813,Josh Downs,WR,IND,0,BN,12.7,2026-10-10T01:45:22Z
2026,3,704757,Average Joes,10,10,corncuff,9997,00-0039064,4429615,Zay Flowers,WR,BAL,0,BN,15.4,2026-10-10T01:45:22Z
2026,3,704757,Average Joes,10,10,corncuff,espn--16029,,-16029,Panthers D/ST,DEF,CAR,1,DEF,6.0,2026-10-10T01:45:22Z
2026,3,704757,Average Joes,10,10,corncuff,espn-17427,,17427,Cairo Santos,K,CHI,1,K,10.0,2026-10-10T01:45:22Z
2026,3,704757,Average Joes,13,13,Craig McCloskey,10232,00-0038559,4360761,Michael Wilson,WR,ARI,1,FLEX,25.9,2026-10-10T01:45:22Z
2026,3,704757,Average Joes,13,13,Craig McCloskey,11632,00-0039337,4595348,Malik Nabers,WR,NYG,1,WR,7.6,2026-10-10T01:45:22Z
2026,3,704757,Average Joes,13,13,Craig McCloskey,12489,00-0040730,4568490,RJ Harvey,RB,DEN,0,BN,10.7,2026-10-10T01:45:22Z
2026,3,704757,Average Joes,13,13,Craig McCloskey,12490,00-0040719,4882093,Bhayshul Tuten,RB,JAX,0,BN,17.0,2026-10-10T01:45:22Z
2026,3,704757,Average Joes,13,13,Craig McCloskey,12518,00-0040128,4431459,Tyler Warren,TE,IND,1,TE,14.7,2026-10-10T01:45:22Z
2026,3,704757,Average Joes,13,13,Craig McCloskey,12519,00-0040735,4685278,Luther Burden III,WR,CHI,0,BN,19.8,2026-10-10T01:45:22Z
2026,3,704757,Average Joes,13,13,Craig McCloskey,12545,00-0040743,4360689,Tyler Shough,QB,NO,1,QB,23.8,2026-10-10T01:45:22Z
2026,3,704757,Average Joes,13,13,Craig McCloskey,4866,00-0034844,3929630,Saquon Barkley,RB,PHI,1,RB,9.0,2026-10-10T01:45:22Z
2026,3,704757,Average Joes,13,13,Craig McCloskey,6797,00-0036355,4038941,Justin Herbert,QB,LAC,0,BN,12.74,2026-10-10T01:45:22Z
2026,3,704757,Average Joes,13,13,Craig McCloskey,7567,00-0036919,4371733,Kenny Gainwell,RB,TB,0,BN,3.0,2026-10-10T01:45:22Z
2026,3,704757,Average Joes,13,13,Craig McCloskey,8110,00-0038041,4242355,Jake Ferguson,TE,DAL,0,BN,9.3,2026-10-10T01:45:22Z
2026,3,704757,Average Joes,13,13,Craig McCloskey,8146,00-0037740,4569618,Garrett Wilson,WR,NYJ,1,WR,26.7,2026-10-10T01:45:22Z
2026,3,704757,Average Joes,13,13,Craig McCloskey,9226,00-0039040,4429160,De'Von Achane,RB,MIA,1,RB,1.7,2026-10-10T01:45:22Z
2026,3,704757,Average Joes,13,13,Craig McCloskey,9502,00-0038977,4366031,Tank Dell,WR,HOU,0,BN,0.0,2026-10-10T01:45:22Z
2026,3,704757,Average Joes,13,13,Craig McCloskey,espn--16023,,-16023,Steelers D/ST,DEF,PIT,1,DEF,4.0,2026-10-10T01:45:22Z
2026,3,704757,Average Joes,13,13,Craig McCloskey,espn-4689936,,4689936,Jake Bates,K,DET,1,K,7.0,2026-10-10T01:45:22Z
2026,3,704757,Average Joes,14,14,Nativity scene,10859,00-0039065,4430027,Sam LaPorta,TE,DET,1,TE,7.4,2026-10-10T01:45:22Z
2026,3,704757,Average Joes,14,14,Nativity scene,11564,00-0039851,4431452,Drake Maye,QB,NE,1,QB,3.76,2026-10-10T01:45:22Z
2026,3,704757,Average Joes,14,14,Nativity scene,11646,00-0039491,4695883,Jalen Coker,WR,CAR,1,WR,3.8,2026-10-10T01:45:22Z
2026,3,704757,Average Joes,14,14,Nativity scene,11834,00-0039424,4569559,Devaughn Vele,WR,NO,1,FLEX,6.9,2026-10-10T01:45:22Z
2026,3,704757,Average Joes,14,14,Nativity scene,12534,00-0040236,4608686,Kyle Monangai,RB,CHI,0,BN,3.1,2026-10-10T01:45:22Z
2026,3,704757,Average Joes,14,14,Nativity scene,13414,00-0041052,4696044,Kaelon Black,RB,SF,0,BN,1.7,2026-10-10T01:45:22Z
2026,3,704757,Average Joes,14,14,Nativity scene,4199,00-0033293,3042519,Aaron Jones,RB,MIN,0,BN,14.2,2026-10-10T01:45:22Z
2026,3,704757,Average Joes,14,14,Nativity scene,7569,00-0036554,4258173,Nico Collins,WR,HOU,0,BN,0.0,2026-10-10T01:45:22Z
2026,3,704757,Average Joes,14,14,Nativity scene,7611,00-0036875,4569173,Rhamondre Stevenson,RB,NE,1,RB,6.8,2026-10-10T01:45:22Z
2026,3,704757,Average Joes,14,14,Nativity scene,8112,00-0037238,4426502,Drake London,WR,ATL,1,WR,28.4,2026-10-10T01:45:22Z
2026,3,704757,Average Joes,14,14,Nativity scene,8134,00-0037261,4373678,Khalil Shakir,WR,BUF,0,BN,1.6,2026-10-10T01:45:22Z
2026,3,704757,Average Joes,14,14,Nativity scene,8142,00-0037664,4360078,Alec Pierce,WR,IND,0,BN,0.0,2026-10-10T01:45:22Z
2026,3,704757,Average Joes,14,14,Nativity scene,8155,00-0038120,4427366,Breece Hall,RB,NYJ,1,RB,8.5,2026-10-10T01:45:22Z
2026,3,704757,Average Joes,14,14,Nativity scene,9493,00-0039075,4426515,Puka Nacua,WR,LA,0,BN,0.0,2026-10-10T01:45:22Z
2026,3,704757,Average Joes,14,14,Nativity scene,9753,00-0039165,4426385,Zach Charbonnet,RB,SEA,0,IR,0.0,2026-10-10T01:45:22Z
2026,3,704757,Average Joes,14,14,Nativity scene,espn--16021,,-16021,Eagles D/ST,DEF,PHI,1,DEF,-1.0,2026-10-10T01:45:22Z
2026,3,704757,Average Joes,14,14,Nativity scene,espn-3953687,,3953687,Brandon Aubrey,K,DAL,1,K,10.0,2026-10-10T01:45:22Z
2026,3,704757,Average Joes,15,15,coroxbro10,10222,00-0039146,4362249,Jayden Reed,WR,GB,0,BN,0.0,2026-10-10T01:45:22Z
2026,3,704757,Average Joes,15,15,coroxbro10,10229,00-0039067,4428331,Rashee Rice,WR,KC,1,WR,15.8,2026-10-10T01:45:22Z
2026,3,704757,Average Joes,15,15,coroxbro10,10236,00-0038933,4385690,Dalton Kincaid,TE,BUF,1,TE,3.8,2026-10-10T01:45:22Z
2026,3,704757,Average Joes,15,15,coroxbro10,12481,00-0040715,4696981,Cam Skattebo,RB,NYG,1,RB,13.0,2026-10-10T01:45:22Z
2026,3,704757,Average Joes,15,15,coroxbro10,12512,00-0040784,4685702,Quinshon Judkins,RB,CLE,0,BN,9.9,2026-10-10T01:45:22Z
2026,3,704757,Average Joes,15,15,coroxbro10,421,00-0026498,12483,Matthew Stafford,QB,LA,1,QB,20.9,2026-10-10T01:45:22Z
2026,3,704757,Average Joes,15,15,coroxbro10,4217,00-0033288,3040151,George Kittle,TE,SF,0,BN,26.2,2026-10-10T01:45:22Z
2026,3,704757,Average Joes,15,15,coroxbro10,5846,00-0035640,4047650,DK Metcalf,WR,PIT,0,BN,12.1,2026-10-10T01:45:22Z
2026,3,704757,Average Joes,15,15,coroxbro10,5850,00-0035700,4047365,Josh Jacobs,RB,GB,0,BN,0.0,2026-10-10T01:45:22Z
2026,3,704757,Average Joes,15,15,coroxbro10,5872,00-0035719,3126486,Deebo Samuel Sr.,WR,SF,1,FLEX,15.4,2026-10-10T01:45:22Z
2026,3,704757,Average Joes,15,15,coroxbro10,6794,00-0036322,4262921,Justin Jefferson,WR,MIN,1,WR,5.2,2026-10-10T01:45:22Z
2026,3,704757,Average Joes,15,15,coroxbro10,6806,00-0036158,4241985,J.K. Dobbins,RB,DEN,0,BN,6.3,2026-10-10T01:45:22Z
2026,3,704757,Average Joes,15,15,coroxbro10,8138,00-0037248,4379399,James Cook,RB,BUF,1,RB,19.4,2026-10-10T01:45:22Z
2026,3,704757,Average Joes,15,15,coroxbro10,8148,00-0037240,4426388,Jameson Williams,WR,DET,0,BN,8.9,2026-10-10T01:45:22Z
2026,3,704757,Average Joes,15,15,coroxbro10,espn--16026,,-16026,Seahawks D/ST,DEF,SEA,1,DEF,4.0,2026-10-10T01:45:22Z
2026,3,704757,Average Joes,15,15,coroxbro10,espn-4686361,,4686361,Cam Little,K,JAX,1,K,4.0,2026-10-10T01:45:22Z
2026,3,704757,Average Joes,16,16,espn90036700,11586,00-0039738,4429096,Blake Corum,RB,LA,0,BN,3.5,2026-10-10T01:45:22Z
2026,3,704757,Average Joes,16,16,espn90036700,11618,00-0039855,4430834,Jalen McMillan,WR,TB,0,BN,0.0,2026-10-10T01:45:22Z
2026,3,704757,Average Joes,16,16,espn90036700,12506,00-0040663,5083076,Harold Fannin Jr.,TE,CLE,1,TE,24.1,2026-10-10T01:45:22Z
2026,3,704757,Average Joes,16,16,espn90036700,3198,00-0032764,3043078,Derrick Henry,RB,BAL,1,FLEX,21.9,2026-10-10T01:45:22Z
2026,3,704757,Average Joes,16,16,espn90036700,6770,00-0036442,3915511,Joe Burrow,QB,CIN,0,BN,22.58,2026-10-10T01:45:22Z
2026,3,704757,Average Joes,16,16,espn90036700,6801,00-0036410,4239993,Tee Higgins,WR,CIN,0,BN,21.0,2026-10-10T01:45:22Z
2026,3,704757,Average Joes,16,16,espn90036700,7525,00-0036912,4241478,DeVonta Smith,WR,PHI,1,WR,12.5,2026-10-10T01:45:22Z
2026,3,704757,Average Joes,16,16,espn90036700,8121,00-0037816,4361432,Romeo Doubs,WR,NE,0,BN,7.9,2026-10-10T01:45:22Z
2026,3,704757,Average Joes,16,16,espn90036700,8151,00-0038134,4567048,Kenneth Walker III,RB,KC,1,RB,21.3,2026-10-10T01:45:22Z
2026,3,704757,Average Joes,16,16,espn90036700,8167,00-0038124,4248528,Christian Watson,WR,GB,0,BN,22.6,2026-10-10T01:45:22Z
2026,3,704757,Average Joes,16,16,espn90036700,8183,00-0037834,4361741,Brock Purdy,QB,SF,1,QB,31.28,2026-10-10T01:45:22Z
2026,3,704757,Average Joes,16,16,espn90036700,8228,00-0037228,4569987,Jaylen Warren,RB,PIT,1,RB,20.6,2026-10-10T01:45:22Z
2026,3,704757,Average Joes,16,16,espn90036700,9480,00-0038935,4430539,Brenton Strange,TE,JAX,0,BN,6.2,2026-10-10T01:45:22Z
2026,3,704757,Average Joes,16,16,espn90036700,9488,00-0038543,4430878,Jaxon Smith-Njigba,WR,SEA,1,WR,35.36,2026-10-10T01:45:22Z
2026,3,704757,Average Joes,16,16,espn90036700,espn--16014,,-16014,Rams D/ST,DEF,LA,1,DEF,5.0,2026-10-10T01:45:22Z
2026,3,704757,Average Joes,16,16,espn90036700,espn-2971573,,2971573,Ka'imi Fairbairn,K,HOU,1,K,5.0,2026-10-10T01:45:22Z
2026,3,704757,Average Joes,17,17,kmccloskey,11604,00-0039338,4432665,Brock Bowers,TE,LV,0,BN,27.6,2026-10-10T01:45:22Z
2026,3,704757,Average Joes,17,17,kmccloskey,11635,00-0039915,4612826,Ladd McConkey,WR,LAC,1,WR,10.6,2026-10-10T01:45:22Z
2026,3,704757,Average Joes,17,17,kmccloskey,12501,00-0040667,4701936,Matthew Golden,WR,GB,0,BN,21.0,2026-10-10T01:45:22Z
2026,3,704757,Average Joes,17,17,kmccloskey,12507,00-0040666,4685382,Omarion Hampton,RB,LAC,1,RB,5.6,2026-10-10T01:45:22Z
2026,3,704757,Average Joes,17,17,kmccloskey,12533,00-0040242,4575131,Jacory Croskey-Merritt,RB,WAS,0,BN,5.3,2026-10-10T01:45:22Z
2026,3,704757,Average Joes,17,17,kmccloskey,3163,00-0033106,3046779,Jared Goff,QB,DET,0,BN,19.36,2026-10-10T01:45:22Z
2026,3,704757,Average Joes,17,17,kmccloskey,5045,00-0034348,3128429,Courtland Sutton,WR,DEN,0,BN,7.6,2026-10-10T01:45:22Z
2026,3,704757,Average Joes,17,17,kmccloskey,5844,00-0035229,4036133,T.J. Hockenson,TE,MIN,1,TE,3.1,2026-10-10T01:45:22Z
2026,3,704757,Average Joes,17,17,kmccloskey,5927,00-0035659,3121422,Terry McLaurin,WR,WAS,1,FLEX,19.7,2026-10-10T01:45:22Z
2026,3,704757,Average Joes,17,17,kmccloskey,5967,00-0035261,3916148,Tony Pollard,RB,TEN,0,BN,13.6,2026-10-10T01:45:22Z
2026,3,704757,Average Joes,17,17,kmccloskey,6904,00-0036389,4040715,Jalen Hurts,QB,PHI,1,QB,12.62,2026-10-10T01:45:22Z
2026,3,704757,Average Joes,17,17,kmccloskey,7564,00-0036900,4362628,Ja'Marr Chase,WR,CIN,1,WR,24.8,2026-10-10T01:45:22Z
2026,3,704757,Average Joes,17,17,kmccloskey,8126,00-0038117,4569587,Wan'Dale Robinson,WR,TEN,0,BN,18.7,2026-10-10T01:45:22Z
2026,3,704757,Average Joes,17,17,kmccloskey,8150,00-0037840,4430737,Kyren Williams,RB,LA,1,RB,21.8,2026-10-10T01:45:22Z
2026,3,704757,Average Joes,17,17,kmccloskey,espn--16008,,-16008,Lions D/ST,DEF,DET,1,DEF,7.0,2026-10-10T01:45:22Z
2026,3,704757,Average Joes,17,17,kmccloskey,espn-4574716,,4574716,Harrison Mevis,K,LA,1,K,16.0,2026-10-10T01:45:22Z
2026,4,1312585008447262720,Where You At?,1,473346537234100224,MrMasculinity,10236,00-0038933,,Dalton Kincaid,TE,BUF,1,TE,1.2,2026-10-10T01:45:16Z
2026,4,1312585008447262720,Where You At?,1,473346537234100224,MrMasculinity,1052,,,Demario Davis,LB,NYJ,0,,14.5,2026-10-10T01:45:16Z
2026,4,1312585008447262720,Where You At?,1,473346537234100224,MrMasculinity,11563,00-0039732,,Bo Nix,QB,DEN,0,,13.56,2026-10-10T01:45:16Z
2026,4,1312585008447262720,Where You At?,1,473346537234100224,MrMasculinity,11687,,,Edgerrin Cooper,LB,GB,1,LB,18.5,2026-10-10T01:45:16Z
2026,4,1312585008447262720,Where You At?,1,473346537234100224,MrMasculinity,12502,00-0040584,,Gunnar Helm,TE,TEN,0,,3.0,2026-10-10T01:45:16Z
2026,4,1312585008447262720,Where You At?,1,473346537234100224,MrMasculinity,12508,00-0040691,,Jaxson Dart,QB,NYG,0,,0.0,2026-10-10T01:45:16Z
2026,4,1312585008447262720,Where You At?,1,473346537234100224,MrMasculinity,13274,00-0041489,,Germie Bernard,WR,PIT,0,,2.1,2026-10-10T01:45:16Z
2026,4,1312585008447262720,Where You At?,1,473346537234100224,MrMasculinity,13337,00-0041013,,Emmett Johnson,RB,KC,0,,1.5,2026-10-10T01:45:16Z
2026,4,1312585008447262720,Where You At?,1,473346537234100224,MrMasculinity,13377,,,Arvell Reese,LB,NYG,1,DL,20.0,2026-10-10T01:45:16Z
2026,4,1312585008447262720,Where You At?,1,473346537234100224,MrMasculinity,2020,,,Cairo Santos,K,CHI,1,K,11.0,2026-10-10T01:45:16Z
2026,4,1312585008447262720,Where You At?,1,473346537234100224,MrMasculinity,3294,00-0033077,,Dak Prescott,QB,DAL,0,,18.1,2026-10-10T01:45:16Z
2026,4,1312585008447262720,Where You At?,1,473346537234100224,MrMasculinity,4037,00-0033921,,Chris Godwin Jr.,WR,TB,0,,6.1,2026-10-10T01:45:16Z
2026,4,1312585008447262720,Where You At?,1,473346537234100224,MrMasculinity,4081,,,Budda Baker,DB,ARI,1,DB,11.5,2026-10-10T01:45:16Z
2026,4,1312585008447262720,Where You At?,1,473346537234100224,MrMasculinity,4199,00-0033293,,Aaron Jones,RB,MIN,1,RB,14.8,2026-10-10T01:45:16Z
2026,4,1312585008447262720,Where You At?,1,473346537234100224,MrMasculinity,5001,00-0034383,,Dalton Schultz,TE,HOU,0,,1.9,2026-10-10T01:45:16Z
2026,4,1312585008447262720,Where You At?,1,473346537234100224,MrMasculinity,5041,,,Fred Warner,LB,SF,0,,7.0,2026-10-10T01:45:16Z
2026,4,1312585008447262720,Where You At?,1,473346537234100224,MrMasculinity,5297,,,Zach Sieler,DT,MIA,1,DL,17.0,2026-10-10T01:45:16Z
2026,4,1312585008447262720,Where You At?,1,473346537234100224,MrMasculinity,5332,,,Foyesade Oluokun,LB,JAX,0,,18.5,2026-10-10T01:45:16Z
2026,4,1312585008447262720,Where You At?,1,473346537234100224,MrMasculinity,5841,,,Ed Oliver,DT,BUF,0,,3.5,2026-10-10T01:45:16Z
2026,4,1312585008447262720,Where You At?,1,473346537234100224,MrMasculinity,5872,00-0035719,,Deebo Samuel Sr.,WR,SF,1,WR,15.5,2026-10-10T01:45:16Z
2026,4,1312585008447262720,Where You At?,1,473346537234100224,MrMasculinity,5892,00-0035685,,David Montgomery,RB,HOU,0,,4.3,2026-10-10T01:45:16Z
2026,4,1312585008447262720,Where You At?,1,473346537234100224,MrMasculinity,5927,00-0035659,,Terry McLaurin,WR,WAS,0,,0.0,2026-10-10T01:45:16Z
2026,4,1312585008447262720,Where You At?,1,473346537234100224,MrMasculinity,6650,,,Chase McLaughlin,K,TB,0,,2.0,2026-10-10T01:45:16Z
2026,4,1312585008447262720,Where You At?,1,473346537234100224,MrMasculinity,6790,00-0036275,,D'Andre Swift,RB,CHI,1,FLEX,6.4,2026-10-10T01:45:16Z
2026,4,1312585008447262720,Where You At?,1,473346537234100224,MrMasculinity,7523,00-0036971,,Trevor Lawrence,QB,JAX,0,,13.08,2026-10-10T01:45:16Z
2026,4,1312585008447262720,Where You At?,1,473346537234100224,MrMasculinity,7553,00-0036970,,Kyle Pitts,TE,ATL,0,,6.2,2026-10-10T01:45:16Z
2026,4,1312585008447262720,Where You At?,1,473346537234100224,MrMasculinity,7571,00-0036550,,Rashod Bateman,WR,BAL,0,,5.6,2026-10-10T01:45:16Z
2026,4,1312585008447262720,Where You At?,1,473346537234100224,MrMasculinity,8151,00-0038134,,Kenneth Walker III,RB,KC,1,RB,30.4,2026-10-10T01:45:16Z
2026,4,1312585008447262720,Where You At?,1,473346537234100224,MrMasculinity,8183,00-0037834,,Brock Purdy,QB,SF,1,QB,19.62,2026-10-10T01:45:16Z
2026,4,1312585008447262720,Where You At?,1,473346537234100224,MrMasculinity,8266,,,Quay Walker,LB,LV,0,,12.0,2026-10-10T01:45:16Z
2026,4,1312585008447262720,Where You At?,1,473346537234100224,MrMasculinity,8392,,,Nick Cross,DB,WAS,0,,0.0,2026-10-10T01:45:16Z
2026,4,1312585008447262720,Where You At?,1,473346537234100224,MrMasculinity,9480,00-0038935,,Brenton Strange,TE,JAX,0,,13.0,2026-10-10T01:45:16Z
2026,4,1312585008447262720,Where You At?,1,473346537234100224,MrMasculinity,9487,00-0038606,,Parker Washington,WR,JAX,1,WR,1.5,2026-10-10T01:45:16Z
2026,4,1312585008447262720,Where You At?,1,473346537234100224,MrMasculinity,9488,00-0038543,,Jaxon Smith-Njigba,WR,SEA,1,WR,10.1,2026-10-10T01:45:16Z
2026,4,1312585008447262720,Where You At?,2,306149492955049984,FYFSimon,10235,00-0039021,,Roschon Johnson,RB,CHI,0,,3.8,2026-10-10T01:45:16Z
2026,4,1312585008447262720,Where You At?,2,306149492955049984,FYFSimon,10859,00-0039065,,Sam LaPorta,TE,DET,0,,18.4,2026-10-10T01:45:16Z
2026,4,1312585008447262720,Where You At?,2,306149492955049984,FYFSimon,10905,,,Brian Branch,DB,DET,0,,0.0,2026-10-10T01:45:16Z
2026,4,1312585008447262720,Where You At?,2,306149492955049984,FYFSimon,11565,00-0039923,,J.J. McCarthy,QB,NYG,0,,0.0,2026-10-10T01:45:16Z
2026,4,1312585008447262720,Where You At?,2,306149492955049984,FYFSimon,11584,00-0039361,,Bucky Irving,RB,TB,1,RB,6.1,2026-10-10T01:45:16Z
2026,4,1312585008447262720,Where You At?,2,306149492955049984,FYFSimon,11586,00-0039738,,Blake Corum,RB,LA,0,,2.6,2026-10-10T01:45:16Z
2026,4,1312585008447262720,Where You At?,2,306149492955049984,FYFSimon,11705,,,Tykee Smith,DB,TB,1,DB,10.0,2026-10-10T01:45:16Z
2026,4,1312585008447262720,Where You At?,2,306149492955049984,FYFSimon,11786,,,Cam Little,K,JAX,1,K,14.0,2026-10-10T01:45:16Z
2026,4,1312585008447262720,Where You At?,2,306149492955049984,FYFSimon,12476,00-0040202,,Devin Neal,RB,MIN,0,,0.0,2026-10-10T01:45:16Z
2026,4,1312585008447262720,Where You At?,2,306149492955049984,FYFSimon,12512,00-0040784,,Quinshon Judkins,RB,CLE,1,FLEX,18.6,2026-10-10T01:45:16Z
2026,4,1312585008447262720,Where You At?,2,306149492955049984,FYFSimon,12522,00-0040676,,Cam Ward,QB,TEN,0,,15.58,2026-10-10T01:45:16Z
2026,4,1312585008447262720,Where You At?,2,306149492955049984,FYFSimon,12578,,,Carson Schwesinger,LB,CLE,1,LB,6.0,2026-10-10T01:45:16Z
2026,4,1312585008447262720,Where You At?,2,306149492955049984,FYFSimon,13294,00-0040867,,Makai Lemon,WR,PHI,0,,4.2,2026-10-10T01:45:16Z
2026,4,1312585008447262720,Where You At?,2,306149492955049984,FYFSimon,13345,00-0041496,,Jonah Coleman,RB,DEN,0,,0.0,2026-10-10T01:45:16Z
2026,4,1312585008447262720,Where You At?,2,306149492955049984,FYFSimon,2216,00-0031408,,Mike Evans,WR,SF,0,,10.1,2026-10-10T01:45:16Z
2026,4,1312585008447262720,Where You At?,2,306149492955049984,FYFSimon,2449,00-0031588,,Stefon Diggs,WR,WAS,0,,6.0,2026-10-10T01:45:16Z
2026,4,1312585008447262720,Where You At?,2,306149492955049984,FYFSimon,421,00-0026498,,Matthew Stafford,QB,LA,0,,9.68,2026-10-10T01:45:16Z
2026,4,1312585008447262720,Where You At?,2,306149492955049984,FYFSimon,4217,00-0033288,,George Kittle,TE,SF,1,TE,15.0,2026-10-10T01:45:16Z
2026,4,1312585008447262720,Where You At?,2,306149492955049984,FYFSimon,4983,00-0034827,,DJ Moore,WR,BUF,1,WR,2.2,2026-10-10T01:45:16Z
2026,4,1312585008447262720,Where You At?,2,306149492955049984,FYFSimon,4984,00-0034857,,Josh Allen,QB,BUF,1,QB,18.52,2026-10-10T01:45:16Z
2026,4,1312585008447262720,Where You At?,2,306149492955049984,FYFSimon,6183,,,Andrew Van Ginkel,LB,MIN,1,DL,1.5,2026-10-10T01:45:16Z
2026,4,1312585008447262720,Where You At?,2,306149492955049984,FYFSimon,6768,00-0036212,,Tua Tagovailoa,QB,ATL,0,,0.0,2026-10-10T01:45:16Z
2026,4,1312585008447262720,Where You At?,2,306149492955049984,FYFSimon,6786,00-0036358,,CeeDee Lamb,WR,DAL,1,WR,32.8,2026-10-10T01:45:16Z
2026,4,1312585008447262720,Where You At?,2,306149492955049984,FYFSimon,6865,00-0036244,,Colby Parkinson,TE,LA,0,,0.0,2026-10-10T01:45:16Z
2026,4,1312585008447262720,Where You At?,2,306149492955049984,FYFSimon,7002,00-0036040,,Juwan Johnson,TE,NO,0,,8.9,2026-10-10T01:45:16Z
2026,4,1312585008447262720,Where You At?,2,306149492955049984,FYFSimon,7021,00-0036139,,Rico Dowdle,RB,PIT,0,,0.0,2026-10-10T01:45:16Z
2026,4,1312585008447262720,Where You At?,2,306149492955049984,FYFSimon,7588,00-0036997,,Javonte Williams,RB,DAL,0,,28.8,2026-10-10T01:45:16Z
2026,4,1312585008447262720,Where You At?,2,306149492955049984,FYFSimon,7627,,,Greg Rousseau,DE,BUF,1,DL,9.0,2026-10-10T01:45:16Z
2026,4,1312585008447262720,Where You At?,2,306149492955049984,FYFSimon,7640,,,Micah Parsons,LB,GB,0,,0.0,2026-10-10T01:45:16Z
2026,4,1312585008447262720,Where You At?,2,306149492955049984,FYFSimon,7839,,,Evan McPherson,K,CIN,0,,6.0,2026-10-10T01:45:16Z
2026,4,1312585008447262720,Where You At?,2,306149492955049984,FYFSimon,8142,00-0037664,,Alec Pierce,WR,IND,0,,0.0,2026-10-10T01:45:16Z
2026,4,1312585008447262720,Where You At?,2,306149492955049984,FYFSimon,8148,00-0037240,,Jameson Williams,WR,DET,0,,13.2,2026-10-10T01:45:16Z
2026,4,1312585008447262720,Where You At?,2,306149492955049984,FYFSimon,8150,00-0037840,,Kyren Williams,RB,LA,1,RB,32.7,2026-10-10T01:45:16Z
2026,4,1312585008447262720,Where You At?,2,306149492955049984,FYFSimon,8188,00-0038104,,Tyquan Thornton,WR,KC,0,,25.6,2026-10-10T01:45:16Z
2026,4,1312585008447262720,Where You At?,2,306149492955049984,FYFSimon,8385,,,George Karlaftis,DL,KC,0,,12.5,2026-10-10T01:45:16Z
2026,4,1312585008447262720,Where You At?,2,306149492955049984,FYFSimon,8408,00-0037525,,Jordan Mason,RB,MIN,0,,0.0,2026-10-10T01:45:16Z
2026,4,1312585008447262720,Where You At?,2,306149492955049984,FYFSimon,9500,00-0038997,,Josh Downs,WR,IND,1,WR,3.1,2026-10-10T01:45:16Z
2026,4,1312585008447262720,Where You At?,2,306149492955049984,FYFSimon,9753,00-0039165,,Zach Charbonnet,RB,SEA,0,,0.0,2026-10-10T01:45:16Z
2026,4,1312585008447262720,Where You At?,3,735940870234345472,zacquem,10222,00-0039146,,Jayden Reed,WR,GB,0,,0.0,2026-10-10T01:45:16Z
2026,4,1312585008447262720,Where You At?,3,735940870234345472,zacquem,10880,,,Jack Campbell,LB,DET,1,LB,10.0,2026-10-10T01:45:16Z
2026,4,1312585008447262720,Where You At?,3,735940870234345472,zacquem,10888,,,Jalen Carter,DL,PHI,0,,1.5,2026-10-10T01:45:16Z
2026,4,1312585008447262720,Where You At?,3,735940870234345472,zacquem,10891,,,Devon Witherspoon,DB,SEA,0,,10.5,2026-10-10T01:45:16Z
2026,4,1312585008447262720,Where You At?,3,735940870234345472,zacquem,10940,,,Nick Herbig,LB,PIT,0,,1.5,2026-10-10T01:45:16Z
2026,4,1312585008447262720,Where You At?,3,735940870234345472,zacquem,11559,00-0039917,,Michael Penix Jr.,QB,ATL,0,,12.72,2026-10-10T01:45:16Z
2026,4,1312585008447262720,Where You At?,3,735940870234345472,zacquem,11583,00-0039344,,Jonathon Brooks,RB,CAR,0,,0.0,2026-10-10T01:45:16Z
2026,4,1312585008447262720,Where You At?,3,735940870234345472,zacquem,11628,00-0039849,,Marvin Harrison Jr.,WR,ARI,0,,8.7,2026-10-10T01:45:16Z
2026,4,1312585008447262720,Where You At?,3,735940870234345472,zacquem,11678,,,Cooper DeJean,DB,PHI,0,,12.0,2026-10-10T01:45:16Z
2026,4,1312585008447262720,Where You At?,3,735940870234345472,zacquem,12495,00-0040198,,Ollie Gordon II,RB,MIA,0,,17.0,2026-10-10T01:45:16Z
2026,4,1312585008447262720,Where You At?,3,735940870234345472,zacquem,12498,00-0040736,,Mason Taylor,TE,NYJ,0,,0.0,2026-10-10T01:45:16Z
2026,4,1312585008447262720,Where You At?,3,735940870234345472,zacquem,12518,00-0040128,,Tyler Warren,TE,IND,1,TE,6.6,2026-10-10T01:45:16Z
2026,4,1312585008447262720,Where You At?,3,735940870234345472,zacquem,12526,00-0040124,,Tetairoa McMillan,WR,CAR,1,WR,38.2,2026-10-10T01:45:16Z
2026,4,1312585008447262720,Where You At?,3,735940870234345472,zacquem,13279,00-0041438,,Carnell Tate,WR,TEN,1,FLEX,17.0,2026-10-10T01:45:16Z
2026,4,1312585008447262720,Where You At?,3,735940870234345472,zacquem,13349,00-0041483,,Eli Stowers,TE,PHI,0,,0.0,2026-10-10T01:45:16Z
2026,4,1312585008447262720,Where You At?,3,735940870234345472,zacquem,13371,,,Dillon Thieneman,DB,CHI,1,DB,3.5,2026-10-10T01:45:16Z
2026,4,1312585008447262720,Where You At?,3,735940870234345472,zacquem,13375,,,Sonny Styles,LB,WAS,0,,6.0,2026-10-10T01:45:16Z
2026,4,1312585008447262720,Where You At?,3,735940870234345472,zacquem,4032,,,Jonathan Allen,DT,CIN,0,,4.0,2026-10-10T01:45:16Z
2026,4,1312585008447262720,Where You At?,3,735940870234345472,zacquem,4066,00-0033881,,Evan Engram,TE,DEN,0,,1.1,2026-10-10T01:45:16Z
2026,4,1312585008447262720,Where You At?,3,735940870234345472,zacquem,4195,,,Jake Elliott,K,PHI,1,K,10.0,2026-10-10T01:45:16Z
2026,4,1312585008447262720,Where You At?,3,735940870234345472,zacquem,4943,00-0034869,,Sam Darnold,QB,SEA,0,,13.32,2026-10-10T01:45:16Z
2026,4,1312585008447262720,Where You At?,3,735940870234345472,zacquem,5862,,,Brian Burns,DE,NYG,1,DL,0.0,2026-10-10T01:45:16Z
2026,4,1312585008447262720,Where You At?,3,735940870234345472,zacquem,5912,,,Carl Granderson,DE,NO,1,DL,0.0,2026-10-10T01:45:16Z
2026,4,1312585008447262720,Where You At?,3,735940870234345472,zacquem,6302,,,Kaden Elliss,LB,NO,0,,0.0,2026-10-10T01:45:16Z
2026,4,1312585008447262720,Where You At?,3,735940870234345472,zacquem,6770,00-0036442,,Joe Burrow,QB,CIN,1,QB,23.72,2026-10-10T01:45:16Z
2026,4,1312585008447262720,Where You At?,3,735940870234345472,zacquem,7526,00-0036613,,Jaylen Waddle,WR,DEN,1,WR,12.0,2026-10-10T01:45:16Z
2026,4,1312585008447262720,Where You At?,3,735940870234345472,zacquem,7715,,,Cam Bynum,DB,IND,0,,3.0,2026-10-10T01:45:16Z
2026,4,1312585008447262720,Where You At?,3,735940870234345472,zacquem,8112,00-0037238,,Drake London,WR,ATL,1,WR,12.1,2026-10-10T01:45:16Z
2026,4,1312585008447262720,Where You At?,3,735940870234345472,zacquem,8119,00-0037741,,Jahan Dotson,WR,ATL,0,,12.4,2026-10-10T01:45:16Z
2026,4,1312585008447262720,Where You At?,3,735940870234345472,zacquem,8136,00-0037256,,Rachaad White,RB,WAS,0,,0.0,2026-10-10T01:45:16Z
2026,4,1312585008447262720,Where You At?,3,735940870234345472,zacquem,8311,,,Terrel Bernard,LB,BUF,0,,6.0,2026-10-10T01:45:16Z
2026,4,1312585008447262720,Where You At?,3,735940870234345472,zacquem,8329,,,Devin Lloyd,LB,CAR,0,,10.0,2026-10-10T01:45:16Z
2026,4,1312585008447262720,Where You At?,3,735940870234345472,zacquem,9221,00-0039139,,Jahmyr Gibbs,RB,DET,1,RB,15.7,2026-10-10T01:45:16Z
2026,4,1312585008447262720,Where You At?,3,735940870234345472,zacquem,9226,00-0039040,,De'Von Achane,RB,MIA,1,RB,0.0,2026-10-10T01:45:16Z
2026,4,1312585008447262720,Where You At?,3,735940870234345472,zacquem,9756,00-0038994,,Jordan Addison,WR,MIN,0,,7.1,2026-10-10T01:45:16Z
2026,4,1312585008447262720,Where You At?,4,473347412346269696,tmwrigh,10949,,,Chamarri Conner,DB,KC,0,,5.5,2026-10-10T01:45:16Z
2026,4,1312585008447262720,Where You At?,4,473347412346269696,tmwrigh,11575,00-0039875,,Ray Davis,RB,BUF,0,,1.2,2026-10-10T01:45:16Z
2026,4,1312585008447262720,Where You At?,4,473347412346269696,tmwrigh,11604,00-0039338,,Brock Bowers,TE,LV,1,TE,17.6,2026-10-10T01:45:16Z
2026,4,1312585008447262720,Where You At?,4,473347412346269696,tmwrigh,11637,00-0039901,,Keon Coleman,WR,BUF,0,,20.6,2026-10-10T01:45:16Z
2026,4,1312585008447262720,Where You At?,4,473347412346269696,tmwrigh,11638,00-0039916,,Ricky Pearsall,WR,SF,0,,0.0,2026-10-10T01:45:16Z
2026,4,1312585008447262720,Where You At?,4,473347412346269696,tmwrigh,11643,00-0039874,,Jaylen Wright,RB,MIA,0,,0.7,2026-10-10T01:45:16Z
2026,4,1312585008447262720,Where You At?,4,473347412346269696,tmwrigh,12481,00-0040715,,Cam Skattebo,RB,NYG,1,FLEX,7.1,2026-10-10T01:45:16Z
2026,4,1312585008447262720,Where You At?,4,473347412346269696,tmwrigh,12487,00-0040737,,Terrance Ferguson,TE,LA,0,,0.0,2026-10-10T01:45:16Z
2026,4,1312585008447262720,Where You At?,4,473347412346269696,tmwrigh,12490,00-0040719,,Bhayshul Tuten,RB,JAX,0,,10.1,2026-10-10T01:45:16Z
2026,4,1312585008447262720,Where You At?,4,473347412346269696,tmwrigh,12501,00-0040667,,Matthew Golden,WR,GB,1,WR,10.2,2026-10-10T01:45:16Z
2026,4,1312585008447262720,Where You At?,4,473347412346269696,tmwrigh,12527,00-0040122,,Ashton Jeanty,RB,LV,1,RB,15.6,2026-10-10T01:45:16Z
2026,4,1312585008447262720,Where You At?,4,473347412346269696,tmwrigh,13293,00-0040870,,Ja'Kobi Lane,WR,BAL,0,,0.0,2026-10-10T01:45:16Z
2026,4,1312585008447262720,Where You At?,4,473347412346269696,tmwrigh,13296,00-0041523,,Caleb Douglas,WR,MIA,0,,0.0,2026-10-10T01:45:16Z
2026,4,1312585008447262720,Where You At?,4,473347412346269696,tmwrigh,13311,00-0041525,,Chris Bell,WR,MIA,0,,0.0,2026-10-10T01:45:16Z
2026,4,1312585008447262720,Where You At?,4,473347412346269696,tmwrigh,13413,00-0040890,,Cyrus Allen,WR,KC,0,,0.0,2026-10-10T01:45:16Z
2026,4,1312585008447262720,Where You At?,4,473347412346269696,tmwrigh,13414,00-0041052,,Kaelon Black,RB,SF,0,,1.3,2026-10-10T01:45:16Z
2026,4,1312585008447262720,Where You At?,4,473347412346269696,tmwrigh,4881,00-0034796,,Lamar Jackson,QB,BAL,1,QB,18.88,2026-10-10T01:45:16Z
2026,4,1312585008447262720,Where You At?,4,473347412346269696,tmwrigh,4967,,,Bradley Chubb,LB,BUF,1,DL,6.0,2026-10-10T01:45:16Z
2026,4,1312585008447262720,Where You At?,4,473347412346269696,tmwrigh,5045,00-0034348,,Courtland Sutton,WR,DEN,0,,0.9,2026-10-10T01:45:16Z
2026,4,1312585008447262720,Where You At?,4,473347412346269696,tmwrigh,5816,,,Nick Bosa,DE,SF,0,,0.0,2026-10-10T01:45:16Z
2026,4,1312585008447262720,Where You At?,4,473347412346269696,tmwrigh,5840,,,Josh Hines-Allen,DE,JAX,1,DL,5.0,2026-10-10T01:45:16Z
2026,4,1312585008447262720,Where You At?,4,473347412346269696,tmwrigh,5846,00-0035640,,DK Metcalf,WR,PIT,1,WR,14.0,2026-10-10T01:45:16Z
2026,4,1312585008447262720,Where You At?,4,473347412346269696,tmwrigh,6828,00-0036265,,AJ Dillon,RB,CAR,0,,1.2,2026-10-10T01:45:16Z
2026,4,1312585008447262720,Where You At?,4,473347412346269696,tmwrigh,7136,,,Kam Curl,DB,LAR,1,DB,4.5,2026-10-10T01:45:16Z
2026,4,1312585008447262720,Where You At?,4,473347412346269696,tmwrigh,7611,00-0036875,,Rhamondre Stevenson,RB,NE,0,,16.9,2026-10-10T01:45:16Z
2026,4,1312585008447262720,Where You At?,4,473347412346269696,tmwrigh,8132,00-0037263,,Tyler Allgeier,RB,ARI,0,,11.9,2026-10-10T01:45:16Z
2026,4,1312585008447262720,Where You At?,4,473347412346269696,tmwrigh,8134,00-0037261,,Khalil Shakir,WR,BUF,0,,9.7,2026-10-10T01:45:16Z
2026,4,1312585008447262720,Where You At?,4,473347412346269696,tmwrigh,8138,00-0037248,,James Cook,RB,BUF,1,RB,15.3,2026-10-10T01:45:16Z
2026,4,1312585008447262720,Where You At?,4,473347412346269696,tmwrigh,8161,00-0038128,,Malik Willis,QB,MIA,0,,2.5,2026-10-10T01:45:16Z
2026,4,1312585008447262720,Where You At?,4,473347412346269696,tmwrigh,8205,00-0037197,,Isiah Pacheco,RB,DET,0,,0.0,2026-10-10T01:45:16Z
2026,4,1312585008447262720,Where You At?,4,473347412346269696,tmwrigh,8259,,,Cameron Dicker,K,LAC,1,K,12.0,2026-10-10T01:45:16Z
2026,4,1312585008447262720,Where You At?,4,473347412346269696,tmwrigh,8659,,,Nate Landman,LB,LAR,1,LB,6.5,2026-10-10T01:45:16Z
2026,4,1312585008447262720,Where You At?,4,473347412346269696,tmwrigh,9228,00-0039150,,Bryce Young,QB,CAR,0,,21.46,2026-10-10T01:45:16Z
2026,4,1312585008447262720,Where You At?,4,473347412346269696,tmwrigh,9482,00-0039066,,Michael Mayer,TE,LV,0,,12.2,2026-10-10T01:45:16Z
2026,4,1312585008447262720,Where You At?,4,473347412346269696,tmwrigh,9493,00-0039075,,Puka Nacua,WR,LA,1,WR,23.2,2026-10-10T01:45:16Z
2026,4,1312585008447262720,Where You At?,4,473347412346269696,tmwrigh,9754,00-0038544,,Quentin Johnston,WR,LAC,0,,4.5,2026-10-10T01:45:16Z
2026,4,1312585008447262720,Where You At?,5,300320148349276160,FYFJohnLuke,10213,00-0038563,,Tre Tucker,WR,LV,0,,6.4,2026-10-10T01:45:16Z
2026,4,1312585008447262720,Where You At?,5,300320148349276160,FYFJohnLuke,10232,00-0038559,,Michael Wilson,WR,ARI,0,,13.0,2026-10-10T01:45:16Z
2026,4,1312585008447262720,Where You At?,5,300320148349276160,FYFJohnLuke,11624,00-0039894,,Xavier Worthy,WR,KC,1,WR,9.0,2026-10-10T01:45:16Z
2026,4,1312585008447262720,Where You At?,5,300320148349276160,FYFJohnLuke,11625,00-0039890,,Adonai Mitchell,WR,NYJ,0,,0.0,2026-10-10T01:45:16Z
2026,4,1312585008447262720,Where You At?,5,300320148349276160,FYFJohnLuke,11627,00-0039868,,Troy Franklin,WR,DEN,0,,0.0,2026-10-10T01:45:16Z
2026,4,1312585008447262720,Where You At?,5,300320148349276160,FYFJohnLuke,12469,00-0040162,,Dylan Sampson,RB,CLE,0,,0.0,2026-10-10T01:45:16Z
2026,4,1312585008447262720,Where You At?,5,300320148349276160,FYFJohnLuke,12504,00-0040142,,Kaleb Johnson,RB,GB,0,,2.2,2026-10-10T01:45:16Z
2026,4,1312585008447262720,Where You At?,5,300320148349276160,FYFJohnLuke,12506,00-0040663,,Harold Fannin Jr.,TE,CLE,0,,10.2,2026-10-10T01:45:16Z
2026,4,1312585008447262720,Where You At?,5,300320148349276160,FYFJohnLuke,12536,00-0040138,,Jaylin Noel,WR,HOU,0,,10.4,2026-10-10T01:45:16Z
2026,4,1312585008447262720,Where You At?,5,300320148349276160,FYFJohnLuke,12574,,,Abdul Carter,DL,NYG,1,DL,5.0,2026-10-10T01:45:16Z
2026,4,1312585008447262720,Where You At?,5,300320148349276160,FYFJohnLuke,12711,,,Tyler Loop,K,BAL,1,K,6.0,2026-10-10T01:45:16Z
2026,4,1312585008447262720,Where You At?,5,300320148349276160,FYFJohnLuke,13287,00-0041027,,Jeremiyah Love,RB,ARI,1,RB,6.0,2026-10-10T01:45:16Z
2026,4,1312585008447262720,Where You At?,5,300320148349276160,FYFJohnLuke,13340,,,Rueben Bain,DL,TB,0,,0.0,2026-10-10T01:45:16Z
2026,4,1312585008447262720,Where You At?,5,300320148349276160,FYFJohnLuke,13346,00-0041037,,Denzel Boston,WR,CLE,0,,11.9,2026-10-10T01:45:16Z
2026,4,1312585008447262720,Where You At?,5,300320148349276160,FYFJohnLuke,3257,00-0033119,,Jacoby Brissett,QB,ARI,0,,10.44,2026-10-10T01:45:16Z
2026,4,1312585008447262720,Where You At?,5,300320148349276160,FYFJohnLuke,4033,00-0033885,,David Njoku,TE,LAC,0,,0.0,2026-10-10T01:45:16Z
2026,4,1312585008447262720,Where You At?,5,300320148349276160,FYFJohnLuke,4046,00-0033873,,Patrick Mahomes,QB,KC,1,QB,17.0,2026-10-10T01:45:16Z
2026,4,1312585008447262720,Where You At?,5,300320148349276160,FYFJohnLuke,4950,00-0034775,,Christian Kirk,WR,SF,0,,0.0,2026-10-10T01:45:16Z
2026,4,1312585008447262720,Where You At?,5,300320148349276160,FYFJohnLuke,5012,00-0034753,,Mark Andrews,TE,BAL,1,TE,11.2,2026-10-10T01:45:16Z
2026,4,1312585008447262720,Where You At?,5,300320148349276160,FYFJohnLuke,5967,00-0035261,,Tony Pollard,RB,TEN,0,,12.0,2026-10-10T01:45:16Z
2026,4,1312585008447262720,Where You At?,5,300320148349276160,FYFJohnLuke,6794,00-0036322,,Justin Jefferson,WR,MIN,0,,0.0,2026-10-10T01:45:16Z
2026,4,1312585008447262720,Where You At?,5,300320148349276160,FYFJohnLuke,6806,00-0036158,,J.K. Dobbins,RB,DEN,0,,6.2,2026-10-10T01:45:16Z
2026,4,1312585008447262720,Where You At?,5,300320148349276160,FYFJohnLuke,6900,,,Jonathan Greenard,DE,PHI,0,,0.0,2026-10-10T01:45:16Z
2026,4,1312585008447262720,Where You At?,5,300320148349276160,FYFJohnLuke,6949,,,Jordyn Brooks,LB,MIA,0,,10.0,2026-10-10T01:45:16Z
2026,4,1312585008447262720,Where You At?,5,300320148349276160,FYFJohnLuke,7543,00-0036973,,Travis Etienne,RB,NO,0,,0.0,2026-10-10T01:45:16Z
2026,4,1312585008447262720,Where You At?,5,300320148349276160,FYFJohnLuke,7564,00-0036900,,Ja'Marr Chase,WR,CIN,1,WR,4.2,2026-10-10T01:45:16Z
2026,4,1312585008447262720,Where You At?,5,300320148349276160,FYFJohnLuke,7659,,,Tre'von Moehrig,DB,CAR,1,DB,4.0,2026-10-10T01:45:16Z
2026,4,1312585008447262720,Where You At?,5,300320148349276160,FYFJohnLuke,7841,,,Jamien Sherwood,LB,NYJ,1,LB,13.0,2026-10-10T01:45:16Z
2026,4,1312585008447262720,Where You At?,5,300320148349276160,FYFJohnLuke,8126,00-0038117,,Wan'Dale Robinson,WR,TEN,0,,9.5,2026-10-10T01:45:16Z
2026,4,1312585008447262720,Where You At?,5,300320148349276160,FYFJohnLuke,8146,00-0037740,,Garrett Wilson,WR,NYJ,1,FLEX,4.2,2026-10-10T01:45:16Z
2026,4,1312585008447262720,Where You At?,5,300320148349276160,FYFJohnLuke,8155,00-0038120,,Breece Hall,RB,NYJ,1,RB,0.0,2026-10-10T01:45:16Z
2026,4,1312585008447262720,Where You At?,5,300320148349276160,FYFJohnLuke,8167,00-0038124,,Christian Watson,WR,GB,1,WR,6.2,2026-10-10T01:45:16Z
2026,4,1312585008447262720,Where You At?,5,300320148349276160,FYFJohnLuke,9504,00-0038608,,Kayshon Boutte,WR,HOU,0,,5.1,2026-10-10T01:45:16Z
2026,4,1312585008447262720,Where You At?,5,300320148349276160,FYFJohnLuke,9508,00-0039032,,Tyjae Spears,RB,TEN,0,,1.1,2026-10-10T01:45:16Z
2026,4,1312585008447262720,Where You At?,5,300320148349276160,FYFJohnLuke,9997,00-0039064,,Zay Flowers,WR,BAL,0,,21.8,2026-10-10T01:45:16Z
2026,4,1312585008447262720,Where You At?,6,473480332893483008,jmeanor,10219,00-0038611,,Chris Rodriguez Jr.,RB,JAX,1,RB,9.5,2026-10-10T01:45:16Z
2026,4,1312585008447262720,Where You At?,6,473480332893483008,jmeanor,10229,00-0039067,,Rashee Rice,WR,KC,1,WR,0.0,2026-10-10T01:45:16Z
2026,4,1312585008447262720,Where You At?,6,473480332893483008,jmeanor,11199,00-0038705,,Emari Demercado,RB,DAL,0,,0.0,2026-10-10T01:45:16Z
2026,4,1312585008447262720,Where You At?,6,473480332893483008,jmeanor,11370,00-0038685,,Chris Brooks,RB,GB,0,,4.0,2026-10-10T01:45:16Z
2026,4,1312585008447262720,Where You At?,6,473480332893483008,jmeanor,11564,00-0039851,,Drake Maye,QB,NE,0,,26.16,2026-10-10T01:45:16Z
2026,4,1312585008447262720,Where You At?,6,473480332893483008,jmeanor,11632,00-0039337,,Malik Nabers,WR,NYG,1,WR,20.2,2026-10-10T01:45:16Z
2026,4,1312585008447262720,Where You At?,6,473480332893483008,jmeanor,11665,,,Jared Verse,DL,CLE,0,,3.5,2026-10-10T01:45:16Z
2026,4,1312585008447262720,Where You At?,6,473480332893483008,jmeanor,13281,00-0041029,,Jordyn Tyson,WR,NO,0,,0.0,2026-10-10T01:45:16Z
2026,4,1312585008447262720,Where You At?,6,473480332893483008,jmeanor,13288,00-0040886,,Nicholas Singleton,RB,TEN,0,,0.2,2026-10-10T01:45:16Z
2026,4,1312585008447262720,Where You At?,6,473480332893483008,jmeanor,13301,00-0041040,,Antonio Williams,WR,WAS,1,WR,3.6,2026-10-10T01:45:16Z
2026,4,1312585008447262720,Where You At?,6,473480332893483008,jmeanor,13423,00-0041490,,Eli Heidenreich,RB,PIT,0,,0.0,2026-10-10T01:45:16Z
2026,4,1312585008447262720,Where You At?,6,473480332893483008,jmeanor,1466,00-0030506,,Travis Kelce,TE,KC,1,TE,2.5,2026-10-10T01:45:16Z
2026,4,1312585008447262720,Where You At?,6,473480332893483008,jmeanor,1945,,,Chris Boswell,K,PIT,0,,2.0,2026-10-10T01:45:16Z
2026,4,1312585008447262720,Where You At?,6,473480332893483008,jmeanor,2393,,,Danielle Hunter,DE,HOU,1,DL,4.0,2026-10-10T01:45:16Z
2026,4,1312585008447262720,Where You At?,6,473480332893483008,jmeanor,3172,,,DeForest Buckner,DT,IND,0,,9.0,2026-10-10T01:45:16Z
2026,4,1312585008447262720,Where You At?,6,473480332893483008,jmeanor,3451,,,Ka'imi Fairbairn,K,HOU,1,K,16.0,2026-10-10T01:45:16Z
2026,4,1312585008447262720,Where You At?,6,473480332893483008,jmeanor,4137,00-0033553,,James Conner,RB,ARI,0,,0.0,2026-10-10T01:45:16Z
2026,4,1312585008447262720,Where You At?,6,473480332893483008,jmeanor,4892,00-0034855,,Baker Mayfield,QB,TB,0,,0.0,2026-10-10T01:45:16Z
2026,4,1312585008447262720,Where You At?,6,473480332893483008,jmeanor,4971,,,Derwin James,DB,LAC,1,DB,0.0,2026-10-10T01:45:16Z
2026,4,1312585008447262720,Where You At?,6,473480332893483008,jmeanor,5726,,,Robert Spillane,LB,NE,0,,10.5,2026-10-10T01:45:16Z
2026,4,1312585008447262720,Where You At?,6,473480332893483008,jmeanor,5849,00-0035228,,Kyler Murray,QB,MIN,1,QB,11.48,2026-10-10T01:45:16Z
2026,4,1312585008447262720,Where You At?,6,473480332893483008,jmeanor,5859,00-0035676,,A.J. Brown,WR,NE,0,,0.0,2026-10-10T01:45:16Z
2026,4,1312585008447262720,Where You At?,6,473480332893483008,jmeanor,5960,,,T.J. Edwards,LB,CHI,0,,3.5,2026-10-10T01:45:16Z
2026,4,1312585008447262720,Where You At?,6,473480332893483008,jmeanor,5991,,,Maxx Crosby,DE,LV,1,DL,8.5,2026-10-10T01:45:16Z
2026,4,1312585008447262720,Where You At?,6,473480332893483008,jmeanor,6149,00-0035535,,Darius Slayton,WR,IND,0,,0.0,2026-10-10T01:45:16Z
2026,4,1312585008447262720,Where You At?,6,473480332893483008,jmeanor,6485,,,Azeez Al-Shaair,LB,HOU,0,,0.0,2026-10-10T01:45:16Z
2026,4,1312585008447262720,Where You At?,6,473480332893483008,jmeanor,6788,,,Xavier McKinney,DB,GB,0,,10.5,2026-10-10T01:45:16Z
2026,4,1312585008447262720,Where You At?,6,473480332893483008,jmeanor,7016,,,Jeremy Chinn,DB,LV,0,,4.0,2026-10-10T01:45:16Z
2026,4,1312585008447262720,Where You At?,6,473480332893483008,jmeanor,7569,00-0036554,,Nico Collins,WR,HOU,0,,27.3,2026-10-10T01:45:16Z
2026,4,1312585008447262720,Where You At?,6,473480332893483008,jmeanor,7600,00-0036894,,Pat Freiermuth,TE,PIT,1,FLEX,9.2,2026-10-10T01:45:16Z
2026,4,1312585008447262720,Where You At?,6,473480332893483008,jmeanor,8172,00-0037252,,Greg Dulcich,TE,MIA,0,,0.0,2026-10-10T01:45:16Z
2026,4,1312585008447262720,Where You At?,6,473480332893483008,jmeanor,8267,,,Nakobe Dean,LB,LV,1,LB,4.0,2026-10-10T01:45:16Z
2026,4,1312585008447262720,Where You At?,6,473480332893483008,jmeanor,8355,,,Kayvon Thibodeaux,DL,NYG,0,,1.0,2026-10-10T01:45:16Z
2026,4,1312585008447262720,Where You At?,6,473480332893483008,jmeanor,843,,,Cameron Heyward,DT,PIT,0,,10.0,2026-10-10T01:45:16Z
2026,4,1312585008447262720,Where You At?,6,473480332893483008,jmeanor,9509,00-0038542,,Bijan Robinson,RB,ATL,1,RB,27.2,2026-10-10T01:45:16Z
2026,4,1312585008447262720,Where You At?,6,473480332893483008,jmeanor,96,00-0023459,,Aaron Rodgers,QB,PIT,0,,21.96,2026-10-10T01:45:16Z
2026,4,1312585008447262720,Where You At?,7,830805333189455872,thewrightdek,11560,00-0039918,,Caleb Williams,QB,CHI,0,,0.0,2026-10-10T01:45:16Z
2026,4,1312585008447262720,Where You At?,7,830805333189455872,thewrightdek,11581,00-0039811,,MarShawn Lloyd,RB,GB,0,,7.4,2026-10-10T01:45:16Z
2026,4,1312585008447262720,Where You At?,7,830805333189455872,thewrightdek,11603,00-0039793,,AJ Barner,TE,SEA,0,,1.7,2026-10-10T01:45:16Z
2026,4,1312585008447262720,Where You At?,7,830805333189455872,thewrightdek,11635,00-0039915,,Ladd McConkey,WR,LAC,1,WR,0.0,2026-10-10T01:45:16Z
2026,4,1312585008447262720,Where You At?,7,830805333189455872,thewrightdek,11667,,,Dallas Turner,LB,MIN,1,DL,19.0,2026-10-10T01:45:16Z
2026,4,1312585008447262720,Where You At?,7,830805333189455872,thewrightdek,12484,00-0040130,,Jayden Higgins,WR,HOU,0,,0.0,2026-10-10T01:45:16Z
2026,4,1312585008447262720,Where You At?,7,830805333189455872,thewrightdek,12499,00-0040170,,Elic Ayomanor,WR,TEN,1,WR,2.7,2026-10-10T01:45:16Z
2026,4,1312585008447262720,Where You At?,7,830805333189455872,thewrightdek,12517,00-0040126,,Colston Loveland,TE,CHI,0,,8.7,2026-10-10T01:45:16Z
2026,4,1312585008447262720,Where You At?,7,830805333189455872,thewrightdek,12534,00-0040236,,Kyle Monangai,RB,CHI,0,,27.5,2026-10-10T01:45:16Z
2026,4,1312585008447262720,Where You At?,7,830805333189455872,thewrightdek,12567,,,Malaki Starks,DB,BAL,1,DB,8.0,2026-10-10T01:45:16Z
2026,4,1312585008447262720,Where You At?,7,830805333189455872,thewrightdek,13268,00-0040876,,Elijah Sarratt,WR,BAL,0,,1.8,2026-10-10T01:45:16Z
2026,4,1312585008447262720,Where You At?,7,830805333189455872,thewrightdek,13276,00-0041511,,Omar Cooper Jr.,WR,NYJ,0,,0.0,2026-10-10T01:45:16Z
2026,4,1312585008447262720,Where You At?,7,830805333189455872,thewrightdek,3163,00-0033106,,Jared Goff,QB,DET,1,QB,20.48,2026-10-10T01:45:16Z
2026,4,1312585008447262720,Where You At?,7,830805333189455872,thewrightdek,3198,00-0032764,,Derrick Henry,RB,BAL,1,RB,14.9,2026-10-10T01:45:16Z
2026,4,1312585008447262720,Where You At?,7,830805333189455872,thewrightdek,3678,,,Wil Lutz,K,DEN,0,,8.0,2026-10-10T01:45:16Z
2026,4,1312585008447262720,Where You At?,7,830805333189455872,thewrightdek,4070,,,T.J. Watt,LB,PIT,1,DL,21.0,2026-10-10T01:45:16Z
2026,4,1312585008447262720,Where You At?,7,830805333189455872,thewrightdek,4135,,,Trey Hendrickson,DE,BAL,0,,0.0,2026-10-10T01:45:16Z
2026,4,1312585008447262720,Where You At?,7,830805333189455872,thewrightdek,4227,,,Harrison Butker,K,KC,1,K,6.0,2026-10-10T01:45:16Z
2026,4,1312585008447262720,Where You At?,7,830805333189455872,thewrightdek,4866,00-0034844,,Saquon Barkley,RB,PHI,1,RB,1.5,2026-10-10T01:45:16Z
2026,4,1312585008447262720,Where You At?,7,830805333189455872,thewrightdek,4960,,,Roquan Smith,LB,BAL,1,LB,3.5,2026-10-10T01:45:16Z
2026,4,1312585008447262720,Where You At?,7,830805333189455872,thewrightdek,4968,,,Tremaine Edmunds,LB,NYG,0,,17.5,2026-10-10T01:45:16Z
2026,4,1312585008447262720,Where You At?,7,830805333189455872,thewrightdek,5876,,,Julian Love,DB,SEA,0,,5.0,2026-10-10T01:45:16Z
2026,4,1312585008447262720,Where You At?,7,830805333189455872,thewrightdek,6124,,,Montez Sweat,DE,CHI,0,,1.5,2026-10-10T01:45:16Z
2026,4,1312585008447262720,Where You At?,7,830805333189455872,thewrightdek,6797,00-0036355,,Justin Herbert,QB,LAC,0,,10.06,2026-10-10T01:45:16Z
2026,4,1312585008447262720,Where You At?,7,830805333189455872,thewrightdek,6901,,,Joshua Metellus,DB,MIN,0,,5.0,2026-10-10T01:45:16Z
2026,4,1312585008447262720,Where You At?,7,830805333189455872,thewrightdek,7113,,,Alex Highsmith,LB,PIT,0,,3.0,2026-10-10T01:45:16Z
2026,4,1312585008447262720,Where You At?,7,830805333189455872,thewrightdek,7525,00-0036912,,DeVonta Smith,WR,PHI,0,,0.0,2026-10-10T01:45:16Z
2026,4,1312585008447262720,Where You At?,7,830805333189455872,thewrightdek,8121,00-0037816,,Romeo Doubs,WR,NE,1,WR,20.8,2026-10-10T01:45:16Z
2026,4,1312585008447262720,Where You At?,7,830805333189455872,thewrightdek,8131,00-0037838,,Isaiah Likely,TE,NYG,1,FLEX,10.1,2026-10-10T01:45:16Z
2026,4,1312585008447262720,Where You At?,7,830805333189455872,thewrightdek,8154,00-0037746,,Brian Robinson,RB,ATL,0,,25.2,2026-10-10T01:45:16Z
2026,4,1312585008447262720,Where You At?,7,830805333189455872,thewrightdek,8210,00-0037809,,Chig Okonkwo,TE,WAS,0,,1.5,2026-10-10T01:45:16Z
2026,4,1312585008447262720,Where You At?,7,830805333189455872,thewrightdek,9484,00-0038996,,Tucker Kraft,TE,GB,1,TE,14.5,2026-10-10T01:45:16Z
2026,4,1312585008447262720,Where You At?,7,830805333189455872,thewrightdek,9511,00-0038454,,Keaton Mitchell,RB,LAC,0,,8.8,2026-10-10T01:45:16Z
2026,4,1312585008447262720,Where You At?,8,339485230026981376,Lturne56,11610,00-0039880,,Malik Washington,WR,MIA,0,,9.5,2026-10-10T01:45:16Z
2026,4,1312585008447262720,Where You At?,8,339485230026981376,Lturne56,11620,00-0039919,,Rome Odunze,WR,CHI,1,WR,12.4,2026-10-10T01:45:16Z
2026,4,1312585008447262720,Where You At?,8,339485230026981376,Lturne56,11646,00-0039491,,Jalen Coker,WR,CAR,0,,0.0,2026-10-10T01:45:16Z
2026,4,1312585008447262720,Where You At?,8,339485230026981376,Lturne56,11651,00-0039363,,Isaac Guerendo,RB,SF,0,,0.0,2026-10-10T01:45:16Z
2026,4,1312585008447262720,Where You At?,8,339485230026981376,Lturne56,12185,,,Spencer Shrader,K,IND,1,K,16.0,2026-10-10T01:45:16Z
2026,4,1312585008447262720,Where You At?,8,339485230026981376,Lturne56,12472,00-0040466,,Raheim Sanders,RB,CLE,0,,2.6,2026-10-10T01:45:16Z
2026,4,1312585008447262720,Where You At?,8,339485230026981376,Lturne56,12482,00-0040009,,Savion Williams,WR,GB,0,,0.0,2026-10-10T01:45:16Z
2026,4,1312585008447262720,Where You At?,8,339485230026981376,Lturne56,12483,00-0040729,,Jack Bech,WR,LV,0,,0.0,2026-10-10T01:45:16Z
2026,4,1312585008447262720,Where You At?,8,339485230026981376,Lturne56,12492,00-0040134,,Pat Bryant,WR,DEN,1,FLEX,6.2,2026-10-10T01:45:16Z
2026,4,1312585008447262720,Where You At?,8,339485230026981376,Lturne56,12497,00-0040648,,Tory Horton,WR,SEA,0,,7.1,2026-10-10T01:45:16Z
2026,4,1312585008447262720,Where You At?,8,339485230026981376,Lturne56,12509,00-0040727,,Tre Harris,WR,LAC,0,,7.5,2026-10-10T01:45:16Z
2026,4,1312585008447262720,Where You At?,8,339485230026981376,Lturne56,12514,00-0040129,,Emeka Egbuka,WR,TB,1,WR,2.3,2026-10-10T01:45:16Z
2026,4,1312585008447262720,Where You At?,8,339485230026981376,Lturne56,12529,00-0040734,,TreVeyon Henderson,RB,NE,1,RB,4.2,2026-10-10T01:45:16Z
2026,4,1312585008447262720,Where You At?,8,339485230026981376,Lturne56,12533,00-0040242,,Jacory Croskey-Merritt,RB,WAS,0,,6.0,2026-10-10T01:45:16Z
2026,4,1312585008447262720,Where You At?,8,339485230026981376,Lturne56,12545,00-0040743,,Tyler Shough,QB,NO,0,,15.94,2026-10-10T01:45:16Z
2026,4,1312585008447262720,Where You At?,8,339485230026981376,Lturne56,13285,00-0041042,,Malachi Fields,WR,NYG,0,,13.2,2026-10-10T01:45:16Z
2026,4,1312585008447262720,Where You At?,8,339485230026981376,Lturne56,13298,00-0041547,,KC Concepcion,WR,CLE,0,,8.9,2026-10-10T01:45:16Z
2026,4,1312585008447262720,Where You At?,8,339485230026981376,Lturne56,13302,00-0040888,,Adam Randall,RB,BAL,0,,0.0,2026-10-10T01:45:16Z
2026,4,1312585008447262720,Where You At?,8,339485230026981376,Lturne56,13320,00-0041044,,Zachariah Branch,WR,ATL,0,,2.0,2026-10-10T01:45:16Z
2026,4,1312585008447262720,Where You At?,8,339485230026981376,Lturne56,13405,00-0041096,,Kaytron Allen,RB,WAS,0,,0.1,2026-10-10T01:45:16Z
2026,4,1312585008447262720,Where You At?,8,339485230026981376,Lturne56,13424,00-0041125,,Seth McGowan,RB,IND,0,,4.3,2026-10-10T01:45:16Z
2026,4,1312585008447262720,Where You At?,8,339485230026981376,Lturne56,2227,,,Aaron Donald,DT,LAR,0,,0.0,2026-10-10T01:45:16Z
2026,4,1312585008447262720,Where You At?,8,339485230026981376,Lturne56,5022,00-0034351,,Dallas Goedert,TE,PHI,0,,0.0,2026-10-10T01:45:16Z
2026,4,1312585008447262720,Where You At?,8,339485230026981376,Lturne56,6214,,,Quincy Williams,LB,CLE,0,,3.0,2026-10-10T01:45:16Z
2026,4,1312585008447262720,Where You At?,8,339485230026981376,Lturne56,6783,00-0036407,,Jerry Jeudy,WR,CLE,0,,5.1,2026-10-10T01:45:16Z
2026,4,1312585008447262720,Where You At?,8,339485230026981376,Lturne56,6801,00-0036410,,Tee Higgins,WR,CIN,1,WR,21.2,2026-10-10T01:45:16Z
2026,4,1312585008447262720,Where You At?,8,339485230026981376,Lturne56,6813,00-0036223,,Jonathan Taylor,RB,IND,1,RB,22.2,2026-10-10T01:45:16Z
2026,4,1312585008447262720,Where You At?,8,339485230026981376,Lturne56,6815,,,Zack Baun,LB,PHI,0,,0.0,2026-10-10T01:45:16Z
2026,4,1312585008447262720,Where You At?,8,339485230026981376,Lturne56,6904,00-0036389,,Jalen Hurts,QB,PHI,1,QB,13.52,2026-10-10T01:45:16Z
2026,4,1312585008447262720,Where You At?,8,339485230026981376,Lturne56,7049,00-0036259,,Jauan Jennings,WR,MIN,0,,1.3,2026-10-10T01:45:16Z
2026,4,1312585008447262720,Where You At?,8,339485230026981376,Lturne56,7591,00-0036945,,Justin Fields,QB,KC,0,,0.0,2026-10-10T01:45:16Z
2026,4,1312585008447262720,Where You At?,8,339485230026981376,Lturne56,8130,00-0037744,,Trey McBride,TE,ARI,1,TE,6.6,2026-10-10T01:45:16Z
2026,4,1312585008447262720,Where You At?,8,339485230026981376,Lturne56,8265,,,Travon Walker,DL,JAX,1,DL,3.5,2026-10-10T01:45:16Z
2026,4,1312585008447262720,Where You At?,8,339485230026981376,Lturne56,8280,,,Nik Bonitto,LB,DEN,1,LB,2.5,2026-10-10T01:45:16Z
2026,4,1312585008447262720,Where You At?,8,339485230026981376,Lturne56,8289,,,Aidan Hutchinson,DL,DET,1,DL,4.5,2026-10-10T01:45:16Z
2026,4,1312585008447262720,Where You At?,8,339485230026981376,Lturne56,8330,,,Quentin Lake,DB,LAR,1,DB,3.5,2026-10-10T01:45:16Z
2026,4,1312585008447262720,Where You At?,8,339485230026981376,Lturne56,9225,00-0038555,,Tank Bigsby,RB,PHI,0,,5.5,2026-10-10T01:45:16Z
2026,4,1312585008447262720,Where You At?,8,339485230026981376,Lturne56,9229,00-0039164,,Anthony Richardson,QB,IND,0,,0.0,2026-10-10T01:45:16Z
2026,4,1312585008447262720,Where You At?,9,335632087304380416,PSewell,11533,,,Brandon Aubrey,K,DAL,1,K,10.0,2026-10-10T01:45:16Z
2026,4,1312585008447262720,Where You At?,9,335632087304380416,PSewell,11576,00-0039794,,Braelon Allen,RB,NYJ,0,,7.7,2026-10-10T01:45:16Z
2026,4,1312585008447262720,Where You At?,9,335632087304380416,PSewell,11631,00-0039893,,Brian Thomas Jr.,WR,JAX,0,,8.7,2026-10-10T01:45:16Z
2026,4,1312585008447262720,Where You At?,9,335632087304380416,PSewell,12507,00-0040666,,Omarion Hampton,RB,LAC,0,,12.3,2026-10-10T01:45:16Z
2026,4,1312585008447262720,Where You At?,9,335632087304380416,PSewell,12519,00-0040735,,Luther Burden III,WR,CHI,1,WR,9.4,2026-10-10T01:45:16Z
2026,4,1312585008447262720,Where You At?,9,335632087304380416,PSewell,13269,00-0041562,,Fernando Mendoza,QB,LV,0,,0.0,2026-10-10T01:45:16Z
2026,4,1312585008447262720,Where You At?,9,335632087304380416,PSewell,13275,00-0041568,,Ty Simpson,QB,LA,0,,0.0,2026-10-10T01:45:16Z
2026,4,1312585008447262720,Where You At?,9,335632087304380416,PSewell,13317,00-0041048,,Ted Hurst III,WR,TB,0,,3.5,2026-10-10T01:45:16Z
2026,4,1312585008447262720,Where You At?,9,335632087304380416,PSewell,13330,00-0041032,,Kenyon Sadiq,TE,NYJ,1,TE,0.0,2026-10-10T01:45:16Z
2026,4,1312585008447262720,Where You At?,9,335632087304380416,PSewell,13347,00-0041104,,Demond Claiborne,RB,MIN,0,,1.2,2026-10-10T01:45:16Z
2026,4,1312585008447262720,Where You At?,9,335632087304380416,PSewell,13363,,,David Bailey,LB,NYJ,1,DL,5.0,2026-10-10T01:45:16Z
2026,4,1312585008447262720,Where You At?,9,335632087304380416,PSewell,2133,00-0031381,,Davante Adams,WR,LA,1,WR,5.2,2026-10-10T01:45:16Z
2026,4,1312585008447262720,Where You At?,9,335632087304380416,PSewell,3634,00-0032464,,Kalif Raymond,WR,CHI,0,,1.6,2026-10-10T01:45:16Z
2026,4,1312585008447262720,Where You At?,9,335632087304380416,PSewell,4034,00-0033280,,Christian McCaffrey,RB,SF,1,RB,14.5,2026-10-10T01:45:16Z
2026,4,1312585008447262720,Where You At?,9,335632087304380416,PSewell,4035,00-0033906,,Alvin Kamara,RB,NO,0,,20.3,2026-10-10T01:45:16Z
2026,4,1312585008447262720,Where You At?,9,335632087304380416,PSewell,4993,00-0034829,,Mike Gesicki,TE,CIN,0,,11.5,2026-10-10T01:45:16Z
2026,4,1312585008447262720,Where You At?,9,335632087304380416,PSewell,5017,,,Jessie Bates,DB,ATL,1,DB,1.5,2026-10-10T01:45:16Z
2026,4,1312585008447262720,Where You At?,9,335632087304380416,PSewell,5844,00-0035229,,T.J. Hockenson,TE,MIN,0,,18.4,2026-10-10T01:45:16Z
2026,4,1312585008447262720,Where You At?,9,335632087304380416,PSewell,5870,00-0035710,,Daniel Jones,QB,IND,0,,7.92,2026-10-10T01:45:16Z
2026,4,1312585008447262720,Where You At?,9,335632087304380416,PSewell,6118,,,Quinnen Williams,DT,DAL,0,,12.0,2026-10-10T01:45:16Z
2026,4,1312585008447262720,Where You At?,9,335632087304380416,PSewell,6125,,,Jeffery Simmons,DT,TEN,1,DL,4.0,2026-10-10T01:45:16Z
2026,4,1312585008447262720,Where You At?,9,335632087304380416,PSewell,6807,,,Patrick Queen,LB,PIT,0,,4.0,2026-10-10T01:45:16Z
2026,4,1312585008447262720,Where You At?,9,335632087304380416,PSewell,6819,00-0036252,,Michael Pittman,WR,PIT,0,,3.5,2026-10-10T01:45:16Z
2026,4,1312585008447262720,Where You At?,9,335632087304380416,PSewell,7528,00-0036893,,Najee Harris,RB,NYG,0,,3.0,2026-10-10T01:45:16Z
2026,4,1312585008447262720,Where You At?,9,335632087304380416,PSewell,7567,00-0036919,,Kenny Gainwell,RB,TB,0,,9.7,2026-10-10T01:45:16Z
2026,4,1312585008447262720,Where You At?,9,335632087304380416,PSewell,7648,,,Nick Bolton,LB,KC,1,LB,6.5,2026-10-10T01:45:16Z
2026,4,1312585008447262720,Where You At?,9,335632087304380416,PSewell,7666,,,Jevón Holland,DB,NYG,0,,5.5,2026-10-10T01:45:16Z
2026,4,1312585008447262720,Where You At?,9,335632087304380416,PSewell,8110,00-0038041,,Jake Ferguson,TE,DAL,0,,2.6,2026-10-10T01:45:16Z
2026,4,1312585008447262720,Where You At?,9,335632087304380416,PSewell,8144,00-0037239,,Chris Olave,WR,NO,1,WR,15.6,2026-10-10T01:45:16Z
2026,4,1312585008447262720,Where You At?,9,335632087304380416,PSewell,8180,00-0037291,,Jalen Nailor,WR,LV,0,,0.0,2026-10-10T01:45:16Z
2026,4,1312585008447262720,Where You At?,9,335632087304380416,PSewell,8228,00-0037228,,Jaylen Warren,RB,PIT,1,FLEX,14.1,2026-10-10T01:45:16Z
2026,4,1312585008447262720,Where You At?,9,335632087304380416,PSewell,8676,00-0037545,,Rashid Shaheed,WR,SEA,0,,11.8,2026-10-10T01:45:16Z
2026,4,1312585008447262720,Where You At?,9,335632087304380416,PSewell,9224,00-0038597,,Chase Brown,RB,CIN,1,RB,14.6,2026-10-10T01:45:16Z
2026,4,1312585008447262720,Where You At?,9,335632087304380416,PSewell,9758,00-0039163,,C.J. Stroud,QB,HOU,1,QB,23.08,2026-10-10T01:45:16Z
2026,4,1312585008447262720,Where You At?,10,302250698769203200,patjc,10892,,,Will Anderson,DL,HOU,1,DL,15.0,2026-10-10T01:45:16Z
2026,4,1312585008447262720,Where You At?,10,302250698769203200,patjc,10898,,,Tuli Tuipulotu,DL,LAC,0,,21.5,2026-10-10T01:45:16Z
2026,4,1312585008447262720,Where You At?,10,302250698769203200,patjc,10917,,,Byron Young,LB,LAR,1,LB,26.0,2026-10-10T01:45:16Z
2026,4,1312585008447262720,Where You At?,10,302250698769203200,patjc,11566,00-0039910,,Jayden Daniels,QB,WAS,0,,0.0,2026-10-10T01:45:16Z
2026,4,1312585008447262720,Where You At?,10,302250698769203200,patjc,11589,00-0039921,,Trey Benson,RB,ARI,0,,0.0,2026-10-10T01:45:16Z
2026,4,1312585008447262720,Where You At?,10,302250698769203200,patjc,11834,00-0039424,,Devaughn Vele,WR,NO,1,WR,14.4,2026-10-10T01:45:16Z
2026,4,1312585008447262720,Where You At?,10,302250698769203200,patjc,12048,00-0039299,,George Holani,RB,SEA,1,RB,2.5,2026-10-10T01:45:16Z
2026,4,1312585008447262720,Where You At?,10,302250698769203200,patjc,12474,00-0040583,,Woody Marks,RB,HOU,0,,8.2,2026-10-10T01:45:16Z
2026,4,1312585008447262720,Where You At?,10,302250698769203200,patjc,12485,00-0040237,,Tez Johnson,WR,TB,0,,3.7,2026-10-10T01:45:16Z
2026,4,1312585008447262720,Where You At?,10,302250698769203200,patjc,12489,00-0040730,,RJ Harvey,RB,DEN,0,,14.3,2026-10-10T01:45:16Z
2026,4,1312585008447262720,Where You At?,10,302250698769203200,patjc,12493,00-0040189,,Oronde Gadsden II,TE,LAC,0,,7.3,2026-10-10T01:45:16Z
2026,4,1312585008447262720,Where You At?,10,302250698769203200,patjc,12530,00-0040718,,Travis Hunter,WR,JAX,0,,5.5,2026-10-10T01:45:16Z
2026,4,1312585008447262720,Where You At?,10,302250698769203200,patjc,12535,00-0040669,,Isaac TeSlaa,WR,DET,0,,11.5,2026-10-10T01:45:16Z
2026,4,1312585008447262720,Where You At?,10,302250698769203200,patjc,12541,00-0040581,,Dont'e Thornton Jr.,WR,LV,0,,0.0,2026-10-10T01:45:16Z
2026,4,1312585008447262720,Where You At?,10,302250698769203200,patjc,12713,,,Andy Borregales,K,NE,1,K,3.0,2026-10-10T01:45:16Z
2026,4,1312585008447262720,Where You At?,10,302250698769203200,patjc,13286,00-0041512,,Jadarian Price,RB,SEA,0,,0.0,2026-10-10T01:45:16Z
2026,4,1312585008447262720,Where You At?,10,302250698769203200,patjc,13305,00-0040878,,Mike Washington Jr.,RB,LV,0,,2.2,2026-10-10T01:45:16Z
2026,4,1312585008447262720,Where You At?,10,302250698769203200,patjc,13376,,,Caleb Downs,DB,DAL,0,,5.5,2026-10-10T01:45:16Z
2026,4,1312585008447262720,Where You At?,10,302250698769203200,patjc,13379,,,Josiah Trotter,LB,TB,0,,8.0,2026-10-10T01:45:16Z
2026,4,1312585008447262720,Where You At?,10,302250698769203200,patjc,13417,00-0041035,,De'Zhaun Stribling,WR,SF,0,,0.0,2026-10-10T01:45:16Z
2026,4,1312585008447262720,Where You At?,10,302250698769203200,patjc,2505,00-0031610,,Darren Waller,TE,CAR,0,,5.1,2026-10-10T01:45:16Z
2026,4,1312585008447262720,Where You At?,10,302250698769203200,patjc,3214,00-0033090,,Hunter Henry,TE,NE,1,TE,8.7,2026-10-10T01:45:16Z
2026,4,1312585008447262720,Where You At?,10,302250698769203200,patjc,3321,,,Tyreek Hill,WR,,0,,0.0,2026-10-10T01:45:16Z
2026,4,1312585008447262720,Where You At?,10,302250698769203200,patjc,3973,,,Myles Garrett,DE,LAR,0,,0.0,2026-10-10T01:45:16Z
2026,4,1312585008447262720,Where You At?,10,302250698769203200,patjc,4177,00-0033555,,Mack Hollins,WR,NE,0,,6.8,2026-10-10T01:45:16Z
2026,4,1312585008447262720,Where You At?,10,302250698769203200,patjc,5850,00-0035700,,Josh Jacobs,RB,GB,0,,0.0,2026-10-10T01:45:16Z
2026,4,1312585008447262720,Where You At?,10,302250698769203200,patjc,5947,00-0034960,,Jakobi Meyers,WR,JAX,0,,4.8,2026-10-10T01:45:16Z
2026,4,1312585008447262720,Where You At?,10,302250698769203200,patjc,5995,00-0034975,,Justice Hill,RB,BAL,0,,3.5,2026-10-10T01:45:16Z
2026,4,1312585008447262720,Where You At?,10,302250698769203200,patjc,6804,00-0036264,,Jordan Love,QB,GB,1,QB,13.08,2026-10-10T01:45:16Z
2026,4,1312585008447262720,Where You At?,10,302250698769203200,patjc,7547,00-0036963,,Amon-Ra St. Brown,WR,DET,1,WR,11.5,2026-10-10T01:45:16Z
2026,4,1312585008447262720,Where You At?,10,302250698769203200,patjc,7594,00-0036555,,Chuba Hubbard,RB,CAR,1,RB,25.4,2026-10-10T01:45:16Z
2026,4,1312585008447262720,Where You At?,10,302250698769203200,patjc,7635,,,Jaelan Phillips,LB,CAR,1,DL,0.5,2026-10-10T01:45:16Z
2026,4,1312585008447262720,Where You At?,10,302250698769203200,patjc,8111,00-0038129,,Cade Otton,TE,TB,0,,5.7,2026-10-10T01:45:16Z
2026,4,1312585008447262720,Where You At?,10,302250698769203200,patjc,8137,00-0037247,,George Pickens,WR,DAL,1,WR,8.5,2026-10-10T01:45:16Z
2026,4,1312585008447262720,Where You At?,10,302250698769203200,patjc,8339,,,Kyle Hamilton,DB,BAL,1,DB,13.5,2026-10-10T01:45:16Z
2026,4,1312585008447262720,Where You At?,10,302250698769203200,patjc,8359,,,Marcus Jones,DB,NE,0,,5.5,2026-10-10T01:45:16Z
2026,4,1312585008447262720,Where You At?,10,302250698769203200,patjc,9486,00-0038393,,Dontayvion Wicks,WR,PHI,1,FLEX,3.3,2026-10-10T01:45:16Z
2026,4,1312585008447262720,Where You At?,10,302250698769203200,patjc,9501,00-0038621,,DeMario Douglas,WR,NE,0,,2.5,2026-10-10T01:45:16Z
2026,4,1328128689807818752,We can think of something funny,1,735576524882829312,NegativeSquash,10232,00-0038559,,Michael Wilson,WR,ARI,1,WR,16.5,2026-10-10T01:45:15Z
2026,4,1328128689807818752,We can think of something funny,1,735576524882829312,NegativeSquash,11589,00-0039921,,Trey Benson,RB,ARI,0,,0.0,2026-10-10T01:45:15Z
2026,4,1328128689807818752,We can think of something funny,1,735576524882829312,NegativeSquash,11628,00-0039849,,Marvin Harrison Jr.,WR,ARI,0,,8.2,2026-10-10T01:45:15Z
2026,4,1328128689807818752,We can think of something funny,1,735576524882829312,NegativeSquash,12498,00-0040736,,Mason Taylor,TE,NYJ,0,,0.0,2026-10-10T01:45:15Z
2026,4,1328128689807818752,We can think of something funny,1,735576524882829312,NegativeSquash,12501,00-0040667,,Matthew Golden,WR,GB,1,WR,11.7,2026-10-10T01:45:15Z
2026,4,1328128689807818752,We can think of something funny,1,735576524882829312,NegativeSquash,12504,00-0040142,,Kaleb Johnson,RB,GB,0,,2.2,2026-10-10T01:45:15Z
2026,4,1328128689807818752,We can think of something funny,1,735576524882829312,NegativeSquash,12517,00-0040126,,Colston Loveland,TE,CHI,1,TE,14.7,2026-10-10T01:45:15Z
2026,4,1328128689807818752,We can think of something funny,1,735576524882829312,NegativeSquash,12524,00-0040668,,Shedeur Sanders,QB,CLE,0,,0.0,2026-10-10T01:45:15Z
2026,4,1328128689807818752,We can think of something funny,1,735576524882829312,NegativeSquash,13269,00-0041562,,Fernando Mendoza,QB,LV,0,,0.0,2026-10-10T01:45:15Z
2026,4,1328128689807818752,We can think of something funny,1,735576524882829312,NegativeSquash,13276,00-0041511,,Omar Cooper Jr.,WR,NYJ,0,,0.0,2026-10-10T01:45:15Z
2026,4,1328128689807818752,We can think of something funny,1,735576524882829312,NegativeSquash,13287,00-0041027,,Jeremiyah Love,RB,ARI,1,RB,6.5,2026-10-10T01:45:15Z
2026,4,1328128689807818752,We can think of something funny,1,735576524882829312,NegativeSquash,13293,00-0040870,,Ja'Kobi Lane,WR,BAL,0,,0.0,2026-10-10T01:45:15Z
2026,4,1328128689807818752,We can think of something funny,1,735576524882829312,NegativeSquash,13317,00-0041048,,Ted Hurst III,WR,TB,0,,4.5,2026-10-10T01:45:15Z
2026,4,1328128689807818752,We can think of something funny,1,735576524882829312,NegativeSquash,13347,00-0041104,,Demond Claiborne,RB,MIN,0,,1.2,2026-10-10T01:45:15Z
2026,4,1328128689807818752,We can think of something funny,1,735576524882829312,NegativeSquash,3451,,,Ka'imi Fairbairn,K,HOU,1,K,17.4,2026-10-10T01:45:15Z
2026,4,1328128689807818752,We can think of something funny,1,735576524882829312,NegativeSquash,3634,00-0032464,,Kalif Raymond,WR,CHI,0,,2.6,2026-10-10T01:45:15Z
2026,4,1328128689807818752,We can think of something funny,1,735576524882829312,NegativeSquash,5001,00-0034383,,Dalton Schultz,TE,HOU,0,,3.9,2026-10-10T01:45:15Z
2026,4,1328128689807818752,We can think of something funny,1,735576524882829312,NegativeSquash,5844,00-0035229,,T.J. Hockenson,TE,MIN,1,FLEX,33.4,2026-10-10T01:45:15Z
2026,4,1328128689807818752,We can think of something funny,1,735576524882829312,NegativeSquash,5849,00-0035228,,Kyler Murray,QB,MIN,0,,11.48,2026-10-10T01:45:15Z
2026,4,1328128689807818752,We can think of something funny,1,735576524882829312,NegativeSquash,5850,00-0035700,,Josh Jacobs,RB,GB,0,,0.0,2026-10-10T01:45:15Z
2026,4,1328128689807818752,We can think of something funny,1,735576524882829312,NegativeSquash,5892,00-0035685,,David Montgomery,RB,HOU,1,RB,4.3,2026-10-10T01:45:15Z
2026,4,1328128689807818752,We can think of something funny,1,735576524882829312,NegativeSquash,6904,00-0036389,,Jalen Hurts,QB,PHI,0,,13.52,2026-10-10T01:45:15Z
2026,4,1328128689807818752,We can think of something funny,1,735576524882829312,NegativeSquash,7526,00-0036613,,Jaylen Waddle,WR,DEN,1,WR,14.5,2026-10-10T01:45:15Z
2026,4,1328128689807818752,We can think of something funny,1,735576524882829312,NegativeSquash,7569,00-0036554,,Nico Collins,WR,HOU,1,FLEX,32.8,2026-10-10T01:45:15Z
2026,4,1328128689807818752,We can think of something funny,1,735576524882829312,NegativeSquash,7588,00-0036997,,Javonte Williams,RB,DAL,1,RB,31.3,2026-10-10T01:45:15Z
2026,4,1328128689807818752,We can think of something funny,1,735576524882829312,NegativeSquash,8154,00-0037746,,Brian Robinson,RB,ATL,0,,25.7,2026-10-10T01:45:15Z
2026,4,1328128689807818752,We can think of something funny,1,735576524882829312,NegativeSquash,8183,00-0037834,,Brock Purdy,QB,SF,1,QB,22.62,2026-10-10T01:45:15Z
2026,4,1328128689807818752,We can think of something funny,1,735576524882829312,NegativeSquash,8408,00-0037525,,Jordan Mason,RB,MIN,0,,0.0,2026-10-10T01:45:15Z
2026,4,1328128689807818752,We can think of something funny,1,735576524882829312,NegativeSquash,9228,00-0039150,,Bryce Young,QB,CAR,1,SUPER_FLEX,23.46,2026-10-10T01:45:15Z
2026,4,1328128689807818752,We can think of something funny,1,735576524882829312,NegativeSquash,9488,00-0038543,,Jaxon Smith-Njigba,WR,SEA,1,WR,12.6,2026-10-10T01:45:15Z
2026,4,1328128689807818752,We can think of something funny,1,735576524882829312,NegativeSquash,9493,00-0039075,,Puka Nacua,WR,LA,1,FLEX,29.7,2026-10-10T01:45:15Z
2026,4,1328128689807818752,We can think of something funny,1,735576524882829312,NegativeSquash,9508,00-0039032,,Tyjae Spears,RB,TEN,0,,1.6,2026-10-10T01:45:15Z
2026,4,1328128689807818752,We can think of something funny,1,735576524882829312,NegativeSquash,MIN,,,Minnesota Vikings,DEF,MIN,1,DEF,9.0,2026-10-10T01:45:15Z
2026,4,1328128689807818752,We can think of something funny,2,76431078206095360,Taylor894,10219,00-0038611,,Chris Rodriguez Jr.,RB,JAX,0,,9.5,2026-10-10T01:45:15Z
2026,4,1328128689807818752,We can think of something funny,2,76431078206095360,Taylor894,10859,00-0039065,,Sam LaPorta,TE,DET,1,FLEX,26.4,2026-10-10T01:45:15Z
2026,4,1328128689807818752,We can think of something funny,2,76431078206095360,Taylor894,11435,00-0038797,,Emanuel Wilson,RB,SEA,1,RB,27.0,2026-10-10T01:45:15Z
2026,4,1328128689807818752,We can think of something funny,2,76431078206095360,Taylor894,11533,,,Brandon Aubrey,K,DAL,1,K,11.9,2026-10-10T01:45:15Z
2026,4,1328128689807818752,We can think of something funny,2,76431078206095360,Taylor894,11560,00-0039918,,Caleb Williams,QB,CHI,0,,0.0,2026-10-10T01:45:15Z
2026,4,1328128689807818752,We can think of something funny,2,76431078206095360,Taylor894,11583,00-0039344,,Jonathon Brooks,RB,CAR,0,,0.0,2026-10-10T01:45:15Z
2026,4,1328128689807818752,We can think of something funny,2,76431078206095360,Taylor894,11610,00-0039880,,Malik Washington,WR,MIA,1,FLEX,12.0,2026-10-10T01:45:15Z
2026,4,1328128689807818752,We can think of something funny,2,76431078206095360,Taylor894,11631,00-0039893,,Brian Thomas Jr.,WR,JAX,0,,9.7,2026-10-10T01:45:15Z
2026,4,1328128689807818752,We can think of something funny,2,76431078206095360,Taylor894,11632,00-0039337,,Malik Nabers,WR,NYG,1,WR,25.2,2026-10-10T01:45:15Z
2026,4,1328128689807818752,We can think of something funny,2,76431078206095360,Taylor894,11647,00-0039391,,Kimani Vidal,RB,LAC,0,,11.6,2026-10-10T01:45:15Z
2026,4,1328128689807818752,We can think of something funny,2,76431078206095360,Taylor894,12492,00-0040134,,Pat Bryant,WR,DEN,0,,7.7,2026-10-10T01:45:15Z
2026,4,1328128689807818752,We can think of something funny,2,76431078206095360,Taylor894,12495,00-0040198,,Ollie Gordon II,RB,MIA,0,,20.0,2026-10-10T01:45:15Z
2026,4,1328128689807818752,We can think of something funny,2,76431078206095360,Taylor894,12507,00-0040666,,Omarion Hampton,RB,LAC,1,FLEX,13.3,2026-10-10T01:45:15Z
2026,4,1328128689807818752,We can think of something funny,2,76431078206095360,Taylor894,12509,00-0040727,,Tre Harris,WR,LAC,0,,9.0,2026-10-10T01:45:15Z
2026,4,1328128689807818752,We can think of something funny,2,76431078206095360,Taylor894,12518,00-0040128,,Tyler Warren,TE,IND,1,TE,11.6,2026-10-10T01:45:15Z
2026,4,1328128689807818752,We can think of something funny,2,76431078206095360,Taylor894,12530,00-0040718,,Travis Hunter,WR,JAX,0,,0.0,2026-10-10T01:45:15Z
2026,4,1328128689807818752,We can think of something funny,2,76431078206095360,Taylor894,12718,00-0040590,,Konata Mumpfield,WR,LA,0,,1.7,2026-10-10T01:45:15Z
2026,4,1328128689807818752,We can think of something funny,2,76431078206095360,Taylor894,13268,00-0040876,,Elijah Sarratt,WR,BAL,0,,2.3,2026-10-10T01:45:15Z
2026,4,1328128689807818752,We can think of something funny,2,76431078206095360,Taylor894,13301,00-0041040,,Antonio Williams,WR,WAS,0,,5.1,2026-10-10T01:45:15Z
2026,4,1328128689807818752,We can think of something funny,2,76431078206095360,Taylor894,13302,00-0040888,,Adam Randall,RB,BAL,0,,0.0,2026-10-10T01:45:15Z
2026,4,1328128689807818752,We can think of something funny,2,76431078206095360,Taylor894,13413,00-0040890,,Cyrus Allen,WR,KC,0,,0.0,2026-10-10T01:45:15Z
2026,4,1328128689807818752,We can think of something funny,2,76431078206095360,Taylor894,13420,00-0041067,,Bryce Lance,WR,NO,0,,1.7,2026-10-10T01:45:15Z
2026,4,1328128689807818752,We can think of something funny,2,76431078206095360,Taylor894,2449,00-0031588,,Stefon Diggs,WR,WAS,1,WR,8.5,2026-10-10T01:45:15Z
2026,4,1328128689807818752,We can think of something funny,2,76431078206095360,Taylor894,3163,00-0033106,,Jared Goff,QB,DET,1,SUPER_FLEX,24.48,2026-10-10T01:45:15Z
2026,4,1328128689807818752,We can think of something funny,2,76431078206095360,Taylor894,3294,00-0033077,,Dak Prescott,QB,DAL,0,,20.1,2026-10-10T01:45:15Z
2026,4,1328128689807818752,We can think of something funny,2,76431078206095360,Taylor894,4046,00-0033873,,Patrick Mahomes,QB,KC,1,QB,17.0,2026-10-10T01:45:15Z
2026,4,1328128689807818752,We can think of something funny,2,76431078206095360,Taylor894,5012,00-0034753,,Mark Andrews,TE,BAL,0,,16.2,2026-10-10T01:45:15Z
2026,4,1328128689807818752,We can think of something funny,2,76431078206095360,Taylor894,5022,00-0034351,,Dallas Goedert,TE,PHI,0,,0.0,2026-10-10T01:45:15Z
2026,4,1328128689807818752,We can think of something funny,2,76431078206095360,Taylor894,7611,00-0036875,,Rhamondre Stevenson,RB,NE,1,RB,18.4,2026-10-10T01:45:15Z
2026,4,1328128689807818752,We can think of something funny,2,76431078206095360,Taylor894,8146,00-0037740,,Garrett Wilson,WR,NYJ,1,WR,5.7,2026-10-10T01:45:15Z
2026,4,1328128689807818752,We can think of something funny,2,76431078206095360,Taylor894,9221,00-0039139,,Jahmyr Gibbs,RB,DET,1,RB,17.7,2026-10-10T01:45:15Z
2026,4,1328128689807818752,We can think of something funny,2,76431078206095360,Taylor894,9486,00-0038393,,Dontayvion Wicks,WR,PHI,1,WR,4.8,2026-10-10T01:45:15Z
2026,4,1328128689807818752,We can think of something funny,2,76431078206095360,Taylor894,SEA,,,Seattle Seahawks,DEF,SEA,1,DEF,12.0,2026-10-10T01:45:15Z
2026,4,1328128689807818752,We can think of something funny,3,981702520521248768,mastuhbruce,10213,00-0038563,,Tre Tucker,WR,LV,1,FLEX,8.4,2026-10-10T01:45:15Z
2026,4,1328128689807818752,We can think of something funny,3,981702520521248768,mastuhbruce,11564,00-0039851,,Drake Maye,QB,NE,0,,27.16,2026-10-10T01:45:15Z
2026,4,1328128689807818752,We can think of something funny,3,981702520521248768,mastuhbruce,11581,00-0039811,,MarShawn Lloyd,RB,GB,0,,9.9,2026-10-10T01:45:15Z
2026,4,1328128689807818752,We can think of something funny,3,981702520521248768,mastuhbruce,11646,00-0039491,,Jalen Coker,WR,CAR,1,FLEX,0.0,2026-10-10T01:45:15Z
2026,4,1328128689807818752,We can think of something funny,3,981702520521248768,mastuhbruce,12469,00-0040162,,Dylan Sampson,RB,CLE,0,,0.0,2026-10-10T01:45:15Z
2026,4,1328128689807818752,We can think of something funny,3,981702520521248768,mastuhbruce,12481,00-0040715,,Cam Skattebo,RB,NYG,1,RB,7.6,2026-10-10T01:45:15Z
2026,4,1328128689807818752,We can think of something funny,3,981702520521248768,mastuhbruce,12514,00-0040129,,Emeka Egbuka,WR,TB,1,WR,3.3,2026-10-10T01:45:15Z
2026,4,1328128689807818752,We can think of something funny,3,981702520521248768,mastuhbruce,12522,00-0040676,,Cam Ward,QB,TEN,0,,16.58,2026-10-10T01:45:15Z
2026,4,1328128689807818752,We can think of something funny,3,981702520521248768,mastuhbruce,12526,00-0040124,,Tetairoa McMillan,WR,CAR,1,WR,47.2,2026-10-10T01:45:15Z
2026,4,1328128689807818752,We can think of something funny,3,981702520521248768,mastuhbruce,13296,00-0041523,,Caleb Douglas,WR,MIA,0,,0.0,2026-10-10T01:45:15Z
2026,4,1328128689807818752,We can think of something funny,3,981702520521248768,mastuhbruce,13330,00-0041032,,Kenyon Sadiq,TE,NYJ,1,FLEX,0.0,2026-10-10T01:45:15Z
2026,4,1328128689807818752,We can think of something funny,3,981702520521248768,mastuhbruce,13353,00-0041047,,Chris Brazzell II,WR,CAR,0,,0.0,2026-10-10T01:45:15Z
2026,4,1328128689807818752,We can think of something funny,3,981702520521248768,mastuhbruce,13405,00-0041096,,Kaytron Allen,RB,WAS,0,,0.1,2026-10-10T01:45:15Z
2026,4,1328128689807818752,We can think of something funny,3,981702520521248768,mastuhbruce,13411,00-0041051,,Zavion Thomas,WR,CHI,0,,0.0,2026-10-10T01:45:15Z
2026,4,1328128689807818752,We can think of something funny,3,981702520521248768,mastuhbruce,13414,00-0041052,,Kaelon Black,RB,SF,0,,1.3,2026-10-10T01:45:15Z
2026,4,1328128689807818752,We can think of something funny,3,981702520521248768,mastuhbruce,13417,00-0041035,,De'Zhaun Stribling,WR,SF,0,,0.0,2026-10-10T01:45:15Z
2026,4,1328128689807818752,We can think of something funny,3,981702520521248768,mastuhbruce,4034,00-0033280,,Christian McCaffrey,RB,SF,1,RB,16.0,2026-10-10T01:45:15Z
2026,4,1328128689807818752,We can think of something funny,3,981702520521248768,mastuhbruce,4984,00-0034857,,Josh Allen,QB,BUF,1,QB,19.52,2026-10-10T01:45:15Z
2026,4,1328128689807818752,We can think of something funny,3,981702520521248768,mastuhbruce,6804,00-0036264,,Jordan Love,QB,GB,1,SUPER_FLEX,14.08,2026-10-10T01:45:15Z
2026,4,1328128689807818752,We can think of something funny,3,981702520521248768,mastuhbruce,7525,00-0036912,,DeVonta Smith,WR,PHI,0,,0.0,2026-10-10T01:45:15Z
2026,4,1328128689807818752,We can think of something funny,3,981702520521248768,mastuhbruce,8126,00-0038117,,Wan'Dale Robinson,WR,TEN,0,,11.0,2026-10-10T01:45:15Z
2026,4,1328128689807818752,We can think of something funny,3,981702520521248768,mastuhbruce,8130,00-0037744,,Trey McBride,TE,ARI,1,TE,13.6,2026-10-10T01:45:15Z
2026,4,1328128689807818752,We can think of something funny,3,981702520521248768,mastuhbruce,8132,00-0037263,,Tyler Allgeier,RB,ARI,0,,12.9,2026-10-10T01:45:15Z
2026,4,1328128689807818752,We can think of something funny,3,981702520521248768,mastuhbruce,8148,00-0037240,,Jameson Williams,WR,DET,1,WR,18.2,2026-10-10T01:45:15Z
2026,4,1328128689807818752,We can think of something funny,3,981702520521248768,mastuhbruce,8167,00-0038124,,Christian Watson,WR,GB,1,WR,7.7,2026-10-10T01:45:15Z
2026,4,1328128689807818752,We can think of something funny,3,981702520521248768,mastuhbruce,8259,,,Cameron Dicker,K,LAC,1,K,13.5,2026-10-10T01:45:15Z
2026,4,1328128689807818752,We can think of something funny,3,981702520521248768,mastuhbruce,9225,00-0038555,,Tank Bigsby,RB,PHI,0,,5.5,2026-10-10T01:45:15Z
2026,4,1328128689807818752,We can think of something funny,3,981702520521248768,mastuhbruce,9480,00-0038935,,Brenton Strange,TE,JAX,0,,20.0,2026-10-10T01:45:15Z
2026,4,1328128689807818752,We can think of something funny,3,981702520521248768,mastuhbruce,9502,00-0038977,,Tank Dell,WR,HOU,0,,0.0,2026-10-10T01:45:15Z
2026,4,1328128689807818752,We can think of something funny,3,981702520521248768,mastuhbruce,9504,00-0038608,,Kayshon Boutte,WR,HOU,0,,6.6,2026-10-10T01:45:15Z
2026,4,1328128689807818752,We can think of something funny,3,981702520521248768,mastuhbruce,9509,00-0038542,,Bijan Robinson,RB,ATL,1,RB,32.7,2026-10-10T01:45:15Z
2026,4,1328128689807818752,We can think of something funny,3,981702520521248768,mastuhbruce,9511,00-0038454,,Keaton Mitchell,RB,LAC,0,,11.3,2026-10-10T01:45:15Z
2026,4,1328128689807818752,We can think of something funny,3,981702520521248768,mastuhbruce,LAR,,,Los Angeles Rams,DEF,LAR,1,DEF,6.0,2026-10-10T01:45:15Z
2026,4,1328128689807818752,We can think of something funny,4,981707071592681472,ohsobenji,11575,00-0039875,,Ray Davis,RB,BUF,0,,1.7,2026-10-10T01:45:15Z
2026,4,1328128689807818752,We can think of something funny,4,981707071592681472,ohsobenji,11584,00-0039361,,Bucky Irving,RB,TB,0,,6.1,2026-10-10T01:45:15Z
2026,4,1328128689807818752,We can think of something funny,4,981707071592681472,ohsobenji,11604,00-0039338,,Brock Bowers,TE,LV,1,TE,23.6,2026-10-10T01:45:15Z
2026,4,1328128689807818752,We can think of something funny,4,981707071592681472,ohsobenji,11783,00-0039410,,Ryan Flournoy,WR,DAL,0,,7.7,2026-10-10T01:45:15Z
2026,4,1328128689807818752,We can think of something funny,4,981707071592681472,ohsobenji,11834,00-0039424,,Devaughn Vele,WR,NO,1,WR,17.4,2026-10-10T01:45:15Z
2026,4,1328128689807818752,We can think of something funny,4,981707071592681472,ohsobenji,12484,00-0040130,,Jayden Higgins,WR,HOU,0,,0.0,2026-10-10T01:45:15Z
2026,4,1328128689807818752,We can think of something funny,4,981707071592681472,ohsobenji,12545,00-0040743,,Tyler Shough,QB,NO,1,QB,15.94,2026-10-10T01:45:15Z
2026,4,1328128689807818752,We can think of something funny,4,981707071592681472,ohsobenji,13274,00-0041489,,Germie Bernard,WR,PIT,0,,3.1,2026-10-10T01:45:15Z
2026,4,1328128689807818752,We can think of something funny,4,981707071592681472,ohsobenji,13289,00-0041565,,Drew Allar,QB,PIT,0,,0.0,2026-10-10T01:45:15Z
2026,4,1328128689807818752,We can think of something funny,4,981707071592681472,ohsobenji,13298,00-0041547,,KC Concepcion,WR,CLE,0,,11.4,2026-10-10T01:45:15Z
2026,4,1328128689807818752,We can think of something funny,4,981707071592681472,ohsobenji,13311,00-0041525,,Chris Bell,WR,MIA,0,,0.0,2026-10-10T01:45:15Z
2026,4,1328128689807818752,We can think of something funny,4,981707071592681472,ohsobenji,2747,,,Jason Myers,K,SEA,1,K,5.5,2026-10-10T01:45:15Z
2026,4,1328128689807818752,We can think of something funny,4,981707071592681472,ohsobenji,3257,00-0033119,,Jacoby Brissett,QB,ARI,1,SUPER_FLEX,13.44,2026-10-10T01:45:15Z
2026,4,1328128689807818752,We can think of something funny,4,981707071592681472,ohsobenji,3321,,,Tyreek Hill,WR,,0,,0.0,2026-10-10T01:45:15Z
2026,4,1328128689807818752,We can think of something funny,4,981707071592681472,ohsobenji,4037,00-0033921,,Chris Godwin Jr.,WR,TB,0,,9.1,2026-10-10T01:45:15Z
2026,4,1328128689807818752,We can think of something funny,4,981707071592681472,ohsobenji,4217,00-0033288,,George Kittle,TE,SF,1,FLEX,22.0,2026-10-10T01:45:15Z
2026,4,1328128689807818752,We can think of something funny,4,981707071592681472,ohsobenji,4866,00-0034844,,Saquon Barkley,RB,PHI,1,RB,2.0,2026-10-10T01:45:15Z
2026,4,1328128689807818752,We can think of something funny,4,981707071592681472,ohsobenji,4892,00-0034855,,Baker Mayfield,QB,TB,0,,0.0,2026-10-10T01:45:15Z
2026,4,1328128689807818752,We can think of something funny,4,981707071592681472,ohsobenji,4983,00-0034827,,DJ Moore,WR,BUF,1,WR,2.7,2026-10-10T01:45:15Z
2026,4,1328128689807818752,We can think of something funny,4,981707071592681472,ohsobenji,5947,00-0034960,,Jakobi Meyers,WR,JAX,0,,6.3,2026-10-10T01:45:15Z
2026,4,1328128689807818752,We can think of something funny,4,981707071592681472,ohsobenji,6794,00-0036322,,Justin Jefferson,WR,MIN,0,,0.0,2026-10-10T01:45:15Z
2026,4,1328128689807818752,We can think of something funny,4,981707071592681472,ohsobenji,7002,00-0036040,,Juwan Johnson,TE,NO,1,FLEX,14.9,2026-10-10T01:45:15Z
2026,4,1328128689807818752,We can think of something funny,4,981707071592681472,ohsobenji,7021,00-0036139,,Rico Dowdle,RB,PIT,0,,0.0,2026-10-10T01:45:15Z
2026,4,1328128689807818752,We can think of something funny,4,981707071592681472,ohsobenji,7594,00-0036555,,Chuba Hubbard,RB,CAR,1,FLEX,27.9,2026-10-10T01:45:15Z
2026,4,1328128689807818752,We can think of something funny,4,981707071592681472,ohsobenji,8112,00-0037238,,Drake London,WR,ATL,1,WR,14.6,2026-10-10T01:45:15Z
2026,4,1328128689807818752,We can think of something funny,4,981707071592681472,ohsobenji,8136,00-0037256,,Rachaad White,RB,WAS,0,,0.0,2026-10-10T01:45:15Z
2026,4,1328128689807818752,We can think of something funny,4,981707071592681472,ohsobenji,8138,00-0037248,,James Cook,RB,BUF,1,RB,16.3,2026-10-10T01:45:15Z
2026,4,1328128689807818752,We can think of something funny,4,981707071592681472,ohsobenji,8150,00-0037840,,Kyren Williams,RB,LA,1,RB,36.7,2026-10-10T01:45:15Z
2026,4,1328128689807818752,We can think of something funny,4,981707071592681472,ohsobenji,9484,00-0038996,,Tucker Kraft,TE,GB,0,,19.5,2026-10-10T01:45:15Z
2026,4,1328128689807818752,We can think of something funny,4,981707071592681472,ohsobenji,9500,00-0038997,,Josh Downs,WR,IND,1,WR,4.6,2026-10-10T01:45:15Z
2026,4,1328128689807818752,We can think of something funny,4,981707071592681472,ohsobenji,9754,00-0038544,,Quentin Johnston,WR,LAC,0,,5.0,2026-10-10T01:45:15Z
2026,4,1328128689807818752,We can think of something funny,4,981707071592681472,ohsobenji,HOU,,,Houston Texans,DEF,HOU,0,,4.0,2026-10-10T01:45:15Z
2026,4,1328128689807818752,We can think of something funny,4,981707071592681472,ohsobenji,PIT,,,Pittsburgh Steelers,DEF,PIT,1,DEF,8.0,2026-10-10T01:45:15Z
2026,4,1328128689807818752,We can think of something funny,5,473346537234100224,MrMasculinity,10222,00-0039146,,Jayden Reed,WR,GB,0,,0.0,2026-10-10T01:45:15Z
2026,4,1328128689807818752,We can think of something funny,5,473346537234100224,MrMasculinity,10236,00-0038933,,Dalton Kincaid,TE,BUF,1,FLEX,2.2,2026-10-10T01:45:15Z
2026,4,1328128689807818752,We can think of something funny,5,473346537234100224,MrMasculinity,11563,00-0039732,,Bo Nix,QB,DEN,1,SUPER_FLEX,13.56,2026-10-10T01:45:15Z
2026,4,1328128689807818752,We can think of something funny,5,473346537234100224,MrMasculinity,11620,00-0039919,,Rome Odunze,WR,CHI,0,,15.4,2026-10-10T01:45:15Z
2026,4,1328128689807818752,We can think of something funny,5,473346537234100224,MrMasculinity,11624,00-0039894,,Xavier Worthy,WR,KC,0,,11.0,2026-10-10T01:45:15Z
2026,4,1328128689807818752,We can think of something funny,5,473346537234100224,MrMasculinity,11637,00-0039901,,Keon Coleman,WR,BUF,0,,25.6,2026-10-10T01:45:15Z
2026,4,1328128689807818752,We can think of something funny,5,473346537234100224,MrMasculinity,11638,00-0039916,,Ricky Pearsall,WR,SF,0,,0.0,2026-10-10T01:45:15Z
2026,4,1328128689807818752,We can think of something funny,5,473346537234100224,MrMasculinity,12490,00-0040719,,Bhayshul Tuten,RB,JAX,1,FLEX,11.1,2026-10-10T01:45:15Z
2026,4,1328128689807818752,We can think of something funny,5,473346537234100224,MrMasculinity,12497,00-0040648,,Tory Horton,WR,SEA,0,,7.6,2026-10-10T01:45:15Z
2026,4,1328128689807818752,We can think of something funny,5,473346537234100224,MrMasculinity,12506,00-0040663,,Harold Fannin Jr.,TE,CLE,1,TE,13.2,2026-10-10T01:45:15Z
2026,4,1328128689807818752,We can think of something funny,5,473346537234100224,MrMasculinity,12512,00-0040784,,Quinshon Judkins,RB,CLE,1,RB,21.6,2026-10-10T01:45:15Z
2026,4,1328128689807818752,We can think of something funny,5,473346537234100224,MrMasculinity,12529,00-0040734,,TreVeyon Henderson,RB,NE,1,RB,4.2,2026-10-10T01:45:15Z
2026,4,1328128689807818752,We can think of something funny,5,473346537234100224,MrMasculinity,12536,00-0040138,,Jaylin Noel,WR,HOU,0,,11.9,2026-10-10T01:45:15Z
2026,4,1328128689807818752,We can think of something funny,5,473346537234100224,MrMasculinity,13272,00-0041561,,Carson Beck,QB,ARI,0,,0.0,2026-10-10T01:45:15Z
2026,4,1328128689807818752,We can think of something funny,5,473346537234100224,MrMasculinity,13279,00-0041438,,Carnell Tate,WR,TEN,1,WR,23.5,2026-10-10T01:45:15Z
2026,4,1328128689807818752,We can think of something funny,5,473346537234100224,MrMasculinity,13294,00-0040867,,Makai Lemon,WR,PHI,0,,5.7,2026-10-10T01:45:15Z
2026,4,1328128689807818752,We can think of something funny,5,473346537234100224,MrMasculinity,13305,00-0040878,,Mike Washington Jr.,RB,LV,0,,2.7,2026-10-10T01:45:15Z
2026,4,1328128689807818752,We can think of something funny,5,473346537234100224,MrMasculinity,13346,00-0041037,,Denzel Boston,WR,CLE,1,FLEX,12.9,2026-10-10T01:45:15Z
2026,4,1328128689807818752,We can think of something funny,5,473346537234100224,MrMasculinity,13402,00-0041443,,Skyler Bell,WR,BUF,0,,0.0,2026-10-10T01:45:15Z
2026,4,1328128689807818752,We can think of something funny,5,473346537234100224,MrMasculinity,4035,00-0033906,,Alvin Kamara,RB,NO,0,,22.8,2026-10-10T01:45:15Z
2026,4,1328128689807818752,We can think of something funny,5,473346537234100224,MrMasculinity,421,00-0026498,,Matthew Stafford,QB,LA,1,QB,13.68,2026-10-10T01:45:15Z
2026,4,1328128689807818752,We can think of something funny,5,473346537234100224,MrMasculinity,5846,00-0035640,,DK Metcalf,WR,PIT,1,WR,18.5,2026-10-10T01:45:15Z
2026,4,1328128689807818752,We can think of something funny,5,473346537234100224,MrMasculinity,5967,00-0035261,,Tony Pollard,RB,TEN,0,,13.0,2026-10-10T01:45:15Z
2026,4,1328128689807818752,We can think of something funny,5,473346537234100224,MrMasculinity,6650,,,Chase McLaughlin,K,TB,1,K,2.0,2026-10-10T01:45:15Z
2026,4,1328128689807818752,We can think of something funny,5,473346537234100224,MrMasculinity,6790,00-0036275,,D'Andre Swift,RB,CHI,1,RB,7.4,2026-10-10T01:45:15Z
2026,4,1328128689807818752,We can think of something funny,5,473346537234100224,MrMasculinity,7090,00-0036309,,Darnell Mooney,WR,NYG,0,,0.0,2026-10-10T01:45:15Z
2026,4,1328128689807818752,We can think of something funny,5,473346537234100224,MrMasculinity,7553,00-0036970,,Kyle Pitts,TE,ATL,0,,9.2,2026-10-10T01:45:15Z
2026,4,1328128689807818752,We can think of something funny,5,473346537234100224,MrMasculinity,8137,00-0037247,,George Pickens,WR,DAL,1,WR,9.5,2026-10-10T01:45:15Z
2026,4,1328128689807818752,We can think of something funny,5,473346537234100224,MrMasculinity,8144,00-0037239,,Chris Olave,WR,NO,1,WR,21.6,2026-10-10T01:45:15Z
2026,4,1328128689807818752,We can think of something funny,5,473346537234100224,MrMasculinity,8155,00-0038120,,Breece Hall,RB,NYJ,0,,0.0,2026-10-10T01:45:15Z
2026,4,1328128689807818752,We can think of something funny,5,473346537234100224,MrMasculinity,8676,00-0037545,,Rashid Shaheed,WR,SEA,0,,12.3,2026-10-10T01:45:15Z
2026,4,1328128689807818752,We can think of something funny,5,473346537234100224,MrMasculinity,9753,00-0039165,,Zach Charbonnet,RB,SEA,0,,0.0,2026-10-10T01:45:15Z
2026,4,1328128689807818752,We can think of something funny,5,473346537234100224,MrMasculinity,BUF,,,Buffalo Bills,DEF,BUF,1,DEF,5.0,2026-10-10T01:45:15Z
2026,4,1328128689807818752,We can think of something funny,6,981733843247992832,jakelotwin,11566,00-0039910,,Jayden Daniels,QB,WAS,0,,0.0,2026-10-10T01:45:15Z
2026,4,1328128689807818752,We can think of something funny,6,981733843247992832,jakelotwin,11576,00-0039794,,Braelon Allen,RB,NYJ,1,FLEX,8.7,2026-10-10T01:45:15Z
2026,4,1328128689807818752,We can think of something funny,6,981733843247992832,jakelotwin,11635,00-0039915,,Ladd McConkey,WR,LAC,1,WR,0.0,2026-10-10T01:45:15Z
2026,4,1328128689807818752,We can think of something funny,6,981733843247992832,jakelotwin,12048,00-0039299,,George Holani,RB,SEA,0,,3.0,2026-10-10T01:45:15Z
2026,4,1328128689807818752,We can think of something funny,6,981733843247992832,jakelotwin,12474,00-0040583,,Woody Marks,RB,HOU,0,,8.2,2026-10-10T01:45:15Z
2026,4,1328128689807818752,We can think of something funny,6,981733843247992832,jakelotwin,12508,00-0040691,,Jaxson Dart,QB,NYG,0,,0.0,2026-10-10T01:45:15Z
2026,4,1328128689807818752,We can think of something funny,6,981733843247992832,jakelotwin,12533,00-0040242,,Jacory Croskey-Merritt,RB,WAS,1,FLEX,7.0,2026-10-10T01:45:15Z
2026,4,1328128689807818752,We can think of something funny,6,981733843247992832,jakelotwin,12535,00-0040669,,Isaac TeSlaa,WR,DET,0,,13.5,2026-10-10T01:45:15Z
2026,4,1328128689807818752,We can think of something funny,6,981733843247992832,jakelotwin,12711,,,Tyler Loop,K,BAL,1,K,8.4,2026-10-10T01:45:15Z
2026,4,1328128689807818752,We can think of something funny,6,981733843247992832,jakelotwin,13281,00-0041029,,Jordyn Tyson,WR,NO,0,,0.0,2026-10-10T01:45:15Z
2026,4,1328128689807818752,We can think of something funny,6,981733843247992832,jakelotwin,13288,00-0040886,,Nicholas Singleton,RB,TEN,0,,0.2,2026-10-10T01:45:15Z
2026,4,1328128689807818752,We can think of something funny,6,981733843247992832,jakelotwin,13320,00-0041044,,Zachariah Branch,WR,ATL,0,,3.0,2026-10-10T01:45:15Z
2026,4,1328128689807818752,We can think of something funny,6,981733843247992832,jakelotwin,13380,00-0041550,,Brenen Thompson,WR,LAC,0,,0.0,2026-10-10T01:45:15Z
2026,4,1328128689807818752,We can think of something funny,6,981733843247992832,jakelotwin,1466,00-0030506,,Travis Kelce,TE,KC,1,TE,4.5,2026-10-10T01:45:15Z
2026,4,1328128689807818752,We can think of something funny,6,981733843247992832,jakelotwin,1479,00-0030279,,Keenan Allen,WR,IND,0,,0.0,2026-10-10T01:45:15Z
2026,4,1328128689807818752,We can think of something funny,6,981733843247992832,jakelotwin,2307,00-0032268,,Marcus Mariota,QB,WAS,1,QB,5.34,2026-10-10T01:45:15Z
2026,4,1328128689807818752,We can think of something funny,6,981733843247992832,jakelotwin,2505,00-0031610,,Darren Waller,TE,CAR,1,FLEX,8.1,2026-10-10T01:45:15Z
2026,4,1328128689807818752,We can think of something funny,6,981733843247992832,jakelotwin,3198,00-0032764,,Derrick Henry,RB,BAL,1,RB,15.9,2026-10-10T01:45:15Z
2026,4,1328128689807818752,We can think of something funny,6,981733843247992832,jakelotwin,4177,00-0033555,,Mack Hollins,WR,NE,1,WR,8.3,2026-10-10T01:45:15Z
2026,4,1328128689807818752,We can think of something funny,6,981733843247992832,jakelotwin,4943,00-0034869,,Sam Darnold,QB,SEA,1,SUPER_FLEX,14.32,2026-10-10T01:45:15Z
2026,4,1328128689807818752,We can think of something funny,6,981733843247992832,jakelotwin,5045,00-0034348,,Courtland Sutton,WR,DEN,1,WR,1.4,2026-10-10T01:45:15Z
2026,4,1328128689807818752,We can think of something funny,6,981733843247992832,jakelotwin,5859,00-0035676,,A.J. Brown,WR,NE,0,,0.0,2026-10-10T01:45:15Z
2026,4,1328128689807818752,We can think of something funny,6,981733843247992832,jakelotwin,5927,00-0035659,,Terry McLaurin,WR,WAS,0,,0.0,2026-10-10T01:45:15Z
2026,4,1328128689807818752,We can think of something funny,6,981733843247992832,jakelotwin,6797,00-0036355,,Justin Herbert,QB,LAC,0,,11.56,2026-10-10T01:45:15Z
2026,4,1328128689807818752,We can think of something funny,6,981733843247992832,jakelotwin,6819,00-0036252,,Michael Pittman,WR,PIT,0,,3.5,2026-10-10T01:45:15Z
2026,4,1328128689807818752,We can think of something funny,6,981733843247992832,jakelotwin,7547,00-0036963,,Amon-Ra St. Brown,WR,DET,1,WR,15.5,2026-10-10T01:45:15Z
2026,4,1328128689807818752,We can think of something funny,6,981733843247992832,jakelotwin,7571,00-0036550,,Rashod Bateman,WR,BAL,0,,6.6,2026-10-10T01:45:15Z
2026,4,1328128689807818752,We can think of something funny,6,981733843247992832,jakelotwin,8131,00-0037838,,Isaiah Likely,TE,NYG,0,,17.1,2026-10-10T01:45:15Z
2026,4,1328128689807818752,We can think of something funny,6,981733843247992832,jakelotwin,8151,00-0038134,,Kenneth Walker III,RB,KC,1,RB,32.9,2026-10-10T01:45:15Z
2026,4,1328128689807818752,We can think of something funny,6,981733843247992832,jakelotwin,8228,00-0037228,,Jaylen Warren,RB,PIT,1,RB,15.6,2026-10-10T01:45:15Z
2026,4,1328128689807818752,We can think of something funny,6,981733843247992832,jakelotwin,9226,00-0039040,,De'Von Achane,RB,MIA,0,,0.0,2026-10-10T01:45:15Z
2026,4,1328128689807818752,We can think of something funny,6,981733843247992832,jakelotwin,BAL,,,Baltimore Ravens,DEF,BAL,1,DEF,7.0,2026-10-10T01:45:15Z
2026,4,1328128689807818752,We can think of something funny,6,981733843247992832,jakelotwin,DEN,,,Denver Broncos,DEF,DEN,0,,3.0,2026-10-10T01:45:15Z
2026,4,1328128689807818752,We can think of something funny,7,736322979776036864,njmoses,11559,00-0039917,,Michael Penix Jr.,QB,ATL,0,,12.72,2026-10-10T01:45:15Z
2026,4,1328128689807818752,We can think of something funny,7,736322979776036864,njmoses,11625,00-0039890,,Adonai Mitchell,WR,NYJ,0,,0.0,2026-10-10T01:45:15Z
2026,4,1328128689807818752,We can think of something funny,7,736322979776036864,njmoses,1166,00-0029604,,Kirk Cousins,QB,LV,0,,25.6,2026-10-10T01:45:15Z
2026,4,1328128689807818752,We can think of something funny,7,736322979776036864,njmoses,12489,00-0040730,,RJ Harvey,RB,DEN,1,RB,19.3,2026-10-10T01:45:15Z
2026,4,1328128689807818752,We can think of something funny,7,736322979776036864,njmoses,13275,00-0041568,,Ty Simpson,QB,LA,0,,0.0,2026-10-10T01:45:15Z
2026,4,1328128689807818752,We can think of something funny,7,736322979776036864,njmoses,13286,00-0041512,,Jadarian Price,RB,SEA,0,,0.0,2026-10-10T01:45:15Z
2026,4,1328128689807818752,We can think of something funny,7,736322979776036864,njmoses,13348,00-0041217,,J'Mari Taylor,RB,JAX,0,,0.0,2026-10-10T01:45:15Z
2026,4,1328128689807818752,We can think of something funny,7,736322979776036864,njmoses,13349,00-0041483,,Eli Stowers,TE,PHI,0,,0.0,2026-10-10T01:45:15Z
2026,4,1328128689807818752,We can think of something funny,7,736322979776036864,njmoses,1373,00-0030565,,Geno Smith,QB,NYJ,0,,11.76,2026-10-10T01:45:15Z
2026,4,1328128689807818752,We can think of something funny,7,736322979776036864,njmoses,2216,00-0031408,,Mike Evans,WR,SF,1,WR,12.6,2026-10-10T01:45:15Z
2026,4,1328128689807818752,We can think of something funny,7,736322979776036864,njmoses,3214,00-0033090,,Hunter Henry,TE,NE,1,TE,13.7,2026-10-10T01:45:15Z
2026,4,1328128689807818752,We can think of something funny,7,736322979776036864,njmoses,3271,00-0033110,,Tyler Higbee,TE,LA,0,,14.2,2026-10-10T01:45:15Z
2026,4,1328128689807818752,We can think of something funny,7,736322979776036864,njmoses,3678,,,Wil Lutz,K,DEN,0,,8.7,2026-10-10T01:45:15Z
2026,4,1328128689807818752,We can think of something funny,7,736322979776036864,njmoses,4039,00-0033908,,Cooper Kupp,WR,SEA,0,,2.3,2026-10-10T01:45:15Z
2026,4,1328128689807818752,We can think of something funny,7,736322979776036864,njmoses,4199,00-0033293,,Aaron Jones,RB,MIN,1,RB,16.8,2026-10-10T01:45:15Z
2026,4,1328128689807818752,We can think of something funny,7,736322979776036864,njmoses,4881,00-0034796,,Lamar Jackson,QB,BAL,1,QB,18.88,2026-10-10T01:45:15Z
2026,4,1328128689807818752,We can think of something funny,7,736322979776036864,njmoses,6768,00-0036212,,Tua Tagovailoa,QB,ATL,0,,0.0,2026-10-10T01:45:15Z
2026,4,1328128689807818752,We can think of something funny,7,736322979776036864,njmoses,6783,00-0036407,,Jerry Jeudy,WR,CLE,0,,6.6,2026-10-10T01:45:15Z
2026,4,1328128689807818752,We can think of something funny,7,736322979776036864,njmoses,6786,00-0036358,,CeeDee Lamb,WR,DAL,1,WR,43.3,2026-10-10T01:45:15Z
2026,4,1328128689807818752,We can think of something funny,7,736322979776036864,njmoses,6806,00-0036158,,J.K. Dobbins,RB,DEN,0,,7.2,2026-10-10T01:45:15Z
2026,4,1328128689807818752,We can think of something funny,7,736322979776036864,njmoses,6813,00-0036223,,Jonathan Taylor,RB,IND,1,RB,22.7,2026-10-10T01:45:15Z
2026,4,1328128689807818752,We can think of something funny,7,736322979776036864,njmoses,7049,00-0036259,,Jauan Jennings,WR,MIN,1,FLEX,1.8,2026-10-10T01:45:15Z
2026,4,1328128689807818752,We can think of something funny,7,736322979776036864,njmoses,7528,00-0036893,,Najee Harris,RB,NYG,0,,3.0,2026-10-10T01:45:15Z
2026,4,1328128689807818752,We can think of something funny,7,736322979776036864,njmoses,7543,00-0036973,,Travis Etienne,RB,NO,0,,0.0,2026-10-10T01:45:15Z
2026,4,1328128689807818752,We can think of something funny,7,736322979776036864,njmoses,7564,00-0036900,,Ja'Marr Chase,WR,CIN,1,WR,5.7,2026-10-10T01:45:15Z
2026,4,1328128689807818752,We can think of something funny,7,736322979776036864,njmoses,7567,00-0036919,,Kenny Gainwell,RB,TB,0,,10.7,2026-10-10T01:45:15Z
2026,4,1328128689807818752,We can think of something funny,7,736322979776036864,njmoses,7839,,,Evan McPherson,K,CIN,1,K,4.9,2026-10-10T01:45:15Z
2026,4,1328128689807818752,We can think of something funny,7,736322979776036864,njmoses,8134,00-0037261,,Khalil Shakir,WR,BUF,1,FLEX,13.2,2026-10-10T01:45:15Z
2026,4,1328128689807818752,We can think of something funny,7,736322979776036864,njmoses,9757,00-0038551,,Kendre Miller,RB,NO,1,FLEX,1.9,2026-10-10T01:45:15Z
2026,4,1328128689807818752,We can think of something funny,7,736322979776036864,njmoses,9758,00-0039163,,C.J. Stroud,QB,HOU,1,SUPER_FLEX,25.08,2026-10-10T01:45:15Z
2026,4,1328128689807818752,We can think of something funny,7,736322979776036864,njmoses,9997,00-0039064,,Zay Flowers,WR,BAL,1,WR,27.8,2026-10-10T01:45:15Z
2026,4,1328128689807818752,We can think of something funny,7,736322979776036864,njmoses,LV,,,Las Vegas Raiders,DEF,LV,1,DEF,1.0,2026-10-10T01:45:15Z
2026,4,1328128689807818752,We can think of something funny,7,736322979776036864,njmoses,SF,,,San Francisco 49ers,DEF,SF,0,,5.0,2026-10-10T01:45:15Z
2026,4,1328128689807818752,We can think of something funny,8,981740747340795904,tmag85,10229,00-0039067,,Rashee Rice,WR,KC,1,WR,0.0,2026-10-10T01:45:15Z
2026,4,1328128689807818752,We can think of something funny,8,981740747340795904,tmag85,11586,00-0039738,,Blake Corum,RB,LA,0,,3.1,2026-10-10T01:45:15Z
2026,4,1328128689807818752,We can think of something funny,8,981740747340795904,tmag85,11603,00-0039793,,AJ Barner,TE,SEA,0,,2.7,2026-10-10T01:45:15Z
2026,4,1328128689807818752,We can think of something funny,8,981740747340795904,tmag85,11618,00-0039855,,Jalen McMillan,WR,TB,0,,0.0,2026-10-10T01:45:15Z
2026,4,1328128689807818752,We can think of something funny,8,981740747340795904,tmag85,11643,00-0039874,,Jaylen Wright,RB,MIA,0,,0.7,2026-10-10T01:45:15Z
2026,4,1328128689807818752,We can think of something funny,8,981740747340795904,tmag85,12185,,,Spencer Shrader,K,IND,1,K,17.4,2026-10-10T01:45:15Z
2026,4,1328128689807818752,We can think of something funny,8,981740747340795904,tmag85,12487,00-0040737,,Terrance Ferguson,TE,LA,0,,0.0,2026-10-10T01:45:15Z
2026,4,1328128689807818752,We can think of something funny,8,981740747340795904,tmag85,12493,00-0040189,,Oronde Gadsden II,TE,LAC,0,,11.3,2026-10-10T01:45:15Z
2026,4,1328128689807818752,We can think of something funny,8,981740747340795904,tmag85,12519,00-0040735,,Luther Burden III,WR,CHI,1,FLEX,11.4,2026-10-10T01:45:15Z
2026,4,1328128689807818752,We can think of something funny,8,981740747340795904,tmag85,12527,00-0040122,,Ashton Jeanty,RB,LV,1,RB,18.6,2026-10-10T01:45:15Z
2026,4,1328128689807818752,We can think of something funny,8,981740747340795904,tmag85,12534,00-0040236,,Kyle Monangai,RB,CHI,1,RB,30.0,2026-10-10T01:45:15Z
2026,4,1328128689807818752,We can think of something funny,8,981740747340795904,tmag85,12547,00-0040131,,Kyle Williams,WR,NE,0,,0.0,2026-10-10T01:45:15Z
2026,4,1328128689807818752,We can think of something funny,8,981740747340795904,tmag85,13285,00-0041042,,Malachi Fields,WR,NYG,0,,13.2,2026-10-10T01:45:15Z
2026,4,1328128689807818752,We can think of something funny,8,981740747340795904,tmag85,13324,,,Matt Hibner,TE,BAL,0,,6.4,2026-10-10T01:45:15Z
2026,4,1328128689807818752,We can think of something funny,8,981740747340795904,tmag85,13337,00-0041013,,Emmett Johnson,RB,KC,0,,2.0,2026-10-10T01:45:15Z
2026,4,1328128689807818752,We can think of something funny,8,981740747340795904,tmag85,13345,00-0041496,,Jonah Coleman,RB,DEN,0,,0.0,2026-10-10T01:45:15Z
2026,4,1328128689807818752,We can think of something funny,8,981740747340795904,tmag85,13424,00-0041125,,Seth McGowan,RB,IND,0,,4.8,2026-10-10T01:45:15Z
2026,4,1328128689807818752,We can think of something funny,8,981740747340795904,tmag85,13477,00-0041069,,Colbie Young,WR,CIN,0,,0.0,2026-10-10T01:45:15Z
2026,4,1328128689807818752,We can think of something funny,8,981740747340795904,tmag85,2133,00-0031381,,Davante Adams,WR,LA,1,WR,7.2,2026-10-10T01:45:15Z
2026,4,1328128689807818752,We can think of something funny,8,981740747340795904,tmag85,5870,00-0035710,,Daniel Jones,QB,IND,0,,8.92,2026-10-10T01:45:15Z
2026,4,1328128689807818752,We can think of something funny,8,981740747340795904,tmag85,5872,00-0035719,,Deebo Samuel Sr.,WR,SF,1,FLEX,18.0,2026-10-10T01:45:15Z
2026,4,1328128689807818752,We can think of something funny,8,981740747340795904,tmag85,6770,00-0036442,,Joe Burrow,QB,CIN,1,QB,29.72,2026-10-10T01:45:15Z
2026,4,1328128689807818752,We can think of something funny,8,981740747340795904,tmag85,6801,00-0036410,,Tee Higgins,WR,CIN,1,WR,28.7,2026-10-10T01:45:15Z
2026,4,1328128689807818752,We can think of something funny,8,981740747340795904,tmag85,7523,00-0036971,,Trevor Lawrence,QB,JAX,1,SUPER_FLEX,13.08,2026-10-10T01:45:15Z
2026,4,1328128689807818752,We can think of something funny,8,981740747340795904,tmag85,8110,00-0038041,,Jake Ferguson,TE,DAL,1,TE,5.6,2026-10-10T01:45:15Z
2026,4,1328128689807818752,We can think of something funny,8,981740747340795904,tmag85,8121,00-0037816,,Romeo Doubs,WR,NE,0,,23.8,2026-10-10T01:45:15Z
2026,4,1328128689807818752,We can think of something funny,8,981740747340795904,tmag85,8142,00-0037664,,Alec Pierce,WR,IND,0,,0.0,2026-10-10T01:45:15Z
2026,4,1328128689807818752,We can think of something funny,8,981740747340795904,tmag85,8161,00-0038128,,Malik Willis,QB,MIA,0,,2.5,2026-10-10T01:45:15Z
2026,4,1328128689807818752,We can think of something funny,8,981740747340795904,tmag85,9224,00-0038597,,Chase Brown,RB,CIN,1,RB,19.1,2026-10-10T01:45:15Z
2026,4,1328128689807818752,We can think of something funny,8,981740747340795904,tmag85,9487,00-0038606,,Parker Washington,WR,JAX,1,WR,2.0,2026-10-10T01:45:15Z
2026,4,1328128689807818752,We can think of something funny,8,981740747340795904,tmag85,9506,00-0038951,,Sean Tucker,RB,TB,0,,7.0,2026-10-10T01:45:15Z
2026,4,1328128689807818752,We can think of something funny,8,981740747340795904,tmag85,9756,00-0038994,,Jordan Addison,WR,MIN,1,FLEX,9.1,2026-10-10T01:45:15Z
2026,4,1328128689807818752,We can think of something funny,8,981740747340795904,tmag85,NE,,,New England Patriots,DEF,NE,1,DEF,6.0,2026-10-10T01:45:15Z
2026,4,1384263065352015872,Gooma's Family League,1,473347412346269696,tmwrigh,10219,00-0038611,,Chris Rodriguez Jr.,RB,JAX,1,RB,9.5,2026-10-10T01:45:15Z
2026,4,1384263065352015872,Gooma's Family League,1,473347412346269696,tmwrigh,10859,00-0039065,,Sam LaPorta,TE,DET,1,TE,22.4,2026-10-10T01:45:15Z
2026,4,1384263065352015872,Gooma's Family League,1,473347412346269696,tmwrigh,11539,,,Jake Bates,K,DET,1,K,18.0,2026-10-10T01:45:15Z
2026,4,1384263065352015872,Gooma's Family League,1,473347412346269696,tmwrigh,11643,00-0039874,,Jaylen Wright,RB,MIA,0,,0.7,2026-10-10T01:45:15Z
2026,4,1384263065352015872,Gooma's Family League,1,473347412346269696,tmwrigh,12472,00-0040466,,Raheim Sanders,RB,CLE,0,,3.6,2026-10-10T01:45:15Z
2026,4,1384263065352015872,Gooma's Family League,1,473347412346269696,tmwrigh,12526,00-0040124,,Tetairoa McMillan,WR,CAR,1,WR,45.2,2026-10-10T01:45:15Z
2026,4,1384263065352015872,Gooma's Family League,1,473347412346269696,tmwrigh,13293,00-0040870,,Ja'Kobi Lane,WR,BAL,0,,0.0,2026-10-10T01:45:15Z
2026,4,1384263065352015872,Gooma's Family League,1,473347412346269696,tmwrigh,13296,00-0041523,,Caleb Douglas,WR,MIA,0,,0.0,2026-10-10T01:45:15Z
2026,4,1384263065352015872,Gooma's Family League,1,473347412346269696,tmwrigh,13311,00-0041525,,Chris Bell,WR,MIA,0,,0.0,2026-10-10T01:45:15Z
2026,4,1384263065352015872,Gooma's Family League,1,473347412346269696,tmwrigh,2307,00-0032268,,Marcus Mariota,QB,WAS,0,,5.34,2026-10-10T01:45:15Z
2026,4,1384263065352015872,Gooma's Family League,1,473347412346269696,tmwrigh,4217,00-0033288,,George Kittle,TE,SF,1,FLEX,17.0,2026-10-10T01:45:15Z
2026,4,1384263065352015872,Gooma's Family League,1,473347412346269696,tmwrigh,4983,00-0034827,,DJ Moore,WR,BUF,1,WR,2.7,2026-10-10T01:45:15Z
2026,4,1384263065352015872,Gooma's Family League,1,473347412346269696,tmwrigh,5846,00-0035640,,DK Metcalf,WR,PIT,1,FLEX,16.5,2026-10-10T01:45:15Z
2026,4,1384263065352015872,Gooma's Family League,1,473347412346269696,tmwrigh,6130,00-0035250,,Devin Singletary,RB,NYG,0,,0.0,2026-10-10T01:45:15Z
2026,4,1384263065352015872,Gooma's Family League,1,473347412346269696,tmwrigh,6797,00-0036355,,Justin Herbert,QB,LAC,1,SUPER_FLEX,9.56,2026-10-10T01:45:15Z
2026,4,1384263065352015872,Gooma's Family League,1,473347412346269696,tmwrigh,7588,00-0036997,,Javonte Williams,RB,DAL,1,RB,31.3,2026-10-10T01:45:15Z
2026,4,1384263065352015872,Gooma's Family League,1,473347412346269696,tmwrigh,8161,00-0038128,,Malik Willis,QB,MIA,0,,2.5,2026-10-10T01:45:15Z
2026,4,1384263065352015872,Gooma's Family League,1,473347412346269696,tmwrigh,9228,00-0039150,,Bryce Young,QB,CAR,1,QB,21.46,2026-10-10T01:45:15Z
2026,4,1384263065352015872,Gooma's Family League,1,473347412346269696,tmwrigh,9488,00-0038543,,Jaxon Smith-Njigba,WR,SEA,1,WR,12.6,2026-10-10T01:45:15Z
2026,4,1384263065352015872,Gooma's Family League,1,473347412346269696,tmwrigh,MIN,,,Minnesota Vikings,DEF,MIN,1,DEF,11.0,2026-10-10T01:45:15Z
2026,4,1384263065352015872,Gooma's Family League,1,473347412346269696,tmwrigh,SF,,,San Francisco 49ers,DEF,SF,0,,7.0,2026-10-10T01:45:15Z
2026,4,1384263065352015872,Gooma's Family League,2,830805333189455872,thewrightdek,11256,00-0038416,,Tyson Bagent,QB,CHI,1,QB,8.82,2026-10-10T01:45:15Z
2026,4,1384263065352015872,Gooma's Family League,2,830805333189455872,thewrightdek,11584,00-0039361,,Bucky Irving,RB,TB,1,RB,6.1,2026-10-10T01:45:15Z
2026,4,1384263065352015872,Gooma's Family League,2,830805333189455872,thewrightdek,11631,00-0039893,,Brian Thomas Jr.,WR,JAX,0,,9.7,2026-10-10T01:45:15Z
2026,4,1384263065352015872,Gooma's Family League,2,830805333189455872,thewrightdek,11792,,,Will Reichard,K,MIN,1,K,19.0,2026-10-10T01:45:15Z
2026,4,1384263065352015872,Gooma's Family League,2,830805333189455872,thewrightdek,12495,00-0040198,,Ollie Gordon II,RB,MIA,0,,18.0,2026-10-10T01:45:15Z
2026,4,1384263065352015872,Gooma's Family League,2,830805333189455872,thewrightdek,12508,00-0040691,,Jaxson Dart,QB,NYG,0,,0.0,2026-10-10T01:45:15Z
2026,4,1384263065352015872,Gooma's Family League,2,830805333189455872,thewrightdek,12517,00-0040126,,Colston Loveland,TE,CHI,1,TE,11.7,2026-10-10T01:45:15Z
2026,4,1384263065352015872,Gooma's Family League,2,830805333189455872,thewrightdek,13298,00-0041547,,KC Concepcion,WR,CLE,1,WR,11.4,2026-10-10T01:45:15Z
2026,4,1384263065352015872,Gooma's Family League,2,830805333189455872,thewrightdek,1479,00-0030279,,Keenan Allen,WR,IND,0,,0.0,2026-10-10T01:45:15Z
2026,4,1384263065352015872,Gooma's Family League,2,830805333189455872,thewrightdek,4017,00-0033537,,Deshaun Watson,QB,CLE,1,SUPER_FLEX,12.92,2026-10-10T01:45:15Z
2026,4,1384263065352015872,Gooma's Family League,2,830805333189455872,thewrightdek,4177,00-0033555,,Mack Hollins,WR,NE,1,WR,8.3,2026-10-10T01:45:15Z
2026,4,1384263065352015872,Gooma's Family League,2,830805333189455872,thewrightdek,4227,,,Harrison Butker,K,KC,0,,6.0,2026-10-10T01:45:15Z
2026,4,1384263065352015872,Gooma's Family League,2,830805333189455872,thewrightdek,4866,00-0034844,,Saquon Barkley,RB,PHI,1,RB,2.0,2026-10-10T01:45:15Z
2026,4,1384263065352015872,Gooma's Family League,2,830805333189455872,thewrightdek,5872,00-0035719,,Deebo Samuel Sr.,WR,SF,1,WR,18.0,2026-10-10T01:45:15Z
2026,4,1384263065352015872,Gooma's Family League,2,830805333189455872,thewrightdek,5927,00-0035659,,Terry McLaurin,WR,WAS,0,,0.0,2026-10-10T01:45:15Z
2026,4,1384263065352015872,Gooma's Family League,2,830805333189455872,thewrightdek,6794,00-0036322,,Justin Jefferson,WR,MIN,0,,0.0,2026-10-10T01:45:15Z
2026,4,1384263065352015872,Gooma's Family League,2,830805333189455872,thewrightdek,7021,00-0036139,,Rico Dowdle,RB,PIT,0,,0.0,2026-10-10T01:45:15Z
2026,4,1384263065352015872,Gooma's Family League,2,830805333189455872,thewrightdek,7553,00-0036970,,Kyle Pitts,TE,ATL,1,FLEX,7.7,2026-10-10T01:45:15Z
2026,4,1384263065352015872,Gooma's Family League,2,830805333189455872,thewrightdek,9480,00-0038935,,Brenton Strange,TE,JAX,1,FLEX,16.5,2026-10-10T01:45:15Z
2026,4,1384263065352015872,Gooma's Family League,2,830805333189455872,thewrightdek,GB,,,Green Bay Packers,DEF,GB,0,,10.0,2026-10-10T01:45:15Z
2026,4,1384263065352015872,Gooma's Family League,2,830805333189455872,thewrightdek,NO,,,New Orleans Saints,DEF,NO,1,DEF,-6.0,2026-10-10T01:45:15Z
2026,4,1384263065352015872,Gooma's Family League,3,832062563456999424,sdw0605,11533,,,Brandon Aubrey,K,DAL,1,K,10.0,2026-10-10T01:45:15Z
2026,4,1384263065352015872,Gooma's Family League,3,832062563456999424,sdw0605,11560,00-0039918,,Caleb Williams,QB,CHI,0,,0.0,2026-10-10T01:45:15Z
2026,4,1384263065352015872,Gooma's Family League,3,832062563456999424,sdw0605,11834,00-0039424,,Devaughn Vele,WR,NO,1,FLEX,17.4,2026-10-10T01:45:15Z
2026,4,1384263065352015872,Gooma's Family League,3,832062563456999424,sdw0605,13301,00-0041040,,Antonio Williams,WR,WAS,0,,5.1,2026-10-10T01:45:15Z
2026,4,1384263065352015872,Gooma's Family League,3,832062563456999424,sdw0605,13337,00-0041013,,Emmett Johnson,RB,KC,0,,2.0,2026-10-10T01:45:15Z
2026,4,1384263065352015872,Gooma's Family League,3,832062563456999424,sdw0605,13414,00-0041052,,Kaelon Black,RB,SF,0,,1.3,2026-10-10T01:45:15Z
2026,4,1384263065352015872,Gooma's Family League,3,832062563456999424,sdw0605,1466,00-0030506,,Travis Kelce,TE,KC,1,TE,3.5,2026-10-10T01:45:15Z
2026,4,1384263065352015872,Gooma's Family League,3,832062563456999424,sdw0605,2133,00-0031381,,Davante Adams,WR,LA,1,WR,7.2,2026-10-10T01:45:15Z
2026,4,1384263065352015872,Gooma's Family League,3,832062563456999424,sdw0605,5854,00-0035704,,Drew Lock,QB,SEA,0,,0.0,2026-10-10T01:45:15Z
2026,4,1384263065352015872,Gooma's Family League,3,832062563456999424,sdw0605,6819,00-0036252,,Michael Pittman,WR,PIT,1,SUPER_FLEX,3.5,2026-10-10T01:45:15Z
2026,4,1384263065352015872,Gooma's Family League,3,832062563456999424,sdw0605,7523,00-0036971,,Trevor Lawrence,QB,JAX,1,QB,13.08,2026-10-10T01:45:15Z
2026,4,1384263065352015872,Gooma's Family League,3,832062563456999424,sdw0605,8137,00-0037247,,George Pickens,WR,DAL,1,WR,9.5,2026-10-10T01:45:15Z
2026,4,1384263065352015872,Gooma's Family League,3,832062563456999424,sdw0605,8146,00-0037740,,Garrett Wilson,WR,NYJ,1,WR,5.7,2026-10-10T01:45:15Z
2026,4,1384263065352015872,Gooma's Family League,3,832062563456999424,sdw0605,8210,00-0037809,,Chig Okonkwo,TE,WAS,0,,2.5,2026-10-10T01:45:15Z
2026,4,1384263065352015872,Gooma's Family League,3,832062563456999424,sdw0605,8228,00-0037228,,Jaylen Warren,RB,PIT,1,RB,15.6,2026-10-10T01:45:15Z
2026,4,1384263065352015872,Gooma's Family League,3,832062563456999424,sdw0605,9221,00-0039139,,Jahmyr Gibbs,RB,DET,1,RB,17.7,2026-10-10T01:45:15Z
2026,4,1384263065352015872,Gooma's Family League,3,832062563456999424,sdw0605,9754,00-0038544,,Quentin Johnston,WR,LAC,1,FLEX,5.0,2026-10-10T01:45:15Z
2026,4,1384263065352015872,Gooma's Family League,3,832062563456999424,sdw0605,BAL,,,Baltimore Ravens,DEF,BAL,1,DEF,9.0,2026-10-10T01:45:15Z
2026,4,1384263065352015872,Gooma's Family League,3,832062563456999424,sdw0605,HOU,,,Houston Texans,DEF,HOU,0,,3.0,2026-10-10T01:45:15Z
2026,4,1384263065352015872,Gooma's Family League,4,833032703791210496,mottwright,10232,00-0038559,,Michael Wilson,WR,ARI,0,,16.5,2026-10-10T01:45:15Z
2026,4,1384263065352015872,Gooma's Family League,4,833032703791210496,mottwright,11786,,,Cam Little,K,JAX,1,K,14.0,2026-10-10T01:45:15Z
2026,4,1384263065352015872,Gooma's Family League,4,833032703791210496,mottwright,12489,00-0040730,,RJ Harvey,RB,DEN,1,RB,19.3,2026-10-10T01:45:15Z
2026,4,1384263065352015872,Gooma's Family League,4,833032703791210496,mottwright,12506,00-0040663,,Harold Fannin Jr.,TE,CLE,1,TE,11.7,2026-10-10T01:45:15Z
2026,4,1384263065352015872,Gooma's Family League,4,833032703791210496,mottwright,12514,00-0040129,,Emeka Egbuka,WR,TB,1,WR,3.3,2026-10-10T01:45:15Z
2026,4,1384263065352015872,Gooma's Family League,4,833032703791210496,mottwright,13346,00-0041037,,Denzel Boston,WR,CLE,1,FLEX,12.9,2026-10-10T01:45:15Z
2026,4,1384263065352015872,Gooma's Family League,4,833032703791210496,mottwright,3257,00-0033119,,Jacoby Brissett,QB,ARI,0,,10.44,2026-10-10T01:45:15Z
2026,4,1384263065352015872,Gooma's Family League,4,833032703791210496,mottwright,4881,00-0034796,,Lamar Jackson,QB,BAL,1,QB,18.88,2026-10-10T01:45:15Z
2026,4,1384263065352015872,Gooma's Family League,4,833032703791210496,mottwright,4993,00-0034829,,Mike Gesicki,TE,CIN,0,,13.0,2026-10-10T01:45:15Z
2026,4,1384263065352015872,Gooma's Family League,4,833032703791210496,mottwright,5189,,,Eddy Pineiro,K,SF,0,,5.0,2026-10-10T01:45:15Z
2026,4,1384263065352015872,Gooma's Family League,4,833032703791210496,mottwright,5892,00-0035685,,David Montgomery,RB,HOU,1,RB,4.3,2026-10-10T01:45:15Z
2026,4,1384263065352015872,Gooma's Family League,4,833032703791210496,mottwright,6149,00-0035535,,Darius Slayton,WR,IND,0,,0.0,2026-10-10T01:45:15Z
2026,4,1384263065352015872,Gooma's Family League,4,833032703791210496,mottwright,6786,00-0036358,,CeeDee Lamb,WR,DAL,1,WR,41.3,2026-10-10T01:45:15Z
2026,4,1384263065352015872,Gooma's Family League,4,833032703791210496,mottwright,6904,00-0036389,,Jalen Hurts,QB,PHI,1,SUPER_FLEX,13.52,2026-10-10T01:45:15Z
2026,4,1384263065352015872,Gooma's Family League,4,833032703791210496,mottwright,7611,00-0036875,,Rhamondre Stevenson,RB,NE,0,,18.4,2026-10-10T01:45:15Z
2026,4,1384263065352015872,Gooma's Family League,4,833032703791210496,mottwright,8110,00-0038041,,Jake Ferguson,TE,DAL,1,FLEX,4.1,2026-10-10T01:45:15Z
2026,4,1384263065352015872,Gooma's Family League,4,833032703791210496,mottwright,8144,00-0037239,,Chris Olave,WR,NO,1,WR,19.6,2026-10-10T01:45:15Z
2026,4,1384263065352015872,Gooma's Family League,4,833032703791210496,mottwright,9504,00-0038608,,Kayshon Boutte,WR,HOU,0,,6.6,2026-10-10T01:45:15Z
2026,4,1384263065352015872,Gooma's Family League,4,833032703791210496,mottwright,KC,,,Kansas City Chiefs,DEF,KC,1,DEF,1.0,2026-10-10T01:45:15Z
2026,4,1384263065352015872,Gooma's Family League,4,833032703791210496,mottwright,PHI,,,Philadelphia Eagles,DEF,PHI,0,,2.0,2026-10-10T01:45:15Z
2026,4,1384263065352015872,Gooma's Family League,5,833115032651939840,sylviaquack,10222,00-0039146,,Jayden Reed,WR,GB,0,,0.0,2026-10-10T01:45:15Z
2026,4,1384263065352015872,Gooma's Family League,5,833115032651939840,sylviaquack,11559,00-0039917,,Michael Penix Jr.,QB,ATL,0,,12.72,2026-10-10T01:45:15Z
2026,4,1384263065352015872,Gooma's Family League,5,833115032651939840,sylviaquack,11581,00-0039811,,MarShawn Lloyd,RB,GB,0,,9.9,2026-10-10T01:45:15Z
2026,4,1384263065352015872,Gooma's Family League,5,833115032651939840,sylviaquack,11620,00-0039919,,Rome Odunze,WR,CHI,1,WR,15.4,2026-10-10T01:45:15Z
2026,4,1384263065352015872,Gooma's Family League,5,833115032651939840,sylviaquack,11632,00-0039337,,Malik Nabers,WR,NYG,1,WR,23.2,2026-10-10T01:45:15Z
2026,4,1384263065352015872,Gooma's Family League,5,833115032651939840,sylviaquack,12469,00-0040162,,Dylan Sampson,RB,CLE,0,,0.0,2026-10-10T01:45:15Z
2026,4,1384263065352015872,Gooma's Family League,5,833115032651939840,sylviaquack,12490,00-0040719,,Bhayshul Tuten,RB,JAX,1,RB,11.1,2026-10-10T01:45:15Z
2026,4,1384263065352015872,Gooma's Family League,5,833115032651939840,sylviaquack,13417,00-0041035,,De'Zhaun Stribling,WR,SF,0,,0.0,2026-10-10T01:45:15Z
2026,4,1384263065352015872,Gooma's Family League,5,833115032651939840,sylviaquack,3198,00-0032764,,Derrick Henry,RB,BAL,1,RB,15.9,2026-10-10T01:45:15Z
2026,4,1384263065352015872,Gooma's Family League,5,833115032651939840,sylviaquack,4035,00-0033906,,Alvin Kamara,RB,NO,0,,22.8,2026-10-10T01:45:15Z
2026,4,1384263065352015872,Gooma's Family League,5,833115032651939840,sylviaquack,5012,00-0034753,,Mark Andrews,TE,BAL,1,FLEX,13.7,2026-10-10T01:45:15Z
2026,4,1384263065352015872,Gooma's Family League,5,833115032651939840,sylviaquack,6804,00-0036264,,Jordan Love,QB,GB,1,SUPER_FLEX,13.08,2026-10-10T01:45:15Z
2026,4,1384263065352015872,Gooma's Family League,5,833115032651939840,sylviaquack,7564,00-0036900,,Ja'Marr Chase,WR,CIN,1,WR,5.7,2026-10-10T01:45:15Z
2026,4,1384263065352015872,Gooma's Family League,5,833115032651939840,sylviaquack,7594,00-0036555,,Chuba Hubbard,RB,CAR,1,FLEX,25.9,2026-10-10T01:45:15Z
2026,4,1384263065352015872,Gooma's Family League,5,833115032651939840,sylviaquack,7839,,,Evan McPherson,K,CIN,1,K,5.0,2026-10-10T01:45:15Z
2026,4,1384263065352015872,Gooma's Family League,5,833115032651939840,sylviaquack,8130,00-0037744,,Trey McBride,TE,ARI,1,TE,10.1,2026-10-10T01:45:15Z
2026,4,1384263065352015872,Gooma's Family League,5,833115032651939840,sylviaquack,8172,00-0037252,,Greg Dulcich,TE,MIA,0,,0.0,2026-10-10T01:45:15Z
2026,4,1384263065352015872,Gooma's Family League,5,833115032651939840,sylviaquack,8183,00-0037834,,Brock Purdy,QB,SF,1,QB,19.62,2026-10-10T01:45:15Z
2026,4,1384263065352015872,Gooma's Family League,5,833115032651939840,sylviaquack,9756,00-0038994,,Jordan Addison,WR,MIN,0,,9.1,2026-10-10T01:45:15Z
2026,4,1384263065352015872,Gooma's Family League,5,833115032651939840,sylviaquack,NE,,,New England Patriots,DEF,NE,1,DEF,6.0,2026-10-10T01:45:15Z
2026,4,1384263065352015872,Gooma's Family League,6,473346537234100224,MrMasculinity,11564,00-0039851,,Drake Maye,QB,NE,0,,26.16,2026-10-10T01:45:15Z
2026,4,1384263065352015872,Gooma's Family League,6,473346537234100224,MrMasculinity,11604,00-0039338,,Brock Bowers,TE,LV,1,TE,20.6,2026-10-10T01:45:15Z
2026,4,1384263065352015872,Gooma's Family League,6,473346537234100224,MrMasculinity,12512,00-0040784,,Quinshon Judkins,RB,CLE,1,RB,21.6,2026-10-10T01:45:15Z
2026,4,1384263065352015872,Gooma's Family League,6,473346537234100224,MrMasculinity,12529,00-0040734,,TreVeyon Henderson,RB,NE,1,FLEX,4.2,2026-10-10T01:45:15Z
2026,4,1384263065352015872,Gooma's Family League,6,473346537234100224,MrMasculinity,13276,00-0041511,,Omar Cooper Jr.,WR,NYJ,0,,0.0,2026-10-10T01:45:15Z
2026,4,1384263065352015872,Gooma's Family League,6,473346537234100224,MrMasculinity,13281,00-0041029,,Jordyn Tyson,WR,NO,0,,0.0,2026-10-10T01:45:15Z
2026,4,1384263065352015872,Gooma's Family League,6,473346537234100224,MrMasculinity,1373,00-0030565,,Geno Smith,QB,NYJ,1,QB,8.76,2026-10-10T01:45:15Z
2026,4,1384263065352015872,Gooma's Family League,6,473346537234100224,MrMasculinity,1945,,,Chris Boswell,K,PIT,1,K,3.0,2026-10-10T01:45:15Z
2026,4,1384263065352015872,Gooma's Family League,6,473346537234100224,MrMasculinity,4199,00-0033293,,Aaron Jones,RB,MIN,1,FLEX,16.8,2026-10-10T01:45:15Z
2026,4,1384263065352015872,Gooma's Family League,6,473346537234100224,MrMasculinity,5844,00-0035229,,T.J. Hockenson,TE,MIN,0,,24.9,2026-10-10T01:45:15Z
2026,4,1384263065352015872,Gooma's Family League,6,473346537234100224,MrMasculinity,5947,00-0034960,,Jakobi Meyers,WR,JAX,1,WR,6.3,2026-10-10T01:45:15Z
2026,4,1384263065352015872,Gooma's Family League,6,473346537234100224,MrMasculinity,5967,00-0035261,,Tony Pollard,RB,TEN,1,RB,13.0,2026-10-10T01:45:15Z
2026,4,1384263065352015872,Gooma's Family League,6,473346537234100224,MrMasculinity,6770,00-0036442,,Joe Burrow,QB,CIN,1,SUPER_FLEX,23.72,2026-10-10T01:45:15Z
2026,4,1384263065352015872,Gooma's Family League,6,473346537234100224,MrMasculinity,7525,00-0036912,,DeVonta Smith,WR,PHI,0,,0.0,2026-10-10T01:45:15Z
2026,4,1384263065352015872,Gooma's Family League,6,473346537234100224,MrMasculinity,7567,00-0036919,,Kenny Gainwell,RB,TB,0,,10.7,2026-10-10T01:45:15Z
2026,4,1384263065352015872,Gooma's Family League,6,473346537234100224,MrMasculinity,8121,00-0037816,,Romeo Doubs,WR,NE,0,,23.8,2026-10-10T01:45:15Z
2026,4,1384263065352015872,Gooma's Family League,6,473346537234100224,MrMasculinity,8155,00-0038120,,Breece Hall,RB,NYJ,0,,0.0,2026-10-10T01:45:15Z
2026,4,1384263065352015872,Gooma's Family League,6,473346537234100224,MrMasculinity,9486,00-0038393,,Dontayvion Wicks,WR,PHI,1,WR,4.8,2026-10-10T01:45:15Z
2026,4,1384263065352015872,Gooma's Family League,6,473346537234100224,MrMasculinity,9487,00-0038606,,Parker Washington,WR,JAX,1,WR,2.0,2026-10-10T01:45:15Z
2026,4,1384263065352015872,Gooma's Family League,6,473346537234100224,MrMasculinity,CAR,,,Carolina Panthers,DEF,CAR,1,DEF,-4.0,2026-10-10T01:45:15Z
2026,4,1384263065352015872,Gooma's Family League,6,473346537234100224,MrMasculinity,DET,,,Detroit Lions,DEF,DET,0,,0.0,2026-10-10T01:45:15Z
2026,4,1384263065352015872,Gooma's Family League,7,833447941745270784,EmJDGregg,10213,00-0038563,,Tre Tucker,WR,LV,1,WR,8.4,2026-10-10T01:45:15Z
2026,4,1384263065352015872,Gooma's Family League,7,833447941745270784,EmJDGregg,10236,00-0038933,,Dalton Kincaid,TE,BUF,1,TE,1.7,2026-10-10T01:45:15Z
2026,4,1384263065352015872,Gooma's Family League,7,833447941745270784,EmJDGregg,11563,00-0039732,,Bo Nix,QB,DEN,1,SUPER_FLEX,13.56,2026-10-10T01:45:15Z
2026,4,1384263065352015872,Gooma's Family League,7,833447941745270784,EmJDGregg,11610,00-0039880,,Malik Washington,WR,MIA,0,,12.0,2026-10-10T01:45:15Z
2026,4,1384263065352015872,Gooma's Family League,7,833447941745270784,EmJDGregg,12474,00-0040583,,Woody Marks,RB,HOU,1,RB,8.2,2026-10-10T01:45:15Z
2026,4,1384263065352015872,Gooma's Family League,7,833447941745270784,EmJDGregg,12533,00-0040242,,Jacory Croskey-Merritt,RB,WAS,1,FLEX,7.0,2026-10-10T01:45:15Z
2026,4,1384263065352015872,Gooma's Family League,7,833447941745270784,EmJDGregg,13269,00-0041562,,Fernando Mendoza,QB,LV,0,,0.0,2026-10-10T01:45:15Z
2026,4,1384263065352015872,Gooma's Family League,7,833447941745270784,EmJDGregg,13286,00-0041512,,Jadarian Price,RB,SEA,0,,0.0,2026-10-10T01:45:15Z
2026,4,1384263065352015872,Gooma's Family League,7,833447941745270784,EmJDGregg,13330,00-0041032,,Kenyon Sadiq,TE,NYJ,0,,0.0,2026-10-10T01:45:15Z
2026,4,1384263065352015872,Gooma's Family League,7,833447941745270784,EmJDGregg,13413,00-0040890,,Cyrus Allen,WR,KC,0,,0.0,2026-10-10T01:45:15Z
2026,4,1384263065352015872,Gooma's Family League,7,833447941745270784,EmJDGregg,4137,00-0033553,,James Conner,RB,ARI,0,,0.0,2026-10-10T01:45:15Z
2026,4,1384263065352015872,Gooma's Family League,7,833447941745270784,EmJDGregg,4984,00-0034857,,Josh Allen,QB,BUF,1,QB,18.52,2026-10-10T01:45:15Z
2026,4,1384263065352015872,Gooma's Family League,7,833447941745270784,EmJDGregg,6801,00-0036410,,Tee Higgins,WR,CIN,1,WR,26.7,2026-10-10T01:45:15Z
2026,4,1384263065352015872,Gooma's Family League,7,833447941745270784,EmJDGregg,6806,00-0036158,,J.K. Dobbins,RB,DEN,1,FLEX,7.2,2026-10-10T01:45:15Z
2026,4,1384263065352015872,Gooma's Family League,7,833447941745270784,EmJDGregg,7600,00-0036894,,Pat Freiermuth,TE,PIT,0,,10.7,2026-10-10T01:45:15Z
2026,4,1384263065352015872,Gooma's Family League,7,833447941745270784,EmJDGregg,8142,00-0037664,,Alec Pierce,WR,IND,0,,0.0,2026-10-10T01:45:15Z
2026,4,1384263065352015872,Gooma's Family League,7,833447941745270784,EmJDGregg,8150,00-0037840,,Kyren Williams,RB,LA,1,RB,36.7,2026-10-10T01:45:15Z
2026,4,1384263065352015872,Gooma's Family League,7,833447941745270784,EmJDGregg,8180,00-0037291,,Jalen Nailor,WR,LV,1,WR,0.0,2026-10-10T01:45:15Z
2026,4,1384263065352015872,Gooma's Family League,7,833447941745270784,EmJDGregg,8259,,,Cameron Dicker,K,LAC,1,K,12.0,2026-10-10T01:45:15Z
2026,4,1384263065352015872,Gooma's Family League,7,833447941745270784,EmJDGregg,LAR,,,Los Angeles Rams,DEF,LAR,1,DEF,9.0,2026-10-10T01:45:15Z
2026,4,1384263065352015872,Gooma's Family League,8,833822561476415488,jimgregg,11566,00-0039910,,Jayden Daniels,QB,WAS,0,,0.0,2026-10-10T01:45:15Z
2026,4,1384263065352015872,Gooma's Family League,8,833822561476415488,jimgregg,11575,00-0039875,,Ray Davis,RB,BUF,0,,1.7,2026-10-10T01:45:15Z
2026,4,1384263065352015872,Gooma's Family League,8,833822561476415488,jimgregg,11586,00-0039738,,Blake Corum,RB,LA,1,FLEX,3.1,2026-10-10T01:45:15Z
2026,4,1384263065352015872,Gooma's Family League,8,833822561476415488,jimgregg,11635,00-0039915,,Ladd McConkey,WR,LAC,1,WR,0.0,2026-10-10T01:45:15Z
2026,4,1384263065352015872,Gooma's Family League,8,833822561476415488,jimgregg,12048,00-0039299,,George Holani,RB,SEA,0,,3.0,2026-10-10T01:45:15Z
2026,4,1384263065352015872,Gooma's Family League,8,833822561476415488,jimgregg,2306,00-0031503,,Jameis Winston,QB,NYG,0,,18.0,2026-10-10T01:45:15Z
2026,4,1384263065352015872,Gooma's Family League,8,833822561476415488,jimgregg,2505,00-0031610,,Darren Waller,TE,CAR,0,,6.6,2026-10-10T01:45:15Z
2026,4,1384263065352015872,Gooma's Family League,8,833822561476415488,jimgregg,2747,,,Jason Myers,K,SEA,1,K,5.0,2026-10-10T01:45:15Z
2026,4,1384263065352015872,Gooma's Family League,8,833822561476415488,jimgregg,3214,00-0033090,,Hunter Henry,TE,NE,1,TE,11.2,2026-10-10T01:45:15Z
2026,4,1384263065352015872,Gooma's Family League,8,833822561476415488,jimgregg,4034,00-0033280,,Christian McCaffrey,RB,SF,1,RB,16.0,2026-10-10T01:45:15Z
2026,4,1384263065352015872,Gooma's Family League,8,833822561476415488,jimgregg,4039,00-0033908,,Cooper Kupp,WR,SEA,0,,2.3,2026-10-10T01:45:15Z
2026,4,1384263065352015872,Gooma's Family League,8,833822561476415488,jimgregg,4046,00-0033873,,Patrick Mahomes,QB,KC,1,QB,17.0,2026-10-10T01:45:15Z
2026,4,1384263065352015872,Gooma's Family League,8,833822561476415488,jimgregg,5849,00-0035228,,Kyler Murray,QB,MIN,1,SUPER_FLEX,11.48,2026-10-10T01:45:15Z
2026,4,1384263065352015872,Gooma's Family League,8,833822561476415488,jimgregg,7049,00-0036259,,Jauan Jennings,WR,MIN,1,WR,1.8,2026-10-10T01:45:15Z
2026,4,1384263065352015872,Gooma's Family League,8,833822561476415488,jimgregg,7526,00-0036613,,Jaylen Waddle,WR,DEN,1,WR,14.5,2026-10-10T01:45:15Z
2026,4,1384263065352015872,Gooma's Family League,8,833822561476415488,jimgregg,7571,00-0036550,,Rashod Bateman,WR,BAL,1,FLEX,6.6,2026-10-10T01:45:15Z
2026,4,1384263065352015872,Gooma's Family League,8,833822561476415488,jimgregg,8676,00-0037545,,Rashid Shaheed,WR,SEA,0,,12.3,2026-10-10T01:45:15Z
2026,4,1384263065352015872,Gooma's Family League,8,833822561476415488,jimgregg,9757,00-0038551,,Kendre Miller,RB,NO,1,RB,1.9,2026-10-10T01:45:15Z
2026,4,1384263065352015872,Gooma's Family League,8,833822561476415488,jimgregg,DEN,,,Denver Broncos,DEF,DEN,0,,2.0,2026-10-10T01:45:15Z
2026,4,1384263065352015872,Gooma's Family League,8,833822561476415488,jimgregg,SEA,,,Seattle Seahawks,DEF,SEA,1,DEF,12.0,2026-10-10T01:45:15Z
2026,4,1384263065352015872,Gooma's Family League,9,835046086484799488,kelush,11576,00-0039794,,Braelon Allen,RB,NYJ,0,,8.7,2026-10-10T01:45:15Z
2026,4,1384263065352015872,Gooma's Family League,9,835046086484799488,kelush,11646,00-0039491,,Jalen Coker,WR,CAR,0,,0.0,2026-10-10T01:45:15Z
2026,4,1384263065352015872,Gooma's Family League,9,835046086484799488,kelush,1166,00-0029604,,Kirk Cousins,QB,LV,0,,22.6,2026-10-10T01:45:15Z
2026,4,1384263065352015872,Gooma's Family League,9,835046086484799488,kelush,12015,,,Harrison Mevis,K,LAR,1,K,6.0,2026-10-10T01:45:15Z
2026,4,1384263065352015872,Gooma's Family League,9,835046086484799488,kelush,12507,00-0040666,,Omarion Hampton,RB,LAC,1,RB,13.3,2026-10-10T01:45:15Z
2026,4,1384263065352015872,Gooma's Family League,9,835046086484799488,kelush,12518,00-0040128,,Tyler Warren,TE,IND,1,TE,9.1,2026-10-10T01:45:15Z
2026,4,1384263065352015872,Gooma's Family League,9,835046086484799488,kelush,12534,00-0040236,,Kyle Monangai,RB,CHI,1,FLEX,28.0,2026-10-10T01:45:15Z
2026,4,1384263065352015872,Gooma's Family League,9,835046086484799488,kelush,13294,00-0040867,,Makai Lemon,WR,PHI,1,WR,5.7,2026-10-10T01:45:15Z
2026,4,1384263065352015872,Gooma's Family League,9,835046086484799488,kelush,13305,00-0040878,,Mike Washington Jr.,RB,LV,0,,2.7,2026-10-10T01:45:15Z
2026,4,1384263065352015872,Gooma's Family League,9,835046086484799488,kelush,421,00-0026498,,Matthew Stafford,QB,LA,1,QB,9.68,2026-10-10T01:45:15Z
2026,4,1384263065352015872,Gooma's Family League,9,835046086484799488,kelush,4943,00-0034869,,Sam Darnold,QB,SEA,1,SUPER_FLEX,13.32,2026-10-10T01:45:15Z
2026,4,1384263065352015872,Gooma's Family League,9,835046086484799488,kelush,5001,00-0034383,,Dalton Schultz,TE,HOU,0,,2.9,2026-10-10T01:45:15Z
2026,4,1384263065352015872,Gooma's Family League,9,835046086484799488,kelush,5850,00-0035700,,Josh Jacobs,RB,GB,1,FLEX,0.0,2026-10-10T01:45:15Z
2026,4,1384263065352015872,Gooma's Family League,9,835046086484799488,kelush,7569,00-0036554,,Nico Collins,WR,HOU,1,WR,30.8,2026-10-10T01:45:15Z
2026,4,1384263065352015872,Gooma's Family League,9,835046086484799488,kelush,8111,00-0038129,,Cade Otton,TE,TB,0,,7.7,2026-10-10T01:45:15Z
2026,4,1384263065352015872,Gooma's Family League,9,835046086484799488,kelush,8134,00-0037261,,Khalil Shakir,WR,BUF,0,,13.2,2026-10-10T01:45:15Z
2026,4,1384263065352015872,Gooma's Family League,9,835046086484799488,kelush,8167,00-0038124,,Christian Watson,WR,GB,1,WR,7.7,2026-10-10T01:45:15Z
2026,4,1384263065352015872,Gooma's Family League,9,835046086484799488,kelush,9500,00-0038997,,Josh Downs,WR,IND,0,,4.6,2026-10-10T01:45:15Z
2026,4,1384263065352015872,Gooma's Family League,9,835046086484799488,kelush,9509,00-0038542,,Bijan Robinson,RB,ATL,1,RB,27.7,2026-10-10T01:45:15Z
2026,4,1384263065352015872,Gooma's Family League,9,835046086484799488,kelush,ATL,,,Atlanta Falcons,DEF,ATL,1,DEF,5.0,2026-10-10T01:45:15Z
2026,4,1384263065352015872,Gooma's Family League,10,837511173954961408,msdhusker,10229,00-0039067,,Rashee Rice,WR,KC,1,WR,0.0,2026-10-10T01:45:15Z
2026,4,1384263065352015872,Gooma's Family League,10,837511173954961408,msdhusker,11624,00-0039894,,Xavier Worthy,WR,KC,0,,11.0,2026-10-10T01:45:15Z
2026,4,1384263065352015872,Gooma's Family League,10,837511173954961408,msdhusker,11655,00-0039384,,Tyrone Tracy Jr.,RB,NYG,0,,-0.1,2026-10-10T01:45:15Z
2026,4,1384263065352015872,Gooma's Family League,10,837511173954961408,msdhusker,12501,00-0040667,,Matthew Golden,WR,GB,1,FLEX,11.7,2026-10-10T01:45:15Z
2026,4,1384263065352015872,Gooma's Family League,10,837511173954961408,msdhusker,12502,00-0040584,,Gunnar Helm,TE,TEN,0,,3.5,2026-10-10T01:45:15Z
2026,4,1384263065352015872,Gooma's Family League,10,837511173954961408,msdhusker,12527,00-0040122,,Ashton Jeanty,RB,LV,1,RB,18.6,2026-10-10T01:45:15Z
2026,4,1384263065352015872,Gooma's Family League,10,837511173954961408,msdhusker,12545,00-0040743,,Tyler Shough,QB,NO,1,QB,15.94,2026-10-10T01:45:15Z
2026,4,1384263065352015872,Gooma's Family League,10,837511173954961408,msdhusker,3321,,,Tyreek Hill,WR,,0,,0.0,2026-10-10T01:45:15Z
2026,4,1384263065352015872,Gooma's Family League,10,837511173954961408,msdhusker,3451,,,Ka'imi Fairbairn,K,HOU,1,K,16.0,2026-10-10T01:45:15Z
2026,4,1384263065352015872,Gooma's Family League,10,837511173954961408,msdhusker,4037,00-0033921,,Chris Godwin Jr.,WR,TB,1,WR,9.1,2026-10-10T01:45:15Z
2026,4,1384263065352015872,Gooma's Family League,10,837511173954961408,msdhusker,4892,00-0034855,,Baker Mayfield,QB,TB,0,,0.0,2026-10-10T01:45:15Z
2026,4,1384263065352015872,Gooma's Family League,10,837511173954961408,msdhusker,5045,00-0034348,,Courtland Sutton,WR,DEN,1,WR,1.4,2026-10-10T01:45:15Z
2026,4,1384263065352015872,Gooma's Family League,10,837511173954961408,msdhusker,6768,00-0036212,,Tua Tagovailoa,QB,ATL,0,,0.0,2026-10-10T01:45:15Z
2026,4,1384263065352015872,Gooma's Family League,10,837511173954961408,msdhusker,6790,00-0036275,,D'Andre Swift,RB,CHI,1,SUPER_FLEX,7.4,2026-10-10T01:45:15Z
2026,4,1384263065352015872,Gooma's Family League,10,837511173954961408,msdhusker,6813,00-0036223,,Jonathan Taylor,RB,IND,1,RB,22.7,2026-10-10T01:45:15Z
2026,4,1384263065352015872,Gooma's Family League,10,837511173954961408,msdhusker,7543,00-0036973,,Travis Etienne,RB,NO,0,,0.0,2026-10-10T01:45:15Z
2026,4,1384263065352015872,Gooma's Family League,10,837511173954961408,msdhusker,8131,00-0037838,,Isaiah Likely,TE,NYG,1,TE,13.6,2026-10-10T01:45:15Z
2026,4,1384263065352015872,Gooma's Family League,10,837511173954961408,msdhusker,9224,00-0038597,,Chase Brown,RB,CIN,1,FLEX,19.1,2026-10-10T01:45:15Z
2026,4,1384263065352015872,Gooma's Family League,10,837511173954961408,msdhusker,9502,00-0038977,,Tank Dell,WR,HOU,0,,0.0,2026-10-10T01:45:15Z
2026,4,1384263065352015872,Gooma's Family League,10,837511173954961408,msdhusker,JAX,,,Jacksonville Jaguars,DEF,JAX,1,DEF,5.0,2026-10-10T01:45:15Z
2026,4,1384263065352015872,Gooma's Family League,11,1134319815667126272,mtgundlach,11435,00-0038797,,Emanuel Wilson,RB,SEA,1,RB,27.0,2026-10-10T01:45:15Z
2026,4,1384263065352015872,Gooma's Family League,11,1134319815667126272,mtgundlach,11583,00-0039344,,Jonathon Brooks,RB,CAR,0,,0.0,2026-10-10T01:45:15Z
2026,4,1384263065352015872,Gooma's Family League,11,1134319815667126272,mtgundlach,11603,00-0039793,,AJ Barner,TE,SEA,0,,2.2,2026-10-10T01:45:15Z
2026,4,1384263065352015872,Gooma's Family League,11,1134319815667126272,mtgundlach,11625,00-0039890,,Adonai Mitchell,WR,NYJ,0,,0.0,2026-10-10T01:45:15Z
2026,4,1384263065352015872,Gooma's Family League,11,1134319815667126272,mtgundlach,11628,00-0039849,,Marvin Harrison Jr.,WR,ARI,0,,8.2,2026-10-10T01:45:15Z
2026,4,1384263065352015872,Gooma's Family League,11,1134319815667126272,mtgundlach,2449,00-0031588,,Stefon Diggs,WR,WAS,1,WR,8.5,2026-10-10T01:45:15Z
2026,4,1384263065352015872,Gooma's Family League,11,1134319815667126272,mtgundlach,3163,00-0033106,,Jared Goff,QB,DET,1,SUPER_FLEX,20.48,2026-10-10T01:45:15Z
2026,4,1384263065352015872,Gooma's Family League,11,1134319815667126272,mtgundlach,3294,00-0033077,,Dak Prescott,QB,DAL,1,QB,18.1,2026-10-10T01:45:15Z
2026,4,1384263065352015872,Gooma's Family League,11,1134319815667126272,mtgundlach,3634,00-0032464,,Kalif Raymond,WR,CHI,1,FLEX,2.6,2026-10-10T01:45:15Z
2026,4,1384263065352015872,Gooma's Family League,11,1134319815667126272,mtgundlach,5859,00-0035676,,A.J. Brown,WR,NE,0,,0.0,2026-10-10T01:45:15Z
2026,4,1384263065352015872,Gooma's Family League,11,1134319815667126272,mtgundlach,6083,,,Matt Gay,K,LV,1,K,16.0,2026-10-10T01:45:15Z
2026,4,1384263065352015872,Gooma's Family League,11,1134319815667126272,mtgundlach,7547,00-0036963,,Amon-Ra St. Brown,WR,DET,1,WR,15.5,2026-10-10T01:45:15Z
2026,4,1384263065352015872,Gooma's Family League,11,1134319815667126272,mtgundlach,8132,00-0037263,,Tyler Allgeier,RB,ARI,0,,12.9,2026-10-10T01:45:15Z
2026,4,1384263065352015872,Gooma's Family League,11,1134319815667126272,mtgundlach,8136,00-0037256,,Rachaad White,RB,WAS,0,,0.0,2026-10-10T01:45:15Z
2026,4,1384263065352015872,Gooma's Family League,11,1134319815667126272,mtgundlach,8138,00-0037248,,James Cook,RB,BUF,1,RB,16.3,2026-10-10T01:45:15Z
2026,4,1384263065352015872,Gooma's Family League,11,1134319815667126272,mtgundlach,8148,00-0037240,,Jameson Williams,WR,DET,1,FLEX,16.2,2026-10-10T01:45:15Z
2026,4,1384263065352015872,Gooma's Family League,11,1134319815667126272,mtgundlach,9484,00-0038996,,Tucker Kraft,TE,GB,1,TE,16.5,2026-10-10T01:45:15Z
2026,4,1384263065352015872,Gooma's Family League,11,1134319815667126272,mtgundlach,9501,00-0038621,,DeMario Douglas,WR,NE,0,,3.5,2026-10-10T01:45:15Z
2026,4,1384263065352015872,Gooma's Family League,11,1134319815667126272,mtgundlach,9508,00-0039032,,Tyjae Spears,RB,TEN,0,,1.6,2026-10-10T01:45:15Z
2026,4,1384263065352015872,Gooma's Family League,11,1134319815667126272,mtgundlach,96,00-0023459,,Aaron Rodgers,QB,PIT,0,,21.96,2026-10-10T01:45:15Z
2026,4,1384263065352015872,Gooma's Family League,11,1134319815667126272,mtgundlach,9997,00-0039064,,Zay Flowers,WR,BAL,1,WR,25.8,2026-10-10T01:45:15Z
2026,4,1384263065352015872,Gooma's Family League,11,1134319815667126272,mtgundlach,PIT,,,Pittsburgh Steelers,DEF,PIT,1,DEF,7.0,2026-10-10T01:45:15Z
2026,4,1384263065352015872,Gooma's Family League,12,1134611314749513728,wgundlach,12481,00-0040715,,Cam Skattebo,RB,NYG,1,RB,7.6,2026-10-10T01:45:15Z
2026,4,1384263065352015872,Gooma's Family League,12,1134611314749513728,wgundlach,12487,00-0040737,,Terrance Ferguson,TE,LA,0,,0.0,2026-10-10T01:45:15Z
2026,4,1384263065352015872,Gooma's Family League,12,1134611314749513728,wgundlach,12493,00-0040189,,Oronde Gadsden II,TE,LAC,0,,8.8,2026-10-10T01:45:15Z
2026,4,1384263065352015872,Gooma's Family League,12,1134611314749513728,wgundlach,12519,00-0040735,,Luther Burden III,WR,CHI,1,WR,11.4,2026-10-10T01:45:15Z
2026,4,1384263065352015872,Gooma's Family League,12,1134611314749513728,wgundlach,12524,00-0040668,,Shedeur Sanders,QB,CLE,0,,0.0,2026-10-10T01:45:15Z
2026,4,1384263065352015872,Gooma's Family League,12,1134611314749513728,wgundlach,13279,00-0041438,,Carnell Tate,WR,TEN,0,,21.5,2026-10-10T01:45:15Z
2026,4,1384263065352015872,Gooma's Family League,12,1134611314749513728,wgundlach,13287,00-0041027,,Jeremiyah Love,RB,ARI,1,RB,6.5,2026-10-10T01:45:15Z
2026,4,1384263065352015872,Gooma's Family League,12,1134611314749513728,wgundlach,2020,,,Cairo Santos,K,CHI,1,K,11.0,2026-10-10T01:45:15Z
2026,4,1384263065352015872,Gooma's Family League,12,1134611314749513728,wgundlach,2216,00-0031408,,Mike Evans,WR,SF,1,WR,12.6,2026-10-10T01:45:15Z
2026,4,1384263065352015872,Gooma's Family League,12,1134611314749513728,wgundlach,5870,00-0035710,,Daniel Jones,QB,IND,1,SUPER_FLEX,7.92,2026-10-10T01:45:15Z
2026,4,1384263065352015872,Gooma's Family League,12,1134611314749513728,wgundlach,7002,00-0036040,,Juwan Johnson,TE,NO,1,TE,11.9,2026-10-10T01:45:15Z
2026,4,1384263065352015872,Gooma's Family League,12,1134611314749513728,wgundlach,8112,00-0037238,,Drake London,WR,ATL,1,WR,14.6,2026-10-10T01:45:15Z
2026,4,1384263065352015872,Gooma's Family League,12,1134611314749513728,wgundlach,8126,00-0038117,,Wan'Dale Robinson,WR,TEN,0,,11.0,2026-10-10T01:45:15Z
2026,4,1384263065352015872,Gooma's Family League,12,1134611314749513728,wgundlach,8151,00-0038134,,Kenneth Walker III,RB,KC,1,FLEX,30.9,2026-10-10T01:45:15Z
2026,4,1384263065352015872,Gooma's Family League,12,1134611314749513728,wgundlach,8154,00-0037746,,Brian Robinson,RB,ATL,0,,25.7,2026-10-10T01:45:15Z
2026,4,1384263065352015872,Gooma's Family League,12,1134611314749513728,wgundlach,9225,00-0038555,,Tank Bigsby,RB,PHI,0,,5.5,2026-10-10T01:45:15Z
2026,4,1384263065352015872,Gooma's Family League,12,1134611314749513728,wgundlach,9493,00-0039075,,Puka Nacua,WR,LA,1,FLEX,27.7,2026-10-10T01:45:15Z
2026,4,1384263065352015872,Gooma's Family League,12,1134611314749513728,wgundlach,9511,00-0038454,,Keaton Mitchell,RB,LAC,0,,11.3,2026-10-10T01:45:15Z
2026,4,1384263065352015872,Gooma's Family League,12,1134611314749513728,wgundlach,9758,00-0039163,,C.J. Stroud,QB,HOU,1,QB,23.08,2026-10-10T01:45:15Z
2026,4,1384263065352015872,Gooma's Family League,12,1134611314749513728,wgundlach,LAC,,,Los Angeles Chargers,DEF,LAC,1,DEF,8.0,2026-10-10T01:45:15Z
2026,4,704757,Average Joes,1,1,MeloRox1588,11563,00-0039732,4426338,Bo Nix,QB,DEN,0,BN,13.56,2026-10-10T01:45:23Z
2026,4,704757,Average Joes,1,1,MeloRox1588,11576,00-0039794,4685247,Braelon Allen,RB,NYJ,1,FLEX,8.7,2026-10-10T01:45:23Z
2026,4,704757,Average Joes,1,1,MeloRox1588,11583,00-0039344,4678008,Jonathon Brooks,RB,CAR,0,IR,0.0,2026-10-10T01:45:23Z
2026,4,704757,Average Joes,1,1,MeloRox1588,11620,00-0039919,4431299,Rome Odunze,WR,CHI,0,BN,15.4,2026-10-10T01:45:23Z
2026,4,704757,Average Joes,1,1,MeloRox1588,11631,00-0039893,4432773,Brian Thomas Jr.,WR,JAX,0,BN,9.7,2026-10-10T01:45:23Z
2026,4,704757,Average Joes,1,1,MeloRox1588,12514,00-0040129,4567750,Emeka Egbuka,WR,TB,1,WR,3.3,2026-10-10T01:45:23Z
2026,4,704757,Average Joes,1,1,MeloRox1588,12529,00-0040734,4432710,TreVeyon Henderson,RB,NE,0,BN,4.2,2026-10-10T01:45:23Z
2026,4,704757,Average Joes,1,1,MeloRox1588,13346,00-0041037,4832800,Denzel Boston,WR,CLE,0,BN,12.9,2026-10-10T01:45:23Z
2026,4,704757,Average Joes,1,1,MeloRox1588,4035,00-0033906,3054850,Alvin Kamara,RB,NO,0,BN,22.8,2026-10-10T01:45:23Z
2026,4,704757,Average Joes,1,1,MeloRox1588,4984,00-0034857,3918298,Josh Allen,QB,BUF,1,QB,18.52,2026-10-10T01:45:23Z
2026,4,704757,Average Joes,1,1,MeloRox1588,7526,00-0036613,4372016,Jaylen Waddle,WR,DEN,1,WR,14.5,2026-10-10T01:45:23Z
2026,4,704757,Average Joes,1,1,MeloRox1588,7594,00-0036555,4241416,Chuba Hubbard,RB,CAR,1,RB,25.9,2026-10-10T01:45:23Z
2026,4,704757,Average Joes,1,1,MeloRox1588,8130,00-0037744,4361307,Trey McBride,TE,ARI,1,TE,10.1,2026-10-10T01:45:23Z
2026,4,704757,Average Joes,1,1,MeloRox1588,8131,00-0037838,4361050,Isaiah Likely,TE,NYG,0,BN,13.6,2026-10-10T01:45:23Z
2026,4,704757,Average Joes,1,1,MeloRox1588,9509,00-0038542,4430807,Bijan Robinson,RB,ATL,1,RB,27.7,2026-10-10T01:45:23Z
2026,4,704757,Average Joes,1,1,MeloRox1588,espn--16016,,-16016,Vikings D/ST,DEF,MIN,1,DEF,10.0,2026-10-10T01:45:23Z
2026,4,704757,Average Joes,1,1,MeloRox1588,espn-3055899,,3055899,Harrison Butker,K,KC,1,K,6.0,2026-10-10T01:45:23Z
2026,4,704757,Average Joes,4,4,Scarfmyteam,11624,00-0039894,4683062,Xavier Worthy,WR,KC,0,BN,11.0,2026-10-10T01:45:23Z
2026,4,704757,Average Joes,4,4,Scarfmyteam,12474,00-0040583,4429059,Woody Marks,RB,HOU,0,BN,8.2,2026-10-10T01:45:23Z
2026,4,704757,Average Joes,4,4,Scarfmyteam,12508,00-0040691,4689114,Jaxson Dart,QB,NYG,0,IR,0.0,2026-10-10T01:45:23Z
2026,4,704757,Average Joes,4,4,Scarfmyteam,12517,00-0040126,4723086,Colston Loveland,TE,CHI,0,BN,11.7,2026-10-10T01:45:23Z
2026,4,704757,Average Joes,4,4,Scarfmyteam,13279,00-0041438,4871023,Carnell Tate,WR,TEN,0,BN,21.5,2026-10-10T01:45:23Z
2026,4,704757,Average Joes,4,4,Scarfmyteam,2133,00-0031381,16800,Davante Adams,WR,LA,1,WR,7.2,2026-10-10T01:45:23Z
2026,4,704757,Average Joes,4,4,Scarfmyteam,2449,00-0031588,2976212,Stefon Diggs,WR,WAS,1,FLEX,8.5,2026-10-10T01:45:23Z
2026,4,704757,Average Joes,4,4,Scarfmyteam,4034,00-0033280,3117251,Christian McCaffrey,RB,SF,1,RB,16.0,2026-10-10T01:45:23Z
2026,4,704757,Average Joes,4,4,Scarfmyteam,4037,00-0033921,3116165,Chris Godwin Jr.,WR,TB,0,BN,9.1,2026-10-10T01:45:23Z
2026,4,704757,Average Joes,4,4,Scarfmyteam,4881,00-0034796,3916387,Lamar Jackson,QB,BAL,1,QB,18.88,2026-10-10T01:45:23Z
2026,4,704757,Average Joes,4,4,Scarfmyteam,5001,00-0034383,3117256,Dalton Schultz,TE,HOU,1,TE,2.9,2026-10-10T01:45:23Z
2026,4,704757,Average Joes,4,4,Scarfmyteam,5892,00-0035685,4035538,David Montgomery,RB,HOU,1,RB,4.3,2026-10-10T01:45:23Z
2026,4,704757,Average Joes,4,4,Scarfmyteam,5947,00-0034960,3916433,Jakobi Meyers,WR,JAX,0,BN,6.3,2026-10-10T01:45:23Z
2026,4,704757,Average Joes,4,4,Scarfmyteam,6786,00-0036358,4241389,CeeDee Lamb,WR,DAL,1,WR,41.3,2026-10-10T01:45:23Z
2026,4,704757,Average Joes,4,4,Scarfmyteam,espn--16034,,-16034,Texans D/ST,DEF,HOU,1,DEF,3.0,2026-10-10T01:45:23Z
2026,4,704757,Average Joes,4,4,Scarfmyteam,espn-4571557,,4571557,Spencer Shrader,K,IND,0,BN,16.0,2026-10-10T01:45:23Z
2026,4,704757,Average Joes,4,4,Scarfmyteam,espn-4697745,,4697745,Tyler Loop,K,BAL,1,K,7.0,2026-10-10T01:45:23Z
2026,4,704757,Average Joes,5,5,ESPNFAN8124537231,13286,00-0041512,4685512,Jadarian Price,RB,SEA,0,BN,0.0,2026-10-10T01:45:23Z
2026,4,704757,Average Joes,5,5,ESPNFAN8124537231,13330,00-0041032,5083315,Kenyon Sadiq,TE,NYJ,0,BN,0.0,2026-10-10T01:45:23Z
2026,4,704757,Average Joes,5,5,ESPNFAN8124537231,1466,00-0030506,15847,Travis Kelce,TE,KC,1,TE,3.5,2026-10-10T01:45:23Z
2026,4,704757,Average Joes,5,5,ESPNFAN8124537231,4046,00-0033873,3139477,Patrick Mahomes,QB,KC,1,QB,17.0,2026-10-10T01:45:23Z
2026,4,704757,Average Joes,5,5,ESPNFAN8124537231,4983,00-0034827,3915416,DJ Moore,WR,BUF,0,BN,2.7,2026-10-10T01:45:23Z
2026,4,704757,Average Joes,5,5,ESPNFAN8124537231,6790,00-0036275,4259545,D'Andre Swift,RB,CHI,1,RB,7.4,2026-10-10T01:45:23Z
2026,4,704757,Average Joes,5,5,ESPNFAN8124537231,7002,00-0036040,3929645,Juwan Johnson,TE,NO,0,BN,11.9,2026-10-10T01:45:23Z
2026,4,704757,Average Joes,5,5,ESPNFAN8124537231,7523,00-0036971,4360310,Trevor Lawrence,QB,JAX,0,BN,13.08,2026-10-10T01:45:23Z
2026,4,704757,Average Joes,5,5,ESPNFAN8124537231,7547,00-0036963,4374302,Amon-Ra St. Brown,WR,DET,1,WR,15.5,2026-10-10T01:45:23Z
2026,4,704757,Average Joes,5,5,ESPNFAN8124537231,7588,00-0036997,4361579,Javonte Williams,RB,DAL,0,BN,31.3,2026-10-10T01:45:23Z
2026,4,704757,Average Joes,5,5,ESPNFAN8124537231,8144,00-0037239,4361370,Chris Olave,WR,NO,1,WR,19.6,2026-10-10T01:45:23Z
2026,4,704757,Average Joes,5,5,ESPNFAN8124537231,9224,00-0038597,4362238,Chase Brown,RB,CIN,1,RB,19.1,2026-10-10T01:45:23Z
2026,4,704757,Average Joes,5,5,ESPNFAN8124537231,9487,00-0038606,4432620,Parker Washington,WR,JAX,1,FLEX,2.0,2026-10-10T01:45:23Z
2026,4,704757,Average Joes,5,5,ESPNFAN8124537231,espn--16012,,-16012,Chiefs D/ST,DEF,KC,0,BN,1.0,2026-10-10T01:45:23Z
2026,4,704757,Average Joes,5,5,ESPNFAN8124537231,espn--16033,,-16033,Ravens D/ST,DEF,BAL,1,DEF,7.0,2026-10-10T01:45:23Z
2026,4,704757,Average Joes,5,5,ESPNFAN8124537231,espn-4567104,,4567104,Will Reichard,K,MIN,1,K,19.0,2026-10-10T01:45:23Z
2026,4,704757,Average Joes,8,8,Peibsen,11560,00-0039918,4431611,Caleb Williams,QB,CHI,0,BN,0.0,2026-10-10T01:45:23Z
2026,4,704757,Average Joes,8,8,Peibsen,11584,00-0039361,4596448,Bucky Irving,RB,TB,1,RB,6.1,2026-10-10T01:45:23Z
2026,4,704757,Average Joes,8,8,Peibsen,11628,00-0039849,4432708,Marvin Harrison Jr.,WR,ARI,0,BN,8.2,2026-10-10T01:45:23Z
2026,4,704757,Average Joes,8,8,Peibsen,3294,00-0033077,2577417,Dak Prescott,QB,DAL,1,QB,18.1,2026-10-10T01:45:23Z
2026,4,704757,Average Joes,8,8,Peibsen,5022,00-0034351,3121023,Dallas Goedert,TE,PHI,0,BN,0.0,2026-10-10T01:45:23Z
2026,4,704757,Average Joes,8,8,Peibsen,5849,00-0035228,3917315,Kyler Murray,QB,MIN,0,BN,11.48,2026-10-10T01:45:23Z
2026,4,704757,Average Joes,8,8,Peibsen,5859,00-0035676,4047646,A.J. Brown,WR,NE,0,IR,0.0,2026-10-10T01:45:23Z
2026,4,704757,Average Joes,8,8,Peibsen,6813,00-0036223,4242335,Jonathan Taylor,RB,IND,1,RB,22.7,2026-10-10T01:45:23Z
2026,4,704757,Average Joes,8,8,Peibsen,7543,00-0036973,4239996,Travis Etienne,RB,NO,0,BN,0.0,2026-10-10T01:45:23Z
2026,4,704757,Average Joes,8,8,Peibsen,8134,00-0037261,4373678,Khalil Shakir,WR,BUF,1,FLEX,13.2,2026-10-10T01:45:23Z
2026,4,704757,Average Joes,8,8,Peibsen,8137,00-0037247,4426354,George Pickens,WR,DAL,1,WR,9.5,2026-10-10T01:45:23Z
2026,4,704757,Average Joes,8,8,Peibsen,8408,00-0037525,4360569,Jordan Mason,RB,MIN,0,BN,0.0,2026-10-10T01:45:23Z
2026,4,704757,Average Joes,8,8,Peibsen,9484,00-0038996,4572680,Tucker Kraft,TE,GB,1,TE,16.5,2026-10-10T01:45:23Z
2026,4,704757,Average Joes,8,8,Peibsen,9486,00-0038393,4428850,Dontayvion Wicks,WR,PHI,0,BN,4.8,2026-10-10T01:45:23Z
2026,4,704757,Average Joes,8,8,Peibsen,9756,00-0038994,4429205,Jordan Addison,WR,MIN,1,WR,9.1,2026-10-10T01:45:23Z
2026,4,704757,Average Joes,8,8,Peibsen,espn--16007,,-16007,Broncos D/ST,DEF,DEN,1,DEF,1.0,2026-10-10T01:45:23Z
2026,4,704757,Average Joes,8,8,Peibsen,espn-2473037,,2473037,Jason Myers,K,SEA,1,K,6.0,2026-10-10T01:45:23Z
2026,4,704757,Average Joes,10,10,corncuff,11566,00-0039910,4426348,Jayden Daniels,QB,WAS,0,BN,0.0,2026-10-10T01:45:23Z
2026,4,704757,Average Joes,10,10,corncuff,12526,00-0040124,4685472,Tetairoa McMillan,WR,CAR,1,WR,45.2,2026-10-10T01:45:23Z
2026,4,704757,Average Joes,10,10,corncuff,12527,00-0040122,4890973,Ashton Jeanty,RB,LV,1,RB,18.6,2026-10-10T01:45:23Z
2026,4,704757,Average Joes,10,10,corncuff,12530,00-0040718,4685415,Travis Hunter,WR,JAX,0,BN,0.0,2026-10-10T01:45:23Z
2026,4,704757,Average Joes,10,10,corncuff,13287,00-0041027,4870808,Jeremiyah Love,RB,ARI,1,FLEX,6.5,2026-10-10T01:45:23Z
2026,4,704757,Average Joes,10,10,corncuff,13417,00-0041035,4710714,De'Zhaun Stribling,WR,SF,0,IR,0.0,2026-10-10T01:45:23Z
2026,4,704757,Average Joes,10,10,corncuff,2216,00-0031408,16737,Mike Evans,WR,SF,0,BN,12.6,2026-10-10T01:45:23Z
2026,4,704757,Average Joes,10,10,corncuff,4943,00-0034869,3912547,Sam Darnold,QB,SEA,1,QB,13.32,2026-10-10T01:45:23Z
2026,4,704757,Average Joes,10,10,corncuff,6819,00-0036252,4035687,Michael Pittman,WR,PIT,0,BN,3.5,2026-10-10T01:45:23Z
2026,4,704757,Average Joes,10,10,corncuff,7553,00-0036970,4360248,Kyle Pitts,TE,ATL,1,TE,7.7,2026-10-10T01:45:23Z
2026,4,704757,Average Joes,10,10,corncuff,7571,00-0036550,4360939,Rashod Bateman,WR,BAL,1,WR,6.6,2026-10-10T01:45:23Z
2026,4,704757,Average Joes,10,10,corncuff,8136,00-0037256,4697815,Rachaad White,RB,WAS,0,BN,0.0,2026-10-10T01:45:23Z
2026,4,704757,Average Joes,10,10,corncuff,9221,00-0039139,4429795,Jahmyr Gibbs,RB,DET,1,RB,17.7,2026-10-10T01:45:23Z
2026,4,704757,Average Joes,10,10,corncuff,9500,00-0038997,4688813,Josh Downs,WR,IND,0,BN,4.6,2026-10-10T01:45:23Z
2026,4,704757,Average Joes,10,10,corncuff,9997,00-0039064,4429615,Zay Flowers,WR,BAL,0,BN,25.8,2026-10-10T01:45:23Z
2026,4,704757,Average Joes,10,10,corncuff,espn--16003,,-16003,Bears D/ST,DEF,CHI,1,DEF,9.0,2026-10-10T01:45:23Z
2026,4,704757,Average Joes,10,10,corncuff,espn-17427,,17427,Cairo Santos,K,CHI,1,K,11.0,2026-10-10T01:45:23Z
2026,4,704757,Average Joes,13,13,Craig McCloskey,10232,00-0038559,4360761,Michael Wilson,WR,ARI,1,FLEX,16.5,2026-10-10T01:45:23Z
2026,4,704757,Average Joes,13,13,Craig McCloskey,11632,00-0039337,4595348,Malik Nabers,WR,NYG,1,WR,23.2,2026-10-10T01:45:23Z
2026,4,704757,Average Joes,13,13,Craig McCloskey,12489,00-0040730,4568490,RJ Harvey,RB,DEN,0,BN,19.3,2026-10-10T01:45:23Z
2026,4,704757,Average Joes,13,13,Craig McCloskey,12490,00-0040719,4882093,Bhayshul Tuten,RB,JAX,1,RB,11.1,2026-10-10T01:45:23Z
2026,4,704757,Average Joes,13,13,Craig McCloskey,12495,00-0040198,4711533,Ollie Gordon II,RB,MIA,0,BN,18.0,2026-10-10T01:45:23Z
2026,4,704757,Average Joes,13,13,Craig McCloskey,12518,00-0040128,4431459,Tyler Warren,TE,IND,1,TE,9.1,2026-10-10T01:45:23Z
2026,4,704757,Average Joes,13,13,Craig McCloskey,12519,00-0040735,4685278,Luther Burden III,WR,CHI,0,BN,11.4,2026-10-10T01:45:23Z
2026,4,704757,Average Joes,13,13,Craig McCloskey,12545,00-0040743,4360689,Tyler Shough,QB,NO,1,QB,15.94,2026-10-10T01:45:23Z
2026,4,704757,Average Joes,13,13,Craig McCloskey,4866,00-0034844,3929630,Saquon Barkley,RB,PHI,1,RB,2.0,2026-10-10T01:45:23Z
2026,4,704757,Average Joes,13,13,Craig McCloskey,6797,00-0036355,4038941,Justin Herbert,QB,LAC,0,BN,9.56,2026-10-10T01:45:23Z
2026,4,704757,Average Joes,13,13,Craig McCloskey,7567,00-0036919,4371733,Kenny Gainwell,RB,TB,0,BN,10.7,2026-10-10T01:45:23Z
2026,4,704757,Average Joes,13,13,Craig McCloskey,8110,00-0038041,4242355,Jake Ferguson,TE,DAL,0,BN,4.1,2026-10-10T01:45:23Z
2026,4,704757,Average Joes,13,13,Craig McCloskey,8146,00-0037740,4569618,Garrett Wilson,WR,NYJ,1,WR,5.7,2026-10-10T01:45:23Z
2026,4,704757,Average Joes,13,13,Craig McCloskey,9502,00-0038977,4366031,Tank Dell,WR,HOU,0,BN,0.0,2026-10-10T01:45:23Z
2026,4,704757,Average Joes,13,13,Craig McCloskey,espn--16023,,-16023,Steelers D/ST,DEF,PIT,1,DEF,5.0,2026-10-10T01:45:23Z
2026,4,704757,Average Joes,13,13,Craig McCloskey,espn-4689936,,4689936,Jake Bates,K,DET,1,K,18.0,2026-10-10T01:45:23Z
2026,4,704757,Average Joes,14,14,Nativity scene,10859,00-0039065,4430027,Sam LaPorta,TE,DET,1,TE,22.4,2026-10-10T01:45:23Z
2026,4,704757,Average Joes,14,14,Nativity scene,11564,00-0039851,4431452,Drake Maye,QB,NE,0,BN,26.16,2026-10-10T01:45:23Z
2026,4,704757,Average Joes,14,14,Nativity scene,11610,00-0039880,4569603,Malik Washington,WR,MIA,0,BN,12.0,2026-10-10T01:45:23Z
2026,4,704757,Average Joes,14,14,Nativity scene,11646,00-0039491,4695883,Jalen Coker,WR,CAR,0,BN,0.0,2026-10-10T01:45:23Z
2026,4,704757,Average Joes,14,14,Nativity scene,11834,00-0039424,4569559,Devaughn Vele,WR,NO,0,BN,17.4,2026-10-10T01:45:23Z
2026,4,704757,Average Joes,14,14,Nativity scene,12534,00-0040236,4608686,Kyle Monangai,RB,CHI,0,BN,28.0,2026-10-10T01:45:23Z
2026,4,704757,Average Joes,14,14,Nativity scene,13414,00-0041052,4696044,Kaelon Black,RB,SF,0,BN,1.3,2026-10-10T01:45:23Z
2026,4,704757,Average Joes,14,14,Nativity scene,4199,00-0033293,3042519,Aaron Jones,RB,MIN,1,RB,16.8,2026-10-10T01:45:23Z
2026,4,704757,Average Joes,14,14,Nativity scene,7569,00-0036554,4258173,Nico Collins,WR,HOU,1,WR,30.8,2026-10-10T01:45:23Z
2026,4,704757,Average Joes,14,14,Nativity scene,7611,00-0036875,4569173,Rhamondre Stevenson,RB,NE,1,RB,18.4,2026-10-10T01:45:23Z
2026,4,704757,Average Joes,14,14,Nativity scene,8112,00-0037238,4426502,Drake London,WR,ATL,1,WR,14.6,2026-10-10T01:45:23Z
2026,4,704757,Average Joes,14,14,Nativity scene,8155,00-0038120,4427366,Breece Hall,RB,NYJ,0,BN,0.0,2026-10-10T01:45:23Z
2026,4,704757,Average Joes,14,14,Nativity scene,9228,00-0039150,4685720,Bryce Young,QB,CAR,1,QB,21.46,2026-10-10T01:45:23Z
2026,4,704757,Average Joes,14,14,Nativity scene,9493,00-0039075,4426515,Puka Nacua,WR,LA,1,FLEX,27.7,2026-10-10T01:45:23Z
2026,4,704757,Average Joes,14,14,Nativity scene,9753,00-0039165,4426385,Zach Charbonnet,RB,SEA,0,IR,0.0,2026-10-10T01:45:23Z
2026,4,704757,Average Joes,14,14,Nativity scene,espn--16021,,-16021,Eagles D/ST,DEF,PHI,1,DEF,2.0,2026-10-10T01:45:23Z
2026,4,704757,Average Joes,14,14,Nativity scene,espn-3953687,,3953687,Brandon Aubrey,K,DAL,1,K,10.0,2026-10-10T01:45:23Z
2026,4,704757,Average Joes,15,15,coroxbro10,10222,00-0039146,4362249,Jayden Reed,WR,GB,0,BN,0.0,2026-10-10T01:45:23Z
2026,4,704757,Average Joes,15,15,coroxbro10,10229,00-0039067,4428331,Rashee Rice,WR,KC,1,WR,0.0,2026-10-10T01:45:23Z
2026,4,704757,Average Joes,15,15,coroxbro10,10236,00-0038933,4385690,Dalton Kincaid,TE,BUF,1,TE,1.7,2026-10-10T01:45:23Z
2026,4,704757,Average Joes,15,15,coroxbro10,12481,00-0040715,4696981,Cam Skattebo,RB,NYG,1,RB,7.6,2026-10-10T01:45:23Z
2026,4,704757,Average Joes,15,15,coroxbro10,12512,00-0040784,4685702,Quinshon Judkins,RB,CLE,0,BN,21.6,2026-10-10T01:45:23Z
2026,4,704757,Average Joes,15,15,coroxbro10,421,00-0026498,12483,Matthew Stafford,QB,LA,1,QB,9.68,2026-10-10T01:45:23Z
2026,4,704757,Average Joes,15,15,coroxbro10,4217,00-0033288,3040151,George Kittle,TE,SF,1,FLEX,17.0,2026-10-10T01:45:23Z
2026,4,704757,Average Joes,15,15,coroxbro10,5846,00-0035640,4047650,DK Metcalf,WR,PIT,0,BN,16.5,2026-10-10T01:45:23Z
2026,4,704757,Average Joes,15,15,coroxbro10,5850,00-0035700,4047365,Josh Jacobs,RB,GB,0,BN,0.0,2026-10-10T01:45:23Z
2026,4,704757,Average Joes,15,15,coroxbro10,5872,00-0035719,3126486,Deebo Samuel Sr.,WR,SF,1,WR,18.0,2026-10-10T01:45:23Z
2026,4,704757,Average Joes,15,15,coroxbro10,6794,00-0036322,4262921,Justin Jefferson,WR,MIN,0,BN,0.0,2026-10-10T01:45:23Z
2026,4,704757,Average Joes,15,15,coroxbro10,6806,00-0036158,4241985,J.K. Dobbins,RB,DEN,0,BN,7.2,2026-10-10T01:45:23Z
2026,4,704757,Average Joes,15,15,coroxbro10,8138,00-0037248,4379399,James Cook,RB,BUF,1,RB,16.3,2026-10-10T01:45:23Z
2026,4,704757,Average Joes,15,15,coroxbro10,8148,00-0037240,4426388,Jameson Williams,WR,DET,0,BN,16.2,2026-10-10T01:45:23Z
2026,4,704757,Average Joes,15,15,coroxbro10,espn--16026,,-16026,Seahawks D/ST,DEF,SEA,1,DEF,12.0,2026-10-10T01:45:23Z
2026,4,704757,Average Joes,15,15,coroxbro10,espn-4686361,,4686361,Cam Little,K,JAX,1,K,14.0,2026-10-10T01:45:23Z
2026,4,704757,Average Joes,16,16,espn90036700,11586,00-0039738,4429096,Blake Corum,RB,LA,0,BN,3.1,2026-10-10T01:45:23Z
2026,4,704757,Average Joes,16,16,espn90036700,11618,00-0039855,4430834,Jalen McMillan,WR,TB,0,IR,0.0,2026-10-10T01:45:23Z
2026,4,704757,Average Joes,16,16,espn90036700,12506,00-0040663,5083076,Harold Fannin Jr.,TE,CLE,1,TE,11.7,2026-10-10T01:45:23Z
2026,4,704757,Average Joes,16,16,espn90036700,3198,00-0032764,3043078,Derrick Henry,RB,BAL,1,FLEX,15.9,2026-10-10T01:45:23Z
2026,4,704757,Average Joes,16,16,espn90036700,6770,00-0036442,3915511,Joe Burrow,QB,CIN,0,BN,23.72,2026-10-10T01:45:23Z
2026,4,704757,Average Joes,16,16,espn90036700,6801,00-0036410,4239993,Tee Higgins,WR,CIN,0,BN,26.7,2026-10-10T01:45:23Z
2026,4,704757,Average Joes,16,16,espn90036700,7525,00-0036912,4241478,DeVonta Smith,WR,PHI,0,BN,0.0,2026-10-10T01:45:23Z
2026,4,704757,Average Joes,16,16,espn90036700,8121,00-0037816,4361432,Romeo Doubs,WR,NE,0,BN,23.8,2026-10-10T01:45:23Z
2026,4,704757,Average Joes,16,16,espn90036700,8151,00-0038134,4567048,Kenneth Walker III,RB,KC,1,RB,30.9,2026-10-10T01:45:23Z
2026,4,704757,Average Joes,16,16,espn90036700,8167,00-0038124,4248528,Christian Watson,WR,GB,1,WR,7.7,2026-10-10T01:45:23Z
2026,4,704757,Average Joes,16,16,espn90036700,8183,00-0037834,4361741,Brock Purdy,QB,SF,1,QB,19.62,2026-10-10T01:45:23Z
2026,4,704757,Average Joes,16,16,espn90036700,8228,00-0037228,4569987,Jaylen Warren,RB,PIT,1,RB,15.6,2026-10-10T01:45:23Z
2026,4,704757,Average Joes,16,16,espn90036700,9480,00-0038935,4430539,Brenton Strange,TE,JAX,0,BN,16.5,2026-10-10T01:45:23Z
2026,4,704757,Average Joes,16,16,espn90036700,9488,00-0038543,4430878,Jaxon Smith-Njigba,WR,SEA,1,WR,12.6,2026-10-10T01:45:23Z
2026,4,704757,Average Joes,16,16,espn90036700,espn--16014,,-16014,Rams D/ST,DEF,LA,1,DEF,7.0,2026-10-10T01:45:23Z
2026,4,704757,Average Joes,16,16,espn90036700,espn-2971573,,2971573,Ka'imi Fairbairn,K,HOU,1,K,16.0,2026-10-10T01:45:23Z
2026,4,704757,Average Joes,17,17,kmccloskey,11604,00-0039338,4432665,Brock Bowers,TE,LV,1,TE,20.6,2026-10-10T01:45:23Z
2026,4,704757,Average Joes,17,17,kmccloskey,11635,00-0039915,4612826,Ladd McConkey,WR,LAC,1,WR,0.0,2026-10-10T01:45:23Z
2026,4,704757,Average Joes,17,17,kmccloskey,12501,00-0040667,4701936,Matthew Golden,WR,GB,1,FLEX,11.7,2026-10-10T01:45:23Z
2026,4,704757,Average Joes,17,17,kmccloskey,12507,00-0040666,4685382,Omarion Hampton,RB,LAC,1,RB,13.3,2026-10-10T01:45:23Z
2026,4,704757,Average Joes,17,17,kmccloskey,12533,00-0040242,4575131,Jacory Croskey-Merritt,RB,WAS,0,BN,7.0,2026-10-10T01:45:23Z
2026,4,704757,Average Joes,17,17,kmccloskey,3163,00-0033106,3046779,Jared Goff,QB,DET,1,QB,20.48,2026-10-10T01:45:23Z
2026,4,704757,Average Joes,17,17,kmccloskey,5045,00-0034348,3128429,Courtland Sutton,WR,DEN,0,BN,1.4,2026-10-10T01:45:23Z
2026,4,704757,Average Joes,17,17,kmccloskey,5844,00-0035229,4036133,T.J. Hockenson,TE,MIN,0,BN,24.9,2026-10-10T01:45:23Z
2026,4,704757,Average Joes,17,17,kmccloskey,5927,00-0035659,3121422,Terry McLaurin,WR,WAS,0,BN,0.0,2026-10-10T01:45:23Z
2026,4,704757,Average Joes,17,17,kmccloskey,5967,00-0035261,3916148,Tony Pollard,RB,TEN,0,BN,13.0,2026-10-10T01:45:23Z
2026,4,704757,Average Joes,17,17,kmccloskey,6904,00-0036389,4040715,Jalen Hurts,QB,PHI,0,BN,13.52,2026-10-10T01:45:23Z
2026,4,704757,Average Joes,17,17,kmccloskey,7564,00-0036900,4362628,Ja'Marr Chase,WR,CIN,1,WR,5.7,2026-10-10T01:45:23Z
2026,4,704757,Average Joes,17,17,kmccloskey,8126,00-0038117,4569587,Wan'Dale Robinson,WR,TEN,0,BN,11.0,2026-10-10T01:45:23Z
2026,4,704757,Average Joes,17,17,kmccloskey,8150,00-0037840,4430737,Kyren Williams,RB,LA,1,RB,36.7,2026-10-10T01:45:23Z
2026,4,704757,Average Joes,17,17,kmccloskey,espn--16002,,-16002,Bills D/ST,DEF,BUF,1,DEF,1.0,2026-10-10T01:45:23Z
2026,4,704757,Average Joes,17,17,kmccloskey,espn-4574716,,4574716,Harrison Mevis,K,LA,1,K,6.0,2026-10-10T01:45:23Z
