season,week,game_id,kickoff_utc,gsis_id,name,position,team,opponent,report_status,pts_model,pts_model_components,pts_gooma-s-family-league,pts_james-gregg-espn,pts_we-can-think-of-something-funny,pts_where-you-at,p10,p50,p90,p10_we-can-think-of-something-funny,p90_we-can-think-of-something-funny,p10_where-you-at,p90_where-you-at,sleeper_proj,sleeper_proj_gooma-s-family-league,sleeper_proj_james-gregg-espn,sleeper_proj_we-can-think-of-something-funny,sleeper_proj_where-you-at,e_pts_gooma-s-family-league,e_pts_james-gregg-espn,e_pts_we-can-think-of-something-funny,e_pts_where-you-at,served_at,practice_status
2026,4,2026_04_PIT_CLE,2026-10-02T00:15:00+00:00,00-0023459,Aaron Rodgers,QB,PIT,CLE,,13.817,14.314,14.314,14.314,14.97,14.345,3.727,13.035,23.403,5.186,23.904,3.637,23.077,13.7,13.53,13.53,13.89,13.53,13.5,13.5,14.1,13.5,2026-10-01T22:51:44Z,
2026,4,2026_04_JAX_CIN,2026-10-04T17:00:00+00:00,00-0026158,Joe Flacco,QB,CIN,JAX,,6.841,5.102,5.102,5.102,5.322,5.077,-1.064,6.855,19.36,-0.86,20.672,-1.127,19.445,,0.0,0.0,0.0,0.0,0.0,0.0,0.0,0.0,2026-10-03T01:13:26Z,
2026,4,2026_04_LA_PHI,2026-10-04T17:00:00+00:00,00-0026498,Matthew Stafford,QB,LA,PHI,,17.223,17.865,17.865,17.865,18.632,17.875,7.459,17.808,28.234,8.728,28.355,7.369,28.361,16.37,15.89,15.89,16.49,15.89,18.0,18.0,19.7,18.0,2026-10-03T01:13:26Z,
2026,4,2026_04_LA_PHI,2026-10-04T17:00:00+00:00,00-0027973,Andy Dalton,QB,PHI,LA,,3.662,5.421,5.421,5.421,5.798,5.425,-0.971,0.595,12.606,-0.75,11.596,-1.165,13.549,,0.0,0.0,0.0,0.0,0.1,0.1,0.3,0.1,2026-10-03T01:13:26Z,
2026,4,2026_04_GB_TB,2026-10-04T17:00:00+00:00,00-0028118,Tyrod Taylor,QB,GB,TB,,5.362,4.785,4.785,4.785,4.959,4.727,-1.402,3.962,15.45,-1.163,17.359,-1.485,16.117,,0.0,0.0,0.0,0.0,0.0,0.0,0.0,0.0,2026-10-03T01:13:26Z,
2026,4,2026_04_NYJ_CHI,2026-10-04T17:00:00+00:00,00-0028986,Case Keenum,QB,CHI,NYJ,,15.786,14.974,14.974,14.974,15.63,14.841,4.713,14.969,24.764,6.379,25.941,4.219,24.542,,0.0,0.0,0.0,0.0,5.8,5.8,5.8,5.8,2026-10-03T01:13:26Z,
2026,4,2026_04_KC_LV,2026-10-04T20:25:00+00:00,00-0029604,Kirk Cousins,QB,LV,KC,,15.431,15.607,15.607,15.607,16.524,15.609,4.979,14.77,24.867,5.935,25.821,4.779,25.231,15.05,14.67,14.67,15.17,14.67,14.8,14.8,15.5,14.8,2026-10-03T01:13:26Z,
2026,4,2026_04_LA_PHI,2026-10-04T17:00:00+00:00,00-0030061,Zach Ertz,TE,PHI,LA,,4.353,4.728,4.728,4.728,5.715,3.742,-0.002,2.82,11.727,0.103,13.31,0.038,11.367,4.59,4.61,4.61,5.62,3.6,5.1,5.1,6.4,3.9,2026-10-03T01:13:26Z,
2026,4,2026_04_IND_WAS,2026-10-04T13:30:00+00:00,00-0030279,Keenan Allen,WR,IND,WAS,,10.156,10.447,10.447,10.447,10.447,8.562,2.107,8.576,18.846,2.08,19.724,1.436,16.705,8.73,8.72,8.72,8.72,7.06,10.3,10.3,10.3,8.2,2026-10-03T01:13:26Z,
2026,4,2026_04_KC_LV,2026-10-04T20:25:00+00:00,00-0030506,Travis Kelce,TE,KC,LV,,12.44,12.36,12.36,12.36,14.643,10.077,3.597,11.47,22.316,3.713,24.687,2.933,18.611,11.76,11.77,11.77,14.03,9.51,15.5,15.5,18.5,13.0,2026-10-03T01:13:26Z,
2026,4,2026_04_NYJ_CHI,2026-10-04T17:00:00+00:00,00-0030565,Geno Smith,QB,NYJ,CHI,,14.842,14.676,14.676,14.676,15.37,14.688,5.092,14.113,24.062,5.718,24.202,4.645,23.992,14.78,13.85,13.85,14.98,13.85,15.4,15.4,16.3,15.4,2026-10-03T01:13:26Z,
2026,4,2026_04_DEN_SF,2026-10-04T20:25:00+00:00,00-0031236,Brandin Cooks,WR,SF,DEN,,3.477,4.248,4.248,4.248,4.255,3.438,-0.115,2.226,12.182,-0.141,13.237,-0.071,10.75,0.96,0.95,0.95,0.95,0.79,0.9,0.9,0.9,0.7,2026-10-03T01:13:26Z,
2026,4,2026_04_LA_PHI,2026-10-04T17:00:00+00:00,00-0031381,Davante Adams,WR,LA,PHI,,16.65,16.299,16.299,16.299,16.299,13.424,6.794,15.422,28.155,7.102,26.933,5.268,23.767,14.69,14.7,14.7,14.7,12.52,19.3,19.3,20.0,16.5,2026-10-03T01:13:26Z,
2026,4,2026_04_DEN_SF,2026-10-04T20:25:00+00:00,00-0031408,Mike Evans,WR,SF,DEN,,10.089,11.124,11.124,11.124,11.124,9.247,2.157,9.642,18.818,2.376,19.393,1.673,16.208,14.0,13.98,13.98,13.98,11.88,12.5,12.5,12.5,10.5,2026-10-03T01:13:26Z,
2026,4,2026_04_ARI_NYG,2026-10-04T17:00:00+00:00,00-0031484,Chris Manhertz,TE,NYG,ARI,,1.024,0.61,0.61,0.61,0.724,0.5,-0.001,0.076,3.038,-0.04,3.563,0.0,2.131,0.31,0.3,0.3,0.35,0.24,0.3,0.3,0.4,0.3,2026-10-03T01:13:26Z,
2026,4,2026_04_ARI_NYG,2026-10-04T17:00:00+00:00,00-0031503,Jameis Winston,QB,NYG,ARI,,12.928,12.844,12.844,12.844,13.558,12.832,1.808,11.048,22.219,2.594,24.006,1.375,21.213,15.31,14.82,14.82,15.55,14.82,9.7,9.7,10.3,9.7,2026-10-03T01:13:26Z,
2026,4,2026_04_IND_WAS,2026-10-04T13:30:00+00:00,00-0031588,Stefon Diggs,WR,WAS,IND,,11.044,11.335,11.335,11.335,11.336,9.146,3.082,10.152,19.523,3.497,20.669,2.56,16.96,12.05,12.05,12.05,12.05,9.98,13.8,13.8,13.8,11.7,2026-10-03T01:13:26Z,
2026,4,2026_04_DET_CAR,2026-10-05T00:20:00+00:00,00-0031610,Darren Waller,TE,CAR,DET,,7.376,6.626,6.626,6.626,7.886,5.365,0.917,6.626,16.985,1.191,18.157,0.939,14.477,9.39,9.34,9.34,11.05,7.62,11.4,11.4,13.3,9.5,2026-10-03T01:13:26Z,
2026,4,2026_04_JAX_CIN,2026-10-04T17:00:00+00:00,00-0032104,Ameer Abdullah,RB,JAX,CIN,,3.185,3.273,3.273,3.273,3.274,2.904,-0.027,1.671,8.685,0.006,8.103,-0.016,7.988,2.91,2.92,2.92,2.92,2.53,2.5,2.5,2.5,2.2,2026-10-03T01:13:26Z,
2026,4,2026_04_IND_WAS,2026-10-04T13:30:00+00:00,00-0032268,Marcus Mariota,QB,WAS,IND,,13.0,13.762,13.762,13.762,14.384,13.705,2.611,11.656,23.263,3.209,23.669,2.161,23.274,16.41,16.02,16.02,16.63,16.02,14.7,14.7,15.0,14.7,2026-10-03T01:13:26Z,
2026,4,2026_04_NYJ_CHI,2026-10-04T17:00:00+00:00,00-0032385,Sterling Shepard,WR,NYJ,CHI,,3.78,3.359,3.359,3.359,3.359,2.694,0.018,2.207,10.248,-0.004,10.873,0.012,8.615,4.6,4.58,4.58,4.58,3.62,3.7,3.7,3.7,2.9,2026-10-03T01:13:26Z,
2026,4,2026_04_ATL_NO,2026-10-06T00:15:00+00:00,00-0032392,Austin Hooper,TE,ATL,NO,,3.104,3.326,3.326,3.326,3.967,2.684,-0.025,2.171,8.159,-0.071,9.444,-0.002,7.635,2.63,2.62,2.62,3.08,2.17,4.1,4.1,4.8,3.4,2026-10-03T01:13:26Z,
2026,4,2026_04_TEN_BAL,2026-10-04T17:00:00+00:00,00-0032398,Chris Moore,WR,BAL,TEN,,4.434,4.602,4.602,4.602,4.602,3.814,-0.003,2.708,11.102,-0.041,10.924,-0.034,9.63,1.91,1.9,1.9,1.9,1.62,3.6,3.6,3.6,3.2,2026-10-03T01:13:26Z,
2026,4,2026_04_NYJ_CHI,2026-10-04T17:00:00+00:00,00-0032464,Kalif Raymond,WR,CHI,NYJ,,9.335,9.218,9.218,9.218,9.218,7.51,2.413,9.153,19.196,2.917,20.285,1.992,16.775,9.72,9.72,9.72,9.72,7.87,12.0,12.0,12.0,9.6,2026-10-03T01:13:26Z,
2026,4,2026_04_TEN_BAL,2026-10-04T17:00:00+00:00,00-0032764,Derrick Henry,RB,BAL,TEN,,18.995,19.052,19.052,19.052,19.055,18.304,9.464,17.127,30.349,8.326,29.938,8.086,28.723,19.55,19.55,19.55,21.55,18.93,22.7,22.7,24.1,22.0,2026-10-03T01:13:26Z,
2026,4,2026_04_MIA_MIN,2026-10-04T20:05:00+00:00,00-0032950,Carson Wentz,QB,MIN,MIA,,13.983,13.884,13.884,13.884,14.448,13.924,2.86,13.613,23.865,3.882,24.854,2.259,23.032,,0.0,0.0,0.0,0.0,2.9,2.9,3.0,2.9,2026-10-03T01:13:26Z,
2026,4,2026_04_IND_WAS,2026-10-04T13:30:00+00:00,00-0032951,Laquon Treadwell,WR,IND,WAS,,3.912,3.745,3.745,3.745,3.751,3.18,-0.063,2.951,10.175,0.012,10.489,-0.076,8.781,5.02,5.04,5.04,5.04,4.28,5.1,5.1,5.1,4.3,2026-10-03T01:13:26Z,
2026,4,2026_04_DAL_HOU,2026-10-04T17:00:00+00:00,00-0033077,Dak Prescott,QB,DAL,HOU,,18.329,17.436,17.436,17.436,18.185,17.443,7.786,18.272,28.555,8.879,29.544,7.36,28.67,18.22,17.47,17.47,18.36,17.47,20.7,20.7,21.4,20.7,2026-10-03T01:13:26Z,
2026,4,2026_04_NE_BUF,2026-10-04T17:00:00+00:00,00-0033090,Hunter Henry,TE,NE,BUF,,7.791,7.314,7.314,7.314,8.841,5.787,0.766,7.376,15.852,1.021,19.156,0.653,12.785,9.65,9.62,9.62,11.61,7.63,6.8,6.8,8.3,5.3,2026-10-03T01:13:26Z,
2026,4,2026_04_DET_CAR,2026-10-05T00:20:00+00:00,00-0033106,Jared Goff,QB,DET,CAR,,20.105,19.987,19.987,19.987,20.695,19.994,7.933,18.343,30.608,9.002,31.017,8.111,30.683,17.36,16.71,16.71,17.53,16.71,20.3,20.3,21.1,20.3,2026-10-03T01:13:26Z,
2026,4,2026_04_LA_PHI,2026-10-04T17:00:00+00:00,00-0033110,Tyler Higbee,TE,LA,PHI,,6.329,6.474,6.474,6.474,7.639,5.311,0.744,5.099,14.887,0.597,16.292,0.507,11.967,6.61,6.61,6.61,7.89,5.32,7.5,7.5,9.0,6.1,2026-10-03T01:13:26Z,
2026,4,2026_04_ARI_NYG,2026-10-04T17:00:00+00:00,00-0033119,Jacoby Brissett,QB,ARI,NYG,,16.447,15.719,15.719,15.719,16.339,15.726,7.35,16.169,26.613,9.333,26.88,7.541,26.126,15.81,15.59,15.59,15.98,15.59,16.0,16.0,16.4,16.0,2026-10-03T01:13:26Z,
2026,4,2026_04_IND_WAS,2026-10-04T13:30:00+00:00,00-0033217,Mo Alie-Cox,TE,IND,WAS,,1.166,1.15,1.15,1.15,1.413,0.889,0.0,0.569,3.167,-0.002,2.942,0.0,2.728,1.05,1.07,1.07,1.25,0.89,2.6,2.6,3.1,2.2,2026-10-03T01:13:26Z,
2026,4,2026_04_LA_PHI,2026-10-04T17:00:00+00:00,00-0033246,Johnny Mundt,TE,PHI,LA,,2.066,2.368,2.368,2.368,2.864,1.873,-0.021,1.15,4.904,-0.018,6.289,-0.006,4.683,3.03,3.05,3.05,3.73,2.37,2.4,2.4,3.1,1.8,2026-10-03T01:13:26Z,
2026,4,2026_04_DEN_SF,2026-10-04T20:25:00+00:00,00-0033280,Christian McCaffrey,RB,SF,DEN,,20.922,21.754,21.754,21.754,21.764,19.302,8.633,19.787,31.456,9.081,31.73,7.876,29.381,18.72,18.76,18.76,18.76,16.57,20.9,20.9,20.9,18.5,2026-10-03T01:13:26Z,
2026,4,2026_04_DEN_SF,2026-10-04T20:25:00+00:00,00-0033288,George Kittle,TE,SF,DEN,,13.321,11.761,11.761,11.761,14.018,9.504,4.462,13.144,23.433,5.394,25.25,3.42,19.467,11.95,11.89,11.89,14.06,9.72,14.3,14.3,16.4,12.1,2026-10-03T01:13:26Z,
2026,4,2026_04_MIA_MIN,2026-10-04T20:05:00+00:00,00-0033293,Aaron Jones,RB,MIN,MIA,,12.577,16.0,16.0,16.0,16.001,14.79,3.569,12.039,24.251,3.71,24.827,3.206,22.553,15.06,15.12,15.12,15.12,13.78,14.7,14.7,15.1,13.5,2026-10-03T01:13:26Z,
2026,4,2026_04_ARI_NYG,2026-10-04T17:00:00+00:00,00-0033307,Kendrick Bourne,WR,ARI,NYG,,6.133,6.264,6.264,6.264,6.264,5.095,0.113,4.828,14.193,0.21,15.042,-0.015,12.255,5.99,5.97,5.97,5.97,4.71,7.1,7.1,7.1,5.4,2026-10-03T01:13:26Z,
2026,4,2026_04_JAX_CIN,2026-10-04T17:00:00+00:00,00-0033319,Nick Mullens,QB,JAX,CIN,,1.854,1.901,1.901,1.901,2.022,1.889,-1.143,0.416,6.9,-0.875,7.535,-1.129,8.283,,0.0,0.0,0.0,0.0,0.0,0.0,0.0,0.0,2026-10-03T01:13:26Z,
2026,4,2026_04_ARI_NYG,2026-10-04T17:00:00+00:00,00-0033376,Patrick Ricard,RB,NYG,ARI,,0.942,1.896,1.896,1.896,1.896,1.639,-0.057,0.244,5.492,-0.063,4.512,-0.066,4.154,0.13,0.16,0.16,0.16,0.13,0.1,0.1,0.1,0.1,2026-10-03T01:13:26Z,
2026,4,2026_04_JAX_CIN,2026-10-04T17:00:00+00:00,00-0033526,Samaje Perine,RB,CIN,JAX,,5.725,5.82,5.82,5.82,5.82,4.942,0.482,4.511,11.485,0.481,12.785,0.415,9.999,6.28,6.29,6.29,6.29,5.44,5.1,5.1,5.1,4.3,2026-10-03T01:13:26Z,
2026,4,2026_04_PIT_CLE,2026-10-02T00:15:00+00:00,00-0033537,Deshaun Watson,QB,CLE,PIT,,15.02,16.73,16.73,16.73,17.284,16.677,3.973,14.845,25.055,5.372,26.055,3.854,24.967,14.91,14.11,14.11,15.1,14.11,15.0,15.0,15.5,15.0,2026-10-01T22:51:44Z,
2026,4,2026_04_NE_BUF,2026-10-04T17:00:00+00:00,00-0033555,Mack Hollins,WR,NE,BUF,,8.532,8.447,8.447,8.447,8.447,6.842,1.779,7.237,17.853,1.931,18.66,1.266,15.612,8.86,8.87,8.87,8.87,7.14,9.8,9.8,9.8,7.8,2026-10-03T01:13:26Z,
2026,4,2026_04_LAC_SEA,2026-10-04T20:25:00+00:00,00-0033576,Eric Saubert,TE,SEA,LAC,,1.604,1.741,1.741,1.741,2.099,1.383,-0.016,0.323,4.612,-0.002,4.944,-0.012,3.934,0.44,0.45,0.45,0.53,0.36,1.6,1.6,1.8,1.4,2026-10-03T01:13:26Z,
2026,4,2026_04_DET_CAR,2026-10-05T00:20:00+00:00,00-0033589,David Moore,WR,CAR,DET,,1.492,1.64,1.64,1.64,1.641,1.37,-0.016,0.08,5.435,-0.016,5.502,-0.017,4.981,1.43,1.42,1.42,1.42,1.19,1.4,1.4,1.4,1.2,2026-10-03T01:13:26Z,
2026,4,2026_04_ATL_NO,2026-10-06T00:15:00+00:00,00-0033662,Cooper Rush,QB,ATL,NO,,5.039,7.691,7.691,7.691,8.282,7.707,-1.206,3.483,15.132,-0.731,15.203,-0.909,15.055,,0.0,0.0,0.0,0.0,0.3,0.3,0.8,0.3,2026-10-03T01:13:26Z,
2026,4,2026_04_IND_WAS,2026-10-04T13:30:00+00:00,00-0033699,Austin Ekeler,RB,WAS,IND,,4.967,5.712,5.712,5.712,5.713,4.865,0.671,3.961,11.507,0.592,13.097,0.288,10.119,4.97,5.02,5.02,5.02,4.37,5.5,5.5,5.5,4.8,2026-10-03T01:13:26Z,
2026,4,2026_04_PIT_CLE,2026-10-02T00:15:00+00:00,00-0033757,Robert Tonyan,TE,PIT,CLE,,0.527,0.572,0.572,0.572,0.685,0.469,-0.006,-0.005,1.0,-0.007,1.709,0.0,1.083,0.07,0.06,0.06,0.07,0.04,0.2,0.2,0.3,0.1,2026-10-01T22:51:44Z,
2026,4,2026_04_DAL_HOU,2026-10-04T17:00:00+00:00,00-0033854,Dare Ogunbowale,RB,HOU,DAL,,1.064,1.323,1.323,1.323,1.323,1.17,-0.117,-0.018,4.106,-0.068,4.543,-0.047,3.612,0.61,0.57,0.57,0.57,0.45,0.6,0.6,0.6,0.5,2026-10-03T01:13:26Z,
2026,4,2026_04_GB_TB,2026-10-04T17:00:00+00:00,00-0033858,Jonnu Smith,TE,GB,TB,,3.264,3.097,3.097,3.097,3.77,2.425,-0.02,2.374,8.914,-0.024,10.133,-0.025,8.191,3.36,3.35,3.35,4.09,2.61,3.6,3.6,4.4,2.9,2026-10-03T01:13:26Z,
2026,4,2026_04_TEN_BAL,2026-10-04T17:00:00+00:00,00-0033869,Mitchell Trubisky,QB,TEN,BAL,,4.34,4.517,4.517,4.517,4.859,4.454,-1.554,2.097,14.727,-1.356,16.198,-1.522,15.074,,0.0,0.0,0.0,0.0,0.0,0.0,0.0,0.0,2026-10-03T01:13:26Z,
2026,4,2026_04_KC_LV,2026-10-04T20:25:00+00:00,00-0033873,Patrick Mahomes,QB,KC,LV,,19.686,19.012,19.012,19.012,19.733,19.014,6.704,19.814,30.32,8.553,31.35,6.463,31.03,21.22,21.0,21.0,21.4,21.0,20.8,20.8,21.6,20.8,2026-10-03T01:13:26Z,
2026,4,2026_04_DEN_SF,2026-10-04T20:25:00+00:00,00-0033881,Evan Engram,TE,DEN,SF,,5.749,5.46,5.46,5.46,6.649,4.272,0.296,4.768,11.056,0.575,14.112,0.222,9.219,5.65,5.63,5.63,6.77,4.49,5.4,5.4,6.4,4.5,2026-10-03T01:13:26Z,
2026,4,2026_04_ATL_NO,2026-10-06T00:15:00+00:00,00-0033906,Alvin Kamara,RB,NO,ATL,,7.156,8.682,8.682,8.682,8.682,7.687,0.898,5.859,14.463,0.932,16.135,0.751,12.882,9.97,10.02,10.02,10.02,8.79,7.0,7.0,7.0,5.8,2026-10-03T01:13:26Z,
2026,4,2026_04_LAC_SEA,2026-10-04T20:25:00+00:00,00-0033908,Cooper Kupp,WR,SEA,LAC,,6.986,6.549,6.549,6.549,6.549,5.35,1.128,5.733,14.608,1.03,15.731,0.613,12.403,6.29,6.25,6.25,6.25,5.16,7.3,7.3,7.3,6.1,2026-10-03T01:13:26Z,
2026,4,2026_04_GB_TB,2026-10-04T17:00:00+00:00,00-0033921,Chris Godwin Jr.,WR,TB,GB,,6.543,6.39,6.39,6.39,6.391,5.024,0.418,5.987,16.173,0.535,15.785,0.369,12.847,8.93,8.94,8.94,8.94,7.18,8.7,8.7,8.7,6.9,2026-10-03T01:13:26Z,
2026,4,2026_04_DET_CAR,2026-10-05T00:20:00+00:00,00-0033949,Joshua Dobbs,QB,DET,CAR,,1.568,1.919,1.919,1.919,2.036,1.866,-1.375,0.468,8.874,-1.005,10.135,-1.2,9.503,,0.0,0.0,0.0,0.0,0.0,0.0,0.0,0.0,2026-10-03T01:13:26Z,
2026,4,2026_04_DET_CAR,2026-10-05T00:20:00+00:00,00-0034270,Tyler Conklin,TE,DET,CAR,,0.487,0.566,0.566,0.566,0.671,0.464,-0.002,0.002,1.143,-0.006,1.279,0.0,0.629,,0.0,0.0,0.0,0.0,0.0,0.0,0.0,0.0,2026-10-03T01:13:26Z,
2026,4,2026_04_LAC_SEA,2026-10-04T20:25:00+00:00,00-0034272,Marquez Valdes-Scantling,WR,LAC,SEA,,1.521,1.697,1.697,1.697,1.695,1.376,-0.038,0.139,5.732,-0.014,4.831,-0.01,5.104,1.42,1.4,1.4,1.4,1.14,2.0,2.0,2.0,1.5,2026-10-03T01:13:26Z,
2026,4,2026_04_DEN_SF,2026-10-04T20:25:00+00:00,00-0034348,Courtland Sutton,WR,DEN,SF,,10.194,9.859,9.859,9.859,9.86,8.068,2.225,9.325,18.935,2.288,19.589,1.433,15.915,10.04,10.05,10.05,10.05,8.41,7.3,7.3,7.3,5.9,2026-10-03T01:13:26Z,
2026,4,2026_04_KC_LV,2026-10-04T20:25:00+00:00,00-0034365,Ian Thomas,TE,LV,KC,,1.004,0.752,0.752,0.752,0.924,0.581,-0.008,0.063,2.68,0.002,4.088,0.002,2.149,0.49,0.48,0.48,0.59,0.36,1.0,1.0,1.3,0.8,2026-10-03T01:13:26Z,
2026,4,2026_04_DAL_HOU,2026-10-04T17:00:00+00:00,00-0034383,Dalton Schultz,TE,HOU,DAL,,10.916,11.053,11.053,11.053,13.289,8.816,3.021,10.03,19.729,3.446,21.091,2.295,17.274,10.5,10.52,10.52,12.71,8.33,12.6,12.6,15.9,9.8,2026-10-03T01:13:26Z,
2026,4,2026_04_ARI_NYG,2026-10-04T17:00:00+00:00,00-0034419,Braxton Berrios,WR,NYG,ARI,,0.966,0.907,0.907,0.907,0.909,0.756,0.0,0.041,3.888,0.0,3.617,0.0,3.156,0.4,0.37,0.37,0.37,0.3,0.2,0.2,0.2,0.2,2026-10-03T01:13:26Z,
2026,4,2026_04_NE_BUF,2026-10-04T17:00:00+00:00,00-0034577,Kyle Allen,QB,BUF,NE,,1.18,1.317,1.317,1.317,1.432,1.273,-1.453,0.058,6.659,-1.005,8.571,-1.189,7.699,,0.0,0.0,0.0,0.0,0.0,0.0,0.0,0.0,2026-10-03T01:13:26Z,
2026,4,2026_04_JAX_CIN,2026-10-04T17:00:00+00:00,00-0034613,Tanner Hudson,TE,CIN,JAX,,2.084,2.07,2.07,2.07,2.526,1.614,-0.001,0.927,6.309,-0.001,6.906,0.003,5.342,1.69,1.67,1.67,2.06,1.28,1.9,1.9,2.4,1.5,2026-10-03T01:13:26Z,
2026,4,2026_04_TEN_BAL,2026-10-04T17:00:00+00:00,00-0034753,Mark Andrews,TE,BAL,TEN,,8.448,8.746,8.746,8.746,10.438,7.053,2.331,7.014,16.088,2.561,18.148,1.563,13.364,9.73,9.75,9.75,11.55,7.95,8.3,8.3,10.1,6.5,2026-10-03T01:13:26Z,
2026,4,2026_04_PIT_CLE,2026-10-02T00:15:00+00:00,00-0034771,Mason Rudolph,QB,PIT,CLE,,2.543,3.844,3.844,3.844,4.019,3.843,-1.337,0.249,10.169,-0.762,10.531,-1.248,11.216,,0.0,0.0,0.0,0.0,0.5,0.5,0.7,0.5,2026-10-01T22:51:44Z,
2026,4,2026_04_TEN_BAL,2026-10-04T17:00:00+00:00,00-0034796,Lamar Jackson,QB,BAL,TEN,,19.719,18.822,18.822,18.822,19.367,18.805,8.437,18.907,29.941,9.076,29.941,8.176,30.047,21.71,21.48,21.48,21.8,21.48,18.6,18.6,19.2,18.6,2026-10-03T01:13:26Z,
2026,4,2026_04_TEN_BAL,2026-10-04T17:00:00+00:00,00-0034798,Durham Smythe,TE,BAL,TEN,,1.824,1.598,1.598,1.598,1.939,1.258,-0.009,0.784,5.635,-0.04,6.681,0.007,4.1,0.78,0.81,0.81,0.98,0.65,0.7,0.7,0.8,0.5,2026-10-03T01:13:26Z,
2026,4,2026_04_NE_BUF,2026-10-04T17:00:00+00:00,00-0034827,DJ Moore,WR,BUF,NE,,10.246,9.963,9.963,9.963,9.963,8.22,2.139,9.548,19.642,1.84,20.389,1.628,17.371,14.04,13.99,13.99,13.99,11.86,12.7,12.7,13.0,10.7,2026-10-03T01:13:26Z,
2026,4,2026_04_JAX_CIN,2026-10-04T17:00:00+00:00,00-0034829,Mike Gesicki,TE,CIN,JAX,,6.143,5.018,5.018,5.018,6.034,4.002,0.562,6.044,14.629,0.682,16.904,0.491,12.744,8.01,8.03,8.03,9.52,6.53,8.3,8.3,9.7,6.8,2026-10-03T01:13:26Z,
2026,4,2026_04_TEN_BAL,2026-10-04T17:00:00+00:00,00-0034837,Calvin Ridley,WR,TEN,BAL,,2.896,3.015,3.015,3.015,3.015,2.395,-0.032,1.457,8.508,-0.015,8.507,-0.053,6.31,2.8,2.8,2.8,2.8,2.3,2.9,2.9,2.9,2.3,2026-10-03T01:13:26Z,
2026,4,2026_04_LA_PHI,2026-10-04T17:00:00+00:00,00-0034844,Saquon Barkley,RB,PHI,LA,,11.01,12.474,12.474,12.474,12.489,11.373,4.46,10.508,19.513,3.941,20.201,3.567,17.807,14.65,14.74,14.74,14.74,13.79,10.5,10.5,10.5,9.8,2026-10-03T01:13:26Z,
2026,4,2026_04_NE_BUF,2026-10-04T17:00:00+00:00,00-0034857,Josh Allen,QB,BUF,NE,,22.549,23.135,23.135,23.135,23.84,23.01,8.923,20.492,33.152,10.023,34.469,8.86,33.553,23.65,23.25,23.25,23.71,23.25,25.2,25.2,26.1,25.2,2026-10-03T01:13:26Z,
2026,4,2026_04_LAC_SEA,2026-10-04T20:25:00+00:00,00-0034869,Sam Darnold,QB,SEA,LAC,,12.665,11.601,11.601,11.601,12.183,11.582,1.646,12.319,22.937,2.319,23.813,1.617,23.467,17.0,15.95,15.95,17.19,15.95,15.5,15.5,16.8,15.5,2026-10-03T01:13:26Z,
2026,4,2026_04_NYJ_CHI,2026-10-04T17:00:00+00:00,00-0034959,Andrew Beck,TE,NYJ,CHI,,1.234,1.179,1.179,1.179,1.376,0.995,-0.188,-0.023,5.792,-0.115,6.645,-0.069,4.616,,0.0,0.0,0.0,0.0,0.0,0.0,0.0,0.0,2026-10-03T01:13:26Z,
2026,4,2026_04_JAX_CIN,2026-10-04T17:00:00+00:00,00-0034960,Jakobi Meyers,WR,JAX,CIN,,10.348,10.672,10.672,10.672,10.672,8.739,2.123,9.502,20.863,1.99,21.553,1.407,17.509,9.87,9.9,9.9,9.9,8.07,10.8,10.8,10.8,9.0,2026-10-03T01:13:26Z,
2026,4,2026_04_TEN_BAL,2026-10-04T17:00:00+00:00,00-0034975,Justice Hill,RB,BAL,TEN,,5.572,4.631,4.631,4.631,4.632,3.983,0.19,3.86,12.899,0.29,12.843,0.216,11.201,6.72,6.72,6.72,6.72,5.86,5.3,5.3,5.3,4.6,2026-10-03T01:13:26Z,
2026,4,2026_04_DAL_HOU,2026-10-04T17:00:00+00:00,00-0034981,Foster Moreau,TE,HOU,DAL,,4.89,4.185,4.185,4.185,5.082,3.289,0.114,3.845,12.753,0.04,13.821,0.05,10.037,3.43,3.44,3.44,4.1,2.79,5.0,5.0,5.9,4.1,2026-10-03T01:13:26Z,
2026,4,2026_04_IND_WAS,2026-10-04T13:30:00+00:00,00-0035021,Ashton Dulin,WR,IND,WAS,,0.892,1.479,1.479,1.479,1.48,1.265,-0.003,0.007,3.238,-0.093,4.107,-0.124,2.376,1.12,1.09,1.09,1.09,0.94,1.2,1.2,1.2,1.1,2026-10-03T01:13:26Z,
2026,4,2026_04_ATL_NO,2026-10-06T00:15:00+00:00,00-0035208,Olamide Zaccheaus,WR,ATL,NO,,3.002,3.599,3.599,3.599,3.6,2.952,0.002,1.963,9.568,0.004,9.29,-0.006,8.332,2.99,2.99,2.99,2.99,2.48,2.4,2.4,2.4,1.8,2026-10-03T01:13:26Z,
2026,4,2026_04_MIA_MIN,2026-10-04T20:05:00+00:00,00-0035228,Kyler Murray,QB,MIN,MIA,,10.048,11.472,11.472,11.472,11.92,11.382,0.186,9.438,22.41,1.397,22.552,0.778,21.862,17.85,17.47,17.47,18.01,17.47,16.1,16.1,16.7,16.1,2026-10-03T01:13:26Z,
2026,4,2026_04_MIA_MIN,2026-10-04T20:05:00+00:00,00-0035229,T.J. Hockenson,TE,MIN,MIA,,8.645,9.44,9.44,9.44,11.2,7.68,1.083,7.616,16.459,1.657,20.268,0.848,14.748,9.8,9.77,9.77,11.77,7.78,9.0,9.0,10.9,7.2,2026-10-03T01:13:26Z,
2026,4,2026_04_ARI_NYG,2026-10-04T17:00:00+00:00,00-0035250,Devin Singletary,RB,NYG,ARI,,5.009,5.709,5.709,5.709,5.71,4.938,0.56,4.261,12.113,0.375,12.147,0.22,10.388,1.16,1.17,1.17,1.17,1.04,2.8,2.8,2.8,2.5,2026-10-03T01:13:26Z,
2026,4,2026_04_TEN_BAL,2026-10-04T17:00:00+00:00,00-0035261,Tony Pollard,RB,TEN,BAL,,10.4,11.925,11.925,11.925,11.925,10.823,3.98,9.376,18.647,3.859,18.808,3.17,17.772,9.48,9.56,9.56,9.56,8.71,9.2,9.2,9.2,8.2,2026-10-03T01:13:26Z,
2026,4,2026_04_DEN_SF,2026-10-04T20:25:00+00:00,00-0035264,Jarrett Stidham,QB,DEN,SF,,1.574,1.607,1.607,1.607,1.84,1.556,-1.34,0.242,7.926,-1.029,9.412,-1.204,8.051,,0.0,0.0,0.0,0.0,0.0,0.0,0.0,0.0,2026-10-03T01:13:26Z,
2026,4,2026_04_ARI_NYG,2026-10-04T17:00:00+00:00,00-0035289,Gardner Minshew,QB,ARI,NYG,,1.346,1.085,1.085,1.085,1.187,1.039,-1.341,0.064,7.373,-1.021,8.706,-1.199,8.112,,0.0,0.0,0.0,0.0,0.0,0.0,0.0,0.0,2026-10-03T01:13:26Z,
2026,4,2026_04_KC_LV,2026-10-04T20:25:00+00:00,00-0035345,Chris Myarick,TE,LV,KC,,0.374,0.467,0.467,0.467,0.542,0.394,0.0,0.001,1.141,0.0,1.41,-0.01,0.842,,0.0,0.0,0.0,0.0,0.0,0.0,0.0,0.0,2026-10-03T01:13:26Z,
2026,4,2026_04_DEN_SF,2026-10-04T20:25:00+00:00,00-0035406,Lil'Jordan Humphrey,WR,DEN,SF,,1.445,1.745,1.745,1.745,1.745,1.425,-0.003,0.024,5.492,-0.123,4.836,-0.029,4.757,,0.0,0.0,0.0,0.0,0.5,0.5,0.5,0.4,2026-10-03T01:13:26Z,
2026,4,2026_04_NE_BUF,2026-10-04T17:00:00+00:00,00-0035500,Greg Dortch,WR,BUF,NE,,1.35,1.062,1.062,1.062,1.064,0.885,-0.002,0.116,4.255,-0.008,4.114,-0.008,3.639,0.2,0.21,0.21,0.21,0.19,0.1,0.1,0.1,0.1,2026-10-03T01:13:26Z,
2026,4,2026_04_IND_WAS,2026-10-04T13:30:00+00:00,00-0035535,Darius Slayton,WR,IND,WAS,,5.456,6.543,6.543,6.543,6.543,5.45,0.429,4.339,11.858,0.21,12.981,0.134,11.12,1.85,1.84,1.84,1.84,1.55,2.1,2.1,2.1,1.7,2026-10-03T01:13:26Z,
2026,4,2026_04_NE_BUF,2026-10-04T17:00:00+00:00,00-0035537,Ty Johnson,RB,BUF,NE,,5.264,5.709,5.709,5.709,5.709,4.629,0.33,3.767,12.065,0.233,13.042,0.315,10.655,5.1,5.18,5.18,5.18,4.45,7.1,7.1,7.1,6.2,2026-10-03T01:13:26Z,
2026,4,2026_04_DET_CAR,2026-10-05T00:20:00+00:00,00-0035544,Tom Kennedy,WR,DET,CAR,,0.472,0.594,0.594,0.594,0.596,0.522,0.0,0.001,0.51,0.0,0.642,0.0,0.418,0.49,0.48,0.48,0.48,0.38,0.2,0.2,0.2,0.2,2026-10-03T01:13:26Z,
2026,4,2026_04_PIT_CLE,2026-10-02T00:15:00+00:00,00-0035594,Travis Homer,RB,PIT,CLE,,1.141,1.187,1.187,1.187,1.19,1.07,-0.02,0.241,3.363,-0.026,3.287,-0.01,2.819,3.74,3.74,3.74,3.74,3.3,2.0,2.0,2.0,1.8,2026-10-01T22:51:44Z,
2026,4,2026_04_JAX_CIN,2026-10-04T17:00:00+00:00,00-0035631,Drew Sample,TE,CIN,JAX,,3.336,3.158,3.158,3.158,3.79,2.525,-0.004,2.119,7.487,-0.047,9.37,0.009,6.753,2.7,2.7,2.7,3.34,2.05,2.7,2.7,3.4,2.0,2026-10-03T01:13:26Z,
2026,4,2026_04_PIT_CLE,2026-10-02T00:15:00+00:00,00-0035640,DK Metcalf,WR,PIT,CLE,,11.529,10.957,10.957,10.957,10.949,8.923,2.876,10.16,21.01,4.12,21.485,2.172,17.817,9.58,9.58,9.58,9.58,7.99,9.7,9.7,9.7,7.8,2026-10-01T22:51:44Z,
2026,4,2026_04_ATL_NO,2026-10-06T00:15:00+00:00,00-0035644,Noah Fant,TE,NO,ATL,,6.57,5.963,5.963,5.963,7.136,4.791,0.584,6.537,16.188,0.881,18.114,0.644,13.046,6.1,6.1,6.1,7.18,5.02,9.0,9.0,10.3,7.7,2026-10-03T01:13:26Z,
2026,4,2026_04_IND_WAS,2026-10-04T13:30:00+00:00,00-0035659,Terry McLaurin,WR,WAS,IND,,10.921,11.749,11.749,11.749,11.749,9.634,2.833,9.888,21.229,2.981,21.795,2.009,18.081,11.08,11.08,11.08,11.08,9.32,10.9,10.9,10.9,9.1,2026-10-03T01:13:26Z,
2026,4,2026_04_DAL_HOU,2026-10-04T17:00:00+00:00,00-0035685,David Montgomery,RB,HOU,DAL,,12.804,12.38,12.38,12.38,12.387,11.272,4.511,10.997,21.732,4.57,22.085,3.654,19.803,14.97,15.0,15.0,15.0,13.94,15.1,15.1,15.1,14.0,2026-10-03T01:13:26Z,
2026,4,2026_04_NE_BUF,2026-10-04T17:00:00+00:00,00-0035689,Dawson Knox,TE,BUF,NE,,5.136,3.914,3.914,3.914,4.681,3.148,0.296,3.539,10.619,0.446,12.149,0.152,9.577,3.12,3.13,3.13,3.72,2.54,3.1,3.1,3.7,2.6,2026-10-03T01:13:26Z,
2026,4,2026_04_LAC_SEA,2026-10-04T20:25:00+00:00,00-0035704,Drew Lock,QB,SEA,LAC,,12.254,12.603,12.603,12.603,13.296,12.597,0.78,12.199,21.723,1.77,22.939,0.966,22.759,,0.0,0.0,0.0,0.0,2.9,2.9,2.9,2.9,2026-10-03T01:13:26Z,
2026,4,2026_04_IND_WAS,2026-10-04T13:30:00+00:00,00-0035710,Daniel Jones,QB,IND,WAS,,15.655,16.363,16.363,16.363,16.904,16.368,5.333,13.889,27.084,6.854,27.958,5.987,26.66,16.92,16.68,16.68,17.14,16.68,14.5,14.5,15.3,14.5,2026-10-03T01:13:26Z,
2026,4,2026_04_DEN_SF,2026-10-04T20:25:00+00:00,00-0035719,Deebo Samuel Sr.,WR,SF,DEN,,10.888,10.196,10.196,10.196,10.196,8.387,3.251,10.341,20.8,3.283,20.473,2.251,16.823,9.29,9.27,9.27,9.27,7.61,10.6,10.6,10.6,9.1,2026-10-03T01:13:26Z,
2026,4,2026_04_KC_LV,2026-10-04T20:25:00+00:00,00-0035891,Cody White,WR,LV,KC,,3.701,2.633,2.633,2.633,2.645,2.171,0.432,1.663,10.213,0.561,10.054,0.304,7.599,3.26,3.26,3.26,3.26,2.79,5.0,5.0,5.0,4.5,2026-10-03T01:13:26Z,
2026,4,2026_04_TEN_BAL,2026-10-04T17:00:00+00:00,00-0035993,Tyler Huntley,QB,BAL,TEN,,3.801,3.343,3.343,3.343,3.465,3.299,-1.672,2.465,11.963,-1.423,13.864,-1.387,12.973,,0.0,0.0,0.0,0.0,0.0,0.0,0.0,0.0,2026-10-03T01:13:26Z,
2026,4,2026_04_ATL_NO,2026-10-06T00:15:00+00:00,00-0036040,Juwan Johnson,TE,NO,ATL,,10.96,9.691,9.691,9.691,11.556,7.826,3.122,10.841,20.58,3.744,22.751,2.394,18.391,11.86,11.84,11.84,14.0,9.68,14.8,14.8,17.3,12.3,2026-10-03T01:13:26Z,
2026,4,2026_04_DEN_SF,2026-10-04T20:25:00+00:00,00-0036158,J.K. Dobbins,RB,DEN,SF,,9.39,10.265,10.265,10.265,10.266,9.737,2.575,7.818,17.76,2.103,18.243,1.779,17.496,7.78,7.87,7.87,7.87,7.29,6.5,6.5,6.5,6.1,2026-10-03T01:13:26Z,
2026,4,2026_04_IND_WAS,2026-10-04T13:30:00+00:00,00-0036182,Nick Westbrook-Ikhine,WR,IND,WAS,,0.85,0.938,0.938,0.938,0.94,0.781,-0.001,0.0,1.88,-0.006,1.897,-0.012,1.635,,0.0,0.0,0.0,0.0,0.0,0.0,0.0,0.0,2026-10-03T01:13:26Z,
2026,4,2026_04_NE_BUF,2026-10-04T17:00:00+00:00,00-0036187,Reggie Gilliam,RB,NE,BUF,,1.508,2.315,2.315,2.315,2.316,1.946,-0.02,0.347,6.335,-0.008,6.344,-0.002,4.829,0.27,0.28,0.28,0.28,0.24,0.7,0.7,0.7,0.6,2026-10-03T01:13:26Z,
2026,4,2026_04_ATL_NO,2026-10-06T00:15:00+00:00,00-0036212,Tua Tagovailoa,QB,ATL,NO,,7.713,6.243,6.243,6.243,6.567,6.129,-0.968,6.447,21.156,-0.542,21.087,-0.751,20.4,,0.0,0.0,0.0,0.0,0.0,0.0,0.0,0.0,2026-10-03T01:13:26Z,
2026,4,2026_04_IND_WAS,2026-10-04T13:30:00+00:00,00-0036223,Jonathan Taylor,RB,IND,WAS,,19.005,22.738,22.738,22.738,22.734,21.266,6.752,18.852,33.1,7.474,32.67,6.476,31.287,21.52,21.54,21.54,21.54,20.17,19.1,19.1,19.1,17.8,2026-10-03T01:13:26Z,
2026,4,2026_04_LA_PHI,2026-10-04T17:00:00+00:00,00-0036244,Colby Parkinson,TE,LA,PHI,,4.552,3.652,3.652,3.652,4.315,2.989,0.267,2.684,9.793,0.171,11.548,0.287,7.687,6.0,6.01,6.01,7.06,4.95,3.5,3.5,4.1,2.8,2026-10-03T01:13:26Z,
2026,4,2026_04_PIT_CLE,2026-10-02T00:15:00+00:00,00-0036252,Michael Pittman,WR,PIT,CLE,,8.583,8.798,8.798,8.798,8.798,7.19,0.995,7.379,18.992,1.017,18.127,0.635,15.224,9.31,9.32,9.32,9.32,7.34,7.6,7.6,7.6,6.0,2026-10-01T22:51:44Z,
2026,4,2026_04_MIA_MIN,2026-10-04T20:05:00+00:00,00-0036259,Jauan Jennings,WR,MIN,MIA,,6.528,5.663,5.663,5.663,5.671,4.515,0.243,4.648,14.007,0.183,13.378,0.241,11.737,10.86,10.82,10.82,10.82,9.12,8.1,8.1,8.1,6.7,2026-10-03T01:13:26Z,
2026,4,2026_04_DEN_SF,2026-10-04T20:25:00+00:00,00-0036261,Brandon Aiyuk,WR,SF,DEN,,3.953,3.122,3.122,3.122,3.122,2.749,0.038,1.86,11.144,0.0,12.841,0.007,10.521,,,,,,,,,,2026-10-03T01:13:26Z,
2026,4,2026_04_GB_TB,2026-10-04T17:00:00+00:00,00-0036264,Jordan Love,QB,GB,TB,,14.698,13.731,13.731,13.731,14.406,13.755,3.862,15.23,25.479,5.247,25.828,4.487,24.893,17.38,16.82,16.82,17.54,16.82,16.2,16.2,17.4,16.2,2026-10-03T01:13:26Z,
2026,4,2026_04_DET_CAR,2026-10-05T00:20:00+00:00,00-0036265,AJ Dillon,RB,CAR,DET,,2.76,2.349,2.349,2.349,2.349,2.173,-0.018,1.393,7.351,-0.027,6.628,-0.03,6.607,4.33,4.35,4.35,4.35,3.89,3.0,3.0,3.0,2.7,2026-10-03T01:13:26Z,
2026,4,2026_04_NYJ_CHI,2026-10-04T17:00:00+00:00,00-0036275,D'Andre Swift,RB,CHI,NYJ,,16.357,15.44,15.44,15.44,15.441,14.195,6.692,14.801,27.111,6.399,26.991,5.514,25.694,16.19,16.21,16.21,16.21,15.15,18.4,18.4,18.7,17.1,2026-10-03T01:13:26Z,
2026,4,2026_04_NYJ_CHI,2026-10-04T17:00:00+00:00,00-0036290,Cole Kmet,TE,CHI,NYJ,,3.495,3.679,3.679,3.679,4.344,3.014,-0.002,2.652,8.684,-0.016,10.359,-0.029,6.678,3.68,3.7,3.7,4.42,2.96,3.4,3.4,3.9,2.9,2026-10-03T01:13:26Z,
2026,4,2026_04_ARI_NYG,2026-10-04T17:00:00+00:00,00-0036309,Darnell Mooney,WR,NYG,ARI,,5.448,5.046,5.046,5.046,5.046,4.14,0.288,3.913,12.493,-0.017,13.346,0.048,10.464,4.79,4.81,4.81,4.81,4.03,5.6,5.6,5.6,4.7,2026-10-03T01:13:26Z,
2026,4,2026_04_ARI_NYG,2026-10-04T17:00:00+00:00,00-0036331,Devin Duvernay,WR,ARI,NYG,,0.6,0.702,0.702,0.702,0.705,0.607,0.0,0.001,1.113,-0.001,0.957,0.0,0.861,0.2,0.17,0.17,0.17,0.13,0.1,0.1,0.1,0.1,2026-10-03T01:13:26Z,
2026,4,2026_04_LAC_SEA,2026-10-04T20:25:00+00:00,00-0036355,Justin Herbert,QB,LAC,SEA,,13.462,13.142,13.142,13.142,13.786,13.133,4.931,13.768,25.385,5.614,26.016,5.048,24.291,14.19,13.47,13.47,14.37,13.47,11.3,11.3,12.3,11.3,2026-10-03T01:13:26Z,
2026,4,2026_04_DAL_HOU,2026-10-04T17:00:00+00:00,00-0036358,CeeDee Lamb,WR,DAL,HOU,,16.201,15.974,15.974,15.974,15.976,13.113,5.203,15.061,27.321,5.147,28.582,3.864,23.087,17.38,17.38,17.38,17.38,14.39,22.8,22.8,23.5,19.3,2026-10-03T01:13:26Z,
2026,4,2026_04_LA_PHI,2026-10-04T17:00:00+00:00,00-0036389,Jalen Hurts,QB,PHI,LA,,15.634,15.8,15.8,15.8,16.365,15.78,5.731,15.607,26.27,6.44,26.335,5.576,25.48,16.56,15.98,15.98,16.68,15.98,16.5,16.5,17.4,16.5,2026-10-03T01:13:26Z,
2026,4,2026_04_PIT_CLE,2026-10-02T00:15:00+00:00,00-0036407,Jerry Jeudy,WR,CLE,PIT,,3.498,4.295,4.295,4.295,4.295,3.445,0.029,2.2,9.398,0.051,9.009,-0.007,7.357,3.65,3.67,3.67,3.67,2.95,3.1,3.1,3.1,2.5,2026-10-01T22:51:44Z,
2026,4,2026_04_JAX_CIN,2026-10-04T17:00:00+00:00,00-0036410,Tee Higgins,WR,CIN,JAX,,13.111,13.769,13.769,13.769,13.769,11.502,3.311,12.169,24.256,3.752,24.174,2.762,19.889,16.42,16.39,16.39,16.39,13.94,15.6,15.6,15.6,13.2,2026-10-03T01:13:26Z,
2026,4,2026_04_DEN_SF,2026-10-04T20:25:00+00:00,00-0036422,Adam Trautman,TE,DEN,SF,,1.89,2.125,2.125,2.125,2.568,1.682,-0.022,0.939,5.581,-0.013,7.45,-0.008,4.331,1.96,1.96,1.96,2.36,1.56,1.9,1.9,2.3,1.5,2026-10-03T01:13:26Z,
2026,4,2026_04_MIA_MIN,2026-10-04T20:05:00+00:00,00-0036425,DeeJay Dallas,RB,MIN,MIA,,1.491,1.861,1.861,1.861,1.862,1.649,-0.015,0.469,4.652,-0.01,5.44,-0.002,4.385,4.75,4.8,4.8,4.8,4.12,3.4,3.4,3.4,2.9,2026-10-03T01:13:26Z,
2026,4,2026_04_ATL_NO,2026-10-06T00:15:00+00:00,00-0036429,Charlie Woerner,TE,ATL,NO,,1.997,0.959,0.959,0.959,1.161,0.757,0.011,0.539,4.851,0.041,5.602,-0.027,3.523,0.71,0.69,0.69,0.85,0.53,0.7,0.7,0.9,0.5,2026-10-03T01:13:26Z,
2026,4,2026_04_JAX_CIN,2026-10-04T17:00:00+00:00,00-0036442,Joe Burrow,QB,CIN,JAX,,17.969,17.896,17.896,17.896,18.597,17.907,8.078,17.458,28.03,8.854,28.42,7.932,28.802,19.33,18.6,18.6,19.52,18.6,16.3,16.3,16.9,16.3,2026-10-03T01:13:26Z,
2026,4,2026_04_ATL_NO,2026-10-06T00:15:00+00:00,00-0036463,Chris Blair,WR,ATL,NO,,1.061,1.326,1.326,1.326,1.325,1.094,-0.009,0.064,4.39,0.001,4.281,-0.03,4.122,,0.0,0.0,0.0,0.0,0.6,0.6,0.6,0.5,2026-10-03T01:13:26Z,
2026,4,2026_04_TEN_BAL,2026-10-04T17:00:00+00:00,00-0036550,Rashod Bateman,WR,BAL,TEN,,9.409,8.612,8.612,8.612,8.613,7.152,1.847,7.802,17.594,2.238,17.95,1.192,14.924,7.65,7.61,7.61,7.61,6.29,8.6,8.6,8.6,7.1,2026-10-03T01:13:26Z,
2026,4,2026_04_DAL_HOU,2026-10-04T17:00:00+00:00,00-0036554,Nico Collins,WR,HOU,DAL,,16.62,16.801,16.801,16.801,16.801,14.046,5.721,15.166,27.209,5.8,27.439,4.49,23.993,18.54,18.53,18.53,18.53,15.77,18.1,18.1,18.1,15.4,2026-10-03T01:13:26Z,
2026,4,2026_04_DET_CAR,2026-10-05T00:20:00+00:00,00-0036555,Chuba Hubbard,RB,CAR,DET,,14.086,14.725,14.725,14.725,14.726,13.472,4.499,13.129,25.306,4.761,25.855,4.135,23.828,16.22,16.26,16.26,16.26,14.58,17.0,17.0,17.0,15.4,2026-10-03T01:13:26Z,
2026,4,2026_04_DAL_HOU,2026-10-04T17:00:00+00:00,00-0036556,Brevin Jordan,TE,HOU,DAL,,1.693,1.55,1.55,1.55,1.844,1.261,-0.034,0.62,6.815,0.0,8.234,-0.004,5.507,,0.0,0.0,0.0,0.0,0.0,0.0,0.0,0.0,2026-10-03T01:13:26Z,
2026,4,2026_04_JAX_CIN,2026-10-04T17:00:00+00:00,00-0036590,Quintin Morris,TE,JAX,CIN,,0.918,1.291,1.291,1.291,1.557,1.026,-0.04,0.0,3.77,-0.035,4.398,-0.002,2.643,0.54,0.55,0.55,0.66,0.45,1.3,1.3,1.5,1.1,2026-10-03T01:13:26Z,
2026,4,2026_04_DEN_SF,2026-10-04T20:25:00+00:00,00-0036613,Jaylen Waddle,WR,DEN,SF,,10.445,11.041,11.041,11.041,11.041,9.025,2.318,8.787,20.349,2.498,20.065,2.104,17.724,12.59,12.63,12.63,12.63,10.3,10.6,10.6,10.9,8.7,2026-10-03T01:13:26Z,
2026,4,2026_04_IND_WAS,2026-10-04T13:30:00+00:00,00-0036626,Dyami Brown,WR,WAS,IND,,3.478,3.709,3.709,3.709,3.709,3.031,-0.015,1.891,10.21,-0.065,10.671,0.031,8.57,0.81,0.8,0.8,0.8,0.64,1.1,1.1,1.1,0.7,2026-10-03T01:13:26Z,
2026,4,2026_04_IND_WAS,2026-10-04T13:30:00+00:00,00-0036628,John Bates,TE,WAS,IND,,2.122,2.281,2.281,2.281,2.783,1.78,-0.01,0.785,6.532,-0.016,7.019,-0.014,5.302,2.02,2.01,2.01,2.43,1.6,2.9,2.9,3.5,2.4,2026-10-03T01:13:26Z,
2026,4,2026_04_KC_LV,2026-10-04T20:25:00+00:00,00-0036637,Noah Gray,TE,KC,LV,,3.573,3.696,3.696,3.696,4.444,2.948,0.043,2.852,9.233,-0.048,9.784,-0.02,8.121,3.37,3.38,3.38,4.08,2.68,3.4,3.4,4.2,2.7,2026-10-03T01:13:26Z,
2026,4,2026_04_ARI_NYG,2026-10-04T17:00:00+00:00,00-0036646,Simi Fehoko,WR,ARI,NYG,,0.604,0.474,0.474,0.474,0.476,0.414,0.0,0.001,1.736,-0.003,1.33,0.0,1.143,,0.0,0.0,0.0,0.0,0.0,0.0,0.0,0.0,2026-10-03T01:13:26Z,
2026,4,2026_04_DET_CAR,2026-10-05T00:20:00+00:00,00-0036754,Brock Wright,TE,DET,CAR,,2.62,2.408,2.408,2.408,2.861,1.954,-0.031,0.999,7.219,-0.008,8.395,-0.037,6.194,1.23,1.25,1.25,1.54,0.97,1.3,1.3,1.7,0.9,2026-10-03T01:13:26Z,
2026,4,2026_04_DET_CAR,2026-10-05T00:20:00+00:00,00-0036825,Feleipe Franks,TE,CAR,DET,,0.497,0.335,0.335,0.335,0.394,0.279,-0.002,0.001,0.77,-0.004,0.326,0.0,0.556,0.08,0.06,0.06,0.07,0.05,0.0,0.0,0.0,0.0,2026-10-03T01:13:26Z,
2026,4,2026_04_NYJ_CHI,2026-10-04T17:00:00+00:00,00-0036842,Kene Nwangwu,RB,NYJ,CHI,,1.023,1.133,1.133,1.133,1.138,1.012,-0.081,0.145,4.896,-0.061,4.88,-0.047,3.684,0.35,0.35,0.35,0.35,0.35,0.3,0.3,0.3,0.3,2026-10-03T01:13:26Z,
2026,4,2026_04_LA_PHI,2026-10-04T17:00:00+00:00,00-0036849,Tutu Atwell,WR,LA,PHI,,2.366,2.559,2.559,2.559,2.559,2.114,-0.029,0.552,9.028,-0.031,8.523,-0.01,8.104,,0.0,0.0,0.0,0.0,0.5,0.5,0.5,0.4,2026-10-03T01:13:26Z,
2026,4,2026_04_PIT_CLE,2026-10-02T00:15:00+00:00,00-0036862,Ben Skowronek,WR,PIT,CLE,,1.542,1.574,1.574,1.574,1.575,1.311,-0.05,0.585,6.056,-0.031,6.48,-0.033,5.477,0.22,0.23,0.23,0.23,0.19,2.0,2.0,2.0,1.8,2026-10-01T22:51:44Z,
2026,4,2026_04_NE_BUF,2026-10-04T17:00:00+00:00,00-0036875,Rhamondre Stevenson,RB,NE,BUF,,9.514,9.108,9.108,9.108,9.109,7.871,2.796,8.639,18.571,2.71,18.767,2.042,16.746,12.69,12.73,12.73,12.73,11.49,11.4,11.4,11.4,9.9,2026-10-03T01:13:26Z,
2026,4,2026_04_TEN_BAL,2026-10-04T17:00:00+00:00,00-0036876,Kylen Granson,TE,TEN,BAL,,0.901,0.755,0.755,0.755,0.901,0.612,-0.042,-0.024,4.84,-0.071,5.512,-0.085,3.251,,0.0,0.0,0.0,0.0,0.0,0.0,0.0,0.0,2026-10-03T01:13:26Z,
2026,4,2026_04_DEN_SF,2026-10-04T20:25:00+00:00,00-0036879,Sam Ehlinger,QB,DEN,SF,,2.248,2.727,2.727,2.727,3.029,2.591,-1.112,-0.031,10.216,-0.606,10.646,-1.079,10.271,,0.0,0.0,0.0,0.0,0.0,0.0,0.0,0.0,2026-10-03T01:13:26Z,
2026,4,2026_04_DEN_SF,2026-10-04T20:25:00+00:00,00-0036887,Luke Farrell,TE,SF,DEN,,1.974,1.924,1.924,1.924,2.329,1.52,-0.016,0.874,6.259,0.003,6.63,0.002,4.623,1.82,1.84,1.84,2.28,1.4,1.6,1.6,2.0,1.2,2026-10-03T01:13:26Z,
2026,4,2026_04_ARI_NYG,2026-10-04T17:00:00+00:00,00-0036893,Najee Harris,RB,NYG,ARI,,4.308,4.145,4.145,4.145,4.17,3.891,0.14,3.03,8.645,0.142,10.155,0.19,9.197,4.94,4.98,4.98,4.98,4.63,3.6,3.6,3.6,3.5,2026-10-03T01:13:26Z,
2026,4,2026_04_PIT_CLE,2026-10-02T00:15:00+00:00,00-0036894,Pat Freiermuth,TE,PIT,CLE,,7.822,6.963,6.963,6.963,8.345,5.582,1.472,6.532,15.569,1.795,18.718,1.143,13.866,7.85,7.87,7.87,9.49,6.25,9.0,9.0,10.8,7.2,2026-10-01T22:51:44Z,
2026,4,2026_04_DAL_HOU,2026-10-04T17:00:00+00:00,00-0036898,Davis Mills,QB,HOU,DAL,,6.361,4.58,4.58,4.58,4.809,4.565,-0.603,6.358,19.559,-0.239,18.852,-0.925,17.899,,0.0,0.0,0.0,0.0,0.0,0.0,0.0,0.0,2026-10-03T01:13:26Z,
2026,4,2026_04_JAX_CIN,2026-10-04T17:00:00+00:00,00-0036900,Ja'Marr Chase,WR,CIN,JAX,,18.29,18.907,18.907,18.907,18.93,15.625,7.875,16.723,32.064,7.814,30.712,5.708,26.874,18.6,18.59,18.59,18.59,15.46,18.4,18.4,18.4,15.3,2026-10-03T01:13:26Z,
2026,4,2026_04_GB_TB,2026-10-04T17:00:00+00:00,00-0036919,Kenny Gainwell,RB,TB,GB,,7.502,7.047,7.047,7.047,7.047,5.885,1.098,5.677,15.633,1.042,15.574,0.851,14.035,7.49,7.55,7.55,7.55,6.68,6.2,6.2,6.2,5.1,2026-10-03T01:13:26Z,
2026,4,2026_04_TEN_BAL,2026-10-04T17:00:00+00:00,00-0036924,Michael Carter,RB,TEN,BAL,,4.315,4.898,4.898,4.898,4.9,4.066,0.401,2.853,11.309,0.253,12.171,-0.017,9.852,,0.0,0.0,0.0,0.0,0.0,0.0,0.0,0.0,2026-10-03T01:13:26Z,
2026,4,2026_04_KC_LV,2026-10-04T20:25:00+00:00,00-0036945,Justin Fields,QB,KC,LV,,5.299,2.569,2.569,2.569,2.654,2.554,-0.954,0.557,15.672,-0.544,15.218,-1.013,17.782,,0.0,0.0,0.0,0.0,0.0,0.0,0.0,0.0,2026-10-03T01:13:26Z,
2026,4,2026_04_DET_CAR,2026-10-05T00:20:00+00:00,00-0036963,Amon-Ra St. Brown,WR,DET,CAR,,18.922,19.073,19.073,19.073,19.074,15.778,6.425,16.113,31.531,6.584,33.077,4.452,28.193,18.41,18.36,18.36,18.36,15.17,19.7,19.7,20.0,16.5,2026-10-03T01:13:26Z,
2026,4,2026_04_ATL_NO,2026-10-06T00:15:00+00:00,00-0036970,Kyle Pitts,TE,ATL,NO,,5.917,7.59,7.59,7.59,9.183,5.998,0.488,5.306,13.256,0.511,13.835,0.282,11.339,8.57,8.57,8.57,10.0,7.15,5.4,5.4,6.4,4.5,2026-10-03T01:13:26Z,
2026,4,2026_04_JAX_CIN,2026-10-04T17:00:00+00:00,00-0036971,Trevor Lawrence,QB,JAX,CIN,,18.891,16.875,16.875,16.875,17.444,16.852,7.25,18.075,29.111,8.717,29.565,7.169,29.602,20.33,19.39,19.39,20.4,19.39,18.6,18.6,19.5,18.6,2026-10-03T01:13:26Z,
2026,4,2026_04_DEN_SF,2026-10-04T20:25:00+00:00,00-0036972,Mac Jones,QB,SF,DEN,,3.884,3.036,3.036,3.036,3.101,3.048,-1.186,1.241,14.744,-0.938,14.655,-1.065,16.067,,0.0,0.0,0.0,0.0,0.0,0.0,0.0,0.0,2026-10-03T01:13:26Z,
2026,4,2026_04_LA_PHI,2026-10-04T17:00:00+00:00,00-0036980,Elijah Moore,WR,PHI,LA,,1.833,1.14,1.14,1.14,1.142,0.938,0.001,0.126,6.405,0.0,6.054,-0.002,6.146,0.82,0.81,0.81,0.81,0.65,0.8,0.8,0.8,0.6,2026-10-03T01:13:26Z,
2026,4,2026_04_NE_BUF,2026-10-04T17:00:00+00:00,00-0036988,Josh Palmer,WR,BUF,NE,,3.478,3.354,3.354,3.354,3.354,2.776,-0.066,2.45,9.446,0.029,9.364,-0.013,7.984,2.37,2.36,2.36,2.36,1.89,3.7,3.7,3.7,3.2,2026-10-03T01:13:26Z,
2026,4,2026_04_DAL_HOU,2026-10-04T17:00:00+00:00,00-0036997,Javonte Williams,RB,DAL,HOU,,15.866,14.231,14.231,14.231,14.232,12.729,7.13,15.48,25.412,7.239,26.396,5.735,25.011,14.91,14.96,14.96,14.96,13.67,14.1,14.1,14.1,12.8,2026-10-03T01:13:26Z,
2026,4,2026_04_ARI_NYG,2026-10-04T17:00:00+00:00,00-0037004,Hunter Long,TE,ARI,NYG,,1.607,1.297,1.297,1.297,1.59,1.006,0.001,1.186,5.151,0.001,5.968,-0.001,4.14,,0.0,0.0,0.0,0.0,0.2,0.2,0.3,0.2,2026-10-03T01:13:26Z,
2026,4,2026_04_DET_CAR,2026-10-05T00:20:00+00:00,00-0037005,Tommy Tremble,TE,CAR,DET,,5.215,5.251,5.251,5.251,6.313,4.188,0.251,4.186,12.404,0.421,14.143,0.225,10.282,3.19,3.22,3.22,3.9,2.53,4.4,4.4,5.5,3.4,2026-10-03T01:13:26Z,
2026,4,2026_04_LAC_SEA,2026-10-04T20:25:00+00:00,00-0037012,Trey Lance,QB,LAC,SEA,,4.305,5.313,5.313,5.313,5.573,5.265,-1.44,1.929,14.81,-1.184,16.061,-1.397,15.882,,0.0,0.0,0.0,0.0,0.0,0.0,0.0,0.0,2026-10-03T01:13:26Z,
2026,4,2026_04_ATL_NO,2026-10-06T00:15:00+00:00,00-0037013,Zach Wilson,QB,NO,ATL,,2.851,2.162,2.162,2.162,2.334,2.111,-1.487,1.161,10.809,-1.032,12.323,-1.176,11.79,,0.0,0.0,0.0,0.0,0.0,0.0,0.0,0.0,2026-10-03T01:13:26Z,
2026,4,2026_04_DAL_HOU,2026-10-04T17:00:00+00:00,00-0037077,Sam Howell,QB,DAL,HOU,,2.31,3.025,3.025,3.025,3.381,2.871,-1.124,0.751,11.584,-0.606,12.287,-1.013,11.203,,0.0,0.0,0.0,0.0,0.0,0.0,0.0,0.0,2026-10-03T01:13:26Z,
2026,4,2026_04_DEN_SF,2026-10-04T20:25:00+00:00,00-0037085,Tyler Badie,RB,DEN,SF,,3.119,2.967,2.967,2.967,2.967,2.472,-0.007,1.704,8.242,-0.033,8.449,0.0,7.636,3.16,3.2,3.2,3.2,2.61,3.7,3.7,3.7,3.0,2026-10-03T01:13:26Z,
2026,4,2026_04_GB_TB,2026-10-04T17:00:00+00:00,00-0037091,Bo Melton,WR,GB,TB,,1.333,1.796,1.796,1.796,1.797,1.458,0.0,0.46,5.092,-0.001,5.331,0.0,4.055,0.44,0.41,0.41,0.41,0.36,0.5,0.5,0.5,0.4,2026-10-03T01:13:26Z,
2026,4,2026_04_KC_LV,2026-10-04T20:25:00+00:00,00-0037093,Dareke Young,WR,LV,KC,,0.689,0.607,0.607,0.607,0.607,0.505,0.0,0.03,2.548,-0.009,2.696,0.0,1.857,0.45,0.43,0.43,0.43,0.35,0.7,0.7,0.7,0.6,2026-10-03T01:13:26Z,
2026,4,2026_04_DAL_HOU,2026-10-04T17:00:00+00:00,00-0037120,Tyler Goodson,RB,DAL,HOU,,2.58,3.045,3.045,3.045,3.045,2.787,0.06,1.15,6.472,0.049,7.27,0.069,6.363,3.51,3.49,3.49,3.49,2.98,2.6,2.6,2.6,2.2,2026-10-03T01:13:26Z,
2026,4,2026_04_LA_PHI,2026-10-04T17:00:00+00:00,00-0037132,Britain Covey,WR,PHI,LA,,0.533,0.547,0.547,0.547,0.549,0.479,0.0,0.001,0.611,0.0,0.647,0.0,0.478,0.42,0.42,0.42,0.42,0.33,0.2,0.2,0.2,0.2,2026-10-03T01:13:26Z,
2026,4,2026_04_ARI_NYG,2026-10-04T17:00:00+00:00,00-0037157,Bam Knight,RB,ARI,NYG,,2.301,2.895,2.895,2.895,2.9,2.617,-0.075,0.585,7.109,-0.039,6.15,-0.037,5.098,,0.0,0.0,0.0,0.0,0.7,0.7,0.7,0.6,2026-10-03T01:13:26Z,
2026,4,2026_04_PIT_CLE,2026-10-02T00:15:00+00:00,00-0037228,Jaylen Warren,RB,PIT,CLE,,13.657,14.018,14.018,14.018,14.019,12.56,4.89,12.443,23.045,5.143,22.324,4.206,21.274,18.55,18.65,18.65,18.65,16.97,14.8,14.8,15.1,13.2,2026-10-01T22:51:44Z,
2026,4,2026_04_ATL_NO,2026-10-06T00:15:00+00:00,00-0037231,Kevin Austin Jr.,WR,NO,ATL,,1.333,1.257,1.257,1.257,1.257,1.034,-0.002,0.094,4.431,-0.003,4.459,0.001,3.806,,0.0,0.0,0.0,0.0,2.2,2.2,2.2,1.8,2026-10-03T01:13:26Z,
2026,4,2026_04_ATL_NO,2026-10-06T00:15:00+00:00,00-0037238,Drake London,WR,ATL,NO,,16.393,16.66,16.66,16.66,16.66,13.825,5.87,14.396,26.883,6.093,27.333,4.473,23.4,16.15,16.13,16.13,16.13,13.51,14.7,14.7,15.1,12.3,2026-10-03T01:13:26Z,
2026,4,2026_04_ATL_NO,2026-10-06T00:15:00+00:00,00-0037239,Chris Olave,WR,NO,ATL,,17.483,18.507,18.507,18.507,18.509,15.25,7.365,16.839,30.568,7.385,32.089,5.061,26.725,19.16,19.13,19.13,19.13,16.18,23.1,23.1,23.8,19.0,2026-10-03T01:13:26Z,
2026,4,2026_04_DET_CAR,2026-10-05T00:20:00+00:00,00-0037240,Jameson Williams,WR,DET,CAR,,12.044,10.627,10.627,10.627,10.628,8.919,2.809,10.314,21.12,2.811,21.796,1.971,18.174,11.16,11.15,11.15,11.15,9.34,8.4,8.4,8.4,6.9,2026-10-03T01:13:26Z,
2026,4,2026_04_DAL_HOU,2026-10-04T17:00:00+00:00,00-0037247,George Pickens,WR,DAL,HOU,,15.506,15.438,15.438,15.438,15.438,12.789,5.826,13.623,26.013,5.843,26.469,4.161,22.766,14.61,14.58,14.58,14.58,12.04,13.9,13.9,13.9,11.0,2026-10-03T01:13:26Z,
2026,4,2026_04_NE_BUF,2026-10-04T17:00:00+00:00,00-0037248,James Cook,RB,BUF,NE,,19.089,18.354,18.354,18.354,18.354,17.215,7.627,15.451,29.265,7.556,29.233,6.946,26.962,17.43,17.46,17.46,17.46,16.58,17.6,17.6,18.3,16.8,2026-10-03T01:13:26Z,
2026,4,2026_04_MIA_MIN,2026-10-04T20:05:00+00:00,00-0037252,Greg Dulcich,TE,MIA,MIN,,6.475,6.681,6.681,6.681,8.23,5.151,0.692,5.55,15.139,1.051,17.016,0.407,11.58,7.28,7.28,7.28,8.86,5.7,6.2,6.2,7.7,4.8,2026-10-03T01:13:26Z,
2026,4,2026_04_NE_BUF,2026-10-04T17:00:00+00:00,00-0037261,Khalil Shakir,WR,BUF,NE,,9.645,9.759,9.759,9.759,9.759,8.01,1.448,8.628,17.383,1.55,18.547,1.38,14.858,8.31,8.32,8.32,8.32,6.48,7.1,7.1,7.1,5.5,2026-10-03T01:13:26Z,
2026,4,2026_04_ARI_NYG,2026-10-04T17:00:00+00:00,00-0037263,Tyler Allgeier,RB,ARI,NYG,,7.161,6.925,6.925,6.925,6.926,6.04,1.373,5.983,16.034,1.25,16.409,1.158,13.971,7.85,7.87,7.87,7.87,6.68,7.2,7.2,7.2,5.9,2026-10-03T01:13:26Z,
2026,4,2026_04_KC_LV,2026-10-04T20:25:00+00:00,00-0037291,Jalen Nailor,WR,LV,KC,,4.962,5.247,5.247,5.247,5.248,4.285,-0.031,3.391,12.462,0.004,12.103,-0.083,9.715,6.11,6.14,6.14,6.14,5.15,4.2,4.2,4.2,3.4,2026-10-03T01:13:26Z,
2026,4,2026_04_IND_WAS,2026-10-04T13:30:00+00:00,00-0037292,Andrew Ogletree,TE,IND,WAS,,0.778,1.055,1.055,1.055,1.272,0.839,0.0,0.048,3.412,-0.001,3.776,0.0,2.442,0.72,0.73,0.73,0.86,0.6,0.8,0.8,1.0,0.6,2026-10-03T01:13:26Z,
2026,4,2026_04_ATL_NO,2026-10-06T00:15:00+00:00,00-0037317,Nick Muse,TE,ATL,NO,,0.656,0.701,0.701,0.701,0.839,0.566,0.0,0.004,2.355,-0.001,2.576,0.0,1.682,,0.0,0.0,0.0,0.0,0.0,0.0,0.0,0.0,2026-10-03T01:13:26Z,
2026,4,2026_04_NYJ_CHI,2026-10-04T17:00:00+00:00,00-0037380,Kaden Davis,WR,CHI,NYJ,,0.614,0.329,0.329,0.329,0.33,0.263,-0.005,0.001,2.008,-0.002,1.943,0.0,1.337,,0.0,0.0,0.0,0.0,0.0,0.0,0.0,0.0,2026-10-03T01:13:26Z,
2026,4,2026_04_DET_CAR,2026-10-05T00:20:00+00:00,00-0037524,Tay Martin,WR,DET,CAR,,0.486,0.605,0.605,0.605,0.607,0.528,0.0,0.001,0.814,0.0,0.933,0.0,0.613,0.74,0.73,0.73,0.73,0.59,0.6,0.6,0.6,0.5,2026-10-03T01:13:26Z,
2026,4,2026_04_LAC_SEA,2026-10-04T20:25:00+00:00,00-0037545,Rashid Shaheed,WR,SEA,LAC,,5.651,5.862,5.862,5.862,5.862,4.686,0.005,4.648,12.989,-0.043,12.318,0.096,10.658,6.83,6.82,6.82,6.82,5.7,5.5,5.5,5.5,4.4,2026-10-03T01:13:26Z,
2026,4,2026_04_TEN_BAL,2026-10-04T17:00:00+00:00,00-0037594,Julius Chestnut,RB,TEN,BAL,,0.489,0.587,0.587,0.587,0.59,0.52,0.0,0.001,0.483,0.0,0.59,-0.016,0.452,0.26,0.27,0.27,0.27,0.23,0.1,0.1,0.1,0.1,2026-10-03T01:13:26Z,
2026,4,2026_04_DET_CAR,2026-10-05T00:20:00+00:00,00-0037614,John Metchie III,WR,CAR,DET,,4.922,5.079,5.079,5.079,5.08,4.166,-0.019,3.321,12.67,-0.021,12.373,-0.048,10.625,2.13,2.11,2.11,2.11,1.68,3.9,3.9,3.9,3.2,2026-10-03T01:13:26Z,
2026,4,2026_04_MIA_MIN,2026-10-04T20:05:00+00:00,00-0037666,Jalen Tolbert,WR,MIA,MIN,,1.313,1.262,1.262,1.262,1.268,1.015,-0.009,0.151,5.967,-0.001,4.743,-0.028,4.705,1.02,1.02,1.02,1.02,0.82,1.1,1.1,1.1,0.9,2026-10-03T01:13:26Z,
2026,4,2026_04_NYJ_CHI,2026-10-04T17:00:00+00:00,00-0037740,Garrett Wilson,WR,NYJ,CHI,,14.256,16.209,16.209,16.209,16.209,13.244,5.702,13.858,26.165,5.578,27.965,4.323,21.941,18.68,18.68,18.68,18.68,15.35,17.5,17.5,17.8,14.3,2026-10-03T01:13:26Z,
2026,4,2026_04_ATL_NO,2026-10-06T00:15:00+00:00,00-0037741,Jahan Dotson,WR,ATL,NO,,4.676,5.338,5.338,5.338,5.339,4.36,-0.027,3.555,11.569,-0.071,12.165,-0.043,10.051,4.49,4.47,4.47,4.47,3.68,3.5,3.5,3.5,2.8,2026-10-03T01:13:26Z,
2026,4,2026_04_IND_WAS,2026-10-04T13:30:00+00:00,00-0037742,Treylon Burks,WR,WAS,IND,,3.504,3.223,3.223,3.223,3.223,2.598,-0.094,1.844,9.429,-0.069,10.101,-0.083,8.819,1.69,1.7,1.7,1.7,1.42,3.0,3.0,3.0,2.5,2026-10-03T01:13:26Z,
2026,4,2026_04_ARI_NYG,2026-10-04T17:00:00+00:00,00-0037744,Trey McBride,TE,ARI,NYG,,17.212,16.547,16.547,16.547,19.752,13.342,6.84,16.064,27.506,7.122,30.839,5.283,25.279,17.56,17.53,17.53,21.18,13.89,18.6,18.6,22.6,14.6,2026-10-03T01:13:26Z,
2026,4,2026_04_ATL_NO,2026-10-06T00:15:00+00:00,00-0037746,Brian Robinson,RB,ATL,NO,,6.468,7.294,7.294,7.294,7.285,6.932,0.53,5.052,14.313,0.695,14.385,0.592,14.328,4.23,4.24,4.24,4.24,3.9,6.4,6.4,6.4,6.0,2026-10-03T01:13:26Z,
2026,4,2026_04_NYJ_CHI,2026-10-04T17:00:00+00:00,00-0037755,Jelani Woods,TE,NYJ,CHI,,1.314,1.092,1.092,1.092,1.353,0.832,-0.002,0.016,4.144,0.0,5.076,-0.006,3.45,1.08,1.05,1.05,1.26,0.84,1.1,1.1,1.3,0.9,2026-10-03T01:13:26Z,
2026,4,2026_04_DAL_HOU,2026-10-04T17:00:00+00:00,00-0037801,KaVontae Turpin,WR,DAL,HOU,,2.749,2.446,2.446,2.446,2.446,2.063,-0.031,1.553,8.067,0.009,7.92,0.0,7.208,2.42,2.4,2.4,2.4,2.07,3.3,3.3,3.3,2.9,2026-10-03T01:13:26Z,
2026,4,2026_04_NYJ_CHI,2026-10-04T17:00:00+00:00,00-0037805,Jeremy Ruckert,TE,NYJ,CHI,,4.813,4.37,4.37,4.37,5.294,3.447,-0.024,3.615,12.024,0.005,13.62,-0.004,9.678,3.94,3.96,3.96,4.85,3.07,4.8,4.8,5.8,3.7,2026-10-03T01:13:26Z,
2026,4,2026_04_IND_WAS,2026-10-04T13:30:00+00:00,00-0037809,Chig Okonkwo,TE,WAS,IND,,4.502,5.197,5.197,5.197,6.263,4.131,0.182,3.304,11.229,-0.094,12.714,-0.045,9.036,8.52,8.5,8.5,10.16,6.83,9.1,9.1,10.9,7.3,2026-10-03T01:13:26Z,
2026,4,2026_04_NE_BUF,2026-10-04T17:00:00+00:00,00-0037816,Romeo Doubs,WR,NE,BUF,,7.233,6.829,6.829,6.829,6.829,5.546,0.855,6.841,16.127,0.773,16.193,0.566,13.505,9.04,9.03,9.03,9.03,7.51,8.6,8.6,8.6,7.3,2026-10-03T01:13:26Z,
2026,4,2026_04_DEN_SF,2026-10-04T20:25:00+00:00,00-0037834,Brock Purdy,QB,SF,DEN,,20.549,19.073,19.073,19.073,19.916,19.081,6.452,18.911,30.059,7.99,31.272,6.29,30.784,20.09,19.38,19.38,20.12,19.38,22.8,22.8,23.3,22.8,2026-10-03T01:13:26Z,
2026,4,2026_04_ARI_NYG,2026-10-04T17:00:00+00:00,00-0037838,Isaiah Likely,TE,NYG,ARI,,10.375,9.817,9.817,9.817,11.771,7.864,3.003,9.251,20.045,3.432,22.095,2.219,17.209,11.37,11.34,11.34,13.4,9.29,13.2,13.2,15.7,10.8,2026-10-03T01:13:26Z,
2026,4,2026_04_LA_PHI,2026-10-04T17:00:00+00:00,00-0037840,Kyren Williams,RB,LA,PHI,,15.787,14.995,14.995,14.995,14.996,13.66,7.203,14.445,26.393,6.858,25.857,5.583,23.958,13.58,13.6,13.6,13.6,12.63,14.7,14.7,14.7,13.4,2026-10-03T01:13:26Z,
2026,4,2026_04_DAL_HOU,2026-10-04T17:00:00+00:00,00-0038041,Jake Ferguson,TE,DAL,HOU,,9.51,7.821,7.821,7.821,9.408,6.234,1.862,8.857,18.075,1.982,20.562,1.237,15.565,8.97,8.96,8.96,10.76,7.16,9.9,9.9,11.6,8.3,2026-10-03T01:13:26Z,
2026,4,2026_04_GB_TB,2026-10-04T17:00:00+00:00,00-0038090,Skyy Moore,WR,GB,TB,,4.002,3.952,3.952,3.952,3.952,3.143,-0.079,2.548,12.018,-0.102,11.917,-0.07,9.44,5.04,5.03,5.03,5.03,4.09,3.7,3.7,3.7,2.9,2026-10-03T01:13:26Z,
2026,4,2026_04_DET_CAR,2026-10-05T00:20:00+00:00,00-0038102,Kenny Pickett,QB,CAR,DET,,2.61,4.337,4.337,4.337,4.496,4.34,-1.163,0.397,7.814,-0.737,8.534,-1.155,9.666,,0.0,0.0,0.0,0.0,0.1,0.1,0.2,0.1,2026-10-03T01:13:26Z,
2026,4,2026_04_KC_LV,2026-10-04T20:25:00+00:00,00-0038104,Tyquan Thornton,WR,KC,LV,,5.234,5.057,5.057,5.057,5.057,4.143,0.122,3.859,12.199,0.005,13.57,-0.034,10.8,5.42,5.44,5.44,5.44,4.5,4.9,4.9,4.9,4.1,2026-10-03T01:13:26Z,
2026,4,2026_04_TEN_BAL,2026-10-04T17:00:00+00:00,00-0038115,Daniel Bellinger,TE,TEN,BAL,,2.402,2.577,2.577,2.577,3.151,2.004,-0.006,1.531,6.485,-0.024,7.938,-0.002,5.392,2.12,2.15,2.15,2.61,1.69,1.9,1.9,2.4,1.5,2026-10-03T01:13:26Z,
2026,4,2026_04_TEN_BAL,2026-10-04T17:00:00+00:00,00-0038117,Wan'Dale Robinson,WR,TEN,BAL,,9.866,10.041,10.041,10.041,10.041,8.133,1.673,8.322,20.068,1.647,21.185,1.249,16.62,9.84,9.83,9.83,9.83,7.69,10.5,10.5,10.5,8.2,2026-10-03T01:13:26Z,
2026,4,2026_04_GB_TB,2026-10-04T17:00:00+00:00,00-0038124,Christian Watson,WR,GB,TB,,13.119,13.104,13.104,13.104,13.104,10.651,4.987,13.808,24.53,4.752,26.542,3.527,21.687,15.35,15.26,15.26,15.26,13.16,17.9,17.9,18.2,15.6,2026-10-03T01:13:26Z,
2026,4,2026_04_MIA_MIN,2026-10-04T20:05:00+00:00,00-0038128,Malik Willis,QB,MIA,MIN,,11.336,12.089,12.089,12.089,12.806,12.098,3.083,11.825,22.388,4.247,23.833,3.001,23.354,13.24,12.85,12.85,13.4,12.85,12.1,12.1,12.6,12.1,2026-10-03T01:13:26Z,
2026,4,2026_04_GB_TB,2026-10-04T17:00:00+00:00,00-0038129,Cade Otton,TE,TB,GB,,8.777,9.154,9.154,9.154,11.077,7.232,1.917,7.394,16.846,2.16,19.263,1.076,14.202,7.26,7.24,7.24,8.79,5.7,7.3,7.3,8.9,5.6,2026-10-03T01:13:26Z,
2026,4,2026_04_KC_LV,2026-10-04T20:25:00+00:00,00-0038134,Kenneth Walker III,RB,KC,LV,,18.137,19.278,19.278,19.278,19.281,17.499,6.67,16.417,29.528,6.083,29.374,5.153,27.1,19.84,19.93,19.93,19.93,17.9,22.1,22.1,22.8,20.3,2026-10-03T01:13:26Z,
2026,4,2026_04_LA_PHI,2026-10-04T17:00:00+00:00,00-0038359,Xavier Smith,WR,LA,PHI,,1.692,1.696,1.696,1.696,1.696,1.393,-0.005,1.48,5.752,0.001,5.786,0.001,4.601,,0.0,0.0,0.0,0.0,0.0,0.0,0.0,0.0,2026-10-03T01:13:26Z,
2026,4,2026_04_LA_PHI,2026-10-04T17:00:00+00:00,00-0038393,Dontayvion Wicks,WR,PHI,LA,,9.428,9.311,9.311,9.311,9.311,7.613,2.054,8.129,19.795,1.988,19.725,1.322,15.982,11.42,11.4,11.4,11.4,9.34,11.1,11.1,11.1,9.3,2026-10-03T01:13:26Z,
2026,4,2026_04_LA_PHI,2026-10-04T17:00:00+00:00,00-0038400,Tanner McKee,QB,PHI,LA,,2.151,3.428,3.428,3.428,3.692,3.351,-1.43,0.575,11.401,-1.124,11.726,-1.185,10.918,,0.0,0.0,0.0,0.0,0.0,0.0,0.0,0.0,2026-10-03T01:13:26Z,
2026,4,2026_04_PIT_CLE,2026-10-02T00:15:00+00:00,00-0038409,Lew Nichols III,RB,PIT,CLE,,1.114,1.15,1.15,1.15,1.153,1.042,0.005,0.107,2.854,-0.012,2.61,-0.01,2.532,2.78,2.73,2.73,2.73,2.61,1.9,1.9,1.9,1.9,2026-10-01T22:51:44Z,
2026,4,2026_04_NYJ_CHI,2026-10-04T17:00:00+00:00,00-0038416,Tyson Bagent,QB,CHI,NYJ,,2.673,3.6,3.6,3.6,3.924,3.607,-1.007,0.917,9.584,-0.627,9.977,-1.126,10.549,15.39,15.3,15.3,15.62,15.3,11.3,11.3,11.6,11.3,2026-10-03T01:13:26Z,
2026,4,2026_04_LAC_SEA,2026-10-04T20:25:00+00:00,00-0038454,Keaton Mitchell,RB,LAC,SEA,,7.454,6.076,6.076,6.076,6.076,5.369,0.575,5.567,15.116,0.627,15.643,0.455,14.606,5.96,6.0,6.0,6.0,5.09,5.7,5.7,5.7,5.0,2026-10-03T01:13:26Z,
2026,4,2026_04_NE_BUF,2026-10-04T17:00:00+00:00,00-0038476,Tommy DeVito,QB,NE,BUF,,3.139,5.166,5.166,5.166,5.698,5.118,-1.082,0.581,11.732,-0.722,11.427,-1.147,11.794,,0.0,0.0,0.0,0.0,0.4,0.4,0.4,0.4,2026-10-03T01:13:26Z,
2026,4,2026_04_LAC_SEA,2026-10-04T20:25:00+00:00,00-0038488,Brady Russell,RB,SEA,LAC,,1.381,1.68,1.68,1.68,1.68,1.359,-0.001,0.292,4.638,-0.009,5.108,-0.003,4.244,,0.0,0.0,0.0,0.0,0.6,0.6,0.6,0.5,2026-10-03T01:13:26Z,
2026,4,2026_04_KC_LV,2026-10-04T20:25:00+00:00,00-0038489,Ben VanSumeren,RB,KC,LV,,0.497,0.755,0.755,0.755,0.757,0.682,0.0,0.001,1.479,0.0,1.44,-0.004,1.222,,0.0,0.0,0.0,0.0,0.0,0.0,0.0,0.0,2026-10-03T01:13:26Z,
2026,4,2026_04_LA_PHI,2026-10-04T17:00:00+00:00,00-0038498,E.J. Jenkins,TE,PHI,LA,,0.655,0.537,0.537,0.537,0.637,0.439,0.0,0.0,1.923,-0.01,1.789,-0.001,1.204,1.38,1.4,1.4,1.7,1.1,1.0,1.0,1.2,0.8,2026-10-03T01:13:26Z,
2026,4,2026_04_KC_LV,2026-10-04T20:25:00+00:00,00-0038519,Nikko Remigio,WR,KC,LV,,0.474,0.462,0.462,0.462,0.462,0.394,0.0,0.001,0.357,0.0,0.312,0.0,0.466,0.17,0.19,0.19,0.19,0.17,0.1,0.1,0.1,0.1,2026-10-03T01:13:26Z,
2026,4,2026_04_ATL_NO,2026-10-06T00:15:00+00:00,00-0038542,Bijan Robinson,RB,ATL,NO,,19.941,22.261,22.261,22.261,22.259,20.094,7.98,17.56,31.367,7.467,32.925,6.868,29.176,22.08,22.17,22.17,22.17,20.04,25.8,25.8,26.2,23.5,2026-10-03T01:13:26Z,
2026,4,2026_04_LAC_SEA,2026-10-04T20:25:00+00:00,00-0038543,Jaxon Smith-Njigba,WR,SEA,LAC,,20.504,19.312,19.312,19.312,19.316,15.775,8.725,18.438,32.016,8.719,33.776,6.301,28.281,22.36,22.34,22.34,22.34,19.09,29.1,29.1,30.2,25.2,2026-10-03T01:13:26Z,
2026,4,2026_04_LAC_SEA,2026-10-04T20:25:00+00:00,00-0038544,Quentin Johnston,WR,LAC,SEA,,9.757,9.446,9.446,9.446,9.446,7.603,1.555,8.478,18.513,1.918,19.391,1.014,14.907,8.57,8.54,8.54,8.54,7.16,5.9,5.9,5.9,4.8,2026-10-03T01:13:26Z,
2026,4,2026_04_DAL_HOU,2026-10-04T17:00:00+00:00,00-0038547,Luke Schoonmaker,TE,DAL,HOU,,1.271,1.49,1.49,1.49,1.837,1.144,-0.001,0.587,4.483,0.0,5.42,-0.001,3.499,1.32,1.3,1.3,1.59,1.01,1.5,1.5,1.9,1.2,2026-10-03T01:13:26Z,
2026,4,2026_04_ATL_NO,2026-10-06T00:15:00+00:00,00-0038551,Kendre Miller,RB,NO,ATL,,5.278,5.693,5.693,5.693,5.694,5.252,0.387,3.93,12.474,0.335,13.301,0.368,12.192,7.2,7.23,7.23,7.23,6.66,6.0,6.0,6.0,5.5,2026-10-03T01:13:26Z,
2026,4,2026_04_LA_PHI,2026-10-04T17:00:00+00:00,00-0038555,Tank Bigsby,RB,PHI,LA,,3.267,3.629,3.629,3.629,3.63,3.303,0.087,1.433,7.743,-0.014,7.54,0.076,6.944,3.41,3.4,3.4,3.4,3.2,3.5,3.5,3.5,3.2,2026-10-03T01:13:26Z,
2026,4,2026_04_PIT_CLE,2026-10-02T00:15:00+00:00,00-0038558,Darnell Washington,TE,PIT,CLE,,5.532,5.043,5.043,5.043,6.078,4.009,0.07,4.203,12.624,-0.013,13.602,0.021,10.431,3.32,3.33,3.33,4.06,2.59,4.5,4.5,5.4,3.6,2026-10-01T22:51:44Z,
2026,4,2026_04_ARI_NYG,2026-10-04T17:00:00+00:00,00-0038559,Michael Wilson,WR,ARI,NYG,,13.906,13.484,13.484,13.484,13.484,11.116,5.763,13.085,23.573,6.157,23.879,4.663,20.004,14.6,14.59,14.59,14.59,12.28,14.6,14.6,14.6,11.9,2026-10-03T01:13:26Z,
2026,4,2026_04_KC_LV,2026-10-04T20:25:00+00:00,00-0038563,Tre Tucker,WR,LV,KC,,9.366,8.848,8.848,8.848,8.877,7.193,1.894,8.148,18.372,1.864,20.14,1.441,16.078,8.52,8.56,8.56,8.56,7.07,9.1,9.1,9.4,7.6,2026-10-03T01:13:26Z,
2026,4,2026_04_NE_BUF,2026-10-04T17:00:00+00:00,00-0038564,Cameron Latu,TE,NE,BUF,,0.542,0.431,0.431,0.431,0.526,0.337,0.0,0.001,1.546,-0.002,1.904,0.0,0.882,0.42,0.42,0.42,0.51,0.33,0.2,0.2,0.2,0.2,2026-10-03T01:13:26Z,
2026,4,2026_04_LAC_SEA,2026-10-04T20:25:00+00:00,00-0038573,Derius Davis,WR,LAC,SEA,,0.682,1.074,1.074,1.074,1.074,0.882,-0.045,-0.003,2.319,-0.032,2.55,-0.031,1.85,0.46,0.44,0.44,0.44,0.35,0.2,0.2,0.2,0.2,2026-10-03T01:13:26Z,
2026,4,2026_04_ARI_NYG,2026-10-04T17:00:00+00:00,00-0038576,Charlie Jones,WR,NYG,ARI,,1.178,1.207,1.207,1.207,1.215,1.033,-0.011,-0.005,4.485,-0.062,4.439,-0.078,3.425,0.21,0.22,0.22,0.22,0.19,0.2,0.2,0.2,0.2,2026-10-03T01:13:26Z,
2026,4,2026_04_KC_LV,2026-10-04T20:25:00+00:00,00-0038579,Aidan O'Connell,QB,LV,KC,,3.416,3.972,3.972,3.972,4.259,4.002,-1.777,2.587,12.35,-1.331,13.226,-1.389,13.159,,0.0,0.0,0.0,0.0,0.0,0.0,0.0,0.0,2026-10-03T01:13:26Z,
2026,4,2026_04_GB_TB,2026-10-04T17:00:00+00:00,00-0038589,Josh Whyle,TE,GB,TB,,0.553,0.549,0.549,0.549,0.66,0.441,-0.001,0.0,1.23,0.0,1.956,-0.006,0.691,0.38,0.38,0.38,0.47,0.29,0.4,0.4,0.5,0.3,2026-10-03T01:13:26Z,
2026,4,2026_04_JAX_CIN,2026-10-04T17:00:00+00:00,00-0038597,Chase Brown,RB,CIN,JAX,,16.85,16.341,16.341,16.341,16.342,14.764,7.306,14.467,26.796,7.182,27.238,5.704,25.828,17.26,17.3,17.3,17.3,15.33,14.3,14.3,14.3,12.6,2026-10-03T01:13:26Z,
2026,4,2026_04_JAX_CIN,2026-10-04T17:00:00+00:00,00-0038606,Parker Washington,WR,JAX,CIN,,13.368,12.893,12.893,12.893,12.894,10.611,4.719,11.422,23.954,4.533,24.411,3.121,20.374,17.09,17.05,17.05,17.05,14.52,16.6,16.6,16.6,14.1,2026-10-03T01:13:26Z,
2026,4,2026_04_DAL_HOU,2026-10-04T17:00:00+00:00,00-0038608,Kayshon Boutte,WR,HOU,DAL,,6.029,5.69,5.69,5.69,5.689,4.679,0.189,4.405,13.802,0.238,13.524,0.123,10.694,6.59,6.56,6.56,6.56,5.44,5.5,5.5,5.5,4.4,2026-10-03T01:13:26Z,
2026,4,2026_04_JAX_CIN,2026-10-04T17:00:00+00:00,00-0038611,Chris Rodriguez Jr.,RB,JAX,CIN,,5.015,4.625,4.625,4.625,4.646,4.446,0.177,3.773,10.663,0.24,11.762,0.226,10.235,5.38,5.38,5.38,5.38,5.13,4.8,4.8,4.8,4.7,2026-10-03T01:13:26Z,
2026,4,2026_04_DAL_HOU,2026-10-04T17:00:00+00:00,00-0038618,Xavier Hutchinson,WR,HOU,DAL,,7.983,8.23,8.23,8.23,8.23,6.685,1.254,6.776,16.573,1.641,17.034,0.989,15.067,5.65,5.66,5.66,5.66,4.67,6.3,6.3,6.3,5.0,2026-10-03T01:13:26Z,
2026,4,2026_04_NE_BUF,2026-10-04T17:00:00+00:00,00-0038621,DeMario Douglas,WR,NE,BUF,,5.683,6.024,6.024,6.024,6.024,4.874,-0.161,4.411,14.127,-0.021,14.05,-0.1,10.972,6.13,6.12,6.12,6.12,4.91,5.8,5.8,5.8,4.5,2026-10-03T01:13:26Z,
2026,4,2026_04_ARI_NYG,2026-10-04T17:00:00+00:00,00-0038640,Jalen Brooks,WR,ARI,NYG,,0.738,0.616,0.616,0.616,0.617,0.528,0.0,0.078,3.368,0.0,2.649,0.0,2.276,0.33,0.33,0.33,0.33,0.27,0.2,0.2,0.2,0.1,2026-10-03T01:13:26Z,
2026,4,2026_04_DEN_SF,2026-10-04T20:25:00+00:00,00-0038643,Brayden Willis,TE,SF,DEN,,0.395,0.369,0.369,0.369,0.433,0.309,0.0,0.001,0.815,0.0,1.017,0.0,0.338,,0.0,0.0,0.0,0.0,0.0,0.0,0.0,0.0,2026-10-03T01:13:26Z,
2026,4,2026_04_GB_TB,2026-10-04T17:00:00+00:00,00-0038685,Chris Brooks,RB,GB,TB,,4.494,3.806,3.806,3.806,3.806,3.296,0.239,3.475,9.669,0.135,11.864,0.109,9.01,5.85,5.88,5.88,5.88,5.16,4.1,4.1,4.1,3.6,2026-10-03T01:13:26Z,
2026,4,2026_04_DAL_HOU,2026-10-04T17:00:00+00:00,00-0038705,Emari Demercado,RB,DAL,HOU,,2.47,2.455,2.455,2.455,2.464,2.23,-0.141,0.973,7.521,-0.054,8.098,-0.037,6.855,0.43,0.4,0.4,0.4,0.38,0.9,0.9,0.9,0.8,2026-10-03T01:13:26Z,
2026,4,2026_04_PIT_CLE,2026-10-02T00:15:00+00:00,00-0038710,Blake Whiteheart,TE,CLE,PIT,,1.883,1.663,1.663,1.663,2.008,1.319,-0.071,0.61,5.423,-0.009,6.731,-0.019,4.466,2.38,2.41,2.41,2.84,1.97,2.9,2.9,3.2,2.5,2026-10-01T22:51:44Z,
2026,4,2026_04_DAL_HOU,2026-10-04T17:00:00+00:00,00-0038728,Jared Wayne,WR,HOU,DAL,,4.929,5.255,5.255,5.255,5.256,4.249,-0.097,3.734,13.148,-0.13,12.283,-0.102,10.9,2.4,2.38,2.38,2.38,1.92,2.9,2.9,2.9,2.3,2026-10-03T01:13:26Z,
2026,4,2026_04_DAL_HOU,2026-10-04T17:00:00+00:00,00-0038738,Hunter Luepke,RB,DAL,HOU,,1.124,1.289,1.289,1.289,1.293,1.16,-0.112,0.633,3.51,-0.044,4.514,-0.048,3.112,0.95,0.96,0.96,0.96,0.82,0.9,0.9,0.9,0.8,2026-10-03T01:13:26Z,
2026,4,2026_04_ATL_NO,2026-10-06T00:15:00+00:00,00-0038740,Jalen Cropper,WR,NO,ATL,,0.629,0.491,0.491,0.491,0.492,0.416,-0.005,0.001,0.987,-0.002,0.671,-0.015,0.947,,0.0,0.0,0.0,0.0,0.0,0.0,0.0,0.0,2026-10-03T01:13:26Z,
2026,4,2026_04_DEN_SF,2026-10-04T20:25:00+00:00,00-0038783,Nate Adkins,TE,DEN,SF,,3.688,3.011,3.011,3.011,3.628,2.395,-0.004,2.637,9.65,0.018,10.739,-0.04,7.876,1.91,1.92,1.92,2.24,1.6,4.2,4.2,4.7,3.8,2026-10-03T01:13:26Z,
2026,4,2026_04_PIT_CLE,2026-10-02T00:15:00+00:00,00-0038794,Jaleel McLaughlin,RB,CLE,PIT,,1.63,2.008,2.008,2.008,2.009,1.806,-0.016,0.366,4.787,0.0,4.706,-0.016,4.107,0.86,0.83,0.83,0.83,0.72,1.6,1.6,1.6,1.5,2026-10-01T22:51:44Z,
2026,4,2026_04_LAC_SEA,2026-10-04T20:25:00+00:00,00-0038797,Emanuel Wilson,RB,SEA,LAC,,7.691,7.864,7.864,7.864,7.864,7.554,1.283,5.03,15.833,1.135,15.735,1.117,13.92,9.24,9.35,9.35,9.35,8.95,6.5,6.5,6.5,6.3,2026-10-03T01:13:26Z,
2026,4,2026_04_MIA_MIN,2026-10-04T20:05:00+00:00,00-0038824,Ryan Miller,WR,MIA,MIN,,3.076,2.457,2.457,2.457,2.458,2.0,-0.111,1.38,8.26,-0.128,8.313,-0.011,7.659,,0.0,0.0,0.0,0.0,3.1,3.1,3.1,2.9,2026-10-03T01:13:26Z,
2026,4,2026_04_JAX_CIN,2026-10-04T17:00:00+00:00,00-0038839,Mitchell Tinsley,WR,CIN,JAX,,1.486,2.299,2.299,2.299,2.299,1.881,-0.018,0.079,6.181,0.005,6.566,-0.014,5.217,1.35,1.38,1.38,1.38,1.12,1.4,1.4,1.4,1.1,2026-10-03T01:13:26Z,
2026,4,2026_04_DET_CAR,2026-10-05T00:20:00+00:00,00-0038840,Brycen Tremayne,WR,CAR,DET,,3.799,3.571,3.571,3.571,3.571,2.884,-0.057,1.714,10.674,-0.065,11.566,-0.06,8.726,4.0,4.0,4.0,4.0,3.16,4.5,4.5,4.5,3.6,2026-10-03T01:13:26Z,
2026,4,2026_04_DET_CAR,2026-10-05T00:20:00+00:00,00-0038896,Jacob Saylors,RB,DET,CAR,,0.562,0.713,0.713,0.713,0.714,0.654,0.0,0.001,0.875,0.0,0.882,0.0,0.828,0.3,0.28,0.28,0.28,0.26,0.2,0.2,0.2,0.1,2026-10-03T01:13:26Z,
2026,4,2026_04_NE_BUF,2026-10-04T17:00:00+00:00,00-0038933,Dalton Kincaid,TE,BUF,NE,,10.552,9.722,9.722,9.722,11.487,7.957,2.937,10.272,18.908,3.327,22.35,2.624,17.567,12.3,12.3,12.3,14.67,9.94,12.0,12.0,14.4,9.9,2026-10-03T01:13:26Z,
2026,4,2026_04_JAX_CIN,2026-10-04T17:00:00+00:00,00-0038935,Brenton Strange,TE,JAX,CIN,,8.093,8.081,8.081,8.081,9.648,6.514,1.145,7.079,17.716,1.24,19.624,0.967,14.892,9.83,9.83,9.83,11.67,8.0,9.0,9.0,10.7,7.4,2026-10-03T01:13:26Z,
2026,4,2026_04_GB_TB,2026-10-04T17:00:00+00:00,00-0038951,Sean Tucker,RB,TB,GB,,1.752,1.728,1.728,1.728,1.73,1.597,0.001,0.301,4.03,0.013,3.472,-0.012,3.914,0.41,0.43,0.43,0.43,0.41,0.5,0.5,0.5,0.5,2026-10-03T01:13:26Z,
2026,4,2026_04_DEN_SF,2026-10-04T20:25:00+00:00,00-0038976,Marvin Mims Jr.,WR,DEN,SF,,1.996,1.693,1.693,1.693,1.695,1.36,-0.004,0.602,6.167,0.004,5.647,0.008,4.983,2.05,2.07,2.07,2.07,1.7,2.0,2.0,2.0,1.6,2026-10-03T01:13:26Z,
2026,4,2026_04_MIA_MIN,2026-10-04T20:05:00+00:00,00-0038994,Jordan Addison,WR,MIN,MIA,,11.206,11.421,11.421,11.421,11.42,9.478,2.245,9.229,21.215,2.537,21.332,1.792,18.338,12.86,12.81,12.81,12.81,10.8,9.6,9.6,9.6,8.1,2026-10-03T01:13:26Z,
2026,4,2026_04_GB_TB,2026-10-04T17:00:00+00:00,00-0038996,Tucker Kraft,TE,GB,TB,,9.565,9.074,9.074,9.074,10.83,7.319,2.363,8.513,19.074,2.608,20.86,1.334,16.828,10.61,10.58,10.58,12.55,8.62,8.9,8.9,10.7,7.1,2026-10-03T01:13:26Z,
2026,4,2026_04_IND_WAS,2026-10-04T13:30:00+00:00,00-0038997,Josh Downs,WR,IND,WAS,,11.483,12.276,12.276,12.276,12.277,9.982,3.4,10.169,21.134,3.926,21.785,2.187,17.403,12.75,12.74,12.74,12.74,10.63,13.2,13.2,13.2,10.7,2026-10-03T01:13:26Z,
2026,4,2026_04_NYJ_CHI,2026-10-04T17:00:00+00:00,00-0039021,Roschon Johnson,RB,CHI,NYJ,,0.634,0.61,0.61,0.61,0.613,0.528,0.0,0.001,1.21,-0.004,0.812,0.0,0.78,0.24,0.21,0.21,0.21,0.21,0.2,0.2,0.2,0.2,2026-10-03T01:13:26Z,
2026,4,2026_04_TEN_BAL,2026-10-04T17:00:00+00:00,00-0039032,Tyjae Spears,RB,TEN,BAL,,5.922,6.479,6.479,6.479,6.479,5.514,0.434,4.437,12.498,0.407,13.317,0.299,10.588,8.01,8.03,8.03,8.03,6.84,6.4,6.4,6.4,5.5,2026-10-03T01:13:26Z,
2026,4,2026_04_ARI_NYG,2026-10-04T17:00:00+00:00,00-0039041,Elijah Higgins,TE,ARI,NYG,,2.392,2.2,2.2,2.2,2.681,1.719,-0.002,0.98,7.179,-0.005,8.252,0.004,5.895,1.75,1.74,1.74,2.15,1.33,2.7,2.7,3.4,2.0,2026-10-03T01:13:26Z,
2026,4,2026_04_GB_TB,2026-10-04T17:00:00+00:00,00-0039050,Payne Durham,TE,TB,GB,,1.015,0.959,0.959,0.959,1.17,0.748,-0.003,0.001,3.488,-0.012,3.99,0.001,2.629,0.18,0.2,0.2,0.24,0.17,0.1,0.1,0.2,0.1,2026-10-03T01:13:26Z,
2026,4,2026_04_DAL_HOU,2026-10-04T17:00:00+00:00,00-0039062,Jonathan Mingo,WR,DAL,HOU,,1.117,0.963,0.963,0.963,0.963,0.821,-0.001,0.011,3.314,-0.004,3.875,0.0,2.3,0.31,0.32,0.32,0.32,0.28,0.4,0.4,0.4,0.3,2026-10-03T01:13:26Z,
2026,4,2026_04_TEN_BAL,2026-10-04T17:00:00+00:00,00-0039064,Zay Flowers,WR,BAL,TEN,,12.727,13.369,13.369,13.369,13.37,10.983,2.649,10.325,23.303,2.443,22.711,1.828,19.185,14.9,14.88,14.88,14.88,12.56,17.5,17.5,17.8,15.1,2026-10-03T01:13:26Z,
2026,4,2026_04_DET_CAR,2026-10-05T00:20:00+00:00,00-0039065,Sam LaPorta,TE,DET,CAR,,12.598,12.577,12.577,12.577,14.803,10.352,2.933,11.041,21.804,3.338,24.246,2.23,18.55,11.11,11.12,11.12,13.41,8.83,11.5,11.5,13.8,9.1,2026-10-03T01:13:26Z,
2026,4,2026_04_KC_LV,2026-10-04T20:25:00+00:00,00-0039066,Michael Mayer,TE,LV,KC,,9.985,9.509,9.509,9.509,11.281,7.737,2.175,7.774,17.43,2.589,19.877,1.182,14.356,5.56,5.59,5.59,6.91,4.26,7.4,7.4,9.1,5.7,2026-10-03T01:13:26Z,
2026,4,2026_04_KC_LV,2026-10-04T20:25:00+00:00,00-0039067,Rashee Rice,WR,KC,LV,,15.067,14.028,14.028,14.028,14.028,11.569,4.661,12.581,26.278,4.516,26.458,3.403,22.588,14.06,14.03,14.03,14.03,11.6,11.9,11.9,11.9,9.9,2026-10-03T01:13:26Z,
2026,4,2026_04_LA_PHI,2026-10-04T17:00:00+00:00,00-0039074,Davis Allen,TE,LA,PHI,,2.971,2.906,2.906,2.906,3.493,2.32,-0.005,2.161,7.561,0.004,9.697,-0.009,6.801,1.43,1.43,1.43,1.75,1.1,1.8,1.8,2.3,1.4,2026-10-03T01:13:26Z,
2026,4,2026_04_LA_PHI,2026-10-04T17:00:00+00:00,00-0039075,Puka Nacua,WR,LA,PHI,,16.149,17.106,17.106,17.106,17.112,14.078,3.976,13.495,27.601,4.102,26.916,3.391,23.062,19.19,19.22,19.22,19.22,16.1,20.2,20.2,20.2,16.9,2026-10-03T01:13:26Z,
2026,4,2026_04_LA_PHI,2026-10-04T17:00:00+00:00,00-0039107,Stetson Bennett,QB,LA,PHI,,2.223,3.108,3.108,3.108,3.358,3.073,-1.288,0.322,10.404,-0.851,10.837,-1.174,11.611,,0.0,0.0,0.0,0.0,0.0,0.0,0.0,0.0,2026-10-03T01:13:26Z,
2026,4,2026_04_DET_CAR,2026-10-05T00:20:00+00:00,00-0039139,Jahmyr Gibbs,RB,DET,CAR,,20.634,23.704,23.704,23.704,23.707,21.353,7.966,19.107,34.724,8.562,34.751,7.471,31.882,24.8,24.88,24.88,24.88,22.44,32.1,32.1,32.4,29.0,2026-10-03T01:13:26Z,
2026,4,2026_04_DET_CAR,2026-10-05T00:20:00+00:00,00-0039150,Bryce Young,QB,CAR,DET,,16.857,18.162,18.162,18.162,19.009,18.142,3.814,16.661,30.545,4.82,29.682,4.171,30.684,18.77,18.4,18.4,18.95,18.4,23.2,23.2,24.3,23.2,2026-10-03T01:13:26Z,
2026,4,2026_04_DAL_HOU,2026-10-04T17:00:00+00:00,00-0039163,C.J. Stroud,QB,HOU,DAL,,17.7,17.145,17.145,17.145,17.645,17.139,6.442,16.596,26.596,7.637,27.503,6.021,28.573,18.39,18.22,18.22,18.59,18.22,18.4,18.4,19.0,18.4,2026-10-03T01:13:26Z,
2026,4,2026_04_IND_WAS,2026-10-04T13:30:00+00:00,00-0039164,Anthony Richardson,QB,IND,WAS,,3.734,4.885,4.885,4.885,5.039,4.794,-1.272,1.433,12.075,-0.861,12.385,-1.003,12.878,,0.0,0.0,0.0,0.0,0.0,0.0,0.0,0.0,2026-10-03T01:13:26Z,
2026,4,2026_04_LAC_SEA,2026-10-04T20:25:00+00:00,00-0039299,George Holani,RB,SEA,LAC,,6.019,5.411,5.411,5.411,5.411,4.633,0.523,3.839,14.594,0.429,14.614,0.564,12.422,7.23,7.24,7.24,7.24,6.47,6.4,6.4,6.4,5.5,2026-10-03T01:13:26Z,
2026,4,2026_04_ARI_NYG,2026-10-04T17:00:00+00:00,00-0039337,Malik Nabers,WR,NYG,ARI,,10.824,11.769,11.769,11.769,11.769,9.766,2.102,9.719,19.829,2.02,19.42,1.63,17.593,13.92,13.95,13.95,13.95,11.39,11.6,11.6,11.6,9.1,2026-10-03T01:13:26Z,
2026,4,2026_04_KC_LV,2026-10-04T20:25:00+00:00,00-0039338,Brock Bowers,TE,LV,KC,,15.807,15.024,15.024,15.024,17.931,12.119,5.416,14.706,27.564,5.446,28.522,4.139,23.798,15.34,15.32,15.32,18.45,12.18,16.1,16.1,19.5,12.8,2026-10-03T01:13:26Z,
2026,4,2026_04_IND_WAS,2026-10-04T13:30:00+00:00,00-0039355,Luke McCaffrey,WR,WAS,IND,,1.482,1.085,1.085,1.085,1.088,0.887,-0.014,0.12,4.356,0.001,4.127,-0.004,3.503,0.45,0.46,0.46,0.46,0.37,0.8,0.8,0.8,0.6,2026-10-03T01:13:26Z,
2026,4,2026_04_DET_CAR,2026-10-05T00:20:00+00:00,00-0039356,Ja'Tavion Sanders,TE,CAR,DET,,3.47,3.555,3.555,3.555,4.294,2.816,-0.116,2.634,8.468,-0.083,11.281,0.013,8.075,,0.0,0.0,0.0,0.0,0.0,0.0,0.0,0.0,2026-10-03T01:13:26Z,
2026,4,2026_04_DAL_HOU,2026-10-04T17:00:00+00:00,00-0039359,Cade Stover,TE,HOU,DAL,,1.533,1.443,1.443,1.443,1.768,1.118,-0.002,1.296,4.317,-0.013,5.453,-0.021,3.693,0.95,0.91,0.91,1.1,0.71,1.0,1.0,1.2,0.8,2026-10-03T01:13:26Z,
2026,4,2026_04_GB_TB,2026-10-04T17:00:00+00:00,00-0039361,Bucky Irving,RB,TB,GB,,12.631,13.582,13.582,13.582,13.592,12.196,5.012,11.765,21.004,5.154,21.086,4.024,20.207,14.24,14.33,14.33,14.33,12.88,15.7,15.7,15.7,13.7,2026-10-03T01:13:26Z,
2026,4,2026_04_DET_CAR,2026-10-05T00:20:00+00:00,00-0039364,Sione Vaki,RB,DET,CAR,,4.105,3.841,3.841,3.841,3.832,3.418,0.02,2.695,10.479,0.117,10.401,0.176,8.923,4.43,4.48,4.48,4.48,4.05,4.4,4.4,4.4,3.9,2026-10-03T01:13:26Z,
2026,4,2026_04_DEN_SF,2026-10-04T20:25:00+00:00,00-0039365,Jacob Cowing,WR,SF,DEN,,1.936,2.299,2.299,2.299,2.299,1.901,0.0,0.588,7.455,-0.007,7.536,-0.002,6.759,2.55,2.58,2.58,2.58,2.09,1.2,1.2,1.2,1.0,2026-10-03T01:13:26Z,
2026,4,2026_04_ATL_NO,2026-10-06T00:15:00+00:00,00-0039376,Spencer Rattler,QB,NO,ATL,,5.705,1.717,1.717,1.717,1.876,1.724,-1.016,6.287,17.795,-0.667,18.141,-1.039,17.232,,0.0,0.0,0.0,0.0,0.0,0.0,0.0,0.0,2026-10-03T01:13:26Z,
2026,4,2026_04_ARI_NYG,2026-10-04T17:00:00+00:00,00-0039384,Tyrone Tracy Jr.,RB,NYG,ARI,,2.741,3.861,3.861,3.861,3.865,3.595,-0.014,0.459,7.962,0.059,6.103,-0.045,6.177,0.79,0.78,0.78,0.78,0.72,0.3,0.3,0.3,0.3,2026-10-03T01:13:26Z,
2026,4,2026_04_LAC_SEA,2026-10-04T20:25:00+00:00,00-0039391,Kimani Vidal,RB,LAC,SEA,,3.401,4.567,4.567,4.567,4.567,4.047,-0.022,1.744,9.916,-0.075,9.022,0.03,7.517,1.7,1.71,1.71,1.71,1.4,1.5,1.5,1.5,1.3,2026-10-03T01:13:26Z,
2026,4,2026_04_KC_LV,2026-10-04T20:25:00+00:00,00-0039407,Dylan Laube,RB,LV,KC,,0.584,0.588,0.588,0.588,0.592,0.515,0.0,0.001,1.774,0.0,1.863,0.0,1.471,0.03,0.02,0.02,0.02,0.02,-0.3,-0.3,-0.3,-0.3,2026-10-03T01:13:26Z,
2026,4,2026_04_DAL_HOU,2026-10-04T17:00:00+00:00,00-0039410,Ryan Flournoy,WR,DAL,HOU,,6.863,6.988,6.988,6.988,6.988,5.601,0.909,5.391,15.021,0.951,15.06,0.579,12.772,8.13,8.1,8.1,8.1,6.49,7.4,7.4,7.4,5.7,2026-10-03T01:13:26Z,
2026,4,2026_04_ATL_NO,2026-10-06T00:15:00+00:00,00-0039424,Devaughn Vele,WR,NO,ATL,,10.112,10.195,10.195,10.195,10.204,8.282,2.722,9.314,20.414,3.113,20.46,2.04,16.302,10.35,10.34,10.34,10.34,8.4,12.5,12.5,12.5,10.1,2026-10-03T01:13:26Z,
2026,4,2026_04_NYJ_CHI,2026-10-04T17:00:00+00:00,00-0039451,Isaiah Williams,WR,NYJ,CHI,,6.068,5.913,5.913,5.913,5.913,4.721,0.146,4.826,14.024,0.263,13.095,0.215,11.272,6.86,6.92,6.92,6.92,5.31,5.6,5.6,5.6,4.2,2026-10-03T01:13:26Z,
2026,4,2026_04_NE_BUF,2026-10-04T17:00:00+00:00,00-0039471,Frank Gore Jr.,RB,BUF,NE,,0.977,1.191,1.191,1.191,1.193,1.065,-0.016,0.028,3.55,-0.004,3.536,-0.009,2.845,,0.0,0.0,0.0,0.0,0.0,0.0,0.0,0.0,2026-10-03T01:13:26Z,
2026,4,2026_04_LAC_SEA,2026-10-04T20:25:00+00:00,00-0039489,Hayden Rucci,TE,LAC,SEA,,1.341,0.725,0.725,0.725,0.888,0.567,0.0,0.171,4.257,-0.008,6.086,-0.004,2.986,1.44,1.44,1.44,1.76,1.13,1.0,1.0,1.3,0.8,2026-10-03T01:13:26Z,
2026,4,2026_04_DET_CAR,2026-10-05T00:20:00+00:00,00-0039491,Jalen Coker,WR,CAR,DET,,9.698,9.551,9.551,9.551,9.551,7.727,2.713,9.103,21.336,2.719,21.261,2.153,17.533,14.91,14.89,14.89,14.89,12.33,17.8,17.8,18.2,14.8,2026-10-03T01:13:26Z,
2026,4,2026_04_ATL_NO,2026-10-06T00:15:00+00:00,00-0039518,Treyton Welch,TE,NO,ATL,,0.313,0.263,0.263,0.263,0.324,0.2,0.0,0.001,0.414,0.0,0.685,0.0,0.093,,0.0,0.0,0.0,0.0,0.0,0.0,0.0,0.0,2026-10-03T01:13:26Z,
2026,4,2026_04_DAL_HOU,2026-10-04T17:00:00+00:00,00-0039530,Brevyn Spann-Ford,TE,DAL,HOU,,1.208,1.413,1.413,1.413,1.728,1.098,0.002,0.377,3.987,-0.003,4.524,0.002,3.264,1.24,1.27,1.27,1.52,1.01,1.7,1.7,2.1,1.3,2026-10-03T01:13:26Z,
2026,4,2026_04_GB_TB,2026-10-04T17:00:00+00:00,00-0039589,Kameron Johnson,WR,TB,GB,,0.765,0.55,0.55,0.55,0.552,0.461,0.0,0.001,1.127,0.0,1.039,0.0,0.979,0.44,0.4,0.4,0.4,0.33,0.2,0.2,0.2,0.2,2026-10-03T01:13:26Z,
2026,4,2026_04_TEN_BAL,2026-10-04T17:00:00+00:00,00-0039648,David Martin-Robinson,TE,TEN,BAL,,0.402,0.349,0.349,0.349,0.416,0.285,0.0,0.001,0.916,0.0,1.182,-0.016,0.553,,0.0,0.0,0.0,0.0,0.0,0.0,0.0,0.0,2026-10-03T01:13:26Z,
2026,4,2026_04_IND_WAS,2026-10-04T13:30:00+00:00,00-0039686,Colson Yankoff,TE,WAS,IND,,1.579,1.752,1.752,1.752,2.13,1.375,-0.001,0.509,6.107,0.0,6.247,0.001,4.841,,0.0,0.0,0.0,0.0,0.6,0.6,0.8,0.5,2026-10-03T01:13:26Z,
2026,4,2026_04_MIA_MIN,2026-10-04T20:05:00+00:00,00-0039710,Jeshaun Jones,WR,MIN,MIA,,0.83,0.744,0.744,0.744,0.752,0.648,-0.092,-0.046,4.215,-0.104,4.642,-0.139,3.835,,0.0,0.0,0.0,0.0,0.0,0.0,0.0,0.0,2026-10-03T01:13:26Z,
2026,4,2026_04_DEN_SF,2026-10-04T20:25:00+00:00,00-0039732,Bo Nix,QB,DEN,SF,,16.698,15.624,15.624,15.624,16.169,15.62,7.489,16.074,26.174,8.093,26.86,6.972,25.924,18.34,18.13,18.13,18.49,18.13,15.4,15.4,16.0,15.4,2026-10-03T01:13:26Z,
2026,4,2026_04_LA_PHI,2026-10-04T17:00:00+00:00,00-0039738,Blake Corum,RB,LA,PHI,,6.324,7.18,7.18,7.18,7.181,6.57,0.961,5.38,14.026,0.737,14.8,0.656,13.836,7.08,7.08,7.08,7.08,6.75,6.3,6.3,6.3,5.9,2026-10-03T01:13:26Z,
2026,4,2026_04_PIT_CLE,2026-10-02T00:15:00+00:00,00-0039739,Roman Wilson,WR,PIT,CLE,,6.777,6.825,6.825,6.825,6.826,5.62,0.873,6.183,15.902,0.87,16.224,0.477,12.81,5.14,5.16,5.16,5.16,4.18,8.1,8.1,8.1,6.6,2026-10-01T22:51:44Z,
2026,4,2026_04_LA_PHI,2026-10-04T17:00:00+00:00,00-0039746,Will Shipley,RB,PHI,LA,,3.766,3.577,3.577,3.577,3.578,3.015,0.054,2.379,8.522,-0.002,8.838,0.04,7.675,2.34,2.38,2.38,2.38,1.93,2.6,2.6,2.6,2.1,2026-10-03T01:13:26Z,
2026,4,2026_04_LA_PHI,2026-10-04T17:00:00+00:00,00-0039751,Jordan Whittington,WR,LA,PHI,,1.564,1.85,1.85,1.85,1.85,1.499,-0.005,0.518,5.188,-0.002,5.802,-0.001,4.442,0.82,0.83,0.83,0.83,0.67,0.9,0.9,0.9,0.7,2026-10-03T01:13:26Z,
2026,4,2026_04_TEN_BAL,2026-10-04T17:00:00+00:00,00-0039792,Devontez Walker,WR,BAL,TEN,,2.413,2.707,2.707,2.707,2.708,2.239,-0.006,0.777,7.884,0.027,7.975,0.007,6.508,3.27,3.26,3.26,3.26,2.82,4.8,4.8,4.8,4.3,2026-10-03T01:13:26Z,
2026,4,2026_04_LAC_SEA,2026-10-04T20:25:00+00:00,00-0039793,AJ Barner,TE,SEA,LAC,,9.46,9.038,9.038,9.038,10.773,7.304,1.608,8.207,18.208,1.876,19.765,0.934,15.763,9.29,9.29,9.29,10.91,7.67,8.4,8.4,9.9,7.0,2026-10-03T01:13:26Z,
2026,4,2026_04_NYJ_CHI,2026-10-04T17:00:00+00:00,00-0039794,Braelon Allen,RB,NYJ,CHI,,7.058,6.669,6.669,6.669,6.67,5.863,0.567,5.575,14.211,0.459,16.523,0.557,13.128,12.78,12.87,12.87,12.87,11.99,9.2,9.2,9.2,8.5,2026-10-03T01:13:26Z,
2026,4,2026_04_TEN_BAL,2026-10-04T17:00:00+00:00,00-0039796,Rasheen Ali,RB,BAL,TEN,,0.821,0.889,0.889,0.889,0.892,0.763,-0.004,0.001,1.022,-0.003,1.421,0.0,1.296,0.41,0.42,0.42,0.42,0.38,0.2,0.2,0.2,0.2,2026-10-03T01:13:26Z,
2026,4,2026_04_NYJ_CHI,2026-10-04T17:00:00+00:00,00-0039798,Isaiah Davis,RB,NYJ,CHI,,1.489,1.289,1.289,1.289,1.292,1.107,-0.003,0.259,3.381,-0.005,3.187,-0.017,3.046,7.72,7.74,7.74,7.74,7.01,4.3,4.3,4.3,3.9,2026-10-03T01:13:26Z,
2026,4,2026_04_GB_TB,2026-10-04T17:00:00+00:00,00-0039811,MarShawn Lloyd,RB,GB,TB,,6.364,7.024,7.024,7.024,7.025,6.393,0.528,5.013,14.149,0.639,14.718,0.573,12.896,8.0,7.99,7.99,7.99,7.22,6.5,6.5,6.5,5.8,2026-10-03T01:13:26Z,
2026,4,2026_04_JAX_CIN,2026-10-04T17:00:00+00:00,00-0039814,Erick All,TE,CIN,JAX,,1.377,1.815,1.815,1.815,2.157,1.475,-0.003,0.353,4.911,0.0,5.869,-0.001,3.985,2.89,2.89,2.89,3.51,2.26,2.6,2.6,3.2,1.9,2026-10-03T01:13:26Z,
2026,4,2026_04_IND_WAS,2026-10-04T13:30:00+00:00,00-0039816,Anthony Gould,WR,IND,WAS,,0.777,0.672,0.672,0.672,0.675,0.582,-0.003,0.001,1.195,0.0,0.765,0.0,0.737,0.24,0.25,0.25,0.25,0.2,0.4,0.4,0.4,0.3,2026-10-03T01:13:26Z,
2026,4,2026_04_KC_LV,2026-10-04T20:25:00+00:00,00-0039824,Jared Wiley,TE,KC,LV,,0.858,0.986,0.986,0.986,1.157,0.819,-0.074,-0.027,4.375,-0.062,4.632,-0.087,3.25,,0.0,0.0,0.0,0.0,0.0,0.0,0.0,0.0,2026-10-03T01:13:26Z,
2026,4,2026_04_ARI_NYG,2026-10-04T17:00:00+00:00,00-0039847,Theo Johnson,TE,NYG,ARI,,2.175,3.174,3.174,3.174,3.826,2.524,0.01,1.55,6.124,-0.077,6.926,-0.067,4.274,3.11,3.13,3.13,3.67,2.6,2.7,2.7,3.2,2.2,2026-10-03T01:13:26Z,
2026,4,2026_04_ARI_NYG,2026-10-04T17:00:00+00:00,00-0039849,Marvin Harrison Jr.,WR,ARI,NYG,,7.551,7.173,7.173,7.173,7.175,5.901,0.524,6.035,15.991,0.443,15.711,0.281,13.365,5.47,5.49,5.49,5.49,4.56,4.8,4.8,4.8,4.0,2026-10-03T01:13:26Z,
2026,4,2026_04_NE_BUF,2026-10-04T17:00:00+00:00,00-0039851,Drake Maye,QB,NE,BUF,,15.244,15.365,15.365,15.365,15.95,15.351,3.4,14.232,26.612,4.716,28.224,4.03,26.76,17.91,17.35,17.35,18.06,17.35,13.1,13.1,14.6,13.1,2026-10-03T01:13:26Z,
2026,4,2026_04_DEN_SF,2026-10-04T20:25:00+00:00,00-0039868,Troy Franklin,WR,DEN,SF,,3.472,3.385,3.385,3.385,3.385,2.749,0.171,1.736,10.534,0.101,9.796,0.037,8.312,2.5,2.47,2.47,2.47,2.02,2.3,2.3,2.3,2.0,2026-10-03T01:13:26Z,
2026,4,2026_04_MIA_MIN,2026-10-04T20:05:00+00:00,00-0039874,Jaylen Wright,RB,MIA,MIN,,2.542,2.375,2.375,2.375,2.388,2.16,-0.134,0.876,6.39,-0.054,6.461,-0.121,5.719,4.38,4.41,4.41,4.41,3.85,3.4,3.4,3.4,2.9,2026-10-03T01:13:26Z,
2026,4,2026_04_NE_BUF,2026-10-04T17:00:00+00:00,00-0039875,Ray Davis,RB,BUF,NE,,1.457,1.169,1.169,1.169,1.171,1.047,-0.008,0.285,4.119,-0.001,4.082,0.019,3.226,1.06,1.09,1.09,1.09,1.04,3.0,3.0,3.2,2.9,2026-10-03T01:13:26Z,
2026,4,2026_04_MIA_MIN,2026-10-04T20:05:00+00:00,00-0039880,Malik Washington,WR,MIA,MIN,,9.116,9.94,9.94,9.94,9.941,8.089,1.717,8.612,18.931,2.232,19.359,1.097,16.379,9.0,9.0,9.0,9.0,7.25,9.2,9.2,9.2,7.2,2026-10-03T01:13:26Z,
2026,4,2026_04_JAX_CIN,2026-10-04T17:00:00+00:00,00-0039893,Brian Thomas Jr.,WR,JAX,CIN,,6.707,7.657,7.657,7.657,7.657,6.285,0.185,5.344,14.99,0.252,15.846,0.179,11.679,7.72,7.71,7.71,7.71,6.45,6.4,6.4,6.4,5.2,2026-10-03T01:13:26Z,
2026,4,2026_04_KC_LV,2026-10-04T20:25:00+00:00,00-0039894,Xavier Worthy,WR,KC,LV,,10.377,9.11,9.11,9.11,9.11,7.425,1.819,8.965,17.677,2.142,18.355,1.103,14.71,9.69,9.71,9.71,9.71,8.12,7.7,7.7,7.7,6.2,2026-10-03T01:13:26Z,
2026,4,2026_04_NE_BUF,2026-10-04T17:00:00+00:00,00-0039901,Keon Coleman,WR,BUF,NE,,6.728,6.256,6.256,6.256,6.257,5.144,0.098,5.299,14.798,0.238,15.49,0.188,12.021,4.85,4.86,4.86,4.86,3.92,5.5,5.5,5.5,4.3,2026-10-03T01:13:26Z,
2026,4,2026_04_IND_WAS,2026-10-04T13:30:00+00:00,00-0039912,Ben Sinnott,TE,WAS,IND,,2.29,2.074,2.074,2.074,2.553,1.595,0.027,0.858,6.227,0.005,7.111,-0.008,5.171,0.53,0.53,0.53,0.64,0.41,1.0,1.0,1.3,0.7,2026-10-03T01:13:26Z,
2026,4,2026_04_LAC_SEA,2026-10-04T20:25:00+00:00,00-0039915,Ladd McConkey,WR,LAC,SEA,,10.186,9.366,9.366,9.366,9.366,7.443,1.968,8.637,19.623,1.825,19.154,1.553,16.494,12.12,12.08,12.08,12.08,9.96,11.0,11.0,11.0,9.1,2026-10-03T01:13:26Z,
2026,4,2026_04_ATL_NO,2026-10-06T00:15:00+00:00,00-0039917,Michael Penix Jr.,QB,ATL,NO,,14.19,13.765,13.765,13.765,14.499,13.742,3.43,12.662,24.252,4.492,25.045,2.774,23.853,14.67,14.43,14.43,14.89,14.43,13.9,13.9,14.3,13.9,2026-10-03T01:13:26Z,
2026,4,2026_04_NYJ_CHI,2026-10-04T17:00:00+00:00,00-0039919,Rome Odunze,WR,CHI,NYJ,,10.746,10.575,10.575,10.575,10.575,8.777,1.698,9.301,20.841,2.087,20.137,1.312,16.661,8.11,8.11,8.11,8.11,6.76,7.4,7.4,7.4,6.1,2026-10-03T01:13:26Z,
2026,4,2026_04_PIT_CLE,2026-10-02T00:15:00+00:00,00-0039920,Malachi Corley,WR,CLE,PIT,,1.149,0.915,0.915,0.915,0.917,0.777,-0.005,0.018,3.385,0.0,2.74,0.008,2.711,0.21,0.18,0.18,0.18,0.16,-0.3,-0.3,-0.3,-0.3,2026-10-01T22:51:44Z,
2026,4,2026_04_ARI_NYG,2026-10-04T17:00:00+00:00,00-0039923,J.J. McCarthy,QB,NYG,ARI,,8.825,7.811,7.811,7.811,8.238,7.674,0.211,7.402,21.288,0.2,22.093,-0.244,21.094,,0.0,0.0,0.0,0.0,0.0,0.0,0.0,0.0,2026-10-03T01:13:26Z,
2026,4,2026_04_MIA_MIN,2026-10-04T20:05:00+00:00,00-0040014,Kyle McCord,QB,MIA,MIN,,2.967,4.091,4.091,4.091,4.473,3.922,-1.137,0.304,10.591,-0.606,11.057,-1.009,10.855,,0.0,0.0,0.0,0.0,0.0,0.0,0.0,0.0,2026-10-03T01:13:26Z,
2026,4,2026_04_LA_PHI,2026-10-04T17:00:00+00:00,00-0040024,Darius Cooper,WR,PHI,LA,,1.456,1.429,1.429,1.429,1.429,1.185,-0.014,0.055,4.519,-0.01,4.11,0.001,3.398,5.7,5.72,5.72,5.72,4.52,4.6,4.6,4.6,3.8,2026-10-03T01:13:26Z,
2026,4,2026_04_LAC_SEA,2026-10-04T20:25:00+00:00,00-0040058,Nick Kallerup,TE,SEA,LAC,,0.431,0.338,0.338,0.338,0.384,0.296,0.0,0.001,0.678,0.0,0.277,0.0,0.432,,0.0,0.0,0.0,0.0,0.0,0.0,0.0,0.0,2026-10-03T01:13:26Z,
2026,4,2026_04_TEN_BAL,2026-10-04T17:00:00+00:00,00-0040075,LaJohntay Wester,WR,BAL,TEN,,1.758,1.738,1.738,1.738,1.739,1.421,0.003,0.344,5.558,-0.007,6.03,0.001,5.446,0.74,0.74,0.74,0.74,0.62,1.4,1.4,1.4,1.1,2026-10-03T01:13:26Z,
2026,4,2026_04_KC_LV,2026-10-04T20:25:00+00:00,00-0040078,Brashard Smith,RB,KC,LV,,1.783,1.691,1.691,1.691,1.691,1.425,-0.015,0.501,5.36,-0.013,5.893,0.003,4.273,0.25,0.3,0.3,0.3,0.28,1.6,1.6,1.6,1.4,2026-10-03T01:13:26Z,
2026,4,2026_04_KC_LV,2026-10-04T20:25:00+00:00,00-0040081,Jake Briningstool,TE,KC,LV,,0.994,1.315,1.315,1.315,1.54,1.091,0.0,0.115,3.702,-0.031,4.361,-0.003,3.259,0.79,0.8,0.8,0.95,0.65,0.9,0.9,1.1,0.7,2026-10-03T01:13:26Z,
2026,4,2026_04_KC_LV,2026-10-04T20:25:00+00:00,00-0040122,Ashton Jeanty,RB,LV,KC,,17.564,17.245,17.245,17.245,17.246,15.301,6.002,15.097,29.131,5.687,28.978,5.287,27.884,15.53,15.63,15.63,15.63,13.85,16.8,16.8,17.1,14.8,2026-10-03T01:13:26Z,
2026,4,2026_04_DET_CAR,2026-10-05T00:20:00+00:00,00-0040124,Tetairoa McMillan,WR,CAR,DET,,13.949,13.804,13.804,13.804,13.805,11.348,4.04,11.453,23.286,4.082,23.217,2.969,20.151,13.97,13.95,13.95,13.95,11.65,13.1,13.1,13.5,10.7,2026-10-03T01:13:26Z,
2026,4,2026_04_NYJ_CHI,2026-10-04T17:00:00+00:00,00-0040126,Colston Loveland,TE,CHI,NYJ,,8.715,7.495,7.495,7.495,9.033,5.957,1.015,7.407,17.623,1.158,20.088,0.569,15.215,9.92,9.91,9.91,11.67,8.16,5.8,5.8,7.0,4.6,2026-10-03T01:13:26Z,
2026,4,2026_04_IND_WAS,2026-10-04T13:30:00+00:00,00-0040128,Tyler Warren,TE,IND,WAS,,14.1,14.613,14.613,14.613,17.342,11.884,4.05,12.346,23.653,4.242,25.509,3.163,20.203,12.14,12.12,12.12,14.51,9.73,14.0,14.0,17.0,11.0,2026-10-03T01:13:26Z,
2026,4,2026_04_GB_TB,2026-10-04T17:00:00+00:00,00-0040129,Emeka Egbuka,WR,TB,GB,,11.495,11.69,11.69,11.69,11.691,9.46,3.04,10.287,20.504,3.108,20.577,2.175,17.955,10.37,10.38,10.38,10.38,8.61,11.3,11.3,11.3,9.2,2026-10-03T01:13:26Z,
2026,4,2026_04_NE_BUF,2026-10-04T17:00:00+00:00,00-0040131,Kyle Williams,WR,NE,BUF,,3.142,3.521,3.521,3.521,3.521,2.88,0.005,1.56,8.962,-0.003,8.712,-0.005,6.982,3.39,3.38,3.38,3.38,2.84,3.0,3.0,3.0,2.5,2026-10-03T01:13:26Z,
2026,4,2026_04_DEN_SF,2026-10-04T20:25:00+00:00,00-0040134,Pat Bryant,WR,DEN,SF,,7.492,6.723,6.723,6.723,6.724,5.497,0.67,5.766,15.484,0.798,15.755,0.556,13.612,7.59,7.57,7.57,7.57,6.16,7.4,7.4,7.4,6.3,2026-10-03T01:13:26Z,
2026,4,2026_04_DAL_HOU,2026-10-04T17:00:00+00:00,00-0040138,Jaylin Noel,WR,HOU,DAL,,5.201,4.395,4.395,4.395,4.395,3.553,-0.013,3.973,12.087,0.156,12.054,0.104,10.049,2.16,2.13,2.13,2.13,1.8,3.8,3.8,3.8,3.3,2026-10-03T01:13:26Z,
2026,4,2026_04_GB_TB,2026-10-04T17:00:00+00:00,00-0040142,Kaleb Johnson,RB,GB,TB,,5.225,5.774,5.774,5.774,5.775,5.291,-0.029,3.274,11.423,0.021,11.367,0.163,11.193,5.7,5.75,5.75,5.75,5.18,3.7,3.7,3.7,3.4,2026-10-03T01:13:26Z,
2026,4,2026_04_MIA_MIN,2026-10-04T20:05:00+00:00,00-0040154,Tai Felton,WR,MIN,MIA,,2.478,2.663,2.663,2.663,2.663,2.167,0.005,0.623,7.656,0.001,7.013,0.004,6.035,5.4,5.37,5.37,5.37,4.25,3.8,3.8,3.8,3.0,2026-10-03T01:13:26Z,
2026,4,2026_04_IND_WAS,2026-10-04T13:30:00+00:00,00-0040164,Jaylin Lane,WR,WAS,IND,,1.556,1.627,1.627,1.627,1.628,1.297,0.0,0.078,4.831,-0.001,4.815,0.0,3.877,0.61,0.63,0.63,0.63,0.54,1.1,1.1,1.1,0.9,2026-10-03T01:13:26Z,
2026,4,2026_04_TEN_BAL,2026-10-04T17:00:00+00:00,00-0040170,Elic Ayomanor,WR,TEN,BAL,,6.666,6.452,6.452,6.452,6.452,5.245,0.097,5.321,14.75,0.064,14.45,-0.034,11.899,5.86,5.84,5.84,5.84,4.91,6.5,6.5,6.5,5.7,2026-10-03T01:13:26Z,
2026,4,2026_04_DEN_SF,2026-10-04T20:25:00+00:00,00-0040172,Jordan Watkins,WR,SF,DEN,,3.411,2.792,2.792,2.792,2.792,2.279,0.123,1.466,9.75,0.211,10.784,0.054,8.237,1.81,1.82,1.82,1.82,1.5,2.3,2.3,2.3,1.9,2026-10-03T01:13:26Z,
2026,4,2026_04_DEN_SF,2026-10-04T20:25:00+00:00,00-0040177,Jordan James,RB,SF,DEN,,2.509,2.2,2.2,2.2,2.192,2.039,-0.076,0.774,6.936,-0.034,6.988,-0.085,6.014,0.66,0.67,0.67,0.67,0.64,1.0,1.0,1.0,0.9,2026-10-03T01:13:26Z,
2026,4,2026_04_IND_WAS,2026-10-04T13:30:00+00:00,00-0040179,DJ Giddens,RB,IND,WAS,,1.832,2.195,2.195,2.195,2.199,1.915,-0.093,0.499,5.207,-0.154,6.036,-0.014,5.266,,0.0,0.0,0.0,0.0,0.0,0.0,0.0,0.0,2026-10-03T01:13:26Z,
2026,4,2026_04_DET_CAR,2026-10-05T00:20:00+00:00,00-0040187,Mitchell Evans,TE,CAR,DET,,3.458,3.413,3.413,3.413,4.064,2.762,-0.036,1.795,9.526,-0.017,10.77,-0.018,8.164,1.76,1.76,1.76,2.14,1.37,3.0,3.0,3.7,2.3,2026-10-03T01:13:26Z,
2026,4,2026_04_LAC_SEA,2026-10-04T20:25:00+00:00,00-0040189,Oronde Gadsden II,TE,LAC,SEA,,4.75,4.721,4.721,4.721,5.749,3.693,-0.008,3.25,10.723,0.034,11.936,0.022,9.103,6.65,6.65,6.65,7.89,5.42,5.7,5.7,6.6,4.7,2026-10-03T01:13:26Z,
2026,4,2026_04_NE_BUF,2026-10-04T17:00:00+00:00,00-0040194,Jackson Hawes,TE,BUF,NE,,1.97,1.493,1.493,1.493,1.787,1.2,-0.003,1.315,5.724,0.005,6.763,-0.002,4.296,0.81,0.81,0.81,0.98,0.63,1.0,1.0,1.2,0.7,2026-10-03T01:13:26Z,
2026,4,2026_04_MIA_MIN,2026-10-04T20:05:00+00:00,00-0040198,Ollie Gordon II,RB,MIA,MIN,,8.185,7.096,7.096,7.096,7.101,6.444,0.828,5.84,17.012,0.711,16.664,0.785,14.763,8.55,8.64,8.64,8.64,7.86,6.5,6.5,6.5,5.8,2026-10-03T01:13:26Z,
2026,4,2026_04_PIT_CLE,2026-10-02T00:15:00+00:00,00-0040203,Will Howard,QB,PIT,CLE,,2.167,4.008,4.008,4.008,4.249,3.868,-1.108,0.227,10.74,-0.606,11.044,-0.931,10.478,,0.0,0.0,0.0,0.0,0.0,0.0,0.0,0.0,2026-10-01T22:51:44Z,
2026,4,2026_04_IND_WAS,2026-10-04T13:30:00+00:00,00-0040206,Riley Leonard,QB,IND,WAS,,3.344,4.528,4.528,4.528,4.764,4.46,-1.492,1.693,11.013,-1.045,11.717,-1.227,11.68,,0.0,0.0,0.0,0.0,0.0,0.0,0.0,0.0,2026-10-03T01:13:26Z,
2026,4,2026_04_JAX_CIN,2026-10-04T17:00:00+00:00,00-0040208,Tahj Brooks,RB,CIN,JAX,,0.771,0.633,0.633,0.633,0.637,0.558,-0.037,-0.001,1.406,-0.002,1.554,-0.001,0.929,0.58,0.58,0.58,0.58,0.54,0.6,0.6,0.6,0.6,2026-10-03T01:13:26Z,
2026,4,2026_04_MIA_MIN,2026-10-04T20:05:00+00:00,00-0040215,Gavin Bartholomew,TE,MIN,MIA,,0.827,0.71,0.71,0.71,0.826,0.597,-0.047,0.001,1.906,-0.02,2.54,-0.001,1.646,2.14,2.14,2.14,2.58,1.71,2.2,2.2,2.7,1.8,2026-10-03T01:13:26Z,
2026,4,2026_04_DET_CAR,2026-10-05T00:20:00+00:00,00-0040218,Jimmy Horn Jr.,WR,CAR,DET,,1.257,1.954,1.954,1.954,1.954,1.621,0.01,0.354,4.413,-0.005,4.671,-0.018,3.522,,0.0,0.0,0.0,0.0,0.0,0.0,0.0,0.0,2026-10-03T01:13:26Z,
2026,4,2026_04_ARI_NYG,2026-10-04T17:00:00+00:00,00-0040225,Thomas Fidone II,TE,NYG,ARI,,0.84,0.754,0.754,0.754,0.909,0.614,-0.06,-0.016,3.529,-0.075,3.414,-0.041,2.513,,0.0,0.0,0.0,0.0,0.0,0.0,0.0,0.0,2026-10-03T01:13:26Z,
2026,4,2026_04_JAX_CIN,2026-10-04T17:00:00+00:00,00-0040234,Quinn Ewers,QB,JAX,CIN,,1.971,1.784,1.784,1.784,1.961,1.814,-0.983,0.24,9.09,-0.663,8.705,-1.065,9.648,,0.0,0.0,0.0,0.0,0.0,0.0,0.0,0.0,2026-10-03T01:13:26Z,
2026,4,2026_04_NYJ_CHI,2026-10-04T17:00:00+00:00,00-0040236,Kyle Monangai,RB,CHI,NYJ,,7.54,7.754,7.754,7.754,7.754,7.137,1.051,7.123,15.262,1.074,15.317,0.888,14.504,8.14,8.2,8.2,8.2,7.65,9.8,9.8,10.2,9.2,2026-10-03T01:13:26Z,
2026,4,2026_04_GB_TB,2026-10-04T17:00:00+00:00,00-0040237,Tez Johnson,WR,TB,GB,,4.113,3.779,3.779,3.779,3.779,3.044,-0.024,2.188,11.331,0.0,10.37,-0.009,9.302,2.66,2.67,2.67,2.67,2.22,2.7,2.7,2.7,2.3,2026-10-03T01:13:26Z,
2026,4,2026_04_JAX_CIN,2026-10-04T17:00:00+00:00,00-0040238,LeQuint Allen Jr.,RB,JAX,CIN,,1.585,1.982,1.982,1.982,1.982,1.627,-0.008,0.401,5.075,-0.019,5.554,0.003,4.034,1.93,1.93,1.93,1.93,1.56,1.5,1.5,1.5,1.1,2026-10-03T01:13:26Z,
2026,4,2026_04_IND_WAS,2026-10-04T13:30:00+00:00,00-0040242,Jacory Croskey-Merritt,RB,WAS,IND,,10.699,11.187,11.187,11.187,11.188,10.658,3.266,8.66,20.278,2.883,19.926,2.552,18.311,13.36,13.4,13.4,13.4,12.71,11.6,11.6,11.6,11.0,2026-10-03T01:13:26Z,
2026,4,2026_04_NYJ_CHI,2026-10-04T17:00:00+00:00,00-0040277,Jahdae Walker,WR,CHI,NYJ,,1.426,1.068,1.068,1.068,1.068,0.89,0.0,0.163,4.062,-0.004,4.215,0.0,3.309,1.04,1.02,1.02,1.02,0.86,1.0,1.0,1.0,0.8,2026-10-03T01:13:26Z,
2026,4,2026_04_LAC_SEA,2026-10-04T20:25:00+00:00,00-0040331,Patrick Herbert,TE,LAC,SEA,,0.501,0.538,0.538,0.538,0.621,0.456,-0.01,0.001,1.347,0.0,1.522,0.0,1.235,,0.0,0.0,0.0,0.0,0.0,0.0,0.0,0.0,2026-10-03T01:13:26Z,
2026,4,2026_04_NE_BUF,2026-10-04T17:00:00+00:00,00-0040363,Keleki Latu,TE,BUF,NE,,0.558,0.516,0.516,0.516,0.615,0.419,0.0,0.001,0.788,0.0,1.02,0.0,0.45,,0.0,0.0,0.0,0.0,0.5,0.5,0.6,0.3,2026-10-03T01:13:26Z,
2026,4,2026_04_DET_CAR,2026-10-05T00:20:00+00:00,00-0040390,Jackson Meeks,TE,DET,CAR,,0.79,0.76,0.76,0.76,0.92,0.597,-0.001,0.096,2.973,0.0,3.677,0.0,2.724,,0.0,0.0,0.0,0.0,0.5,0.5,0.5,0.3,2026-10-03T01:13:26Z,
2026,4,2026_04_DET_CAR,2026-10-05T00:20:00+00:00,00-0040394,Anthony Tyus III,RB,CAR,DET,,0.921,0.862,0.862,0.862,0.865,0.759,-0.001,0.001,2.331,0.0,2.168,0.0,1.934,,0.0,0.0,0.0,0.0,0.0,0.0,0.0,0.0,2026-10-03T01:13:26Z,
2026,4,2026_04_MIA_MIN,2026-10-04T20:05:00+00:00,00-0040398,Brady Cook,QB,MIA,MIN,,3.859,5.589,5.589,5.589,6.105,5.633,-1.463,2.933,13.333,-1.445,14.729,-1.244,12.923,,0.0,0.0,0.0,0.0,0.0,0.0,0.0,0.0,2026-10-03T01:13:26Z,
2026,4,2026_04_NYJ_CHI,2026-10-04T17:00:00+00:00,00-0040405,Jamaal Pritchett,WR,NYJ,CHI,,0.87,0.76,0.76,0.76,0.762,0.654,-0.001,0.001,2.06,-0.001,2.207,-0.003,2.001,,0.0,0.0,0.0,0.0,0.0,0.0,0.0,0.0,2026-10-03T01:13:26Z,
2026,4,2026_04_GB_TB,2026-10-04T17:00:00+00:00,00-0040429,Josh Williams,RB,TB,GB,,0.803,0.784,0.784,0.784,0.807,0.712,-0.001,0.019,1.645,-0.002,1.595,-0.008,1.229,,0.0,0.0,0.0,0.0,0.0,0.0,0.0,0.0,2026-10-03T01:13:26Z,
2026,4,2026_04_LAC_SEA,2026-10-04T20:25:00+00:00,00-0040464,DJ Uiagalelei,QB,LAC,SEA,,2.297,3.808,3.808,3.808,4.163,3.694,-1.171,-0.044,9.83,-0.628,10.327,-1.051,9.921,,0.0,0.0,0.0,0.0,0.0,0.0,0.0,0.0,2026-10-03T01:13:26Z,
2026,4,2026_04_PIT_CLE,2026-10-02T00:15:00+00:00,00-0040466,Raheim Sanders,RB,CLE,PIT,,5.867,5.538,5.538,5.538,5.538,4.57,0.536,4.6,12.02,0.285,13.546,0.273,9.974,5.2,5.22,5.22,5.22,4.36,5.7,5.7,5.7,4.5,2026-10-01T22:51:44Z,
2026,4,2026_04_MIA_MIN,2026-10-04T20:05:00+00:00,00-0040494,Max Brosmer,QB,MIN,MIA,,2.134,2.153,2.153,2.153,2.338,2.164,-1.568,0.264,10.548,-1.11,10.872,-1.164,10.381,,0.0,0.0,0.0,0.0,0.0,0.0,0.0,0.0,2026-10-03T01:13:26Z,
2026,4,2026_04_MIA_MIN,2026-10-04T20:05:00+00:00,00-0040506,Myles Price,WR,MIN,MIA,,1.039,0.768,0.768,0.768,0.769,0.625,0.001,0.028,3.128,0.0,3.821,-0.002,3.045,0.52,0.53,0.53,0.53,0.44,0.2,0.2,0.2,0.2,2026-10-03T01:13:26Z,
2026,4,2026_04_JAX_CIN,2026-10-04T17:00:00+00:00,00-0040534,Ke'Shawn Williams,WR,CIN,JAX,,0.736,0.562,0.562,0.562,0.564,0.472,-0.002,0.001,0.998,0.0,1.07,0.0,1.161,,0.0,0.0,0.0,0.0,0.0,0.0,0.0,0.0,2026-10-03T01:13:26Z,
2026,4,2026_04_NE_BUF,2026-10-04T17:00:00+00:00,00-0040556,Corey Kiner,RB,NE,BUF,,3.244,3.554,3.554,3.554,3.555,3.348,-0.046,1.59,9.257,-0.007,8.724,-0.059,9.159,0.58,0.56,0.56,0.56,0.54,1.2,1.2,1.2,1.1,2026-10-03T01:13:26Z,
2026,4,2026_04_NE_BUF,2026-10-04T17:00:00+00:00,00-0040563,Efton Chism III,WR,NE,BUF,,1.901,2.277,2.277,2.277,2.276,1.869,-0.016,0.28,6.242,0.0,6.362,-0.004,4.736,1.94,1.91,1.91,1.91,1.56,2.3,2.3,2.3,1.9,2026-10-03T01:13:26Z,
2026,4,2026_04_NE_BUF,2026-10-04T17:00:00+00:00,00-0040568,Lan Larison,RB,NE,BUF,,1.72,2.216,2.216,2.216,2.217,1.859,-0.028,0.341,7.431,-0.098,7.026,-0.044,6.978,,0.0,0.0,0.0,0.0,0.0,0.0,0.0,0.0,2026-10-03T01:13:26Z,
2026,4,2026_04_DAL_HOU,2026-10-04T17:00:00+00:00,00-0040583,Woody Marks,RB,HOU,DAL,,8.128,8.898,8.898,8.898,8.898,7.934,1.685,6.586,17.08,1.254,16.525,1.171,15.85,8.68,8.76,8.76,8.76,7.96,8.7,8.7,8.7,7.7,2026-10-03T01:13:26Z,
2026,4,2026_04_TEN_BAL,2026-10-04T17:00:00+00:00,00-0040584,Gunnar Helm,TE,TEN,BAL,,6.233,6.75,6.75,6.75,8.129,5.374,0.683,5.582,13.789,0.928,15.971,0.165,10.969,7.07,7.07,7.07,8.82,5.32,5.7,5.7,7.2,4.2,2026-10-03T01:13:26Z,
2026,4,2026_04_DEN_SF,2026-10-04T20:25:00+00:00,00-0040589,Kurtis Rourke,QB,SF,DEN,,1.96,2.786,2.786,2.786,2.975,2.643,-1.082,0.117,9.886,-0.621,10.375,-0.931,10.337,,0.0,0.0,0.0,0.0,0.0,0.0,0.0,0.0,2026-10-03T01:13:26Z,
2026,4,2026_04_LA_PHI,2026-10-04T17:00:00+00:00,00-0040590,Konata Mumpfield,WR,LA,PHI,,6.735,6.222,6.222,6.222,6.222,5.156,0.046,5.271,15.834,0.167,15.719,-0.036,13.489,1.59,1.61,1.61,1.61,1.33,4.6,4.6,4.6,4.0,2026-10-03T01:13:26Z,
2026,4,2026_04_GB_TB,2026-10-04T17:00:00+00:00,00-0040598,Mark Redman,TE,GB,TB,,0.742,0.669,0.669,0.669,0.787,0.553,0.0,0.011,2.205,-0.001,3.316,-0.007,2.075,,0.0,0.0,0.0,0.0,0.0,0.0,0.0,0.0,2026-10-03T01:13:26Z,
2026,4,2026_04_LAC_SEA,2026-10-04T20:25:00+00:00,00-0040621,Montorie Foster Jr,WR,SEA,LAC,,0.775,0.725,0.725,0.725,0.728,0.635,-0.001,0.001,1.997,0.001,2.073,-0.001,2.007,,0.0,0.0,0.0,0.0,0.0,0.0,0.0,0.0,2026-10-03T01:13:26Z,
2026,4,2026_04_KC_LV,2026-10-04T20:25:00+00:00,00-0040646,Jalen Royals,WR,KC,LV,,1.453,1.587,1.587,1.587,1.588,1.297,-0.009,0.083,4.839,-0.006,5.046,-0.001,3.859,1.93,1.93,1.93,1.93,1.6,2.5,2.5,2.5,2.1,2026-10-03T01:13:26Z,
2026,4,2026_04_LAC_SEA,2026-10-04T20:25:00+00:00,00-0040648,Tory Horton,WR,SEA,LAC,,3.549,2.806,2.806,2.806,2.806,2.292,-0.028,2.045,10.052,-0.026,9.158,-0.007,8.068,4.06,4.03,4.03,4.03,3.37,5.5,5.5,5.5,4.7,2026-10-03T01:13:26Z,
2026,4,2026_04_PIT_CLE,2026-10-02T00:15:00+00:00,00-0040663,Harold Fannin Jr.,TE,CLE,PIT,,10.951,10.926,10.926,10.926,13.142,8.71,2.719,10.333,20.716,3.288,23.133,1.937,18.201,11.67,11.66,11.66,13.87,9.45,11.6,11.6,13.8,9.5,2026-10-01T22:51:44Z,
2026,4,2026_04_LAC_SEA,2026-10-04T20:25:00+00:00,00-0040666,Omarion Hampton,RB,LAC,SEA,,12.253,12.541,12.541,12.541,12.542,11.795,5.116,11.066,23.04,4.444,22.37,3.799,21.455,10.8,10.82,10.82,10.82,9.59,9.8,9.8,9.8,9.1,2026-10-03T01:13:26Z,
2026,4,2026_04_GB_TB,2026-10-04T17:00:00+00:00,00-0040667,Matthew Golden,WR,GB,TB,,13.077,10.97,10.97,10.97,10.971,8.817,4.098,12.264,23.727,4.838,24.039,3.452,19.558,12.17,12.23,12.23,12.23,10.15,12.9,12.9,13.2,10.8,2026-10-03T01:13:26Z,
2026,4,2026_04_PIT_CLE,2026-10-02T00:15:00+00:00,00-0040668,Shedeur Sanders,QB,CLE,PIT,,3.979,4.833,4.833,4.833,5.162,4.834,-1.028,0.349,12.338,-0.703,11.51,-1.193,12.745,,0.0,0.0,0.0,0.0,1.1,1.1,1.2,1.1,2026-10-01T22:51:44Z,
2026,4,2026_04_DET_CAR,2026-10-05T00:20:00+00:00,00-0040669,Isaac TeSlaa,WR,DET,CAR,,5.981,5.834,5.834,5.834,5.834,4.782,0.072,4.281,13.9,0.132,13.816,0.104,11.089,4.26,4.22,4.22,4.22,3.52,4.0,4.0,4.0,3.3,2026-10-03T01:13:26Z,
2026,4,2026_04_LAC_SEA,2026-10-04T20:25:00+00:00,00-0040673,Jalen Milroe,QB,SEA,LAC,,1.803,2.318,2.318,2.318,2.435,2.256,-1.367,0.286,7.779,-0.914,8.659,-1.044,8.362,,0.0,0.0,0.0,0.0,0.0,0.0,0.0,0.0,2026-10-03T01:13:26Z,
2026,4,2026_04_TEN_BAL,2026-10-04T17:00:00+00:00,00-0040676,Cam Ward,QB,TEN,BAL,,13.162,13.15,13.15,13.15,13.75,13.151,5.172,12.942,22.74,5.255,23.735,4.669,23.477,12.86,12.66,12.66,13.0,12.66,13.1,13.1,13.4,13.1,2026-10-03T01:13:26Z,
2026,4,2026_04_TEN_BAL,2026-10-04T17:00:00+00:00,00-0040705,Chimere Dike,WR,TEN,BAL,,1.701,1.898,1.898,1.898,1.899,1.519,0.016,0.448,5.423,0.005,5.79,-0.003,4.287,2.08,2.12,2.12,2.12,1.7,1.0,1.0,1.0,0.6,2026-10-03T01:13:26Z,
2026,4,2026_04_ARI_NYG,2026-10-04T17:00:00+00:00,00-0040715,Cam Skattebo,RB,NYG,ARI,,14.499,12.642,12.642,12.642,12.642,11.241,5.309,12.817,24.957,5.315,26.559,4.381,22.264,15.36,15.4,15.4,15.4,14.38,12.8,12.8,12.8,11.8,2026-10-03T01:13:26Z,
2026,4,2026_04_JAX_CIN,2026-10-04T17:00:00+00:00,00-0040718,Travis Hunter,WR,JAX,CIN,,1.91,1.371,1.371,1.371,1.4,1.277,-0.051,0.074,4.383,-0.116,4.507,-0.027,3.616,1.71,1.68,1.68,1.68,1.39,1.7,1.7,1.7,1.4,2026-10-03T01:13:26Z,
2026,4,2026_04_JAX_CIN,2026-10-04T17:00:00+00:00,00-0040719,Bhayshul Tuten,RB,JAX,CIN,,12.485,11.76,11.76,11.76,11.761,10.877,3.893,11.114,22.279,4.782,22.001,3.809,21.281,12.67,12.66,12.66,12.66,11.78,12.9,12.9,12.9,12.0,2026-10-03T01:13:26Z,
2026,4,2026_04_LAC_SEA,2026-10-04T20:25:00+00:00,00-0040727,Tre Harris,WR,LAC,SEA,,7.841,7.389,7.389,7.389,7.39,5.944,1.087,6.06,16.813,1.237,16.905,0.669,13.775,6.99,6.96,6.96,6.96,5.58,6.9,6.9,6.9,5.6,2026-10-03T01:13:26Z,
2026,4,2026_04_DEN_SF,2026-10-04T20:25:00+00:00,00-0040730,RJ Harvey,RB,DEN,SF,,8.73,8.659,8.659,8.659,8.659,7.136,2.376,7.295,17.99,2.631,18.352,1.687,16.256,11.12,11.12,11.12,11.12,9.63,10.7,10.7,10.7,9.1,2026-10-03T01:13:26Z,
2026,4,2026_04_NE_BUF,2026-10-04T17:00:00+00:00,00-0040734,TreVeyon Henderson,RB,NE,BUF,,9.13,8.319,8.319,8.319,8.319,7.684,1.444,7.03,17.247,1.237,17.535,1.265,16.492,9.62,9.61,9.61,9.61,8.94,11.5,11.5,11.5,11.0,2026-10-03T01:13:26Z,
2026,4,2026_04_NYJ_CHI,2026-10-04T17:00:00+00:00,00-0040735,Luther Burden III,WR,CHI,NYJ,,11.312,10.626,10.626,10.626,10.626,8.559,2.935,9.933,20.59,3.175,20.888,2.311,18.184,12.15,12.2,12.2,12.2,10.03,11.5,11.5,11.5,9.2,2026-10-03T01:13:26Z,
2026,4,2026_04_LAC_SEA,2026-10-04T20:25:00+00:00,00-0040739,Elijah Arroyo,TE,SEA,LAC,,1.937,1.545,1.545,1.545,1.893,1.198,-0.005,0.806,5.523,0.0,6.733,0.001,4.404,4.06,4.04,4.04,4.86,3.23,3.2,3.2,3.9,2.6,2026-10-03T01:13:26Z,
2026,4,2026_04_ATL_NO,2026-10-06T00:15:00+00:00,00-0040743,Tyler Shough,QB,NO,ATL,,17.947,17.455,17.455,17.455,18.199,17.448,6.263,17.324,28.952,7.548,29.469,6.117,29.302,18.7,17.77,17.77,18.91,17.77,21.2,21.2,23.4,21.2,2026-10-03T01:13:26Z,
2026,4,2026_04_PIT_CLE,2026-10-02T00:15:00+00:00,00-0040782,Isaiah Bond,WR,CLE,PIT,,1.384,1.2,1.2,1.2,1.2,0.956,-0.002,0.063,4.228,0.0,4.072,0.0,3.581,2.05,2.05,2.05,2.05,1.75,2.0,2.0,2.0,1.7,2026-10-01T22:51:44Z,
2026,4,2026_04_PIT_CLE,2026-10-02T00:15:00+00:00,00-0040784,Quinshon Judkins,RB,CLE,PIT,,12.233,13.461,13.461,13.461,13.461,12.152,4.368,9.724,19.517,3.614,20.117,3.173,18.729,10.79,10.82,10.82,10.82,9.77,10.0,10.0,10.0,8.7,2026-10-01T22:51:44Z,
2026,4,2026_04_JAX_CIN,2026-10-04T17:00:00+00:00,00-0040785,Dohnte Meyers,WR,CIN,JAX,,4.012,4.424,4.424,4.424,4.425,3.554,0.003,2.718,11.731,-0.04,11.219,0.026,9.699,3.72,3.71,3.71,3.71,3.01,3.5,3.5,3.5,2.8,2026-10-03T01:13:26Z,
2026,4,2026_04_LA_PHI,2026-10-04T17:00:00+00:00,00-0040867,Makai Lemon,WR,PHI,LA,,6.146,6.541,6.541,6.541,6.541,5.312,0.234,4.439,13.486,0.132,12.876,0.043,11.695,10.07,10.05,10.05,10.05,7.64,6.7,6.7,6.7,4.9,2026-10-03T01:13:26Z,
2026,4,2026_04_TEN_BAL,2026-10-04T17:00:00+00:00,00-0040876,Elijah Sarratt,WR,BAL,TEN,,2.375,2.294,2.294,2.294,2.294,1.959,-0.005,1.014,8.402,0.0,9.153,0.009,7.822,,0.0,0.0,0.0,0.0,0.0,0.0,0.0,0.0,2026-10-03T01:13:26Z,
2026,4,2026_04_KC_LV,2026-10-04T20:25:00+00:00,00-0040878,Mike Washington Jr.,RB,LV,KC,,4.4,3.378,3.378,3.378,3.379,3.126,0.275,2.707,9.753,0.26,10.343,0.285,8.902,4.46,4.45,4.45,4.45,4.18,4.9,4.9,4.9,4.7,2026-10-03T01:13:26Z,
2026,4,2026_04_TEN_BAL,2026-10-04T17:00:00+00:00,00-0040879,Matthew Hibner,TE,BAL,TEN,,3.319,3.304,3.304,3.304,3.948,2.661,0.088,1.823,8.223,-0.007,9.752,0.042,7.18,,,,,,,,,,2026-10-03T01:13:26Z,
2026,4,2026_04_TEN_BAL,2026-10-04T17:00:00+00:00,00-0040886,Nicholas Singleton,RB,TEN,BAL,,2.296,2.544,2.544,2.544,2.548,2.37,-0.136,0.785,7.806,-0.053,7.476,-0.049,6.954,0.84,0.83,0.83,0.83,0.78,0.9,0.9,0.9,0.8,2026-10-03T01:13:26Z,
2026,4,2026_04_TEN_BAL,2026-10-04T17:00:00+00:00,00-0040887,Josh Cuevas,TE,BAL,TEN,,1.083,1.269,1.269,1.269,1.536,1.002,-0.002,0.05,3.954,-0.018,4.247,-0.003,3.308,0.86,0.86,0.86,1.04,0.69,1.1,1.1,1.4,0.9,2026-10-03T01:13:26Z,
2026,4,2026_04_KC_LV,2026-10-04T20:25:00+00:00,00-0040890,Cyrus Allen,WR,KC,LV,,0.811,0.75,0.75,0.75,0.75,0.639,-0.001,0.0,2.145,-0.001,1.902,0.0,1.939,0.44,0.46,0.46,0.46,0.39,0.4,0.4,0.4,0.3,2026-10-03T01:13:26Z,
2026,4,2026_04_LA_PHI,2026-10-04T17:00:00+00:00,00-0040891,Cole Payton,QB,PHI,LA,,2.696,4.516,4.516,4.516,4.81,4.338,-1.08,0.302,10.71,-0.606,10.939,-0.929,10.581,,0.0,0.0,0.0,0.0,0.0,0.0,0.0,0.0,2026-10-03T01:13:26Z,
2026,4,2026_04_KC_LV,2026-10-04T20:25:00+00:00,00-0040894,Malik Benson,WR,LV,KC,,1.6,1.737,1.737,1.737,1.738,1.407,-0.004,0.147,5.048,0.0,5.305,0.003,4.697,0.84,0.86,0.86,0.86,0.69,0.5,0.5,0.5,0.4,2026-10-03T01:13:26Z,
2026,4,2026_04_KC_LV,2026-10-04T20:25:00+00:00,00-0040906,Garrett Nussmeier,QB,KC,LV,,2.13,2.862,2.862,2.862,3.079,2.699,-1.103,0.12,9.899,-0.621,10.445,-0.933,10.43,,0.0,0.0,0.0,0.0,0.0,0.0,0.0,0.0,2026-10-03T01:13:26Z,
2026,4,2026_04_DAL_HOU,2026-10-04T17:00:00+00:00,00-0040930,Camden Brown,WR,DAL,HOU,,2.021,2.38,2.38,2.38,2.387,2.008,-0.002,0.176,7.269,0.0,7.743,-0.033,6.745,,0.0,0.0,0.0,0.0,0.0,0.0,0.0,0.0,2026-10-03T01:13:26Z,
2026,4,2026_04_GB_TB,2026-10-04T17:00:00+00:00,00-0040948,J. Michael Sturdivant,WR,GB,TB,,2.387,2.357,2.357,2.357,2.358,1.921,-0.006,1.252,7.794,-0.002,8.329,-0.02,6.782,,0.0,0.0,0.0,0.0,1.2,1.2,1.2,0.9,2026-10-03T01:13:26Z,
2026,4,2026_04_TEN_BAL,2026-10-04T17:00:00+00:00,00-0040981,Joe Fagnano,QB,BAL,TEN,,2.057,2.922,2.922,2.922,3.144,2.801,-1.158,0.105,10.724,-0.621,11.131,-1.005,10.729,,0.0,0.0,0.0,0.0,0.0,0.0,0.0,0.0,2026-10-03T01:13:26Z,
2026,4,2026_04_KC_LV,2026-10-04T20:25:00+00:00,00-0041013,Emmett Johnson,RB,KC,LV,,5.029,5.179,5.179,5.179,5.18,4.669,0.386,4.286,11.404,0.324,11.949,0.51,10.341,4.51,4.57,4.57,4.57,3.98,4.7,4.7,4.7,4.1,2026-10-03T01:13:26Z,
2026,4,2026_04_ARI_NYG,2026-10-04T17:00:00+00:00,00-0041027,Jeremiyah Love,RB,ARI,NYG,,14.204,16.037,16.037,16.037,16.056,14.532,4.833,12.649,24.863,5.087,24.398,4.631,23.018,15.87,15.94,15.94,15.94,14.58,15.6,15.6,15.6,14.0,2026-10-03T01:13:26Z,
2026,4,2026_04_NYJ_CHI,2026-10-04T17:00:00+00:00,00-0041032,Kenyon Sadiq,TE,NYJ,CHI,,9.751,8.704,8.704,8.704,10.408,7.0,2.019,8.084,18.258,1.712,19.69,1.346,16.999,10.94,10.96,10.96,13.12,8.81,11.1,11.1,13.4,9.2,2026-10-03T01:13:26Z,
2026,4,2026_04_PIT_CLE,2026-10-02T00:15:00+00:00,00-0041037,Denzel Boston,WR,CLE,PIT,,11.494,10.419,10.419,10.419,10.418,8.52,3.44,10.401,20.999,3.441,22.206,2.219,18.278,10.59,10.56,10.56,10.56,8.99,12.1,12.1,12.1,10.6,2026-10-01T22:51:44Z,
2026,4,2026_04_IND_WAS,2026-10-04T13:30:00+00:00,00-0041040,Antonio Williams,WR,WAS,IND,,7.276,6.531,6.531,6.531,6.541,5.341,0.842,5.172,16.373,0.584,15.724,0.494,13.982,5.93,5.88,5.88,5.88,4.83,7.4,7.4,7.4,6.1,2026-10-03T01:13:26Z,
2026,4,2026_04_ATL_NO,2026-10-06T00:15:00+00:00,00-0041041,Oscar Delp,TE,NO,ATL,,1.104,1.192,1.192,1.192,1.453,0.932,-0.001,0.108,3.67,0.001,3.811,-0.008,3.188,1.61,1.6,1.6,1.97,1.23,1.7,1.7,2.2,1.3,2026-10-03T01:13:26Z,
2026,4,2026_04_ARI_NYG,2026-10-04T17:00:00+00:00,00-0041042,Malachi Fields,WR,NYG,ARI,,6.915,7.728,7.728,7.728,7.729,6.312,0.433,6.603,14.053,0.745,15.249,0.334,11.901,5.31,5.28,5.28,5.28,4.41,5.4,5.4,5.4,4.3,2026-10-03T01:13:26Z,
2026,4,2026_04_ATL_NO,2026-10-06T00:15:00+00:00,00-0041044,Zachariah Branch,WR,ATL,NO,,2.407,2.821,2.821,2.821,2.822,2.332,0.001,0.902,7.179,-0.005,6.49,-0.016,6.3,3.09,3.11,3.11,3.11,2.52,2.3,2.3,2.3,1.8,2026-10-03T01:13:26Z,
2026,4,2026_04_GB_TB,2026-10-04T17:00:00+00:00,00-0041048,Ted Hurst III,WR,TB,GB,,8.475,8.812,8.812,8.812,8.813,7.198,0.855,6.392,16.797,0.835,16.608,0.603,14.43,6.1,6.06,6.06,6.06,5.06,7.2,7.2,7.2,6.1,2026-10-03T01:13:26Z,
2026,4,2026_04_NYJ_CHI,2026-10-04T17:00:00+00:00,00-0041051,Zavion Thomas,WR,CHI,NYJ,,1.262,1.315,1.315,1.315,1.316,1.087,-0.005,0.104,4.687,-0.029,4.329,0.0,4.058,0.79,0.76,0.76,0.76,0.63,0.6,0.6,0.6,0.4,2026-10-03T01:13:26Z,
2026,4,2026_04_DEN_SF,2026-10-04T20:25:00+00:00,00-0041052,Kaelon Black,RB,SF,DEN,,4.208,5.42,5.42,5.42,5.421,5.139,0.178,3.53,11.464,0.232,10.893,0.229,10.932,5.36,5.36,5.36,5.36,4.97,5.2,5.2,5.2,4.9,2026-10-03T01:13:26Z,
2026,4,2026_04_NYJ_CHI,2026-10-04T17:00:00+00:00,00-0041056,Cade Klubnik,QB,NYJ,CHI,,3.023,4.272,4.272,4.272,4.611,4.02,-1.113,0.956,11.534,-0.606,12.273,-0.976,11.261,,0.0,0.0,0.0,0.0,0.0,0.0,0.0,0.0,2026-10-03T01:13:26Z,
2026,4,2026_04_ATL_NO,2026-10-06T00:15:00+00:00,00-0041067,Bryce Lance,WR,NO,ATL,,4.735,5.029,5.029,5.029,5.03,4.049,0.076,3.478,12.22,0.164,12.251,0.104,10.527,3.74,3.75,3.75,3.75,3.05,3.7,3.7,3.7,2.9,2026-10-03T01:13:26Z,
2026,4,2026_04_ARI_NYG,2026-10-04T17:00:00+00:00,00-0041070,Reggie Virgil,WR,ARI,NYG,,2.209,2.533,2.533,2.533,2.534,2.136,0.002,0.723,7.993,0.0,8.965,0.001,7.595,,0.0,0.0,0.0,0.0,0.0,0.0,0.0,0.0,2026-10-03T01:13:26Z,
2026,4,2026_04_MIA_MIN,2026-10-04T20:05:00+00:00,00-0041077,Justin Joly,TE,MIA,MIN,,2.186,1.991,1.991,1.991,2.383,1.62,-0.074,0.648,6.894,-0.003,8.539,0.0,5.588,0.17,0.16,0.16,0.2,0.12,0.2,0.2,0.2,0.1,2026-10-03T01:13:26Z,
2026,4,2026_04_MIA_MIN,2026-10-04T20:05:00+00:00,00-0041081,Max Bredeson,RB,MIN,MIA,,0.988,1.03,1.03,1.03,1.032,0.863,-0.001,0.009,2.963,-0.005,4.002,0.0,2.712,0.11,0.08,0.08,0.08,0.06,0.1,0.1,0.1,0.0,2026-10-03T01:13:26Z,
2026,4,2026_04_JAX_CIN,2026-10-04T17:00:00+00:00,00-0041084,Tanner Koziol,TE,JAX,CIN,,0.948,0.871,0.871,0.871,1.05,0.695,0.0,0.001,2.664,0.0,3.001,0.0,2.299,1.35,1.36,1.36,1.62,1.1,1.5,1.5,1.8,1.2,2026-10-03T01:13:26Z,
2026,4,2026_04_PIT_CLE,2026-10-02T00:15:00+00:00,00-0041092,Taylen Green,QB,CLE,PIT,,2.93,4.34,4.34,4.34,4.63,4.155,-1.123,0.352,10.66,-0.606,10.835,-0.967,10.395,,0.0,0.0,0.0,0.0,0.0,0.0,0.0,0.0,2026-10-01T22:51:44Z,
2026,4,2026_04_GB_TB,2026-10-04T17:00:00+00:00,00-0041094,Bauer Sharp,TE,TB,GB,,0.811,0.629,0.629,0.629,0.741,0.519,0.0,0.001,1.866,0.0,2.218,0.0,1.524,0.1,0.08,0.08,0.1,0.06,0.1,0.1,0.1,0.0,2026-10-03T01:13:26Z,
2026,4,2026_04_IND_WAS,2026-10-04T13:30:00+00:00,00-0041096,Kaytron Allen,RB,WAS,IND,,2.82,2.965,2.965,2.965,2.991,2.809,-0.174,1.257,8.798,-0.039,8.397,-0.081,8.557,3.59,3.66,3.66,3.66,3.38,3.5,3.5,3.5,3.3,2026-10-03T01:13:26Z,
2026,4,2026_04_ATL_NO,2026-10-06T00:15:00+00:00,00-0041099,Barion Brown,WR,NO,ATL,,1.072,1.094,1.094,1.094,1.097,0.947,-0.024,0.028,3.14,-0.001,2.729,-0.008,2.876,1.72,1.68,1.68,1.68,1.35,1.4,1.4,1.4,1.1,2026-10-03T01:13:26Z,
2026,4,2026_04_JAX_CIN,2026-10-04T17:00:00+00:00,00-0041100,Josh Cameron,WR,JAX,CIN,,3.24,3.374,3.374,3.374,3.375,2.746,-0.052,2.23,10.201,-0.038,9.932,0.008,8.477,3.68,3.72,3.72,3.72,3.15,4.9,4.9,4.9,4.3,2026-10-03T01:13:26Z,
2026,4,2026_04_MIA_MIN,2026-10-04T20:05:00+00:00,00-0041104,Demond Claiborne,RB,MIN,MIA,,2.005,2.437,2.437,2.437,2.438,2.179,-0.006,0.55,6.958,-0.017,6.795,-0.005,6.441,3.03,3.03,3.03,3.03,2.78,2.0,2.0,2.0,1.8,2026-10-03T01:13:26Z,
2026,4,2026_04_JAX_CIN,2026-10-04T17:00:00+00:00,00-0041106,C.J. Williams,WR,JAX,CIN,,0.782,0.894,0.894,0.894,0.896,0.771,-0.001,0.017,3.015,0.001,3.107,-0.001,2.454,,0.0,0.0,0.0,0.0,0.0,0.0,0.0,0.0,2026-10-03T01:13:26Z,
2026,4,2026_04_JAX_CIN,2026-10-04T17:00:00+00:00,00-0041116,Jack Endries,TE,CIN,JAX,,0.743,0.764,0.764,0.764,0.895,0.635,0.0,0.001,1.763,-0.001,1.649,-0.005,1.496,,0.0,0.0,0.0,0.0,0.0,0.0,0.0,0.0,2026-10-03T01:13:26Z,
2026,4,2026_04_IND_WAS,2026-10-04T13:30:00+00:00,00-0041117,Athan Kaliakmanis,QB,WAS,IND,,2.892,4.849,4.849,4.849,5.215,4.628,-1.018,0.282,11.433,-0.606,11.546,-0.942,11.001,,0.0,0.0,0.0,0.0,0.0,0.0,0.0,0.0,2026-10-03T01:13:26Z,
2026,4,2026_04_NE_BUF,2026-10-04T17:00:00+00:00,00-0041123,Behren Morton,QB,NE,BUF,,2.475,3.672,3.672,3.672,4.05,3.526,-1.075,0.071,11.158,-0.606,11.239,-0.953,10.611,,0.0,0.0,0.0,0.0,0.0,0.0,0.0,0.0,2026-10-03T01:13:26Z,
2026,4,2026_04_IND_WAS,2026-10-04T13:30:00+00:00,00-0041125,Seth McGowan,RB,IND,WAS,,2.352,1.844,1.844,1.844,1.873,1.693,-0.06,0.733,7.257,-0.064,7.624,-0.066,7.134,2.7,2.66,2.66,2.66,2.48,1.5,1.5,1.5,1.4,2026-10-03T01:13:26Z,
2026,4,2026_04_PIT_CLE,2026-10-02T00:15:00+00:00,00-0041131,Carsen Ryan,TE,CLE,PIT,,0.761,0.782,0.782,0.782,0.908,0.66,0.0,0.001,1.422,-0.001,1.437,0.0,0.961,0.21,0.23,0.23,0.27,0.19,0.1,0.1,0.1,0.1,2026-10-01T22:51:44Z,
2026,4,2026_04_IND_WAS,2026-10-04T13:30:00+00:00,00-0041132,Deion Burks,WR,IND,WAS,,1.347,1.332,1.332,1.332,1.341,1.171,-0.009,0.144,3.849,-0.005,4.081,-0.011,3.713,0.22,0.23,0.23,0.23,0.19,0.6,0.6,0.6,0.6,2026-10-03T01:13:26Z,
2026,4,2026_04_DEN_SF,2026-10-04T20:25:00+00:00,00-0041133,Dallen Bentley,TE,DEN,SF,,1.409,1.571,1.571,1.571,1.826,1.324,-0.048,-0.029,5.911,0.0,6.812,-0.022,4.785,,0.0,0.0,0.0,0.0,0.0,0.0,0.0,0.0,2026-10-03T01:13:26Z,
2026,4,2026_04_DET_CAR,2026-10-05T00:20:00+00:00,00-0041149,Haynes King,QB,CAR,DET,,2.446,5.737,5.737,5.737,6.041,5.603,-1.02,0.3,10.326,-0.606,10.782,-0.91,11.152,,0.0,0.0,0.0,0.0,0.0,0.0,0.0,0.0,2026-10-03T01:13:26Z,
2026,4,2026_04_ATL_NO,2026-10-06T00:15:00+00:00,00-0041194,Jack Strand,QB,ATL,NO,,4.081,5.697,5.697,5.697,6.247,5.558,-1.107,1.602,12.125,-0.752,12.432,-1.102,13.094,,0.0,0.0,0.0,0.0,0.0,0.0,0.2,0.0,2026-10-03T01:13:26Z,
2026,4,2026_04_GB_TB,2026-10-04T17:00:00+00:00,00-0041251,Jalon Daniels,QB,TB,GB,,3.325,5.014,5.014,5.014,5.459,4.958,-1.176,0.65,10.197,-0.739,9.999,-1.088,11.533,13.12,11.96,11.96,13.25,11.96,8.4,8.4,9.6,8.4,2026-10-03T01:13:26Z,
2026,4,2026_04_NYJ_CHI,2026-10-04T17:00:00+00:00,00-0041267,Malik McClain,WR,NYJ,CHI,,1.392,1.274,1.274,1.274,1.276,1.063,-0.002,0.11,4.971,0.0,5.324,0.001,4.52,2.49,2.46,2.46,2.46,2.0,1.7,1.7,1.7,1.4,2026-10-03T01:13:26Z,
2026,4,2026_04_DEN_SF,2026-10-04T20:25:00+00:00,00-0041292,Kolbe Katsis,WR,DEN,SF,,0.798,0.748,0.748,0.748,0.751,0.645,0.0,0.001,2.044,0.0,2.099,-0.003,2.116,,0.0,0.0,0.0,0.0,0.0,0.0,0.0,0.0,2026-10-03T01:13:26Z,
2026,4,2026_04_NE_BUF,2026-10-04T17:00:00+00:00,00-0041314,Tanner Arkin,TE,NE,BUF,,1.072,0.981,0.981,0.981,1.188,0.777,-0.011,0.002,3.87,-0.005,4.535,-0.005,2.846,,0.0,0.0,0.0,0.0,0.0,0.0,0.0,0.0,2026-10-03T01:13:26Z,
2026,4,2026_04_ATL_NO,2026-10-06T00:15:00+00:00,00-0041326,CJ Donaldson,RB,NO,ATL,,1.616,2.053,2.053,2.053,2.053,1.821,0.005,0.601,5.185,0.001,5.907,-0.02,4.877,4.13,4.12,4.12,4.12,3.66,2.2,2.2,2.2,1.9,2026-10-03T01:13:26Z,
2026,4,2026_04_NE_BUF,2026-10-04T17:00:00+00:00,00-0041395,Eli Raridon,TE,NE,BUF,,2.393,2.172,2.172,2.172,2.634,1.711,-0.059,2.262,8.127,0.106,9.596,0.05,6.577,4.26,4.24,4.24,5.06,3.42,4.4,4.4,5.1,3.7,2026-10-03T01:13:26Z,
2026,4,2026_04_PIT_CLE,2026-10-02T00:15:00+00:00,00-0041397,Kaden Wetjen,WR,PIT,CLE,,0.878,0.839,0.839,0.839,0.841,0.717,0.0,0.001,2.066,0.0,2.001,0.0,1.994,0.14,0.11,0.11,0.11,0.09,0.0,0.0,0.0,0.0,2026-10-01T22:51:44Z,
2026,4,2026_04_LA_PHI,2026-10-04T17:00:00+00:00,00-0041399,CJ Daniels,WR,LA,PHI,,1.898,2.108,2.108,2.108,2.109,1.835,-0.01,0.15,6.8,0.0,7.47,-0.049,6.713,,,,,,,,,,2026-10-03T01:13:26Z,
2026,4,2026_04_LA_PHI,2026-10-04T17:00:00+00:00,00-0041415,Dean Connors,RB,LA,PHI,,0.967,0.986,0.986,0.986,0.989,0.857,0.0,0.001,2.394,0.0,2.171,0.0,2.026,0.16,0.13,0.13,0.13,0.1,0.1,0.1,0.1,0.1,2026-10-03T01:13:26Z,
2026,4,2026_04_MIA_MIN,2026-10-04T20:05:00+00:00,00-0041436,DJ Herman,RB,MIA,MIN,,1.894,2.551,2.551,2.551,2.552,2.061,-0.011,0.962,5.486,-0.029,6.08,-0.019,4.487,1.02,0.99,0.99,0.99,0.77,1.1,1.1,1.1,0.9,2026-10-03T01:13:26Z,
2026,4,2026_04_TEN_BAL,2026-10-04T17:00:00+00:00,00-0041438,Carnell Tate,WR,TEN,BAL,,10.089,11.71,11.71,11.71,11.712,9.437,2.616,8.72,20.226,2.789,20.284,1.963,15.978,9.92,9.94,9.94,9.94,7.78,9.8,9.8,9.8,7.5,2026-10-03T01:13:26Z,
2026,4,2026_04_NE_BUF,2026-10-04T17:00:00+00:00,00-0041443,Skyler Bell,WR,BUF,NE,,2.379,2.508,2.508,2.508,2.509,2.151,-0.006,0.745,7.907,0.0,8.808,-0.006,7.557,,0.0,0.0,0.0,0.0,0.0,0.0,0.0,0.0,2026-10-03T01:13:26Z,
2026,4,2026_04_DAL_HOU,2026-10-04T17:00:00+00:00,00-0041467,Lewis Bond,WR,HOU,DAL,,0.983,1.29,1.29,1.29,1.291,1.076,0.0,0.056,3.799,0.0,3.852,-0.004,3.078,,0.0,0.0,0.0,0.0,0.0,0.0,0.0,0.0,2026-10-03T01:13:26Z,
2026,4,2026_04_DAL_HOU,2026-10-04T17:00:00+00:00,00-0041472,Marlin Klein,TE,HOU,DAL,,0.974,0.726,0.726,0.726,0.866,0.587,-0.012,-0.003,3.768,-0.036,3.284,-0.007,2.563,2.0,1.98,1.98,2.4,1.56,2.1,2.1,2.6,1.7,2026-10-03T01:13:26Z,
2026,4,2026_04_PIT_CLE,2026-10-02T00:15:00+00:00,00-0041489,Germie Bernard,WR,PIT,CLE,,3.782,4.002,4.002,4.002,4.003,3.254,0.007,2.509,10.375,0.005,10.572,-0.01,8.307,2.27,2.26,2.26,2.26,1.84,3.8,3.8,3.8,2.9,2026-10-01T22:51:44Z,
2026,4,2026_04_PIT_CLE,2026-10-02T00:15:00+00:00,00-0041490,Eli Heidenreich,RB,PIT,CLE,,0.76,0.87,0.87,0.87,0.873,0.757,0.0,0.001,1.922,0.0,1.789,0.0,1.31,0.5,0.47,0.47,0.47,0.45,0.2,0.2,0.2,0.2,2026-10-01T22:51:44Z,
2026,4,2026_04_JAX_CIN,2026-10-04T17:00:00+00:00,00-0041503,Nate Boerkircher,TE,JAX,CIN,,2.413,2.137,2.137,2.137,2.577,1.697,-0.012,1.567,7.872,-0.003,8.853,0.014,5.861,1.59,1.59,1.59,1.9,1.27,1.6,1.6,1.9,1.2,2026-10-03T01:13:26Z,
2026,4,2026_04_LA_PHI,2026-10-04T17:00:00+00:00,00-0041510,Max Klare,TE,LA,PHI,,2.45,1.938,1.938,1.938,2.286,1.595,-0.003,0.714,8.489,0.0,9.7,0.005,6.838,0.51,0.49,0.49,0.59,0.38,0.4,0.4,0.5,0.3,2026-10-03T01:13:26Z,
2026,4,2026_04_MIA_MIN,2026-10-04T20:05:00+00:00,00-0041524,Will Kacmarek,TE,MIA,MIN,,1.757,2.058,2.058,2.058,2.524,1.661,-0.046,0.524,4.547,-0.012,6.331,-0.025,4.598,1.46,1.46,1.46,1.8,1.11,0.9,0.9,1.1,0.7,2026-10-03T01:13:26Z,
2026,4,2026_04_MIA_MIN,2026-10-04T20:05:00+00:00,00-0041525,Chris Bell,WR,MIA,MIN,,6.253,6.119,6.119,6.119,6.121,5.043,0.211,4.624,14.808,0.169,14.679,0.119,11.687,6.36,6.37,6.37,6.37,5.25,5.8,5.8,5.8,4.7,2026-10-03T01:13:26Z,
2026,4,2026_04_MIA_MIN,2026-10-04T20:05:00+00:00,00-0041529,Kevin Coleman Jr.,WR,MIA,MIN,,3.579,4.191,4.191,4.191,4.192,3.408,-0.099,1.826,10.881,0.057,10.065,0.004,8.93,4.65,4.67,4.67,4.67,3.85,3.8,3.8,3.8,3.1,2026-10-03T01:13:26Z,
2026,4,2026_04_PIT_CLE,2026-10-02T00:15:00+00:00,00-0041547,KC Concepcion,WR,CLE,PIT,,10.175,10.843,10.843,10.843,10.844,8.78,1.833,9.209,19.103,1.767,19.08,1.586,16.866,9.16,9.18,9.18,9.18,7.34,7.1,7.1,7.1,5.2,2026-10-01T22:51:44Z,
2026,4,2026_04_NYJ_CHI,2026-10-04T17:00:00+00:00,00-0041558,Sam Roush,TE,CHI,NYJ,,1.927,2.339,2.339,2.339,2.795,1.882,-0.013,0.611,5.575,-0.009,5.722,-0.024,5.105,2.07,2.07,2.07,2.51,1.63,2.0,2.0,2.4,1.5,2026-10-03T01:13:26Z,
2026,4,2026_04_ARI_NYG,2026-10-04T17:00:00+00:00,00-0041561,Carson Beck,QB,ARI,NYG,,2.822,2.882,2.882,2.882,3.136,2.706,-1.118,0.956,12.358,-0.615,12.681,-1.031,12.039,,0.0,0.0,0.0,0.0,0.0,0.0,0.0,0.0,2026-10-03T01:13:26Z,
2026,4,2026_04_KC_LV,2026-10-04T20:25:00+00:00,00-0041562,Fernando Mendoza,QB,LV,KC,,5.583,5.178,5.178,5.178,5.541,4.933,-0.528,2.228,16.575,-0.6,17.515,-0.399,16.764,,0.0,0.0,0.0,0.0,0.0,0.0,0.0,0.0,2026-10-03T01:13:26Z,
2026,4,2026_04_PIT_CLE,2026-10-02T00:15:00+00:00,00-0041565,Drew Allar,QB,PIT,CLE,,3.31,4.622,4.622,4.622,4.871,4.38,-1.102,0.998,13.683,-0.6,13.094,-0.929,12.186,,0.0,0.0,0.0,0.0,0.0,0.0,0.0,0.0,2026-10-01T22:51:44Z,
2026,4,2026_04_LA_PHI,2026-10-04T17:00:00+00:00,00-0041568,Ty Simpson,QB,LA,PHI,,5.481,4.905,4.905,4.905,5.221,4.678,-1.06,2.199,15.67,-0.615,17.721,-0.888,16.027,,0.0,0.0,0.0,0.0,0.0,0.0,0.0,0.0,2026-10-03T01:13:26Z,
2026,4,2026_04_MIA_MIN,2026-10-04T20:05:00+00:00,00-0041579,Seydou Traore,TE,MIA,MIN,,1.9,1.632,1.632,1.632,1.91,1.374,-0.073,0.282,6.172,-0.003,7.258,-0.002,5.005,0.08,0.08,0.08,0.1,0.06,0.1,0.1,0.1,0.1,2026-10-03T01:13:26Z,
2026,5,2026_05_IND_PIT,2026-10-11T17:00:00+00:00,00-0023459,Aaron Rodgers,QB,PIT,IND,,15.059,15.818,15.818,15.818,16.39,15.824,5.484,15.002,24.191,6.349,24.562,4.562,24.936,16.51,16.4,16.4,16.73,16.4,17.6,17.6,18.6,17.6,2026-10-09T01:04:37Z,
2026,5,2026_05_CIN_MIA,2026-10-11T17:00:00+00:00,00-0026158,Joe Flacco,QB,CIN,MIA,,6.75,5.787,5.787,5.787,5.961,5.769,-1.087,6.883,18.801,-0.699,19.081,-1.051,18.266,,0.0,0.0,0.0,0.0,0.0,0.0,0.0,0.0,2026-10-09T01:04:37Z,
2026,5,2026_05_BUF_LA,2026-10-13T00:15:00+00:00,00-0026498,Matthew Stafford,QB,LA,BUF,,18.468,19.467,19.467,19.467,20.177,19.474,8.869,18.281,28.243,10.412,27.99,8.895,29.411,18.49,18.08,18.08,18.65,18.08,20.6,20.6,23.2,20.6,2026-10-09T01:04:37Z,
2026,5,2026_05_PHI_JAX,2026-10-11T13:30:00+00:00,00-0027973,Andy Dalton,QB,PHI,JAX,,3.684,5.002,5.002,5.002,5.417,5.024,-0.872,0.303,12.021,-0.664,11.349,-0.983,12.748,,0.0,0.0,0.0,0.0,0.1,0.1,0.3,0.1,2026-10-09T01:04:37Z,
2026,5,2026_05_CHI_GB,2026-10-11T17:00:00+00:00,00-0028118,Tyrod Taylor,QB,GB,CHI,,4.895,3.986,3.986,3.986,4.236,3.933,-1.319,4.247,16.124,-1.047,15.775,-1.357,16.227,,0.0,0.0,0.0,0.0,0.0,0.0,0.0,0.0,2026-10-09T01:04:37Z,
2026,5,2026_05_CHI_GB,2026-10-11T17:00:00+00:00,00-0028986,Case Keenum,QB,CHI,GB,,6.911,5.624,5.624,5.624,5.835,5.611,0.158,6.702,15.335,0.088,16.466,-0.16,15.698,,0.0,0.0,0.0,0.0,5.9,5.9,5.9,5.9,2026-10-09T01:04:37Z,
2026,5,2026_05_LV_NE,2026-10-11T17:00:00+00:00,00-0029604,Kirk Cousins,QB,LV,NE,,14.699,15.458,15.458,15.458,16.377,15.483,4.839,14.995,25.599,6.499,25.515,4.673,24.336,14.88,14.59,14.59,15.03,14.59,17.6,17.6,18.5,17.6,2026-10-09T01:04:37Z,
2026,5,2026_05_PHI_JAX,2026-10-11T13:30:00+00:00,00-0030061,Zach Ertz,TE,PHI,JAX,,4.236,4.651,4.651,4.651,5.68,3.622,0.069,2.566,11.841,0.002,11.864,0.068,10.452,5.69,5.71,5.71,6.96,4.46,3.8,3.8,4.7,2.9,2026-10-09T01:04:37Z,
2026,5,2026_05_IND_PIT,2026-10-11T17:00:00+00:00,00-0030279,Keenan Allen,WR,IND,PIT,,9.127,9.424,9.424,9.424,9.424,7.604,1.785,8.181,18.044,2.08,18.45,1.117,14.076,8.27,8.25,8.25,8.25,6.51,8.6,8.6,8.6,6.7,2026-10-09T01:04:37Z,Limited Participation in Practice
2026,5,2026_05_CLE_NYJ,2026-10-11T17:00:00+00:00,00-0030565,Geno Smith,QB,NYJ,CLE,,13.185,12.665,12.665,12.665,13.339,12.644,3.178,12.236,23.21,3.86,23.559,2.924,23.456,14.1,13.65,13.65,14.26,13.65,16.5,16.5,17.2,16.5,2026-10-09T01:04:37Z,
2026,5,2026_05_NYG_WAS,2026-10-11T17:00:00+00:00,00-0031235,Odell Beckham Jr.,WR,NYG,WAS,,1.635,1.343,1.343,1.343,1.344,1.161,-0.007,0.118,6.788,-0.012,5.813,-0.009,5.632,,0.0,0.0,0.0,0.0,0.0,0.0,0.0,0.0,2026-10-09T01:04:37Z,
2026,5,2026_05_SF_SEA,2026-10-11T20:25:00+00:00,00-0031236,Brandin Cooks,WR,SF,SEA,,1.963,1.953,1.953,1.953,1.953,1.578,0.001,0.188,6.589,-0.001,6.886,-0.001,5.896,0.91,0.9,0.9,0.9,0.75,1.7,1.7,1.8,1.4,2026-10-09T01:04:37Z,
2026,5,2026_05_BUF_LA,2026-10-13T00:15:00+00:00,00-0031381,Davante Adams,WR,LA,BUF,,16.609,17.226,17.226,17.226,17.226,14.272,6.522,15.949,28.409,7.04,28.848,5.316,24.716,15.5,15.48,15.48,15.48,13.31,21.7,21.7,22.6,18.7,2026-10-09T01:04:37Z,
2026,5,2026_05_SF_SEA,2026-10-11T20:25:00+00:00,00-0031408,Mike Evans,WR,SF,SEA,,10.649,11.133,11.133,11.133,11.133,9.126,2.767,9.528,20.533,2.869,21.778,1.979,17.531,13.49,13.48,13.48,13.48,11.36,10.8,10.8,10.8,9.1,2026-10-09T01:04:37Z,
2026,5,2026_05_NYG_WAS,2026-10-11T17:00:00+00:00,00-0031484,Chris Manhertz,TE,NYG,WAS,,1.349,0.661,0.661,0.661,0.779,0.548,-0.008,0.093,3.806,-0.01,5.116,-0.011,2.757,0.31,0.31,0.31,0.36,0.25,0.3,0.3,0.3,0.2,2026-10-09T01:04:37Z,Limited Participation in Practice
2026,5,2026_05_NYG_WAS,2026-10-11T17:00:00+00:00,00-0031503,Jameis Winston,QB,NYG,WAS,,12.142,13.108,13.108,13.108,13.82,13.101,1.885,10.614,21.382,2.817,23.086,2.117,21.334,14.77,14.23,14.23,15.0,14.23,12.2,12.2,13.2,12.2,2026-10-09T01:04:37Z,
2026,5,2026_05_NYG_WAS,2026-10-11T17:00:00+00:00,00-0031588,Stefon Diggs,WR,WAS,NYG,,10.176,11.024,11.024,11.024,11.024,8.959,2.886,9.304,20.176,2.545,19.989,1.908,17.208,11.64,11.64,11.64,11.64,9.58,12.3,12.3,12.3,10.0,2026-10-09T01:04:37Z,Did Not Participate In Practice
2026,5,2026_05_PHI_JAX,2026-10-11T13:30:00+00:00,00-0032104,Ameer Abdullah,RB,JAX,PHI,,2.249,2.503,2.503,2.503,2.503,2.205,-0.019,0.889,6.588,-0.004,6.199,-0.012,6.178,0.96,0.96,0.96,0.96,0.82,0.9,0.9,0.9,0.8,2026-10-09T01:04:37Z,
2026,5,2026_05_NYG_WAS,2026-10-11T17:00:00+00:00,00-0032268,Marcus Mariota,QB,WAS,NYG,,8.899,8.573,8.573,8.573,9.001,8.574,-0.292,7.491,18.284,-0.22,18.144,-0.522,17.919,,0.0,0.0,0.0,0.0,6.7,6.7,6.7,6.7,2026-10-09T01:04:37Z,Did Not Participate In Practice
2026,5,2026_05_CLE_NYJ,2026-10-11T17:00:00+00:00,00-0032385,Sterling Shepard,WR,NYJ,CLE,,3.323,3.628,3.628,3.628,3.628,2.908,-0.006,1.549,8.729,-0.004,9.363,-0.014,7.553,,0.0,0.0,0.0,0.0,0.9,0.9,0.9,0.7,2026-10-09T01:04:37Z,
2026,5,2026_05_BAL_ATL,2026-10-12T00:20:00+00:00,00-0032392,Austin Hooper,TE,ATL,BAL,,2.418,2.6,2.6,2.6,3.086,2.115,-0.004,1.585,7.129,-0.021,7.626,-0.002,5.427,3.3,3.28,3.28,3.88,2.67,4.2,4.2,4.9,3.5,2026-10-09T01:04:37Z,
2026,5,2026_05_BAL_ATL,2026-10-12T00:20:00+00:00,00-0032394,Nick Vannett,TE,BAL,ATL,,0.744,0.947,0.947,0.947,1.1,0.808,-0.056,0.107,3.978,-0.013,4.086,-0.103,2.92,,0.0,0.0,0.0,0.0,0.0,0.0,0.0,0.0,2026-10-09T01:04:37Z,
2026,5,2026_05_BAL_ATL,2026-10-12T00:20:00+00:00,00-0032398,Chris Moore,WR,BAL,ATL,,3.959,4.052,4.052,4.052,4.052,3.29,-0.021,2.664,10.648,-0.061,11.126,-0.036,8.344,0.19,0.22,0.22,0.22,0.2,2.9,2.9,2.9,2.6,2026-10-09T01:04:37Z,Limited Participation in Practice
2026,5,2026_05_CHI_GB,2026-10-11T17:00:00+00:00,00-0032464,Kalif Raymond,WR,CHI,GB,,7.701,6.885,6.885,6.885,6.885,5.631,1.383,6.694,15.941,0.975,15.433,0.77,13.538,7.39,7.4,7.4,7.4,5.94,9.5,9.5,9.5,7.6,2026-10-09T01:04:37Z,
2026,5,2026_05_BAL_ATL,2026-10-12T00:20:00+00:00,00-0032764,Derrick Henry,RB,BAL,ATL,,15.999,16.659,16.659,16.659,16.659,15.914,7.997,15.291,27.473,6.819,27.183,6.236,26.105,18.06,18.04,18.04,18.04,17.33,16.9,16.9,16.9,16.1,2026-10-09T01:04:37Z,
2026,5,2026_05_MIN_NO,2026-10-11T17:00:00+00:00,00-0032950,Carson Wentz,QB,MIN,NO,,12.266,12.086,12.086,12.086,12.741,12.151,1.495,11.974,23.206,2.197,23.722,2.29,21.76,,0.0,0.0,0.0,0.0,2.8,2.8,2.9,2.8,2026-10-09T01:04:37Z,
2026,5,2026_05_IND_PIT,2026-10-11T17:00:00+00:00,00-0032951,Laquon Treadwell,WR,IND,PIT,,6.106,6.589,6.589,6.589,6.604,5.626,0.472,5.013,14.688,0.328,14.513,0.215,11.166,2.45,2.44,2.44,2.44,2.0,5.0,5.0,5.0,4.0,2026-10-09T01:04:37Z,
2026,5,2026_05_TB_DAL,2026-10-09T00:15:00+00:00,00-0033077,Dak Prescott,QB,DAL,TB,,20.724,19.591,19.591,19.591,20.218,19.596,10.488,20.088,31.039,11.908,31.545,9.767,31.494,20.9,20.52,20.52,21.1,20.52,20.6,20.6,21.2,20.6,2026-10-08T22:03:43Z,
2026,5,2026_05_LV_NE,2026-10-11T17:00:00+00:00,00-0033090,Hunter Henry,TE,NE,LV,,8.616,7.533,7.533,7.533,9.024,6.042,1.201,8.073,17.316,1.598,19.867,0.598,14.857,9.44,9.46,9.46,11.3,7.63,8.2,8.2,9.9,6.5,2026-10-09T01:04:37Z,
2026,5,2026_05_DET_ARI,2026-10-11T20:25:00+00:00,00-0033106,Jared Goff,QB,DET,ARI,,19.894,19.241,19.241,19.241,19.871,19.252,8.745,18.725,31.593,10.37,31.151,9.357,31.74,21.54,21.23,21.23,21.71,21.23,24.4,24.4,26.4,24.4,2026-10-09T01:04:37Z,
2026,5,2026_05_BUF_LA,2026-10-13T00:15:00+00:00,00-0033110,Tyler Higbee,TE,LA,BUF,,7.263,7.371,7.371,7.371,8.728,6.015,1.049,6.49,15.769,1.137,17.184,0.719,12.686,9.1,9.07,9.07,10.8,7.34,10.1,10.1,12.2,7.9,2026-10-09T01:04:37Z,
2026,5,2026_05_DET_ARI,2026-10-11T20:25:00+00:00,00-0033119,Jacoby Brissett,QB,ARI,DET,,18.027,17.296,17.296,17.296,17.888,17.292,7.664,17.682,27.478,9.034,27.958,7.419,28.223,18.07,17.96,17.96,18.28,17.96,17.6,17.6,18.6,17.6,2026-10-09T01:04:37Z,
2026,5,2026_05_IND_PIT,2026-10-11T17:00:00+00:00,00-0033217,Mo Alie-Cox,TE,IND,PIT,,1.376,1.105,1.105,1.105,1.366,0.844,0.002,0.851,3.282,0.002,4.416,0.001,3.101,0.89,0.89,0.89,1.06,0.72,2.1,2.1,2.5,1.7,2026-10-09T01:04:37Z,
2026,5,2026_05_PHI_JAX,2026-10-11T13:30:00+00:00,00-0033246,Johnny Mundt,TE,PHI,JAX,,2.564,1.994,1.994,1.994,2.438,1.55,-0.08,1.281,7.167,0.002,8.447,-0.062,4.998,3.79,3.81,3.81,4.68,2.94,2.2,2.2,2.8,1.6,2026-10-09T01:04:37Z,
2026,5,2026_05_SF_SEA,2026-10-11T20:25:00+00:00,00-0033280,Christian McCaffrey,RB,SF,SEA,,17.294,18.848,18.848,18.848,18.863,16.385,8.376,17.34,29.22,7.844,29.351,6.553,27.591,18.1,18.13,18.13,18.13,15.85,19.4,19.4,19.4,17.4,2026-10-09T01:04:37Z,
2026,5,2026_05_SF_SEA,2026-10-11T20:25:00+00:00,00-0033288,George Kittle,TE,SF,SEA,,12.757,12.129,12.129,12.129,14.392,9.866,4.129,12.366,22.717,4.839,26.317,3.076,19.853,12.65,12.61,12.61,14.89,10.33,17.0,17.0,19.3,14.7,2026-10-09T01:04:37Z,
2026,5,2026_05_MIN_NO,2026-10-11T17:00:00+00:00,00-0033293,Aaron Jones,RB,MIN,NO,,12.706,13.141,13.141,13.141,13.141,11.75,4.545,11.984,22.612,4.833,23.231,4.435,19.874,14.03,14.11,14.11,14.11,12.82,15.6,15.6,16.1,14.0,2026-10-09T01:04:37Z,Limited Participation in Practice
2026,5,2026_05_DET_ARI,2026-10-11T20:25:00+00:00,00-0033307,Kendrick Bourne,WR,ARI,DET,,5.207,4.894,4.894,4.894,4.895,3.973,0.063,3.875,11.429,0.02,11.925,0.043,9.525,6.75,6.73,6.73,6.73,5.35,8.0,8.0,8.0,6.1,2026-10-09T01:04:37Z,
2026,5,2026_05_NYG_WAS,2026-10-11T17:00:00+00:00,00-0033376,Patrick Ricard,RB,NYG,WAS,,1.976,2.489,2.489,2.489,2.489,2.027,-0.029,0.809,5.257,-0.013,5.943,-0.045,4.746,0.12,0.1,0.1,0.1,0.07,0.3,0.3,0.3,0.2,2026-10-09T01:04:37Z,
2026,5,2026_05_CIN_MIA,2026-10-11T17:00:00+00:00,00-0033526,Samaje Perine,RB,CIN,MIA,,5.265,4.854,4.854,4.854,4.855,4.233,0.421,3.753,11.233,0.277,12.145,0.462,9.691,6.26,6.26,6.26,6.26,5.41,4.1,4.1,4.1,3.5,2026-10-09T01:04:37Z,
2026,5,2026_05_CLE_NYJ,2026-10-11T17:00:00+00:00,00-0033537,Deshaun Watson,QB,CLE,NYJ,,15.047,16.847,16.847,16.847,17.403,16.788,3.566,13.484,25.854,4.651,25.505,2.68,24.811,14.56,14.43,14.43,14.71,14.43,15.0,15.0,15.3,15.0,2026-10-09T01:04:37Z,
2026,5,2026_05_LV_NE,2026-10-11T17:00:00+00:00,00-0033555,Mack Hollins,WR,NE,LV,,7.232,7.095,7.095,7.095,7.095,5.89,1.234,6.008,14.911,1.378,16.126,0.806,13.145,9.0,9.04,9.04,9.04,7.32,8.3,8.3,8.3,6.6,2026-10-09T01:04:37Z,Did Not Participate In Practice
2026,5,2026_05_SF_SEA,2026-10-11T20:25:00+00:00,00-0033576,Eric Saubert,TE,SEA,SF,,1.165,1.28,1.28,1.28,1.545,1.015,-0.01,0.136,3.851,0.002,4.444,-0.004,3.544,1.25,1.28,1.28,1.53,1.03,2.0,2.0,2.3,1.7,2026-10-09T01:04:37Z,
2026,5,2026_05_BAL_ATL,2026-10-12T00:20:00+00:00,00-0033662,Cooper Rush,QB,ATL,BAL,,4.412,7.446,7.446,7.446,7.898,7.458,-1.328,3.31,14.902,-0.222,15.261,-1.137,13.94,,0.0,0.0,0.0,0.0,0.3,0.3,0.8,0.3,2026-10-09T01:04:37Z,
2026,5,2026_05_NYG_WAS,2026-10-11T17:00:00+00:00,00-0033699,Austin Ekeler,RB,WAS,NYG,,4.692,5.572,5.572,5.572,5.573,4.837,0.321,2.997,11.195,0.123,11.151,0.181,9.491,4.66,4.66,4.66,4.66,4.18,5.1,5.1,5.1,4.5,2026-10-09T01:04:37Z,
2026,5,2026_05_IND_PIT,2026-10-11T17:00:00+00:00,00-0033757,Robert Tonyan,TE,PIT,IND,,0.458,0.412,0.412,0.412,0.504,0.319,0.0,0.004,0.606,0.0,0.943,-0.007,0.327,0.08,0.06,0.06,0.08,0.05,0.2,0.2,0.3,0.1,2026-10-09T01:04:37Z,
2026,5,2026_05_HOU_TEN,2026-10-11T17:00:00+00:00,00-0033854,Dare Ogunbowale,RB,HOU,TEN,,0.946,1.107,1.107,1.107,1.109,0.991,-0.184,-0.093,4.486,-0.052,4.895,-0.116,4.126,0.18,0.15,0.15,0.15,0.12,0.1,0.1,0.1,0.1,2026-10-09T01:04:37Z,
2026,5,2026_05_CHI_GB,2026-10-11T17:00:00+00:00,00-0033858,Jonnu Smith,TE,GB,CHI,,2.697,2.725,2.725,2.725,3.277,2.172,0.002,1.809,6.844,0.012,7.816,0.017,5.619,2.82,2.83,2.83,3.41,2.24,3.3,3.3,3.9,2.7,2026-10-09T01:04:37Z,
2026,5,2026_05_HOU_TEN,2026-10-11T17:00:00+00:00,00-0033869,Mitchell Trubisky,QB,TEN,HOU,,4.368,4.909,4.909,4.909,5.305,4.903,-1.36,2.373,13.603,-1.108,16.027,-1.5,15.757,,0.0,0.0,0.0,0.0,0.0,0.0,0.0,0.0,2026-10-09T01:04:37Z,
2026,5,2026_05_DEN_LAC,2026-10-11T20:05:00+00:00,00-0033881,Evan Engram,TE,DEN,LAC,,5.717,5.981,5.981,5.981,7.243,4.719,0.833,4.678,11.257,0.637,13.382,0.331,9.611,5.18,5.16,5.16,6.14,4.18,2.8,2.8,3.3,2.2,2026-10-09T01:04:37Z,
2026,5,2026_05_MIN_NO,2026-10-11T17:00:00+00:00,00-0033906,Alvin Kamara,RB,NO,MIN,,9.622,9.846,9.846,9.846,9.846,8.693,1.653,8.196,18.534,2.118,18.705,1.678,16.844,10.94,10.99,10.99,10.99,9.72,10.1,10.1,10.1,8.7,2026-10-09T01:04:37Z,Did Not Participate In Practice
2026,5,2026_05_SF_SEA,2026-10-11T20:25:00+00:00,00-0033908,Cooper Kupp,WR,SEA,SF,,5.783,5.881,5.881,5.881,5.881,4.818,0.258,4.512,13.018,0.408,13.546,0.143,11.336,6.35,6.32,6.32,6.32,5.21,6.3,6.3,6.3,5.2,2026-10-09T01:04:37Z,
2026,5,2026_05_TB_DAL,2026-10-09T00:15:00+00:00,00-0033921,Chris Godwin Jr.,WR,TB,DAL,,8.068,8.676,8.676,8.676,8.676,7.07,1.291,6.447,18.229,1.138,17.729,0.732,14.97,9.95,9.94,9.94,9.94,8.02,9.0,9.0,9.0,7.0,2026-10-08T22:03:43Z,
2026,5,2026_05_DET_ARI,2026-10-11T20:25:00+00:00,00-0033949,Joshua Dobbs,QB,DET,ARI,,1.976,2.313,2.313,2.313,2.465,2.237,-1.184,0.914,8.62,-0.832,10.268,-1.208,9.903,,0.0,0.0,0.0,0.0,0.0,0.0,0.0,0.0,2026-10-09T01:04:37Z,
2026,5,2026_05_DET_ARI,2026-10-11T20:25:00+00:00,00-0034270,Tyler Conklin,TE,DET,ARI,,0.705,0.633,0.633,0.633,0.718,0.551,-0.009,0.001,1.83,-0.023,2.053,-0.004,1.093,0.37,0.37,0.37,0.44,0.3,0.4,0.4,0.5,0.3,2026-10-09T01:04:37Z,
2026,5,2026_05_DEN_LAC,2026-10-11T20:05:00+00:00,00-0034272,Marquez Valdes-Scantling,WR,LAC,DEN,,1.75,2.197,2.197,2.197,2.198,1.759,-0.005,0.728,6.639,0.002,5.911,-0.014,5.167,0.69,0.7,0.7,0.7,0.57,1.6,1.6,1.6,1.2,2026-10-09T01:04:37Z,
2026,5,2026_05_DEN_LAC,2026-10-11T20:05:00+00:00,00-0034348,Courtland Sutton,WR,DEN,LAC,,10.087,9.75,9.75,9.75,9.75,7.937,1.861,9.189,17.838,2.096,19.454,1.355,15.401,8.72,8.72,8.72,8.72,7.32,6.5,6.5,6.5,5.2,2026-10-09T01:04:37Z,
2026,5,2026_05_PHI_JAX,2026-10-11T13:30:00+00:00,00-0034351,Dallas Goedert,TE,PHI,JAX,,7.194,7.148,7.148,7.148,8.503,5.794,0.6,7.289,15.03,0.703,16.655,0.725,12.856,,0.0,0.0,0.0,0.0,2.7,2.7,3.0,2.4,2026-10-09T01:04:37Z,
2026,5,2026_05_LV_NE,2026-10-11T17:00:00+00:00,00-0034365,Ian Thomas,TE,LV,NE,,1.981,1.541,1.541,1.541,1.88,1.203,-0.007,0.487,5.407,0.007,6.776,0.001,5.356,0.53,0.52,0.52,0.64,0.39,2.7,2.7,3.2,2.3,2026-10-09T01:04:37Z,
2026,5,2026_05_HOU_TEN,2026-10-11T17:00:00+00:00,00-0034383,Dalton Schultz,TE,HOU,TEN,,9.268,9.166,9.166,9.166,11.047,7.286,1.758,8.57,16.494,2.383,18.48,1.256,13.894,8.56,8.59,8.59,10.44,6.73,10.0,10.0,12.8,7.7,2026-10-09T01:04:37Z,
2026,5,2026_05_BUF_LA,2026-10-13T00:15:00+00:00,00-0034577,Kyle Allen,QB,BUF,LA,,1.37,1.05,1.05,1.05,1.263,0.998,-1.206,0.331,6.712,-0.786,7.735,-1.237,8.006,,0.0,0.0,0.0,0.0,0.0,0.0,0.0,0.0,2026-10-09T01:04:37Z,
2026,5,2026_05_CIN_MIA,2026-10-11T17:00:00+00:00,00-0034613,Tanner Hudson,TE,CIN,MIA,,2.098,1.967,1.967,1.967,2.381,1.553,0.001,0.886,6.436,0.004,7.318,-0.001,5.73,1.77,1.78,1.78,2.18,1.38,2.1,2.1,2.6,1.5,2026-10-09T01:04:37Z,
2026,5,2026_05_BAL_ATL,2026-10-12T00:20:00+00:00,00-0034753,Mark Andrews,TE,BAL,ATL,,8.624,8.619,8.619,8.619,10.473,6.766,2.12,7.19,16.909,2.705,19.007,1.254,14.379,9.79,9.76,9.76,11.67,7.85,10.3,10.3,12.5,8.0,2026-10-09T01:04:37Z,Full Participation in Practice
2026,5,2026_05_IND_PIT,2026-10-11T17:00:00+00:00,00-0034771,Mason Rudolph,QB,PIT,IND,,2.125,2.403,2.403,2.403,2.519,2.417,-1.111,0.325,9.443,-0.812,9.611,-1.046,9.908,,0.0,0.0,0.0,0.0,0.5,0.5,0.7,0.5,2026-10-09T01:04:37Z,
2026,5,2026_05_BAL_ATL,2026-10-12T00:20:00+00:00,00-0034796,Lamar Jackson,QB,BAL,ATL,,15.157,15.667,15.667,15.667,16.225,15.626,4.765,15.591,26.043,5.561,25.985,3.6,25.134,,0.0,0.0,0.0,0.0,11.3,11.3,11.5,11.3,2026-10-09T01:04:37Z,Did Not Participate In Practice
2026,5,2026_05_BUF_LA,2026-10-13T00:15:00+00:00,00-0034827,DJ Moore,WR,BUF,LA,,8.168,7.997,7.997,7.997,7.997,6.497,2.014,6.888,16.455,1.478,17.024,1.354,13.632,9.6,9.57,9.57,9.57,8.17,6.8,6.8,6.8,5.6,2026-10-09T01:04:37Z,
2026,5,2026_05_CIN_MIA,2026-10-11T17:00:00+00:00,00-0034829,Mike Gesicki,TE,CIN,MIA,,7.48,5.981,5.981,5.981,7.158,4.804,1.166,6.657,16.33,1.339,18.454,0.787,13.975,8.02,7.98,7.98,9.48,6.47,12.5,12.5,14.4,10.7,2026-10-09T01:04:37Z,
2026,5,2026_05_HOU_TEN,2026-10-11T17:00:00+00:00,00-0034837,Calvin Ridley,WR,TEN,HOU,,3.375,3.291,3.291,3.291,3.291,2.653,-0.013,2.398,8.719,-0.003,8.754,0.009,6.731,2.65,2.66,2.66,2.66,2.18,2.9,2.9,2.9,2.4,2026-10-09T01:04:37Z,
2026,5,2026_05_PHI_JAX,2026-10-11T13:30:00+00:00,00-0034844,Saquon Barkley,RB,PHI,JAX,,6.901,7.913,7.913,7.913,7.924,7.145,1.334,4.421,15.985,1.277,16.135,1.092,13.745,,0.0,0.0,0.0,0.0,2.7,2.7,2.7,2.4,2026-10-09T01:04:37Z,
2026,5,2026_05_BUF_LA,2026-10-13T00:15:00+00:00,00-0034857,Josh Allen,QB,BUF,LA,,20.235,20.034,20.034,20.034,20.66,19.953,8.051,19.768,31.706,9.473,32.306,7.658,32.125,22.04,21.25,21.25,22.11,21.25,23.5,23.5,24.4,23.4,2026-10-09T01:04:37Z,
2026,5,2026_05_SF_SEA,2026-10-11T20:25:00+00:00,00-0034869,Sam Darnold,QB,SEA,SF,,13.623,13.413,13.413,13.413,14.083,13.418,1.79,13.232,24.14,2.295,24.323,1.881,23.234,16.45,16.03,16.03,16.6,16.03,14.2,14.2,15.2,14.2,2026-10-09T01:04:37Z,
2026,5,2026_05_CLE_NYJ,2026-10-11T17:00:00+00:00,00-0034959,Andrew Beck,TE,NYJ,CLE,,1.269,1.289,1.289,1.289,1.516,1.073,-0.077,-0.013,5.347,-0.084,6.83,-0.068,4.344,,0.0,0.0,0.0,0.0,0.0,0.0,0.0,0.0,2026-10-09T01:04:37Z,
2026,5,2026_05_PHI_JAX,2026-10-11T13:30:00+00:00,00-0034960,Jakobi Meyers,WR,JAX,PHI,,10.587,10.364,10.364,10.364,10.364,8.472,1.839,9.531,19.956,2.123,20.601,1.54,16.843,8.88,8.89,8.89,8.89,7.21,9.9,9.9,9.9,8.1,2026-10-09T01:04:37Z,Full Participation in Practice
2026,5,2026_05_BAL_ATL,2026-10-12T00:20:00+00:00,00-0034975,Justice Hill,RB,BAL,ATL,,5.491,4.543,4.543,4.543,4.544,3.836,0.072,3.501,10.432,0.028,11.444,0.108,9.188,5.79,5.85,5.85,5.85,4.95,4.3,4.3,4.3,3.6,2026-10-09T01:04:37Z,
2026,5,2026_05_HOU_TEN,2026-10-11T17:00:00+00:00,00-0034981,Foster Moreau,TE,HOU,TEN,,2.739,2.692,2.692,2.692,3.251,2.134,-0.008,1.726,6.97,-0.034,8.551,0.006,6.001,3.01,3.0,3.0,3.6,2.4,4.1,4.1,4.8,3.4,2026-10-09T01:04:37Z,
2026,5,2026_05_IND_PIT,2026-10-11T17:00:00+00:00,00-0035021,Ashton Dulin,WR,IND,PIT,,3.135,3.613,3.613,3.613,3.613,2.846,-0.119,1.574,9.307,-0.276,9.263,-0.111,7.885,2.22,2.17,2.17,2.17,1.81,2.0,2.0,2.0,1.7,2026-10-09T01:04:37Z,Did Not Participate In Practice
2026,5,2026_05_BAL_ATL,2026-10-12T00:20:00+00:00,00-0035208,Olamide Zaccheaus,WR,ATL,BAL,,2.789,3.377,3.377,3.377,3.377,2.805,0.0,1.777,7.972,-0.009,8.218,-0.001,6.371,3.23,3.24,3.24,3.24,2.66,2.3,2.3,2.3,1.7,2026-10-09T01:04:37Z,
2026,5,2026_05_MIN_NO,2026-10-11T17:00:00+00:00,00-0035228,Kyler Murray,QB,MIN,NO,,13.076,13.05,13.05,13.05,13.491,12.987,1.434,11.13,23.182,2.069,23.594,1.895,23.327,16.81,16.56,16.56,17.01,16.56,12.0,12.0,12.6,12.0,2026-10-09T01:04:37Z,
2026,5,2026_05_MIN_NO,2026-10-11T17:00:00+00:00,00-0035229,T.J. Hockenson,TE,MIN,NO,,11.089,10.429,10.429,10.429,12.53,8.328,3.131,9.416,19.876,3.632,23.064,2.296,17.216,9.83,9.8,9.8,11.87,7.74,11.5,11.5,14.8,8.7,2026-10-09T01:04:37Z,
2026,5,2026_05_NYG_WAS,2026-10-11T17:00:00+00:00,00-0035250,Devin Singletary,RB,NYG,WAS,,4.734,5.4,5.4,5.4,5.4,4.636,0.211,4.014,12.117,-0.063,11.793,0.366,10.248,,0.0,0.0,0.0,0.0,1.9,1.9,1.9,1.8,2026-10-09T01:04:37Z,
2026,5,2026_05_HOU_TEN,2026-10-11T17:00:00+00:00,00-0035261,Tony Pollard,RB,TEN,HOU,,10.28,11.332,11.332,11.332,11.332,10.238,3.981,9.722,18.484,3.815,18.582,3.288,17.405,9.2,9.26,9.26,9.26,8.47,9.9,9.9,9.9,8.9,2026-10-09T01:04:37Z,Did Not Participate In Practice
2026,5,2026_05_DEN_LAC,2026-10-11T20:05:00+00:00,00-0035264,Jarrett Stidham,QB,DEN,LAC,,1.552,2.499,2.499,2.499,2.647,2.447,-1.152,0.196,7.76,-0.78,9.16,-1.151,8.324,,0.0,0.0,0.0,0.0,0.0,0.0,0.0,0.0,2026-10-09T01:04:37Z,
2026,5,2026_05_DET_ARI,2026-10-11T20:25:00+00:00,00-0035289,Gardner Minshew,QB,ARI,DET,,2.162,4.429,4.429,4.429,4.683,4.359,-1.109,0.615,7.486,-0.711,9.174,-1.145,9.557,,0.0,0.0,0.0,0.0,0.0,0.0,0.0,0.0,2026-10-09T01:04:37Z,
2026,5,2026_05_LV_NE,2026-10-11T17:00:00+00:00,00-0035345,Chris Myarick,TE,LV,NE,,0.46,0.399,0.399,0.399,0.464,0.337,0.0,0.001,1.054,-0.003,1.634,-0.011,0.835,,0.0,0.0,0.0,0.0,0.0,0.0,0.0,0.0,2026-10-09T01:04:37Z,
2026,5,2026_05_DEN_LAC,2026-10-11T20:05:00+00:00,00-0035406,Lil'Jordan Humphrey,WR,DEN,LAC,,1.384,1.651,1.651,1.651,1.652,1.34,-0.126,0.006,6.186,-0.142,5.471,-0.07,5.011,,0.0,0.0,0.0,0.0,0.5,0.5,0.5,0.4,2026-10-09T01:04:37Z,
2026,5,2026_05_BUF_LA,2026-10-13T00:15:00+00:00,00-0035500,Greg Dortch,WR,BUF,LA,,1.289,1.06,1.06,1.06,1.062,0.871,-0.005,0.127,3.819,-0.004,3.585,-0.019,3.389,0.65,0.63,0.63,0.63,0.52,0.2,0.2,0.2,0.2,2026-10-09T01:04:37Z,
2026,5,2026_05_IND_PIT,2026-10-11T17:00:00+00:00,00-0035535,Darius Slayton,WR,IND,PIT,,4.718,5.759,5.759,5.759,5.761,4.739,0.185,4.062,11.873,0.476,11.966,0.114,10.234,0.4,0.42,0.42,0.42,0.35,0.4,0.4,0.4,0.3,2026-10-09T01:04:37Z,
2026,5,2026_05_BUF_LA,2026-10-13T00:15:00+00:00,00-0035537,Ty Johnson,RB,BUF,LA,,5.153,5.136,5.136,5.136,5.137,4.128,0.171,4.319,11.855,0.064,12.324,0.048,9.853,5.02,5.01,5.01,5.01,4.28,7.0,7.0,7.0,6.1,2026-10-09T01:04:37Z,
2026,5,2026_05_DET_ARI,2026-10-11T20:25:00+00:00,00-0035544,Tom Kennedy,WR,DET,ARI,,0.689,0.707,0.707,0.707,0.71,0.627,-0.001,0.001,1.79,0.0,0.9,0.0,0.818,0.13,0.1,0.1,0.1,0.08,0.0,0.0,0.0,0.0,2026-10-09T01:04:37Z,
2026,5,2026_05_NYG_WAS,2026-10-11T17:00:00+00:00,00-0035567,Craig Reynolds,RB,WAS,NYG,,1.261,1.096,1.096,1.096,1.098,0.998,-0.047,0.371,4.958,0.006,5.128,-0.012,4.38,,0.0,0.0,0.0,0.0,0.0,0.0,0.0,0.0,2026-10-09T01:04:37Z,
2026,5,2026_05_IND_PIT,2026-10-11T17:00:00+00:00,00-0035594,Travis Homer,RB,PIT,IND,,1.514,1.126,1.126,1.126,1.126,1.0,-0.014,0.327,3.008,-0.014,3.534,-0.009,2.677,0.31,0.35,0.35,0.35,0.31,0.5,0.5,0.5,0.4,2026-10-09T01:04:37Z,
2026,5,2026_05_BUF_LA,2026-10-13T00:15:00+00:00,00-0035602,Alex Bachman,WR,LA,BUF,,0.654,0.604,0.604,0.604,0.607,0.518,-0.001,0.001,0.936,-0.005,1.128,0.0,1.054,,0.0,0.0,0.0,0.0,0.0,0.0,0.0,0.0,2026-10-09T01:04:37Z,
2026,5,2026_05_CIN_MIA,2026-10-11T17:00:00+00:00,00-0035631,Drew Sample,TE,CIN,MIA,,2.006,1.873,1.873,1.873,2.3,1.447,0.002,0.659,5.298,-0.021,6.621,-0.004,4.283,2.79,2.82,2.82,3.48,2.16,3.3,3.3,4.2,2.4,2026-10-09T01:04:37Z,
2026,5,2026_05_IND_PIT,2026-10-11T17:00:00+00:00,00-0035640,DK Metcalf,WR,PIT,IND,,12.36,12.131,12.131,12.131,12.126,9.88,3.002,11.619,21.734,3.368,22.647,2.315,18.338,12.98,12.95,12.95,12.95,11.05,12.7,12.7,13.1,10.7,2026-10-09T01:04:37Z,
2026,5,2026_05_MIN_NO,2026-10-11T17:00:00+00:00,00-0035644,Noah Fant,TE,NO,MIN,,5.912,5.653,5.653,5.653,6.79,4.517,0.547,5.865,15.356,0.707,17.653,0.447,12.98,4.4,4.39,4.39,5.18,3.6,6.9,6.9,7.9,6.0,2026-10-09T01:04:37Z,Limited Participation in Practice
2026,5,2026_05_NYG_WAS,2026-10-11T17:00:00+00:00,00-0035659,Terry McLaurin,WR,WAS,NYG,,10.697,11.555,11.555,11.555,11.555,9.556,2.483,9.615,20.423,2.744,21.734,1.778,17.29,10.44,10.42,10.42,10.42,8.64,10.3,10.3,10.3,8.6,2026-10-09T01:04:37Z,Did Not Participate In Practice
2026,5,2026_05_PHI_JAX,2026-10-11T13:30:00+00:00,00-0035662,Marquise Brown,WR,PHI,JAX,,3.1,2.634,2.634,2.634,2.639,2.199,-0.039,1.534,10.059,-0.087,9.745,-0.062,8.236,0.46,0.45,0.45,0.45,0.36,1.4,1.4,1.4,1.2,2026-10-09T01:04:37Z,
2026,5,2026_05_HOU_TEN,2026-10-11T17:00:00+00:00,00-0035685,David Montgomery,RB,HOU,TEN,,10.826,10.869,10.869,10.869,10.873,10.083,3.248,9.327,18.084,3.265,19.661,2.697,17.682,13.11,13.07,13.07,13.07,12.08,8.2,8.2,8.2,7.4,2026-10-09T01:04:37Z,
2026,5,2026_05_BUF_LA,2026-10-13T00:15:00+00:00,00-0035689,Dawson Knox,TE,BUF,LA,,4.74,4.286,4.286,4.286,5.104,3.469,0.235,3.812,9.872,0.336,11.634,0.221,8.622,3.2,3.17,3.17,3.76,2.58,3.5,3.5,4.2,2.9,2026-10-09T01:04:37Z,
2026,5,2026_05_SF_SEA,2026-10-11T20:25:00+00:00,00-0035704,Drew Lock,QB,SEA,SF,,11.248,11.082,11.082,11.082,11.806,11.115,-0.139,11.545,21.719,1.578,22.554,0.57,20.654,,0.0,0.0,0.0,0.0,2.7,2.7,2.7,2.7,2026-10-09T01:04:37Z,
2026,5,2026_05_IND_PIT,2026-10-11T17:00:00+00:00,00-0035710,Daniel Jones,QB,IND,PIT,,13.541,13.554,13.554,13.554,14.251,13.575,4.36,12.608,24.889,5.87,25.017,4.852,24.669,13.22,12.58,12.58,13.41,12.58,9.4,9.4,10.3,9.4,2026-10-09T01:04:37Z,
2026,5,2026_05_SF_SEA,2026-10-11T20:25:00+00:00,00-0035719,Deebo Samuel Sr.,WR,SF,SEA,,11.134,9.831,9.831,9.831,9.831,8.055,3.497,10.369,20.5,3.89,20.821,2.832,17.637,10.01,10.04,10.04,10.04,8.16,10.7,10.7,10.7,9.3,2026-10-09T01:04:37Z,
2026,5,2026_05_LV_NE,2026-10-11T17:00:00+00:00,00-0035891,Cody White,WR,LV,NE,,4.041,3.822,3.822,3.822,3.832,3.13,0.328,1.827,10.512,0.349,10.658,0.185,9.289,6.76,6.72,6.72,6.72,5.7,9.2,9.2,9.2,8.3,2026-10-09T01:04:37Z,
2026,5,2026_05_BAL_ATL,2026-10-12T00:20:00+00:00,00-0035993,Tyler Huntley,QB,BAL,ATL,,5.951,6.762,6.762,6.762,7.271,6.652,-1.005,4.003,12.981,-0.647,13.166,-0.856,14.035,12.02,11.15,11.15,12.17,11.15,10.6,10.6,11.4,10.6,2026-10-09T01:04:37Z,
2026,5,2026_05_MIN_NO,2026-10-11T17:00:00+00:00,00-0036040,Juwan Johnson,TE,NO,MIN,,10.365,10.053,10.053,10.053,12.081,8.026,3.16,9.975,19.849,3.66,21.903,2.301,16.11,10.26,10.25,10.25,12.15,8.35,12.1,12.1,14.4,9.7,2026-10-09T01:04:37Z,
2026,5,2026_05_IND_PIT,2026-10-11T17:00:00+00:00,00-0036139,Rico Dowdle,RB,PIT,IND,,7.745,8.339,8.339,8.339,8.339,7.313,1.007,5.812,16.371,1.027,16.402,1.261,15.189,9.69,9.74,9.74,9.74,9.01,8.9,8.9,8.9,8.0,2026-10-09T01:04:37Z,Limited Participation in Practice
2026,5,2026_05_DEN_LAC,2026-10-11T20:05:00+00:00,00-0036158,J.K. Dobbins,RB,DEN,LAC,,8.83,9.174,9.174,9.174,9.172,8.603,2.444,7.06,17.929,2.125,17.407,1.73,16.985,9.1,9.14,9.14,9.14,8.61,7.4,7.4,7.4,6.9,2026-10-09T01:04:37Z,
2026,5,2026_05_IND_PIT,2026-10-11T17:00:00+00:00,00-0036182,Nick Westbrook-Ikhine,WR,IND,PIT,,0.69,0.807,0.807,0.807,0.809,0.65,0.0,0.245,2.723,-0.003,3.053,0.0,2.07,,0.0,0.0,0.0,0.0,0.0,0.0,0.0,0.0,2026-10-09T01:04:37Z,
2026,5,2026_05_LV_NE,2026-10-11T17:00:00+00:00,00-0036187,Reggie Gilliam,RB,NE,LV,,1.356,2.06,2.06,2.06,2.061,1.801,-0.079,0.223,6.525,-0.11,6.738,-0.031,5.339,0.28,0.29,0.29,0.29,0.24,0.6,0.6,0.6,0.5,2026-10-09T01:04:37Z,Limited Participation in Practice
2026,5,2026_05_BAL_ATL,2026-10-12T00:20:00+00:00,00-0036212,Tua Tagovailoa,QB,ATL,BAL,,7.234,6.451,6.451,6.451,6.692,6.336,-0.776,7.149,20.57,-0.478,20.156,-0.732,20.543,,0.0,0.0,0.0,0.0,0.0,0.0,0.0,0.0,2026-10-09T01:04:37Z,
2026,5,2026_05_IND_PIT,2026-10-11T17:00:00+00:00,00-0036223,Jonathan Taylor,RB,IND,PIT,,16.207,16.997,16.997,16.997,17.017,15.788,6.831,17.041,29.109,6.009,28.921,6.019,26.556,18.9,18.95,18.95,18.95,17.65,21.0,21.0,21.0,19.7,2026-10-09T01:04:37Z,Limited Participation in Practice
2026,5,2026_05_BUF_LA,2026-10-13T00:15:00+00:00,00-0036244,Colby Parkinson,TE,LA,BUF,,4.925,4.045,4.045,4.045,4.778,3.312,0.425,2.968,9.116,0.395,11.876,0.234,7.769,4.33,4.34,4.34,5.12,3.57,3.0,3.0,3.7,2.4,2026-10-09T01:04:37Z,
2026,5,2026_05_MIN_NO,2026-10-11T17:00:00+00:00,00-0036259,Jauan Jennings,WR,MIN,NO,,6.133,5.157,5.157,5.157,5.165,4.233,0.126,4.404,14.66,0.203,13.601,0.113,10.47,3.33,3.3,3.3,3.3,2.8,2.1,2.1,2.1,1.7,2026-10-09T01:04:37Z,
2026,5,2026_05_SF_SEA,2026-10-11T20:25:00+00:00,00-0036261,Brandon Aiyuk,WR,SF,SEA,,3.867,2.667,2.667,2.667,2.673,2.317,0.068,1.72,11.467,0.033,10.916,0.048,10.16,,,,,,,,,,2026-10-09T01:04:37Z,
2026,5,2026_05_CHI_GB,2026-10-11T17:00:00+00:00,00-0036264,Jordan Love,QB,GB,CHI,,15.341,15.153,15.153,15.153,15.886,15.16,6.307,15.212,25.225,7.028,26.022,6.341,25.306,17.2,16.21,16.21,17.39,16.21,15.0,15.0,16.2,15.0,2026-10-09T01:04:37Z,
2026,5,2026_05_CHI_GB,2026-10-11T17:00:00+00:00,00-0036275,D'Andre Swift,RB,CHI,GB,,13.111,12.51,12.51,12.51,12.51,11.518,4.893,13.719,23.116,5.312,23.389,4.26,22.872,14.47,14.48,14.48,14.48,13.38,13.4,13.4,13.4,11.9,2026-10-09T01:04:37Z,Did Not Participate In Practice
2026,5,2026_05_CHI_GB,2026-10-11T17:00:00+00:00,00-0036290,Cole Kmet,TE,CHI,GB,,4.091,4.223,4.223,4.223,5.022,3.424,-0.067,3.181,10.092,-0.016,11.438,-0.04,8.001,3.65,3.66,3.66,4.4,2.92,2.1,2.1,2.6,1.6,2026-10-09T01:04:37Z,
2026,5,2026_05_NYG_WAS,2026-10-11T17:00:00+00:00,00-0036309,Darnell Mooney,WR,NYG,WAS,,4.661,4.947,4.947,4.947,4.947,4.012,-0.055,3.414,11.01,-0.048,11.055,-0.035,9.902,4.49,4.5,4.5,4.5,3.77,4.5,4.5,4.5,3.8,2026-10-09T01:04:37Z,
2026,5,2026_05_MIN_NO,2026-10-11T17:00:00+00:00,00-0036322,Justin Jefferson,WR,MIN,NO,,10.806,11.29,11.29,11.29,11.322,9.314,2.916,9.394,20.06,2.651,19.683,2.041,16.31,16.33,16.29,16.29,16.29,13.46,15.3,15.3,15.3,12.8,2026-10-09T01:04:37Z,Limited Participation in Practice
2026,5,2026_05_DET_ARI,2026-10-11T20:25:00+00:00,00-0036331,Devin Duvernay,WR,ARI,DET,,0.74,0.726,0.726,0.726,0.728,0.628,-0.001,0.001,0.95,0.0,0.977,0.0,0.498,0.22,0.23,0.23,0.23,0.19,0.1,0.1,0.1,0.1,2026-10-09T01:04:37Z,
2026,5,2026_05_DEN_LAC,2026-10-11T20:05:00+00:00,00-0036355,Justin Herbert,QB,LAC,DEN,,14.074,14.428,14.428,14.428,14.973,14.305,5.833,14.187,24.636,6.759,25.218,5.574,23.434,14.42,14.11,14.11,14.58,14.11,12.0,12.0,13.3,12.0,2026-10-09T01:04:37Z,
2026,5,2026_05_TB_DAL,2026-10-09T00:15:00+00:00,00-0036358,CeeDee Lamb,WR,DAL,TB,,18.439,17.973,17.973,17.973,17.972,14.899,6.713,16.699,30.091,6.719,30.033,5.616,25.311,20.71,20.67,20.67,22.67,17.4,25.4,25.4,27.2,21.2,2026-10-08T22:03:43Z,
2026,5,2026_05_PHI_JAX,2026-10-11T13:30:00+00:00,00-0036389,Jalen Hurts,QB,PHI,JAX,,13.712,13.136,13.136,13.136,13.757,13.116,5.102,14.966,24.173,6.313,24.698,4.937,23.256,15.76,15.14,15.14,15.88,15.14,13.6,13.6,14.5,13.6,2026-10-09T01:04:37Z,
2026,5,2026_05_CLE_NYJ,2026-10-11T17:00:00+00:00,00-0036407,Jerry Jeudy,WR,CLE,NYJ,,3.81,4.704,4.704,4.704,4.705,3.837,0.019,2.876,10.309,0.053,10.909,0.108,9.138,2.99,2.96,2.96,2.96,2.38,3.2,3.2,3.2,2.5,2026-10-09T01:04:37Z,
2026,5,2026_05_CIN_MIA,2026-10-11T17:00:00+00:00,00-0036410,Tee Higgins,WR,CIN,MIA,,13.696,13.245,13.245,13.245,13.245,10.847,5.612,14.134,25.776,5.542,25.628,4.119,20.374,13.18,13.16,13.16,13.16,11.04,16.0,16.0,16.3,13.2,2026-10-09T01:04:37Z,Did Not Participate In Practice
2026,5,2026_05_DEN_LAC,2026-10-11T20:05:00+00:00,00-0036422,Adam Trautman,TE,DEN,LAC,,1.986,2.188,2.188,2.188,2.66,1.717,-0.012,0.929,5.059,-0.018,6.549,-0.026,4.416,1.79,1.78,1.78,2.14,1.43,1.9,1.9,2.3,1.4,2026-10-09T01:04:37Z,
2026,5,2026_05_MIN_NO,2026-10-11T17:00:00+00:00,00-0036425,DeeJay Dallas,RB,MIN,NO,,1.202,1.658,1.658,1.658,1.658,1.417,-0.013,0.184,4.197,0.003,4.392,-0.01,3.93,2.01,2.05,2.05,2.05,1.67,2.1,2.1,2.1,1.7,2026-10-09T01:04:37Z,
2026,5,2026_05_BAL_ATL,2026-10-12T00:20:00+00:00,00-0036429,Charlie Woerner,TE,ATL,BAL,,2.092,1.325,1.325,1.325,1.596,1.055,-0.014,0.473,5.551,-0.014,7.312,0.017,4.148,0.43,0.43,0.43,0.53,0.33,0.2,0.2,0.3,0.2,2026-10-09T01:04:37Z,
2026,5,2026_05_CIN_MIA,2026-10-11T17:00:00+00:00,00-0036442,Joe Burrow,QB,CIN,MIA,,17.05,16.942,16.942,16.942,17.717,16.965,8.151,17.854,26.936,9.863,27.545,8.678,26.983,19.24,18.84,18.84,19.45,18.84,20.8,20.8,22.7,20.8,2026-10-09T01:04:37Z,
2026,5,2026_05_BAL_ATL,2026-10-12T00:20:00+00:00,00-0036463,Chris Blair,WR,ATL,BAL,,1.224,1.323,1.323,1.323,1.321,1.07,-0.01,0.181,5.79,0.0,5.337,-0.026,3.864,,0.0,0.0,0.0,0.0,0.8,0.8,0.8,0.7,2026-10-09T01:04:37Z,
2026,5,2026_05_BAL_ATL,2026-10-12T00:20:00+00:00,00-0036550,Rashod Bateman,WR,BAL,ATL,,6.985,6.421,6.421,6.421,6.421,5.267,1.048,5.536,15.29,0.956,15.903,0.535,13.334,6.36,6.37,6.37,6.37,5.26,10.2,10.2,10.2,8.5,2026-10-09T01:04:37Z,Limited Participation in Practice
2026,5,2026_05_HOU_TEN,2026-10-11T17:00:00+00:00,00-0036554,Nico Collins,WR,HOU,TEN,,15.337,15.525,15.525,15.525,15.526,12.775,5.845,15.2,24.567,5.618,25.623,4.474,22.922,16.75,16.72,16.72,16.72,14.05,18.0,18.0,18.2,15.2,2026-10-09T01:04:37Z,Limited Participation in Practice
2026,5,2026_05_HOU_TEN,2026-10-11T17:00:00+00:00,00-0036556,Brevin Jordan,TE,HOU,TEN,,1.295,1.481,1.481,1.481,1.757,1.205,-0.022,0.345,5.331,-0.016,5.54,-0.002,4.126,0.42,0.42,0.42,0.51,0.33,0.9,0.9,1.0,0.7,2026-10-09T01:04:37Z,
2026,5,2026_05_PHI_JAX,2026-10-11T13:30:00+00:00,00-0036590,Quintin Morris,TE,JAX,PHI,,0.489,0.725,0.725,0.725,0.862,0.589,-0.016,0.0,1.059,-0.009,2.017,-0.006,0.646,0.46,0.48,0.48,0.58,0.39,0.5,0.5,0.6,0.4,2026-10-09T01:04:37Z,
2026,5,2026_05_DEN_LAC,2026-10-11T20:05:00+00:00,00-0036613,Jaylen Waddle,WR,DEN,LAC,,11.105,11.558,11.558,11.558,11.558,9.411,2.156,9.635,21.591,2.63,21.7,1.497,19.124,12.15,12.19,12.19,12.19,10.04,13.6,13.6,14.0,11.2,2026-10-09T01:04:37Z,
2026,5,2026_05_NYG_WAS,2026-10-11T17:00:00+00:00,00-0036626,Dyami Brown,WR,WAS,NYG,,4.669,4.84,4.84,4.84,4.84,3.928,-0.06,3.252,12.669,-0.048,13.569,-0.081,11.19,0.77,0.78,0.78,0.78,0.63,3.1,3.1,3.1,2.3,2026-10-09T01:04:37Z,
2026,5,2026_05_NYG_WAS,2026-10-11T17:00:00+00:00,00-0036628,John Bates,TE,WAS,NYG,,1.68,1.85,1.85,1.85,2.261,1.44,0.006,0.27,5.012,-0.005,6.136,0.003,3.935,1.91,1.89,1.89,2.31,1.47,2.7,2.7,3.2,2.1,2026-10-09T01:04:37Z,
2026,5,2026_05_CLE_NYJ,2026-10-11T17:00:00+00:00,00-0036630,Tylan Wallace,WR,CLE,NYJ,,0.729,0.74,0.74,0.74,0.743,0.606,0.0,0.019,2.861,-0.019,2.842,-0.019,1.98,,0.0,0.0,0.0,0.0,0.0,0.0,0.0,0.0,2026-10-09T01:04:37Z,Did Not Participate In Practice
2026,5,2026_05_DET_ARI,2026-10-11T20:25:00+00:00,00-0036646,Simi Fehoko,WR,ARI,DET,,0.628,0.485,0.485,0.485,0.484,0.417,-0.01,0.001,1.029,0.0,1.117,-0.002,0.719,,0.0,0.0,0.0,0.0,0.0,0.0,0.0,0.0,2026-10-09T01:04:37Z,
2026,5,2026_05_DET_ARI,2026-10-11T20:25:00+00:00,00-0036754,Brock Wright,TE,DET,ARI,,2.745,2.249,2.249,2.249,2.691,1.806,0.0,1.402,8.247,0.022,8.828,-0.004,7.11,1.34,1.36,1.36,1.64,1.09,1.6,1.6,2.1,1.1,2026-10-09T01:04:37Z,
2026,5,2026_05_CLE_NYJ,2026-10-11T17:00:00+00:00,00-0036842,Kene Nwangwu,RB,NYJ,CLE,,0.689,0.621,0.621,0.621,0.624,0.537,-0.006,0.0,1.886,-0.03,2.524,0.0,1.156,0.36,0.36,0.36,0.36,0.36,0.6,0.6,0.6,0.6,2026-10-09T01:04:37Z,
2026,5,2026_05_BUF_LA,2026-10-13T00:15:00+00:00,00-0036849,Tutu Atwell,WR,LA,BUF,,2.241,2.28,2.28,2.28,2.28,1.863,-0.003,0.981,6.553,-0.001,6.878,-0.001,5.867,0.1,0.08,0.08,0.08,0.07,1.4,1.4,1.4,1.2,2026-10-09T01:04:37Z,
2026,5,2026_05_IND_PIT,2026-10-11T17:00:00+00:00,00-0036862,Ben Skowronek,WR,PIT,IND,,1.813,1.583,1.583,1.583,1.584,1.3,0.001,0.198,5.66,-0.007,5.748,-0.009,5.261,0.26,0.24,0.24,0.24,0.2,2.6,2.6,2.6,2.3,2026-10-09T01:04:37Z,
2026,5,2026_05_LV_NE,2026-10-11T17:00:00+00:00,00-0036875,Rhamondre Stevenson,RB,NE,LV,,11.314,12.68,12.68,12.68,12.68,11.367,3.449,11.131,21.387,3.211,22.109,2.502,19.112,13.21,13.26,13.26,13.26,11.82,11.1,11.1,11.1,9.8,2026-10-09T01:04:37Z,Limited Participation in Practice
2026,5,2026_05_HOU_TEN,2026-10-11T17:00:00+00:00,00-0036876,Kylen Granson,TE,TEN,HOU,,0.88,0.805,0.805,0.805,0.95,0.663,-0.093,-0.037,4.633,-0.113,5.072,-0.112,3.608,0.16,0.14,0.14,0.17,0.1,0.1,0.1,0.2,0.1,2026-10-09T01:04:37Z,
2026,5,2026_05_DEN_LAC,2026-10-11T20:05:00+00:00,00-0036879,Sam Ehlinger,QB,DEN,LAC,,2.275,3.367,3.367,3.367,3.585,3.22,-1.013,-0.007,10.462,-0.585,10.897,-0.937,10.252,,0.0,0.0,0.0,0.0,0.0,0.0,0.0,0.0,2026-10-09T01:04:37Z,
2026,5,2026_05_SF_SEA,2026-10-11T20:25:00+00:00,00-0036887,Luke Farrell,TE,SF,SEA,,1.584,1.447,1.447,1.447,1.773,1.12,0.013,0.218,4.584,-0.011,6.139,0.0,4.089,1.77,1.8,1.8,2.22,1.37,0.7,0.7,0.9,0.5,2026-10-09T01:04:37Z,
2026,5,2026_05_NYG_WAS,2026-10-11T17:00:00+00:00,00-0036893,Najee Harris,RB,NYG,WAS,,4.426,4.501,4.501,4.501,4.527,4.275,0.112,2.647,10.736,0.121,11.119,0.022,10.015,6.69,6.76,6.76,6.76,6.4,4.1,4.1,4.1,3.9,2026-10-09T01:04:37Z,Did Not Participate In Practice
2026,5,2026_05_IND_PIT,2026-10-11T17:00:00+00:00,00-0036894,Pat Freiermuth,TE,PIT,IND,,8.418,8.513,8.513,8.513,10.109,6.917,1.48,7.157,16.618,2.131,18.862,1.177,14.463,8.23,8.25,8.25,9.79,6.7,8.0,8.0,9.5,6.5,2026-10-09T01:04:37Z,
2026,5,2026_05_HOU_TEN,2026-10-11T17:00:00+00:00,00-0036898,Davis Mills,QB,HOU,TEN,,6.305,3.526,3.526,3.526,3.692,3.547,-1.174,6.364,17.934,-0.867,18.214,-1.126,17.565,,0.0,0.0,0.0,0.0,0.0,0.0,0.0,0.0,2026-10-09T01:04:37Z,
2026,5,2026_05_CIN_MIA,2026-10-11T17:00:00+00:00,00-0036900,Ja'Marr Chase,WR,CIN,MIA,,13.544,14.505,14.505,14.505,14.539,12.103,3.976,12.638,25.434,5.318,24.796,3.107,21.071,19.22,19.2,19.2,19.2,15.8,17.2,17.2,17.2,14.3,2026-10-09T01:04:37Z,Did Not Participate In Practice
2026,5,2026_05_PHI_JAX,2026-10-11T13:30:00+00:00,00-0036912,DeVonta Smith,WR,PHI,JAX,,12.38,12.293,12.293,12.293,12.305,9.979,4.465,11.751,23.737,3.598,22.598,2.5,19.119,,0.0,0.0,0.0,0.0,8.6,8.6,8.9,6.9,2026-10-09T01:04:37Z,
2026,5,2026_05_TB_DAL,2026-10-09T00:15:00+00:00,00-0036919,Kenny Gainwell,RB,TB,DAL,,8.131,7.347,7.347,7.347,7.347,6.158,0.754,5.798,15.814,0.767,16.624,0.979,14.477,8.45,8.46,8.46,8.46,7.33,7.2,7.2,7.2,6.0,2026-10-08T22:03:43Z,
2026,5,2026_05_HOU_TEN,2026-10-11T17:00:00+00:00,00-0036924,Michael Carter,RB,TEN,HOU,,4.441,5.132,5.132,5.132,5.134,4.342,0.126,3.046,11.473,0.14,11.812,0.129,10.629,0.12,0.11,0.11,0.11,0.08,0.1,0.1,0.1,0.1,2026-10-09T01:04:37Z,
2026,5,2026_05_DET_ARI,2026-10-11T20:25:00+00:00,00-0036963,Amon-Ra St. Brown,WR,DET,ARI,,20.319,19.374,19.374,19.374,19.375,16.074,7.67,17.363,31.99,7.72,32.796,5.795,27.49,20.89,20.88,20.88,20.88,17.6,22.6,22.6,23.0,18.9,2026-10-09T01:04:37Z,
2026,5,2026_05_BAL_ATL,2026-10-12T00:20:00+00:00,00-0036970,Kyle Pitts,TE,ATL,BAL,,5.72,7.64,7.64,7.64,9.083,6.197,0.185,6.007,13.134,0.503,15.632,0.331,12.182,7.72,7.69,7.69,9.04,6.34,5.3,5.3,6.3,4.2,2026-10-09T01:04:37Z,
2026,5,2026_05_PHI_JAX,2026-10-11T13:30:00+00:00,00-0036971,Trevor Lawrence,QB,JAX,PHI,,17.934,17.523,17.523,17.523,18.114,17.513,7.359,17.016,27.537,8.804,27.928,7.697,27.487,18.08,17.62,17.62,18.19,17.62,15.6,15.6,16.3,15.6,2026-10-09T01:04:37Z,
2026,5,2026_05_SF_SEA,2026-10-11T20:25:00+00:00,00-0036972,Mac Jones,QB,SF,SEA,,3.874,3.142,3.142,3.142,3.343,3.158,-1.216,1.639,14.41,-1.066,14.746,-1.165,13.984,,0.0,0.0,0.0,0.0,0.0,0.0,0.0,0.0,2026-10-09T01:04:37Z,
2026,5,2026_05_PHI_JAX,2026-10-11T13:30:00+00:00,00-0036980,Elijah Moore,WR,PHI,JAX,,1.437,1.15,1.15,1.15,1.153,0.935,-0.012,0.095,5.204,-0.026,4.884,-0.003,4.479,0.94,0.94,0.94,0.94,0.75,1.0,1.0,1.0,0.8,2026-10-09T01:04:37Z,
2026,5,2026_05_BUF_LA,2026-10-13T00:15:00+00:00,00-0036988,Josh Palmer,WR,BUF,LA,,4.878,5.004,5.004,5.004,5.005,4.128,-0.046,3.807,13.032,-0.104,13.55,0.058,10.772,5.0,4.99,4.99,4.99,4.06,6.3,6.3,6.3,5.6,2026-10-09T01:04:37Z,
2026,5,2026_05_TB_DAL,2026-10-09T00:15:00+00:00,00-0036997,Javonte Williams,RB,DAL,TB,,20.348,19.19,19.19,19.19,19.194,17.712,9.131,18.337,30.612,9.094,30.966,7.491,28.586,19.31,19.32,19.32,19.32,17.9,18.4,18.4,18.4,16.9,2026-10-08T22:03:43Z,
2026,5,2026_05_DEN_LAC,2026-10-11T20:05:00+00:00,00-0037012,Trey Lance,QB,LAC,DEN,,4.435,5.898,5.898,5.898,6.179,5.865,-1.432,2.185,14.101,-1.061,16.512,-1.287,15.426,,0.0,0.0,0.0,0.0,0.0,0.0,0.0,0.0,2026-10-09T01:04:37Z,
2026,5,2026_05_MIN_NO,2026-10-11T17:00:00+00:00,00-0037013,Zach Wilson,QB,NO,MIN,,3.289,3.995,3.995,3.995,4.283,3.938,-1.16,0.975,11.032,-0.804,12.65,-1.237,11.846,,0.0,0.0,0.0,0.0,0.0,0.0,0.0,0.0,2026-10-09T01:04:37Z,
2026,5,2026_05_TB_DAL,2026-10-09T00:15:00+00:00,00-0037077,Sam Howell,QB,DAL,TB,,2.471,2.643,2.643,2.643,2.838,2.459,-0.966,0.691,11.293,-0.555,11.73,-0.981,11.54,,0.0,0.0,0.0,0.0,0.0,0.0,0.0,0.0,2026-10-08T22:03:43Z,
2026,5,2026_05_DEN_LAC,2026-10-11T20:05:00+00:00,00-0037085,Tyler Badie,RB,DEN,LAC,,3.55,3.423,3.423,3.423,3.423,2.858,0.009,2.09,9.68,0.045,9.612,0.025,8.275,3.29,3.31,3.31,3.31,2.7,4.6,4.6,4.6,3.8,2026-10-09T01:04:37Z,
2026,5,2026_05_CHI_GB,2026-10-11T17:00:00+00:00,00-0037091,Bo Melton,WR,GB,CHI,,1.242,1.58,1.58,1.58,1.58,1.295,-0.005,0.33,4.947,-0.004,4.905,0.001,3.532,0.45,0.48,0.48,0.48,0.44,0.2,0.2,0.2,0.2,2026-10-09T01:04:37Z,
2026,5,2026_05_LV_NE,2026-10-11T17:00:00+00:00,00-0037093,Dareke Young,WR,LV,NE,,1.054,1.023,1.023,1.023,1.024,0.865,0.0,0.167,4.492,-0.001,4.965,-0.001,4.378,0.48,0.47,0.47,0.47,0.38,0.9,0.9,0.9,0.7,2026-10-09T01:04:37Z,
2026,5,2026_05_TB_DAL,2026-10-09T00:15:00+00:00,00-0037120,Tyler Goodson,RB,DAL,TB,,3.162,2.892,2.892,2.892,2.892,2.601,0.163,1.602,7.298,0.06,7.735,0.117,7.311,4.2,4.2,4.2,4.2,3.77,2.7,2.7,2.7,2.4,2026-10-08T22:03:43Z,
2026,5,2026_05_PHI_JAX,2026-10-11T13:30:00+00:00,00-0037132,Britain Covey,WR,PHI,JAX,,0.53,0.515,0.515,0.515,0.517,0.448,0.0,0.001,0.874,0.0,0.917,-0.001,0.488,0.56,0.54,0.54,0.54,0.42,0.2,0.2,0.2,0.2,2026-10-09T01:04:37Z,
2026,5,2026_05_DET_ARI,2026-10-11T20:25:00+00:00,00-0037157,Bam Knight,RB,ARI,DET,,2.507,2.799,2.799,2.799,2.804,2.548,-0.061,0.527,6.586,-0.039,6.239,-0.007,6.089,,0.0,0.0,0.0,0.0,0.7,0.7,0.7,0.6,2026-10-09T01:04:37Z,
2026,5,2026_05_IND_PIT,2026-10-11T17:00:00+00:00,00-0037228,Jaylen Warren,RB,PIT,IND,,14.938,14.712,14.712,14.712,14.718,13.093,5.447,13.867,23.827,5.711,23.681,4.714,22.323,15.16,15.31,15.31,15.31,13.81,16.1,16.1,16.5,14.6,2026-10-09T01:04:37Z,
2026,5,2026_05_MIN_NO,2026-10-11T17:00:00+00:00,00-0037231,Kevin Austin Jr.,WR,NO,MIN,,1.35,1.133,1.133,1.133,1.133,0.928,-0.002,0.094,4.445,-0.005,4.393,-0.004,3.84,0.09,0.08,0.08,0.08,0.06,2.1,2.1,2.1,1.7,2026-10-09T01:04:37Z,
2026,5,2026_05_BAL_ATL,2026-10-12T00:20:00+00:00,00-0037238,Drake London,WR,ATL,BAL,,16.928,16.593,16.593,16.593,16.593,13.682,6.797,14.414,28.163,7.186,28.357,4.488,24.768,17.26,17.23,17.23,17.23,14.28,18.6,18.6,19.0,15.4,2026-10-09T01:04:37Z,
2026,5,2026_05_MIN_NO,2026-10-11T17:00:00+00:00,00-0037239,Chris Olave,WR,NO,MIN,,16.254,17.197,17.197,17.197,17.195,14.184,5.864,15.198,28.22,5.694,27.842,4.212,24.303,16.21,16.2,16.2,16.2,13.55,18.6,18.6,19.4,15.1,2026-10-09T01:04:37Z,Did Not Participate In Practice
2026,5,2026_05_DET_ARI,2026-10-11T20:25:00+00:00,00-0037240,Jameson Williams,WR,DET,ARI,,13.15,11.997,11.997,11.997,11.996,9.901,3.522,11.683,22.713,3.505,23.516,2.311,19.463,11.76,11.79,11.79,11.79,10.02,11.7,11.7,12.1,9.6,2026-10-09T01:04:37Z,
2026,5,2026_05_TB_DAL,2026-10-09T00:15:00+00:00,00-0037247,George Pickens,WR,DAL,TB,,15.438,14.917,14.917,14.917,14.917,12.434,5.072,13.568,25.897,5.901,27.294,3.867,21.785,13.86,13.85,13.85,13.85,11.57,11.5,11.5,11.5,9.2,2026-10-08T22:03:43Z,
2026,5,2026_05_BUF_LA,2026-10-13T00:15:00+00:00,00-0037248,James Cook,RB,BUF,LA,,16.86,17.374,17.374,17.374,17.375,16.228,6.583,15.39,27.62,6.677,28.411,5.666,25.275,15.61,15.67,15.67,15.67,14.87,15.9,15.9,16.6,15.3,2026-10-09T01:04:37Z,
2026,5,2026_05_CIN_MIA,2026-10-11T17:00:00+00:00,00-0037252,Greg Dulcich,TE,MIA,CIN,,4.84,4.654,4.654,4.654,5.622,3.69,0.476,3.932,10.223,0.303,12.004,0.127,8.507,6.86,6.84,6.84,8.26,5.42,6.9,6.9,8.5,5.4,2026-10-09T01:04:37Z,
2026,5,2026_05_NYG_WAS,2026-10-11T17:00:00+00:00,00-0037256,Rachaad White,RB,WAS,NYG,,8.949,8.883,8.883,8.883,8.883,7.808,2.036,7.967,17.894,1.95,17.895,1.521,16.609,6.43,6.49,6.49,6.49,5.64,8.4,8.4,8.4,7.2,2026-10-09T01:04:37Z,Limited Participation in Practice
2026,5,2026_05_PHI_JAX,2026-10-11T13:30:00+00:00,00-0037258,Dameon Pierce,RB,PHI,JAX,,1.148,1.546,1.546,1.546,1.551,1.395,-0.099,0.187,4.734,-0.089,5.559,-0.077,4.226,3.68,3.69,3.69,3.69,3.35,3.5,3.5,3.5,3.2,2026-10-09T01:04:37Z,
2026,5,2026_05_BUF_LA,2026-10-13T00:15:00+00:00,00-0037261,Khalil Shakir,WR,BUF,LA,,8.904,9.364,9.364,9.364,9.364,7.624,1.69,8.53,18.765,1.55,19.759,1.024,15.871,9.89,9.89,9.89,9.89,7.81,8.2,8.2,8.2,6.3,2026-10-09T01:04:37Z,
2026,5,2026_05_DET_ARI,2026-10-11T20:25:00+00:00,00-0037263,Tyler Allgeier,RB,ARI,DET,,9.308,8.924,8.924,8.924,8.924,7.887,1.33,8.406,18.807,1.518,18.717,1.133,17.146,9.14,9.15,9.15,9.15,7.81,8.2,8.2,8.2,6.8,2026-10-09T01:04:37Z,
2026,5,2026_05_DET_ARI,2026-10-11T20:25:00+00:00,00-0037277,Teagan Quitoriano,TE,ARI,DET,,0.937,0.968,0.968,0.968,1.13,0.811,-0.01,-0.003,3.609,-0.061,3.342,-0.051,2.704,,0.0,0.0,0.0,0.0,0.0,0.0,0.0,0.0,2026-10-09T01:04:37Z,
2026,5,2026_05_LV_NE,2026-10-11T17:00:00+00:00,00-0037291,Jalen Nailor,WR,LV,NE,,3.495,3.707,3.707,3.707,3.707,3.037,-0.014,2.222,10.14,-0.032,9.906,-0.009,8.299,3.08,3.11,3.11,3.11,2.59,3.4,3.4,3.4,2.7,2026-10-09T01:04:37Z,
2026,5,2026_05_IND_PIT,2026-10-11T17:00:00+00:00,00-0037292,Andrew Ogletree,TE,IND,PIT,,0.742,0.952,0.952,0.952,1.155,0.75,-0.005,0.037,2.38,-0.003,2.897,0.0,1.71,0.62,0.62,0.62,0.75,0.5,0.3,0.3,0.4,0.2,2026-10-09T01:04:37Z,
2026,5,2026_05_TB_DAL,2026-10-09T00:15:00+00:00,00-0037311,Ko Kieft,TE,TB,DAL,,0.301,0.395,0.395,0.395,0.453,0.342,-0.003,0.001,0.073,0.0,0.302,-0.036,0.001,0.05,0.04,0.04,0.05,0.03,0.0,0.0,0.0,0.0,2026-10-08T22:03:43Z,
2026,5,2026_05_BAL_ATL,2026-10-12T00:20:00+00:00,00-0037317,Nick Muse,TE,ATL,BAL,,0.806,0.902,0.902,0.902,1.075,0.732,0.0,0.0,2.915,0.0,3.583,0.0,2.76,,0.0,0.0,0.0,0.0,0.0,0.0,0.0,0.0,2026-10-09T01:04:37Z,
2026,5,2026_05_DET_ARI,2026-10-11T20:25:00+00:00,00-0037524,Tay Martin,WR,DET,ARI,,0.712,0.707,0.707,0.707,0.71,0.627,-0.001,0.001,1.564,0.0,0.961,0.0,0.829,0.33,0.32,0.32,0.32,0.26,0.2,0.2,0.2,0.1,2026-10-09T01:04:37Z,
2026,5,2026_05_SF_SEA,2026-10-11T20:25:00+00:00,00-0037545,Rashid Shaheed,WR,SEA,SF,,6.746,6.628,6.628,6.628,6.628,5.319,0.345,5.526,16.193,0.478,15.458,0.456,12.761,6.7,6.7,6.7,6.7,5.59,6.7,6.7,6.7,5.7,2026-10-09T01:04:37Z,
2026,5,2026_05_HOU_TEN,2026-10-11T17:00:00+00:00,00-0037594,Julius Chestnut,RB,TEN,HOU,,0.527,0.591,0.591,0.591,0.594,0.539,-0.001,0.001,0.34,0.0,0.588,-0.004,0.327,0.25,0.2,0.2,0.2,0.17,0.1,0.1,0.1,0.1,2026-10-09T01:04:37Z,
2026,5,2026_05_CIN_MIA,2026-10-11T17:00:00+00:00,00-0037666,Jalen Tolbert,WR,MIA,CIN,,1.313,1.565,1.565,1.565,1.566,1.267,0.0,0.059,4.91,-0.004,4.524,-0.012,3.587,1.8,1.8,1.8,1.8,1.46,1.9,1.9,1.9,1.5,2026-10-09T01:04:37Z,
2026,5,2026_05_CLE_NYJ,2026-10-11T17:00:00+00:00,00-0037740,Garrett Wilson,WR,NYJ,CLE,,14.639,14.757,14.757,14.757,14.766,12.366,4.119,13.034,26.153,4.253,25.507,2.909,21.377,16.1,16.06,16.06,16.06,13.05,17.3,17.3,17.8,14.1,2026-10-09T01:04:37Z,
2026,5,2026_05_BAL_ATL,2026-10-12T00:20:00+00:00,00-0037741,Jahan Dotson,WR,ATL,BAL,,5.886,6.464,6.464,6.464,6.464,5.36,0.391,4.774,13.851,0.353,14.563,0.089,12.733,3.29,3.26,3.26,3.26,2.66,5.4,5.4,5.4,4.6,2026-10-09T01:04:37Z,
2026,5,2026_05_NYG_WAS,2026-10-11T17:00:00+00:00,00-0037742,Treylon Burks,WR,WAS,NYG,,5.444,4.849,4.849,4.849,4.849,3.995,0.057,3.527,13.292,0.033,14.02,0.062,11.796,0.57,0.55,0.55,0.55,0.48,4.5,4.5,4.5,4.1,2026-10-09T01:04:37Z,Full Participation in Practice
2026,5,2026_05_DET_ARI,2026-10-11T20:25:00+00:00,00-0037744,Trey McBride,TE,ARI,DET,,17.856,17.712,17.712,17.712,20.986,14.437,6.421,16.479,29.316,7.497,32.178,5.029,25.41,18.03,18.04,18.04,21.78,14.3,18.1,18.1,22.5,13.7,2026-10-09T01:04:37Z,
2026,5,2026_05_SF_SEA,2026-10-11T20:25:00+00:00,00-0037745,Velus Jones Jr.,RB,SEA,SF,,0.893,1.024,1.024,1.024,1.036,0.931,-0.004,0.001,2.84,-0.001,2.701,-0.009,1.907,,0.0,0.0,0.0,0.0,0.0,0.0,0.0,0.0,2026-10-09T01:04:37Z,
2026,5,2026_05_BAL_ATL,2026-10-12T00:20:00+00:00,00-0037746,Brian Robinson,RB,ATL,BAL,,9.112,9.588,9.588,9.588,9.581,9.067,1.425,8.167,19.743,1.592,19.195,1.579,18.408,5.25,5.3,5.3,5.3,4.96,10.8,10.8,10.8,10.4,2026-10-09T01:04:37Z,
2026,5,2026_05_CLE_NYJ,2026-10-11T17:00:00+00:00,00-0037755,Jelani Woods,TE,NYJ,CLE,,1.336,1.612,1.612,1.612,1.978,1.247,-0.038,-0.003,4.468,-0.042,5.557,0.0,2.992,0.2,0.23,0.23,0.27,0.19,1.3,1.3,1.5,1.0,2026-10-09T01:04:37Z,
2026,5,2026_05_TB_DAL,2026-10-09T00:15:00+00:00,00-0037801,KaVontae Turpin,WR,DAL,TB,,2.212,1.746,1.746,1.746,1.746,1.445,0.023,0.755,7.016,0.01,6.599,-0.003,6.148,2.63,2.66,2.66,2.66,2.33,2.6,2.6,2.6,2.4,2026-10-08T22:03:43Z,
2026,5,2026_05_CLE_NYJ,2026-10-11T17:00:00+00:00,00-0037805,Jeremy Ruckert,TE,NYJ,CLE,,2.995,3.048,3.048,3.048,3.657,2.44,0.01,2.097,8.786,-0.004,9.226,-0.008,6.885,2.18,2.18,2.18,2.69,1.68,4.4,4.4,5.4,3.5,2026-10-09T01:04:37Z,
2026,5,2026_05_NYG_WAS,2026-10-11T17:00:00+00:00,00-0037809,Chig Okonkwo,TE,WAS,NYG,,5.526,5.892,5.892,5.892,7.208,4.575,0.482,4.701,11.596,0.248,13.816,0.236,10.249,7.58,7.58,7.58,9.17,5.99,6.5,6.5,7.9,5.0,2026-10-09T01:04:37Z,Limited Participation in Practice
2026,5,2026_05_LV_NE,2026-10-11T17:00:00+00:00,00-0037816,Romeo Doubs,WR,NE,LV,,10.072,8.74,8.74,8.74,8.74,7.122,2.22,9.491,20.07,2.32,20.982,1.283,17.053,11.17,11.18,11.18,11.18,9.37,12.3,12.3,12.3,10.6,2026-10-09T01:04:37Z,
2026,5,2026_05_SF_SEA,2026-10-11T20:25:00+00:00,00-0037834,Brock Purdy,QB,SF,SEA,,17.145,17.712,17.712,17.712,18.629,17.694,5.598,17.428,28.119,7.286,29.76,5.875,28.337,17.25,16.26,16.26,17.33,16.26,20.0,20.0,20.4,20.0,2026-10-09T01:04:37Z,
2026,5,2026_05_NYG_WAS,2026-10-11T17:00:00+00:00,00-0037838,Isaiah Likely,TE,NYG,WAS,,9.616,9.444,9.444,9.444,11.389,7.498,2.627,8.937,19.231,3.215,21.817,1.98,17.368,11.77,11.74,11.74,13.92,9.56,10.6,10.6,13.1,8.1,2026-10-09T01:04:37Z,Limited Participation in Practice
2026,5,2026_05_BUF_LA,2026-10-13T00:15:00+00:00,00-0037840,Kyren Williams,RB,LA,BUF,,19.303,18.64,18.64,18.64,18.644,16.734,8.454,18.209,31.234,8.66,30.398,7.411,27.951,18.71,18.75,18.75,18.75,17.3,24.2,24.2,24.2,21.6,2026-10-09T01:04:37Z,
2026,5,2026_05_TB_DAL,2026-10-09T00:15:00+00:00,00-0038041,Jake Ferguson,TE,DAL,TB,,10.446,8.593,8.593,8.593,10.141,7.047,1.734,8.742,19.404,2.049,22.152,1.145,16.977,9.32,9.29,9.29,10.98,7.59,11.2,11.2,13.0,9.4,2026-10-08T22:03:43Z,
2026,5,2026_05_DEN_LAC,2026-10-11T20:05:00+00:00,00-0038046,Charlie Kolar,TE,LAC,DEN,,2.21,2.475,2.475,2.475,3.007,1.943,-0.19,1.172,6.763,-0.345,8.673,-0.104,5.815,3.0,2.99,2.99,3.65,2.33,2.7,2.7,3.4,2.1,2026-10-09T01:04:37Z,
2026,5,2026_05_CHI_GB,2026-10-11T17:00:00+00:00,00-0038090,Skyy Moore,WR,GB,CHI,,3.914,3.815,3.815,3.815,3.816,3.089,-0.007,1.809,9.25,-0.054,9.603,-0.008,8.035,3.9,3.94,3.94,3.94,3.2,3.2,3.2,3.2,2.3,2026-10-09T01:04:37Z,
2026,5,2026_05_HOU_TEN,2026-10-11T17:00:00+00:00,00-0038115,Daniel Bellinger,TE,TEN,HOU,,2.535,2.556,2.556,2.556,3.123,1.99,-0.014,1.607,6.37,-0.009,7.195,-0.011,4.761,1.98,1.97,1.97,2.4,1.53,1.7,1.7,2.2,1.3,2026-10-09T01:04:37Z,
2026,5,2026_05_HOU_TEN,2026-10-11T17:00:00+00:00,00-0038117,Wan'Dale Robinson,WR,TEN,HOU,,10.107,10.445,10.445,10.445,10.445,8.482,1.571,8.311,19.641,1.688,18.958,1.209,16.693,9.51,9.51,9.51,9.51,7.48,11.3,11.3,11.3,9.2,2026-10-09T01:04:37Z,
2026,5,2026_05_CLE_NYJ,2026-10-11T17:00:00+00:00,00-0038120,Breece Hall,RB,NYJ,CLE,,11.623,12.996,12.996,12.996,12.996,11.791,5.105,11.658,21.353,4.958,20.921,4.047,20.318,,0.0,0.0,0.0,0.0,6.5,6.5,6.8,5.7,2026-10-09T01:04:37Z,Did Not Participate In Practice
2026,5,2026_05_CHI_GB,2026-10-11T17:00:00+00:00,00-0038124,Christian Watson,WR,GB,CHI,,13.3,12.466,12.466,12.466,12.467,10.23,4.301,12.091,22.778,3.852,23.55,2.935,19.49,15.53,15.48,15.48,15.48,13.47,13.7,13.7,13.7,11.7,2026-10-09T01:04:37Z,
2026,5,2026_05_CIN_MIA,2026-10-11T17:00:00+00:00,00-0038128,Malik Willis,QB,MIA,CIN,,12.169,13.444,13.444,13.444,13.936,13.439,1.991,10.682,21.831,2.838,22.291,2.48,21.645,15.39,14.75,14.75,15.58,14.75,10.8,10.8,11.3,10.8,2026-10-09T01:04:37Z,
2026,5,2026_05_TB_DAL,2026-10-09T00:15:00+00:00,00-0038129,Cade Otton,TE,TB,DAL,,9.793,9.826,9.826,9.826,11.822,7.834,1.983,7.817,18.624,2.539,20.677,1.392,15.246,8.32,8.3,8.3,10.04,6.57,8.5,8.5,10.5,6.6,2026-10-08T22:03:43Z,
2026,5,2026_05_BUF_LA,2026-10-13T00:15:00+00:00,00-0038359,Xavier Smith,WR,LA,BUF,,1.507,1.7,1.7,1.7,1.7,1.385,-0.001,1.517,5.902,0.001,5.672,0.002,4.62,,0.0,0.0,0.0,0.0,0.0,0.0,0.0,0.0,2026-10-09T01:04:37Z,
2026,5,2026_05_PHI_JAX,2026-10-11T13:30:00+00:00,00-0038393,Dontayvion Wicks,WR,PHI,JAX,,8.393,8.47,8.47,8.47,8.47,6.862,1.511,6.964,16.493,1.58,17.351,0.914,14.811,9.2,9.18,9.18,9.18,7.53,8.6,8.6,8.6,6.9,2026-10-09T01:04:37Z,
2026,5,2026_05_PHI_JAX,2026-10-11T13:30:00+00:00,00-0038400,Tanner McKee,QB,PHI,JAX,,2.261,3.346,3.346,3.346,3.694,3.269,-1.503,0.479,10.011,-1.111,11.966,-1.422,11.072,,0.0,0.0,0.0,0.0,0.0,0.0,0.0,0.0,2026-10-09T01:04:37Z,
2026,5,2026_05_IND_PIT,2026-10-11T17:00:00+00:00,00-0038409,Lew Nichols III,RB,PIT,IND,,0.799,0.829,0.829,0.829,0.828,0.718,-0.028,0.014,1.297,-0.007,1.547,0.004,1.162,,0.0,0.0,0.0,0.0,0.0,0.0,0.0,0.0,2026-10-09T01:04:37Z,
2026,5,2026_05_CHI_GB,2026-10-11T17:00:00+00:00,00-0038416,Tyson Bagent,QB,CHI,GB,,9.2,10.437,10.437,10.437,10.842,10.424,0.093,8.06,18.362,0.52,18.917,0.026,18.548,13.81,13.4,13.4,14.02,13.4,8.4,8.4,8.9,8.4,2026-10-09T01:04:37Z,
2026,5,2026_05_DEN_LAC,2026-10-11T20:05:00+00:00,00-0038454,Keaton Mitchell,RB,LAC,DEN,,7.879,7.942,7.942,7.942,7.942,6.971,0.76,5.713,17.182,0.885,16.492,0.924,15.167,9.37,9.46,9.46,9.46,8.6,10.5,10.5,10.5,9.2,2026-10-09T01:04:37Z,
2026,5,2026_05_LV_NE,2026-10-11T17:00:00+00:00,00-0038476,Tommy DeVito,QB,NE,LV,,2.827,3.165,3.165,3.165,3.538,3.131,-1.052,0.696,10.444,-0.735,10.476,-1.098,10.882,,0.0,0.0,0.0,0.0,0.4,0.4,0.4,0.4,2026-10-09T01:04:37Z,
2026,5,2026_05_SF_SEA,2026-10-11T20:25:00+00:00,00-0038488,Brady Russell,RB,SEA,SF,,1.094,1.444,1.444,1.444,1.444,1.186,0.001,0.044,3.951,-0.003,4.16,0.0,3.781,,0.0,0.0,0.0,0.0,1.2,1.2,1.2,1.0,2026-10-09T01:04:37Z,
2026,5,2026_05_PHI_JAX,2026-10-11T13:30:00+00:00,00-0038498,E.J. Jenkins,TE,PHI,JAX,,0.589,0.356,0.356,0.356,0.45,0.268,0.0,0.001,1.512,-0.004,2.223,-0.019,0.929,0.47,0.46,0.46,0.56,0.36,0.2,0.2,0.3,0.2,2026-10-09T01:04:37Z,
2026,5,2026_05_BAL_ATL,2026-10-12T00:20:00+00:00,00-0038542,Bijan Robinson,RB,ATL,BAL,,21.364,20.376,20.376,20.376,20.384,18.388,8.717,18.808,32.868,8.487,33.8,6.642,29.299,24.24,24.35,24.35,24.35,22.25,23.6,23.6,24.4,22.2,2026-10-09T01:04:37Z,
2026,5,2026_05_SF_SEA,2026-10-11T20:25:00+00:00,00-0038543,Jaxon Smith-Njigba,WR,SEA,SF,,19.828,19.643,19.643,19.643,19.644,16.111,6.659,18.365,31.774,8.133,32.017,4.618,26.702,22.77,22.75,22.75,22.75,19.42,25.3,25.3,26.1,21.9,2026-10-09T01:04:37Z,
2026,5,2026_05_DEN_LAC,2026-10-11T20:05:00+00:00,00-0038544,Quentin Johnston,WR,LAC,DEN,,8.935,8.974,8.974,8.974,8.974,7.401,1.033,8.065,16.583,1.008,18.012,1.05,14.523,7.66,7.68,7.68,7.68,6.43,5.6,5.6,5.6,4.7,2026-10-09T01:04:37Z,
2026,5,2026_05_TB_DAL,2026-10-09T00:15:00+00:00,00-0038547,Luke Schoonmaker,TE,DAL,TB,,0.972,1.052,1.052,1.052,1.281,0.822,-0.009,0.067,3.332,-0.006,3.826,0.0,2.439,1.41,1.43,1.43,1.71,1.14,1.7,1.7,2.1,1.3,2026-10-08T22:03:43Z,
2026,5,2026_05_MIN_NO,2026-10-11T17:00:00+00:00,00-0038551,Kendre Miller,RB,NO,MIN,,5.638,6.188,6.188,6.188,6.188,5.573,0.316,4.388,12.853,0.419,12.336,0.373,11.403,5.95,5.92,5.92,5.92,5.35,4.8,4.8,4.8,4.3,2026-10-09T01:04:37Z,
2026,5,2026_05_IND_PIT,2026-10-11T17:00:00+00:00,00-0038558,Darnell Washington,TE,PIT,IND,,6.874,6.603,6.603,6.603,7.902,5.305,0.364,5.75,16.098,0.773,17.004,0.297,13.072,5.67,5.68,5.68,6.82,4.54,6.9,6.9,8.1,5.8,2026-10-09T01:04:37Z,
2026,5,2026_05_DET_ARI,2026-10-11T20:25:00+00:00,00-0038559,Michael Wilson,WR,ARI,DET,,15.808,15.253,15.253,15.253,15.256,12.571,5.84,14.529,25.149,5.532,26.329,4.801,21.991,16.0,15.98,15.98,15.98,13.4,17.4,17.4,17.4,14.0,2026-10-09T01:04:37Z,
2026,5,2026_05_LV_NE,2026-10-11T17:00:00+00:00,00-0038563,Tre Tucker,WR,LV,NE,,9.537,8.512,8.512,8.512,8.513,6.753,2.26,8.707,19.379,2.445,20.208,1.35,16.58,8.1,8.12,8.12,8.12,6.67,11.5,11.5,11.9,9.6,2026-10-09T01:04:37Z,
2026,5,2026_05_LV_NE,2026-10-11T17:00:00+00:00,00-0038564,Cameron Latu,TE,NE,LV,,0.549,0.42,0.42,0.42,0.512,0.327,0.0,0.001,0.999,0.0,1.357,0.0,0.557,0.44,0.43,0.43,0.52,0.34,0.2,0.2,0.2,0.1,2026-10-09T01:04:37Z,
2026,5,2026_05_DEN_LAC,2026-10-11T20:05:00+00:00,00-0038573,Derius Davis,WR,LAC,DEN,,0.773,1.2,1.2,1.2,1.201,1.002,-0.032,-0.002,2.964,-0.056,2.928,-0.027,2.061,0.22,0.17,0.17,0.17,0.14,0.0,0.0,0.0,-0.1,2026-10-09T01:04:37Z,
2026,5,2026_05_NYG_WAS,2026-10-11T17:00:00+00:00,00-0038576,Charlie Jones,WR,NYG,WAS,,0.751,0.619,0.619,0.619,0.618,0.53,0.0,0.001,1.623,-0.01,2.022,-0.001,1.115,0.25,0.25,0.25,0.25,0.22,0.2,0.2,0.2,0.2,2026-10-09T01:04:37Z,
2026,5,2026_05_LV_NE,2026-10-11T17:00:00+00:00,00-0038579,Aidan O'Connell,QB,LV,NE,,3.246,4.186,4.186,4.186,4.49,4.197,-1.642,2.427,11.519,-1.23,12.211,-1.643,11.896,,0.0,0.0,0.0,0.0,0.0,0.0,0.0,0.0,2026-10-09T01:04:37Z,
2026,5,2026_05_CHI_GB,2026-10-11T17:00:00+00:00,00-0038589,Josh Whyle,TE,GB,CHI,,0.802,0.813,0.813,0.813,0.992,0.636,0.0,0.003,2.449,0.0,2.693,0.0,1.376,0.37,0.38,0.38,0.47,0.3,0.3,0.3,0.4,0.3,2026-10-09T01:04:37Z,
2026,5,2026_05_CIN_MIA,2026-10-11T17:00:00+00:00,00-0038597,Chase Brown,RB,CIN,MIA,,16.607,15.597,15.597,15.597,15.598,13.893,8.433,15.695,27.37,8.628,27.116,6.966,24.814,17.49,17.58,17.58,17.58,15.57,16.2,16.2,16.2,13.6,2026-10-09T01:04:37Z,
2026,5,2026_05_PHI_JAX,2026-10-11T13:30:00+00:00,00-0038606,Parker Washington,WR,JAX,PHI,,12.649,11.498,11.498,11.498,11.499,9.496,3.082,10.401,21.338,2.673,21.828,2.155,19.133,14.14,14.09,14.09,14.09,11.84,12.6,12.6,12.6,10.5,2026-10-09T01:04:37Z,
2026,5,2026_05_HOU_TEN,2026-10-11T17:00:00+00:00,00-0038608,Kayshon Boutte,WR,HOU,TEN,,6.04,5.555,5.555,5.555,5.556,4.523,0.307,4.91,13.472,0.297,14.445,0.048,11.72,5.86,5.84,5.84,5.84,4.77,5.9,5.9,5.9,4.7,2026-10-09T01:04:37Z,
2026,5,2026_05_PHI_JAX,2026-10-11T13:30:00+00:00,00-0038611,Chris Rodriguez Jr.,RB,JAX,PHI,,5.455,5.755,5.755,5.755,5.778,5.542,0.235,4.385,11.326,0.424,11.137,0.264,11.302,5.38,5.33,5.33,5.33,5.1,6.5,6.5,6.5,6.4,2026-10-09T01:04:37Z,
2026,5,2026_05_HOU_TEN,2026-10-11T17:00:00+00:00,00-0038618,Xavier Hutchinson,WR,HOU,TEN,,6.599,7.297,7.297,7.297,7.297,5.85,0.635,5.473,14.805,1.04,15.452,0.683,13.168,2.62,2.61,2.61,2.61,2.12,5.7,5.7,5.7,4.6,2026-10-09T01:04:37Z,
2026,5,2026_05_LV_NE,2026-10-11T17:00:00+00:00,00-0038621,DeMario Douglas,WR,NE,LV,,5.379,5.731,5.731,5.731,5.732,4.678,-0.022,4.21,12.4,0.139,12.832,0.181,10.547,3.9,3.91,3.91,3.91,3.18,3.3,3.3,3.3,2.7,2026-10-09T01:04:37Z,
2026,5,2026_05_DET_ARI,2026-10-11T20:25:00+00:00,00-0038640,Jalen Brooks,WR,ARI,DET,,0.768,0.647,0.647,0.647,0.647,0.53,-0.003,0.001,1.908,0.001,1.931,-0.001,1.152,0.37,0.36,0.36,0.36,0.29,0.2,0.2,0.2,0.1,2026-10-09T01:04:37Z,
2026,5,2026_05_SF_SEA,2026-10-11T20:25:00+00:00,00-0038643,Brayden Willis,TE,SF,SEA,,0.444,0.406,0.406,0.406,0.488,0.326,0.0,0.002,1.183,0.0,1.731,0.0,0.765,,0.0,0.0,0.0,0.0,0.0,0.0,0.0,0.0,2026-10-09T01:04:37Z,
2026,5,2026_05_CHI_GB,2026-10-11T17:00:00+00:00,00-0038685,Chris Brooks,RB,GB,CHI,,3.349,3.51,3.51,3.51,3.51,3.06,0.077,2.039,9.161,0.017,10.064,-0.01,8.241,6.15,6.22,6.22,6.22,5.61,4.1,4.1,4.1,3.6,2026-10-09T01:04:37Z,Did Not Participate In Practice
2026,5,2026_05_TB_DAL,2026-10-09T00:15:00+00:00,00-0038705,Emari Demercado,RB,DAL,TB,,2.705,2.47,2.47,2.47,2.479,2.257,-0.046,1.102,8.089,-0.042,8.792,-0.052,6.978,,0.0,0.0,0.0,0.0,0.7,0.7,0.7,0.6,2026-10-08T22:03:43Z,
2026,5,2026_05_CLE_NYJ,2026-10-11T17:00:00+00:00,00-0038710,Blake Whiteheart,TE,CLE,NYJ,,1.203,1.339,1.339,1.339,1.633,1.045,0.004,0.374,3.685,0.0,4.944,-0.001,2.715,2.38,2.41,2.41,2.85,1.97,2.9,2.9,3.2,2.5,2026-10-09T01:04:37Z,
2026,5,2026_05_HOU_TEN,2026-10-11T17:00:00+00:00,00-0038728,Jared Wayne,WR,HOU,TEN,,3.261,3.19,3.19,3.19,3.19,2.635,-0.144,1.879,9.761,-0.188,9.847,-0.021,7.784,2.11,2.08,2.08,2.08,1.66,2.9,2.9,2.9,2.3,2026-10-09T01:04:37Z,
2026,5,2026_05_TB_DAL,2026-10-09T00:15:00+00:00,00-0038738,Hunter Luepke,RB,DAL,TB,,1.107,1.128,1.128,1.128,1.128,0.98,0.022,0.242,3.676,0.001,4.216,-0.006,3.246,1.06,1.1,1.1,1.1,0.95,0.8,0.8,0.8,0.7,2026-10-08T22:03:43Z,
2026,5,2026_05_MIN_NO,2026-10-11T17:00:00+00:00,00-0038740,Jalen Cropper,WR,NO,MIN,,0.581,0.441,0.441,0.441,0.447,0.376,0.0,0.001,0.996,0.0,0.741,0.0,0.504,,0.0,0.0,0.0,0.0,0.0,0.0,0.0,0.0,2026-10-09T01:04:37Z,
2026,5,2026_05_DEN_LAC,2026-10-11T20:05:00+00:00,00-0038783,Nate Adkins,TE,DEN,LAC,,2.175,1.999,1.999,1.999,2.402,1.596,-0.005,0.763,6.345,-0.012,6.945,0.003,4.921,1.81,1.81,1.81,2.1,1.52,4.1,4.1,4.6,3.7,2026-10-09T01:04:37Z,
2026,5,2026_05_CLE_NYJ,2026-10-11T17:00:00+00:00,00-0038794,Jaleel McLaughlin,RB,CLE,NYJ,,2.241,2.469,2.469,2.469,2.47,2.312,0.002,0.581,5.526,0.037,5.788,0.063,5.928,1.72,1.76,1.76,1.76,1.66,3.9,3.9,3.9,3.7,2026-10-09T01:04:37Z,
2026,5,2026_05_SF_SEA,2026-10-11T20:25:00+00:00,00-0038797,Emanuel Wilson,RB,SEA,SF,,11.738,11.135,11.135,11.135,11.136,10.451,3.783,9.385,20.657,3.97,21.862,3.344,20.286,12.16,12.22,12.22,12.22,11.46,13.3,13.3,13.3,12.6,2026-10-09T01:04:37Z,
2026,5,2026_05_CIN_MIA,2026-10-11T17:00:00+00:00,00-0038824,Ryan Miller,WR,MIA,CIN,,1.896,1.521,1.521,1.521,1.521,1.256,-0.12,0.799,5.962,-0.098,6.179,-0.009,4.857,,0.0,0.0,0.0,0.0,3.5,3.5,3.5,3.2,2026-10-09T01:04:37Z,
2026,5,2026_05_CIN_MIA,2026-10-11T17:00:00+00:00,00-0038839,Mitchell Tinsley,WR,CIN,MIA,,6.136,5.994,5.994,5.994,5.994,4.859,0.543,5.458,15.02,0.64,15.783,0.279,13.144,2.85,2.86,2.86,2.86,2.31,2.7,2.7,2.7,2.2,2026-10-09T01:04:37Z,
2026,5,2026_05_DET_ARI,2026-10-11T20:25:00+00:00,00-0038896,Jacob Saylors,RB,DET,ARI,,0.646,0.726,0.726,0.726,0.725,0.665,-0.002,0.001,1.241,0.0,0.606,0.0,0.692,0.29,0.29,0.29,0.29,0.26,0.1,0.1,0.1,0.1,2026-10-09T01:04:37Z,
2026,5,2026_05_BUF_LA,2026-10-13T00:15:00+00:00,00-0038933,Dalton Kincaid,TE,BUF,LA,,8.812,8.434,8.434,8.434,10.053,6.814,1.316,8.305,18.331,1.649,18.533,0.768,15.132,10.22,10.23,10.23,12.08,8.37,8.7,8.7,10.2,7.1,2026-10-09T01:04:37Z,
2026,5,2026_05_PHI_JAX,2026-10-11T13:30:00+00:00,00-0038935,Brenton Strange,TE,JAX,PHI,,9.452,9.836,9.836,9.836,11.663,8.009,2.201,8.171,18.911,2.655,20.114,1.652,15.5,9.76,9.74,9.74,11.64,7.82,8.4,8.4,10.2,6.6,2026-10-09T01:04:37Z,
2026,5,2026_05_TB_DAL,2026-10-09T00:15:00+00:00,00-0038951,Sean Tucker,RB,TB,DAL,,2.897,2.762,2.762,2.762,2.778,2.601,0.026,1.183,7.353,-0.012,7.515,0.03,6.489,1.81,1.84,1.84,1.84,1.77,2.1,2.1,2.1,2.0,2026-10-08T22:03:43Z,
2026,5,2026_05_DEN_LAC,2026-10-11T20:05:00+00:00,00-0038976,Marvin Mims Jr.,WR,DEN,LAC,,3.156,3.073,3.073,3.073,3.074,2.472,0.003,1.407,8.743,0.001,7.818,0.005,6.979,3.63,3.64,3.64,3.64,3.0,3.0,3.0,3.0,2.4,2026-10-09T01:04:37Z,
2026,5,2026_05_MIN_NO,2026-10-11T17:00:00+00:00,00-0038994,Jordan Addison,WR,MIN,NO,,11.245,10.92,10.92,10.92,10.919,9.03,2.918,9.661,20.757,2.423,20.709,1.96,17.079,8.43,8.44,8.44,8.44,7.13,9.8,9.8,9.8,8.2,2026-10-09T01:04:37Z,Did Not Participate In Practice
2026,5,2026_05_CHI_GB,2026-10-11T17:00:00+00:00,00-0038996,Tucker Kraft,TE,GB,CHI,,11.789,11.544,11.544,11.544,13.759,9.33,3.583,10.197,21.791,3.692,22.94,2.881,17.777,10.91,10.88,10.88,12.85,8.91,8.7,8.7,10.5,6.9,2026-10-09T01:04:37Z,
2026,5,2026_05_IND_PIT,2026-10-11T17:00:00+00:00,00-0038997,Josh Downs,WR,IND,PIT,,9.756,10.375,10.375,10.375,10.376,8.502,2.225,7.593,18.618,2.499,18.463,1.533,15.634,10.4,10.42,10.42,10.42,8.47,10.1,10.1,10.1,7.9,2026-10-09T01:04:37Z,
2026,5,2026_05_NYG_WAS,2026-10-11T17:00:00+00:00,00-0038998,Jake Haener,QB,NYG,WAS,,2.921,6.096,6.096,6.096,6.398,5.886,-0.951,0.475,11.487,-0.595,12.541,-0.911,10.892,,0.0,0.0,0.0,0.0,0.0,0.0,0.0,0.0,2026-10-09T01:04:37Z,
2026,5,2026_05_CHI_GB,2026-10-11T17:00:00+00:00,00-0039021,Roschon Johnson,RB,CHI,GB,,1.872,1.316,1.316,1.316,1.316,1.154,-0.012,0.67,5.847,0.002,5.518,-0.008,5.568,1.78,1.78,1.78,1.78,1.65,1.8,1.8,1.8,1.6,2026-10-09T01:04:37Z,
2026,5,2026_05_HOU_TEN,2026-10-11T17:00:00+00:00,00-0039032,Tyjae Spears,RB,TEN,HOU,,4.997,5.234,5.234,5.234,5.234,4.514,0.241,4.092,9.597,0.333,9.61,0.188,7.978,6.54,6.56,6.56,6.56,5.47,4.6,4.6,4.6,3.9,2026-10-09T01:04:37Z,
2026,5,2026_05_DET_ARI,2026-10-11T20:25:00+00:00,00-0039041,Elijah Higgins,TE,ARI,DET,,3.342,2.662,2.662,2.662,3.229,2.095,0.067,2.091,9.248,-0.008,9.962,-0.033,8.197,1.96,1.98,1.98,2.41,1.54,4.2,4.2,5.0,3.5,2026-10-09T01:04:37Z,
2026,5,2026_05_TB_DAL,2026-10-09T00:15:00+00:00,00-0039050,Payne Durham,TE,TB,DAL,,0.717,0.579,0.579,0.579,0.691,0.468,-0.003,0.0,1.669,-0.002,2.372,0.0,1.374,0.21,0.22,0.22,0.26,0.18,0.2,0.2,0.2,0.1,2026-10-08T22:03:43Z,
2026,5,2026_05_TB_DAL,2026-10-09T00:15:00+00:00,00-0039062,Jonathan Mingo,WR,DAL,TB,Questionable,1.812,1.326,1.326,1.326,1.327,1.099,-0.002,0.415,4.939,0.001,4.634,0.002,4.347,0.34,0.33,0.33,0.33,0.28,0.4,0.4,0.4,0.3,2026-10-08T22:03:43Z,
2026,5,2026_05_BAL_ATL,2026-10-12T00:20:00+00:00,00-0039064,Zay Flowers,WR,BAL,ATL,,13.095,15.132,15.132,15.132,15.132,12.401,3.72,12.255,24.78,3.149,24.314,2.381,20.243,16.98,16.95,16.95,16.95,14.31,21.4,21.4,22.2,18.4,2026-10-09T01:04:37Z,Limited Participation in Practice
2026,5,2026_05_DET_ARI,2026-10-11T20:25:00+00:00,00-0039065,Sam LaPorta,TE,DET,ARI,,14.467,13.973,13.973,13.973,16.558,11.388,5.779,13.358,24.795,6.266,27.72,4.315,20.759,12.95,12.92,12.92,15.29,10.55,16.1,16.1,19.0,13.2,2026-10-09T01:04:37Z,
2026,5,2026_05_LV_NE,2026-10-11T17:00:00+00:00,00-0039066,Michael Mayer,TE,LV,NE,,10.23,9.434,9.434,9.434,11.274,7.594,2.236,9.105,18.957,2.932,20.671,1.841,16.255,6.86,6.86,6.86,8.52,5.19,8.4,8.4,10.3,6.6,2026-10-09T01:04:37Z,
2026,5,2026_05_BUF_LA,2026-10-13T00:15:00+00:00,00-0039074,Davis Allen,TE,LA,BUF,,3.495,3.275,3.275,3.275,3.917,2.634,-0.023,2.428,7.8,0.02,9.661,-0.012,7.0,1.05,1.04,1.04,1.26,0.82,1.5,1.5,1.9,1.1,2026-10-09T01:04:37Z,
2026,5,2026_05_BUF_LA,2026-10-13T00:15:00+00:00,00-0039075,Puka Nacua,WR,LA,BUF,,20.148,19.81,19.81,19.81,19.817,16.212,6.231,17.287,31.376,6.297,31.584,5.458,28.247,20.61,20.63,20.63,20.63,17.39,23.2,23.2,23.4,19.4,2026-10-09T01:04:37Z,
2026,5,2026_05_BUF_LA,2026-10-13T00:15:00+00:00,00-0039107,Stetson Bennett,QB,LA,BUF,,2.397,3.046,3.046,3.046,3.309,3.0,-1.165,0.703,10.528,-0.848,11.33,-1.223,11.607,,0.0,0.0,0.0,0.0,0.0,0.0,0.0,0.0,2026-10-09T01:04:37Z,
2026,5,2026_05_DET_ARI,2026-10-11T20:25:00+00:00,00-0039139,Jahmyr Gibbs,RB,DET,ARI,,23.864,24.639,24.639,24.639,24.636,22.128,8.986,20.164,35.894,9.245,36.383,7.855,32.477,25.7,25.78,25.78,25.78,23.28,24.0,24.0,24.0,21.6,2026-10-09T01:04:37Z,
2026,5,2026_05_HOU_TEN,2026-10-11T17:00:00+00:00,00-0039163,C.J. Stroud,QB,HOU,TEN,,15.285,14.976,14.976,14.976,15.568,15.015,5.447,16.304,23.511,6.694,24.138,5.867,23.885,15.35,15.19,15.19,15.54,15.19,15.2,15.2,16.1,15.2,2026-10-09T01:04:37Z,
2026,5,2026_05_IND_PIT,2026-10-11T17:00:00+00:00,00-0039164,Anthony Richardson,QB,IND,PIT,,3.564,2.573,2.573,2.573,2.795,2.497,-1.336,1.313,11.35,-0.836,13.571,-1.144,12.126,,0.0,0.0,0.0,0.0,0.0,0.0,0.0,0.0,2026-10-09T01:04:37Z,
2026,5,2026_05_SF_SEA,2026-10-11T20:25:00+00:00,00-0039299,George Holani,RB,SEA,SF,,5.757,5.599,5.599,5.599,5.599,4.952,0.265,4.108,12.605,0.133,12.657,0.312,10.37,6.81,6.88,6.88,6.88,5.98,6.4,6.4,6.4,5.3,2026-10-09T01:04:37Z,
2026,5,2026_05_NYG_WAS,2026-10-11T17:00:00+00:00,00-0039337,Malik Nabers,WR,NYG,WAS,,12.643,12.603,12.603,12.603,12.603,10.386,3.09,11.514,21.701,2.794,21.752,2.104,18.779,14.4,14.41,14.41,14.41,11.81,13.3,13.3,13.8,10.9,2026-10-09T01:04:37Z,Did Not Participate In Practice
2026,5,2026_05_LV_NE,2026-10-11T17:00:00+00:00,00-0039338,Brock Bowers,TE,LV,NE,,14.597,14.925,14.925,14.925,17.781,12.07,5.859,15.067,27.016,6.019,27.253,4.608,22.697,15.62,15.64,15.64,18.85,12.43,16.2,16.2,19.5,13.2,2026-10-09T01:04:37Z,
2026,5,2026_05_NYG_WAS,2026-10-11T17:00:00+00:00,00-0039355,Luke McCaffrey,WR,WAS,NYG,,1.367,1.142,1.142,1.142,1.145,0.976,-0.003,0.125,3.489,-0.004,4.191,-0.002,2.929,0.44,0.42,0.42,0.42,0.33,0.8,0.8,0.8,0.6,2026-10-09T01:04:37Z,
2026,5,2026_05_HOU_TEN,2026-10-11T17:00:00+00:00,00-0039359,Cade Stover,TE,HOU,TEN,,1.276,1.604,1.604,1.604,1.987,1.221,0.0,0.536,4.424,-0.003,5.269,-0.01,3.221,0.86,0.86,0.86,1.04,0.67,1.1,1.1,1.3,0.8,2026-10-09T01:04:37Z,
2026,5,2026_05_TB_DAL,2026-10-09T00:15:00+00:00,00-0039361,Bucky Irving,RB,TB,DAL,,12.022,12.472,12.472,12.472,12.48,11.203,4.089,10.968,22.17,4.315,22.824,3.766,19.944,15.01,15.13,15.13,15.13,13.66,11.8,11.8,11.8,10.6,2026-10-08T22:03:43Z,
2026,5,2026_05_DET_ARI,2026-10-11T20:25:00+00:00,00-0039364,Sione Vaki,RB,DET,ARI,,3.295,2.539,2.539,2.539,2.534,2.192,-0.005,2.147,8.007,0.017,8.466,0.008,7.757,4.34,4.32,4.32,4.32,3.86,3.4,3.4,3.4,3.0,2026-10-09T01:04:37Z,
2026,5,2026_05_SF_SEA,2026-10-11T20:25:00+00:00,00-0039365,Jacob Cowing,WR,SF,SEA,,2.373,2.293,2.293,2.293,2.293,1.865,-0.016,1.211,7.526,0.007,7.471,-0.014,6.878,3.08,3.09,3.09,3.09,2.5,1.1,1.1,1.1,0.9,2026-10-09T01:04:37Z,
2026,5,2026_05_MIN_NO,2026-10-11T17:00:00+00:00,00-0039376,Spencer Rattler,QB,NO,MIN,,6.606,2.932,2.932,2.932,3.22,2.924,-1.013,6.29,17.29,-0.697,17.081,-1.057,17.117,,0.0,0.0,0.0,0.0,0.0,0.0,0.0,0.0,2026-10-09T01:04:37Z,
2026,5,2026_05_NYG_WAS,2026-10-11T17:00:00+00:00,00-0039384,Tyrone Tracy Jr.,RB,NYG,WAS,,2.703,3.752,3.752,3.752,3.76,3.444,-0.049,0.751,8.342,-0.013,7.671,-0.035,7.403,0.92,0.95,0.95,0.95,0.87,0.4,0.4,0.4,0.4,2026-10-09T01:04:37Z,
2026,5,2026_05_DEN_LAC,2026-10-11T20:05:00+00:00,00-0039391,Kimani Vidal,RB,LAC,DEN,,5.149,5.737,5.737,5.737,5.737,5.065,-0.003,3.839,12.356,-0.001,11.933,0.087,10.879,5.3,5.32,5.32,5.32,4.61,5.4,5.4,5.4,4.8,2026-10-09T01:04:37Z,
2026,5,2026_05_LV_NE,2026-10-11T17:00:00+00:00,00-0039407,Dylan Laube,RB,LV,NE,,0.583,0.63,0.63,0.63,0.633,0.556,0.0,0.001,1.948,-0.001,2.063,-0.004,1.502,0.46,0.46,0.46,0.46,0.41,-0.2,-0.2,-0.2,-0.2,2026-10-09T01:04:37Z,
2026,5,2026_05_TB_DAL,2026-10-09T00:15:00+00:00,00-0039410,Ryan Flournoy,WR,DAL,TB,,7.601,7.773,7.773,7.773,7.773,6.364,1.014,6.72,16.066,1.328,17.166,0.849,13.907,8.37,8.33,8.33,8.33,6.78,6.6,6.6,6.6,5.0,2026-10-08T22:03:43Z,
2026,5,2026_05_MIN_NO,2026-10-11T17:00:00+00:00,00-0039424,Devaughn Vele,WR,NO,MIN,,10.78,9.587,9.587,9.587,9.597,7.643,3.503,10.262,20.964,3.861,20.751,2.692,16.724,9.7,9.7,9.7,9.7,7.81,10.9,10.9,10.9,8.7,2026-10-09T01:04:37Z,
2026,5,2026_05_CLE_NYJ,2026-10-11T17:00:00+00:00,00-0039451,Isaiah Williams,WR,NYJ,CLE,,7.317,7.283,7.283,7.283,7.283,5.962,0.403,6.119,15.928,0.454,16.231,0.408,14.343,7.87,7.88,7.88,7.88,6.07,9.6,9.6,9.6,7.9,2026-10-09T01:04:37Z,
2026,5,2026_05_BUF_LA,2026-10-13T00:15:00+00:00,00-0039471,Frank Gore Jr.,RB,BUF,LA,,0.738,1.087,1.087,1.087,1.089,0.963,-0.026,0.043,2.896,-0.015,3.503,-0.029,2.571,,0.0,0.0,0.0,0.0,0.0,0.0,0.0,0.0,2026-10-09T01:04:37Z,
2026,5,2026_05_DEN_LAC,2026-10-11T20:05:00+00:00,00-0039489,Hayden Rucci,TE,LAC,DEN,,1.444,0.702,0.702,0.702,0.846,0.565,-0.001,0.179,4.059,0.005,5.084,0.005,2.907,0.09,0.08,0.08,0.1,0.06,0.1,0.1,0.1,0.0,2026-10-09T01:04:37Z,
2026,5,2026_05_MIN_NO,2026-10-11T17:00:00+00:00,00-0039518,Treyton Welch,TE,NO,MIN,,0.68,0.412,0.412,0.412,0.497,0.328,0.0,0.092,2.081,0.0,2.332,0.0,1.485,0.25,0.28,0.28,0.33,0.22,0.2,0.2,0.2,0.2,2026-10-09T01:04:37Z,
2026,5,2026_05_TB_DAL,2026-10-09T00:15:00+00:00,00-0039530,Brevyn Spann-Ford,TE,DAL,TB,,1.514,1.471,1.471,1.471,1.799,1.144,-0.001,0.264,5.167,-0.001,5.581,-0.002,4.814,1.36,1.38,1.38,1.64,1.11,1.2,1.2,1.4,1.0,2026-10-08T22:03:43Z,
2026,5,2026_05_TB_DAL,2026-10-09T00:15:00+00:00,00-0039589,Kameron Johnson,WR,TB,DAL,,1.167,1.235,1.235,1.235,1.236,1.032,0.0,0.215,3.401,-0.003,3.163,0.002,3.189,0.5,0.51,0.51,0.51,0.43,0.5,0.5,0.5,0.3,2026-10-08T22:03:43Z,
2026,5,2026_05_HOU_TEN,2026-10-11T17:00:00+00:00,00-0039648,David Martin-Robinson,TE,TEN,HOU,,0.379,0.341,0.341,0.341,0.398,0.287,0.0,0.001,0.46,-0.001,0.819,0.0,0.222,,0.0,0.0,0.0,0.0,0.0,0.0,0.0,0.0,2026-10-09T01:04:37Z,Full Participation in Practice
2026,5,2026_05_NYG_WAS,2026-10-11T17:00:00+00:00,00-0039686,Colson Yankoff,TE,WAS,NYG,,1.04,1.332,1.332,1.332,1.573,1.09,0.0,0.043,4.607,-0.003,5.215,0.0,3.674,0.66,0.66,0.66,0.8,0.52,1.0,1.0,1.3,0.7,2026-10-09T01:04:37Z,
2026,5,2026_05_MIN_NO,2026-10-11T17:00:00+00:00,00-0039710,Jeshaun Jones,WR,MIN,NO,,0.585,0.42,0.42,0.42,0.425,0.352,0.0,0.001,1.482,0.0,1.33,0.0,0.909,,0.0,0.0,0.0,0.0,0.0,0.0,0.0,0.0,2026-10-09T01:04:37Z,
2026,5,2026_05_DEN_LAC,2026-10-11T20:05:00+00:00,00-0039732,Bo Nix,QB,DEN,LAC,,16.154,15.774,15.774,15.774,16.325,15.758,6.674,16.157,26.617,8.273,26.581,6.816,25.605,17.41,16.53,16.53,17.56,16.53,17.3,17.3,18.2,17.3,2026-10-09T01:04:37Z,
2026,5,2026_05_BUF_LA,2026-10-13T00:15:00+00:00,00-0039738,Blake Corum,RB,LA,BUF,,5.924,5.952,5.952,5.952,5.953,5.404,0.795,4.784,12.24,0.54,12.416,0.434,11.749,7.15,7.19,7.19,7.19,6.91,6.7,6.7,6.7,6.2,2026-10-09T01:04:37Z,
2026,5,2026_05_IND_PIT,2026-10-11T17:00:00+00:00,00-0039739,Roman Wilson,WR,PIT,IND,,7.274,7.446,7.446,7.446,7.446,6.144,0.857,6.57,16.28,0.716,16.713,0.553,14.368,9.27,9.26,9.26,9.26,7.74,12.0,12.0,12.0,10.2,2026-10-09T01:04:37Z,
2026,5,2026_05_PHI_JAX,2026-10-11T13:30:00+00:00,00-0039746,Will Shipley,RB,PHI,JAX,,5.285,5.082,5.082,5.082,5.082,4.386,0.178,3.44,10.274,0.264,11.868,0.322,9.456,10.75,10.78,10.78,10.78,9.29,5.9,5.9,5.9,5.0,2026-10-09T01:04:37Z,
2026,5,2026_05_BUF_LA,2026-10-13T00:15:00+00:00,00-0039751,Jordan Whittington,WR,LA,BUF,,2.473,2.711,2.711,2.711,2.711,2.225,0.0,1.078,7.472,0.001,7.205,-0.003,6.01,1.18,1.15,1.15,1.15,0.93,1.2,1.2,1.2,1.0,2026-10-09T01:04:37Z,
2026,5,2026_05_BAL_ATL,2026-10-12T00:20:00+00:00,00-0039792,Devontez Walker,WR,BAL,ATL,,3.39,3.697,3.697,3.697,3.698,2.979,-0.007,1.387,9.229,0.002,9.785,0.03,8.066,3.71,3.66,3.66,3.66,3.17,3.5,3.5,3.5,3.0,2026-10-09T01:04:37Z,
2026,5,2026_05_SF_SEA,2026-10-11T20:25:00+00:00,00-0039793,AJ Barner,TE,SEA,SF,,8.694,8.416,8.416,8.416,10.085,6.746,1.114,7.156,15.898,1.2,17.563,0.741,14.555,8.69,8.65,8.65,10.26,7.04,7.3,7.3,8.5,6.0,2026-10-09T01:04:37Z,
2026,5,2026_05_CLE_NYJ,2026-10-11T17:00:00+00:00,00-0039794,Braelon Allen,RB,NYJ,CLE,,10.237,10.556,10.556,10.556,10.556,9.62,2.007,8.588,19.031,1.835,19.128,1.767,18.049,15.21,15.31,15.31,15.31,14.07,9.6,9.6,9.6,8.6,2026-10-09T01:04:37Z,
2026,5,2026_05_BAL_ATL,2026-10-12T00:20:00+00:00,00-0039796,Rasheen Ali,RB,BAL,ATL,,0.662,0.877,0.877,0.877,0.881,0.759,-0.001,0.0,1.35,-0.002,1.482,0.0,0.749,0.25,0.26,0.26,0.26,0.22,0.1,0.1,0.1,0.1,2026-10-09T01:04:37Z,
2026,5,2026_05_CLE_NYJ,2026-10-11T17:00:00+00:00,00-0039798,Isaiah Davis,RB,NYJ,CLE,,1.389,1.25,1.25,1.25,1.253,1.075,-0.007,0.262,3.721,0.001,3.462,-0.002,3.492,5.51,5.51,5.51,5.51,5.08,2.0,2.0,2.0,1.9,2026-10-09T01:04:37Z,
2026,5,2026_05_CHI_GB,2026-10-11T17:00:00+00:00,00-0039811,MarShawn Lloyd,RB,GB,CHI,,9.085,8.988,8.988,8.988,8.989,7.871,1.427,7.616,17.026,1.689,17.511,1.084,15.897,8.7,8.72,8.72,8.72,8.0,7.4,7.4,7.4,6.3,2026-10-09T01:04:37Z,
2026,5,2026_05_CIN_MIA,2026-10-11T17:00:00+00:00,00-0039814,Erick All,TE,CIN,MIA,,0.897,1.259,1.259,1.259,1.504,1.014,-0.002,0.002,4.135,-0.01,5.031,-0.008,3.74,1.58,1.57,1.57,1.91,1.23,2.0,2.0,2.5,1.4,2026-10-09T01:04:37Z,
2026,5,2026_05_IND_PIT,2026-10-11T17:00:00+00:00,00-0039816,Anthony Gould,WR,IND,PIT,,0.63,0.651,0.651,0.651,0.653,0.58,0.0,0.001,0.945,0.0,0.865,0.0,0.613,0.21,0.24,0.24,0.24,0.19,0.1,0.1,0.1,0.1,2026-10-09T01:04:37Z,
2026,5,2026_05_NYG_WAS,2026-10-11T17:00:00+00:00,00-0039847,Theo Johnson,TE,NYG,WAS,,2.874,2.917,2.917,2.917,3.519,2.316,-0.062,2.198,7.767,0.01,8.782,-0.021,6.555,3.16,3.17,3.17,3.71,2.64,3.5,3.5,4.0,3.1,2026-10-09T01:04:37Z,
2026,5,2026_05_DET_ARI,2026-10-11T20:25:00+00:00,00-0039849,Marvin Harrison Jr.,WR,ARI,DET,,8.435,7.849,7.849,7.849,7.849,6.495,0.482,7.512,17.171,0.702,17.704,0.35,14.929,5.84,5.85,5.85,5.85,4.93,6.0,6.0,6.0,5.1,2026-10-09T01:04:37Z,
2026,5,2026_05_LV_NE,2026-10-11T17:00:00+00:00,00-0039851,Drake Maye,QB,NE,LV,,17.823,17.837,17.837,17.837,18.439,17.834,6.722,17.356,27.822,7.847,27.827,6.469,27.9,19.33,18.78,18.78,19.51,18.78,15.1,15.1,16.2,15.1,2026-10-09T01:04:37Z,Full Participation in Practice
2026,5,2026_05_DEN_LAC,2026-10-11T20:05:00+00:00,00-0039868,Troy Franklin,WR,DEN,LAC,,3.629,3.312,3.312,3.312,3.312,2.701,0.069,1.527,11.232,0.045,10.206,0.008,8.195,7.09,7.09,7.09,7.09,5.89,4.8,4.8,4.8,4.1,2026-10-09T01:04:37Z,
2026,5,2026_05_CIN_MIA,2026-10-11T17:00:00+00:00,00-0039874,Jaylen Wright,RB,MIA,CIN,,3.972,3.644,3.644,3.644,3.654,3.32,0.008,2.216,9.939,0.053,8.812,0.043,9.127,5.95,5.95,5.95,5.95,5.42,3.2,3.2,3.2,2.9,2026-10-09T01:04:37Z,
2026,5,2026_05_BUF_LA,2026-10-13T00:15:00+00:00,00-0039875,Ray Davis,RB,BUF,LA,,2.194,1.742,1.742,1.742,1.743,1.583,0.013,0.844,5.182,-0.001,5.83,0.01,5.233,0.93,0.94,0.94,0.94,0.88,0.7,0.7,0.7,0.6,2026-10-09T01:04:37Z,
2026,5,2026_05_CIN_MIA,2026-10-11T17:00:00+00:00,00-0039880,Malik Washington,WR,MIA,CIN,,10.131,10.584,10.584,10.584,10.584,8.545,2.261,8.891,20.038,2.465,19.408,1.686,17.451,11.13,11.11,11.11,11.11,9.11,10.5,10.5,10.5,8.3,2026-10-09T01:04:37Z,
2026,5,2026_05_CLE_NYJ,2026-10-11T17:00:00+00:00,00-0039890,Adonai Mitchell,WR,NYJ,CLE,,8.87,9.513,9.513,9.513,9.514,7.584,0.759,8.361,20.522,1.087,19.67,0.887,16.983,,0.0,0.0,0.0,0.0,1.9,1.9,1.9,1.5,2026-10-09T01:04:37Z,Did Not Participate In Practice
2026,5,2026_05_PHI_JAX,2026-10-11T13:30:00+00:00,00-0039893,Brian Thomas Jr.,WR,JAX,PHI,,7.326,7.247,7.247,7.247,7.247,5.935,0.475,6.75,16.206,0.321,16.041,0.327,14.277,6.91,6.9,6.9,6.9,5.68,6.8,6.8,6.8,5.7,2026-10-09T01:04:37Z,
2026,5,2026_05_BUF_LA,2026-10-13T00:15:00+00:00,00-0039901,Keon Coleman,WR,BUF,LA,,9.663,9.138,9.138,9.138,9.138,7.524,1.492,8.389,19.319,1.61,19.572,1.008,15.714,9.15,9.13,9.13,9.13,7.49,11.7,11.7,12.1,9.7,2026-10-09T01:04:37Z,
2026,5,2026_05_NYG_WAS,2026-10-11T17:00:00+00:00,00-0039910,Jayden Daniels,QB,WAS,NYG,,15.715,14.489,14.489,14.489,14.94,14.486,3.506,14.522,26.621,4.954,26.107,3.909,26.618,17.15,16.88,16.88,17.34,16.88,15.2,15.2,15.7,15.2,2026-10-09T01:04:37Z,Full Participation in Practice
2026,5,2026_05_NYG_WAS,2026-10-11T17:00:00+00:00,00-0039912,Ben Sinnott,TE,WAS,NYG,,2.264,1.709,1.709,1.709,2.111,1.307,0.001,0.723,5.321,-0.009,6.319,-0.011,3.725,0.99,1.01,1.01,1.24,0.78,1.2,1.2,1.5,0.8,2026-10-09T01:04:37Z,Limited Participation in Practice
2026,5,2026_05_DEN_LAC,2026-10-11T20:05:00+00:00,00-0039915,Ladd McConkey,WR,LAC,DEN,,7.716,7.164,7.164,7.164,7.164,5.823,1.057,6.055,15.809,1.129,14.379,0.769,12.211,7.83,7.79,7.79,7.79,6.46,6.1,6.1,6.1,5.0,2026-10-09T01:04:37Z,
2026,5,2026_05_BAL_ATL,2026-10-12T00:20:00+00:00,00-0039917,Michael Penix Jr.,QB,ATL,BAL,,14.159,14.42,14.42,14.42,15.038,14.425,3.664,13.193,23.215,4.294,23.986,3.128,23.426,14.68,14.41,14.41,14.89,14.41,13.1,13.1,13.5,13.1,2026-10-09T01:04:37Z,
2026,5,2026_05_CHI_GB,2026-10-11T17:00:00+00:00,00-0039919,Rome Odunze,WR,CHI,GB,,12.361,12.4,12.4,12.4,12.4,10.343,2.28,11.132,21.791,2.578,22.027,1.736,18.583,9.3,9.28,9.28,9.28,7.63,9.7,9.7,9.7,7.9,2026-10-09T01:04:37Z,
2026,5,2026_05_CLE_NYJ,2026-10-11T17:00:00+00:00,00-0039920,Malachi Corley,WR,CLE,NYJ,,1.231,1.007,1.007,1.007,1.009,0.816,0.001,0.437,4.178,0.0,3.511,-0.005,3.059,0.21,0.18,0.18,0.18,0.16,-0.3,-0.3,-0.3,-0.3,2026-10-09T01:04:37Z,
2026,5,2026_05_NYG_WAS,2026-10-11T17:00:00+00:00,00-0039923,J.J. McCarthy,QB,NYG,WAS,,8.529,8.723,8.723,8.723,9.134,8.609,0.067,7.391,20.401,0.212,21.545,-0.271,21.582,,0.0,0.0,0.0,0.0,0.0,0.0,0.0,0.0,2026-10-09T01:04:37Z,
2026,5,2026_05_CIN_MIA,2026-10-11T17:00:00+00:00,00-0040014,Kyle McCord,QB,MIA,CIN,,2.997,4.368,4.368,4.368,4.743,4.189,-0.946,0.443,10.563,-0.583,10.812,-0.916,10.54,,0.0,0.0,0.0,0.0,0.0,0.0,0.0,0.0,2026-10-09T01:04:37Z,
2026,5,2026_05_PHI_JAX,2026-10-11T13:30:00+00:00,00-0040024,Darius Cooper,WR,PHI,JAX,,6.166,5.145,5.145,5.145,5.146,4.215,0.023,4.474,15.859,0.061,16.866,0.058,13.041,7.1,7.1,7.1,7.1,5.7,9.1,9.1,9.1,8.0,2026-10-09T01:04:37Z,
2026,5,2026_05_SF_SEA,2026-10-11T20:25:00+00:00,00-0040058,Nick Kallerup,TE,SEA,SF,,0.274,0.319,0.319,0.319,0.358,0.282,0.0,0.001,0.256,-0.013,0.126,-0.018,0.503,,0.0,0.0,0.0,0.0,0.0,0.0,0.0,0.0,2026-10-09T01:04:37Z,
2026,5,2026_05_BAL_ATL,2026-10-12T00:20:00+00:00,00-0040075,LaJohntay Wester,WR,BAL,ATL,,1.112,1.397,1.397,1.397,1.398,1.129,-0.005,-0.004,4.242,-0.025,4.206,-0.032,3.62,0.21,0.18,0.18,0.18,0.15,0.6,0.6,0.6,0.5,2026-10-09T01:04:37Z,
2026,5,2026_05_LV_NE,2026-10-11T17:00:00+00:00,00-0040122,Ashton Jeanty,RB,LV,NE,,16.455,15.715,15.715,15.715,15.716,13.896,6.175,14.859,29.027,6.166,28.943,5.699,25.895,16.04,16.13,16.13,16.13,13.99,14.6,14.6,14.6,12.4,2026-10-09T01:04:37Z,
2026,5,2026_05_CHI_GB,2026-10-11T17:00:00+00:00,00-0040126,Colston Loveland,TE,CHI,GB,,11.042,10.005,10.005,10.005,11.982,8.028,2.493,9.247,19.746,3.034,22.898,2.025,17.842,9.62,9.61,9.61,11.53,7.69,7.7,7.7,9.5,5.9,2026-10-09T01:04:37Z,
2026,5,2026_05_IND_PIT,2026-10-11T17:00:00+00:00,00-0040128,Tyler Warren,TE,IND,PIT,,12.467,12.584,12.584,12.584,15.131,10.041,3.116,11.648,21.516,3.481,24.438,2.322,18.922,10.87,10.85,10.85,13.29,8.41,11.4,11.4,14.3,8.6,2026-10-09T01:04:37Z,
2026,5,2026_05_TB_DAL,2026-10-09T00:15:00+00:00,00-0040129,Emeka Egbuka,WR,TB,DAL,,12.747,11.98,11.98,11.98,11.98,9.717,3.25,10.317,21.863,3.158,20.818,2.295,18.071,10.4,10.35,10.35,10.35,8.54,9.5,9.5,9.5,7.7,2026-10-08T22:03:43Z,
2026,5,2026_05_LV_NE,2026-10-11T17:00:00+00:00,00-0040131,Kyle Williams,WR,NE,LV,,3.038,2.963,2.963,2.963,2.964,2.436,0.002,1.45,7.803,-0.008,7.935,-0.02,6.995,1.51,1.53,1.53,1.53,1.31,1.8,1.8,1.8,1.5,2026-10-09T01:04:37Z,
2026,5,2026_05_DEN_LAC,2026-10-11T20:05:00+00:00,00-0040134,Pat Bryant,WR,DEN,LAC,,6.116,5.488,5.488,5.488,5.488,4.542,0.618,3.942,13.688,0.531,14.482,0.288,11.633,,0.0,0.0,0.0,0.0,4.8,4.8,4.8,4.3,2026-10-09T01:04:37Z,
2026,5,2026_05_HOU_TEN,2026-10-11T17:00:00+00:00,00-0040138,Jaylin Noel,WR,HOU,TEN,,6.912,5.729,5.729,5.729,5.729,4.633,0.307,5.646,15.404,0.313,14.405,0.272,12.958,6.43,6.42,6.42,6.42,5.35,7.1,7.1,7.1,6.0,2026-10-09T01:04:37Z,
2026,5,2026_05_CHI_GB,2026-10-11T17:00:00+00:00,00-0040142,Kaleb Johnson,RB,GB,CHI,,4.897,5.351,5.351,5.351,5.351,5.005,0.204,2.934,11.397,0.301,11.814,0.209,10.923,6.2,6.27,6.27,6.27,5.97,3.8,3.8,3.8,3.6,2026-10-09T01:04:37Z,
2026,5,2026_05_MIN_NO,2026-10-11T17:00:00+00:00,00-0040154,Tai Felton,WR,MIN,NO,,2.07,2.459,2.459,2.459,2.459,1.96,-0.001,0.515,6.677,0.002,6.478,0.0,5.059,0.97,0.94,0.94,0.94,0.75,0.9,0.9,0.9,0.7,2026-10-09T01:04:37Z,
2026,5,2026_05_HOU_TEN,2026-10-11T17:00:00+00:00,00-0040170,Elic Ayomanor,WR,TEN,HOU,,5.751,5.481,5.481,5.481,5.481,4.481,0.303,4.568,12.044,0.29,12.494,0.171,9.622,5.3,5.28,5.28,5.28,4.46,5.5,5.5,5.5,4.7,2026-10-09T01:04:37Z,
2026,5,2026_05_SF_SEA,2026-10-11T20:25:00+00:00,00-0040172,Jordan Watkins,WR,SF,SEA,,2.075,2.093,2.093,2.093,2.093,1.673,0.009,0.518,6.225,-0.001,6.731,0.003,4.719,1.05,1.04,1.04,1.04,0.86,1.6,1.6,1.6,1.4,2026-10-09T01:04:37Z,
2026,5,2026_05_SF_SEA,2026-10-11T20:25:00+00:00,00-0040177,Jordan James,RB,SF,SEA,,2.134,1.764,1.764,1.764,1.765,1.621,-0.114,0.716,6.504,-0.125,6.147,-0.08,6.253,0.34,0.34,0.34,0.34,0.31,0.6,0.6,0.6,0.6,2026-10-09T01:04:37Z,
2026,5,2026_05_IND_PIT,2026-10-11T17:00:00+00:00,00-0040179,DJ Giddens,RB,IND,PIT,,1.706,2.031,2.031,2.031,2.038,1.835,-0.067,0.259,5.556,-0.003,5.988,-0.026,4.868,,0.0,0.0,0.0,0.0,0.0,0.0,0.0,0.0,2026-10-09T01:04:37Z,
2026,5,2026_05_DEN_LAC,2026-10-11T20:05:00+00:00,00-0040189,Oronde Gadsden II,TE,LAC,DEN,,6.831,6.589,6.589,6.589,7.975,5.203,0.318,5.226,15.264,0.422,16.735,0.2,12.032,5.58,5.58,5.58,6.63,4.53,6.1,6.1,7.3,5.0,2026-10-09T01:04:37Z,
2026,5,2026_05_BUF_LA,2026-10-13T00:15:00+00:00,00-0040194,Jackson Hawes,TE,BUF,LA,,1.301,1.197,1.197,1.197,1.441,0.954,-0.001,0.99,3.84,0.0,4.598,0.0,2.518,0.8,0.78,0.78,0.94,0.63,0.9,0.9,1.2,0.7,2026-10-09T01:04:37Z,
2026,5,2026_05_CIN_MIA,2026-10-11T17:00:00+00:00,00-0040198,Ollie Gordon II,RB,MIA,CIN,,9.331,9.304,9.304,9.304,9.304,8.49,2.079,7.508,18.05,1.947,18.559,1.83,16.943,12.44,12.51,12.51,12.51,11.48,11.3,11.3,11.7,10.4,2026-10-09T01:04:37Z,
2026,5,2026_05_IND_PIT,2026-10-11T17:00:00+00:00,00-0040203,Will Howard,QB,PIT,IND,,2.253,4.014,4.014,4.014,4.252,3.829,-0.932,0.421,10.378,-0.616,10.738,-0.922,10.672,,0.0,0.0,0.0,0.0,0.0,0.0,0.0,0.0,2026-10-09T01:04:37Z,
2026,5,2026_05_IND_PIT,2026-10-11T17:00:00+00:00,00-0040206,Riley Leonard,QB,IND,PIT,,2.833,2.039,2.039,2.039,2.356,2.019,-1.552,1.769,9.891,-1.102,10.81,-1.478,11.152,,0.0,0.0,0.0,0.0,0.0,0.0,0.0,0.0,2026-10-09T01:04:37Z,
2026,5,2026_05_CIN_MIA,2026-10-11T17:00:00+00:00,00-0040208,Tahj Brooks,RB,CIN,MIA,,0.742,0.667,0.667,0.667,0.67,0.598,0.0,0.001,1.356,0.0,1.783,-0.011,0.942,0.62,0.62,0.62,0.62,0.57,0.8,0.8,0.8,0.7,2026-10-09T01:04:37Z,
2026,5,2026_05_MIN_NO,2026-10-11T17:00:00+00:00,00-0040215,Gavin Bartholomew,TE,MIN,NO,,0.857,1.169,1.169,1.169,1.398,0.941,-0.001,0.021,2.861,-0.002,3.573,-0.012,2.285,1.48,1.5,1.5,1.8,1.19,1.6,1.6,2.0,1.2,2026-10-09T01:04:37Z,
2026,5,2026_05_NYG_WAS,2026-10-11T17:00:00+00:00,00-0040225,Thomas Fidone II,TE,NYG,WAS,,0.754,0.743,0.743,0.743,0.896,0.609,-0.067,-0.06,3.236,-0.093,3.337,-0.032,2.54,,0.0,0.0,0.0,0.0,0.0,0.0,0.0,0.0,2026-10-09T01:04:37Z,
2026,5,2026_05_PHI_JAX,2026-10-11T13:30:00+00:00,00-0040234,Quinn Ewers,QB,JAX,PHI,,2.117,1.758,1.758,1.758,1.827,1.78,-0.962,0.29,8.481,-0.615,8.983,-0.961,8.878,,0.0,0.0,0.0,0.0,0.0,0.0,0.0,0.0,2026-10-09T01:04:37Z,
2026,5,2026_05_CHI_GB,2026-10-11T17:00:00+00:00,00-0040236,Kyle Monangai,RB,CHI,GB,,11.628,11.325,11.325,11.325,11.325,10.643,4.082,10.146,21.389,3.822,21.66,3.287,20.491,9.56,9.6,9.6,9.6,9.13,12.9,12.9,13.4,12.4,2026-10-09T01:04:37Z,Did Not Participate In Practice
2026,5,2026_05_TB_DAL,2026-10-09T00:15:00+00:00,00-0040237,Tez Johnson,WR,TB,DAL,,4.944,4.557,4.557,4.557,4.557,3.708,0.016,2.852,12.226,-0.062,11.327,0.067,9.945,4.06,4.07,4.07,4.07,3.42,4.3,4.3,4.3,3.6,2026-10-08T22:03:43Z,
2026,5,2026_05_PHI_JAX,2026-10-11T13:30:00+00:00,00-0040238,LeQuint Allen Jr.,RB,JAX,PHI,,1.231,1.383,1.383,1.383,1.383,1.154,-0.008,0.001,4.012,-0.011,4.112,0.002,3.307,2.08,2.07,2.07,2.07,1.62,1.5,1.5,1.5,1.1,2026-10-09T01:04:37Z,Full Participation in Practice
2026,5,2026_05_NYG_WAS,2026-10-11T17:00:00+00:00,00-0040242,Jacory Croskey-Merritt,RB,WAS,NYG,,10.062,10.647,10.647,10.647,10.647,9.844,2.211,8.167,19.287,1.896,19.178,1.795,19.237,8.94,8.98,8.98,8.98,8.61,7.3,7.3,7.3,6.8,2026-10-09T01:04:37Z,Limited Participation in Practice
2026,5,2026_05_CHI_GB,2026-10-11T17:00:00+00:00,00-0040277,Jahdae Walker,WR,CHI,GB,,1.257,1.003,1.003,1.003,1.004,0.833,-0.012,0.0,3.589,-0.001,3.696,0.0,3.009,1.48,1.46,1.46,1.46,1.22,1.5,1.5,1.5,1.2,2026-10-09T01:04:37Z,
2026,5,2026_05_DEN_LAC,2026-10-11T20:05:00+00:00,00-0040331,Patrick Herbert,TE,LAC,DEN,,0.543,0.542,0.542,0.542,0.627,0.459,0.0,0.001,1.282,0.0,1.698,-0.005,1.039,,0.0,0.0,0.0,0.0,0.0,0.0,0.0,0.0,2026-10-09T01:04:37Z,
2026,5,2026_05_BUF_LA,2026-10-13T00:15:00+00:00,00-0040363,Keleki Latu,TE,BUF,LA,,0.52,0.463,0.463,0.463,0.55,0.38,-0.001,0.001,0.469,0.0,1.095,0.0,0.249,,0.0,0.0,0.0,0.0,0.0,0.0,0.0,0.0,2026-10-09T01:04:37Z,
2026,5,2026_05_DET_ARI,2026-10-11T20:25:00+00:00,00-0040390,Jackson Meeks,TE,DET,ARI,,0.909,0.796,0.796,0.796,0.938,0.652,-0.003,0.177,3.467,0.0,3.304,-0.005,2.228,,0.0,0.0,0.0,0.0,0.5,0.5,0.5,0.4,2026-10-09T01:04:37Z,
2026,5,2026_05_CIN_MIA,2026-10-11T17:00:00+00:00,00-0040398,Brady Cook,QB,MIA,CIN,,3.781,5.379,5.379,5.379,5.879,5.402,-1.446,3.037,12.769,-1.402,13.369,-1.089,13.154,,0.0,0.0,0.0,0.0,0.0,0.0,0.0,0.0,2026-10-09T01:04:37Z,
2026,5,2026_05_CLE_NYJ,2026-10-11T17:00:00+00:00,00-0040405,Jamaal Pritchett,WR,NYJ,CLE,,0.876,0.732,0.732,0.732,0.734,0.628,0.0,0.001,2.036,0.0,2.168,0.0,1.772,,0.0,0.0,0.0,0.0,0.0,0.0,0.0,0.0,2026-10-09T01:04:37Z,
2026,5,2026_05_DEN_LAC,2026-10-11T20:05:00+00:00,00-0040464,DJ Uiagalelei,QB,LAC,DEN,,2.486,4.039,4.039,4.039,4.402,3.905,-0.976,0.052,9.72,-0.593,11.002,-0.919,9.477,,0.0,0.0,0.0,0.0,0.0,0.0,0.0,0.0,2026-10-09T01:04:37Z,
2026,5,2026_05_CLE_NYJ,2026-10-11T17:00:00+00:00,00-0040466,Raheim Sanders,RB,CLE,NYJ,,5.484,5.089,5.089,5.089,5.089,4.268,0.092,4.028,12.448,0.099,11.535,0.089,9.495,5.59,5.67,5.67,5.67,4.83,5.7,5.7,5.7,4.6,2026-10-09T01:04:37Z,
2026,5,2026_05_MIN_NO,2026-10-11T17:00:00+00:00,00-0040494,Max Brosmer,QB,MIN,NO,,1.831,2.581,2.581,2.581,2.742,2.566,-1.356,0.309,9.429,-0.949,9.759,-1.145,8.89,,0.0,0.0,0.0,0.0,0.0,0.0,0.0,0.0,2026-10-09T01:04:37Z,
2026,5,2026_05_MIN_NO,2026-10-11T17:00:00+00:00,00-0040506,Myles Price,WR,MIN,NO,,2.099,1.618,1.618,1.618,1.618,1.338,-0.006,0.623,6.705,0.0,6.92,-0.005,5.864,0.1,0.08,0.08,0.08,0.06,0.6,0.6,0.6,0.4,2026-10-09T01:04:37Z,
2026,5,2026_05_CIN_MIA,2026-10-11T17:00:00+00:00,00-0040534,Ke'Shawn Williams,WR,CIN,MIA,,0.573,0.538,0.538,0.538,0.537,0.467,-0.001,0.001,1.123,-0.001,1.055,-0.007,0.722,,0.0,0.0,0.0,0.0,0.0,0.0,0.0,0.0,2026-10-09T01:04:37Z,
2026,5,2026_05_LV_NE,2026-10-11T17:00:00+00:00,00-0040556,Corey Kiner,RB,NE,LV,,2.262,2.161,2.161,2.161,2.161,2.009,-0.031,0.672,6.2,0.008,6.007,0.018,5.679,0.58,0.54,0.54,0.54,0.51,1.0,1.0,1.0,0.8,2026-10-09T01:04:37Z,
2026,5,2026_05_LV_NE,2026-10-11T17:00:00+00:00,00-0040563,Efton Chism III,WR,NE,LV,,4.014,3.753,3.753,3.753,3.753,3.013,-0.009,2.002,10.489,0.05,11.629,-0.047,8.287,3.69,3.67,3.67,3.67,3.05,4.1,4.1,4.1,3.5,2026-10-09T01:04:37Z,
2026,5,2026_05_HOU_TEN,2026-10-11T17:00:00+00:00,00-0040583,Woody Marks,RB,HOU,TEN,,7.948,7.914,7.914,7.914,7.915,7.043,0.868,6.513,16.977,0.851,16.315,0.868,15.11,8.84,8.9,8.9,8.9,8.15,8.6,8.6,8.6,7.7,2026-10-09T01:04:37Z,
2026,5,2026_05_HOU_TEN,2026-10-11T17:00:00+00:00,00-0040584,Gunnar Helm,TE,TEN,HOU,,5.242,5.323,5.323,5.323,6.542,4.11,0.423,3.844,11.235,0.47,12.302,0.344,8.472,5.02,5.05,5.05,6.28,3.82,4.0,4.0,5.0,3.0,2026-10-09T01:04:37Z,
2026,5,2026_05_SF_SEA,2026-10-11T20:25:00+00:00,00-0040589,Kurtis Rourke,QB,SF,SEA,,2.476,3.735,3.735,3.735,4.027,3.584,-0.936,0.036,10.353,-0.59,10.709,-0.901,10.399,,0.0,0.0,0.0,0.0,0.0,0.0,0.0,0.0,2026-10-09T01:04:37Z,
2026,5,2026_05_BUF_LA,2026-10-13T00:15:00+00:00,00-0040590,Konata Mumpfield,WR,LA,BUF,,4.944,5.008,5.008,5.008,5.008,4.087,-0.118,3.434,12.016,-0.138,12.132,-0.057,10.431,1.85,1.84,1.84,1.84,1.56,5.9,5.9,5.9,5.2,2026-10-09T01:04:37Z,
2026,5,2026_05_CHI_GB,2026-10-11T17:00:00+00:00,00-0040598,Mark Redman,TE,GB,CHI,,1.922,1.885,1.885,1.885,2.29,1.48,-0.008,0.549,5.38,0.0,6.9,-0.002,4.901,,0.0,0.0,0.0,0.0,1.1,1.1,1.3,0.9,2026-10-09T01:04:37Z,
2026,5,2026_05_SF_SEA,2026-10-11T20:25:00+00:00,00-0040621,Montorie Foster Jr,WR,SEA,SF,,0.764,0.726,0.726,0.726,0.733,0.645,0.0,0.001,1.923,-0.002,2.153,-0.029,1.734,,0.0,0.0,0.0,0.0,0.0,0.0,0.0,0.0,2026-10-09T01:04:37Z,
2026,5,2026_05_SF_SEA,2026-10-11T20:25:00+00:00,00-0040648,Tory Horton,WR,SEA,SF,,3.295,2.543,2.543,2.543,2.543,2.041,0.003,1.925,9.497,-0.052,9.019,-0.025,8.108,3.58,3.54,3.54,3.54,2.93,7.3,7.3,7.3,6.4,2026-10-09T01:04:37Z,
2026,5,2026_05_CLE_NYJ,2026-10-11T17:00:00+00:00,00-0040663,Harold Fannin Jr.,TE,CLE,NYJ,,11.059,11.374,11.374,11.374,13.539,9.209,2.903,10.119,20.266,3.327,23.072,2.069,17.161,10.85,10.84,10.84,12.87,8.8,12.8,12.8,14.9,10.6,2026-10-09T01:04:37Z,
2026,5,2026_05_DEN_LAC,2026-10-11T20:05:00+00:00,00-0040666,Omarion Hampton,RB,LAC,DEN,,11.957,10.795,10.795,10.795,10.795,9.978,3.619,11.858,20.933,3.648,21.556,3.04,19.806,9.27,9.33,9.33,9.33,8.58,11.8,11.8,11.8,11.1,2026-10-09T01:04:37Z,
2026,5,2026_05_CHI_GB,2026-10-11T17:00:00+00:00,00-0040667,Matthew Golden,WR,GB,CHI,,13.005,11.297,11.297,11.297,11.298,9.028,4.722,11.866,22.801,4.89,22.03,3.751,18.888,12.8,12.84,12.84,12.84,10.8,12.4,12.4,12.8,10.6,2026-10-09T01:04:37Z,
2026,5,2026_05_CLE_NYJ,2026-10-11T17:00:00+00:00,00-0040668,Shedeur Sanders,QB,CLE,NYJ,,3.618,4.331,4.331,4.331,4.704,4.353,-0.933,0.288,10.924,-0.725,11.624,-0.98,12.205,,0.0,0.0,0.0,0.0,1.1,1.1,1.3,1.1,2026-10-09T01:04:37Z,
2026,5,2026_05_DET_ARI,2026-10-11T20:25:00+00:00,00-0040669,Isaac TeSlaa,WR,DET,ARI,,8.231,8.561,8.561,8.561,8.561,7.128,0.328,6.796,18.226,0.528,17.97,0.518,15.621,6.22,6.2,6.2,6.2,5.28,8.7,8.7,8.7,7.3,2026-10-09T01:04:37Z,
2026,5,2026_05_SF_SEA,2026-10-11T20:25:00+00:00,00-0040673,Jalen Milroe,QB,SEA,SF,,1.754,2.123,2.123,2.123,2.28,2.052,-1.081,0.325,7.333,-0.755,7.739,-1.055,8.462,,0.0,0.0,0.0,0.0,0.0,0.0,0.0,0.0,2026-10-09T01:04:37Z,
2026,5,2026_05_HOU_TEN,2026-10-11T17:00:00+00:00,00-0040676,Cam Ward,QB,TEN,HOU,,12.295,12.738,12.738,12.738,13.339,12.762,4.343,13.548,21.26,4.671,21.483,4.349,22.064,12.85,12.41,12.41,13.03,12.41,15.0,15.0,15.7,15.0,2026-10-09T01:04:37Z,
2026,5,2026_05_HOU_TEN,2026-10-11T17:00:00+00:00,00-0040705,Chimere Dike,WR,TEN,HOU,,1.817,2.109,2.109,2.109,2.109,1.711,-0.001,0.644,4.871,0.0,5.464,-0.009,3.978,1.9,1.92,1.92,1.92,1.53,1.3,1.3,1.3,0.9,2026-10-09T01:04:37Z,
2026,5,2026_05_NYG_WAS,2026-10-11T17:00:00+00:00,00-0040715,Cam Skattebo,RB,NYG,WAS,,12.984,11.754,11.754,11.754,11.754,10.384,4.994,11.512,23.268,4.95,23.804,4.198,22.22,12.59,12.67,12.67,12.67,11.62,10.1,10.1,10.1,9.0,2026-10-09T01:04:37Z,Limited Participation in Practice
2026,5,2026_05_PHI_JAX,2026-10-11T13:30:00+00:00,00-0040718,Travis Hunter,WR,JAX,PHI,,2.143,1.343,1.343,1.343,1.366,1.272,-0.06,0.073,4.437,-0.051,4.292,-0.056,3.888,0.99,0.95,0.95,0.95,0.77,1.0,1.0,1.0,0.8,2026-10-09T01:04:37Z,
2026,5,2026_05_PHI_JAX,2026-10-11T13:30:00+00:00,00-0040719,Bhayshul Tuten,RB,JAX,PHI,,12.288,12.118,12.118,12.118,12.118,11.184,3.827,11.11,23.088,4.321,21.995,3.533,21.207,12.58,12.59,12.59,12.59,11.77,14.0,14.0,14.0,13.0,2026-10-09T01:04:37Z,
2026,5,2026_05_DEN_LAC,2026-10-11T20:05:00+00:00,00-0040727,Tre Harris,WR,LAC,DEN,,9.374,8.885,8.885,8.885,8.894,7.27,1.547,6.755,17.934,1.65,17.665,1.031,15.659,8.43,8.44,8.44,8.44,6.8,8.6,8.6,8.6,7.0,2026-10-09T01:04:37Z,
2026,5,2026_05_DEN_LAC,2026-10-11T20:05:00+00:00,00-0040730,RJ Harvey,RB,DEN,LAC,,11.477,11.418,11.418,11.418,11.418,9.687,2.944,10.344,21.53,2.943,22.9,2.426,18.821,11.63,11.68,11.68,11.68,10.08,12.7,12.7,12.7,10.2,2026-10-09T01:04:37Z,
2026,5,2026_05_LV_NE,2026-10-11T17:00:00+00:00,00-0040734,TreVeyon Henderson,RB,NE,LV,,8.897,9.887,9.887,9.887,9.887,9.174,1.575,7.256,18.686,1.407,17.69,1.355,17.234,10.88,10.87,10.87,10.87,10.08,8.7,8.7,8.7,8.3,2026-10-09T01:04:37Z,
2026,5,2026_05_CHI_GB,2026-10-11T17:00:00+00:00,00-0040735,Luther Burden III,WR,CHI,GB,,9.723,10.249,10.249,10.249,10.249,8.263,1.915,8.693,19.049,2.127,19.96,1.537,17.584,11.3,11.32,11.32,11.32,9.2,12.0,12.0,12.0,9.8,2026-10-09T01:04:37Z,
2026,5,2026_05_CLE_NYJ,2026-10-11T17:00:00+00:00,00-0040736,Mason Taylor,TE,NYJ,CLE,,3.686,3.892,3.892,3.892,4.679,3.105,0.053,2.149,8.254,0.049,10.056,0.039,6.376,3.91,3.9,3.9,4.86,2.94,4.1,4.1,5.1,3.1,2026-10-09T01:04:37Z,Full Participation in Practice
2026,5,2026_05_SF_SEA,2026-10-11T20:25:00+00:00,00-0040739,Elijah Arroyo,TE,SEA,SF,,1.817,1.5,1.5,1.5,1.839,1.161,-0.001,0.831,4.404,-0.001,6.12,0.001,4.141,1.1,1.11,1.11,1.34,0.88,1.0,1.0,1.2,0.8,2026-10-09T01:04:37Z,
2026,5,2026_05_MIN_NO,2026-10-11T17:00:00+00:00,00-0040743,Tyler Shough,QB,NO,MIN,,15.302,14.501,14.501,14.501,15.244,14.518,5.324,15.937,25.33,5.991,26.032,5.391,25.783,15.27,14.82,14.82,15.46,14.82,16.3,16.3,16.7,16.3,2026-10-09T01:04:37Z,Limited Participation in Practice
2026,5,2026_05_CLE_NYJ,2026-10-11T17:00:00+00:00,00-0040782,Isaiah Bond,WR,CLE,NYJ,,1.35,1.402,1.402,1.402,1.402,1.113,-0.003,0.059,4.798,-0.018,4.865,0.001,3.862,2.48,2.49,2.49,2.49,2.08,2.1,2.1,2.1,1.7,2026-10-09T01:04:37Z,
2026,5,2026_05_CLE_NYJ,2026-10-11T17:00:00+00:00,00-0040784,Quinshon Judkins,RB,CLE,NYJ,,14.067,14.053,14.053,14.053,14.052,12.675,4.49,11.681,22.717,4.995,23.68,4.446,21.011,11.45,11.55,11.55,11.55,10.53,14.1,14.1,14.1,12.3,2026-10-09T01:04:37Z,
2026,5,2026_05_CIN_MIA,2026-10-11T17:00:00+00:00,00-0040785,Dohnte Meyers,WR,CIN,MIA,,7.595,7.284,7.284,7.284,7.284,5.926,0.443,6.241,17.753,0.524,17.276,0.231,14.649,6.7,6.65,6.65,6.65,5.36,6.2,6.2,6.2,4.8,2026-10-09T01:04:37Z,
2026,5,2026_05_PHI_JAX,2026-10-11T13:30:00+00:00,00-0040867,Makai Lemon,WR,PHI,JAX,,6.293,7.007,7.007,7.007,7.008,5.663,0.377,4.644,14.586,0.488,14.521,0.368,12.161,6.84,6.81,6.81,6.81,5.17,5.7,5.7,5.7,4.3,2026-10-09T01:04:37Z,
2026,5,2026_05_BAL_ATL,2026-10-12T00:20:00+00:00,00-0040876,Elijah Sarratt,WR,BAL,ATL,,2.96,3.259,3.259,3.259,3.26,2.67,-0.003,2.003,10.28,-0.002,10.525,-0.011,8.891,1.85,1.88,1.88,1.88,1.54,2.2,2.2,2.2,1.7,2026-10-09T01:04:37Z,
2026,5,2026_05_LV_NE,2026-10-11T17:00:00+00:00,00-0040878,Mike Washington Jr.,RB,LV,NE,,5.495,5.441,5.441,5.441,5.441,5.096,0.476,3.659,12.082,0.363,12.224,0.325,10.828,5.33,5.34,5.34,5.34,5.04,5.1,5.1,5.1,4.8,2026-10-09T01:04:37Z,
2026,5,2026_05_BAL_ATL,2026-10-12T00:20:00+00:00,00-0040879,Matthew Hibner,TE,BAL,ATL,,4.027,3.387,3.387,3.387,4.133,2.642,0.013,3.494,10.05,-0.004,11.166,0.085,7.767,,,,,,,,,,2026-10-09T01:04:37Z,
2026,5,2026_05_HOU_TEN,2026-10-11T17:00:00+00:00,00-0040886,Nicholas Singleton,RB,TEN,HOU,,2.437,2.368,2.368,2.368,2.384,2.215,-0.006,0.966,6.799,0.003,6.601,-0.024,5.854,1.32,1.28,1.28,1.28,1.24,0.9,0.9,0.9,0.9,2026-10-09T01:04:37Z,
2026,5,2026_05_BAL_ATL,2026-10-12T00:20:00+00:00,00-0040887,Josh Cuevas,TE,BAL,ATL,,1.167,1.114,1.114,1.114,1.337,0.891,0.0,0.024,3.406,0.0,3.872,0.0,3.017,0.88,0.88,0.88,1.07,0.7,1.1,1.1,1.3,0.9,2026-10-09T01:04:37Z,
2026,5,2026_05_PHI_JAX,2026-10-11T13:30:00+00:00,00-0040891,Cole Payton,QB,PHI,JAX,,2.763,4.514,4.514,4.514,4.852,4.332,-0.936,0.319,10.42,-0.589,10.836,-0.906,10.935,,0.0,0.0,0.0,0.0,0.0,0.0,0.0,0.0,2026-10-09T01:04:37Z,
2026,5,2026_05_LV_NE,2026-10-11T17:00:00+00:00,00-0040894,Malik Benson,WR,LV,NE,,1.325,1.478,1.478,1.478,1.478,1.224,-0.001,0.111,5.109,0.001,4.477,0.001,3.791,0.85,0.82,0.82,0.82,0.64,0.3,0.3,0.3,0.3,2026-10-09T01:04:37Z,
2026,5,2026_05_TB_DAL,2026-10-09T00:15:00+00:00,00-0040930,Camden Brown,WR,DAL,TB,,1.913,2.106,2.106,2.106,2.114,1.817,-0.002,0.356,7.68,-0.017,8.599,-0.004,6.918,,0.0,0.0,0.0,0.0,0.0,0.0,0.0,0.0,2026-10-08T22:03:43Z,
2026,5,2026_05_CHI_GB,2026-10-11T17:00:00+00:00,00-0040948,J. Michael Sturdivant,WR,GB,CHI,,1.661,1.586,1.586,1.586,1.586,1.288,-0.003,0.355,6.044,-0.001,5.876,-0.006,5.166,,0.0,0.0,0.0,0.0,0.9,0.9,0.9,0.7,2026-10-09T01:04:37Z,
2026,5,2026_05_BAL_ATL,2026-10-12T00:20:00+00:00,00-0040981,Joe Fagnano,QB,BAL,ATL,,2.459,4.08,4.08,4.08,4.355,3.935,-0.985,0.012,10.497,-0.588,10.982,-0.912,10.005,,0.0,0.0,0.0,0.0,0.0,0.0,0.0,0.0,2026-10-09T01:04:37Z,
2026,5,2026_05_DET_ARI,2026-10-11T20:25:00+00:00,00-0041027,Jeremiyah Love,RB,ARI,DET,,13.01,13.39,13.39,13.39,13.407,12.199,2.611,10.848,24.719,2.69,23.335,2.725,23.759,12.59,12.66,12.66,12.66,11.71,12.5,12.5,12.5,11.2,2026-10-09T01:04:37Z,
2026,5,2026_05_CLE_NYJ,2026-10-11T17:00:00+00:00,00-0041032,Kenyon Sadiq,TE,NYJ,CLE,,8.773,9.421,9.421,9.421,11.264,7.577,1.181,6.953,15.641,1.45,17.227,0.884,13.125,9.01,9.03,9.03,10.81,7.26,9.5,9.5,11.6,7.8,2026-10-09T01:04:37Z,
2026,5,2026_05_CLE_NYJ,2026-10-11T17:00:00+00:00,00-0041037,Denzel Boston,WR,CLE,NYJ,,11.989,10.558,10.558,10.558,10.557,8.602,3.617,10.662,21.273,4.188,22.098,2.878,18.772,10.58,10.54,10.54,10.54,9.0,12.0,12.0,12.0,10.3,2026-10-09T01:04:37Z,
2026,5,2026_05_NYG_WAS,2026-10-11T17:00:00+00:00,00-0041040,Antonio Williams,WR,WAS,NYG,,7.7,8.682,8.682,8.682,8.689,7.102,0.556,6.309,16.62,0.485,17.196,0.4,14.102,6.83,6.83,6.83,6.83,5.56,5.6,5.6,5.6,4.3,2026-10-09T01:04:37Z,
2026,5,2026_05_MIN_NO,2026-10-11T17:00:00+00:00,00-0041041,Oscar Delp,TE,NO,MIN,,1.557,1.205,1.205,1.205,1.465,0.945,-0.001,0.079,3.536,0.0,4.23,-0.001,3.007,1.39,1.4,1.4,1.73,1.07,1.0,1.0,1.3,0.8,2026-10-09T01:04:37Z,
2026,5,2026_05_NYG_WAS,2026-10-11T17:00:00+00:00,00-0041042,Malachi Fields,WR,NYG,WAS,,7.62,7.553,7.553,7.553,7.553,6.209,0.636,6.432,16.072,0.559,16.996,0.418,14.262,5.54,5.52,5.52,5.52,4.63,7.3,7.3,7.3,6.2,2026-10-09T01:04:37Z,
2026,5,2026_05_BAL_ATL,2026-10-12T00:20:00+00:00,00-0041044,Zachariah Branch,WR,ATL,BAL,,2.855,3.238,3.238,3.238,3.238,2.704,-0.005,1.597,8.073,-0.003,7.962,-0.004,6.887,3.38,3.38,3.38,3.38,2.72,3.2,3.2,3.2,2.4,2026-10-09T01:04:37Z,
2026,5,2026_05_TB_DAL,2026-10-09T00:15:00+00:00,00-0041048,Ted Hurst III,WR,TB,DAL,,6.779,6.955,6.955,6.955,6.955,5.678,0.186,5.112,14.882,0.565,15.226,0.208,12.518,6.03,6.04,6.04,6.04,5.08,6.7,6.7,6.7,5.8,2026-10-08T22:03:43Z,
2026,5,2026_05_CHI_GB,2026-10-11T17:00:00+00:00,00-0041051,Zavion Thomas,WR,CHI,GB,,1.181,0.974,0.974,0.974,0.974,0.814,-0.001,0.0,3.509,0.0,3.678,-0.002,3.183,0.77,0.75,0.75,0.75,0.61,0.5,0.5,0.5,0.4,2026-10-09T01:04:37Z,
2026,5,2026_05_SF_SEA,2026-10-11T20:25:00+00:00,00-0041052,Kaelon Black,RB,SF,SEA,,4.231,4.952,4.952,4.952,4.952,4.586,0.095,3.676,10.177,0.161,10.13,0.302,8.931,2.78,2.77,2.77,2.77,2.53,2.2,2.2,2.2,2.1,2026-10-09T01:04:37Z,
2026,5,2026_05_CLE_NYJ,2026-10-11T17:00:00+00:00,00-0041056,Cade Klubnik,QB,NYJ,CLE,,3.189,4.342,4.342,4.342,4.602,4.132,-0.989,0.782,11.316,-0.566,12.615,-0.907,11.263,,0.0,0.0,0.0,0.0,0.0,0.0,0.0,0.0,2026-10-09T01:04:37Z,
2026,5,2026_05_MIN_NO,2026-10-11T17:00:00+00:00,00-0041067,Bryce Lance,WR,NO,MIN,,5.225,5.601,5.601,5.601,5.601,4.512,0.11,4.114,12.527,0.159,13.044,0.098,11.745,2.85,2.83,2.83,2.83,2.28,1.8,1.8,1.8,1.4,2026-10-09T01:04:37Z,
2026,5,2026_05_CIN_MIA,2026-10-11T17:00:00+00:00,00-0041069,Colbie Young,WR,CIN,MIA,,0.961,1.195,1.195,1.195,1.196,0.99,-0.057,-0.003,3.585,-0.115,4.523,-0.044,3.325,0.67,0.69,0.69,0.69,0.54,1.0,1.0,1.0,0.7,2026-10-09T01:04:37Z,Limited Participation in Practice
2026,5,2026_05_DET_ARI,2026-10-11T20:25:00+00:00,00-0041070,Reggie Virgil,WR,ARI,DET,,2.524,2.98,2.98,2.98,2.981,2.501,-0.034,0.864,9.39,-0.036,9.24,-0.042,7.304,,0.0,0.0,0.0,0.0,0.0,0.0,0.0,0.0,2026-10-09T01:04:37Z,
2026,5,2026_05_CIN_MIA,2026-10-11T17:00:00+00:00,00-0041077,Justin Joly,TE,MIA,CIN,,2.172,2.198,2.198,2.198,2.586,1.827,-0.018,0.823,6.772,0.012,8.214,-0.035,5.724,0.51,0.5,0.5,0.6,0.39,0.5,0.5,0.6,0.4,2026-10-09T01:04:37Z,
2026,5,2026_05_MIN_NO,2026-10-11T17:00:00+00:00,00-0041081,Max Bredeson,RB,MIN,NO,,0.885,1.026,1.026,1.026,1.029,0.88,-0.01,0.011,3.234,-0.004,4.142,-0.019,2.412,0.1,0.08,0.08,0.08,0.06,0.1,0.1,0.1,0.1,2026-10-09T01:04:37Z,
2026,5,2026_05_PHI_JAX,2026-10-11T13:30:00+00:00,00-0041084,Tanner Koziol,TE,JAX,PHI,,0.971,0.837,0.837,0.837,1.005,0.672,-0.006,0.001,2.65,-0.001,2.994,0.0,2.053,1.16,1.13,1.13,1.36,0.89,1.0,1.0,1.2,0.8,2026-10-09T01:04:37Z,
2026,5,2026_05_CLE_NYJ,2026-10-11T17:00:00+00:00,00-0041092,Taylen Green,QB,CLE,NYJ,,2.709,4.421,4.421,4.421,4.731,4.236,-0.966,0.319,10.5,-0.586,11.07,-0.906,10.762,,0.0,0.0,0.0,0.0,0.0,0.0,0.0,0.0,2026-10-09T01:04:37Z,
2026,5,2026_05_TB_DAL,2026-10-09T00:15:00+00:00,00-0041094,Bauer Sharp,TE,TB,DAL,,0.784,0.697,0.697,0.697,0.804,0.592,-0.001,0.001,1.98,-0.001,2.157,0.0,1.369,0.11,0.08,0.08,0.1,0.06,0.0,0.0,0.1,0.0,2026-10-08T22:03:43Z,
2026,5,2026_05_NYG_WAS,2026-10-11T17:00:00+00:00,00-0041096,Kaytron Allen,RB,WAS,NYG,,2.795,2.803,2.803,2.803,2.818,2.643,-0.059,1.424,7.895,0.01,7.844,-0.006,7.454,,0.0,0.0,0.0,0.0,0.7,0.7,0.7,0.7,2026-10-09T01:04:37Z,
2026,5,2026_05_MIN_NO,2026-10-11T17:00:00+00:00,00-0041099,Barion Brown,WR,NO,MIN,,1.473,1.167,1.167,1.167,1.18,1.019,-0.004,0.166,3.68,-0.004,3.179,-0.002,2.766,0.49,0.48,0.48,0.48,0.38,0.2,0.2,0.2,0.2,2026-10-09T01:04:37Z,Did Not Participate In Practice
2026,5,2026_05_PHI_JAX,2026-10-11T13:30:00+00:00,00-0041100,Josh Cameron,WR,JAX,PHI,,3.549,3.677,3.677,3.677,3.678,3.03,0.015,2.596,11.344,-0.002,11.471,-0.001,9.78,3.42,3.46,3.46,3.46,2.92,4.5,4.5,4.5,3.9,2026-10-09T01:04:37Z,
2026,5,2026_05_MIN_NO,2026-10-11T17:00:00+00:00,00-0041104,Demond Claiborne,RB,MIN,NO,,2.437,2.308,2.308,2.308,2.309,2.098,0.011,0.78,8.27,0.005,7.716,-0.001,7.422,2.83,2.8,2.8,2.8,2.56,1.8,1.8,1.8,1.6,2026-10-09T01:04:37Z,
2026,5,2026_05_PHI_JAX,2026-10-11T13:30:00+00:00,00-0041106,C.J. Williams,WR,JAX,PHI,,0.909,0.864,0.864,0.864,0.871,0.742,-0.043,0.004,3.577,-0.002,3.582,-0.044,3.012,,0.0,0.0,0.0,0.0,0.0,0.0,0.0,0.0,2026-10-09T01:04:37Z,
2026,5,2026_05_CIN_MIA,2026-10-11T17:00:00+00:00,00-0041116,Jack Endries,TE,CIN,MIA,,0.674,0.761,0.761,0.761,0.876,0.65,-0.007,0.001,1.876,-0.002,2.37,0.0,1.58,0.13,0.11,0.11,0.14,0.08,0.1,0.1,0.2,0.1,2026-10-09T01:04:37Z,
2026,5,2026_05_NYG_WAS,2026-10-11T17:00:00+00:00,00-0041117,Athan Kaliakmanis,QB,WAS,NYG,,12.648,13.45,13.45,13.45,13.94,13.268,1.732,11.561,22.012,2.985,23.254,1.725,22.881,,0.0,0.0,0.0,0.0,2.7,2.7,2.9,2.7,2026-10-09T01:04:37Z,
2026,5,2026_05_LV_NE,2026-10-11T17:00:00+00:00,00-0041123,Behren Morton,QB,NE,LV,,2.349,3.19,3.19,3.19,3.408,3.021,-0.961,0.2,9.978,-0.582,9.894,-0.893,10.331,,0.0,0.0,0.0,0.0,0.0,0.0,0.0,0.0,2026-10-09T01:04:37Z,
2026,5,2026_05_IND_PIT,2026-10-11T17:00:00+00:00,00-0041125,Seth McGowan,RB,IND,PIT,,3.878,4.062,4.062,4.062,4.09,3.641,0.034,2.074,9.668,-0.008,10.209,0.041,8.688,2.8,2.81,2.81,2.81,2.62,2.5,2.5,2.5,2.3,2026-10-09T01:04:37Z,
2026,5,2026_05_CLE_NYJ,2026-10-11T17:00:00+00:00,00-0041131,Carsen Ryan,TE,CLE,NYJ,,0.744,0.76,0.76,0.76,0.885,0.639,-0.001,0.001,1.077,0.0,1.897,0.0,1.081,0.2,0.22,0.22,0.26,0.18,0.2,0.2,0.2,0.1,2026-10-09T01:04:37Z,
2026,5,2026_05_IND_PIT,2026-10-11T17:00:00+00:00,00-0041132,Deion Burks,WR,IND,PIT,,2.159,2.167,2.167,2.167,2.167,1.832,-0.004,0.687,7.522,-0.001,7.349,-0.018,6.094,0.19,0.21,0.21,0.21,0.18,0.8,0.8,0.8,0.7,2026-10-09T01:04:37Z,
2026,5,2026_05_DEN_LAC,2026-10-11T20:05:00+00:00,00-0041133,Dallen Bentley,TE,DEN,LAC,,1.423,1.569,1.569,1.569,1.833,1.32,-0.029,-0.003,5.616,-0.024,6.82,0.002,4.614,0.22,0.24,0.24,0.29,0.2,0.2,0.2,0.3,0.2,2026-10-09T01:04:37Z,
2026,5,2026_05_HOU_TEN,2026-10-11T17:00:00+00:00,00-0041156,Mark Gronowski,QB,HOU,TEN,,2.479,3.087,3.087,3.087,3.321,2.964,-1.007,0.062,10.135,-0.618,10.971,-1.009,10.32,,0.0,0.0,0.0,0.0,0.0,0.0,0.0,0.0,2026-10-09T01:04:37Z,
2026,5,2026_05_SF_SEA,2026-10-11T20:25:00+00:00,00-0041178,Robert Henry Jr.,RB,SEA,SF,,1.946,2.372,2.372,2.372,2.382,2.116,0.013,0.13,7.029,-0.014,7.006,0.0,5.721,,0.0,0.0,0.0,0.0,0.0,0.0,0.0,0.0,2026-10-09T01:04:37Z,
2026,5,2026_05_BAL_ATL,2026-10-12T00:20:00+00:00,00-0041194,Jack Strand,QB,ATL,BAL,,4.027,5.719,5.719,5.719,6.112,5.609,-1.112,1.719,11.983,-0.805,12.33,-0.984,12.784,,0.0,0.0,0.0,0.0,0.0,0.0,0.2,0.0,2026-10-09T01:04:37Z,
2026,5,2026_05_TB_DAL,2026-10-09T00:15:00+00:00,00-0041251,Jalon Daniels,QB,TB,DAL,,10.288,12.763,12.763,12.763,13.488,12.63,-0.528,7.924,18.696,0.026,19.945,-0.377,19.226,15.27,14.27,14.27,15.42,14.27,10.8,10.8,12.3,10.8,2026-10-08T22:03:43Z,
2026,5,2026_05_CLE_NYJ,2026-10-11T17:00:00+00:00,00-0041267,Malik McClain,WR,NYJ,CLE,,0.847,0.735,0.735,0.735,0.738,0.621,-0.002,0.006,2.803,0.0,2.889,0.0,2.306,0.2,0.23,0.23,0.23,0.19,0.2,0.2,0.2,0.2,2026-10-09T01:04:37Z,
2026,5,2026_05_DEN_LAC,2026-10-11T20:05:00+00:00,00-0041292,Kolbe Katsis,WR,DEN,LAC,,0.744,0.7,0.7,0.7,0.702,0.609,0.0,0.001,2.074,0.0,2.032,0.0,1.839,,0.0,0.0,0.0,0.0,0.0,0.0,0.0,0.0,2026-10-09T01:04:37Z,
2026,5,2026_05_LV_NE,2026-10-11T17:00:00+00:00,00-0041314,Tanner Arkin,TE,NE,LV,,0.905,0.989,0.989,0.989,1.186,0.795,-0.017,0.002,3.832,-0.022,4.286,-0.021,2.695,,0.0,0.0,0.0,0.0,0.0,0.0,0.0,0.0,2026-10-09T01:04:37Z,
2026,5,2026_05_MIN_NO,2026-10-11T17:00:00+00:00,00-0041326,CJ Donaldson,RB,NO,MIN,,3.351,3.278,3.278,3.278,3.278,2.816,0.033,2.426,8.848,0.02,9.262,0.012,7.733,3.11,3.12,3.12,3.12,2.61,2.0,2.0,2.0,1.6,2026-10-09T01:04:37Z,
2026,5,2026_05_LV_NE,2026-10-11T17:00:00+00:00,00-0041395,Eli Raridon,TE,NE,LV,,4.765,3.026,3.026,3.026,3.723,2.329,0.147,3.725,10.852,0.058,11.497,0.051,9.09,3.26,3.26,3.26,3.85,2.67,4.1,4.1,4.7,3.5,2026-10-09T01:04:37Z,
2026,5,2026_05_IND_PIT,2026-10-11T17:00:00+00:00,00-0041397,Kaden Wetjen,WR,PIT,IND,,0.928,0.798,0.798,0.798,0.801,0.685,0.0,0.001,2.082,0.0,1.992,0.0,1.66,0.15,0.11,0.11,0.11,0.09,0.0,0.0,0.0,0.0,2026-10-09T01:04:37Z,
2026,5,2026_05_BUF_LA,2026-10-13T00:15:00+00:00,00-0041399,CJ Daniels,WR,LA,BUF,,2.044,2.089,2.089,2.089,2.088,1.779,-0.033,0.539,8.144,-0.066,7.453,-0.049,7.053,,,,,,,,,,2026-10-09T01:04:37Z,
2026,5,2026_05_BUF_LA,2026-10-13T00:15:00+00:00,00-0041415,Dean Connors,RB,LA,BUF,,0.964,1.074,1.074,1.074,1.083,0.952,-0.006,0.001,1.87,-0.001,1.914,-0.002,1.518,0.18,0.14,0.14,0.14,0.11,0.1,0.1,0.1,0.1,2026-10-09T01:04:37Z,
2026,5,2026_05_CIN_MIA,2026-10-11T17:00:00+00:00,00-0041436,DJ Herman,RB,MIA,CIN,,1.73,2.469,2.469,2.469,2.469,2.001,-0.004,0.761,6.23,-0.039,6.279,-0.023,4.288,1.5,1.46,1.46,1.46,1.15,1.4,1.4,1.4,1.1,2026-10-09T01:04:37Z,
2026,5,2026_05_HOU_TEN,2026-10-11T17:00:00+00:00,00-0041438,Carnell Tate,WR,TEN,HOU,,11.768,12.302,12.302,12.302,12.302,9.945,2.936,11.031,22.13,2.706,23.057,2.241,19.726,12.05,12.08,12.08,12.08,9.56,14.1,14.1,14.6,11.0,2026-10-09T01:04:37Z,
2026,5,2026_05_BUF_LA,2026-10-13T00:15:00+00:00,00-0041443,Skyler Bell,WR,BUF,LA,,2.206,2.404,2.404,2.404,2.403,2.018,-0.058,0.728,8.69,-0.075,8.309,-0.036,6.635,0.27,0.28,0.28,0.28,0.23,0.3,0.3,0.3,0.2,2026-10-09T01:04:37Z,
2026,5,2026_05_HOU_TEN,2026-10-11T17:00:00+00:00,00-0041467,Lewis Bond,WR,HOU,TEN,,0.821,1.149,1.149,1.149,1.15,0.956,-0.048,-0.002,3.473,-0.106,3.088,-0.032,2.278,,0.0,0.0,0.0,0.0,0.0,0.0,0.0,0.0,2026-10-09T01:04:37Z,
2026,5,2026_05_HOU_TEN,2026-10-11T17:00:00+00:00,00-0041472,Marlin Klein,TE,HOU,TEN,,0.825,0.735,0.735,0.735,0.873,0.597,-0.026,-0.001,2.706,-0.081,3.133,-0.012,1.888,1.77,1.78,1.78,2.17,1.39,1.7,1.7,2.1,1.3,2026-10-09T01:04:37Z,
2026,5,2026_05_IND_PIT,2026-10-11T17:00:00+00:00,00-0041489,Germie Bernard,WR,PIT,IND,,4.71,4.293,4.293,4.293,4.293,3.444,-0.013,3.529,11.219,-0.003,11.626,-0.033,10.279,7.22,7.19,7.19,7.19,5.92,5.7,5.7,5.7,4.4,2026-10-09T01:04:37Z,
2026,5,2026_05_IND_PIT,2026-10-11T17:00:00+00:00,00-0041490,Eli Heidenreich,RB,PIT,IND,,0.816,0.848,0.848,0.848,0.851,0.752,-0.001,0.001,1.951,-0.001,1.939,0.0,1.483,,0.0,0.0,0.0,0.0,0.0,0.0,0.0,0.0,2026-10-09T01:04:37Z,
2026,5,2026_05_PHI_JAX,2026-10-11T13:30:00+00:00,00-0041503,Nate Boerkircher,TE,JAX,PHI,,2.413,2.809,2.809,2.809,3.386,2.233,0.005,1.625,7.482,0.008,7.831,0.003,5.946,1.35,1.36,1.36,1.64,1.08,1.3,1.3,1.6,1.0,2026-10-09T01:04:37Z,
2026,5,2026_05_BUF_LA,2026-10-13T00:15:00+00:00,00-0041510,Max Klare,TE,LA,BUF,,1.235,1.049,1.049,1.049,1.241,0.859,-0.002,0.001,3.466,-0.015,3.833,0.001,2.976,0.11,0.09,0.09,0.11,0.07,0.1,0.1,0.1,0.1,2026-10-09T01:04:37Z,
2026,5,2026_05_CIN_MIA,2026-10-11T17:00:00+00:00,00-0041523,Caleb Douglas,WR,MIA,CIN,,7.49,8.888,8.888,8.888,8.888,7.249,1.258,7.414,16.375,1.095,17.647,0.501,14.463,,0.0,0.0,0.0,0.0,2.2,2.2,2.2,1.8,2026-10-09T01:04:37Z,Did Not Participate In Practice
2026,5,2026_05_CIN_MIA,2026-10-11T17:00:00+00:00,00-0041524,Will Kacmarek,TE,MIA,CIN,,3.29,3.105,3.105,3.105,3.747,2.514,-0.011,1.853,8.42,0.004,9.276,-0.011,6.895,1.46,1.44,1.44,1.75,1.12,1.5,1.5,1.8,1.1,2026-10-09T01:04:37Z,
2026,5,2026_05_CIN_MIA,2026-10-11T17:00:00+00:00,00-0041525,Chris Bell,WR,MIA,CIN,,5.38,5.942,5.942,5.942,5.943,4.778,0.148,4.291,12.111,0.302,12.577,0.153,11.069,7.89,7.87,7.87,7.87,6.6,5.1,5.1,5.1,4.2,2026-10-09T01:04:37Z,Limited Participation in Practice
2026,5,2026_05_CIN_MIA,2026-10-11T17:00:00+00:00,00-0041529,Kevin Coleman Jr.,WR,MIA,CIN,,4.486,5.049,5.049,5.049,5.049,4.089,0.123,2.493,11.041,0.266,10.665,0.083,9.381,5.04,5.04,5.04,5.04,4.21,2.9,2.9,2.9,2.3,2026-10-09T01:04:37Z,
2026,5,2026_05_CLE_NYJ,2026-10-11T17:00:00+00:00,00-0041547,KC Concepcion,WR,CLE,NYJ,,10.431,11.415,11.415,11.415,11.415,9.346,2.136,9.56,20.388,2.387,20.626,1.549,16.876,9.72,9.77,9.77,9.77,7.84,8.0,8.0,8.0,6.1,2026-10-09T01:04:37Z,
2026,5,2026_05_DEN_LAC,2026-10-11T20:05:00+00:00,00-0041550,Brenen Thompson,WR,LAC,DEN,,2.031,2.073,2.073,2.073,2.074,1.72,-0.042,0.526,6.766,-0.007,6.615,-0.035,6.004,0.8,0.8,0.8,0.8,0.64,1.1,1.1,1.1,0.9,2026-10-09T01:04:37Z,
2026,5,2026_05_CHI_GB,2026-10-11T17:00:00+00:00,00-0041558,Sam Roush,TE,CHI,GB,,1.902,2.35,2.35,2.35,2.808,1.893,-0.009,0.766,6.534,-0.002,6.783,-0.001,5.509,2.04,2.04,2.04,2.5,1.59,2.0,2.0,2.5,1.6,2026-10-09T01:04:37Z,
2026,5,2026_05_DET_ARI,2026-10-11T20:25:00+00:00,00-0041561,Carson Beck,QB,ARI,DET,,3.409,6.085,6.085,6.085,6.48,5.86,-0.965,1.275,12.955,-0.588,12.654,-0.826,12.31,,0.0,0.0,0.0,0.0,0.0,0.0,0.0,0.0,2026-10-09T01:04:37Z,
2026,5,2026_05_LV_NE,2026-10-11T17:00:00+00:00,00-0041562,Fernando Mendoza,QB,LV,NE,,5.606,5.008,5.008,5.008,5.405,4.756,-0.323,2.042,15.437,-0.22,16.785,-0.281,16.401,,0.0,0.0,0.0,0.0,0.0,0.0,0.0,0.0,2026-10-09T01:04:37Z,
2026,5,2026_05_IND_PIT,2026-10-11T17:00:00+00:00,00-0041565,Drew Allar,QB,PIT,IND,,3.147,4.561,4.561,4.561,4.804,4.329,-0.964,1.07,11.69,-0.566,12.232,-0.903,12.142,,0.0,0.0,0.0,0.0,0.0,0.0,0.0,0.0,2026-10-09T01:04:37Z,
2026,5,2026_05_BUF_LA,2026-10-13T00:15:00+00:00,00-0041568,Ty Simpson,QB,LA,BUF,,5.449,4.557,4.557,4.557,4.871,4.27,-0.94,2.274,16.074,-0.542,16.061,-0.771,16.518,,0.0,0.0,0.0,0.0,0.0,0.0,0.0,0.0,2026-10-09T01:04:37Z,
2026,5,2026_05_CIN_MIA,2026-10-11T17:00:00+00:00,00-0041579,Seydou Traore,TE,MIA,CIN,,1.861,1.791,1.791,1.791,2.086,1.514,-0.017,0.37,6.301,-0.005,6.981,-0.034,5.176,0.1,0.08,0.08,0.1,0.06,0.1,0.1,0.1,0.1,2026-10-09T01:04:37Z,
