season,week,game_id,kickoff_utc,gsis_id,player,market,bookmaker,line,over_price,under_price,book_updated,fetched_at
2026,5,2026_05_CHI_GB,2026-10-11T17:00:00+00:00,00-0037091,Bo Melton,player_anytime_td,betmgm,,1200.0,,2026-10-10T01:46:19Z,2026-10-10T01:46:34Z
2026,5,2026_05_CHI_GB,2026-10-11T17:00:00+00:00,,Chicago Bears D/ST,player_anytime_td,betmgm,,525.0,,2026-10-10T01:46:19Z,2026-10-10T01:46:34Z
2026,5,2026_05_CHI_GB,2026-10-11T17:00:00+00:00,00-0038124,Christian Watson,player_anytime_td,betmgm,,175.0,,2026-10-10T01:46:19Z,2026-10-10T01:46:34Z
2026,5,2026_05_CHI_GB,2026-10-11T17:00:00+00:00,00-0036290,Cole Kmet,player_anytime_td,betmgm,,575.0,,2026-10-10T01:46:19Z,2026-10-10T01:46:34Z
2026,5,2026_05_CHI_GB,2026-10-11T17:00:00+00:00,00-0040126,Colston Loveland,player_anytime_td,betmgm,,240.0,,2026-10-10T01:46:19Z,2026-10-10T01:46:34Z
2026,5,2026_05_CHI_GB,2026-10-11T17:00:00+00:00,00-0036275,D'Andre Swift,player_anytime_td,betmgm,,-165.0,,2026-10-10T01:46:19Z,2026-10-10T01:46:34Z
2026,5,2026_05_CHI_GB,2026-10-11T17:00:00+00:00,,Green Bay Packers D/ST,player_anytime_td,betmgm,,525.0,,2026-10-10T01:46:19Z,2026-10-10T01:46:34Z
2026,5,2026_05_CHI_GB,2026-10-11T17:00:00+00:00,00-0033858,Jonnu Smith,player_anytime_td,betmgm,,850.0,,2026-10-10T01:46:19Z,2026-10-10T01:46:34Z
2026,5,2026_05_CHI_GB,2026-10-11T17:00:00+00:00,00-0036264,Jordan Love,player_anytime_td,betmgm,,700.0,,2026-10-10T01:46:19Z,2026-10-10T01:46:34Z
2026,5,2026_05_CHI_GB,2026-10-11T17:00:00+00:00,00-0040142,Kaleb Johnson,player_anytime_td,betmgm,,210.0,,2026-10-10T01:46:19Z,2026-10-10T01:46:34Z
2026,5,2026_05_CHI_GB,2026-10-11T17:00:00+00:00,00-0032464,Kalif Raymond,player_anytime_td,betmgm,,360.0,,2026-10-10T01:46:19Z,2026-10-10T01:46:34Z
2026,5,2026_05_CHI_GB,2026-10-11T17:00:00+00:00,00-0040735,Luther Burden III,player_anytime_td,betmgm,,220.0,,2026-10-10T01:46:19Z,2026-10-10T01:46:34Z
2026,5,2026_05_CHI_GB,2026-10-11T17:00:00+00:00,00-0039811,MarShawn Lloyd,player_anytime_td,betmgm,,140.0,,2026-10-10T01:46:19Z,2026-10-10T01:46:34Z
2026,5,2026_05_CHI_GB,2026-10-11T17:00:00+00:00,00-0040667,Matthew Golden,player_anytime_td,betmgm,,185.0,,2026-10-10T01:46:19Z,2026-10-10T01:46:34Z
2026,5,2026_05_CHI_GB,2026-10-11T17:00:00+00:00,00-0039919,Rome Odunze,player_anytime_td,betmgm,,240.0,,2026-10-10T01:46:19Z,2026-10-10T01:46:34Z
2026,5,2026_05_CHI_GB,2026-10-11T17:00:00+00:00,00-0039021,Roschon Johnson,player_anytime_td,betmgm,,390.0,,2026-10-10T01:46:19Z,2026-10-10T01:46:34Z
2026,5,2026_05_CHI_GB,2026-10-11T17:00:00+00:00,00-0036020,Salvon Ahmed,player_anytime_td,betmgm,,1500.0,,2026-10-10T01:46:19Z,2026-10-10T01:46:34Z
2026,5,2026_05_CHI_GB,2026-10-11T17:00:00+00:00,00-0041558,Sam Roush,player_anytime_td,betmgm,,1050.0,,2026-10-10T01:46:19Z,2026-10-10T01:46:34Z
2026,5,2026_05_CHI_GB,2026-10-11T17:00:00+00:00,00-0038090,Skyy Moore,player_anytime_td,betmgm,,550.0,,2026-10-10T01:46:19Z,2026-10-10T01:46:34Z
2026,5,2026_05_CHI_GB,2026-10-11T17:00:00+00:00,00-0038996,Tucker Kraft,player_anytime_td,betmgm,,195.0,,2026-10-10T01:46:19Z,2026-10-10T01:46:34Z
2026,5,2026_05_CHI_GB,2026-10-11T17:00:00+00:00,00-0038416,Tyson Bagent,player_anytime_td,betmgm,,650.0,,2026-10-10T01:46:19Z,2026-10-10T01:46:34Z
2026,5,2026_05_CHI_GB,2026-10-11T17:00:00+00:00,00-0037091,Bo Melton,player_anytime_td,betonlineag,,1300.0,,2026-10-10T01:45:56Z,2026-10-10T01:46:34Z
2026,5,2026_05_CHI_GB,2026-10-11T17:00:00+00:00,00-0038124,Christian Watson,player_anytime_td,betonlineag,,160.0,,2026-10-10T01:45:56Z,2026-10-10T01:46:34Z
2026,5,2026_05_CHI_GB,2026-10-11T17:00:00+00:00,00-0036290,Cole Kmet,player_anytime_td,betonlineag,,500.0,,2026-10-10T01:45:56Z,2026-10-10T01:46:34Z
2026,5,2026_05_CHI_GB,2026-10-11T17:00:00+00:00,00-0040126,Colston Loveland,player_anytime_td,betonlineag,,210.0,,2026-10-10T01:45:56Z,2026-10-10T01:46:34Z
2026,5,2026_05_CHI_GB,2026-10-11T17:00:00+00:00,00-0036275,D'Andre Swift,player_anytime_td,betonlineag,,-200.0,,2026-10-10T01:45:56Z,2026-10-10T01:46:34Z
2026,5,2026_05_CHI_GB,2026-10-11T17:00:00+00:00,00-0040277,Jahdae Walker,player_anytime_td,betonlineag,,900.0,,2026-10-10T01:45:56Z,2026-10-10T01:46:34Z
2026,5,2026_05_CHI_GB,2026-10-11T17:00:00+00:00,00-0033858,Jonnu Smith,player_anytime_td,betonlineag,,800.0,,2026-10-10T01:45:56Z,2026-10-10T01:46:34Z
2026,5,2026_05_CHI_GB,2026-10-11T17:00:00+00:00,00-0036264,Jordan Love,player_anytime_td,betonlineag,,650.0,,2026-10-10T01:45:56Z,2026-10-10T01:46:34Z
2026,5,2026_05_CHI_GB,2026-10-11T17:00:00+00:00,00-0038589,Josh Whyle,player_anytime_td,betonlineag,,1100.0,,2026-10-10T01:45:56Z,2026-10-10T01:46:34Z
2026,5,2026_05_CHI_GB,2026-10-11T17:00:00+00:00,00-0040142,Kaleb Johnson,player_anytime_td,betonlineag,,160.0,,2026-10-10T01:45:56Z,2026-10-10T01:46:34Z
2026,5,2026_05_CHI_GB,2026-10-11T17:00:00+00:00,00-0032464,Kalif Raymond,player_anytime_td,betonlineag,,400.0,,2026-10-10T01:45:56Z,2026-10-10T01:46:34Z
2026,5,2026_05_CHI_GB,2026-10-11T17:00:00+00:00,00-0040735,Luther Burden III,player_anytime_td,betonlineag,,220.0,,2026-10-10T01:45:56Z,2026-10-10T01:46:34Z
2026,5,2026_05_CHI_GB,2026-10-11T17:00:00+00:00,00-0039811,MarShawn Lloyd,player_anytime_td,betonlineag,,110.0,,2026-10-10T01:45:56Z,2026-10-10T01:46:34Z
2026,5,2026_05_CHI_GB,2026-10-11T17:00:00+00:00,00-0040598,Mark Redman,player_anytime_td,betonlineag,,1100.0,,2026-10-10T01:45:56Z,2026-10-10T01:46:34Z
2026,5,2026_05_CHI_GB,2026-10-11T17:00:00+00:00,00-0040667,Matthew Golden,player_anytime_td,betonlineag,,200.0,,2026-10-10T01:45:56Z,2026-10-10T01:46:34Z
2026,5,2026_05_CHI_GB,2026-10-11T17:00:00+00:00,00-0038098,Pierre Strong Jr.,player_anytime_td,betonlineag,,1300.0,,2026-10-10T01:45:56Z,2026-10-10T01:46:34Z
2026,5,2026_05_CHI_GB,2026-10-11T17:00:00+00:00,00-0039919,Rome Odunze,player_anytime_td,betonlineag,,220.0,,2026-10-10T01:45:56Z,2026-10-10T01:46:34Z
2026,5,2026_05_CHI_GB,2026-10-11T17:00:00+00:00,00-0039021,Roschon Johnson,player_anytime_td,betonlineag,,400.0,,2026-10-10T01:45:56Z,2026-10-10T01:46:34Z
2026,5,2026_05_CHI_GB,2026-10-11T17:00:00+00:00,00-0041558,Sam Roush,player_anytime_td,betonlineag,,1000.0,,2026-10-10T01:45:56Z,2026-10-10T01:46:34Z
2026,5,2026_05_CHI_GB,2026-10-11T17:00:00+00:00,00-0038090,Skyy Moore,player_anytime_td,betonlineag,,450.0,,2026-10-10T01:45:56Z,2026-10-10T01:46:34Z
2026,5,2026_05_CHI_GB,2026-10-11T17:00:00+00:00,00-0038996,Tucker Kraft,player_anytime_td,betonlineag,,210.0,,2026-10-10T01:45:56Z,2026-10-10T01:46:34Z
2026,5,2026_05_CHI_GB,2026-10-11T17:00:00+00:00,00-0038416,Tyson Bagent,player_anytime_td,betonlineag,,450.0,,2026-10-10T01:45:56Z,2026-10-10T01:46:34Z
2026,5,2026_05_CHI_GB,2026-10-11T17:00:00+00:00,00-0041051,Zavion Thomas,player_anytime_td,betonlineag,,1000.0,,2026-10-10T01:45:56Z,2026-10-10T01:46:34Z
2026,5,2026_05_CHI_GB,2026-10-11T17:00:00+00:00,00-0037091,Bo Melton,player_anytime_td,betrivers,,1400.0,,2026-10-10T01:45:43Z,2026-10-10T01:46:34Z
2026,5,2026_05_CHI_GB,2026-10-11T17:00:00+00:00,00-0038124,Christian Watson,player_anytime_td,betrivers,,170.0,,2026-10-10T01:45:43Z,2026-10-10T01:46:34Z
2026,5,2026_05_CHI_GB,2026-10-11T17:00:00+00:00,00-0036290,Cole Kmet,player_anytime_td,betrivers,,550.0,,2026-10-10T01:45:43Z,2026-10-10T01:46:34Z
2026,5,2026_05_CHI_GB,2026-10-11T17:00:00+00:00,00-0040126,Colston Loveland,player_anytime_td,betrivers,,230.0,,2026-10-10T01:45:43Z,2026-10-10T01:46:34Z
2026,5,2026_05_CHI_GB,2026-10-11T17:00:00+00:00,00-0036275,D'Andre Swift,player_anytime_td,betrivers,,-165.0,,2026-10-10T01:45:43Z,2026-10-10T01:46:34Z
2026,5,2026_05_CHI_GB,2026-10-11T17:00:00+00:00,00-0040948,J. Michael Sturdivant,player_anytime_td,betrivers,,1500.0,,2026-10-10T01:45:43Z,2026-10-10T01:46:34Z
2026,5,2026_05_CHI_GB,2026-10-11T17:00:00+00:00,00-0040277,Jahdae Walker,player_anytime_td,betrivers,,1150.0,,2026-10-10T01:45:43Z,2026-10-10T01:46:34Z
2026,5,2026_05_CHI_GB,2026-10-11T17:00:00+00:00,00-0033858,Jonnu Smith,player_anytime_td,betrivers,,850.0,,2026-10-10T01:45:43Z,2026-10-10T01:46:34Z
2026,5,2026_05_CHI_GB,2026-10-11T17:00:00+00:00,00-0036264,Jordan Love,player_anytime_td,betrivers,,1000.0,,2026-10-10T01:45:43Z,2026-10-10T01:46:34Z
2026,5,2026_05_CHI_GB,2026-10-11T17:00:00+00:00,00-0038589,Josh Whyle,player_anytime_td,betrivers,,1400.0,,2026-10-10T01:45:43Z,2026-10-10T01:46:34Z
2026,5,2026_05_CHI_GB,2026-10-11T17:00:00+00:00,00-0040142,Kaleb Johnson,player_anytime_td,betrivers,,185.0,,2026-10-10T01:45:43Z,2026-10-10T01:46:34Z
2026,5,2026_05_CHI_GB,2026-10-11T17:00:00+00:00,00-0032464,Kalif Raymond,player_anytime_td,betrivers,,340.0,,2026-10-10T01:45:43Z,2026-10-10T01:46:34Z
2026,5,2026_05_CHI_GB,2026-10-11T17:00:00+00:00,00-0040735,Luther Burden III,player_anytime_td,betrivers,,225.0,,2026-10-10T01:45:43Z,2026-10-10T01:46:34Z
2026,5,2026_05_CHI_GB,2026-10-11T17:00:00+00:00,00-0039811,MarShawn Lloyd,player_anytime_td,betrivers,,120.0,,2026-10-10T01:45:43Z,2026-10-10T01:46:34Z
2026,5,2026_05_CHI_GB,2026-10-11T17:00:00+00:00,00-0040598,Mark Redman,player_anytime_td,betrivers,,1000.0,,2026-10-10T01:45:43Z,2026-10-10T01:46:34Z
2026,5,2026_05_CHI_GB,2026-10-11T17:00:00+00:00,00-0040667,Matthew Golden,player_anytime_td,betrivers,,210.0,,2026-10-10T01:45:43Z,2026-10-10T01:46:34Z
2026,5,2026_05_CHI_GB,2026-10-11T17:00:00+00:00,00-0038098,Pierre Strong Jr.,player_anytime_td,betrivers,,950.0,,2026-10-10T01:45:43Z,2026-10-10T01:46:34Z
2026,5,2026_05_CHI_GB,2026-10-11T17:00:00+00:00,00-0039919,Rome Odunze,player_anytime_td,betrivers,,235.0,,2026-10-10T01:45:43Z,2026-10-10T01:46:34Z
2026,5,2026_05_CHI_GB,2026-10-11T17:00:00+00:00,00-0039021,Roschon Johnson,player_anytime_td,betrivers,,350.0,,2026-10-10T01:45:43Z,2026-10-10T01:46:34Z
2026,5,2026_05_CHI_GB,2026-10-11T17:00:00+00:00,00-0041558,Sam Roush,player_anytime_td,betrivers,,1150.0,,2026-10-10T01:45:43Z,2026-10-10T01:46:34Z
2026,5,2026_05_CHI_GB,2026-10-11T17:00:00+00:00,00-0038090,Skyy Moore,player_anytime_td,betrivers,,430.0,,2026-10-10T01:45:43Z,2026-10-10T01:46:34Z
2026,5,2026_05_CHI_GB,2026-10-11T17:00:00+00:00,00-0038996,Tucker Kraft,player_anytime_td,betrivers,,205.0,,2026-10-10T01:45:43Z,2026-10-10T01:46:34Z
2026,5,2026_05_CHI_GB,2026-10-11T17:00:00+00:00,00-0038416,Tyson Bagent,player_anytime_td,betrivers,,500.0,,2026-10-10T01:45:43Z,2026-10-10T01:46:34Z
2026,5,2026_05_CHI_GB,2026-10-11T17:00:00+00:00,00-0041051,Zavion Thomas,player_anytime_td,betrivers,,800.0,,2026-10-10T01:45:43Z,2026-10-10T01:46:34Z
2026,5,2026_05_CHI_GB,2026-10-11T17:00:00+00:00,00-0037091,Bo Melton,player_anytime_td,bovada,,1500.0,,2026-10-10T01:45:47Z,2026-10-10T01:46:34Z
2026,5,2026_05_CHI_GB,2026-10-11T17:00:00+00:00,,Chicago Bears D/ST,player_anytime_td,bovada,,460.0,,2026-10-10T01:45:47Z,2026-10-10T01:46:34Z
2026,5,2026_05_CHI_GB,2026-10-11T17:00:00+00:00,00-0038124,Christian Watson,player_anytime_td,bovada,,170.0,,2026-10-10T01:45:47Z,2026-10-10T01:46:34Z
2026,5,2026_05_CHI_GB,2026-10-11T17:00:00+00:00,00-0036290,Cole Kmet,player_anytime_td,bovada,,600.0,,2026-10-10T01:45:47Z,2026-10-10T01:46:34Z
2026,5,2026_05_CHI_GB,2026-10-11T17:00:00+00:00,00-0040126,Colston Loveland,player_anytime_td,bovada,,230.0,,2026-10-10T01:45:47Z,2026-10-10T01:46:34Z
2026,5,2026_05_CHI_GB,2026-10-11T17:00:00+00:00,00-0036275,D'Andre Swift,player_anytime_td,bovada,,-168.0,,2026-10-10T01:45:47Z,2026-10-10T01:46:34Z
2026,5,2026_05_CHI_GB,2026-10-11T17:00:00+00:00,,Green Bay Packers D/ST,player_anytime_td,bovada,,600.0,,2026-10-10T01:45:47Z,2026-10-10T01:46:34Z
2026,5,2026_05_CHI_GB,2026-10-11T17:00:00+00:00,00-0040948,J. Michael Sturdivant,player_anytime_td,bovada,,2200.0,,2026-10-10T01:45:47Z,2026-10-10T01:46:34Z
2026,5,2026_05_CHI_GB,2026-10-11T17:00:00+00:00,00-0040277,Jahdae Walker,player_anytime_td,bovada,,1200.0,,2026-10-10T01:45:47Z,2026-10-10T01:46:34Z
2026,5,2026_05_CHI_GB,2026-10-11T17:00:00+00:00,00-0033858,Jonnu Smith,player_anytime_td,bovada,,800.0,,2026-10-10T01:45:47Z,2026-10-10T01:46:34Z
2026,5,2026_05_CHI_GB,2026-10-11T17:00:00+00:00,00-0036264,Jordan Love,player_anytime_td,bovada,,800.0,,2026-10-10T01:45:47Z,2026-10-10T01:46:34Z
2026,5,2026_05_CHI_GB,2026-10-11T17:00:00+00:00,00-0038589,Josh Whyle,player_anytime_td,bovada,,2800.0,,2026-10-10T01:45:47Z,2026-10-10T01:46:34Z
2026,5,2026_05_CHI_GB,2026-10-11T17:00:00+00:00,00-0040142,Kaleb Johnson,player_anytime_td,bovada,,180.0,,2026-10-10T01:45:47Z,2026-10-10T01:46:34Z
2026,5,2026_05_CHI_GB,2026-10-11T17:00:00+00:00,00-0032464,Kalif Raymond,player_anytime_td,bovada,,420.0,,2026-10-10T01:45:47Z,2026-10-10T01:46:34Z
2026,5,2026_05_CHI_GB,2026-10-11T17:00:00+00:00,00-0040735,Luther Burden III,player_anytime_td,bovada,,225.0,,2026-10-10T01:45:47Z,2026-10-10T01:46:34Z
2026,5,2026_05_CHI_GB,2026-10-11T17:00:00+00:00,00-0039811,MarShawn Lloyd,player_anytime_td,bovada,,120.0,,2026-10-10T01:45:47Z,2026-10-10T01:46:34Z
2026,5,2026_05_CHI_GB,2026-10-11T17:00:00+00:00,00-0040598,Mark Redman,player_anytime_td,bovada,,1800.0,,2026-10-10T01:45:47Z,2026-10-10T01:46:34Z
2026,5,2026_05_CHI_GB,2026-10-11T17:00:00+00:00,00-0040667,Matthew Golden,player_anytime_td,bovada,,215.0,,2026-10-10T01:45:47Z,2026-10-10T01:46:34Z
2026,5,2026_05_CHI_GB,2026-10-11T17:00:00+00:00,00-0038098,Pierre Strong Jr.,player_anytime_td,bovada,,1300.0,,2026-10-10T01:45:47Z,2026-10-10T01:46:34Z
2026,5,2026_05_CHI_GB,2026-10-11T17:00:00+00:00,00-0039919,Rome Odunze,player_anytime_td,bovada,,230.0,,2026-10-10T01:45:47Z,2026-10-10T01:46:34Z
2026,5,2026_05_CHI_GB,2026-10-11T17:00:00+00:00,00-0039021,Roschon Johnson,player_anytime_td,bovada,,500.0,,2026-10-10T01:45:47Z,2026-10-10T01:46:34Z
2026,5,2026_05_CHI_GB,2026-10-11T17:00:00+00:00,00-0041558,Sam Roush,player_anytime_td,bovada,,1400.0,,2026-10-10T01:45:47Z,2026-10-10T01:46:34Z
2026,5,2026_05_CHI_GB,2026-10-11T17:00:00+00:00,00-0038090,Skyy Moore,player_anytime_td,bovada,,440.0,,2026-10-10T01:45:47Z,2026-10-10T01:46:34Z
2026,5,2026_05_CHI_GB,2026-10-11T17:00:00+00:00,00-0038996,Tucker Kraft,player_anytime_td,bovada,,215.0,,2026-10-10T01:45:47Z,2026-10-10T01:46:34Z
2026,5,2026_05_CHI_GB,2026-10-11T17:00:00+00:00,00-0038416,Tyson Bagent,player_anytime_td,bovada,,460.0,,2026-10-10T01:45:47Z,2026-10-10T01:46:34Z
2026,5,2026_05_CHI_GB,2026-10-11T17:00:00+00:00,00-0041051,Zavion Thomas,player_anytime_td,bovada,,1200.0,,2026-10-10T01:45:47Z,2026-10-10T01:46:34Z
2026,5,2026_05_CHI_GB,2026-10-11T17:00:00+00:00,00-0037091,Bo Melton,player_anytime_td,draftkings,,1500.0,,2026-10-10T01:46:22Z,2026-10-10T01:46:34Z
2026,5,2026_05_CHI_GB,2026-10-11T17:00:00+00:00,,Chicago Bears D/ST,player_anytime_td,draftkings,,475.0,,2026-10-10T01:46:22Z,2026-10-10T01:46:34Z
2026,5,2026_05_CHI_GB,2026-10-11T17:00:00+00:00,00-0038124,Christian Watson,player_anytime_td,draftkings,,170.0,,2026-10-10T01:46:22Z,2026-10-10T01:46:34Z
2026,5,2026_05_CHI_GB,2026-10-11T17:00:00+00:00,00-0036290,Cole Kmet,player_anytime_td,draftkings,,600.0,,2026-10-10T01:46:22Z,2026-10-10T01:46:34Z
2026,5,2026_05_CHI_GB,2026-10-11T17:00:00+00:00,00-0040126,Colston Loveland,player_anytime_td,draftkings,,230.0,,2026-10-10T01:46:22Z,2026-10-10T01:46:34Z
2026,5,2026_05_CHI_GB,2026-10-11T17:00:00+00:00,00-0036275,D'Andre Swift,player_anytime_td,draftkings,,-165.0,,2026-10-10T01:46:22Z,2026-10-10T01:46:34Z
2026,5,2026_05_CHI_GB,2026-10-11T17:00:00+00:00,,Green Bay Packers D/ST,player_anytime_td,draftkings,,600.0,,2026-10-10T01:46:22Z,2026-10-10T01:46:34Z
2026,5,2026_05_CHI_GB,2026-10-11T17:00:00+00:00,00-0040948,J. Michael Sturdivant,player_anytime_td,draftkings,,2200.0,,2026-10-10T01:46:22Z,2026-10-10T01:46:34Z
2026,5,2026_05_CHI_GB,2026-10-11T17:00:00+00:00,00-0040277,Jahdae Walker,player_anytime_td,draftkings,,1200.0,,2026-10-10T01:46:22Z,2026-10-10T01:46:34Z
2026,5,2026_05_CHI_GB,2026-10-11T17:00:00+00:00,00-0033858,Jonnu Smith,player_anytime_td,draftkings,,800.0,,2026-10-10T01:46:22Z,2026-10-10T01:46:34Z
2026,5,2026_05_CHI_GB,2026-10-11T17:00:00+00:00,00-0036264,Jordan Love,player_anytime_td,draftkings,,800.0,,2026-10-10T01:46:22Z,2026-10-10T01:46:34Z
2026,5,2026_05_CHI_GB,2026-10-11T17:00:00+00:00,00-0038589,Josh Whyle,player_anytime_td,draftkings,,3000.0,,2026-10-10T01:46:22Z,2026-10-10T01:46:34Z
2026,5,2026_05_CHI_GB,2026-10-11T17:00:00+00:00,00-0040142,Kaleb Johnson,player_anytime_td,draftkings,,180.0,,2026-10-10T01:46:22Z,2026-10-10T01:46:34Z
2026,5,2026_05_CHI_GB,2026-10-11T17:00:00+00:00,00-0032464,Kalif Raymond,player_anytime_td,draftkings,,425.0,,2026-10-10T01:46:22Z,2026-10-10T01:46:34Z
2026,5,2026_05_CHI_GB,2026-10-11T17:00:00+00:00,00-0040735,Luther Burden III,player_anytime_td,draftkings,,225.0,,2026-10-10T01:46:22Z,2026-10-10T01:46:34Z
2026,5,2026_05_CHI_GB,2026-10-11T17:00:00+00:00,00-0039811,MarShawn Lloyd,player_anytime_td,draftkings,,120.0,,2026-10-10T01:46:22Z,2026-10-10T01:46:34Z
2026,5,2026_05_CHI_GB,2026-10-11T17:00:00+00:00,00-0040598,Mark Redman,player_anytime_td,draftkings,,1800.0,,2026-10-10T01:46:22Z,2026-10-10T01:46:34Z
2026,5,2026_05_CHI_GB,2026-10-11T17:00:00+00:00,00-0040667,Matthew Golden,player_anytime_td,draftkings,,215.0,,2026-10-10T01:46:22Z,2026-10-10T01:46:34Z
2026,5,2026_05_CHI_GB,2026-10-11T17:00:00+00:00,00-0038098,Pierre Strong Jr.,player_anytime_td,draftkings,,1300.0,,2026-10-10T01:46:22Z,2026-10-10T01:46:34Z
2026,5,2026_05_CHI_GB,2026-10-11T17:00:00+00:00,00-0039919,Rome Odunze,player_anytime_td,draftkings,,230.0,,2026-10-10T01:46:22Z,2026-10-10T01:46:34Z
2026,5,2026_05_CHI_GB,2026-10-11T17:00:00+00:00,00-0039021,Roschon Johnson,player_anytime_td,draftkings,,500.0,,2026-10-10T01:46:22Z,2026-10-10T01:46:34Z
2026,5,2026_05_CHI_GB,2026-10-11T17:00:00+00:00,00-0041558,Sam Roush,player_anytime_td,draftkings,,1400.0,,2026-10-10T01:46:22Z,2026-10-10T01:46:34Z
2026,5,2026_05_CHI_GB,2026-10-11T17:00:00+00:00,00-0038090,Skyy Moore,player_anytime_td,draftkings,,450.0,,2026-10-10T01:46:22Z,2026-10-10T01:46:34Z
2026,5,2026_05_CHI_GB,2026-10-11T17:00:00+00:00,00-0038996,Tucker Kraft,player_anytime_td,draftkings,,215.0,,2026-10-10T01:46:22Z,2026-10-10T01:46:34Z
2026,5,2026_05_CHI_GB,2026-10-11T17:00:00+00:00,00-0038416,Tyson Bagent,player_anytime_td,draftkings,,475.0,,2026-10-10T01:46:22Z,2026-10-10T01:46:34Z
2026,5,2026_05_CHI_GB,2026-10-11T17:00:00+00:00,00-0041051,Zavion Thomas,player_anytime_td,draftkings,,1200.0,,2026-10-10T01:46:22Z,2026-10-10T01:46:34Z
2026,5,2026_05_CHI_GB,2026-10-11T17:00:00+00:00,00-0037091,Bo Melton,player_anytime_td,fanduel,,1500.0,,2026-10-10T01:45:50Z,2026-10-10T01:46:34Z
2026,5,2026_05_CHI_GB,2026-10-11T17:00:00+00:00,,Chicago Bears Defense,player_anytime_td,fanduel,,650.0,,2026-10-10T01:45:50Z,2026-10-10T01:46:34Z
2026,5,2026_05_CHI_GB,2026-10-11T17:00:00+00:00,00-0038124,Christian Watson,player_anytime_td,fanduel,,180.0,,2026-10-10T01:45:50Z,2026-10-10T01:46:34Z
2026,5,2026_05_CHI_GB,2026-10-11T17:00:00+00:00,00-0036290,Cole Kmet,player_anytime_td,fanduel,,600.0,,2026-10-10T01:45:50Z,2026-10-10T01:46:34Z
2026,5,2026_05_CHI_GB,2026-10-11T17:00:00+00:00,00-0040126,Colston Loveland,player_anytime_td,fanduel,,210.0,,2026-10-10T01:45:50Z,2026-10-10T01:46:34Z
2026,5,2026_05_CHI_GB,2026-10-11T17:00:00+00:00,00-0036275,D'Andre Swift,player_anytime_td,fanduel,,-165.0,,2026-10-10T01:45:50Z,2026-10-10T01:46:34Z
2026,5,2026_05_CHI_GB,2026-10-11T17:00:00+00:00,,Green Bay Packers Defense,player_anytime_td,fanduel,,600.0,,2026-10-10T01:45:50Z,2026-10-10T01:46:34Z
2026,5,2026_05_CHI_GB,2026-10-11T17:00:00+00:00,00-0040948,J. Michael Sturdivant,player_anytime_td,fanduel,,2200.0,,2026-10-10T01:45:50Z,2026-10-10T01:46:34Z
2026,5,2026_05_CHI_GB,2026-10-11T17:00:00+00:00,00-0040277,Jahdae Walker,player_anytime_td,fanduel,,1000.0,,2026-10-10T01:45:50Z,2026-10-10T01:46:34Z
2026,5,2026_05_CHI_GB,2026-10-11T17:00:00+00:00,00-0033858,Jonnu Smith,player_anytime_td,fanduel,,850.0,,2026-10-10T01:45:50Z,2026-10-10T01:46:34Z
2026,5,2026_05_CHI_GB,2026-10-11T17:00:00+00:00,00-0036264,Jordan Love,player_anytime_td,fanduel,,800.0,,2026-10-10T01:45:50Z,2026-10-10T01:46:34Z
2026,5,2026_05_CHI_GB,2026-10-11T17:00:00+00:00,00-0038589,Josh Whyle,player_anytime_td,fanduel,,2700.0,,2026-10-10T01:45:50Z,2026-10-10T01:46:34Z
2026,5,2026_05_CHI_GB,2026-10-11T17:00:00+00:00,00-0040142,Kaleb Johnson,player_anytime_td,fanduel,,190.0,,2026-10-10T01:45:50Z,2026-10-10T01:46:34Z
2026,5,2026_05_CHI_GB,2026-10-11T17:00:00+00:00,00-0032464,Kalif Raymond,player_anytime_td,fanduel,,410.0,,2026-10-10T01:45:50Z,2026-10-10T01:46:34Z
2026,5,2026_05_CHI_GB,2026-10-11T17:00:00+00:00,00-0040735,Luther Burden III,player_anytime_td,fanduel,,220.0,,2026-10-10T01:45:50Z,2026-10-10T01:46:34Z
2026,5,2026_05_CHI_GB,2026-10-11T17:00:00+00:00,00-0039811,MarShawn Lloyd,player_anytime_td,fanduel,,120.0,,2026-10-10T01:45:50Z,2026-10-10T01:46:34Z
2026,5,2026_05_CHI_GB,2026-10-11T17:00:00+00:00,00-0040598,Mark Redman,player_anytime_td,fanduel,,1800.0,,2026-10-10T01:45:50Z,2026-10-10T01:46:34Z
2026,5,2026_05_CHI_GB,2026-10-11T17:00:00+00:00,00-0040667,Matthew Golden,player_anytime_td,fanduel,,220.0,,2026-10-10T01:45:50Z,2026-10-10T01:46:34Z
2026,5,2026_05_CHI_GB,2026-10-11T17:00:00+00:00,00-0038098,Pierre Strong Jr.,player_anytime_td,fanduel,,1300.0,,2026-10-10T01:45:50Z,2026-10-10T01:46:34Z
2026,5,2026_05_CHI_GB,2026-10-11T17:00:00+00:00,00-0039919,Rome Odunze,player_anytime_td,fanduel,,230.0,,2026-10-10T01:45:50Z,2026-10-10T01:46:34Z
2026,5,2026_05_CHI_GB,2026-10-11T17:00:00+00:00,00-0039021,Roschon Johnson,player_anytime_td,fanduel,,500.0,,2026-10-10T01:45:50Z,2026-10-10T01:46:34Z
2026,5,2026_05_CHI_GB,2026-10-11T17:00:00+00:00,00-0041558,Sam Roush,player_anytime_td,fanduel,,1000.0,,2026-10-10T01:45:50Z,2026-10-10T01:46:34Z
2026,5,2026_05_CHI_GB,2026-10-11T17:00:00+00:00,00-0038090,Skyy Moore,player_anytime_td,fanduel,,480.0,,2026-10-10T01:45:50Z,2026-10-10T01:46:34Z
2026,5,2026_05_CHI_GB,2026-10-11T17:00:00+00:00,00-0038996,Tucker Kraft,player_anytime_td,fanduel,,220.0,,2026-10-10T01:45:50Z,2026-10-10T01:46:34Z
2026,5,2026_05_CHI_GB,2026-10-11T17:00:00+00:00,00-0038416,Tyson Bagent,player_anytime_td,fanduel,,500.0,,2026-10-10T01:45:50Z,2026-10-10T01:46:34Z
2026,5,2026_05_CHI_GB,2026-10-11T17:00:00+00:00,00-0041051,Zavion Thomas,player_anytime_td,fanduel,,1000.0,,2026-10-10T01:45:50Z,2026-10-10T01:46:34Z
2026,5,2026_05_CHI_GB,2026-10-11T17:00:00+00:00,00-0036264,Jordan Love,player_pass_tds,betmgm,1.5,-105.0,-125.0,2026-10-10T01:46:19Z,2026-10-10T01:46:34Z
2026,5,2026_05_CHI_GB,2026-10-11T17:00:00+00:00,00-0036264,Jordan Love,player_pass_tds,betonlineag,1.5,102.0,-132.0,2026-10-10T01:45:56Z,2026-10-10T01:46:34Z
2026,5,2026_05_CHI_GB,2026-10-11T17:00:00+00:00,00-0038416,Tyson Bagent,player_pass_tds,betonlineag,1.5,106.0,-137.0,2026-10-10T01:45:56Z,2026-10-10T01:46:34Z
2026,5,2026_05_CHI_GB,2026-10-11T17:00:00+00:00,00-0036264,Jordan Love,player_pass_tds,betrivers,1.5,100.0,-132.0,2026-10-10T01:45:43Z,2026-10-10T01:46:34Z
2026,5,2026_05_CHI_GB,2026-10-11T17:00:00+00:00,00-0038416,Tyson Bagent,player_pass_tds,betrivers,1.5,112.0,-150.0,2026-10-10T01:45:43Z,2026-10-10T01:46:34Z
2026,5,2026_05_CHI_GB,2026-10-11T17:00:00+00:00,00-0036264,Jordan Love,player_pass_tds,bovada,1.5,100.0,-130.0,2026-10-10T01:45:47Z,2026-10-10T01:46:34Z
2026,5,2026_05_CHI_GB,2026-10-11T17:00:00+00:00,00-0038416,Tyson Bagent,player_pass_tds,bovada,1.5,110.0,-145.0,2026-10-10T01:45:47Z,2026-10-10T01:46:34Z
2026,5,2026_05_CHI_GB,2026-10-11T17:00:00+00:00,00-0036264,Jordan Love,player_pass_tds,draftkings,1.5,102.0,-130.0,2026-10-10T01:46:22Z,2026-10-10T01:46:34Z
2026,5,2026_05_CHI_GB,2026-10-11T17:00:00+00:00,00-0038416,Tyson Bagent,player_pass_tds,draftkings,1.5,110.0,-141.0,2026-10-10T01:46:22Z,2026-10-10T01:46:34Z
2026,5,2026_05_CHI_GB,2026-10-11T17:00:00+00:00,00-0036264,Jordan Love,player_pass_tds,fanduel,1.5,102.0,-136.0,2026-10-10T01:45:50Z,2026-10-10T01:46:34Z
2026,5,2026_05_CHI_GB,2026-10-11T17:00:00+00:00,00-0038416,Tyson Bagent,player_pass_tds,fanduel,1.5,102.0,-136.0,2026-10-10T01:45:50Z,2026-10-10T01:46:34Z
2026,5,2026_05_CHI_GB,2026-10-11T17:00:00+00:00,00-0036264,Jordan Love,player_pass_yds,betmgm,241.5,-115.0,-115.0,2026-10-10T01:46:19Z,2026-10-10T01:46:34Z
2026,5,2026_05_CHI_GB,2026-10-11T17:00:00+00:00,00-0036264,Jordan Love,player_pass_yds,betonlineag,236.5,-115.0,-112.0,2026-10-10T01:45:56Z,2026-10-10T01:46:34Z
2026,5,2026_05_CHI_GB,2026-10-11T17:00:00+00:00,00-0038416,Tyson Bagent,player_pass_yds,betonlineag,219.5,-108.0,-120.0,2026-10-10T01:45:56Z,2026-10-10T01:46:34Z
2026,5,2026_05_CHI_GB,2026-10-11T17:00:00+00:00,00-0036264,Jordan Love,player_pass_yds,betrivers,235.5,-115.0,-115.0,2026-10-10T01:45:43Z,2026-10-10T01:46:34Z
2026,5,2026_05_CHI_GB,2026-10-11T17:00:00+00:00,00-0038416,Tyson Bagent,player_pass_yds,betrivers,213.5,-114.0,-117.0,2026-10-10T01:45:43Z,2026-10-10T01:46:34Z
2026,5,2026_05_CHI_GB,2026-10-11T17:00:00+00:00,00-0036264,Jordan Love,player_pass_yds,bovada,236.5,-115.0,-115.0,2026-10-10T01:45:47Z,2026-10-10T01:46:34Z
2026,5,2026_05_CHI_GB,2026-10-11T17:00:00+00:00,00-0038416,Tyson Bagent,player_pass_yds,bovada,219.5,-115.0,-115.0,2026-10-10T01:45:47Z,2026-10-10T01:46:34Z
2026,5,2026_05_CHI_GB,2026-10-11T17:00:00+00:00,00-0036264,Jordan Love,player_pass_yds,draftkings,236.5,-112.0,-112.0,2026-10-10T01:46:22Z,2026-10-10T01:46:34Z
2026,5,2026_05_CHI_GB,2026-10-11T17:00:00+00:00,00-0038416,Tyson Bagent,player_pass_yds,draftkings,219.5,-113.0,-111.0,2026-10-10T01:46:22Z,2026-10-10T01:46:34Z
2026,5,2026_05_CHI_GB,2026-10-11T17:00:00+00:00,00-0036264,Jordan Love,player_pass_yds,fanduel,233.5,-114.0,-114.0,2026-10-10T01:45:50Z,2026-10-10T01:46:34Z
2026,5,2026_05_CHI_GB,2026-10-11T17:00:00+00:00,00-0038416,Tyson Bagent,player_pass_yds,fanduel,216.5,-114.0,-114.0,2026-10-10T01:45:50Z,2026-10-10T01:46:34Z
2026,5,2026_05_CHI_GB,2026-10-11T17:00:00+00:00,00-0038124,Christian Watson,player_reception_yds,betmgm,58.5,-125.0,-105.0,2026-10-10T01:46:19Z,2026-10-10T01:46:34Z
2026,5,2026_05_CHI_GB,2026-10-11T17:00:00+00:00,00-0036290,Cole Kmet,player_reception_yds,betmgm,10.5,-115.0,-115.0,2026-10-10T01:46:19Z,2026-10-10T01:46:34Z
2026,5,2026_05_CHI_GB,2026-10-11T17:00:00+00:00,00-0040126,Colston Loveland,player_reception_yds,betmgm,38.5,-115.0,-115.0,2026-10-10T01:46:19Z,2026-10-10T01:46:34Z
2026,5,2026_05_CHI_GB,2026-10-11T17:00:00+00:00,00-0036275,D'Andre Swift,player_reception_yds,betmgm,17.5,-115.0,-115.0,2026-10-10T01:46:19Z,2026-10-10T01:46:34Z
2026,5,2026_05_CHI_GB,2026-10-11T17:00:00+00:00,00-0032464,Kalif Raymond,player_reception_yds,betmgm,28.5,-115.0,-115.0,2026-10-10T01:46:19Z,2026-10-10T01:46:34Z
2026,5,2026_05_CHI_GB,2026-10-11T17:00:00+00:00,00-0040735,Luther Burden III,player_reception_yds,betmgm,46.5,-115.0,-115.0,2026-10-10T01:46:19Z,2026-10-10T01:46:34Z
2026,5,2026_05_CHI_GB,2026-10-11T17:00:00+00:00,00-0039811,MarShawn Lloyd,player_reception_yds,betmgm,13.5,-120.0,-110.0,2026-10-10T01:46:19Z,2026-10-10T01:46:34Z
2026,5,2026_05_CHI_GB,2026-10-11T17:00:00+00:00,00-0040667,Matthew Golden,player_reception_yds,betmgm,56.5,-115.0,-115.0,2026-10-10T01:46:19Z,2026-10-10T01:46:34Z
2026,5,2026_05_CHI_GB,2026-10-11T17:00:00+00:00,00-0039919,Rome Odunze,player_reception_yds,betmgm,39.5,-115.0,-115.0,2026-10-10T01:46:19Z,2026-10-10T01:46:34Z
2026,5,2026_05_CHI_GB,2026-10-11T17:00:00+00:00,00-0038090,Skyy Moore,player_reception_yds,betmgm,12.5,-120.0,-110.0,2026-10-10T01:46:19Z,2026-10-10T01:46:34Z
2026,5,2026_05_CHI_GB,2026-10-11T17:00:00+00:00,00-0038996,Tucker Kraft,player_reception_yds,betmgm,48.5,-115.0,-115.0,2026-10-10T01:46:19Z,2026-10-10T01:46:34Z
2026,5,2026_05_CHI_GB,2026-10-11T17:00:00+00:00,00-0038124,Christian Watson,player_reception_yds,betonlineag,60.5,-115.0,-112.0,2026-10-10T01:45:56Z,2026-10-10T01:46:34Z
2026,5,2026_05_CHI_GB,2026-10-11T17:00:00+00:00,00-0036290,Cole Kmet,player_reception_yds,betonlineag,9.5,-114.0,-114.0,2026-10-10T01:45:56Z,2026-10-10T01:46:34Z
2026,5,2026_05_CHI_GB,2026-10-11T17:00:00+00:00,00-0040126,Colston Loveland,player_reception_yds,betonlineag,39.5,-114.0,-114.0,2026-10-10T01:45:56Z,2026-10-10T01:46:34Z
2026,5,2026_05_CHI_GB,2026-10-11T17:00:00+00:00,00-0036275,D'Andre Swift,player_reception_yds,betonlineag,19.5,-112.0,-115.0,2026-10-10T01:45:56Z,2026-10-10T01:46:34Z
2026,5,2026_05_CHI_GB,2026-10-11T17:00:00+00:00,00-0033858,Jonnu Smith,player_reception_yds,betonlineag,7.5,-114.0,-114.0,2026-10-10T01:45:56Z,2026-10-10T01:46:34Z
2026,5,2026_05_CHI_GB,2026-10-11T17:00:00+00:00,00-0032464,Kalif Raymond,player_reception_yds,betonlineag,28.5,-114.0,-114.0,2026-10-10T01:45:56Z,2026-10-10T01:46:34Z
2026,5,2026_05_CHI_GB,2026-10-11T17:00:00+00:00,00-0040735,Luther Burden III,player_reception_yds,betonlineag,46.5,-114.0,-114.0,2026-10-10T01:45:56Z,2026-10-10T01:46:34Z
2026,5,2026_05_CHI_GB,2026-10-11T17:00:00+00:00,00-0039811,MarShawn Lloyd,player_reception_yds,betonlineag,12.5,-116.0,-111.0,2026-10-10T01:45:56Z,2026-10-10T01:46:34Z
2026,5,2026_05_CHI_GB,2026-10-11T17:00:00+00:00,00-0040667,Matthew Golden,player_reception_yds,betonlineag,56.5,-114.0,-114.0,2026-10-10T01:45:56Z,2026-10-10T01:46:34Z
2026,5,2026_05_CHI_GB,2026-10-11T17:00:00+00:00,00-0039919,Rome Odunze,player_reception_yds,betonlineag,39.5,-116.0,-111.0,2026-10-10T01:45:56Z,2026-10-10T01:46:34Z
2026,5,2026_05_CHI_GB,2026-10-11T17:00:00+00:00,00-0038090,Skyy Moore,player_reception_yds,betonlineag,11.5,-116.0,-111.0,2026-10-10T01:45:56Z,2026-10-10T01:46:34Z
2026,5,2026_05_CHI_GB,2026-10-11T17:00:00+00:00,00-0038996,Tucker Kraft,player_reception_yds,betonlineag,49.5,-115.0,-112.0,2026-10-10T01:45:56Z,2026-10-10T01:46:34Z
2026,5,2026_05_CHI_GB,2026-10-11T17:00:00+00:00,00-0038124,Christian Watson,player_reception_yds,betrivers,59.5,-117.0,-114.0,2026-10-10T01:45:43Z,2026-10-10T01:46:34Z
2026,5,2026_05_CHI_GB,2026-10-11T17:00:00+00:00,00-0040126,Colston Loveland,player_reception_yds,betrivers,37.5,-113.0,-118.0,2026-10-10T01:45:43Z,2026-10-10T01:46:34Z
2026,5,2026_05_CHI_GB,2026-10-11T17:00:00+00:00,00-0036275,D'Andre Swift,player_reception_yds,betrivers,18.5,-117.0,-114.0,2026-10-10T01:45:43Z,2026-10-10T01:46:34Z
2026,5,2026_05_CHI_GB,2026-10-11T17:00:00+00:00,00-0032464,Kalif Raymond,player_reception_yds,betrivers,26.5,-118.0,-113.0,2026-10-10T01:45:43Z,2026-10-10T01:46:34Z
2026,5,2026_05_CHI_GB,2026-10-11T17:00:00+00:00,00-0040735,Luther Burden III,player_reception_yds,betrivers,45.5,-117.0,-114.0,2026-10-10T01:45:43Z,2026-10-10T01:46:34Z
2026,5,2026_05_CHI_GB,2026-10-11T17:00:00+00:00,00-0039811,MarShawn Lloyd,player_reception_yds,betrivers,13.5,-112.0,-120.0,2026-10-10T01:45:43Z,2026-10-10T01:46:34Z
2026,5,2026_05_CHI_GB,2026-10-11T17:00:00+00:00,00-0040667,Matthew Golden,player_reception_yds,betrivers,55.5,-115.0,-115.0,2026-10-10T01:45:43Z,2026-10-10T01:46:34Z
2026,5,2026_05_CHI_GB,2026-10-11T17:00:00+00:00,00-0039919,Rome Odunze,player_reception_yds,betrivers,38.5,-115.0,-115.0,2026-10-10T01:45:43Z,2026-10-10T01:46:34Z
2026,5,2026_05_CHI_GB,2026-10-11T17:00:00+00:00,00-0038090,Skyy Moore,player_reception_yds,betrivers,10.5,-120.0,-112.0,2026-10-10T01:45:43Z,2026-10-10T01:46:34Z
2026,5,2026_05_CHI_GB,2026-10-11T17:00:00+00:00,00-0038996,Tucker Kraft,player_reception_yds,betrivers,48.5,-117.0,-114.0,2026-10-10T01:45:43Z,2026-10-10T01:46:34Z
2026,5,2026_05_CHI_GB,2026-10-11T17:00:00+00:00,00-0038124,Christian Watson,player_reception_yds,bovada,61.5,-115.0,-115.0,2026-10-10T01:45:47Z,2026-10-10T01:46:34Z
2026,5,2026_05_CHI_GB,2026-10-11T17:00:00+00:00,00-0036290,Cole Kmet,player_reception_yds,bovada,8.5,-120.0,-110.0,2026-10-10T01:45:47Z,2026-10-10T01:46:34Z
2026,5,2026_05_CHI_GB,2026-10-11T17:00:00+00:00,00-0040126,Colston Loveland,player_reception_yds,bovada,37.5,-115.0,-115.0,2026-10-10T01:45:47Z,2026-10-10T01:46:34Z
2026,5,2026_05_CHI_GB,2026-10-11T17:00:00+00:00,00-0036275,D'Andre Swift,player_reception_yds,bovada,19.5,-110.0,-120.0,2026-10-10T01:45:47Z,2026-10-10T01:46:34Z
2026,5,2026_05_CHI_GB,2026-10-11T17:00:00+00:00,00-0033858,Jonnu Smith,player_reception_yds,bovada,7.5,-110.0,-120.0,2026-10-10T01:45:47Z,2026-10-10T01:46:34Z
2026,5,2026_05_CHI_GB,2026-10-11T17:00:00+00:00,00-0032464,Kalif Raymond,player_reception_yds,bovada,27.5,-115.0,-115.0,2026-10-10T01:45:47Z,2026-10-10T01:46:34Z
2026,5,2026_05_CHI_GB,2026-10-11T17:00:00+00:00,00-0040735,Luther Burden III,player_reception_yds,bovada,46.5,-115.0,-115.0,2026-10-10T01:45:47Z,2026-10-10T01:46:34Z
2026,5,2026_05_CHI_GB,2026-10-11T17:00:00+00:00,00-0039811,MarShawn Lloyd,player_reception_yds,bovada,13.5,-110.0,-120.0,2026-10-10T01:45:47Z,2026-10-10T01:46:34Z
2026,5,2026_05_CHI_GB,2026-10-11T17:00:00+00:00,00-0040667,Matthew Golden,player_reception_yds,bovada,56.5,-115.0,-115.0,2026-10-10T01:45:47Z,2026-10-10T01:46:34Z
2026,5,2026_05_CHI_GB,2026-10-11T17:00:00+00:00,00-0039919,Rome Odunze,player_reception_yds,bovada,39.5,-115.0,-115.0,2026-10-10T01:45:47Z,2026-10-10T01:46:34Z
2026,5,2026_05_CHI_GB,2026-10-11T17:00:00+00:00,00-0038090,Skyy Moore,player_reception_yds,bovada,13.5,-115.0,-115.0,2026-10-10T01:45:47Z,2026-10-10T01:46:34Z
2026,5,2026_05_CHI_GB,2026-10-11T17:00:00+00:00,00-0038996,Tucker Kraft,player_reception_yds,bovada,49.5,-115.0,-115.0,2026-10-10T01:45:47Z,2026-10-10T01:46:34Z
2026,5,2026_05_CHI_GB,2026-10-11T17:00:00+00:00,00-0038124,Christian Watson,player_reception_yds,draftkings,61.5,-110.0,-114.0,2026-10-10T01:46:22Z,2026-10-10T01:46:34Z
2026,5,2026_05_CHI_GB,2026-10-11T17:00:00+00:00,00-0036290,Cole Kmet,player_reception_yds,draftkings,8.5,-115.0,-109.0,2026-10-10T01:46:22Z,2026-10-10T01:46:34Z
2026,5,2026_05_CHI_GB,2026-10-11T17:00:00+00:00,00-0040126,Colston Loveland,player_reception_yds,draftkings,37.5,-113.0,-111.0,2026-10-10T01:46:22Z,2026-10-10T01:46:34Z
2026,5,2026_05_CHI_GB,2026-10-11T17:00:00+00:00,00-0036275,D'Andre Swift,player_reception_yds,draftkings,19.5,-108.0,-116.0,2026-10-10T01:46:22Z,2026-10-10T01:46:34Z
2026,5,2026_05_CHI_GB,2026-10-11T17:00:00+00:00,00-0033858,Jonnu Smith,player_reception_yds,draftkings,7.5,-108.0,-116.0,2026-10-10T01:46:22Z,2026-10-10T01:46:34Z
2026,5,2026_05_CHI_GB,2026-10-11T17:00:00+00:00,00-0032464,Kalif Raymond,player_reception_yds,draftkings,27.5,-114.0,-110.0,2026-10-10T01:46:22Z,2026-10-10T01:46:34Z
2026,5,2026_05_CHI_GB,2026-10-11T17:00:00+00:00,00-0040735,Luther Burden III,player_reception_yds,draftkings,46.5,-112.0,-112.0,2026-10-10T01:46:22Z,2026-10-10T01:46:34Z
2026,5,2026_05_CHI_GB,2026-10-11T17:00:00+00:00,00-0039811,MarShawn Lloyd,player_reception_yds,draftkings,13.5,-106.0,-118.0,2026-10-10T01:46:22Z,2026-10-10T01:46:34Z
2026,5,2026_05_CHI_GB,2026-10-11T17:00:00+00:00,00-0040667,Matthew Golden,player_reception_yds,draftkings,56.5,-112.0,-112.0,2026-10-10T01:46:22Z,2026-10-10T01:46:34Z
2026,5,2026_05_CHI_GB,2026-10-11T17:00:00+00:00,00-0039919,Rome Odunze,player_reception_yds,draftkings,39.5,-111.0,-113.0,2026-10-10T01:46:22Z,2026-10-10T01:46:34Z
2026,5,2026_05_CHI_GB,2026-10-11T17:00:00+00:00,00-0038090,Skyy Moore,player_reception_yds,draftkings,13.5,-111.0,-113.0,2026-10-10T01:46:22Z,2026-10-10T01:46:34Z
2026,5,2026_05_CHI_GB,2026-10-11T17:00:00+00:00,00-0038996,Tucker Kraft,player_reception_yds,draftkings,49.5,-113.0,-111.0,2026-10-10T01:46:22Z,2026-10-10T01:46:34Z
2026,5,2026_05_CHI_GB,2026-10-11T17:00:00+00:00,00-0038124,Christian Watson,player_reception_yds,fanduel,60.5,-114.0,-114.0,2026-10-10T01:45:50Z,2026-10-10T01:46:34Z
2026,5,2026_05_CHI_GB,2026-10-11T17:00:00+00:00,00-0036290,Cole Kmet,player_reception_yds,fanduel,9.5,-114.0,-114.0,2026-10-10T01:45:50Z,2026-10-10T01:46:34Z
2026,5,2026_05_CHI_GB,2026-10-11T17:00:00+00:00,00-0040126,Colston Loveland,player_reception_yds,fanduel,37.5,-114.0,-114.0,2026-10-10T01:45:50Z,2026-10-10T01:46:34Z
2026,5,2026_05_CHI_GB,2026-10-11T17:00:00+00:00,00-0036275,D'Andre Swift,player_reception_yds,fanduel,19.5,-114.0,-114.0,2026-10-10T01:45:50Z,2026-10-10T01:46:34Z
2026,5,2026_05_CHI_GB,2026-10-11T17:00:00+00:00,00-0033858,Jonnu Smith,player_reception_yds,fanduel,7.5,-114.0,-114.0,2026-10-10T01:45:50Z,2026-10-10T01:46:34Z
2026,5,2026_05_CHI_GB,2026-10-11T17:00:00+00:00,00-0032464,Kalif Raymond,player_reception_yds,fanduel,26.5,-114.0,-114.0,2026-10-10T01:45:50Z,2026-10-10T01:46:34Z
2026,5,2026_05_CHI_GB,2026-10-11T17:00:00+00:00,00-0040735,Luther Burden III,player_reception_yds,fanduel,46.5,-114.0,-114.0,2026-10-10T01:45:50Z,2026-10-10T01:46:34Z
2026,5,2026_05_CHI_GB,2026-10-11T17:00:00+00:00,00-0039811,MarShawn Lloyd,player_reception_yds,fanduel,12.5,-114.0,-114.0,2026-10-10T01:45:50Z,2026-10-10T01:46:34Z
2026,5,2026_05_CHI_GB,2026-10-11T17:00:00+00:00,00-0040667,Matthew Golden,player_reception_yds,fanduel,56.5,-114.0,-114.0,2026-10-10T01:45:50Z,2026-10-10T01:46:34Z
2026,5,2026_05_CHI_GB,2026-10-11T17:00:00+00:00,00-0039919,Rome Odunze,player_reception_yds,fanduel,39.5,-114.0,-114.0,2026-10-10T01:45:50Z,2026-10-10T01:46:34Z
2026,5,2026_05_CHI_GB,2026-10-11T17:00:00+00:00,00-0038090,Skyy Moore,player_reception_yds,fanduel,12.5,-114.0,-114.0,2026-10-10T01:45:50Z,2026-10-10T01:46:34Z
2026,5,2026_05_CHI_GB,2026-10-11T17:00:00+00:00,00-0038996,Tucker Kraft,player_reception_yds,fanduel,49.5,-114.0,-114.0,2026-10-10T01:45:50Z,2026-10-10T01:46:34Z
2026,5,2026_05_CHI_GB,2026-10-11T17:00:00+00:00,00-0038124,Christian Watson,player_receptions,betmgm,4.5,100.0,-135.0,2026-10-10T01:46:19Z,2026-10-10T01:46:34Z
2026,5,2026_05_CHI_GB,2026-10-11T17:00:00+00:00,00-0036290,Cole Kmet,player_receptions,betmgm,1.5,115.0,-155.0,2026-10-10T01:46:19Z,2026-10-10T01:46:34Z
2026,5,2026_05_CHI_GB,2026-10-11T17:00:00+00:00,00-0040126,Colston Loveland,player_receptions,betmgm,3.5,-165.0,125.0,2026-10-10T01:46:19Z,2026-10-10T01:46:34Z
2026,5,2026_05_CHI_GB,2026-10-11T17:00:00+00:00,00-0032464,Kalif Raymond,player_receptions,betmgm,3.5,125.0,-165.0,2026-10-10T01:46:19Z,2026-10-10T01:46:34Z
2026,5,2026_05_CHI_GB,2026-10-11T17:00:00+00:00,00-0040735,Luther Burden III,player_receptions,betmgm,4.5,-105.0,-125.0,2026-10-10T01:46:19Z,2026-10-10T01:46:34Z
2026,5,2026_05_CHI_GB,2026-10-11T17:00:00+00:00,00-0040667,Matthew Golden,player_receptions,betmgm,4.5,-105.0,-125.0,2026-10-10T01:46:19Z,2026-10-10T01:46:34Z
2026,5,2026_05_CHI_GB,2026-10-11T17:00:00+00:00,00-0039919,Rome Odunze,player_receptions,betmgm,3.5,125.0,-165.0,2026-10-10T01:46:19Z,2026-10-10T01:46:34Z
2026,5,2026_05_CHI_GB,2026-10-11T17:00:00+00:00,00-0038090,Skyy Moore,player_receptions,betmgm,1.5,-115.0,-115.0,2026-10-10T01:46:19Z,2026-10-10T01:46:34Z
2026,5,2026_05_CHI_GB,2026-10-11T17:00:00+00:00,00-0038996,Tucker Kraft,player_receptions,betmgm,4.5,-115.0,-115.0,2026-10-10T01:46:19Z,2026-10-10T01:46:34Z
2026,5,2026_05_CHI_GB,2026-10-11T17:00:00+00:00,00-0038124,Christian Watson,player_receptions,betonlineag,4.5,109.0,-141.0,2026-10-10T01:45:56Z,2026-10-10T01:46:34Z
2026,5,2026_05_CHI_GB,2026-10-11T17:00:00+00:00,00-0036290,Cole Kmet,player_receptions,betonlineag,1.5,136.0,-179.0,2026-10-10T01:45:56Z,2026-10-10T01:46:34Z
2026,5,2026_05_CHI_GB,2026-10-11T17:00:00+00:00,00-0040126,Colston Loveland,player_receptions,betonlineag,3.5,-164.0,125.0,2026-10-10T01:45:56Z,2026-10-10T01:46:34Z
2026,5,2026_05_CHI_GB,2026-10-11T17:00:00+00:00,00-0036275,D'Andre Swift,player_receptions,betonlineag,2.5,-119.0,-109.0,2026-10-10T01:45:56Z,2026-10-10T01:46:34Z
2026,5,2026_05_CHI_GB,2026-10-11T17:00:00+00:00,00-0033858,Jonnu Smith,player_receptions,betonlineag,1.5,171.0,-227.0,2026-10-10T01:45:56Z,2026-10-10T01:46:34Z
2026,5,2026_05_CHI_GB,2026-10-11T17:00:00+00:00,00-0032464,Kalif Raymond,player_receptions,betonlineag,3.5,130.0,-169.0,2026-10-10T01:45:56Z,2026-10-10T01:46:34Z
2026,5,2026_05_CHI_GB,2026-10-11T17:00:00+00:00,00-0040735,Luther Burden III,player_receptions,betonlineag,4.5,-102.0,-127.0,2026-10-10T01:45:56Z,2026-10-10T01:46:34Z
2026,5,2026_05_CHI_GB,2026-10-11T17:00:00+00:00,00-0039811,MarShawn Lloyd,player_receptions,betonlineag,2.5,128.0,-167.0,2026-10-10T01:45:56Z,2026-10-10T01:46:34Z
2026,5,2026_05_CHI_GB,2026-10-11T17:00:00+00:00,00-0040667,Matthew Golden,player_receptions,betonlineag,4.5,-115.0,-112.0,2026-10-10T01:45:56Z,2026-10-10T01:46:34Z
2026,5,2026_05_CHI_GB,2026-10-11T17:00:00+00:00,00-0039919,Rome Odunze,player_receptions,betonlineag,2.5,-179.0,136.0,2026-10-10T01:45:56Z,2026-10-10T01:46:34Z
2026,5,2026_05_CHI_GB,2026-10-11T17:00:00+00:00,00-0038090,Skyy Moore,player_receptions,betonlineag,1.5,100.0,-130.0,2026-10-10T01:45:56Z,2026-10-10T01:46:34Z
2026,5,2026_05_CHI_GB,2026-10-11T17:00:00+00:00,00-0038996,Tucker Kraft,player_receptions,betonlineag,4.5,104.0,-135.0,2026-10-10T01:45:56Z,2026-10-10T01:46:34Z
2026,5,2026_05_CHI_GB,2026-10-11T17:00:00+00:00,00-0038124,Christian Watson,player_receptions,betrivers,4.5,114.0,,2026-10-10T01:45:43Z,2026-10-10T01:46:34Z
2026,5,2026_05_CHI_GB,2026-10-11T17:00:00+00:00,00-0040126,Colston Loveland,player_receptions,betrivers,3.5,-167.0,,2026-10-10T01:45:43Z,2026-10-10T01:46:34Z
2026,5,2026_05_CHI_GB,2026-10-11T17:00:00+00:00,00-0036275,D'Andre Swift,player_receptions,betrivers,2.5,-110.0,,2026-10-10T01:45:43Z,2026-10-10T01:46:34Z
2026,5,2026_05_CHI_GB,2026-10-11T17:00:00+00:00,00-0032464,Kalif Raymond,player_receptions,betrivers,2.5,-180.0,,2026-10-10T01:45:43Z,2026-10-10T01:46:34Z
2026,5,2026_05_CHI_GB,2026-10-11T17:00:00+00:00,00-0040735,Luther Burden III,player_receptions,betrivers,4.5,-110.0,,2026-10-10T01:45:43Z,2026-10-10T01:46:34Z
2026,5,2026_05_CHI_GB,2026-10-11T17:00:00+00:00,00-0039811,MarShawn Lloyd,player_receptions,betrivers,2.5,108.0,,2026-10-10T01:45:43Z,2026-10-10T01:46:34Z
2026,5,2026_05_CHI_GB,2026-10-11T17:00:00+00:00,00-0040667,Matthew Golden,player_receptions,betrivers,4.5,100.0,,2026-10-10T01:45:43Z,2026-10-10T01:46:34Z
2026,5,2026_05_CHI_GB,2026-10-11T17:00:00+00:00,00-0039919,Rome Odunze,player_receptions,betrivers,3.5,133.0,,2026-10-10T01:45:43Z,2026-10-10T01:46:34Z
2026,5,2026_05_CHI_GB,2026-10-11T17:00:00+00:00,00-0038090,Skyy Moore,player_receptions,betrivers,1.5,112.0,,2026-10-10T01:45:43Z,2026-10-10T01:46:34Z
2026,5,2026_05_CHI_GB,2026-10-11T17:00:00+00:00,00-0038996,Tucker Kraft,player_receptions,betrivers,4.5,-114.0,,2026-10-10T01:45:43Z,2026-10-10T01:46:34Z
2026,5,2026_05_CHI_GB,2026-10-11T17:00:00+00:00,00-0038124,Christian Watson,player_receptions,bovada,4.5,110.0,-145.0,2026-10-10T01:45:47Z,2026-10-10T01:46:34Z
2026,5,2026_05_CHI_GB,2026-10-11T17:00:00+00:00,00-0036290,Cole Kmet,player_receptions,bovada,1.5,145.0,-190.0,2026-10-10T01:45:47Z,2026-10-10T01:46:34Z
2026,5,2026_05_CHI_GB,2026-10-11T17:00:00+00:00,00-0040126,Colston Loveland,player_receptions,bovada,3.5,-165.0,125.0,2026-10-10T01:45:47Z,2026-10-10T01:46:34Z
2026,5,2026_05_CHI_GB,2026-10-11T17:00:00+00:00,00-0036275,D'Andre Swift,player_receptions,bovada,2.5,-115.0,-115.0,2026-10-10T01:45:47Z,2026-10-10T01:46:34Z
2026,5,2026_05_CHI_GB,2026-10-11T17:00:00+00:00,00-0033858,Jonnu Smith,player_receptions,bovada,1.5,185.0,-250.0,2026-10-10T01:45:47Z,2026-10-10T01:46:34Z
2026,5,2026_05_CHI_GB,2026-10-11T17:00:00+00:00,00-0032464,Kalif Raymond,player_receptions,bovada,3.5,135.0,-180.0,2026-10-10T01:45:47Z,2026-10-10T01:46:34Z
2026,5,2026_05_CHI_GB,2026-10-11T17:00:00+00:00,00-0040735,Luther Burden III,player_receptions,bovada,4.5,-105.0,-125.0,2026-10-10T01:45:47Z,2026-10-10T01:46:34Z
2026,5,2026_05_CHI_GB,2026-10-11T17:00:00+00:00,00-0039811,MarShawn Lloyd,player_receptions,bovada,2.5,130.0,-170.0,2026-10-10T01:45:47Z,2026-10-10T01:46:34Z
2026,5,2026_05_CHI_GB,2026-10-11T17:00:00+00:00,00-0040667,Matthew Golden,player_receptions,bovada,4.5,-120.0,-110.0,2026-10-10T01:45:47Z,2026-10-10T01:46:34Z
2026,5,2026_05_CHI_GB,2026-10-11T17:00:00+00:00,00-0039919,Rome Odunze,player_receptions,bovada,2.5,-170.0,130.0,2026-10-10T01:45:47Z,2026-10-10T01:46:34Z
2026,5,2026_05_CHI_GB,2026-10-11T17:00:00+00:00,00-0038090,Skyy Moore,player_receptions,bovada,1.5,-110.0,-120.0,2026-10-10T01:45:47Z,2026-10-10T01:46:34Z
2026,5,2026_05_CHI_GB,2026-10-11T17:00:00+00:00,00-0038996,Tucker Kraft,player_receptions,bovada,4.5,-105.0,-125.0,2026-10-10T01:45:47Z,2026-10-10T01:46:34Z
2026,5,2026_05_CHI_GB,2026-10-11T17:00:00+00:00,00-0038124,Christian Watson,player_receptions,draftkings,4.5,108.0,-138.0,2026-10-10T01:46:22Z,2026-10-10T01:46:34Z
2026,5,2026_05_CHI_GB,2026-10-11T17:00:00+00:00,00-0036290,Cole Kmet,player_receptions,draftkings,1.5,145.0,-186.0,2026-10-10T01:46:22Z,2026-10-10T01:46:34Z
2026,5,2026_05_CHI_GB,2026-10-11T17:00:00+00:00,00-0040126,Colston Loveland,player_receptions,draftkings,3.5,-161.0,126.0,2026-10-10T01:46:22Z,2026-10-10T01:46:34Z
2026,5,2026_05_CHI_GB,2026-10-11T17:00:00+00:00,00-0036275,D'Andre Swift,player_receptions,draftkings,2.5,-113.0,-113.0,2026-10-10T01:46:22Z,2026-10-10T01:46:34Z
2026,5,2026_05_CHI_GB,2026-10-11T17:00:00+00:00,00-0033858,Jonnu Smith,player_receptions,draftkings,1.5,185.0,-240.0,2026-10-10T01:46:22Z,2026-10-10T01:46:34Z
2026,5,2026_05_CHI_GB,2026-10-11T17:00:00+00:00,00-0032464,Kalif Raymond,player_receptions,draftkings,3.5,135.0,-173.0,2026-10-10T01:46:22Z,2026-10-10T01:46:34Z
2026,5,2026_05_CHI_GB,2026-10-11T17:00:00+00:00,00-0040735,Luther Burden III,player_receptions,draftkings,4.5,-102.0,-125.0,2026-10-10T01:46:22Z,2026-10-10T01:46:34Z
2026,5,2026_05_CHI_GB,2026-10-11T17:00:00+00:00,00-0039811,MarShawn Lloyd,player_receptions,draftkings,2.5,130.0,-166.0,2026-10-10T01:46:22Z,2026-10-10T01:46:34Z
2026,5,2026_05_CHI_GB,2026-10-11T17:00:00+00:00,00-0040667,Matthew Golden,player_receptions,draftkings,4.5,-118.0,-108.0,2026-10-10T01:46:22Z,2026-10-10T01:46:34Z
2026,5,2026_05_CHI_GB,2026-10-11T17:00:00+00:00,00-0039919,Rome Odunze,player_receptions,draftkings,2.5,-171.0,133.0,2026-10-10T01:46:22Z,2026-10-10T01:46:34Z
2026,5,2026_05_CHI_GB,2026-10-11T17:00:00+00:00,00-0038090,Skyy Moore,player_receptions,draftkings,1.5,-108.0,-118.0,2026-10-10T01:46:22Z,2026-10-10T01:46:34Z
2026,5,2026_05_CHI_GB,2026-10-11T17:00:00+00:00,00-0038996,Tucker Kraft,player_receptions,draftkings,4.5,-104.0,-123.0,2026-10-10T01:46:22Z,2026-10-10T01:46:34Z
2026,5,2026_05_CHI_GB,2026-10-11T17:00:00+00:00,00-0038124,Christian Watson,player_receptions,fanduel,4.5,112.0,-148.0,2026-10-10T01:45:50Z,2026-10-10T01:46:34Z
2026,5,2026_05_CHI_GB,2026-10-11T17:00:00+00:00,00-0036290,Cole Kmet,player_receptions,fanduel,1.5,130.0,-174.0,2026-10-10T01:45:50Z,2026-10-10T01:46:34Z
2026,5,2026_05_CHI_GB,2026-10-11T17:00:00+00:00,00-0040126,Colston Loveland,player_receptions,fanduel,3.5,-160.0,120.0,2026-10-10T01:45:50Z,2026-10-10T01:46:34Z
2026,5,2026_05_CHI_GB,2026-10-11T17:00:00+00:00,00-0036275,D'Andre Swift,player_receptions,fanduel,2.5,-118.0,-112.0,2026-10-10T01:45:50Z,2026-10-10T01:46:34Z
2026,5,2026_05_CHI_GB,2026-10-11T17:00:00+00:00,00-0033858,Jonnu Smith,player_receptions,fanduel,1.5,168.0,-230.0,2026-10-10T01:45:50Z,2026-10-10T01:46:34Z
2026,5,2026_05_CHI_GB,2026-10-11T17:00:00+00:00,00-0032464,Kalif Raymond,player_receptions,fanduel,3.5,134.0,-180.0,2026-10-10T01:45:50Z,2026-10-10T01:46:34Z
2026,5,2026_05_CHI_GB,2026-10-11T17:00:00+00:00,00-0040735,Luther Burden III,player_receptions,fanduel,4.5,102.0,-136.0,2026-10-10T01:45:50Z,2026-10-10T01:46:34Z
2026,5,2026_05_CHI_GB,2026-10-11T17:00:00+00:00,00-0039811,MarShawn Lloyd,player_receptions,fanduel,2.5,124.0,-166.0,2026-10-10T01:45:50Z,2026-10-10T01:46:34Z
2026,5,2026_05_CHI_GB,2026-10-11T17:00:00+00:00,00-0040667,Matthew Golden,player_receptions,fanduel,4.5,-122.0,-108.0,2026-10-10T01:45:50Z,2026-10-10T01:46:34Z
2026,5,2026_05_CHI_GB,2026-10-11T17:00:00+00:00,00-0039919,Rome Odunze,player_receptions,fanduel,2.5,-182.0,136.0,2026-10-10T01:45:50Z,2026-10-10T01:46:34Z
2026,5,2026_05_CHI_GB,2026-10-11T17:00:00+00:00,00-0038090,Skyy Moore,player_receptions,fanduel,1.5,102.0,-136.0,2026-10-10T01:45:50Z,2026-10-10T01:46:34Z
2026,5,2026_05_CHI_GB,2026-10-11T17:00:00+00:00,00-0038996,Tucker Kraft,player_receptions,fanduel,4.5,-108.0,-122.0,2026-10-10T01:45:50Z,2026-10-10T01:46:34Z
2026,5,2026_05_CHI_GB,2026-10-11T17:00:00+00:00,00-0036275,D'Andre Swift,player_rush_yds,betmgm,84.5,-115.0,-115.0,2026-10-10T01:46:19Z,2026-10-10T01:46:34Z
2026,5,2026_05_CHI_GB,2026-10-11T17:00:00+00:00,00-0036264,Jordan Love,player_rush_yds,betmgm,5.5,-120.0,-110.0,2026-10-10T01:46:19Z,2026-10-10T01:46:34Z
2026,5,2026_05_CHI_GB,2026-10-11T17:00:00+00:00,00-0040142,Kaleb Johnson,player_rush_yds,betmgm,36.5,100.0,-135.0,2026-10-10T01:46:19Z,2026-10-10T01:46:34Z
2026,5,2026_05_CHI_GB,2026-10-11T17:00:00+00:00,00-0039811,MarShawn Lloyd,player_rush_yds,betmgm,30.5,100.0,-135.0,2026-10-10T01:46:19Z,2026-10-10T01:46:34Z
2026,5,2026_05_CHI_GB,2026-10-11T17:00:00+00:00,00-0036275,D'Andre Swift,player_rush_yds,betonlineag,84.5,-114.0,-114.0,2026-10-10T01:45:56Z,2026-10-10T01:46:34Z
2026,5,2026_05_CHI_GB,2026-10-11T17:00:00+00:00,00-0036264,Jordan Love,player_rush_yds,betonlineag,6.5,-112.0,-115.0,2026-10-10T01:45:56Z,2026-10-10T01:46:34Z
2026,5,2026_05_CHI_GB,2026-10-11T17:00:00+00:00,00-0040142,Kaleb Johnson,player_rush_yds,betonlineag,34.5,-114.0,-114.0,2026-10-10T01:45:56Z,2026-10-10T01:46:34Z
2026,5,2026_05_CHI_GB,2026-10-11T17:00:00+00:00,00-0039811,MarShawn Lloyd,player_rush_yds,betonlineag,27.5,-115.0,-112.0,2026-10-10T01:45:56Z,2026-10-10T01:46:34Z
2026,5,2026_05_CHI_GB,2026-10-11T17:00:00+00:00,00-0038416,Tyson Bagent,player_rush_yds,betonlineag,10.5,-115.0,-112.0,2026-10-10T01:45:56Z,2026-10-10T01:46:34Z
2026,5,2026_05_CHI_GB,2026-10-11T17:00:00+00:00,00-0036275,D'Andre Swift,player_rush_yds,betrivers,85.5,-115.0,-115.0,2026-10-10T01:45:43Z,2026-10-10T01:46:34Z
2026,5,2026_05_CHI_GB,2026-10-11T17:00:00+00:00,00-0036264,Jordan Love,player_rush_yds,betrivers,6.5,-121.0,-110.0,2026-10-10T01:45:43Z,2026-10-10T01:46:34Z
2026,5,2026_05_CHI_GB,2026-10-11T17:00:00+00:00,00-0040142,Kaleb Johnson,player_rush_yds,betrivers,35.5,-114.0,-117.0,2026-10-10T01:45:43Z,2026-10-10T01:46:34Z
2026,5,2026_05_CHI_GB,2026-10-11T17:00:00+00:00,00-0039811,MarShawn Lloyd,player_rush_yds,betrivers,28.5,-121.0,-110.0,2026-10-10T01:45:43Z,2026-10-10T01:46:34Z
2026,5,2026_05_CHI_GB,2026-10-11T17:00:00+00:00,00-0038416,Tyson Bagent,player_rush_yds,betrivers,10.5,-121.0,-110.0,2026-10-10T01:45:43Z,2026-10-10T01:46:34Z
2026,5,2026_05_CHI_GB,2026-10-11T17:00:00+00:00,00-0036275,D'Andre Swift,player_rush_yds,bovada,84.5,-115.0,-115.0,2026-10-10T01:45:47Z,2026-10-10T01:46:34Z
2026,5,2026_05_CHI_GB,2026-10-11T17:00:00+00:00,00-0036264,Jordan Love,player_rush_yds,bovada,6.5,-110.0,-120.0,2026-10-10T01:45:47Z,2026-10-10T01:46:34Z
2026,5,2026_05_CHI_GB,2026-10-11T17:00:00+00:00,00-0040142,Kaleb Johnson,player_rush_yds,bovada,37.5,-115.0,-115.0,2026-10-10T01:45:47Z,2026-10-10T01:46:34Z
2026,5,2026_05_CHI_GB,2026-10-11T17:00:00+00:00,00-0039811,MarShawn Lloyd,player_rush_yds,bovada,26.5,-110.0,-120.0,2026-10-10T01:45:47Z,2026-10-10T01:46:34Z
2026,5,2026_05_CHI_GB,2026-10-11T17:00:00+00:00,00-0038416,Tyson Bagent,player_rush_yds,bovada,10.5,-120.0,-110.0,2026-10-10T01:45:47Z,2026-10-10T01:46:34Z
2026,5,2026_05_CHI_GB,2026-10-11T17:00:00+00:00,00-0036275,D'Andre Swift,player_rush_yds,draftkings,84.5,-112.0,-112.0,2026-10-10T01:46:22Z,2026-10-10T01:46:34Z
2026,5,2026_05_CHI_GB,2026-10-11T17:00:00+00:00,00-0036264,Jordan Love,player_rush_yds,draftkings,6.5,-108.0,-116.0,2026-10-10T01:46:22Z,2026-10-10T01:46:34Z
2026,5,2026_05_CHI_GB,2026-10-11T17:00:00+00:00,00-0040142,Kaleb Johnson,player_rush_yds,draftkings,37.5,-112.0,-112.0,2026-10-10T01:46:22Z,2026-10-10T01:46:34Z
2026,5,2026_05_CHI_GB,2026-10-11T17:00:00+00:00,00-0039811,MarShawn Lloyd,player_rush_yds,draftkings,26.5,-109.0,-115.0,2026-10-10T01:46:22Z,2026-10-10T01:46:34Z
2026,5,2026_05_CHI_GB,2026-10-11T17:00:00+00:00,00-0038416,Tyson Bagent,player_rush_yds,draftkings,10.5,-117.0,-107.0,2026-10-10T01:46:22Z,2026-10-10T01:46:34Z
2026,5,2026_05_CHI_GB,2026-10-11T17:00:00+00:00,00-0036275,D'Andre Swift,player_rush_yds,fanduel,84.5,-114.0,-114.0,2026-10-10T01:45:50Z,2026-10-10T01:46:34Z
2026,5,2026_05_CHI_GB,2026-10-11T17:00:00+00:00,00-0036264,Jordan Love,player_rush_yds,fanduel,6.5,-114.0,-114.0,2026-10-10T01:45:50Z,2026-10-10T01:46:34Z
2026,5,2026_05_CHI_GB,2026-10-11T17:00:00+00:00,00-0040142,Kaleb Johnson,player_rush_yds,fanduel,34.5,-114.0,-114.0,2026-10-10T01:45:50Z,2026-10-10T01:46:34Z
2026,5,2026_05_CHI_GB,2026-10-11T17:00:00+00:00,00-0039811,MarShawn Lloyd,player_rush_yds,fanduel,27.5,-114.0,-114.0,2026-10-10T01:45:50Z,2026-10-10T01:46:34Z
2026,5,2026_05_CHI_GB,2026-10-11T17:00:00+00:00,00-0038416,Tyson Bagent,player_rush_yds,fanduel,10.5,-114.0,-114.0,2026-10-10T01:45:50Z,2026-10-10T01:46:34Z
2026,5,2026_05_CIN_MIA,2026-10-11T17:00:00+00:00,00-0038597,Chase Brown,player_anytime_td,betmgm,,-160.0,,2026-10-10T01:45:46Z,2026-10-10T01:46:34Z
2026,5,2026_05_CIN_MIA,2026-10-11T17:00:00+00:00,00-0041525,Chris Bell,player_anytime_td,betmgm,,320.0,,2026-10-10T01:45:46Z,2026-10-10T01:46:34Z
2026,5,2026_05_CIN_MIA,2026-10-11T17:00:00+00:00,,Cincinnati Bengals D/ST,player_anytime_td,betmgm,,525.0,,2026-10-10T01:45:46Z,2026-10-10T01:46:34Z
2026,5,2026_05_CIN_MIA,2026-10-11T17:00:00+00:00,00-0041069,Colbie Young,player_anytime_td,betmgm,,475.0,,2026-10-10T01:45:46Z,2026-10-10T01:46:34Z
2026,5,2026_05_CIN_MIA,2026-10-11T17:00:00+00:00,00-0041436,DJ Herman,player_anytime_td,betmgm,,1350.0,,2026-10-10T01:45:46Z,2026-10-10T01:46:34Z
2026,5,2026_05_CIN_MIA,2026-10-11T17:00:00+00:00,00-0040785,Dohnte Meyers,player_anytime_td,betmgm,,275.0,,2026-10-10T01:45:46Z,2026-10-10T01:46:34Z
2026,5,2026_05_CIN_MIA,2026-10-11T17:00:00+00:00,00-0035631,Drew Sample,player_anytime_td,betmgm,,775.0,,2026-10-10T01:45:46Z,2026-10-10T01:46:34Z
2026,5,2026_05_CIN_MIA,2026-10-11T17:00:00+00:00,00-0039814,Erick All,player_anytime_td,betmgm,,1300.0,,2026-10-10T01:45:46Z,2026-10-10T01:46:34Z
2026,5,2026_05_CIN_MIA,2026-10-11T17:00:00+00:00,00-0037252,Greg Dulcich,player_anytime_td,betmgm,,400.0,,2026-10-10T01:45:46Z,2026-10-10T01:46:34Z
2026,5,2026_05_CIN_MIA,2026-10-11T17:00:00+00:00,00-0036900,Ja'Marr Chase,player_anytime_td,betmgm,,-111.0,,2026-10-10T01:45:46Z,2026-10-10T01:46:34Z
2026,5,2026_05_CIN_MIA,2026-10-11T17:00:00+00:00,00-0037666,Jalen Tolbert,player_anytime_td,betmgm,,2500.0,,2026-10-10T01:45:46Z,2026-10-10T01:46:34Z
2026,5,2026_05_CIN_MIA,2026-10-11T17:00:00+00:00,00-0039874,Jaylen Wright,player_anytime_td,betmgm,,250.0,,2026-10-10T01:45:46Z,2026-10-10T01:46:34Z
2026,5,2026_05_CIN_MIA,2026-10-11T17:00:00+00:00,00-0036442,Joe Burrow,player_anytime_td,betmgm,,725.0,,2026-10-10T01:45:46Z,2026-10-10T01:46:34Z
2026,5,2026_05_CIN_MIA,2026-10-11T17:00:00+00:00,00-0041529,Kevin Coleman Jr.,player_anytime_td,betmgm,,600.0,,2026-10-10T01:45:46Z,2026-10-10T01:46:34Z
2026,5,2026_05_CIN_MIA,2026-10-11T17:00:00+00:00,00-0039880,Malik Washington,player_anytime_td,betmgm,,240.0,,2026-10-10T01:45:46Z,2026-10-10T01:46:34Z
2026,5,2026_05_CIN_MIA,2026-10-11T17:00:00+00:00,00-0038128,Malik Willis,player_anytime_td,betmgm,,270.0,,2026-10-10T01:45:46Z,2026-10-10T01:46:34Z
2026,5,2026_05_CIN_MIA,2026-10-11T17:00:00+00:00,,Miami Dolphins D/ST,player_anytime_td,betmgm,,700.0,,2026-10-10T01:45:46Z,2026-10-10T01:46:34Z
2026,5,2026_05_CIN_MIA,2026-10-11T17:00:00+00:00,00-0034829,Mike Gesicki,player_anytime_td,betmgm,,260.0,,2026-10-10T01:45:46Z,2026-10-10T01:46:34Z
2026,5,2026_05_CIN_MIA,2026-10-11T17:00:00+00:00,00-0040198,Ollie Gordon II,player_anytime_td,betmgm,,160.0,,2026-10-10T01:45:46Z,2026-10-10T01:46:34Z
2026,5,2026_05_CIN_MIA,2026-10-11T17:00:00+00:00,00-0038824,Ryan Miller,player_anytime_td,betmgm,,1850.0,,2026-10-10T01:45:46Z,2026-10-10T01:46:34Z
2026,5,2026_05_CIN_MIA,2026-10-11T17:00:00+00:00,00-0033526,Samaje Perine,player_anytime_td,betmgm,,310.0,,2026-10-10T01:45:46Z,2026-10-10T01:46:34Z
2026,5,2026_05_CIN_MIA,2026-10-11T17:00:00+00:00,00-0041579,Seydou Traore,player_anytime_td,betmgm,,2800.0,,2026-10-10T01:45:46Z,2026-10-10T01:46:34Z
2026,5,2026_05_CIN_MIA,2026-10-11T17:00:00+00:00,00-0040208,Tahj Brooks,player_anytime_td,betmgm,,1700.0,,2026-10-10T01:45:46Z,2026-10-10T01:46:34Z
2026,5,2026_05_CIN_MIA,2026-10-11T17:00:00+00:00,00-0034613,Tanner Hudson,player_anytime_td,betmgm,,650.0,,2026-10-10T01:45:46Z,2026-10-10T01:46:34Z
2026,5,2026_05_CIN_MIA,2026-10-11T17:00:00+00:00,00-0036410,Tee Higgins,player_anytime_td,betmgm,,-111.0,,2026-10-10T01:45:46Z,2026-10-10T01:46:34Z
2026,5,2026_05_CIN_MIA,2026-10-11T17:00:00+00:00,00-0041524,Will Kacmarek,player_anytime_td,betmgm,,1050.0,,2026-10-10T01:45:46Z,2026-10-10T01:46:34Z
2026,5,2026_05_CIN_MIA,2026-10-11T17:00:00+00:00,00-0038597,Chase Brown,player_anytime_td,betonlineag,,-200.0,,2026-10-10T01:45:46Z,2026-10-10T01:46:34Z
2026,5,2026_05_CIN_MIA,2026-10-11T17:00:00+00:00,00-0041525,Chris Bell,player_anytime_td,betonlineag,,450.0,,2026-10-10T01:45:46Z,2026-10-10T01:46:34Z
2026,5,2026_05_CIN_MIA,2026-10-11T17:00:00+00:00,00-0041069,Colbie Young,player_anytime_td,betonlineag,,400.0,,2026-10-10T01:45:46Z,2026-10-10T01:46:34Z
2026,5,2026_05_CIN_MIA,2026-10-11T17:00:00+00:00,00-0040785,Dohnte Meyers,player_anytime_td,betonlineag,,220.0,,2026-10-10T01:45:46Z,2026-10-10T01:46:34Z
2026,5,2026_05_CIN_MIA,2026-10-11T17:00:00+00:00,00-0035631,Drew Sample,player_anytime_td,betonlineag,,650.0,,2026-10-10T01:45:46Z,2026-10-10T01:46:34Z
2026,5,2026_05_CIN_MIA,2026-10-11T17:00:00+00:00,00-0039814,Erick All,player_anytime_td,betonlineag,,900.0,,2026-10-10T01:45:46Z,2026-10-10T01:46:34Z
2026,5,2026_05_CIN_MIA,2026-10-11T17:00:00+00:00,00-0037252,Greg Dulcich,player_anytime_td,betonlineag,,400.0,,2026-10-10T01:45:46Z,2026-10-10T01:46:34Z
2026,5,2026_05_CIN_MIA,2026-10-11T17:00:00+00:00,00-0036900,Ja'Marr Chase,player_anytime_td,betonlineag,,-143.0,,2026-10-10T01:45:46Z,2026-10-10T01:46:34Z
2026,5,2026_05_CIN_MIA,2026-10-11T17:00:00+00:00,00-0041116,Jack Endries,player_anytime_td,betonlineag,,1000.0,,2026-10-10T01:45:46Z,2026-10-10T01:46:34Z
2026,5,2026_05_CIN_MIA,2026-10-11T17:00:00+00:00,00-0037666,Jalen Tolbert,player_anytime_td,betonlineag,,1700.0,,2026-10-10T01:45:46Z,2026-10-10T01:46:34Z
2026,5,2026_05_CIN_MIA,2026-10-11T17:00:00+00:00,00-0039874,Jaylen Wright,player_anytime_td,betonlineag,,220.0,,2026-10-10T01:45:46Z,2026-10-10T01:46:34Z
2026,5,2026_05_CIN_MIA,2026-10-11T17:00:00+00:00,00-0036442,Joe Burrow,player_anytime_td,betonlineag,,550.0,,2026-10-10T01:45:46Z,2026-10-10T01:46:34Z
2026,5,2026_05_CIN_MIA,2026-10-11T17:00:00+00:00,00-0041077,Justin Joly,player_anytime_td,betonlineag,,2400.0,,2026-10-10T01:45:46Z,2026-10-10T01:46:34Z
2026,5,2026_05_CIN_MIA,2026-10-11T17:00:00+00:00,00-0041529,Kevin Coleman Jr.,player_anytime_td,betonlineag,,650.0,,2026-10-10T01:45:46Z,2026-10-10T01:46:34Z
2026,5,2026_05_CIN_MIA,2026-10-11T17:00:00+00:00,00-0039880,Malik Washington,player_anytime_td,betonlineag,,280.0,,2026-10-10T01:45:46Z,2026-10-10T01:46:34Z
2026,5,2026_05_CIN_MIA,2026-10-11T17:00:00+00:00,00-0038128,Malik Willis,player_anytime_td,betonlineag,,300.0,,2026-10-10T01:45:46Z,2026-10-10T01:46:34Z
2026,5,2026_05_CIN_MIA,2026-10-11T17:00:00+00:00,00-0034829,Mike Gesicki,player_anytime_td,betonlineag,,220.0,,2026-10-10T01:45:46Z,2026-10-10T01:46:34Z
2026,5,2026_05_CIN_MIA,2026-10-11T17:00:00+00:00,00-0038839,Mitchell Tinsley,player_anytime_td,betonlineag,,230.0,,2026-10-10T01:45:46Z,2026-10-10T01:46:34Z
2026,5,2026_05_CIN_MIA,2026-10-11T17:00:00+00:00,00-0040198,Ollie Gordon II,player_anytime_td,betonlineag,,140.0,,2026-10-10T01:45:46Z,2026-10-10T01:46:34Z
2026,5,2026_05_CIN_MIA,2026-10-11T17:00:00+00:00,00-0038824,Ryan Miller,player_anytime_td,betonlineag,,1400.0,,2026-10-10T01:45:46Z,2026-10-10T01:46:34Z
2026,5,2026_05_CIN_MIA,2026-10-11T17:00:00+00:00,00-0033526,Samaje Perine,player_anytime_td,betonlineag,,325.0,,2026-10-10T01:45:46Z,2026-10-10T01:46:34Z
2026,5,2026_05_CIN_MIA,2026-10-11T17:00:00+00:00,00-0041579,Seydou Traore,player_anytime_td,betonlineag,,1900.0,,2026-10-10T01:45:46Z,2026-10-10T01:46:34Z
2026,5,2026_05_CIN_MIA,2026-10-11T17:00:00+00:00,00-0040208,Tahj Brooks,player_anytime_td,betonlineag,,1900.0,,2026-10-10T01:45:46Z,2026-10-10T01:46:34Z
2026,5,2026_05_CIN_MIA,2026-10-11T17:00:00+00:00,00-0034613,Tanner Hudson,player_anytime_td,betonlineag,,800.0,,2026-10-10T01:45:46Z,2026-10-10T01:46:34Z
2026,5,2026_05_CIN_MIA,2026-10-11T17:00:00+00:00,00-0036410,Tee Higgins,player_anytime_td,betonlineag,,-143.0,,2026-10-10T01:45:46Z,2026-10-10T01:46:34Z
2026,5,2026_05_CIN_MIA,2026-10-11T17:00:00+00:00,00-0041524,Will Kacmarek,player_anytime_td,betonlineag,,1100.0,,2026-10-10T01:45:46Z,2026-10-10T01:46:34Z
2026,5,2026_05_CIN_MIA,2026-10-11T17:00:00+00:00,00-0038597,Chase Brown,player_anytime_td,betrivers,,-155.0,,2026-10-10T01:46:21Z,2026-10-10T01:46:34Z
2026,5,2026_05_CIN_MIA,2026-10-11T17:00:00+00:00,00-0041525,Chris Bell,player_anytime_td,betrivers,,360.0,,2026-10-10T01:46:21Z,2026-10-10T01:46:34Z
2026,5,2026_05_CIN_MIA,2026-10-11T17:00:00+00:00,00-0041069,Colbie Young,player_anytime_td,betrivers,,750.0,,2026-10-10T01:46:21Z,2026-10-10T01:46:34Z
2026,5,2026_05_CIN_MIA,2026-10-11T17:00:00+00:00,00-0041436,DJ Herman,player_anytime_td,betrivers,,1800.0,,2026-10-10T01:46:21Z,2026-10-10T01:46:34Z
2026,5,2026_05_CIN_MIA,2026-10-11T17:00:00+00:00,00-0040785,Dohnte Meyers,player_anytime_td,betrivers,,290.0,,2026-10-10T01:46:21Z,2026-10-10T01:46:34Z
2026,5,2026_05_CIN_MIA,2026-10-11T17:00:00+00:00,00-0035631,Drew Sample,player_anytime_td,betrivers,,1200.0,,2026-10-10T01:46:21Z,2026-10-10T01:46:34Z
2026,5,2026_05_CIN_MIA,2026-10-11T17:00:00+00:00,00-0039814,Erick All,player_anytime_td,betrivers,,1300.0,,2026-10-10T01:46:21Z,2026-10-10T01:46:34Z
2026,5,2026_05_CIN_MIA,2026-10-11T17:00:00+00:00,00-0037252,Greg Dulcich,player_anytime_td,betrivers,,410.0,,2026-10-10T01:46:21Z,2026-10-10T01:46:34Z
2026,5,2026_05_CIN_MIA,2026-10-11T17:00:00+00:00,00-0036900,Ja'Marr Chase,player_anytime_td,betrivers,,-113.0,,2026-10-10T01:46:21Z,2026-10-10T01:46:34Z
2026,5,2026_05_CIN_MIA,2026-10-11T17:00:00+00:00,00-0041116,Jack Endries,player_anytime_td,betrivers,,1500.0,,2026-10-10T01:46:21Z,2026-10-10T01:46:34Z
2026,5,2026_05_CIN_MIA,2026-10-11T17:00:00+00:00,00-0037666,Jalen Tolbert,player_anytime_td,betrivers,,700.0,,2026-10-10T01:46:21Z,2026-10-10T01:46:34Z
2026,5,2026_05_CIN_MIA,2026-10-11T17:00:00+00:00,00-0039874,Jaylen Wright,player_anytime_td,betrivers,,220.0,,2026-10-10T01:46:21Z,2026-10-10T01:46:34Z
2026,5,2026_05_CIN_MIA,2026-10-11T17:00:00+00:00,00-0036442,Joe Burrow,player_anytime_td,betrivers,,850.0,,2026-10-10T01:46:21Z,2026-10-10T01:46:34Z
2026,5,2026_05_CIN_MIA,2026-10-11T17:00:00+00:00,00-0041529,Kevin Coleman Jr.,player_anytime_td,betrivers,,430.0,,2026-10-10T01:46:21Z,2026-10-10T01:46:34Z
2026,5,2026_05_CIN_MIA,2026-10-11T17:00:00+00:00,00-0039880,Malik Washington,player_anytime_td,betrivers,,290.0,,2026-10-10T01:46:21Z,2026-10-10T01:46:34Z
2026,5,2026_05_CIN_MIA,2026-10-11T17:00:00+00:00,00-0038128,Malik Willis,player_anytime_td,betrivers,,250.0,,2026-10-10T01:46:21Z,2026-10-10T01:46:34Z
2026,5,2026_05_CIN_MIA,2026-10-11T17:00:00+00:00,00-0034829,Mike Gesicki,player_anytime_td,betrivers,,265.0,,2026-10-10T01:46:21Z,2026-10-10T01:46:34Z
2026,5,2026_05_CIN_MIA,2026-10-11T17:00:00+00:00,00-0038839,Mitchell Tinsley,player_anytime_td,betrivers,,390.0,,2026-10-10T01:46:21Z,2026-10-10T01:46:34Z
2026,5,2026_05_CIN_MIA,2026-10-11T17:00:00+00:00,00-0040198,Ollie Gordon II,player_anytime_td,betrivers,,-117.0,,2026-10-10T01:46:21Z,2026-10-10T01:46:34Z
2026,5,2026_05_CIN_MIA,2026-10-11T17:00:00+00:00,00-0038824,Ryan Miller,player_anytime_td,betrivers,,1300.0,,2026-10-10T01:46:21Z,2026-10-10T01:46:34Z
2026,5,2026_05_CIN_MIA,2026-10-11T17:00:00+00:00,00-0033526,Samaje Perine,player_anytime_td,betrivers,,540.0,,2026-10-10T01:46:21Z,2026-10-10T01:46:34Z
2026,5,2026_05_CIN_MIA,2026-10-11T17:00:00+00:00,00-0041579,Seydou Traore,player_anytime_td,betrivers,,1900.0,,2026-10-10T01:46:21Z,2026-10-10T01:46:34Z
2026,5,2026_05_CIN_MIA,2026-10-11T17:00:00+00:00,00-0040208,Tahj Brooks,player_anytime_td,betrivers,,1600.0,,2026-10-10T01:46:21Z,2026-10-10T01:46:34Z
2026,5,2026_05_CIN_MIA,2026-10-11T17:00:00+00:00,00-0034613,Tanner Hudson,player_anytime_td,betrivers,,1050.0,,2026-10-10T01:46:21Z,2026-10-10T01:46:34Z
2026,5,2026_05_CIN_MIA,2026-10-11T17:00:00+00:00,00-0036410,Tee Higgins,player_anytime_td,betrivers,,-106.0,,2026-10-10T01:46:21Z,2026-10-10T01:46:34Z
2026,5,2026_05_CIN_MIA,2026-10-11T17:00:00+00:00,00-0041524,Will Kacmarek,player_anytime_td,betrivers,,1200.0,,2026-10-10T01:46:21Z,2026-10-10T01:46:34Z
2026,5,2026_05_CIN_MIA,2026-10-11T17:00:00+00:00,00-0038597,Chase Brown,player_anytime_td,bovada,,-174.0,,2026-10-10T01:44:34Z,2026-10-10T01:46:34Z
2026,5,2026_05_CIN_MIA,2026-10-11T17:00:00+00:00,00-0041525,Chris Bell,player_anytime_td,bovada,,440.0,,2026-10-10T01:44:34Z,2026-10-10T01:46:34Z
2026,5,2026_05_CIN_MIA,2026-10-11T17:00:00+00:00,,Cincinnati Bengals D/ST,player_anytime_td,bovada,,525.0,,2026-10-10T01:44:34Z,2026-10-10T01:46:34Z
2026,5,2026_05_CIN_MIA,2026-10-11T17:00:00+00:00,00-0041069,Colbie Young,player_anytime_td,bovada,,440.0,,2026-10-10T01:44:34Z,2026-10-10T01:46:34Z
2026,5,2026_05_CIN_MIA,2026-10-11T17:00:00+00:00,00-0041436,DJ Herman,player_anytime_td,bovada,,1800.0,,2026-10-10T01:44:34Z,2026-10-10T01:46:34Z
2026,5,2026_05_CIN_MIA,2026-10-11T17:00:00+00:00,00-0040785,Dohnte Meyers,player_anytime_td,bovada,,235.0,,2026-10-10T01:44:34Z,2026-10-10T01:46:34Z
2026,5,2026_05_CIN_MIA,2026-10-11T17:00:00+00:00,00-0035631,Drew Sample,player_anytime_td,bovada,,825.0,,2026-10-10T01:44:34Z,2026-10-10T01:46:34Z
2026,5,2026_05_CIN_MIA,2026-10-11T17:00:00+00:00,00-0039814,Erick All,player_anytime_td,bovada,,1000.0,,2026-10-10T01:44:34Z,2026-10-10T01:46:34Z
2026,5,2026_05_CIN_MIA,2026-10-11T17:00:00+00:00,00-0037252,Greg Dulcich,player_anytime_td,bovada,,440.0,,2026-10-10T01:44:34Z,2026-10-10T01:46:34Z
2026,5,2026_05_CIN_MIA,2026-10-11T17:00:00+00:00,00-0036900,Ja'Marr Chase,player_anytime_td,bovada,,-125.0,,2026-10-10T01:44:34Z,2026-10-10T01:46:34Z
2026,5,2026_05_CIN_MIA,2026-10-11T17:00:00+00:00,00-0041116,Jack Endries,player_anytime_td,bovada,,1000.0,,2026-10-10T01:44:34Z,2026-10-10T01:46:34Z
2026,5,2026_05_CIN_MIA,2026-10-11T17:00:00+00:00,00-0037666,Jalen Tolbert,player_anytime_td,bovada,,2200.0,,2026-10-10T01:44:34Z,2026-10-10T01:46:34Z
2026,5,2026_05_CIN_MIA,2026-10-11T17:00:00+00:00,00-0039874,Jaylen Wright,player_anytime_td,bovada,,255.0,,2026-10-10T01:44:34Z,2026-10-10T01:46:34Z
2026,5,2026_05_CIN_MIA,2026-10-11T17:00:00+00:00,00-0036442,Joe Burrow,player_anytime_td,bovada,,700.0,,2026-10-10T01:44:34Z,2026-10-10T01:46:34Z
2026,5,2026_05_CIN_MIA,2026-10-11T17:00:00+00:00,00-0041077,Justin Joly,player_anytime_td,bovada,,2800.0,,2026-10-10T01:44:34Z,2026-10-10T01:46:34Z
2026,5,2026_05_CIN_MIA,2026-10-11T17:00:00+00:00,00-0041529,Kevin Coleman Jr.,player_anytime_td,bovada,,625.0,,2026-10-10T01:44:34Z,2026-10-10T01:46:34Z
2026,5,2026_05_CIN_MIA,2026-10-11T17:00:00+00:00,00-0039880,Malik Washington,player_anytime_td,bovada,,300.0,,2026-10-10T01:44:34Z,2026-10-10T01:46:34Z
2026,5,2026_05_CIN_MIA,2026-10-11T17:00:00+00:00,00-0038128,Malik Willis,player_anytime_td,bovada,,310.0,,2026-10-10T01:44:34Z,2026-10-10T01:46:34Z
2026,5,2026_05_CIN_MIA,2026-10-11T17:00:00+00:00,,Miami Dolphins D/ST,player_anytime_td,bovada,,700.0,,2026-10-10T01:44:34Z,2026-10-10T01:46:34Z
2026,5,2026_05_CIN_MIA,2026-10-11T17:00:00+00:00,00-0034829,Mike Gesicki,player_anytime_td,bovada,,220.0,,2026-10-10T01:44:34Z,2026-10-10T01:46:34Z
2026,5,2026_05_CIN_MIA,2026-10-11T17:00:00+00:00,00-0038839,Mitchell Tinsley,player_anytime_td,bovada,,260.0,,2026-10-10T01:44:34Z,2026-10-10T01:46:34Z
2026,5,2026_05_CIN_MIA,2026-10-11T17:00:00+00:00,00-0040198,Ollie Gordon II,player_anytime_td,bovada,,145.0,,2026-10-10T01:44:34Z,2026-10-10T01:46:34Z
2026,5,2026_05_CIN_MIA,2026-10-11T17:00:00+00:00,00-0038824,Ryan Miller,player_anytime_td,bovada,,1800.0,,2026-10-10T01:44:34Z,2026-10-10T01:46:34Z
2026,5,2026_05_CIN_MIA,2026-10-11T17:00:00+00:00,00-0033526,Samaje Perine,player_anytime_td,bovada,,370.0,,2026-10-10T01:44:34Z,2026-10-10T01:46:34Z
2026,5,2026_05_CIN_MIA,2026-10-11T17:00:00+00:00,00-0041579,Seydou Traore,player_anytime_td,bovada,,2500.0,,2026-10-10T01:44:34Z,2026-10-10T01:46:34Z
2026,5,2026_05_CIN_MIA,2026-10-11T17:00:00+00:00,00-0040208,Tahj Brooks,player_anytime_td,bovada,,2500.0,,2026-10-10T01:44:34Z,2026-10-10T01:46:34Z
2026,5,2026_05_CIN_MIA,2026-10-11T17:00:00+00:00,00-0034613,Tanner Hudson,player_anytime_td,bovada,,825.0,,2026-10-10T01:44:34Z,2026-10-10T01:46:34Z
2026,5,2026_05_CIN_MIA,2026-10-11T17:00:00+00:00,00-0036410,Tee Higgins,player_anytime_td,bovada,,-136.0,,2026-10-10T01:44:34Z,2026-10-10T01:46:34Z
2026,5,2026_05_CIN_MIA,2026-10-11T17:00:00+00:00,00-0041524,Will Kacmarek,player_anytime_td,bovada,,1300.0,,2026-10-10T01:44:34Z,2026-10-10T01:46:34Z
2026,5,2026_05_CIN_MIA,2026-10-11T17:00:00+00:00,00-0038597,Chase Brown,player_anytime_td,draftkings,,-170.0,,2026-10-10T01:46:19Z,2026-10-10T01:46:34Z
2026,5,2026_05_CIN_MIA,2026-10-11T17:00:00+00:00,00-0041525,Chris Bell,player_anytime_td,draftkings,,450.0,,2026-10-10T01:46:19Z,2026-10-10T01:46:34Z
2026,5,2026_05_CIN_MIA,2026-10-11T17:00:00+00:00,,Cincinnati Bengals D/ST,player_anytime_td,draftkings,,550.0,,2026-10-10T01:46:19Z,2026-10-10T01:46:34Z
2026,5,2026_05_CIN_MIA,2026-10-11T17:00:00+00:00,00-0041069,Colbie Young,player_anytime_td,draftkings,,450.0,,2026-10-10T01:46:19Z,2026-10-10T01:46:34Z
2026,5,2026_05_CIN_MIA,2026-10-11T17:00:00+00:00,00-0041436,DJ Herman,player_anytime_td,draftkings,,1800.0,,2026-10-10T01:46:19Z,2026-10-10T01:46:34Z
2026,5,2026_05_CIN_MIA,2026-10-11T17:00:00+00:00,00-0040785,Dohnte Meyers,player_anytime_td,draftkings,,235.0,,2026-10-10T01:46:19Z,2026-10-10T01:46:34Z
2026,5,2026_05_CIN_MIA,2026-10-11T17:00:00+00:00,00-0035631,Drew Sample,player_anytime_td,draftkings,,850.0,,2026-10-10T01:46:19Z,2026-10-10T01:46:34Z
2026,5,2026_05_CIN_MIA,2026-10-11T17:00:00+00:00,00-0039814,Erick All,player_anytime_td,draftkings,,1000.0,,2026-10-10T01:46:19Z,2026-10-10T01:46:34Z
2026,5,2026_05_CIN_MIA,2026-10-11T17:00:00+00:00,00-0037252,Greg Dulcich,player_anytime_td,draftkings,,450.0,,2026-10-10T01:46:19Z,2026-10-10T01:46:34Z
2026,5,2026_05_CIN_MIA,2026-10-11T17:00:00+00:00,00-0036900,Ja'Marr Chase,player_anytime_td,draftkings,,-125.0,,2026-10-10T01:46:19Z,2026-10-10T01:46:34Z
2026,5,2026_05_CIN_MIA,2026-10-11T17:00:00+00:00,00-0041116,Jack Endries,player_anytime_td,draftkings,,1000.0,,2026-10-10T01:46:19Z,2026-10-10T01:46:34Z
2026,5,2026_05_CIN_MIA,2026-10-11T17:00:00+00:00,00-0037666,Jalen Tolbert,player_anytime_td,draftkings,,2200.0,,2026-10-10T01:46:19Z,2026-10-10T01:46:34Z
2026,5,2026_05_CIN_MIA,2026-10-11T17:00:00+00:00,00-0039874,Jaylen Wright,player_anytime_td,draftkings,,255.0,,2026-10-10T01:46:19Z,2026-10-10T01:46:34Z
2026,5,2026_05_CIN_MIA,2026-10-11T17:00:00+00:00,00-0036442,Joe Burrow,player_anytime_td,draftkings,,700.0,,2026-10-10T01:46:19Z,2026-10-10T01:46:34Z
2026,5,2026_05_CIN_MIA,2026-10-11T17:00:00+00:00,00-0041077,Justin Joly,player_anytime_td,draftkings,,3000.0,,2026-10-10T01:46:19Z,2026-10-10T01:46:34Z
2026,5,2026_05_CIN_MIA,2026-10-11T17:00:00+00:00,00-0041529,Kevin Coleman Jr.,player_anytime_td,draftkings,,650.0,,2026-10-10T01:46:19Z,2026-10-10T01:46:34Z
2026,5,2026_05_CIN_MIA,2026-10-11T17:00:00+00:00,00-0039880,Malik Washington,player_anytime_td,draftkings,,300.0,,2026-10-10T01:46:19Z,2026-10-10T01:46:34Z
2026,5,2026_05_CIN_MIA,2026-10-11T17:00:00+00:00,00-0038128,Malik Willis,player_anytime_td,draftkings,,310.0,,2026-10-10T01:46:19Z,2026-10-10T01:46:34Z
2026,5,2026_05_CIN_MIA,2026-10-11T17:00:00+00:00,,Miami Dolphins D/ST,player_anytime_td,draftkings,,700.0,,2026-10-10T01:46:19Z,2026-10-10T01:46:34Z
2026,5,2026_05_CIN_MIA,2026-10-11T17:00:00+00:00,00-0034829,Mike Gesicki,player_anytime_td,draftkings,,220.0,,2026-10-10T01:46:19Z,2026-10-10T01:46:34Z
2026,5,2026_05_CIN_MIA,2026-10-11T17:00:00+00:00,00-0038839,Mitchell Tinsley,player_anytime_td,draftkings,,260.0,,2026-10-10T01:46:19Z,2026-10-10T01:46:34Z
2026,5,2026_05_CIN_MIA,2026-10-11T17:00:00+00:00,00-0040198,Ollie Gordon II,player_anytime_td,draftkings,,145.0,,2026-10-10T01:46:19Z,2026-10-10T01:46:34Z
2026,5,2026_05_CIN_MIA,2026-10-11T17:00:00+00:00,00-0038824,Ryan Miller,player_anytime_td,draftkings,,1800.0,,2026-10-10T01:46:19Z,2026-10-10T01:46:34Z
2026,5,2026_05_CIN_MIA,2026-10-11T17:00:00+00:00,00-0033526,Samaje Perine,player_anytime_td,draftkings,,370.0,,2026-10-10T01:46:19Z,2026-10-10T01:46:34Z
2026,5,2026_05_CIN_MIA,2026-10-11T17:00:00+00:00,00-0041579,Seydou Traore,player_anytime_td,draftkings,,2500.0,,2026-10-10T01:46:19Z,2026-10-10T01:46:34Z
2026,5,2026_05_CIN_MIA,2026-10-11T17:00:00+00:00,00-0040208,Tahj Brooks,player_anytime_td,draftkings,,2500.0,,2026-10-10T01:46:19Z,2026-10-10T01:46:34Z
2026,5,2026_05_CIN_MIA,2026-10-11T17:00:00+00:00,00-0034613,Tanner Hudson,player_anytime_td,draftkings,,850.0,,2026-10-10T01:46:19Z,2026-10-10T01:46:34Z
2026,5,2026_05_CIN_MIA,2026-10-11T17:00:00+00:00,00-0036410,Tee Higgins,player_anytime_td,draftkings,,-135.0,,2026-10-10T01:46:19Z,2026-10-10T01:46:34Z
2026,5,2026_05_CIN_MIA,2026-10-11T17:00:00+00:00,00-0041524,Will Kacmarek,player_anytime_td,draftkings,,1300.0,,2026-10-10T01:46:19Z,2026-10-10T01:46:34Z
2026,5,2026_05_CIN_MIA,2026-10-11T17:00:00+00:00,00-0038597,Chase Brown,player_anytime_td,fanduel,,-165.0,,2026-10-10T01:46:26Z,2026-10-10T01:46:34Z
2026,5,2026_05_CIN_MIA,2026-10-11T17:00:00+00:00,00-0041525,Chris Bell,player_anytime_td,fanduel,,480.0,,2026-10-10T01:46:26Z,2026-10-10T01:46:34Z
2026,5,2026_05_CIN_MIA,2026-10-11T17:00:00+00:00,,Cincinnati Bengals Defense,player_anytime_td,fanduel,,800.0,,2026-10-10T01:46:26Z,2026-10-10T01:46:34Z
2026,5,2026_05_CIN_MIA,2026-10-11T17:00:00+00:00,00-0041069,Colbie Young,player_anytime_td,fanduel,,500.0,,2026-10-10T01:46:26Z,2026-10-10T01:46:34Z
2026,5,2026_05_CIN_MIA,2026-10-11T17:00:00+00:00,00-0041436,DJ Herman,player_anytime_td,fanduel,,1600.0,,2026-10-10T01:46:26Z,2026-10-10T01:46:34Z
2026,5,2026_05_CIN_MIA,2026-10-11T17:00:00+00:00,00-0040785,Dohnte Meyers,player_anytime_td,fanduel,,230.0,,2026-10-10T01:46:26Z,2026-10-10T01:46:34Z
2026,5,2026_05_CIN_MIA,2026-10-11T17:00:00+00:00,00-0035631,Drew Sample,player_anytime_td,fanduel,,900.0,,2026-10-10T01:46:26Z,2026-10-10T01:46:34Z
2026,5,2026_05_CIN_MIA,2026-10-11T17:00:00+00:00,00-0039814,Erick All,player_anytime_td,fanduel,,1000.0,,2026-10-10T01:46:26Z,2026-10-10T01:46:34Z
2026,5,2026_05_CIN_MIA,2026-10-11T17:00:00+00:00,00-0037252,Greg Dulcich,player_anytime_td,fanduel,,460.0,,2026-10-10T01:46:26Z,2026-10-10T01:46:34Z
2026,5,2026_05_CIN_MIA,2026-10-11T17:00:00+00:00,00-0036900,Ja'Marr Chase,player_anytime_td,fanduel,,-130.0,,2026-10-10T01:46:26Z,2026-10-10T01:46:34Z
2026,5,2026_05_CIN_MIA,2026-10-11T17:00:00+00:00,00-0041116,Jack Endries,player_anytime_td,fanduel,,1000.0,,2026-10-10T01:46:26Z,2026-10-10T01:46:34Z
2026,5,2026_05_CIN_MIA,2026-10-11T17:00:00+00:00,00-0037666,Jalen Tolbert,player_anytime_td,fanduel,,2200.0,,2026-10-10T01:46:26Z,2026-10-10T01:46:34Z
2026,5,2026_05_CIN_MIA,2026-10-11T17:00:00+00:00,00-0039874,Jaylen Wright,player_anytime_td,fanduel,,250.0,,2026-10-10T01:46:26Z,2026-10-10T01:46:34Z
2026,5,2026_05_CIN_MIA,2026-10-11T17:00:00+00:00,00-0036442,Joe Burrow,player_anytime_td,fanduel,,700.0,,2026-10-10T01:46:26Z,2026-10-10T01:46:34Z
2026,5,2026_05_CIN_MIA,2026-10-11T17:00:00+00:00,00-0041077,Justin Joly,player_anytime_td,fanduel,,2500.0,,2026-10-10T01:46:26Z,2026-10-10T01:46:34Z
2026,5,2026_05_CIN_MIA,2026-10-11T17:00:00+00:00,00-0041529,Kevin Coleman Jr.,player_anytime_td,fanduel,,850.0,,2026-10-10T01:46:26Z,2026-10-10T01:46:34Z
2026,5,2026_05_CIN_MIA,2026-10-11T17:00:00+00:00,00-0039880,Malik Washington,player_anytime_td,fanduel,,320.0,,2026-10-10T01:46:26Z,2026-10-10T01:46:34Z
2026,5,2026_05_CIN_MIA,2026-10-11T17:00:00+00:00,00-0038128,Malik Willis,player_anytime_td,fanduel,,310.0,,2026-10-10T01:46:26Z,2026-10-10T01:46:34Z
2026,5,2026_05_CIN_MIA,2026-10-11T17:00:00+00:00,,Miami Dolphins Defense,player_anytime_td,fanduel,,550.0,,2026-10-10T01:46:26Z,2026-10-10T01:46:34Z
2026,5,2026_05_CIN_MIA,2026-10-11T17:00:00+00:00,00-0034829,Mike Gesicki,player_anytime_td,fanduel,,240.0,,2026-10-10T01:46:26Z,2026-10-10T01:46:34Z
2026,5,2026_05_CIN_MIA,2026-10-11T17:00:00+00:00,00-0038839,Mitchell Tinsley,player_anytime_td,fanduel,,230.0,,2026-10-10T01:46:26Z,2026-10-10T01:46:34Z
2026,5,2026_05_CIN_MIA,2026-10-11T17:00:00+00:00,00-0040198,Ollie Gordon II,player_anytime_td,fanduel,,150.0,,2026-10-10T01:46:26Z,2026-10-10T01:46:34Z
2026,5,2026_05_CIN_MIA,2026-10-11T17:00:00+00:00,00-0038824,Ryan Miller,player_anytime_td,fanduel,,1500.0,,2026-10-10T01:46:26Z,2026-10-10T01:46:34Z
2026,5,2026_05_CIN_MIA,2026-10-11T17:00:00+00:00,00-0033526,Samaje Perine,player_anytime_td,fanduel,,390.0,,2026-10-10T01:46:26Z,2026-10-10T01:46:34Z
2026,5,2026_05_CIN_MIA,2026-10-11T17:00:00+00:00,00-0041579,Seydou Traore,player_anytime_td,fanduel,,2500.0,,2026-10-10T01:46:26Z,2026-10-10T01:46:34Z
2026,5,2026_05_CIN_MIA,2026-10-11T17:00:00+00:00,00-0040208,Tahj Brooks,player_anytime_td,fanduel,,2700.0,,2026-10-10T01:46:26Z,2026-10-10T01:46:34Z
2026,5,2026_05_CIN_MIA,2026-10-11T17:00:00+00:00,00-0034613,Tanner Hudson,player_anytime_td,fanduel,,950.0,,2026-10-10T01:46:26Z,2026-10-10T01:46:34Z
2026,5,2026_05_CIN_MIA,2026-10-11T17:00:00+00:00,00-0036410,Tee Higgins,player_anytime_td,fanduel,,-130.0,,2026-10-10T01:46:26Z,2026-10-10T01:46:34Z
2026,5,2026_05_CIN_MIA,2026-10-11T17:00:00+00:00,00-0041524,Will Kacmarek,player_anytime_td,fanduel,,1200.0,,2026-10-10T01:46:26Z,2026-10-10T01:46:34Z
2026,5,2026_05_CIN_MIA,2026-10-11T17:00:00+00:00,00-0036442,Joe Burrow,player_pass_tds,betmgm,1.5,-185.0,135.0,2026-10-10T01:45:46Z,2026-10-10T01:46:34Z
2026,5,2026_05_CIN_MIA,2026-10-11T17:00:00+00:00,00-0038128,Malik Willis,player_pass_tds,betmgm,0.5,-190.0,140.0,2026-10-10T01:45:46Z,2026-10-10T01:46:34Z
2026,5,2026_05_CIN_MIA,2026-10-11T17:00:00+00:00,00-0036442,Joe Burrow,player_pass_tds,betonlineag,1.5,-179.0,137.0,2026-10-10T01:45:46Z,2026-10-10T01:46:34Z
2026,5,2026_05_CIN_MIA,2026-10-11T17:00:00+00:00,00-0038128,Malik Willis,player_pass_tds,betonlineag,0.5,-189.0,144.0,2026-10-10T01:45:46Z,2026-10-10T01:46:34Z
2026,5,2026_05_CIN_MIA,2026-10-11T17:00:00+00:00,00-0036442,Joe Burrow,player_pass_tds,betrivers,1.5,-182.0,135.0,2026-10-10T01:46:21Z,2026-10-10T01:46:34Z
2026,5,2026_05_CIN_MIA,2026-10-11T17:00:00+00:00,00-0038128,Malik Willis,player_pass_tds,betrivers,0.5,-182.0,135.0,2026-10-10T01:46:21Z,2026-10-10T01:46:34Z
2026,5,2026_05_CIN_MIA,2026-10-11T17:00:00+00:00,00-0036442,Joe Burrow,player_pass_tds,bovada,1.5,-185.0,140.0,2026-10-10T01:44:34Z,2026-10-10T01:46:34Z
2026,5,2026_05_CIN_MIA,2026-10-11T17:00:00+00:00,00-0038128,Malik Willis,player_pass_tds,bovada,0.5,-210.0,155.0,2026-10-10T01:44:34Z,2026-10-10T01:46:34Z
2026,5,2026_05_CIN_MIA,2026-10-11T17:00:00+00:00,00-0036442,Joe Burrow,player_pass_tds,draftkings,1.5,-182.0,142.0,2026-10-10T01:46:19Z,2026-10-10T01:46:34Z
2026,5,2026_05_CIN_MIA,2026-10-11T17:00:00+00:00,00-0038128,Malik Willis,player_pass_tds,draftkings,0.5,-201.0,156.0,2026-10-10T01:46:19Z,2026-10-10T01:46:34Z
2026,5,2026_05_CIN_MIA,2026-10-11T17:00:00+00:00,00-0036442,Joe Burrow,player_pass_tds,fanduel,1.5,-168.0,126.0,2026-10-10T01:46:26Z,2026-10-10T01:46:34Z
2026,5,2026_05_CIN_MIA,2026-10-11T17:00:00+00:00,00-0038128,Malik Willis,player_pass_tds,fanduel,0.5,-194.0,144.0,2026-10-10T01:46:26Z,2026-10-10T01:46:34Z
2026,5,2026_05_CIN_MIA,2026-10-11T17:00:00+00:00,00-0036442,Joe Burrow,player_pass_yds,betmgm,256.5,-115.0,-115.0,2026-10-10T01:45:46Z,2026-10-10T01:46:34Z
2026,5,2026_05_CIN_MIA,2026-10-11T17:00:00+00:00,00-0038128,Malik Willis,player_pass_yds,betmgm,187.5,-115.0,-115.0,2026-10-10T01:45:46Z,2026-10-10T01:46:34Z
2026,5,2026_05_CIN_MIA,2026-10-11T17:00:00+00:00,00-0036442,Joe Burrow,player_pass_yds,betonlineag,255.5,-114.0,-114.0,2026-10-10T01:45:46Z,2026-10-10T01:46:34Z
2026,5,2026_05_CIN_MIA,2026-10-11T17:00:00+00:00,00-0038128,Malik Willis,player_pass_yds,betonlineag,190.5,-114.0,-114.0,2026-10-10T01:45:46Z,2026-10-10T01:46:34Z
2026,5,2026_05_CIN_MIA,2026-10-11T17:00:00+00:00,00-0036442,Joe Burrow,player_pass_yds,betrivers,254.5,-115.0,-115.0,2026-10-10T01:46:21Z,2026-10-10T01:46:34Z
2026,5,2026_05_CIN_MIA,2026-10-11T17:00:00+00:00,00-0038128,Malik Willis,player_pass_yds,betrivers,188.5,-114.0,-117.0,2026-10-10T01:46:21Z,2026-10-10T01:46:34Z
2026,5,2026_05_CIN_MIA,2026-10-11T17:00:00+00:00,00-0036442,Joe Burrow,player_pass_yds,bovada,256.5,-115.0,-115.0,2026-10-10T01:44:34Z,2026-10-10T01:46:34Z
2026,5,2026_05_CIN_MIA,2026-10-11T17:00:00+00:00,00-0038128,Malik Willis,player_pass_yds,bovada,189.5,-110.0,-120.0,2026-10-10T01:44:34Z,2026-10-10T01:46:34Z
2026,5,2026_05_CIN_MIA,2026-10-11T17:00:00+00:00,00-0036442,Joe Burrow,player_pass_yds,draftkings,256.5,-113.0,-111.0,2026-10-10T01:46:19Z,2026-10-10T01:46:34Z
2026,5,2026_05_CIN_MIA,2026-10-11T17:00:00+00:00,00-0038128,Malik Willis,player_pass_yds,draftkings,189.5,-113.0,-111.0,2026-10-10T01:46:19Z,2026-10-10T01:46:34Z
2026,5,2026_05_CIN_MIA,2026-10-11T17:00:00+00:00,00-0036442,Joe Burrow,player_pass_yds,fanduel,252.5,-114.0,-114.0,2026-10-10T01:46:26Z,2026-10-10T01:46:34Z
2026,5,2026_05_CIN_MIA,2026-10-11T17:00:00+00:00,00-0038128,Malik Willis,player_pass_yds,fanduel,190.5,-114.0,-114.0,2026-10-10T01:46:26Z,2026-10-10T01:46:34Z
2026,5,2026_05_CIN_MIA,2026-10-11T17:00:00+00:00,00-0041525,Chris Bell,player_reception_yds,betmgm,36.5,-120.0,-111.0,2026-10-10T01:45:46Z,2026-10-10T01:46:34Z
2026,5,2026_05_CIN_MIA,2026-10-11T17:00:00+00:00,00-0037252,Greg Dulcich,player_reception_yds,betmgm,25.5,-110.0,-120.0,2026-10-10T01:45:46Z,2026-10-10T01:46:34Z
2026,5,2026_05_CIN_MIA,2026-10-11T17:00:00+00:00,00-0041529,Kevin Coleman Jr.,player_reception_yds,betmgm,19.5,-120.0,-111.0,2026-10-10T01:45:46Z,2026-10-10T01:46:34Z
2026,5,2026_05_CIN_MIA,2026-10-11T17:00:00+00:00,00-0039880,Malik Washington,player_reception_yds,betmgm,46.5,-115.0,-115.0,2026-10-10T01:45:46Z,2026-10-10T01:46:34Z
2026,5,2026_05_CIN_MIA,2026-10-11T17:00:00+00:00,00-0040198,Ollie Gordon II,player_reception_yds,betmgm,10.5,-120.0,-111.0,2026-10-10T01:45:46Z,2026-10-10T01:46:34Z
2026,5,2026_05_CIN_MIA,2026-10-11T17:00:00+00:00,00-0041525,Chris Bell,player_reception_yds,betonlineag,34.5,-115.0,-112.0,2026-10-10T01:45:46Z,2026-10-10T01:46:34Z
2026,5,2026_05_CIN_MIA,2026-10-11T17:00:00+00:00,00-0037252,Greg Dulcich,player_reception_yds,betonlineag,25.5,-114.0,-114.0,2026-10-10T01:45:46Z,2026-10-10T01:46:34Z
2026,5,2026_05_CIN_MIA,2026-10-11T17:00:00+00:00,00-0041529,Kevin Coleman Jr.,player_reception_yds,betonlineag,19.5,-115.0,-112.0,2026-10-10T01:45:46Z,2026-10-10T01:46:34Z
2026,5,2026_05_CIN_MIA,2026-10-11T17:00:00+00:00,00-0039880,Malik Washington,player_reception_yds,betonlineag,46.5,-114.0,-114.0,2026-10-10T01:45:46Z,2026-10-10T01:46:34Z
2026,5,2026_05_CIN_MIA,2026-10-11T17:00:00+00:00,00-0040198,Ollie Gordon II,player_reception_yds,betonlineag,10.5,-116.0,-111.0,2026-10-10T01:45:46Z,2026-10-10T01:46:34Z
2026,5,2026_05_CIN_MIA,2026-10-11T17:00:00+00:00,00-0041525,Chris Bell,player_reception_yds,betrivers,33.5,-115.0,-115.0,2026-10-10T01:46:21Z,2026-10-10T01:46:34Z
2026,5,2026_05_CIN_MIA,2026-10-11T17:00:00+00:00,00-0037252,Greg Dulcich,player_reception_yds,betrivers,26.5,-112.0,-120.0,2026-10-10T01:46:21Z,2026-10-10T01:46:34Z
2026,5,2026_05_CIN_MIA,2026-10-11T17:00:00+00:00,00-0041529,Kevin Coleman Jr.,player_reception_yds,betrivers,18.5,-115.0,-114.0,2026-10-10T01:46:21Z,2026-10-10T01:46:34Z
2026,5,2026_05_CIN_MIA,2026-10-11T17:00:00+00:00,00-0040198,Ollie Gordon II,player_reception_yds,betrivers,9.5,-122.0,-109.0,2026-10-10T01:46:21Z,2026-10-10T01:46:34Z
2026,5,2026_05_CIN_MIA,2026-10-11T17:00:00+00:00,00-0041525,Chris Bell,player_reception_yds,bovada,34.5,-115.0,-115.0,2026-10-10T01:44:34Z,2026-10-10T01:46:34Z
2026,5,2026_05_CIN_MIA,2026-10-11T17:00:00+00:00,00-0037252,Greg Dulcich,player_reception_yds,bovada,26.5,-115.0,-115.0,2026-10-10T01:44:34Z,2026-10-10T01:46:34Z
2026,5,2026_05_CIN_MIA,2026-10-11T17:00:00+00:00,00-0041529,Kevin Coleman Jr.,player_reception_yds,bovada,19.5,-110.0,-120.0,2026-10-10T01:44:34Z,2026-10-10T01:46:34Z
2026,5,2026_05_CIN_MIA,2026-10-11T17:00:00+00:00,00-0039880,Malik Washington,player_reception_yds,bovada,45.5,-115.0,-115.0,2026-10-10T01:44:34Z,2026-10-10T01:46:34Z
2026,5,2026_05_CIN_MIA,2026-10-11T17:00:00+00:00,00-0040198,Ollie Gordon II,player_reception_yds,bovada,9.5,-115.0,-115.0,2026-10-10T01:44:34Z,2026-10-10T01:46:34Z
2026,5,2026_05_CIN_MIA,2026-10-11T17:00:00+00:00,00-0041525,Chris Bell,player_reception_yds,draftkings,34.5,-110.0,-114.0,2026-10-10T01:46:19Z,2026-10-10T01:46:34Z
2026,5,2026_05_CIN_MIA,2026-10-11T17:00:00+00:00,00-0037252,Greg Dulcich,player_reception_yds,draftkings,26.5,-111.0,-113.0,2026-10-10T01:46:19Z,2026-10-10T01:46:34Z
2026,5,2026_05_CIN_MIA,2026-10-11T17:00:00+00:00,00-0041529,Kevin Coleman Jr.,player_reception_yds,draftkings,19.5,-109.0,-115.0,2026-10-10T01:46:19Z,2026-10-10T01:46:34Z
2026,5,2026_05_CIN_MIA,2026-10-11T17:00:00+00:00,00-0039880,Malik Washington,player_reception_yds,draftkings,45.5,-110.0,-114.0,2026-10-10T01:46:19Z,2026-10-10T01:46:34Z
2026,5,2026_05_CIN_MIA,2026-10-11T17:00:00+00:00,00-0040198,Ollie Gordon II,player_reception_yds,draftkings,9.5,-111.0,-113.0,2026-10-10T01:46:19Z,2026-10-10T01:46:34Z
2026,5,2026_05_CIN_MIA,2026-10-11T17:00:00+00:00,00-0041525,Chris Bell,player_reception_yds,fanduel,33.5,-114.0,-114.0,2026-10-10T01:46:26Z,2026-10-10T01:46:34Z
2026,5,2026_05_CIN_MIA,2026-10-11T17:00:00+00:00,00-0037252,Greg Dulcich,player_reception_yds,fanduel,25.5,-114.0,-114.0,2026-10-10T01:46:26Z,2026-10-10T01:46:34Z
2026,5,2026_05_CIN_MIA,2026-10-11T17:00:00+00:00,00-0041529,Kevin Coleman Jr.,player_reception_yds,fanduel,18.5,-114.0,-114.0,2026-10-10T01:46:26Z,2026-10-10T01:46:34Z
2026,5,2026_05_CIN_MIA,2026-10-11T17:00:00+00:00,00-0039880,Malik Washington,player_reception_yds,fanduel,44.5,-114.0,-114.0,2026-10-10T01:46:26Z,2026-10-10T01:46:34Z
2026,5,2026_05_CIN_MIA,2026-10-11T17:00:00+00:00,00-0040198,Ollie Gordon II,player_reception_yds,fanduel,9.5,-114.0,-114.0,2026-10-10T01:46:26Z,2026-10-10T01:46:34Z
2026,5,2026_05_CIN_MIA,2026-10-11T17:00:00+00:00,00-0037252,Greg Dulcich,player_receptions,betmgm,2.5,-135.0,100.0,2026-10-10T01:45:46Z,2026-10-10T01:46:34Z
2026,5,2026_05_CIN_MIA,2026-10-11T17:00:00+00:00,00-0041529,Kevin Coleman Jr.,player_receptions,betmgm,1.5,-155.0,115.0,2026-10-10T01:45:46Z,2026-10-10T01:46:34Z
2026,5,2026_05_CIN_MIA,2026-10-11T17:00:00+00:00,00-0039880,Malik Washington,player_receptions,betmgm,4.5,-115.0,-115.0,2026-10-10T01:45:46Z,2026-10-10T01:46:34Z
2026,5,2026_05_CIN_MIA,2026-10-11T17:00:00+00:00,00-0040198,Ollie Gordon II,player_receptions,betmgm,1.5,-140.0,105.0,2026-10-10T01:45:46Z,2026-10-10T01:46:34Z
2026,5,2026_05_CIN_MIA,2026-10-11T17:00:00+00:00,00-0041525,Chris Bell,player_receptions,betonlineag,2.5,-106.0,-122.0,2026-10-10T01:45:46Z,2026-10-10T01:46:34Z
2026,5,2026_05_CIN_MIA,2026-10-11T17:00:00+00:00,00-0037252,Greg Dulcich,player_receptions,betonlineag,2.5,-127.0,-102.0,2026-10-10T01:45:46Z,2026-10-10T01:46:34Z
2026,5,2026_05_CIN_MIA,2026-10-11T17:00:00+00:00,00-0041529,Kevin Coleman Jr.,player_receptions,betonlineag,1.5,-156.0,120.0,2026-10-10T01:45:46Z,2026-10-10T01:46:34Z
2026,5,2026_05_CIN_MIA,2026-10-11T17:00:00+00:00,00-0039880,Malik Washington,player_receptions,betonlineag,4.5,-119.0,-109.0,2026-10-10T01:45:46Z,2026-10-10T01:46:34Z
2026,5,2026_05_CIN_MIA,2026-10-11T17:00:00+00:00,00-0040198,Ollie Gordon II,player_receptions,betonlineag,1.5,-135.0,105.0,2026-10-10T01:45:46Z,2026-10-10T01:46:34Z
2026,5,2026_05_CIN_MIA,2026-10-11T17:00:00+00:00,00-0041525,Chris Bell,player_receptions,betrivers,2.5,-107.0,,2026-10-10T01:46:21Z,2026-10-10T01:46:34Z
2026,5,2026_05_CIN_MIA,2026-10-11T17:00:00+00:00,00-0037252,Greg Dulcich,player_receptions,betrivers,2.5,-141.0,,2026-10-10T01:46:21Z,2026-10-10T01:46:34Z
2026,5,2026_05_CIN_MIA,2026-10-11T17:00:00+00:00,00-0041529,Kevin Coleman Jr.,player_receptions,betrivers,1.5,-134.0,,2026-10-10T01:46:21Z,2026-10-10T01:46:34Z
2026,5,2026_05_CIN_MIA,2026-10-11T17:00:00+00:00,00-0039880,Malik Washington,player_receptions,betrivers,4.5,-127.0,,2026-10-10T01:46:21Z,2026-10-10T01:46:34Z
2026,5,2026_05_CIN_MIA,2026-10-11T17:00:00+00:00,00-0040198,Ollie Gordon II,player_receptions,betrivers,1.5,-141.0,,2026-10-10T01:46:21Z,2026-10-10T01:46:34Z
2026,5,2026_05_CIN_MIA,2026-10-11T17:00:00+00:00,00-0041525,Chris Bell,player_receptions,bovada,2.5,-105.0,-125.0,2026-10-10T01:44:34Z,2026-10-10T01:46:34Z
2026,5,2026_05_CIN_MIA,2026-10-11T17:00:00+00:00,00-0037252,Greg Dulcich,player_receptions,bovada,2.5,-135.0,105.0,2026-10-10T01:44:34Z,2026-10-10T01:46:34Z
2026,5,2026_05_CIN_MIA,2026-10-11T17:00:00+00:00,00-0041529,Kevin Coleman Jr.,player_receptions,bovada,1.5,-170.0,130.0,2026-10-10T01:44:34Z,2026-10-10T01:46:34Z
2026,5,2026_05_CIN_MIA,2026-10-11T17:00:00+00:00,00-0039880,Malik Washington,player_receptions,bovada,4.5,-125.0,-105.0,2026-10-10T01:44:34Z,2026-10-10T01:46:34Z
2026,5,2026_05_CIN_MIA,2026-10-11T17:00:00+00:00,00-0040198,Ollie Gordon II,player_receptions,bovada,1.5,-125.0,-105.0,2026-10-10T01:44:34Z,2026-10-10T01:46:34Z
2026,5,2026_05_CIN_MIA,2026-10-11T17:00:00+00:00,00-0041525,Chris Bell,player_receptions,draftkings,2.5,-102.0,-125.0,2026-10-10T01:46:19Z,2026-10-10T01:46:34Z
2026,5,2026_05_CIN_MIA,2026-10-11T17:00:00+00:00,00-0037252,Greg Dulcich,player_receptions,draftkings,2.5,-132.0,103.0,2026-10-10T01:46:19Z,2026-10-10T01:46:34Z
2026,5,2026_05_CIN_MIA,2026-10-11T17:00:00+00:00,00-0041529,Kevin Coleman Jr.,player_receptions,draftkings,1.5,-166.0,130.0,2026-10-10T01:46:19Z,2026-10-10T01:46:34Z
2026,5,2026_05_CIN_MIA,2026-10-11T17:00:00+00:00,00-0039880,Malik Washington,player_receptions,draftkings,4.5,-122.0,-105.0,2026-10-10T01:46:19Z,2026-10-10T01:46:34Z
2026,5,2026_05_CIN_MIA,2026-10-11T17:00:00+00:00,00-0040198,Ollie Gordon II,player_receptions,draftkings,1.5,-122.0,-105.0,2026-10-10T01:46:19Z,2026-10-10T01:46:34Z
2026,5,2026_05_CIN_MIA,2026-10-11T17:00:00+00:00,00-0041525,Chris Bell,player_receptions,fanduel,2.5,-108.0,-122.0,2026-10-10T01:46:26Z,2026-10-10T01:46:34Z
2026,5,2026_05_CIN_MIA,2026-10-11T17:00:00+00:00,00-0037252,Greg Dulcich,player_receptions,fanduel,2.5,-136.0,102.0,2026-10-10T01:46:26Z,2026-10-10T01:46:34Z
2026,5,2026_05_CIN_MIA,2026-10-11T17:00:00+00:00,00-0041529,Kevin Coleman Jr.,player_receptions,fanduel,1.5,-158.0,118.0,2026-10-10T01:46:26Z,2026-10-10T01:46:34Z
2026,5,2026_05_CIN_MIA,2026-10-11T17:00:00+00:00,00-0039880,Malik Washington,player_receptions,fanduel,4.5,-130.0,-102.0,2026-10-10T01:46:26Z,2026-10-10T01:46:34Z
2026,5,2026_05_CIN_MIA,2026-10-11T17:00:00+00:00,00-0040198,Ollie Gordon II,player_receptions,fanduel,1.5,-138.0,104.0,2026-10-10T01:46:26Z,2026-10-10T01:46:34Z
2026,5,2026_05_CIN_MIA,2026-10-11T17:00:00+00:00,00-0038597,Chase Brown,player_rush_yds,betmgm,67.5,-115.0,-115.0,2026-10-10T01:45:46Z,2026-10-10T01:46:34Z
2026,5,2026_05_CIN_MIA,2026-10-11T17:00:00+00:00,00-0039874,Jaylen Wright,player_rush_yds,betmgm,23.5,-120.0,-110.0,2026-10-10T01:45:46Z,2026-10-10T01:46:34Z
2026,5,2026_05_CIN_MIA,2026-10-11T17:00:00+00:00,00-0036442,Joe Burrow,player_rush_yds,betmgm,7.5,-105.0,-125.0,2026-10-10T01:45:46Z,2026-10-10T01:46:34Z
2026,5,2026_05_CIN_MIA,2026-10-11T17:00:00+00:00,00-0038128,Malik Willis,player_rush_yds,betmgm,32.5,-120.0,-111.0,2026-10-10T01:45:46Z,2026-10-10T01:46:34Z
2026,5,2026_05_CIN_MIA,2026-10-11T17:00:00+00:00,00-0040198,Ollie Gordon II,player_rush_yds,betmgm,39.5,-150.0,110.0,2026-10-10T01:45:46Z,2026-10-10T01:46:34Z
2026,5,2026_05_CIN_MIA,2026-10-11T17:00:00+00:00,00-0033526,Samaje Perine,player_rush_yds,betmgm,13.5,-115.0,-115.0,2026-10-10T01:45:46Z,2026-10-10T01:46:34Z
2026,5,2026_05_CIN_MIA,2026-10-11T17:00:00+00:00,00-0038597,Chase Brown,player_rush_yds,betonlineag,67.5,-114.0,-114.0,2026-10-10T01:45:46Z,2026-10-10T01:46:34Z
2026,5,2026_05_CIN_MIA,2026-10-11T17:00:00+00:00,00-0039874,Jaylen Wright,player_rush_yds,betonlineag,22.5,-118.0,-110.0,2026-10-10T01:45:46Z,2026-10-10T01:46:34Z
2026,5,2026_05_CIN_MIA,2026-10-11T17:00:00+00:00,00-0036442,Joe Burrow,player_rush_yds,betonlineag,8.5,-114.0,-114.0,2026-10-10T01:45:46Z,2026-10-10T01:46:34Z
2026,5,2026_05_CIN_MIA,2026-10-11T17:00:00+00:00,00-0038128,Malik Willis,player_rush_yds,betonlineag,32.5,-115.0,-112.0,2026-10-10T01:45:46Z,2026-10-10T01:46:34Z
2026,5,2026_05_CIN_MIA,2026-10-11T17:00:00+00:00,00-0040198,Ollie Gordon II,player_rush_yds,betonlineag,42.5,-116.0,-111.0,2026-10-10T01:45:46Z,2026-10-10T01:46:34Z
2026,5,2026_05_CIN_MIA,2026-10-11T17:00:00+00:00,00-0033526,Samaje Perine,player_rush_yds,betonlineag,14.5,-116.0,-111.0,2026-10-10T01:45:46Z,2026-10-10T01:46:34Z
2026,5,2026_05_CIN_MIA,2026-10-11T17:00:00+00:00,00-0038597,Chase Brown,player_rush_yds,betrivers,66.5,-118.0,-113.0,2026-10-10T01:46:21Z,2026-10-10T01:46:34Z
2026,5,2026_05_CIN_MIA,2026-10-11T17:00:00+00:00,00-0039874,Jaylen Wright,player_rush_yds,betrivers,21.5,-110.0,-121.0,2026-10-10T01:46:21Z,2026-10-10T01:46:34Z
2026,5,2026_05_CIN_MIA,2026-10-11T17:00:00+00:00,00-0036442,Joe Burrow,player_rush_yds,betrivers,7.5,-118.0,-113.0,2026-10-10T01:46:21Z,2026-10-10T01:46:34Z
2026,5,2026_05_CIN_MIA,2026-10-11T17:00:00+00:00,00-0038128,Malik Willis,player_rush_yds,betrivers,30.5,-118.0,-113.0,2026-10-10T01:46:21Z,2026-10-10T01:46:34Z
2026,5,2026_05_CIN_MIA,2026-10-11T17:00:00+00:00,00-0040198,Ollie Gordon II,player_rush_yds,betrivers,43.5,-118.0,-113.0,2026-10-10T01:46:21Z,2026-10-10T01:46:34Z
2026,5,2026_05_CIN_MIA,2026-10-11T17:00:00+00:00,00-0033526,Samaje Perine,player_rush_yds,betrivers,14.5,-118.0,-113.0,2026-10-10T01:46:21Z,2026-10-10T01:46:34Z
2026,5,2026_05_CIN_MIA,2026-10-11T17:00:00+00:00,00-0038597,Chase Brown,player_rush_yds,bovada,67.5,-115.0,-115.0,2026-10-10T01:44:34Z,2026-10-10T01:46:34Z
2026,5,2026_05_CIN_MIA,2026-10-11T17:00:00+00:00,00-0039874,Jaylen Wright,player_rush_yds,bovada,22.5,-120.0,-110.0,2026-10-10T01:44:34Z,2026-10-10T01:46:34Z
2026,5,2026_05_CIN_MIA,2026-10-11T17:00:00+00:00,00-0036442,Joe Burrow,player_rush_yds,bovada,8.5,-115.0,-115.0,2026-10-10T01:44:34Z,2026-10-10T01:46:34Z
2026,5,2026_05_CIN_MIA,2026-10-11T17:00:00+00:00,00-0038128,Malik Willis,player_rush_yds,bovada,30.5,-110.0,-120.0,2026-10-10T01:44:34Z,2026-10-10T01:46:34Z
2026,5,2026_05_CIN_MIA,2026-10-11T17:00:00+00:00,00-0040198,Ollie Gordon II,player_rush_yds,bovada,46.5,-110.0,-120.0,2026-10-10T01:44:34Z,2026-10-10T01:46:34Z
2026,5,2026_05_CIN_MIA,2026-10-11T17:00:00+00:00,00-0033526,Samaje Perine,player_rush_yds,bovada,14.5,-110.0,-120.0,2026-10-10T01:44:34Z,2026-10-10T01:46:34Z
2026,5,2026_05_CIN_MIA,2026-10-11T17:00:00+00:00,00-0038597,Chase Brown,player_rush_yds,draftkings,67.5,-114.0,-110.0,2026-10-10T01:46:19Z,2026-10-10T01:46:34Z
2026,5,2026_05_CIN_MIA,2026-10-11T17:00:00+00:00,00-0039874,Jaylen Wright,player_rush_yds,draftkings,22.5,-117.0,-107.0,2026-10-10T01:46:19Z,2026-10-10T01:46:34Z
2026,5,2026_05_CIN_MIA,2026-10-11T17:00:00+00:00,00-0036442,Joe Burrow,player_rush_yds,draftkings,8.5,-110.0,-114.0,2026-10-10T01:46:19Z,2026-10-10T01:46:34Z
2026,5,2026_05_CIN_MIA,2026-10-11T17:00:00+00:00,00-0038128,Malik Willis,player_rush_yds,draftkings,30.5,-109.0,-115.0,2026-10-10T01:46:19Z,2026-10-10T01:46:34Z
2026,5,2026_05_CIN_MIA,2026-10-11T17:00:00+00:00,00-0040198,Ollie Gordon II,player_rush_yds,draftkings,46.5,-109.0,-115.0,2026-10-10T01:46:19Z,2026-10-10T01:46:34Z
2026,5,2026_05_CIN_MIA,2026-10-11T17:00:00+00:00,00-0033526,Samaje Perine,player_rush_yds,draftkings,14.5,-107.0,-117.0,2026-10-10T01:46:19Z,2026-10-10T01:46:34Z
2026,5,2026_05_CIN_MIA,2026-10-11T17:00:00+00:00,00-0038597,Chase Brown,player_rush_yds,fanduel,67.5,-114.0,-114.0,2026-10-10T01:46:26Z,2026-10-10T01:46:34Z
2026,5,2026_05_CIN_MIA,2026-10-11T17:00:00+00:00,00-0039874,Jaylen Wright,player_rush_yds,fanduel,22.5,-114.0,-114.0,2026-10-10T01:46:26Z,2026-10-10T01:46:34Z
2026,5,2026_05_CIN_MIA,2026-10-11T17:00:00+00:00,00-0036442,Joe Burrow,player_rush_yds,fanduel,8.5,-114.0,-114.0,2026-10-10T01:46:26Z,2026-10-10T01:46:34Z
2026,5,2026_05_CIN_MIA,2026-10-11T17:00:00+00:00,00-0038128,Malik Willis,player_rush_yds,fanduel,32.5,-114.0,-114.0,2026-10-10T01:46:26Z,2026-10-10T01:46:34Z
2026,5,2026_05_CIN_MIA,2026-10-11T17:00:00+00:00,00-0040198,Ollie Gordon II,player_rush_yds,fanduel,46.5,-114.0,-114.0,2026-10-10T01:46:26Z,2026-10-10T01:46:34Z
2026,5,2026_05_CIN_MIA,2026-10-11T17:00:00+00:00,00-0033526,Samaje Perine,player_rush_yds,fanduel,14.5,-114.0,-114.0,2026-10-10T01:46:26Z,2026-10-10T01:46:34Z
2026,5,2026_05_CLE_NYJ,2026-10-11T17:00:00+00:00,00-0034959,Andrew Beck,player_anytime_td,betmgm,,2800.0,,2026-10-10T01:44:31Z,2026-10-10T01:46:34Z
2026,5,2026_05_CLE_NYJ,2026-10-11T17:00:00+00:00,00-0038710,Blake Whiteheart,player_anytime_td,betmgm,,1150.0,,2026-10-10T01:44:31Z,2026-10-10T01:46:34Z
2026,5,2026_05_CLE_NYJ,2026-10-11T17:00:00+00:00,00-0039794,Braelon Allen,player_anytime_td,betmgm,,-111.0,,2026-10-10T01:44:31Z,2026-10-10T01:46:34Z
2026,5,2026_05_CLE_NYJ,2026-10-11T17:00:00+00:00,,Cleveland Browns D/ST,player_anytime_td,betmgm,,500.0,,2026-10-10T01:44:31Z,2026-10-10T01:46:34Z
2026,5,2026_05_CLE_NYJ,2026-10-11T17:00:00+00:00,00-0041037,Denzel Boston,player_anytime_td,betmgm,,225.0,,2026-10-10T01:44:31Z,2026-10-10T01:46:34Z
2026,5,2026_05_CLE_NYJ,2026-10-11T17:00:00+00:00,00-0033537,Deshaun Watson,player_anytime_td,betmgm,,300.0,,2026-10-10T01:44:31Z,2026-10-10T01:46:34Z
2026,5,2026_05_CLE_NYJ,2026-10-11T17:00:00+00:00,00-0037740,Garrett Wilson,player_anytime_td,betmgm,,150.0,,2026-10-10T01:44:31Z,2026-10-10T01:46:34Z
2026,5,2026_05_CLE_NYJ,2026-10-11T17:00:00+00:00,00-0030565,Geno Smith,player_anytime_td,betmgm,,650.0,,2026-10-10T01:44:31Z,2026-10-10T01:46:34Z
2026,5,2026_05_CLE_NYJ,2026-10-11T17:00:00+00:00,00-0040663,Harold Fannin Jr.,player_anytime_td,betmgm,,250.0,,2026-10-10T01:44:31Z,2026-10-10T01:46:34Z
2026,5,2026_05_CLE_NYJ,2026-10-11T17:00:00+00:00,00-0040782,Isaiah Bond,player_anytime_td,betmgm,,1900.0,,2026-10-10T01:44:31Z,2026-10-10T01:46:34Z
2026,5,2026_05_CLE_NYJ,2026-10-11T17:00:00+00:00,00-0039798,Isaiah Davis,player_anytime_td,betmgm,,500.0,,2026-10-10T01:44:31Z,2026-10-10T01:46:34Z
2026,5,2026_05_CLE_NYJ,2026-10-11T17:00:00+00:00,00-0039451,Isaiah Williams,player_anytime_td,betmgm,,450.0,,2026-10-10T01:44:31Z,2026-10-10T01:46:34Z
2026,5,2026_05_CLE_NYJ,2026-10-11T17:00:00+00:00,00-0038794,Jaleel McLaughlin,player_anytime_td,betmgm,,1600.0,,2026-10-10T01:44:31Z,2026-10-10T01:46:34Z
2026,5,2026_05_CLE_NYJ,2026-10-11T17:00:00+00:00,00-0040405,Jamaal Pritchett,player_anytime_td,betmgm,,2800.0,,2026-10-10T01:44:31Z,2026-10-10T01:46:34Z
2026,5,2026_05_CLE_NYJ,2026-10-11T17:00:00+00:00,00-0037755,Jelani Woods,player_anytime_td,betmgm,,1850.0,,2026-10-10T01:44:31Z,2026-10-10T01:46:34Z
2026,5,2026_05_CLE_NYJ,2026-10-11T17:00:00+00:00,00-0037805,Jeremy Ruckert,player_anytime_td,betmgm,,1050.0,,2026-10-10T01:44:31Z,2026-10-10T01:46:34Z
2026,5,2026_05_CLE_NYJ,2026-10-11T17:00:00+00:00,00-0036407,Jerry Jeudy,player_anytime_td,betmgm,,650.0,,2026-10-10T01:44:31Z,2026-10-10T01:46:34Z
2026,5,2026_05_CLE_NYJ,2026-10-11T17:00:00+00:00,00-0041547,KC Concepcion,player_anytime_td,betmgm,,290.0,,2026-10-10T01:44:31Z,2026-10-10T01:46:34Z
2026,5,2026_05_CLE_NYJ,2026-10-11T17:00:00+00:00,00-0036842,Kene Nwangwu,player_anytime_td,betmgm,,3500.0,,2026-10-10T01:44:31Z,2026-10-10T01:46:34Z
2026,5,2026_05_CLE_NYJ,2026-10-11T17:00:00+00:00,00-0041032,Kenyon Sadiq,player_anytime_td,betmgm,,290.0,,2026-10-10T01:44:31Z,2026-10-10T01:46:34Z
2026,5,2026_05_CLE_NYJ,2026-10-11T17:00:00+00:00,00-0039920,Malachi Corley,player_anytime_td,betmgm,,2200.0,,2026-10-10T01:44:31Z,2026-10-10T01:46:34Z
2026,5,2026_05_CLE_NYJ,2026-10-11T17:00:00+00:00,00-0040736,Mason Taylor,player_anytime_td,betmgm,,525.0,,2026-10-10T01:44:31Z,2026-10-10T01:46:34Z
2026,5,2026_05_CLE_NYJ,2026-10-11T17:00:00+00:00,,New York Jets D/ST,player_anytime_td,betmgm,,475.0,,2026-10-10T01:44:31Z,2026-10-10T01:46:34Z
2026,5,2026_05_CLE_NYJ,2026-10-11T17:00:00+00:00,00-0040784,Quinshon Judkins,player_anytime_td,betmgm,,125.0,,2026-10-10T01:44:31Z,2026-10-10T01:46:34Z
2026,5,2026_05_CLE_NYJ,2026-10-11T17:00:00+00:00,00-0040466,Raheim Sanders,player_anytime_td,betmgm,,575.0,,2026-10-10T01:44:31Z,2026-10-10T01:46:34Z
2026,5,2026_05_CLE_NYJ,2026-10-11T17:00:00+00:00,00-0034959,Andrew Beck,player_anytime_td,betonlineag,,1900.0,,2026-10-10T01:46:21Z,2026-10-10T01:46:34Z
2026,5,2026_05_CLE_NYJ,2026-10-11T17:00:00+00:00,00-0038710,Blake Whiteheart,player_anytime_td,betonlineag,,900.0,,2026-10-10T01:46:21Z,2026-10-10T01:46:34Z
2026,5,2026_05_CLE_NYJ,2026-10-11T17:00:00+00:00,00-0039794,Braelon Allen,player_anytime_td,betonlineag,,-125.0,,2026-10-10T01:46:21Z,2026-10-10T01:46:34Z
2026,5,2026_05_CLE_NYJ,2026-10-11T17:00:00+00:00,00-0041131,Carsen Ryan,player_anytime_td,betonlineag,,3400.0,,2026-10-10T01:46:21Z,2026-10-10T01:46:34Z
2026,5,2026_05_CLE_NYJ,2026-10-11T17:00:00+00:00,00-0041037,Denzel Boston,player_anytime_td,betonlineag,,180.0,,2026-10-10T01:46:21Z,2026-10-10T01:46:34Z
2026,5,2026_05_CLE_NYJ,2026-10-11T17:00:00+00:00,00-0033537,Deshaun Watson,player_anytime_td,betonlineag,,350.0,,2026-10-10T01:46:21Z,2026-10-10T01:46:34Z
2026,5,2026_05_CLE_NYJ,2026-10-11T17:00:00+00:00,00-0037740,Garrett Wilson,player_anytime_td,betonlineag,,130.0,,2026-10-10T01:46:21Z,2026-10-10T01:46:34Z
2026,5,2026_05_CLE_NYJ,2026-10-11T17:00:00+00:00,00-0030565,Geno Smith,player_anytime_td,betonlineag,,600.0,,2026-10-10T01:46:21Z,2026-10-10T01:46:34Z
2026,5,2026_05_CLE_NYJ,2026-10-11T17:00:00+00:00,00-0040663,Harold Fannin Jr.,player_anytime_td,betonlineag,,220.0,,2026-10-10T01:46:21Z,2026-10-10T01:46:34Z
2026,5,2026_05_CLE_NYJ,2026-10-11T17:00:00+00:00,00-0040782,Isaiah Bond,player_anytime_td,betonlineag,,1900.0,,2026-10-10T01:46:21Z,2026-10-10T01:46:34Z
2026,5,2026_05_CLE_NYJ,2026-10-11T17:00:00+00:00,00-0039798,Isaiah Davis,player_anytime_td,betonlineag,,450.0,,2026-10-10T01:46:21Z,2026-10-10T01:46:34Z
2026,5,2026_05_CLE_NYJ,2026-10-11T17:00:00+00:00,00-0039451,Isaiah Williams,player_anytime_td,betonlineag,,400.0,,2026-10-10T01:46:21Z,2026-10-10T01:46:34Z
2026,5,2026_05_CLE_NYJ,2026-10-11T17:00:00+00:00,00-0038794,Jaleel McLaughlin,player_anytime_td,betonlineag,,1300.0,,2026-10-10T01:46:21Z,2026-10-10T01:46:34Z
2026,5,2026_05_CLE_NYJ,2026-10-11T17:00:00+00:00,00-0040405,Jamaal Pritchett,player_anytime_td,betonlineag,,2400.0,,2026-10-10T01:46:21Z,2026-10-10T01:46:34Z
2026,5,2026_05_CLE_NYJ,2026-10-11T17:00:00+00:00,00-0037755,Jelani Woods,player_anytime_td,betonlineag,,1000.0,,2026-10-10T01:46:21Z,2026-10-10T01:46:34Z
2026,5,2026_05_CLE_NYJ,2026-10-11T17:00:00+00:00,00-0037805,Jeremy Ruckert,player_anytime_td,betonlineag,,1000.0,,2026-10-10T01:46:21Z,2026-10-10T01:46:34Z
2026,5,2026_05_CLE_NYJ,2026-10-11T17:00:00+00:00,00-0036407,Jerry Jeudy,player_anytime_td,betonlineag,,650.0,,2026-10-10T01:46:21Z,2026-10-10T01:46:34Z
2026,5,2026_05_CLE_NYJ,2026-10-11T17:00:00+00:00,00-0041547,KC Concepcion,player_anytime_td,betonlineag,,280.0,,2026-10-10T01:46:21Z,2026-10-10T01:46:34Z
2026,5,2026_05_CLE_NYJ,2026-10-11T17:00:00+00:00,00-0036842,Kene Nwangwu,player_anytime_td,betonlineag,,1900.0,,2026-10-10T01:46:21Z,2026-10-10T01:46:34Z
2026,5,2026_05_CLE_NYJ,2026-10-11T17:00:00+00:00,00-0041032,Kenyon Sadiq,player_anytime_td,betonlineag,,240.0,,2026-10-10T01:46:21Z,2026-10-10T01:46:34Z
2026,5,2026_05_CLE_NYJ,2026-10-11T17:00:00+00:00,00-0039920,Malachi Corley,player_anytime_td,betonlineag,,1400.0,,2026-10-10T01:46:21Z,2026-10-10T01:46:34Z
2026,5,2026_05_CLE_NYJ,2026-10-11T17:00:00+00:00,00-0041267,Malik McClain,player_anytime_td,betonlineag,,1900.0,,2026-10-10T01:46:21Z,2026-10-10T01:46:34Z
2026,5,2026_05_CLE_NYJ,2026-10-11T17:00:00+00:00,00-0040736,Mason Taylor,player_anytime_td,betonlineag,,400.0,,2026-10-10T01:46:21Z,2026-10-10T01:46:34Z
2026,5,2026_05_CLE_NYJ,2026-10-11T17:00:00+00:00,00-0031595,Michael Burton,player_anytime_td,betonlineag,,2400.0,,2026-10-10T01:46:21Z,2026-10-10T01:46:34Z
2026,5,2026_05_CLE_NYJ,2026-10-11T17:00:00+00:00,00-0040784,Quinshon Judkins,player_anytime_td,betonlineag,,130.0,,2026-10-10T01:46:21Z,2026-10-10T01:46:34Z
2026,5,2026_05_CLE_NYJ,2026-10-11T17:00:00+00:00,00-0040466,Raheim Sanders,player_anytime_td,betonlineag,,650.0,,2026-10-10T01:46:21Z,2026-10-10T01:46:34Z
2026,5,2026_05_CLE_NYJ,2026-10-11T17:00:00+00:00,00-0036630,Tylan Wallace,player_anytime_td,betonlineag,,1400.0,,2026-10-10T01:46:21Z,2026-10-10T01:46:34Z
2026,5,2026_05_CLE_NYJ,2026-10-11T17:00:00+00:00,00-0034959,Andrew Beck,player_anytime_td,betrivers,,2900.0,,2026-10-10T01:46:20Z,2026-10-10T01:46:34Z
2026,5,2026_05_CLE_NYJ,2026-10-11T17:00:00+00:00,00-0038710,Blake Whiteheart,player_anytime_td,betrivers,,1200.0,,2026-10-10T01:46:20Z,2026-10-10T01:46:34Z
2026,5,2026_05_CLE_NYJ,2026-10-11T17:00:00+00:00,00-0039794,Braelon Allen,player_anytime_td,betrivers,,102.0,,2026-10-10T01:46:20Z,2026-10-10T01:46:34Z
2026,5,2026_05_CLE_NYJ,2026-10-11T17:00:00+00:00,00-0041131,Carsen Ryan,player_anytime_td,betrivers,,2500.0,,2026-10-10T01:46:20Z,2026-10-10T01:46:34Z
2026,5,2026_05_CLE_NYJ,2026-10-11T17:00:00+00:00,00-0041037,Denzel Boston,player_anytime_td,betrivers,,195.0,,2026-10-10T01:46:20Z,2026-10-10T01:46:34Z
2026,5,2026_05_CLE_NYJ,2026-10-11T17:00:00+00:00,00-0033537,Deshaun Watson,player_anytime_td,betrivers,,390.0,,2026-10-10T01:46:20Z,2026-10-10T01:46:34Z
2026,5,2026_05_CLE_NYJ,2026-10-11T17:00:00+00:00,00-0037740,Garrett Wilson,player_anytime_td,betrivers,,145.0,,2026-10-10T01:46:20Z,2026-10-10T01:46:34Z
2026,5,2026_05_CLE_NYJ,2026-10-11T17:00:00+00:00,00-0030565,Geno Smith,player_anytime_td,betrivers,,700.0,,2026-10-10T01:46:20Z,2026-10-10T01:46:34Z
2026,5,2026_05_CLE_NYJ,2026-10-11T17:00:00+00:00,00-0040663,Harold Fannin Jr.,player_anytime_td,betrivers,,215.0,,2026-10-10T01:46:20Z,2026-10-10T01:46:34Z
2026,5,2026_05_CLE_NYJ,2026-10-11T17:00:00+00:00,00-0040782,Isaiah Bond,player_anytime_td,betrivers,,2000.0,,2026-10-10T01:46:20Z,2026-10-10T01:46:34Z
2026,5,2026_05_CLE_NYJ,2026-10-11T17:00:00+00:00,00-0039798,Isaiah Davis,player_anytime_td,betrivers,,440.0,,2026-10-10T01:46:20Z,2026-10-10T01:46:34Z
2026,5,2026_05_CLE_NYJ,2026-10-11T17:00:00+00:00,00-0039451,Isaiah Williams,player_anytime_td,betrivers,,350.0,,2026-10-10T01:46:20Z,2026-10-10T01:46:34Z
2026,5,2026_05_CLE_NYJ,2026-10-11T17:00:00+00:00,00-0038794,Jaleel McLaughlin,player_anytime_td,betrivers,,1200.0,,2026-10-10T01:46:20Z,2026-10-10T01:46:34Z
2026,5,2026_05_CLE_NYJ,2026-10-11T17:00:00+00:00,00-0040405,Jamaal Pritchett,player_anytime_td,betrivers,,1600.0,,2026-10-10T01:46:20Z,2026-10-10T01:46:34Z
2026,5,2026_05_CLE_NYJ,2026-10-11T17:00:00+00:00,00-0037755,Jelani Woods,player_anytime_td,betrivers,,1500.0,,2026-10-10T01:46:20Z,2026-10-10T01:46:34Z
2026,5,2026_05_CLE_NYJ,2026-10-11T17:00:00+00:00,00-0037805,Jeremy Ruckert,player_anytime_td,betrivers,,1050.0,,2026-10-10T01:46:20Z,2026-10-10T01:46:34Z
2026,5,2026_05_CLE_NYJ,2026-10-11T17:00:00+00:00,00-0036407,Jerry Jeudy,player_anytime_td,betrivers,,600.0,,2026-10-10T01:46:20Z,2026-10-10T01:46:34Z
2026,5,2026_05_CLE_NYJ,2026-10-11T17:00:00+00:00,00-0041547,KC Concepcion,player_anytime_td,betrivers,,215.0,,2026-10-10T01:46:20Z,2026-10-10T01:46:34Z
2026,5,2026_05_CLE_NYJ,2026-10-11T17:00:00+00:00,00-0036842,Kene Nwangwu,player_anytime_td,betrivers,,1100.0,,2026-10-10T01:46:20Z,2026-10-10T01:46:34Z
2026,5,2026_05_CLE_NYJ,2026-10-11T17:00:00+00:00,00-0041032,Kenyon Sadiq,player_anytime_td,betrivers,,250.0,,2026-10-10T01:46:20Z,2026-10-10T01:46:34Z
2026,5,2026_05_CLE_NYJ,2026-10-11T17:00:00+00:00,00-0039920,Malachi Corley,player_anytime_td,betrivers,,1500.0,,2026-10-10T01:46:20Z,2026-10-10T01:46:34Z
2026,5,2026_05_CLE_NYJ,2026-10-11T17:00:00+00:00,00-0041267,Malik McClain,player_anytime_td,betrivers,,1000.0,,2026-10-10T01:46:20Z,2026-10-10T01:46:34Z
2026,5,2026_05_CLE_NYJ,2026-10-11T17:00:00+00:00,00-0040736,Mason Taylor,player_anytime_td,betrivers,,475.0,,2026-10-10T01:46:20Z,2026-10-10T01:46:34Z
2026,5,2026_05_CLE_NYJ,2026-10-11T17:00:00+00:00,00-0031595,Michael Burton,player_anytime_td,betrivers,,3000.0,,2026-10-10T01:46:20Z,2026-10-10T01:46:34Z
2026,5,2026_05_CLE_NYJ,2026-10-11T17:00:00+00:00,00-0040784,Quinshon Judkins,player_anytime_td,betrivers,,128.0,,2026-10-10T01:46:20Z,2026-10-10T01:46:34Z
2026,5,2026_05_CLE_NYJ,2026-10-11T17:00:00+00:00,00-0040466,Raheim Sanders,player_anytime_td,betrivers,,650.0,,2026-10-10T01:46:20Z,2026-10-10T01:46:34Z
2026,5,2026_05_CLE_NYJ,2026-10-11T17:00:00+00:00,00-0034959,Andrew Beck,player_anytime_td,bovada,,4000.0,,2026-10-10T01:45:49Z,2026-10-10T01:46:34Z
2026,5,2026_05_CLE_NYJ,2026-10-11T17:00:00+00:00,00-0038710,Blake Whiteheart,player_anytime_td,bovada,,900.0,,2026-10-10T01:45:49Z,2026-10-10T01:46:34Z
2026,5,2026_05_CLE_NYJ,2026-10-11T17:00:00+00:00,00-0039794,Braelon Allen,player_anytime_td,bovada,,-114.0,,2026-10-10T01:45:49Z,2026-10-10T01:46:34Z
2026,5,2026_05_CLE_NYJ,2026-10-11T17:00:00+00:00,,Cleveland Browns D/ST,player_anytime_td,bovada,,500.0,,2026-10-10T01:45:49Z,2026-10-10T01:46:34Z
2026,5,2026_05_CLE_NYJ,2026-10-11T17:00:00+00:00,00-0041037,Denzel Boston,player_anytime_td,bovada,,185.0,,2026-10-10T01:45:49Z,2026-10-10T01:46:34Z
2026,5,2026_05_CLE_NYJ,2026-10-11T17:00:00+00:00,00-0033537,Deshaun Watson,player_anytime_td,bovada,,360.0,,2026-10-10T01:45:49Z,2026-10-10T01:46:34Z
2026,5,2026_05_CLE_NYJ,2026-10-11T17:00:00+00:00,00-0037740,Garrett Wilson,player_anytime_td,bovada,,135.0,,2026-10-10T01:45:49Z,2026-10-10T01:46:34Z
2026,5,2026_05_CLE_NYJ,2026-10-11T17:00:00+00:00,00-0030565,Geno Smith,player_anytime_td,bovada,,900.0,,2026-10-10T01:45:49Z,2026-10-10T01:46:34Z
2026,5,2026_05_CLE_NYJ,2026-10-11T17:00:00+00:00,00-0040663,Harold Fannin Jr.,player_anytime_td,bovada,,245.0,,2026-10-10T01:45:49Z,2026-10-10T01:46:34Z
2026,5,2026_05_CLE_NYJ,2026-10-11T17:00:00+00:00,00-0040782,Isaiah Bond,player_anytime_td,bovada,,2000.0,,2026-10-10T01:45:49Z,2026-10-10T01:46:34Z
2026,5,2026_05_CLE_NYJ,2026-10-11T17:00:00+00:00,00-0039798,Isaiah Davis,player_anytime_td,bovada,,460.0,,2026-10-10T01:45:49Z,2026-10-10T01:46:34Z
2026,5,2026_05_CLE_NYJ,2026-10-11T17:00:00+00:00,00-0039451,Isaiah Williams,player_anytime_td,bovada,,440.0,,2026-10-10T01:45:49Z,2026-10-10T01:46:34Z
2026,5,2026_05_CLE_NYJ,2026-10-11T17:00:00+00:00,00-0038794,Jaleel McLaughlin,player_anytime_td,bovada,,1700.0,,2026-10-10T01:45:49Z,2026-10-10T01:46:34Z
2026,5,2026_05_CLE_NYJ,2026-10-11T17:00:00+00:00,00-0040405,Jamaal Pritchett,player_anytime_td,bovada,,2800.0,,2026-10-10T01:45:49Z,2026-10-10T01:46:34Z
2026,5,2026_05_CLE_NYJ,2026-10-11T17:00:00+00:00,00-0037755,Jelani Woods,player_anytime_td,bovada,,1100.0,,2026-10-10T01:45:49Z,2026-10-10T01:46:34Z
2026,5,2026_05_CLE_NYJ,2026-10-11T17:00:00+00:00,00-0037805,Jeremy Ruckert,player_anytime_td,bovada,,1000.0,,2026-10-10T01:45:49Z,2026-10-10T01:46:34Z
2026,5,2026_05_CLE_NYJ,2026-10-11T17:00:00+00:00,00-0036407,Jerry Jeudy,player_anytime_td,bovada,,625.0,,2026-10-10T01:45:49Z,2026-10-10T01:46:34Z
2026,5,2026_05_CLE_NYJ,2026-10-11T17:00:00+00:00,00-0041547,KC Concepcion,player_anytime_td,bovada,,280.0,,2026-10-10T01:45:49Z,2026-10-10T01:46:34Z
2026,5,2026_05_CLE_NYJ,2026-10-11T17:00:00+00:00,00-0036842,Kene Nwangwu,player_anytime_td,bovada,,2200.0,,2026-10-10T01:45:49Z,2026-10-10T01:46:34Z
2026,5,2026_05_CLE_NYJ,2026-10-11T17:00:00+00:00,00-0041032,Kenyon Sadiq,player_anytime_td,bovada,,260.0,,2026-10-10T01:45:49Z,2026-10-10T01:46:34Z
2026,5,2026_05_CLE_NYJ,2026-10-11T17:00:00+00:00,00-0039920,Malachi Corley,player_anytime_td,bovada,,1600.0,,2026-10-10T01:45:49Z,2026-10-10T01:46:34Z
2026,5,2026_05_CLE_NYJ,2026-10-11T17:00:00+00:00,00-0041267,Malik McClain,player_anytime_td,bovada,,2200.0,,2026-10-10T01:45:49Z,2026-10-10T01:46:34Z
2026,5,2026_05_CLE_NYJ,2026-10-11T17:00:00+00:00,00-0040736,Mason Taylor,player_anytime_td,bovada,,440.0,,2026-10-10T01:45:49Z,2026-10-10T01:46:34Z
2026,5,2026_05_CLE_NYJ,2026-10-11T17:00:00+00:00,00-0031595,Michael Burton,player_anytime_td,bovada,,2500.0,,2026-10-10T01:45:49Z,2026-10-10T01:46:34Z
2026,5,2026_05_CLE_NYJ,2026-10-11T17:00:00+00:00,,New York Jets D/ST,player_anytime_td,bovada,,500.0,,2026-10-10T01:45:49Z,2026-10-10T01:46:34Z
2026,5,2026_05_CLE_NYJ,2026-10-11T17:00:00+00:00,00-0040784,Quinshon Judkins,player_anytime_td,bovada,,165.0,,2026-10-10T01:45:49Z,2026-10-10T01:46:34Z
2026,5,2026_05_CLE_NYJ,2026-10-11T17:00:00+00:00,00-0040466,Raheim Sanders,player_anytime_td,bovada,,625.0,,2026-10-10T01:45:49Z,2026-10-10T01:46:34Z
2026,5,2026_05_CLE_NYJ,2026-10-11T17:00:00+00:00,00-0034959,Andrew Beck,player_anytime_td,draftkings,,4000.0,,2026-10-10T01:45:43Z,2026-10-10T01:46:34Z
2026,5,2026_05_CLE_NYJ,2026-10-11T17:00:00+00:00,00-0038710,Blake Whiteheart,player_anytime_td,draftkings,,900.0,,2026-10-10T01:45:43Z,2026-10-10T01:46:34Z
2026,5,2026_05_CLE_NYJ,2026-10-11T17:00:00+00:00,00-0039794,Braelon Allen,player_anytime_td,draftkings,,-110.0,,2026-10-10T01:45:43Z,2026-10-10T01:46:34Z
2026,5,2026_05_CLE_NYJ,2026-10-11T17:00:00+00:00,,Cleveland Browns D/ST,player_anytime_td,draftkings,,500.0,,2026-10-10T01:45:43Z,2026-10-10T01:46:34Z
2026,5,2026_05_CLE_NYJ,2026-10-11T17:00:00+00:00,00-0041037,Denzel Boston,player_anytime_td,draftkings,,185.0,,2026-10-10T01:45:43Z,2026-10-10T01:46:34Z
2026,5,2026_05_CLE_NYJ,2026-10-11T17:00:00+00:00,00-0033537,Deshaun Watson,player_anytime_td,draftkings,,360.0,,2026-10-10T01:45:43Z,2026-10-10T01:46:34Z
2026,5,2026_05_CLE_NYJ,2026-10-11T17:00:00+00:00,00-0037740,Garrett Wilson,player_anytime_td,draftkings,,135.0,,2026-10-10T01:45:43Z,2026-10-10T01:46:34Z
2026,5,2026_05_CLE_NYJ,2026-10-11T17:00:00+00:00,00-0030565,Geno Smith,player_anytime_td,draftkings,,950.0,,2026-10-10T01:45:43Z,2026-10-10T01:46:34Z
2026,5,2026_05_CLE_NYJ,2026-10-11T17:00:00+00:00,00-0040663,Harold Fannin Jr.,player_anytime_td,draftkings,,245.0,,2026-10-10T01:45:43Z,2026-10-10T01:46:34Z
2026,5,2026_05_CLE_NYJ,2026-10-11T17:00:00+00:00,00-0040782,Isaiah Bond,player_anytime_td,draftkings,,2000.0,,2026-10-10T01:45:43Z,2026-10-10T01:46:34Z
2026,5,2026_05_CLE_NYJ,2026-10-11T17:00:00+00:00,00-0039798,Isaiah Davis,player_anytime_td,draftkings,,475.0,,2026-10-10T01:45:43Z,2026-10-10T01:46:34Z
2026,5,2026_05_CLE_NYJ,2026-10-11T17:00:00+00:00,00-0039451,Isaiah Williams,player_anytime_td,draftkings,,450.0,,2026-10-10T01:45:43Z,2026-10-10T01:46:34Z
2026,5,2026_05_CLE_NYJ,2026-10-11T17:00:00+00:00,00-0038794,Jaleel McLaughlin,player_anytime_td,draftkings,,1700.0,,2026-10-10T01:45:43Z,2026-10-10T01:46:34Z
2026,5,2026_05_CLE_NYJ,2026-10-11T17:00:00+00:00,00-0040405,Jamaal Pritchett,player_anytime_td,draftkings,,2800.0,,2026-10-10T01:45:43Z,2026-10-10T01:46:34Z
2026,5,2026_05_CLE_NYJ,2026-10-11T17:00:00+00:00,00-0037755,Jelani Woods,player_anytime_td,draftkings,,1100.0,,2026-10-10T01:45:43Z,2026-10-10T01:46:34Z
2026,5,2026_05_CLE_NYJ,2026-10-11T17:00:00+00:00,00-0037805,Jeremy Ruckert,player_anytime_td,draftkings,,1000.0,,2026-10-10T01:45:43Z,2026-10-10T01:46:34Z
2026,5,2026_05_CLE_NYJ,2026-10-11T17:00:00+00:00,00-0036407,Jerry Jeudy,player_anytime_td,draftkings,,650.0,,2026-10-10T01:45:43Z,2026-10-10T01:46:34Z
2026,5,2026_05_CLE_NYJ,2026-10-11T17:00:00+00:00,00-0041547,KC Concepcion,player_anytime_td,draftkings,,280.0,,2026-10-10T01:45:43Z,2026-10-10T01:46:34Z
2026,5,2026_05_CLE_NYJ,2026-10-11T17:00:00+00:00,00-0036842,Kene Nwangwu,player_anytime_td,draftkings,,2200.0,,2026-10-10T01:45:43Z,2026-10-10T01:46:34Z
2026,5,2026_05_CLE_NYJ,2026-10-11T17:00:00+00:00,00-0041032,Kenyon Sadiq,player_anytime_td,draftkings,,260.0,,2026-10-10T01:45:43Z,2026-10-10T01:46:34Z
2026,5,2026_05_CLE_NYJ,2026-10-11T17:00:00+00:00,00-0039920,Malachi Corley,player_anytime_td,draftkings,,1600.0,,2026-10-10T01:45:43Z,2026-10-10T01:46:34Z
2026,5,2026_05_CLE_NYJ,2026-10-11T17:00:00+00:00,00-0041267,Malik McClain,player_anytime_td,draftkings,,2200.0,,2026-10-10T01:45:43Z,2026-10-10T01:46:34Z
2026,5,2026_05_CLE_NYJ,2026-10-11T17:00:00+00:00,00-0040736,Mason Taylor,player_anytime_td,draftkings,,450.0,,2026-10-10T01:45:43Z,2026-10-10T01:46:34Z
2026,5,2026_05_CLE_NYJ,2026-10-11T17:00:00+00:00,00-0031595,Michael Burton,player_anytime_td,draftkings,,2500.0,,2026-10-10T01:45:43Z,2026-10-10T01:46:34Z
2026,5,2026_05_CLE_NYJ,2026-10-11T17:00:00+00:00,,New York Jets D/ST,player_anytime_td,draftkings,,500.0,,2026-10-10T01:45:43Z,2026-10-10T01:46:34Z
2026,5,2026_05_CLE_NYJ,2026-10-11T17:00:00+00:00,00-0040784,Quinshon Judkins,player_anytime_td,draftkings,,165.0,,2026-10-10T01:45:43Z,2026-10-10T01:46:34Z
2026,5,2026_05_CLE_NYJ,2026-10-11T17:00:00+00:00,00-0040466,Raheim Sanders,player_anytime_td,draftkings,,650.0,,2026-10-10T01:45:43Z,2026-10-10T01:46:34Z
2026,5,2026_05_CLE_NYJ,2026-10-11T17:00:00+00:00,00-0034959,Andrew Beck,player_anytime_td,fanduel,,3300.0,,2026-10-10T01:45:58Z,2026-10-10T01:46:34Z
2026,5,2026_05_CLE_NYJ,2026-10-11T17:00:00+00:00,00-0038710,Blake Whiteheart,player_anytime_td,fanduel,,950.0,,2026-10-10T01:45:58Z,2026-10-10T01:46:34Z
2026,5,2026_05_CLE_NYJ,2026-10-11T17:00:00+00:00,00-0039794,Braelon Allen,player_anytime_td,fanduel,,-105.0,,2026-10-10T01:45:58Z,2026-10-10T01:46:34Z
2026,5,2026_05_CLE_NYJ,2026-10-11T17:00:00+00:00,00-0041131,Carsen Ryan,player_anytime_td,fanduel,,4500.0,,2026-10-10T01:45:58Z,2026-10-10T01:46:34Z
2026,5,2026_05_CLE_NYJ,2026-10-11T17:00:00+00:00,,Cleveland Browns Defense,player_anytime_td,fanduel,,700.0,,2026-10-10T01:45:58Z,2026-10-10T01:46:34Z
2026,5,2026_05_CLE_NYJ,2026-10-11T17:00:00+00:00,00-0041037,Denzel Boston,player_anytime_td,fanduel,,200.0,,2026-10-10T01:45:58Z,2026-10-10T01:46:34Z
2026,5,2026_05_CLE_NYJ,2026-10-11T17:00:00+00:00,00-0033537,Deshaun Watson,player_anytime_td,fanduel,,370.0,,2026-10-10T01:45:58Z,2026-10-10T01:46:34Z
2026,5,2026_05_CLE_NYJ,2026-10-11T17:00:00+00:00,00-0037740,Garrett Wilson,player_anytime_td,fanduel,,135.0,,2026-10-10T01:45:58Z,2026-10-10T01:46:34Z
2026,5,2026_05_CLE_NYJ,2026-10-11T17:00:00+00:00,00-0030565,Geno Smith,player_anytime_td,fanduel,,850.0,,2026-10-10T01:45:58Z,2026-10-10T01:46:34Z
2026,5,2026_05_CLE_NYJ,2026-10-11T17:00:00+00:00,00-0040663,Harold Fannin Jr.,player_anytime_td,fanduel,,220.0,,2026-10-10T01:45:58Z,2026-10-10T01:46:34Z
2026,5,2026_05_CLE_NYJ,2026-10-11T17:00:00+00:00,00-0040782,Isaiah Bond,player_anytime_td,fanduel,,2700.0,,2026-10-10T01:45:58Z,2026-10-10T01:46:34Z
2026,5,2026_05_CLE_NYJ,2026-10-11T17:00:00+00:00,00-0039798,Isaiah Davis,player_anytime_td,fanduel,,500.0,,2026-10-10T01:45:58Z,2026-10-10T01:46:34Z
2026,5,2026_05_CLE_NYJ,2026-10-11T17:00:00+00:00,00-0039451,Isaiah Williams,player_anytime_td,fanduel,,440.0,,2026-10-10T01:45:58Z,2026-10-10T01:46:34Z
2026,5,2026_05_CLE_NYJ,2026-10-11T17:00:00+00:00,00-0038794,Jaleel McLaughlin,player_anytime_td,fanduel,,1800.0,,2026-10-10T01:45:58Z,2026-10-10T01:46:34Z
2026,5,2026_05_CLE_NYJ,2026-10-11T17:00:00+00:00,00-0040405,Jamaal Pritchett,player_anytime_td,fanduel,,2500.0,,2026-10-10T01:45:58Z,2026-10-10T01:46:34Z
2026,5,2026_05_CLE_NYJ,2026-10-11T17:00:00+00:00,00-0037755,Jelani Woods,player_anytime_td,fanduel,,1000.0,,2026-10-10T01:45:58Z,2026-10-10T01:46:34Z
2026,5,2026_05_CLE_NYJ,2026-10-11T17:00:00+00:00,00-0037805,Jeremy Ruckert,player_anytime_td,fanduel,,1000.0,,2026-10-10T01:45:58Z,2026-10-10T01:46:34Z
2026,5,2026_05_CLE_NYJ,2026-10-11T17:00:00+00:00,00-0036407,Jerry Jeudy,player_anytime_td,fanduel,,700.0,,2026-10-10T01:45:58Z,2026-10-10T01:46:34Z
2026,5,2026_05_CLE_NYJ,2026-10-11T17:00:00+00:00,00-0041547,KC Concepcion,player_anytime_td,fanduel,,300.0,,2026-10-10T01:45:58Z,2026-10-10T01:46:34Z
2026,5,2026_05_CLE_NYJ,2026-10-11T17:00:00+00:00,00-0036842,Kene Nwangwu,player_anytime_td,fanduel,,2700.0,,2026-10-10T01:45:58Z,2026-10-10T01:46:34Z
2026,5,2026_05_CLE_NYJ,2026-10-11T17:00:00+00:00,00-0041032,Kenyon Sadiq,player_anytime_td,fanduel,,260.0,,2026-10-10T01:45:58Z,2026-10-10T01:46:34Z
2026,5,2026_05_CLE_NYJ,2026-10-11T17:00:00+00:00,00-0039920,Malachi Corley,player_anytime_td,fanduel,,1800.0,,2026-10-10T01:45:58Z,2026-10-10T01:46:34Z
2026,5,2026_05_CLE_NYJ,2026-10-11T17:00:00+00:00,00-0041267,Malik McClain,player_anytime_td,fanduel,,2700.0,,2026-10-10T01:45:58Z,2026-10-10T01:46:34Z
2026,5,2026_05_CLE_NYJ,2026-10-11T17:00:00+00:00,00-0040736,Mason Taylor,player_anytime_td,fanduel,,410.0,,2026-10-10T01:45:58Z,2026-10-10T01:46:34Z
2026,5,2026_05_CLE_NYJ,2026-10-11T17:00:00+00:00,00-0031595,Michael Burton,player_anytime_td,fanduel,,3500.0,,2026-10-10T01:45:58Z,2026-10-10T01:46:34Z
2026,5,2026_05_CLE_NYJ,2026-10-11T17:00:00+00:00,,New York Jets Defense,player_anytime_td,fanduel,,700.0,,2026-10-10T01:45:58Z,2026-10-10T01:46:34Z
2026,5,2026_05_CLE_NYJ,2026-10-11T17:00:00+00:00,00-0040784,Quinshon Judkins,player_anytime_td,fanduel,,160.0,,2026-10-10T01:45:58Z,2026-10-10T01:46:34Z
2026,5,2026_05_CLE_NYJ,2026-10-11T17:00:00+00:00,00-0040466,Raheim Sanders,player_anytime_td,fanduel,,750.0,,2026-10-10T01:45:58Z,2026-10-10T01:46:34Z
2026,5,2026_05_CLE_NYJ,2026-10-11T17:00:00+00:00,00-0033537,Deshaun Watson,player_pass_tds,betmgm,1.5,160.0,-220.0,2026-10-10T01:44:31Z,2026-10-10T01:46:34Z
2026,5,2026_05_CLE_NYJ,2026-10-11T17:00:00+00:00,00-0030565,Geno Smith,player_pass_tds,betmgm,1.5,155.0,-210.0,2026-10-10T01:44:31Z,2026-10-10T01:46:34Z
2026,5,2026_05_CLE_NYJ,2026-10-11T17:00:00+00:00,00-0033537,Deshaun Watson,player_pass_tds,betonlineag,1.5,149.0,-196.0,2026-10-10T01:46:21Z,2026-10-10T01:46:34Z
2026,5,2026_05_CLE_NYJ,2026-10-11T17:00:00+00:00,00-0030565,Geno Smith,player_pass_tds,betonlineag,1.5,146.0,-192.0,2026-10-10T01:46:21Z,2026-10-10T01:46:34Z
2026,5,2026_05_CLE_NYJ,2026-10-11T17:00:00+00:00,00-0033537,Deshaun Watson,player_pass_tds,betrivers,1.5,160.0,-220.0,2026-10-10T01:46:20Z,2026-10-10T01:46:34Z
2026,5,2026_05_CLE_NYJ,2026-10-11T17:00:00+00:00,00-0030565,Geno Smith,player_pass_tds,betrivers,1.5,155.0,-210.0,2026-10-10T01:46:20Z,2026-10-10T01:46:34Z
2026,5,2026_05_CLE_NYJ,2026-10-11T17:00:00+00:00,00-0030565,Geno Smith,player_pass_tds,bovada,1.5,150.0,-200.0,2026-10-10T01:45:49Z,2026-10-10T01:46:34Z
2026,5,2026_05_CLE_NYJ,2026-10-11T17:00:00+00:00,00-0033537,Deshaun Watson,player_pass_tds,draftkings,1.5,152.0,-196.0,2026-10-10T01:45:43Z,2026-10-10T01:46:34Z
2026,5,2026_05_CLE_NYJ,2026-10-11T17:00:00+00:00,00-0030565,Geno Smith,player_pass_tds,draftkings,1.5,149.0,-192.0,2026-10-10T01:45:43Z,2026-10-10T01:46:34Z
2026,5,2026_05_CLE_NYJ,2026-10-11T17:00:00+00:00,00-0033537,Deshaun Watson,player_pass_tds,fanduel,1.5,148.0,-200.0,2026-10-10T01:45:58Z,2026-10-10T01:46:34Z
2026,5,2026_05_CLE_NYJ,2026-10-11T17:00:00+00:00,00-0030565,Geno Smith,player_pass_tds,fanduel,1.5,136.0,-182.0,2026-10-10T01:45:58Z,2026-10-10T01:46:34Z
2026,5,2026_05_CLE_NYJ,2026-10-11T17:00:00+00:00,00-0033537,Deshaun Watson,player_pass_yds,betmgm,199.5,-115.0,-115.0,2026-10-10T01:44:31Z,2026-10-10T01:46:34Z
2026,5,2026_05_CLE_NYJ,2026-10-11T17:00:00+00:00,00-0030565,Geno Smith,player_pass_yds,betmgm,208.5,-115.0,-115.0,2026-10-10T01:44:31Z,2026-10-10T01:46:34Z
2026,5,2026_05_CLE_NYJ,2026-10-11T17:00:00+00:00,00-0033537,Deshaun Watson,player_pass_yds,betonlineag,200.5,-115.0,-112.0,2026-10-10T01:46:21Z,2026-10-10T01:46:34Z
2026,5,2026_05_CLE_NYJ,2026-10-11T17:00:00+00:00,00-0030565,Geno Smith,player_pass_yds,betonlineag,206.5,-114.0,-114.0,2026-10-10T01:46:21Z,2026-10-10T01:46:34Z
2026,5,2026_05_CLE_NYJ,2026-10-11T17:00:00+00:00,00-0033537,Deshaun Watson,player_pass_yds,betrivers,198.5,-115.0,-115.0,2026-10-10T01:46:20Z,2026-10-10T01:46:34Z
2026,5,2026_05_CLE_NYJ,2026-10-11T17:00:00+00:00,00-0030565,Geno Smith,player_pass_yds,betrivers,201.5,-115.0,-115.0,2026-10-10T01:46:20Z,2026-10-10T01:46:34Z
2026,5,2026_05_CLE_NYJ,2026-10-11T17:00:00+00:00,00-0030565,Geno Smith,player_pass_yds,bovada,207.5,-115.0,-115.0,2026-10-10T01:45:49Z,2026-10-10T01:46:34Z
2026,5,2026_05_CLE_NYJ,2026-10-11T17:00:00+00:00,00-0033537,Deshaun Watson,player_pass_yds,draftkings,205.5,-112.0,-112.0,2026-10-10T01:45:43Z,2026-10-10T01:46:34Z
2026,5,2026_05_CLE_NYJ,2026-10-11T17:00:00+00:00,00-0030565,Geno Smith,player_pass_yds,draftkings,207.5,-111.0,-113.0,2026-10-10T01:45:43Z,2026-10-10T01:46:34Z
2026,5,2026_05_CLE_NYJ,2026-10-11T17:00:00+00:00,00-0033537,Deshaun Watson,player_pass_yds,fanduel,200.5,-114.0,-114.0,2026-10-10T01:45:58Z,2026-10-10T01:46:34Z
2026,5,2026_05_CLE_NYJ,2026-10-11T17:00:00+00:00,00-0030565,Geno Smith,player_pass_yds,fanduel,206.5,-114.0,-114.0,2026-10-10T01:45:58Z,2026-10-10T01:46:34Z
2026,5,2026_05_CLE_NYJ,2026-10-11T17:00:00+00:00,00-0039794,Braelon Allen,player_reception_yds,betmgm,16.5,-110.0,-120.0,2026-10-10T01:44:31Z,2026-10-10T01:46:34Z
2026,5,2026_05_CLE_NYJ,2026-10-11T17:00:00+00:00,00-0041037,Denzel Boston,player_reception_yds,betmgm,45.5,-111.0,-118.0,2026-10-10T01:44:31Z,2026-10-10T01:46:34Z
2026,5,2026_05_CLE_NYJ,2026-10-11T17:00:00+00:00,00-0037740,Garrett Wilson,player_reception_yds,betmgm,71.5,-115.0,-115.0,2026-10-10T01:44:31Z,2026-10-10T01:46:34Z
2026,5,2026_05_CLE_NYJ,2026-10-11T17:00:00+00:00,00-0040663,Harold Fannin Jr.,player_reception_yds,betmgm,36.5,-111.0,-118.0,2026-10-10T01:44:31Z,2026-10-10T01:46:34Z
2026,5,2026_05_CLE_NYJ,2026-10-11T17:00:00+00:00,00-0039451,Isaiah Williams,player_reception_yds,betmgm,21.5,-120.0,-111.0,2026-10-10T01:44:31Z,2026-10-10T01:46:34Z
2026,5,2026_05_CLE_NYJ,2026-10-11T17:00:00+00:00,00-0036407,Jerry Jeudy,player_reception_yds,betmgm,14.5,-120.0,-110.0,2026-10-10T01:44:31Z,2026-10-10T01:46:34Z
2026,5,2026_05_CLE_NYJ,2026-10-11T17:00:00+00:00,00-0041547,KC Concepcion,player_reception_yds,betmgm,41.5,-115.0,-115.0,2026-10-10T01:44:31Z,2026-10-10T01:46:34Z
2026,5,2026_05_CLE_NYJ,2026-10-11T17:00:00+00:00,00-0041032,Kenyon Sadiq,player_reception_yds,betmgm,33.5,-120.0,-111.0,2026-10-10T01:44:31Z,2026-10-10T01:46:34Z
2026,5,2026_05_CLE_NYJ,2026-10-11T17:00:00+00:00,00-0040736,Mason Taylor,player_reception_yds,betmgm,13.5,-120.0,-110.0,2026-10-10T01:44:31Z,2026-10-10T01:46:34Z
2026,5,2026_05_CLE_NYJ,2026-10-11T17:00:00+00:00,00-0040784,Quinshon Judkins,player_reception_yds,betmgm,15.5,-120.0,-110.0,2026-10-10T01:44:31Z,2026-10-10T01:46:34Z
2026,5,2026_05_CLE_NYJ,2026-10-11T17:00:00+00:00,00-0040466,Raheim Sanders,player_reception_yds,betmgm,11.5,-115.0,-115.0,2026-10-10T01:44:31Z,2026-10-10T01:46:34Z
2026,5,2026_05_CLE_NYJ,2026-10-11T17:00:00+00:00,00-0039794,Braelon Allen,player_reception_yds,betonlineag,14.5,-119.0,-109.0,2026-10-10T01:46:21Z,2026-10-10T01:46:34Z
2026,5,2026_05_CLE_NYJ,2026-10-11T17:00:00+00:00,00-0041037,Denzel Boston,player_reception_yds,betonlineag,47.5,-114.0,-114.0,2026-10-10T01:46:21Z,2026-10-10T01:46:34Z
2026,5,2026_05_CLE_NYJ,2026-10-11T17:00:00+00:00,00-0037740,Garrett Wilson,player_reception_yds,betonlineag,69.5,-108.0,-120.0,2026-10-10T01:46:21Z,2026-10-10T01:46:34Z
2026,5,2026_05_CLE_NYJ,2026-10-11T17:00:00+00:00,00-0040663,Harold Fannin Jr.,player_reception_yds,betonlineag,35.5,-114.0,-114.0,2026-10-10T01:46:21Z,2026-10-10T01:46:34Z
2026,5,2026_05_CLE_NYJ,2026-10-11T17:00:00+00:00,00-0039451,Isaiah Williams,player_reception_yds,betonlineag,22.5,-115.0,-112.0,2026-10-10T01:46:21Z,2026-10-10T01:46:34Z
2026,5,2026_05_CLE_NYJ,2026-10-11T17:00:00+00:00,00-0036407,Jerry Jeudy,player_reception_yds,betonlineag,14.5,-116.0,-111.0,2026-10-10T01:46:21Z,2026-10-10T01:46:34Z
2026,5,2026_05_CLE_NYJ,2026-10-11T17:00:00+00:00,00-0041547,KC Concepcion,player_reception_yds,betonlineag,39.5,-112.0,-115.0,2026-10-10T01:46:21Z,2026-10-10T01:46:34Z
2026,5,2026_05_CLE_NYJ,2026-10-11T17:00:00+00:00,00-0041032,Kenyon Sadiq,player_reception_yds,betonlineag,29.5,-115.0,-112.0,2026-10-10T01:46:21Z,2026-10-10T01:46:34Z
2026,5,2026_05_CLE_NYJ,2026-10-11T17:00:00+00:00,00-0040736,Mason Taylor,player_reception_yds,betonlineag,13.5,-116.0,-111.0,2026-10-10T01:46:21Z,2026-10-10T01:46:34Z
2026,5,2026_05_CLE_NYJ,2026-10-11T17:00:00+00:00,00-0040784,Quinshon Judkins,player_reception_yds,betonlineag,15.5,-115.0,-112.0,2026-10-10T01:46:21Z,2026-10-10T01:46:34Z
2026,5,2026_05_CLE_NYJ,2026-10-11T17:00:00+00:00,00-0040466,Raheim Sanders,player_reception_yds,betonlineag,12.5,-116.0,-111.0,2026-10-10T01:46:21Z,2026-10-10T01:46:34Z
2026,5,2026_05_CLE_NYJ,2026-10-11T17:00:00+00:00,00-0039794,Braelon Allen,player_reception_yds,betrivers,12.5,-115.0,-115.0,2026-10-10T01:46:20Z,2026-10-10T01:46:34Z
2026,5,2026_05_CLE_NYJ,2026-10-11T17:00:00+00:00,00-0041037,Denzel Boston,player_reception_yds,betrivers,48.5,-114.0,-117.0,2026-10-10T01:46:20Z,2026-10-10T01:46:34Z
2026,5,2026_05_CLE_NYJ,2026-10-11T17:00:00+00:00,00-0037740,Garrett Wilson,player_reception_yds,betrivers,69.5,-114.0,-117.0,2026-10-10T01:46:20Z,2026-10-10T01:46:34Z
2026,5,2026_05_CLE_NYJ,2026-10-11T17:00:00+00:00,00-0040663,Harold Fannin Jr.,player_reception_yds,betrivers,37.5,-113.0,-118.0,2026-10-10T01:46:20Z,2026-10-10T01:46:34Z
2026,5,2026_05_CLE_NYJ,2026-10-11T17:00:00+00:00,00-0039451,Isaiah Williams,player_reception_yds,betrivers,21.5,-117.0,-114.0,2026-10-10T01:46:20Z,2026-10-10T01:46:34Z
2026,5,2026_05_CLE_NYJ,2026-10-11T17:00:00+00:00,00-0036407,Jerry Jeudy,player_reception_yds,betrivers,16.5,-114.0,-117.0,2026-10-10T01:46:20Z,2026-10-10T01:46:34Z
2026,5,2026_05_CLE_NYJ,2026-10-11T17:00:00+00:00,00-0041547,KC Concepcion,player_reception_yds,betrivers,41.5,-113.0,-118.0,2026-10-10T01:46:20Z,2026-10-10T01:46:34Z
2026,5,2026_05_CLE_NYJ,2026-10-11T17:00:00+00:00,00-0041032,Kenyon Sadiq,player_reception_yds,betrivers,30.5,-118.0,-113.0,2026-10-10T01:46:20Z,2026-10-10T01:46:34Z
2026,5,2026_05_CLE_NYJ,2026-10-11T17:00:00+00:00,00-0040736,Mason Taylor,player_reception_yds,betrivers,13.5,-117.0,-114.0,2026-10-10T01:46:20Z,2026-10-10T01:46:34Z
2026,5,2026_05_CLE_NYJ,2026-10-11T17:00:00+00:00,00-0040784,Quinshon Judkins,player_reception_yds,betrivers,14.5,-117.0,-114.0,2026-10-10T01:46:20Z,2026-10-10T01:46:34Z
2026,5,2026_05_CLE_NYJ,2026-10-11T17:00:00+00:00,00-0040466,Raheim Sanders,player_reception_yds,betrivers,11.5,-118.0,-113.0,2026-10-10T01:46:20Z,2026-10-10T01:46:34Z
2026,5,2026_05_CLE_NYJ,2026-10-11T17:00:00+00:00,00-0039794,Braelon Allen,player_reception_yds,bovada,14.5,-115.0,-115.0,2026-10-10T01:45:49Z,2026-10-10T01:46:34Z
2026,5,2026_05_CLE_NYJ,2026-10-11T17:00:00+00:00,00-0041037,Denzel Boston,player_reception_yds,bovada,48.5,-115.0,-115.0,2026-10-10T01:45:49Z,2026-10-10T01:46:34Z
2026,5,2026_05_CLE_NYJ,2026-10-11T17:00:00+00:00,00-0037740,Garrett Wilson,player_reception_yds,bovada,69.5,-115.0,-115.0,2026-10-10T01:45:49Z,2026-10-10T01:46:34Z
2026,5,2026_05_CLE_NYJ,2026-10-11T17:00:00+00:00,00-0040663,Harold Fannin Jr.,player_reception_yds,bovada,35.5,-120.0,-110.0,2026-10-10T01:45:49Z,2026-10-10T01:46:34Z
2026,5,2026_05_CLE_NYJ,2026-10-11T17:00:00+00:00,00-0039451,Isaiah Williams,player_reception_yds,bovada,21.5,-115.0,-115.0,2026-10-10T01:45:49Z,2026-10-10T01:46:34Z
2026,5,2026_05_CLE_NYJ,2026-10-11T17:00:00+00:00,00-0036407,Jerry Jeudy,player_reception_yds,bovada,14.5,-110.0,-120.0,2026-10-10T01:45:49Z,2026-10-10T01:46:34Z
2026,5,2026_05_CLE_NYJ,2026-10-11T17:00:00+00:00,00-0041547,KC Concepcion,player_reception_yds,bovada,40.5,-110.0,-120.0,2026-10-10T01:45:49Z,2026-10-10T01:46:34Z
2026,5,2026_05_CLE_NYJ,2026-10-11T17:00:00+00:00,00-0041032,Kenyon Sadiq,player_reception_yds,bovada,30.5,-115.0,-115.0,2026-10-10T01:45:49Z,2026-10-10T01:46:34Z
2026,5,2026_05_CLE_NYJ,2026-10-11T17:00:00+00:00,00-0040736,Mason Taylor,player_reception_yds,bovada,13.5,-120.0,-110.0,2026-10-10T01:45:49Z,2026-10-10T01:46:34Z
2026,5,2026_05_CLE_NYJ,2026-10-11T17:00:00+00:00,00-0040784,Quinshon Judkins,player_reception_yds,bovada,15.5,-115.0,-115.0,2026-10-10T01:45:49Z,2026-10-10T01:46:34Z
2026,5,2026_05_CLE_NYJ,2026-10-11T17:00:00+00:00,00-0040466,Raheim Sanders,player_reception_yds,bovada,12.5,-120.0,-110.0,2026-10-10T01:45:49Z,2026-10-10T01:46:34Z
2026,5,2026_05_CLE_NYJ,2026-10-11T17:00:00+00:00,00-0039794,Braelon Allen,player_reception_yds,draftkings,14.5,-114.0,-110.0,2026-10-10T01:45:43Z,2026-10-10T01:46:34Z
2026,5,2026_05_CLE_NYJ,2026-10-11T17:00:00+00:00,00-0041037,Denzel Boston,player_reception_yds,draftkings,48.5,-110.0,-114.0,2026-10-10T01:45:43Z,2026-10-10T01:46:34Z
2026,5,2026_05_CLE_NYJ,2026-10-11T17:00:00+00:00,00-0037740,Garrett Wilson,player_reception_yds,draftkings,69.5,-112.0,-112.0,2026-10-10T01:45:43Z,2026-10-10T01:46:34Z
2026,5,2026_05_CLE_NYJ,2026-10-11T17:00:00+00:00,00-0040663,Harold Fannin Jr.,player_reception_yds,draftkings,35.5,-115.0,-109.0,2026-10-10T01:45:43Z,2026-10-10T01:46:34Z
2026,5,2026_05_CLE_NYJ,2026-10-11T17:00:00+00:00,00-0039451,Isaiah Williams,player_reception_yds,draftkings,21.5,-112.0,-112.0,2026-10-10T01:45:43Z,2026-10-10T01:46:34Z
2026,5,2026_05_CLE_NYJ,2026-10-11T17:00:00+00:00,00-0036407,Jerry Jeudy,player_reception_yds,draftkings,14.5,-109.0,-116.0,2026-10-10T01:45:43Z,2026-10-10T01:46:34Z
2026,5,2026_05_CLE_NYJ,2026-10-11T17:00:00+00:00,00-0041547,KC Concepcion,player_reception_yds,draftkings,40.5,-110.0,-115.0,2026-10-10T01:45:43Z,2026-10-10T01:46:34Z
2026,5,2026_05_CLE_NYJ,2026-10-11T17:00:00+00:00,00-0041032,Kenyon Sadiq,player_reception_yds,draftkings,30.5,-111.0,-112.0,2026-10-10T01:45:43Z,2026-10-10T01:46:34Z
2026,5,2026_05_CLE_NYJ,2026-10-11T17:00:00+00:00,00-0040736,Mason Taylor,player_reception_yds,draftkings,13.5,-115.0,-109.0,2026-10-10T01:45:43Z,2026-10-10T01:46:34Z
2026,5,2026_05_CLE_NYJ,2026-10-11T17:00:00+00:00,00-0040784,Quinshon Judkins,player_reception_yds,draftkings,15.5,-110.0,-114.0,2026-10-10T01:45:43Z,2026-10-10T01:46:34Z
2026,5,2026_05_CLE_NYJ,2026-10-11T17:00:00+00:00,00-0040466,Raheim Sanders,player_reception_yds,draftkings,12.5,-116.0,-108.0,2026-10-10T01:45:43Z,2026-10-10T01:46:34Z
2026,5,2026_05_CLE_NYJ,2026-10-11T17:00:00+00:00,00-0039794,Braelon Allen,player_reception_yds,fanduel,13.5,-114.0,-114.0,2026-10-10T01:45:58Z,2026-10-10T01:46:34Z
2026,5,2026_05_CLE_NYJ,2026-10-11T17:00:00+00:00,00-0041037,Denzel Boston,player_reception_yds,fanduel,47.5,-114.0,-114.0,2026-10-10T01:45:58Z,2026-10-10T01:46:34Z
2026,5,2026_05_CLE_NYJ,2026-10-11T17:00:00+00:00,00-0037740,Garrett Wilson,player_reception_yds,fanduel,68.5,-114.0,-114.0,2026-10-10T01:45:58Z,2026-10-10T01:46:34Z
2026,5,2026_05_CLE_NYJ,2026-10-11T17:00:00+00:00,00-0040663,Harold Fannin Jr.,player_reception_yds,fanduel,35.5,-114.0,-114.0,2026-10-10T01:45:58Z,2026-10-10T01:46:34Z
2026,5,2026_05_CLE_NYJ,2026-10-11T17:00:00+00:00,00-0039451,Isaiah Williams,player_reception_yds,fanduel,23.5,-114.0,-114.0,2026-10-10T01:45:58Z,2026-10-10T01:46:34Z
2026,5,2026_05_CLE_NYJ,2026-10-11T17:00:00+00:00,00-0036407,Jerry Jeudy,player_reception_yds,fanduel,14.5,-114.0,-114.0,2026-10-10T01:45:58Z,2026-10-10T01:46:34Z
2026,5,2026_05_CLE_NYJ,2026-10-11T17:00:00+00:00,00-0041547,KC Concepcion,player_reception_yds,fanduel,38.5,-114.0,-114.0,2026-10-10T01:45:58Z,2026-10-10T01:46:34Z
2026,5,2026_05_CLE_NYJ,2026-10-11T17:00:00+00:00,00-0041032,Kenyon Sadiq,player_reception_yds,fanduel,32.5,-114.0,-114.0,2026-10-10T01:45:58Z,2026-10-10T01:46:34Z
2026,5,2026_05_CLE_NYJ,2026-10-11T17:00:00+00:00,00-0040736,Mason Taylor,player_reception_yds,fanduel,13.5,-114.0,-114.0,2026-10-10T01:45:58Z,2026-10-10T01:46:34Z
2026,5,2026_05_CLE_NYJ,2026-10-11T17:00:00+00:00,00-0040784,Quinshon Judkins,player_reception_yds,fanduel,15.5,-114.0,-114.0,2026-10-10T01:45:58Z,2026-10-10T01:46:34Z
2026,5,2026_05_CLE_NYJ,2026-10-11T17:00:00+00:00,00-0040466,Raheim Sanders,player_reception_yds,fanduel,12.5,-114.0,-114.0,2026-10-10T01:45:58Z,2026-10-10T01:46:34Z
2026,5,2026_05_CLE_NYJ,2026-10-11T17:00:00+00:00,00-0039794,Braelon Allen,player_receptions,betmgm,2.5,-105.0,-125.0,2026-10-10T01:44:31Z,2026-10-10T01:46:34Z
2026,5,2026_05_CLE_NYJ,2026-10-11T17:00:00+00:00,00-0041037,Denzel Boston,player_receptions,betmgm,3.5,100.0,-135.0,2026-10-10T01:44:31Z,2026-10-10T01:46:34Z
2026,5,2026_05_CLE_NYJ,2026-10-11T17:00:00+00:00,00-0037740,Garrett Wilson,player_receptions,betmgm,5.5,-155.0,115.0,2026-10-10T01:44:31Z,2026-10-10T01:46:34Z
2026,5,2026_05_CLE_NYJ,2026-10-11T17:00:00+00:00,00-0040663,Harold Fannin Jr.,player_receptions,betmgm,3.5,-160.0,120.0,2026-10-10T01:44:31Z,2026-10-10T01:46:34Z
2026,5,2026_05_CLE_NYJ,2026-10-11T17:00:00+00:00,00-0039451,Isaiah Williams,player_receptions,betmgm,2.5,-105.0,-125.0,2026-10-10T01:44:31Z,2026-10-10T01:46:34Z
2026,5,2026_05_CLE_NYJ,2026-10-11T17:00:00+00:00,00-0036407,Jerry Jeudy,player_receptions,betmgm,1.5,-105.0,-125.0,2026-10-10T01:44:31Z,2026-10-10T01:46:34Z
2026,5,2026_05_CLE_NYJ,2026-10-11T17:00:00+00:00,00-0041547,KC Concepcion,player_receptions,betmgm,4.5,100.0,-135.0,2026-10-10T01:44:31Z,2026-10-10T01:46:34Z
2026,5,2026_05_CLE_NYJ,2026-10-11T17:00:00+00:00,00-0041032,Kenyon Sadiq,player_receptions,betmgm,3.5,105.0,-140.0,2026-10-10T01:44:31Z,2026-10-10T01:46:34Z
2026,5,2026_05_CLE_NYJ,2026-10-11T17:00:00+00:00,00-0040736,Mason Taylor,player_receptions,betmgm,1.5,-165.0,125.0,2026-10-10T01:44:31Z,2026-10-10T01:46:34Z
2026,5,2026_05_CLE_NYJ,2026-10-11T17:00:00+00:00,00-0040784,Quinshon Judkins,player_receptions,betmgm,2.5,-135.0,100.0,2026-10-10T01:44:31Z,2026-10-10T01:46:34Z
2026,5,2026_05_CLE_NYJ,2026-10-11T17:00:00+00:00,00-0040466,Raheim Sanders,player_receptions,betmgm,1.5,-185.0,135.0,2026-10-10T01:44:31Z,2026-10-10T01:46:34Z
2026,5,2026_05_CLE_NYJ,2026-10-11T17:00:00+00:00,00-0039794,Braelon Allen,player_receptions,betonlineag,2.5,-105.0,-123.0,2026-10-10T01:46:21Z,2026-10-10T01:46:34Z
2026,5,2026_05_CLE_NYJ,2026-10-11T17:00:00+00:00,00-0041037,Denzel Boston,player_receptions,betonlineag,3.5,107.0,-139.0,2026-10-10T01:46:21Z,2026-10-10T01:46:34Z
2026,5,2026_05_CLE_NYJ,2026-10-11T17:00:00+00:00,00-0037740,Garrett Wilson,player_receptions,betonlineag,6.5,125.0,-164.0,2026-10-10T01:46:21Z,2026-10-10T01:46:34Z
2026,5,2026_05_CLE_NYJ,2026-10-11T17:00:00+00:00,00-0040663,Harold Fannin Jr.,player_receptions,betonlineag,4.5,110.0,-143.0,2026-10-10T01:46:21Z,2026-10-10T01:46:34Z
2026,5,2026_05_CLE_NYJ,2026-10-11T17:00:00+00:00,00-0039451,Isaiah Williams,player_receptions,betonlineag,2.5,106.0,-137.0,2026-10-10T01:46:21Z,2026-10-10T01:46:34Z
2026,5,2026_05_CLE_NYJ,2026-10-11T17:00:00+00:00,00-0036407,Jerry Jeudy,player_receptions,betonlineag,1.5,-103.0,-125.0,2026-10-10T01:46:21Z,2026-10-10T01:46:34Z
2026,5,2026_05_CLE_NYJ,2026-10-11T17:00:00+00:00,00-0041547,KC Concepcion,player_receptions,betonlineag,4.5,104.0,-135.0,2026-10-10T01:46:21Z,2026-10-10T01:46:34Z
2026,5,2026_05_CLE_NYJ,2026-10-11T17:00:00+00:00,00-0041032,Kenyon Sadiq,player_receptions,betonlineag,3.5,106.0,-137.0,2026-10-10T01:46:21Z,2026-10-10T01:46:34Z
2026,5,2026_05_CLE_NYJ,2026-10-11T17:00:00+00:00,00-0040736,Mason Taylor,player_receptions,betonlineag,1.5,-156.0,121.0,2026-10-10T01:46:21Z,2026-10-10T01:46:34Z
2026,5,2026_05_CLE_NYJ,2026-10-11T17:00:00+00:00,00-0040784,Quinshon Judkins,player_receptions,betonlineag,2.5,-130.0,100.0,2026-10-10T01:46:21Z,2026-10-10T01:46:34Z
2026,5,2026_05_CLE_NYJ,2026-10-11T17:00:00+00:00,00-0040466,Raheim Sanders,player_receptions,betonlineag,1.5,-192.0,147.0,2026-10-10T01:46:21Z,2026-10-10T01:46:34Z
2026,5,2026_05_CLE_NYJ,2026-10-11T17:00:00+00:00,00-0039794,Braelon Allen,player_receptions,betrivers,2.5,-104.0,,2026-10-10T01:46:20Z,2026-10-10T01:46:34Z
2026,5,2026_05_CLE_NYJ,2026-10-11T17:00:00+00:00,00-0041037,Denzel Boston,player_receptions,betrivers,3.5,100.0,,2026-10-10T01:46:20Z,2026-10-10T01:46:34Z
2026,5,2026_05_CLE_NYJ,2026-10-11T17:00:00+00:00,00-0037740,Garrett Wilson,player_receptions,betrivers,6.5,115.0,,2026-10-10T01:46:20Z,2026-10-10T01:46:34Z
2026,5,2026_05_CLE_NYJ,2026-10-11T17:00:00+00:00,00-0040663,Harold Fannin Jr.,player_receptions,betrivers,4.5,110.0,,2026-10-10T01:46:20Z,2026-10-10T01:46:34Z
2026,5,2026_05_CLE_NYJ,2026-10-11T17:00:00+00:00,00-0039451,Isaiah Williams,player_receptions,betrivers,2.5,112.0,,2026-10-10T01:46:20Z,2026-10-10T01:46:34Z
2026,5,2026_05_CLE_NYJ,2026-10-11T17:00:00+00:00,00-0036407,Jerry Jeudy,player_receptions,betrivers,1.5,108.0,,2026-10-10T01:46:20Z,2026-10-10T01:46:34Z
2026,5,2026_05_CLE_NYJ,2026-10-11T17:00:00+00:00,00-0041547,KC Concepcion,player_receptions,betrivers,4.5,116.0,,2026-10-10T01:46:20Z,2026-10-10T01:46:34Z
2026,5,2026_05_CLE_NYJ,2026-10-11T17:00:00+00:00,00-0041032,Kenyon Sadiq,player_receptions,betrivers,3.5,-109.0,,2026-10-10T01:46:20Z,2026-10-10T01:46:34Z
2026,5,2026_05_CLE_NYJ,2026-10-11T17:00:00+00:00,00-0040736,Mason Taylor,player_receptions,betrivers,1.5,-150.0,,2026-10-10T01:46:20Z,2026-10-10T01:46:34Z
2026,5,2026_05_CLE_NYJ,2026-10-11T17:00:00+00:00,00-0040784,Quinshon Judkins,player_receptions,betrivers,2.5,-150.0,,2026-10-10T01:46:20Z,2026-10-10T01:46:34Z
2026,5,2026_05_CLE_NYJ,2026-10-11T17:00:00+00:00,00-0040466,Raheim Sanders,player_receptions,betrivers,1.5,-182.0,,2026-10-10T01:46:20Z,2026-10-10T01:46:34Z
2026,5,2026_05_CLE_NYJ,2026-10-11T17:00:00+00:00,00-0039794,Braelon Allen,player_receptions,bovada,2.5,-105.0,-125.0,2026-10-10T01:45:49Z,2026-10-10T01:46:34Z
2026,5,2026_05_CLE_NYJ,2026-10-11T17:00:00+00:00,00-0041037,Denzel Boston,player_receptions,bovada,3.5,100.0,-130.0,2026-10-10T01:45:49Z,2026-10-10T01:46:34Z
2026,5,2026_05_CLE_NYJ,2026-10-11T17:00:00+00:00,00-0037740,Garrett Wilson,player_receptions,bovada,5.5,-150.0,115.0,2026-10-10T01:45:49Z,2026-10-10T01:46:34Z
2026,5,2026_05_CLE_NYJ,2026-10-11T17:00:00+00:00,00-0040663,Harold Fannin Jr.,player_receptions,bovada,4.5,105.0,-135.0,2026-10-10T01:45:49Z,2026-10-10T01:46:34Z
2026,5,2026_05_CLE_NYJ,2026-10-11T17:00:00+00:00,00-0039451,Isaiah Williams,player_receptions,bovada,2.5,120.0,-160.0,2026-10-10T01:45:49Z,2026-10-10T01:46:34Z
2026,5,2026_05_CLE_NYJ,2026-10-11T17:00:00+00:00,00-0036407,Jerry Jeudy,player_receptions,bovada,1.5,-105.0,-125.0,2026-10-10T01:45:49Z,2026-10-10T01:46:34Z
2026,5,2026_05_CLE_NYJ,2026-10-11T17:00:00+00:00,00-0041547,KC Concepcion,player_receptions,bovada,4.5,100.0,-130.0,2026-10-10T01:45:49Z,2026-10-10T01:46:34Z
2026,5,2026_05_CLE_NYJ,2026-10-11T17:00:00+00:00,00-0041032,Kenyon Sadiq,player_receptions,bovada,3.5,115.0,-150.0,2026-10-10T01:45:49Z,2026-10-10T01:46:34Z
2026,5,2026_05_CLE_NYJ,2026-10-11T17:00:00+00:00,00-0040736,Mason Taylor,player_receptions,bovada,1.5,-160.0,120.0,2026-10-10T01:45:49Z,2026-10-10T01:46:34Z
2026,5,2026_05_CLE_NYJ,2026-10-11T17:00:00+00:00,00-0040784,Quinshon Judkins,player_receptions,bovada,2.5,-120.0,-110.0,2026-10-10T01:45:49Z,2026-10-10T01:46:34Z
2026,5,2026_05_CLE_NYJ,2026-10-11T17:00:00+00:00,00-0040466,Raheim Sanders,player_receptions,bovada,2.5,145.0,-190.0,2026-10-10T01:45:49Z,2026-10-10T01:46:34Z
2026,5,2026_05_CLE_NYJ,2026-10-11T17:00:00+00:00,00-0039794,Braelon Allen,player_receptions,draftkings,2.5,-105.0,-122.0,2026-10-10T01:45:43Z,2026-10-10T01:46:34Z
2026,5,2026_05_CLE_NYJ,2026-10-11T17:00:00+00:00,00-0041037,Denzel Boston,player_receptions,draftkings,3.5,100.0,-127.0,2026-10-10T01:45:43Z,2026-10-10T01:46:34Z
2026,5,2026_05_CLE_NYJ,2026-10-11T17:00:00+00:00,00-0037740,Garrett Wilson,player_receptions,draftkings,5.5,-151.0,118.0,2026-10-10T01:45:43Z,2026-10-10T01:46:34Z
2026,5,2026_05_CLE_NYJ,2026-10-11T17:00:00+00:00,00-0040663,Harold Fannin Jr.,player_receptions,draftkings,4.5,106.0,-135.0,2026-10-10T01:45:43Z,2026-10-10T01:46:34Z
2026,5,2026_05_CLE_NYJ,2026-10-11T17:00:00+00:00,00-0039451,Isaiah Williams,player_receptions,draftkings,2.5,120.0,-153.0,2026-10-10T01:45:43Z,2026-10-10T01:46:34Z
2026,5,2026_05_CLE_NYJ,2026-10-11T17:00:00+00:00,00-0036407,Jerry Jeudy,player_receptions,draftkings,1.5,-105.0,-121.0,2026-10-10T01:45:43Z,2026-10-10T01:46:34Z
2026,5,2026_05_CLE_NYJ,2026-10-11T17:00:00+00:00,00-0041547,KC Concepcion,player_receptions,draftkings,4.5,-101.0,-127.0,2026-10-10T01:45:43Z,2026-10-10T01:46:34Z
2026,5,2026_05_CLE_NYJ,2026-10-11T17:00:00+00:00,00-0041032,Kenyon Sadiq,player_receptions,draftkings,3.5,114.0,-145.0,2026-10-10T01:45:43Z,2026-10-10T01:46:34Z
2026,5,2026_05_CLE_NYJ,2026-10-11T17:00:00+00:00,00-0040736,Mason Taylor,player_receptions,draftkings,1.5,-155.0,121.0,2026-10-10T01:45:43Z,2026-10-10T01:46:34Z
2026,5,2026_05_CLE_NYJ,2026-10-11T17:00:00+00:00,00-0040784,Quinshon Judkins,player_receptions,draftkings,2.5,-120.0,-106.0,2026-10-10T01:45:43Z,2026-10-10T01:46:34Z
2026,5,2026_05_CLE_NYJ,2026-10-11T17:00:00+00:00,00-0040466,Raheim Sanders,player_receptions,draftkings,2.5,148.0,-190.0,2026-10-10T01:45:43Z,2026-10-10T01:46:34Z
2026,5,2026_05_CLE_NYJ,2026-10-11T17:00:00+00:00,00-0039794,Braelon Allen,player_receptions,fanduel,2.5,-102.0,-130.0,2026-10-10T01:45:58Z,2026-10-10T01:46:34Z
2026,5,2026_05_CLE_NYJ,2026-10-11T17:00:00+00:00,00-0041037,Denzel Boston,player_receptions,fanduel,3.5,108.0,-144.0,2026-10-10T01:45:58Z,2026-10-10T01:46:34Z
2026,5,2026_05_CLE_NYJ,2026-10-11T17:00:00+00:00,00-0037740,Garrett Wilson,player_receptions,fanduel,6.5,120.0,-160.0,2026-10-10T01:45:58Z,2026-10-10T01:46:34Z
2026,5,2026_05_CLE_NYJ,2026-10-11T17:00:00+00:00,00-0040663,Harold Fannin Jr.,player_receptions,fanduel,4.5,118.0,-158.0,2026-10-10T01:45:58Z,2026-10-10T01:46:34Z
2026,5,2026_05_CLE_NYJ,2026-10-11T17:00:00+00:00,00-0039451,Isaiah Williams,player_receptions,fanduel,2.5,102.0,-136.0,2026-10-10T01:45:58Z,2026-10-10T01:46:34Z
2026,5,2026_05_CLE_NYJ,2026-10-11T17:00:00+00:00,00-0036407,Jerry Jeudy,player_receptions,fanduel,1.5,-106.0,-125.0,2026-10-10T01:45:58Z,2026-10-10T01:46:34Z
2026,5,2026_05_CLE_NYJ,2026-10-11T17:00:00+00:00,00-0041547,KC Concepcion,player_receptions,fanduel,4.5,116.0,-154.0,2026-10-10T01:45:58Z,2026-10-10T01:46:34Z
2026,5,2026_05_CLE_NYJ,2026-10-11T17:00:00+00:00,00-0041032,Kenyon Sadiq,player_receptions,fanduel,3.5,102.0,-136.0,2026-10-10T01:45:58Z,2026-10-10T01:46:34Z
2026,5,2026_05_CLE_NYJ,2026-10-11T17:00:00+00:00,00-0040736,Mason Taylor,player_receptions,fanduel,1.5,-154.0,116.0,2026-10-10T01:45:58Z,2026-10-10T01:46:34Z
2026,5,2026_05_CLE_NYJ,2026-10-11T17:00:00+00:00,00-0040784,Quinshon Judkins,player_receptions,fanduel,2.5,-136.0,102.0,2026-10-10T01:45:58Z,2026-10-10T01:46:34Z
2026,5,2026_05_CLE_NYJ,2026-10-11T17:00:00+00:00,00-0040466,Raheim Sanders,player_receptions,fanduel,1.5,-210.0,154.0,2026-10-10T01:45:58Z,2026-10-10T01:46:34Z
2026,5,2026_05_CLE_NYJ,2026-10-11T17:00:00+00:00,00-0039794,Braelon Allen,player_rush_yds,betmgm,70.5,-115.0,-115.0,2026-10-10T01:44:31Z,2026-10-10T01:46:34Z
2026,5,2026_05_CLE_NYJ,2026-10-11T17:00:00+00:00,00-0030565,Geno Smith,player_rush_yds,betmgm,10.5,-115.0,-115.0,2026-10-10T01:44:31Z,2026-10-10T01:46:34Z
2026,5,2026_05_CLE_NYJ,2026-10-11T17:00:00+00:00,00-0039798,Isaiah Davis,player_rush_yds,betmgm,10.5,-120.0,-110.0,2026-10-10T01:44:31Z,2026-10-10T01:46:34Z
2026,5,2026_05_CLE_NYJ,2026-10-11T17:00:00+00:00,00-0040784,Quinshon Judkins,player_rush_yds,betmgm,57.5,-111.0,-118.0,2026-10-10T01:44:31Z,2026-10-10T01:46:34Z
2026,5,2026_05_CLE_NYJ,2026-10-11T17:00:00+00:00,00-0039794,Braelon Allen,player_rush_yds,betonlineag,71.5,-115.0,-112.0,2026-10-10T01:46:21Z,2026-10-10T01:46:34Z
2026,5,2026_05_CLE_NYJ,2026-10-11T17:00:00+00:00,00-0033537,Deshaun Watson,player_rush_yds,betonlineag,26.5,-114.0,-114.0,2026-10-10T01:46:21Z,2026-10-10T01:46:34Z
2026,5,2026_05_CLE_NYJ,2026-10-11T17:00:00+00:00,00-0030565,Geno Smith,player_rush_yds,betonlineag,10.5,-114.0,-114.0,2026-10-10T01:46:21Z,2026-10-10T01:46:34Z
2026,5,2026_05_CLE_NYJ,2026-10-11T17:00:00+00:00,00-0039798,Isaiah Davis,player_rush_yds,betonlineag,11.5,-114.0,-114.0,2026-10-10T01:46:21Z,2026-10-10T01:46:34Z
2026,5,2026_05_CLE_NYJ,2026-10-11T17:00:00+00:00,00-0040784,Quinshon Judkins,player_rush_yds,betonlineag,59.5,-114.0,-114.0,2026-10-10T01:46:21Z,2026-10-10T01:46:34Z
2026,5,2026_05_CLE_NYJ,2026-10-11T17:00:00+00:00,00-0039794,Braelon Allen,player_rush_yds,betrivers,71.5,-113.0,-118.0,2026-10-10T01:46:20Z,2026-10-10T01:46:34Z
2026,5,2026_05_CLE_NYJ,2026-10-11T17:00:00+00:00,00-0033537,Deshaun Watson,player_rush_yds,betrivers,25.5,-118.0,-112.0,2026-10-10T01:46:20Z,2026-10-10T01:46:34Z
2026,5,2026_05_CLE_NYJ,2026-10-11T17:00:00+00:00,00-0030565,Geno Smith,player_rush_yds,betrivers,10.5,-120.0,-110.0,2026-10-10T01:46:20Z,2026-10-10T01:46:34Z
2026,5,2026_05_CLE_NYJ,2026-10-11T17:00:00+00:00,00-0039798,Isaiah Davis,player_rush_yds,betrivers,11.5,-115.0,-115.0,2026-10-10T01:46:20Z,2026-10-10T01:46:34Z
2026,5,2026_05_CLE_NYJ,2026-10-11T17:00:00+00:00,00-0040784,Quinshon Judkins,player_rush_yds,betrivers,60.5,-113.0,-118.0,2026-10-10T01:46:20Z,2026-10-10T01:46:34Z
2026,5,2026_05_CLE_NYJ,2026-10-11T17:00:00+00:00,00-0039794,Braelon Allen,player_rush_yds,bovada,70.5,-115.0,-115.0,2026-10-10T01:45:49Z,2026-10-10T01:46:34Z
2026,5,2026_05_CLE_NYJ,2026-10-11T17:00:00+00:00,00-0030565,Geno Smith,player_rush_yds,bovada,10.5,-115.0,-115.0,2026-10-10T01:45:49Z,2026-10-10T01:46:34Z
2026,5,2026_05_CLE_NYJ,2026-10-11T17:00:00+00:00,00-0039798,Isaiah Davis,player_rush_yds,bovada,12.5,-115.0,-115.0,2026-10-10T01:45:49Z,2026-10-10T01:46:34Z
2026,5,2026_05_CLE_NYJ,2026-10-11T17:00:00+00:00,00-0040784,Quinshon Judkins,player_rush_yds,bovada,58.5,-120.0,-110.0,2026-10-10T01:45:49Z,2026-10-10T01:46:34Z
2026,5,2026_05_CLE_NYJ,2026-10-11T17:00:00+00:00,00-0039794,Braelon Allen,player_rush_yds,draftkings,70.5,-113.0,-111.0,2026-10-10T01:45:43Z,2026-10-10T01:46:34Z
2026,5,2026_05_CLE_NYJ,2026-10-11T17:00:00+00:00,00-0033537,Deshaun Watson,player_rush_yds,draftkings,26.5,-108.0,-116.0,2026-10-10T01:45:43Z,2026-10-10T01:46:34Z
2026,5,2026_05_CLE_NYJ,2026-10-11T17:00:00+00:00,00-0030565,Geno Smith,player_rush_yds,draftkings,10.5,-114.0,-110.0,2026-10-10T01:45:43Z,2026-10-10T01:46:34Z
2026,5,2026_05_CLE_NYJ,2026-10-11T17:00:00+00:00,00-0039798,Isaiah Davis,player_rush_yds,draftkings,12.5,-110.0,-114.0,2026-10-10T01:45:43Z,2026-10-10T01:46:34Z
2026,5,2026_05_CLE_NYJ,2026-10-11T17:00:00+00:00,00-0040784,Quinshon Judkins,player_rush_yds,draftkings,58.5,-115.0,-109.0,2026-10-10T01:45:43Z,2026-10-10T01:46:34Z
2026,5,2026_05_CLE_NYJ,2026-10-11T17:00:00+00:00,00-0039794,Braelon Allen,player_rush_yds,fanduel,71.5,-114.0,-114.0,2026-10-10T01:45:58Z,2026-10-10T01:46:34Z
2026,5,2026_05_CLE_NYJ,2026-10-11T17:00:00+00:00,00-0033537,Deshaun Watson,player_rush_yds,fanduel,26.5,-114.0,-114.0,2026-10-10T01:45:58Z,2026-10-10T01:46:34Z
2026,5,2026_05_CLE_NYJ,2026-10-11T17:00:00+00:00,00-0030565,Geno Smith,player_rush_yds,fanduel,10.5,-114.0,-114.0,2026-10-10T01:45:58Z,2026-10-10T01:46:34Z
2026,5,2026_05_CLE_NYJ,2026-10-11T17:00:00+00:00,00-0039798,Isaiah Davis,player_rush_yds,fanduel,11.5,-114.0,-114.0,2026-10-10T01:45:58Z,2026-10-10T01:46:34Z
2026,5,2026_05_CLE_NYJ,2026-10-11T17:00:00+00:00,00-0040784,Quinshon Judkins,player_rush_yds,fanduel,59.5,-114.0,-114.0,2026-10-10T01:45:58Z,2026-10-10T01:46:34Z
2026,5,2026_05_HOU_TEN,2026-10-11T17:00:00+00:00,00-0036556,Brevin Jordan,player_anytime_td,betmgm,,2500.0,,2026-10-10T01:45:44Z,2026-10-10T01:46:34Z
2026,5,2026_05_HOU_TEN,2026-10-11T17:00:00+00:00,00-0039163,C.J. Stroud,player_anytime_td,betmgm,,700.0,,2026-10-10T01:45:44Z,2026-10-10T01:46:34Z
2026,5,2026_05_HOU_TEN,2026-10-11T17:00:00+00:00,00-0039359,Cade Stover,player_anytime_td,betmgm,,1050.0,,2026-10-10T01:45:44Z,2026-10-10T01:46:34Z
2026,5,2026_05_HOU_TEN,2026-10-11T17:00:00+00:00,00-0034837,Calvin Ridley,player_anytime_td,betmgm,,900.0,,2026-10-10T01:45:44Z,2026-10-10T01:46:34Z
2026,5,2026_05_HOU_TEN,2026-10-11T17:00:00+00:00,00-0040676,Cam Ward,player_anytime_td,betmgm,,650.0,,2026-10-10T01:45:44Z,2026-10-10T01:46:34Z
2026,5,2026_05_HOU_TEN,2026-10-11T17:00:00+00:00,00-0041438,Carnell Tate,player_anytime_td,betmgm,,290.0,,2026-10-10T01:45:44Z,2026-10-10T01:46:34Z
2026,5,2026_05_HOU_TEN,2026-10-11T17:00:00+00:00,00-0034383,Dalton Schultz,player_anytime_td,betmgm,,270.0,,2026-10-10T01:45:44Z,2026-10-10T01:46:34Z
2026,5,2026_05_HOU_TEN,2026-10-11T17:00:00+00:00,00-0038115,Daniel Bellinger,player_anytime_td,betmgm,,1050.0,,2026-10-10T01:45:44Z,2026-10-10T01:46:34Z
2026,5,2026_05_HOU_TEN,2026-10-11T17:00:00+00:00,00-0033854,Dare Ogunbowale,player_anytime_td,betmgm,,2200.0,,2026-10-10T01:45:44Z,2026-10-10T01:46:34Z
2026,5,2026_05_HOU_TEN,2026-10-11T17:00:00+00:00,00-0039648,David Martin-Robinson,player_anytime_td,betmgm,,3300.0,,2026-10-10T01:45:44Z,2026-10-10T01:46:34Z
2026,5,2026_05_HOU_TEN,2026-10-11T17:00:00+00:00,00-0035685,David Montgomery,player_anytime_td,betmgm,,120.0,,2026-10-10T01:45:44Z,2026-10-10T01:46:34Z
2026,5,2026_05_HOU_TEN,2026-10-11T17:00:00+00:00,00-0040170,Elic Ayomanor,player_anytime_td,betmgm,,650.0,,2026-10-10T01:45:44Z,2026-10-10T01:46:34Z
2026,5,2026_05_HOU_TEN,2026-10-11T17:00:00+00:00,00-0034981,Foster Moreau,player_anytime_td,betmgm,,775.0,,2026-10-10T01:45:44Z,2026-10-10T01:46:34Z
2026,5,2026_05_HOU_TEN,2026-10-11T17:00:00+00:00,00-0040584,Gunnar Helm,player_anytime_td,betmgm,,500.0,,2026-10-10T01:45:44Z,2026-10-10T01:46:34Z
2026,5,2026_05_HOU_TEN,2026-10-11T17:00:00+00:00,,Houston Texans D/ST,player_anytime_td,betmgm,,475.0,,2026-10-10T01:45:44Z,2026-10-10T01:46:34Z
2026,5,2026_05_HOU_TEN,2026-10-11T17:00:00+00:00,00-0038728,Jared Wayne,player_anytime_td,betmgm,,1400.0,,2026-10-10T01:45:44Z,2026-10-10T01:46:34Z
2026,5,2026_05_HOU_TEN,2026-10-11T17:00:00+00:00,00-0040138,Jaylin Noel,player_anytime_td,betmgm,,360.0,,2026-10-10T01:45:44Z,2026-10-10T01:46:34Z
2026,5,2026_05_HOU_TEN,2026-10-11T17:00:00+00:00,00-0038608,Kayshon Boutte,player_anytime_td,betmgm,,390.0,,2026-10-10T01:45:44Z,2026-10-10T01:46:34Z
2026,5,2026_05_HOU_TEN,2026-10-11T17:00:00+00:00,00-0040886,Nicholas Singleton,player_anytime_td,betmgm,,1500.0,,2026-10-10T01:45:44Z,2026-10-10T01:46:34Z
2026,5,2026_05_HOU_TEN,2026-10-11T17:00:00+00:00,00-0036554,Nico Collins,player_anytime_td,betmgm,,130.0,,2026-10-10T01:45:44Z,2026-10-10T01:46:34Z
2026,5,2026_05_HOU_TEN,2026-10-11T17:00:00+00:00,,Tennessee Titans D/ST,player_anytime_td,betmgm,,600.0,,2026-10-10T01:45:44Z,2026-10-10T01:46:34Z
2026,5,2026_05_HOU_TEN,2026-10-11T17:00:00+00:00,00-0035261,Tony Pollard,player_anytime_td,betmgm,,195.0,,2026-10-10T01:45:44Z,2026-10-10T01:46:34Z
2026,5,2026_05_HOU_TEN,2026-10-11T17:00:00+00:00,00-0039032,Tyjae Spears,player_anytime_td,betmgm,,575.0,,2026-10-10T01:45:44Z,2026-10-10T01:46:34Z
2026,5,2026_05_HOU_TEN,2026-10-11T17:00:00+00:00,00-0038117,Wan'Dale Robinson,player_anytime_td,betmgm,,450.0,,2026-10-10T01:45:44Z,2026-10-10T01:46:34Z
2026,5,2026_05_HOU_TEN,2026-10-11T17:00:00+00:00,00-0040583,Woody Marks,player_anytime_td,betmgm,,200.0,,2026-10-10T01:45:44Z,2026-10-10T01:46:34Z
2026,5,2026_05_HOU_TEN,2026-10-11T17:00:00+00:00,00-0038618,Xavier Hutchinson,player_anytime_td,betmgm,,600.0,,2026-10-10T01:45:44Z,2026-10-10T01:46:34Z
2026,5,2026_05_HOU_TEN,2026-10-11T17:00:00+00:00,00-0036556,Brevin Jordan,player_anytime_td,betonlineag,,1900.0,,2026-10-10T01:46:28Z,2026-10-10T01:46:34Z
2026,5,2026_05_HOU_TEN,2026-10-11T17:00:00+00:00,00-0039163,C.J. Stroud,player_anytime_td,betonlineag,,600.0,,2026-10-10T01:46:28Z,2026-10-10T01:46:34Z
2026,5,2026_05_HOU_TEN,2026-10-11T17:00:00+00:00,00-0039359,Cade Stover,player_anytime_td,betonlineag,,1400.0,,2026-10-10T01:46:28Z,2026-10-10T01:46:34Z
2026,5,2026_05_HOU_TEN,2026-10-11T17:00:00+00:00,00-0034837,Calvin Ridley,player_anytime_td,betonlineag,,1100.0,,2026-10-10T01:46:28Z,2026-10-10T01:46:34Z
2026,5,2026_05_HOU_TEN,2026-10-11T17:00:00+00:00,00-0040676,Cam Ward,player_anytime_td,betonlineag,,600.0,,2026-10-10T01:46:28Z,2026-10-10T01:46:34Z
2026,5,2026_05_HOU_TEN,2026-10-11T17:00:00+00:00,00-0041438,Carnell Tate,player_anytime_td,betonlineag,,350.0,,2026-10-10T01:46:28Z,2026-10-10T01:46:34Z
2026,5,2026_05_HOU_TEN,2026-10-11T17:00:00+00:00,00-0040705,Chimere Dike,player_anytime_td,betonlineag,,1100.0,,2026-10-10T01:46:28Z,2026-10-10T01:46:34Z
2026,5,2026_05_HOU_TEN,2026-10-11T17:00:00+00:00,00-0034383,Dalton Schultz,player_anytime_td,betonlineag,,260.0,,2026-10-10T01:46:28Z,2026-10-10T01:46:34Z
2026,5,2026_05_HOU_TEN,2026-10-11T17:00:00+00:00,00-0038115,Daniel Bellinger,player_anytime_td,betonlineag,,1100.0,,2026-10-10T01:46:28Z,2026-10-10T01:46:34Z
2026,5,2026_05_HOU_TEN,2026-10-11T17:00:00+00:00,00-0033854,Dare Ogunbowale,player_anytime_td,betonlineag,,1900.0,,2026-10-10T01:46:28Z,2026-10-10T01:46:34Z
2026,5,2026_05_HOU_TEN,2026-10-11T17:00:00+00:00,00-0039648,David Martin-Robinson,player_anytime_td,betonlineag,,2400.0,,2026-10-10T01:46:28Z,2026-10-10T01:46:34Z
2026,5,2026_05_HOU_TEN,2026-10-11T17:00:00+00:00,00-0035685,David Montgomery,player_anytime_td,betonlineag,,110.0,,2026-10-10T01:46:28Z,2026-10-10T01:46:34Z
2026,5,2026_05_HOU_TEN,2026-10-11T17:00:00+00:00,00-0040170,Elic Ayomanor,player_anytime_td,betonlineag,,550.0,,2026-10-10T01:46:28Z,2026-10-10T01:46:34Z
2026,5,2026_05_HOU_TEN,2026-10-11T17:00:00+00:00,00-0034981,Foster Moreau,player_anytime_td,betonlineag,,650.0,,2026-10-10T01:46:28Z,2026-10-10T01:46:34Z
2026,5,2026_05_HOU_TEN,2026-10-11T17:00:00+00:00,00-0040584,Gunnar Helm,player_anytime_td,betonlineag,,500.0,,2026-10-10T01:46:28Z,2026-10-10T01:46:34Z
2026,5,2026_05_HOU_TEN,2026-10-11T17:00:00+00:00,00-0038728,Jared Wayne,player_anytime_td,betonlineag,,1300.0,,2026-10-10T01:46:28Z,2026-10-10T01:46:34Z
2026,5,2026_05_HOU_TEN,2026-10-11T17:00:00+00:00,00-0040138,Jaylin Noel,player_anytime_td,betonlineag,,450.0,,2026-10-10T01:46:28Z,2026-10-10T01:46:34Z
2026,5,2026_05_HOU_TEN,2026-10-11T17:00:00+00:00,00-0037594,Julius Chestnut,player_anytime_td,betonlineag,,3400.0,,2026-10-10T01:46:28Z,2026-10-10T01:46:34Z
2026,5,2026_05_HOU_TEN,2026-10-11T17:00:00+00:00,00-0038608,Kayshon Boutte,player_anytime_td,betonlineag,,450.0,,2026-10-10T01:46:28Z,2026-10-10T01:46:34Z
2026,5,2026_05_HOU_TEN,2026-10-11T17:00:00+00:00,00-0036876,Kylen Granson,player_anytime_td,betonlineag,,2400.0,,2026-10-10T01:46:28Z,2026-10-10T01:46:34Z
2026,5,2026_05_HOU_TEN,2026-10-11T17:00:00+00:00,00-0041472,Marlin Klein,player_anytime_td,betonlineag,,1900.0,,2026-10-10T01:46:28Z,2026-10-10T01:46:34Z
2026,5,2026_05_HOU_TEN,2026-10-11T17:00:00+00:00,00-0036924,Michael Carter,player_anytime_td,betonlineag,,1700.0,,2026-10-10T01:46:28Z,2026-10-10T01:46:34Z
2026,5,2026_05_HOU_TEN,2026-10-11T17:00:00+00:00,00-0040886,Nicholas Singleton,player_anytime_td,betonlineag,,1400.0,,2026-10-10T01:46:28Z,2026-10-10T01:46:34Z
2026,5,2026_05_HOU_TEN,2026-10-11T17:00:00+00:00,00-0036554,Nico Collins,player_anytime_td,betonlineag,,130.0,,2026-10-10T01:46:28Z,2026-10-10T01:46:34Z
2026,5,2026_05_HOU_TEN,2026-10-11T17:00:00+00:00,00-0035261,Tony Pollard,player_anytime_td,betonlineag,,210.0,,2026-10-10T01:46:28Z,2026-10-10T01:46:34Z
2026,5,2026_05_HOU_TEN,2026-10-11T17:00:00+00:00,00-0039032,Tyjae Spears,player_anytime_td,betonlineag,,450.0,,2026-10-10T01:46:28Z,2026-10-10T01:46:34Z
2026,5,2026_05_HOU_TEN,2026-10-11T17:00:00+00:00,00-0038117,Wan'Dale Robinson,player_anytime_td,betonlineag,,400.0,,2026-10-10T01:46:28Z,2026-10-10T01:46:34Z
2026,5,2026_05_HOU_TEN,2026-10-11T17:00:00+00:00,00-0040583,Woody Marks,player_anytime_td,betonlineag,,200.0,,2026-10-10T01:46:28Z,2026-10-10T01:46:34Z
2026,5,2026_05_HOU_TEN,2026-10-11T17:00:00+00:00,00-0038618,Xavier Hutchinson,player_anytime_td,betonlineag,,450.0,,2026-10-10T01:46:28Z,2026-10-10T01:46:34Z
2026,5,2026_05_HOU_TEN,2026-10-11T17:00:00+00:00,00-0036556,Brevin Jordan,player_anytime_td,betrivers,,1800.0,,2026-10-10T01:45:44Z,2026-10-10T01:46:34Z
2026,5,2026_05_HOU_TEN,2026-10-11T17:00:00+00:00,00-0039163,C.J. Stroud,player_anytime_td,betrivers,,750.0,,2026-10-10T01:45:44Z,2026-10-10T01:46:34Z
2026,5,2026_05_HOU_TEN,2026-10-11T17:00:00+00:00,00-0039359,Cade Stover,player_anytime_td,betrivers,,1200.0,,2026-10-10T01:45:44Z,2026-10-10T01:46:34Z
2026,5,2026_05_HOU_TEN,2026-10-11T17:00:00+00:00,00-0034837,Calvin Ridley,player_anytime_td,betrivers,,750.0,,2026-10-10T01:45:44Z,2026-10-10T01:46:34Z
2026,5,2026_05_HOU_TEN,2026-10-11T17:00:00+00:00,00-0040676,Cam Ward,player_anytime_td,betrivers,,390.0,,2026-10-10T01:45:44Z,2026-10-10T01:46:34Z
2026,5,2026_05_HOU_TEN,2026-10-11T17:00:00+00:00,00-0041438,Carnell Tate,player_anytime_td,betrivers,,265.0,,2026-10-10T01:45:44Z,2026-10-10T01:46:34Z
2026,5,2026_05_HOU_TEN,2026-10-11T17:00:00+00:00,00-0040705,Chimere Dike,player_anytime_td,betrivers,,1900.0,,2026-10-10T01:45:44Z,2026-10-10T01:46:34Z
2026,5,2026_05_HOU_TEN,2026-10-11T17:00:00+00:00,00-0034383,Dalton Schultz,player_anytime_td,betrivers,,220.0,,2026-10-10T01:45:44Z,2026-10-10T01:46:34Z
2026,5,2026_05_HOU_TEN,2026-10-11T17:00:00+00:00,00-0038115,Daniel Bellinger,player_anytime_td,betrivers,,1200.0,,2026-10-10T01:45:44Z,2026-10-10T01:46:34Z
2026,5,2026_05_HOU_TEN,2026-10-11T17:00:00+00:00,00-0035685,David Montgomery,player_anytime_td,betrivers,,105.0,,2026-10-10T01:45:44Z,2026-10-10T01:46:34Z
2026,5,2026_05_HOU_TEN,2026-10-11T17:00:00+00:00,00-0040170,Elic Ayomanor,player_anytime_td,betrivers,,575.0,,2026-10-10T01:45:44Z,2026-10-10T01:46:34Z
2026,5,2026_05_HOU_TEN,2026-10-11T17:00:00+00:00,00-0034981,Foster Moreau,player_anytime_td,betrivers,,750.0,,2026-10-10T01:45:44Z,2026-10-10T01:46:34Z
2026,5,2026_05_HOU_TEN,2026-10-11T17:00:00+00:00,00-0040584,Gunnar Helm,player_anytime_td,betrivers,,525.0,,2026-10-10T01:45:44Z,2026-10-10T01:46:34Z
2026,5,2026_05_HOU_TEN,2026-10-11T17:00:00+00:00,00-0038728,Jared Wayne,player_anytime_td,betrivers,,1050.0,,2026-10-10T01:45:44Z,2026-10-10T01:46:34Z
2026,5,2026_05_HOU_TEN,2026-10-11T17:00:00+00:00,00-0040138,Jaylin Noel,player_anytime_td,betrivers,,525.0,,2026-10-10T01:45:44Z,2026-10-10T01:46:34Z
2026,5,2026_05_HOU_TEN,2026-10-11T17:00:00+00:00,00-0038608,Kayshon Boutte,player_anytime_td,betrivers,,450.0,,2026-10-10T01:45:44Z,2026-10-10T01:46:34Z
2026,5,2026_05_HOU_TEN,2026-10-11T17:00:00+00:00,00-0041467,Lewis Bond,player_anytime_td,betrivers,,1400.0,,2026-10-10T01:45:44Z,2026-10-10T01:46:34Z
2026,5,2026_05_HOU_TEN,2026-10-11T17:00:00+00:00,00-0041472,Marlin Klein,player_anytime_td,betrivers,,2000.0,,2026-10-10T01:45:44Z,2026-10-10T01:46:34Z
2026,5,2026_05_HOU_TEN,2026-10-11T17:00:00+00:00,00-0040886,Nicholas Singleton,player_anytime_td,betrivers,,950.0,,2026-10-10T01:45:44Z,2026-10-10T01:46:34Z
2026,5,2026_05_HOU_TEN,2026-10-11T17:00:00+00:00,00-0036554,Nico Collins,player_anytime_td,betrivers,,115.0,,2026-10-10T01:45:44Z,2026-10-10T01:46:34Z
2026,5,2026_05_HOU_TEN,2026-10-11T17:00:00+00:00,00-0035261,Tony Pollard,player_anytime_td,betrivers,,163.0,,2026-10-10T01:45:44Z,2026-10-10T01:46:34Z
2026,5,2026_05_HOU_TEN,2026-10-11T17:00:00+00:00,00-0039032,Tyjae Spears,player_anytime_td,betrivers,,460.0,,2026-10-10T01:45:44Z,2026-10-10T01:46:34Z
2026,5,2026_05_HOU_TEN,2026-10-11T17:00:00+00:00,00-0038117,Wan'Dale Robinson,player_anytime_td,betrivers,,310.0,,2026-10-10T01:45:44Z,2026-10-10T01:46:34Z
2026,5,2026_05_HOU_TEN,2026-10-11T17:00:00+00:00,00-0040583,Woody Marks,player_anytime_td,betrivers,,175.0,,2026-10-10T01:45:44Z,2026-10-10T01:46:34Z
2026,5,2026_05_HOU_TEN,2026-10-11T17:00:00+00:00,00-0038618,Xavier Hutchinson,player_anytime_td,betrivers,,700.0,,2026-10-10T01:45:44Z,2026-10-10T01:46:34Z
2026,5,2026_05_HOU_TEN,2026-10-11T17:00:00+00:00,00-0036556,Brevin Jordan,player_anytime_td,bovada,,2200.0,,2026-10-10T01:45:12Z,2026-10-10T01:46:34Z
2026,5,2026_05_HOU_TEN,2026-10-11T17:00:00+00:00,00-0039163,C.J. Stroud,player_anytime_td,bovada,,825.0,,2026-10-10T01:45:12Z,2026-10-10T01:46:34Z
2026,5,2026_05_HOU_TEN,2026-10-11T17:00:00+00:00,00-0039359,Cade Stover,player_anytime_td,bovada,,1400.0,,2026-10-10T01:45:12Z,2026-10-10T01:46:34Z
2026,5,2026_05_HOU_TEN,2026-10-11T17:00:00+00:00,00-0034837,Calvin Ridley,player_anytime_td,bovada,,1300.0,,2026-10-10T01:45:12Z,2026-10-10T01:46:34Z
2026,5,2026_05_HOU_TEN,2026-10-11T17:00:00+00:00,00-0040676,Cam Ward,player_anytime_td,bovada,,700.0,,2026-10-10T01:45:12Z,2026-10-10T01:46:34Z
2026,5,2026_05_HOU_TEN,2026-10-11T17:00:00+00:00,00-0041438,Carnell Tate,player_anytime_td,bovada,,370.0,,2026-10-10T01:45:12Z,2026-10-10T01:46:34Z
2026,5,2026_05_HOU_TEN,2026-10-11T17:00:00+00:00,00-0040705,Chimere Dike,player_anytime_td,bovada,,1600.0,,2026-10-10T01:45:12Z,2026-10-10T01:46:34Z
2026,5,2026_05_HOU_TEN,2026-10-11T17:00:00+00:00,00-0034383,Dalton Schultz,player_anytime_td,bovada,,300.0,,2026-10-10T01:45:12Z,2026-10-10T01:46:34Z
2026,5,2026_05_HOU_TEN,2026-10-11T17:00:00+00:00,00-0038115,Daniel Bellinger,player_anytime_td,bovada,,1200.0,,2026-10-10T01:45:12Z,2026-10-10T01:46:34Z
2026,5,2026_05_HOU_TEN,2026-10-11T17:00:00+00:00,00-0033854,Dare Ogunbowale,player_anytime_td,bovada,,2200.0,,2026-10-10T01:45:12Z,2026-10-10T01:46:34Z
2026,5,2026_05_HOU_TEN,2026-10-11T17:00:00+00:00,00-0039648,David Martin-Robinson,player_anytime_td,bovada,,2800.0,,2026-10-10T01:45:12Z,2026-10-10T01:46:34Z
2026,5,2026_05_HOU_TEN,2026-10-11T17:00:00+00:00,00-0035685,David Montgomery,player_anytime_td,bovada,,120.0,,2026-10-10T01:45:12Z,2026-10-10T01:46:34Z
2026,5,2026_05_HOU_TEN,2026-10-11T17:00:00+00:00,00-0040170,Elic Ayomanor,player_anytime_td,bovada,,725.0,,2026-10-10T01:45:12Z,2026-10-10T01:46:34Z
2026,5,2026_05_HOU_TEN,2026-10-11T17:00:00+00:00,00-0034981,Foster Moreau,player_anytime_td,bovada,,625.0,,2026-10-10T01:45:12Z,2026-10-10T01:46:34Z
2026,5,2026_05_HOU_TEN,2026-10-11T17:00:00+00:00,00-0040584,Gunnar Helm,player_anytime_td,bovada,,600.0,,2026-10-10T01:45:12Z,2026-10-10T01:46:34Z
2026,5,2026_05_HOU_TEN,2026-10-11T17:00:00+00:00,,Houston Texans D/ST,player_anytime_td,bovada,,625.0,,2026-10-10T01:45:12Z,2026-10-10T01:46:34Z
2026,5,2026_05_HOU_TEN,2026-10-11T17:00:00+00:00,00-0038728,Jared Wayne,player_anytime_td,bovada,,1700.0,,2026-10-10T01:45:12Z,2026-10-10T01:46:34Z
2026,5,2026_05_HOU_TEN,2026-10-11T17:00:00+00:00,00-0040138,Jaylin Noel,player_anytime_td,bovada,,500.0,,2026-10-10T01:45:12Z,2026-10-10T01:46:34Z
2026,5,2026_05_HOU_TEN,2026-10-11T17:00:00+00:00,00-0037594,Julius Chestnut,player_anytime_td,bovada,,7000.0,,2026-10-10T01:45:12Z,2026-10-10T01:46:34Z
2026,5,2026_05_HOU_TEN,2026-10-11T17:00:00+00:00,00-0038608,Kayshon Boutte,player_anytime_td,bovada,,600.0,,2026-10-10T01:45:12Z,2026-10-10T01:46:34Z
2026,5,2026_05_HOU_TEN,2026-10-11T17:00:00+00:00,00-0036876,Kylen Granson,player_anytime_td,bovada,,3300.0,,2026-10-10T01:45:12Z,2026-10-10T01:46:34Z
2026,5,2026_05_HOU_TEN,2026-10-11T17:00:00+00:00,00-0041472,Marlin Klein,player_anytime_td,bovada,,2200.0,,2026-10-10T01:45:12Z,2026-10-10T01:46:34Z
2026,5,2026_05_HOU_TEN,2026-10-11T17:00:00+00:00,00-0036924,Michael Carter,player_anytime_td,bovada,,1900.0,,2026-10-10T01:45:12Z,2026-10-10T01:46:34Z
2026,5,2026_05_HOU_TEN,2026-10-11T17:00:00+00:00,00-0040886,Nicholas Singleton,player_anytime_td,bovada,,2200.0,,2026-10-10T01:45:12Z,2026-10-10T01:46:34Z
2026,5,2026_05_HOU_TEN,2026-10-11T17:00:00+00:00,00-0036554,Nico Collins,player_anytime_td,bovada,,135.0,,2026-10-10T01:45:12Z,2026-10-10T01:46:34Z
2026,5,2026_05_HOU_TEN,2026-10-11T17:00:00+00:00,,Tennessee Titans D/ST,player_anytime_td,bovada,,800.0,,2026-10-10T01:45:12Z,2026-10-10T01:46:34Z
2026,5,2026_05_HOU_TEN,2026-10-11T17:00:00+00:00,00-0035261,Tony Pollard,player_anytime_td,bovada,,215.0,,2026-10-10T01:45:12Z,2026-10-10T01:46:34Z
2026,5,2026_05_HOU_TEN,2026-10-11T17:00:00+00:00,00-0039032,Tyjae Spears,player_anytime_td,bovada,,600.0,,2026-10-10T01:45:12Z,2026-10-10T01:46:34Z
2026,5,2026_05_HOU_TEN,2026-10-11T17:00:00+00:00,00-0038117,Wan'Dale Robinson,player_anytime_td,bovada,,440.0,,2026-10-10T01:45:12Z,2026-10-10T01:46:34Z
2026,5,2026_05_HOU_TEN,2026-10-11T17:00:00+00:00,00-0040583,Woody Marks,player_anytime_td,bovada,,220.0,,2026-10-10T01:45:12Z,2026-10-10T01:46:34Z
2026,5,2026_05_HOU_TEN,2026-10-11T17:00:00+00:00,00-0038618,Xavier Hutchinson,player_anytime_td,bovada,,600.0,,2026-10-10T01:45:12Z,2026-10-10T01:46:34Z
2026,5,2026_05_HOU_TEN,2026-10-11T17:00:00+00:00,00-0036556,Brevin Jordan,player_anytime_td,draftkings,,2200.0,,2026-10-10T01:46:19Z,2026-10-10T01:46:34Z
2026,5,2026_05_HOU_TEN,2026-10-11T17:00:00+00:00,00-0039163,C.J. Stroud,player_anytime_td,draftkings,,850.0,,2026-10-10T01:46:19Z,2026-10-10T01:46:34Z
2026,5,2026_05_HOU_TEN,2026-10-11T17:00:00+00:00,00-0039359,Cade Stover,player_anytime_td,draftkings,,1400.0,,2026-10-10T01:46:19Z,2026-10-10T01:46:34Z
2026,5,2026_05_HOU_TEN,2026-10-11T17:00:00+00:00,00-0034837,Calvin Ridley,player_anytime_td,draftkings,,1300.0,,2026-10-10T01:46:19Z,2026-10-10T01:46:34Z
2026,5,2026_05_HOU_TEN,2026-10-11T17:00:00+00:00,00-0040676,Cam Ward,player_anytime_td,draftkings,,700.0,,2026-10-10T01:46:19Z,2026-10-10T01:46:34Z
2026,5,2026_05_HOU_TEN,2026-10-11T17:00:00+00:00,00-0041438,Carnell Tate,player_anytime_td,draftkings,,370.0,,2026-10-10T01:46:19Z,2026-10-10T01:46:34Z
2026,5,2026_05_HOU_TEN,2026-10-11T17:00:00+00:00,00-0040705,Chimere Dike,player_anytime_td,draftkings,,1600.0,,2026-10-10T01:46:19Z,2026-10-10T01:46:34Z
2026,5,2026_05_HOU_TEN,2026-10-11T17:00:00+00:00,00-0034383,Dalton Schultz,player_anytime_td,draftkings,,300.0,,2026-10-10T01:46:19Z,2026-10-10T01:46:34Z
2026,5,2026_05_HOU_TEN,2026-10-11T17:00:00+00:00,00-0038115,Daniel Bellinger,player_anytime_td,draftkings,,1200.0,,2026-10-10T01:46:19Z,2026-10-10T01:46:34Z
2026,5,2026_05_HOU_TEN,2026-10-11T17:00:00+00:00,00-0033854,Dare Ogunbowale,player_anytime_td,draftkings,,2200.0,,2026-10-10T01:46:19Z,2026-10-10T01:46:34Z
2026,5,2026_05_HOU_TEN,2026-10-11T17:00:00+00:00,00-0039648,David Martin-Robinson,player_anytime_td,draftkings,,3000.0,,2026-10-10T01:46:19Z,2026-10-10T01:46:34Z
2026,5,2026_05_HOU_TEN,2026-10-11T17:00:00+00:00,00-0035685,David Montgomery,player_anytime_td,draftkings,,120.0,,2026-10-10T01:46:19Z,2026-10-10T01:46:34Z
2026,5,2026_05_HOU_TEN,2026-10-11T17:00:00+00:00,00-0040170,Elic Ayomanor,player_anytime_td,draftkings,,750.0,,2026-10-10T01:46:19Z,2026-10-10T01:46:34Z
2026,5,2026_05_HOU_TEN,2026-10-11T17:00:00+00:00,00-0034981,Foster Moreau,player_anytime_td,draftkings,,650.0,,2026-10-10T01:46:19Z,2026-10-10T01:46:34Z
2026,5,2026_05_HOU_TEN,2026-10-11T17:00:00+00:00,00-0040584,Gunnar Helm,player_anytime_td,draftkings,,600.0,,2026-10-10T01:46:19Z,2026-10-10T01:46:34Z
2026,5,2026_05_HOU_TEN,2026-10-11T17:00:00+00:00,,Houston Texans D/ST,player_anytime_td,draftkings,,650.0,,2026-10-10T01:46:19Z,2026-10-10T01:46:34Z
2026,5,2026_05_HOU_TEN,2026-10-11T17:00:00+00:00,00-0038728,Jared Wayne,player_anytime_td,draftkings,,1700.0,,2026-10-10T01:46:19Z,2026-10-10T01:46:34Z
2026,5,2026_05_HOU_TEN,2026-10-11T17:00:00+00:00,00-0040138,Jaylin Noel,player_anytime_td,draftkings,,500.0,,2026-10-10T01:46:19Z,2026-10-10T01:46:34Z
2026,5,2026_05_HOU_TEN,2026-10-11T17:00:00+00:00,00-0037594,Julius Chestnut,player_anytime_td,draftkings,,7500.0,,2026-10-10T01:46:19Z,2026-10-10T01:46:34Z
2026,5,2026_05_HOU_TEN,2026-10-11T17:00:00+00:00,00-0038608,Kayshon Boutte,player_anytime_td,draftkings,,600.0,,2026-10-10T01:46:19Z,2026-10-10T01:46:34Z
2026,5,2026_05_HOU_TEN,2026-10-11T17:00:00+00:00,00-0036876,Kylen Granson,player_anytime_td,draftkings,,3500.0,,2026-10-10T01:46:19Z,2026-10-10T01:46:34Z
2026,5,2026_05_HOU_TEN,2026-10-11T17:00:00+00:00,00-0041472,Marlin Klein,player_anytime_td,draftkings,,2200.0,,2026-10-10T01:46:19Z,2026-10-10T01:46:34Z
2026,5,2026_05_HOU_TEN,2026-10-11T17:00:00+00:00,00-0036924,Michael Carter,player_anytime_td,draftkings,,1900.0,,2026-10-10T01:46:19Z,2026-10-10T01:46:34Z
2026,5,2026_05_HOU_TEN,2026-10-11T17:00:00+00:00,00-0040886,Nicholas Singleton,player_anytime_td,draftkings,,2200.0,,2026-10-10T01:46:19Z,2026-10-10T01:46:34Z
2026,5,2026_05_HOU_TEN,2026-10-11T17:00:00+00:00,00-0036554,Nico Collins,player_anytime_td,draftkings,,135.0,,2026-10-10T01:46:19Z,2026-10-10T01:46:34Z
2026,5,2026_05_HOU_TEN,2026-10-11T17:00:00+00:00,,Tennessee Titans D/ST,player_anytime_td,draftkings,,800.0,,2026-10-10T01:46:19Z,2026-10-10T01:46:34Z
2026,5,2026_05_HOU_TEN,2026-10-11T17:00:00+00:00,00-0035261,Tony Pollard,player_anytime_td,draftkings,,215.0,,2026-10-10T01:46:19Z,2026-10-10T01:46:34Z
2026,5,2026_05_HOU_TEN,2026-10-11T17:00:00+00:00,00-0039032,Tyjae Spears,player_anytime_td,draftkings,,600.0,,2026-10-10T01:46:19Z,2026-10-10T01:46:34Z
2026,5,2026_05_HOU_TEN,2026-10-11T17:00:00+00:00,00-0038117,Wan'Dale Robinson,player_anytime_td,draftkings,,450.0,,2026-10-10T01:46:19Z,2026-10-10T01:46:34Z
2026,5,2026_05_HOU_TEN,2026-10-11T17:00:00+00:00,00-0040583,Woody Marks,player_anytime_td,draftkings,,220.0,,2026-10-10T01:46:19Z,2026-10-10T01:46:34Z
2026,5,2026_05_HOU_TEN,2026-10-11T17:00:00+00:00,00-0038618,Xavier Hutchinson,player_anytime_td,draftkings,,600.0,,2026-10-10T01:46:19Z,2026-10-10T01:46:34Z
2026,5,2026_05_HOU_TEN,2026-10-11T17:00:00+00:00,00-0036556,Brevin Jordan,player_anytime_td,fanduel,,2200.0,,2026-10-10T01:46:28Z,2026-10-10T01:46:34Z
2026,5,2026_05_HOU_TEN,2026-10-11T17:00:00+00:00,00-0039163,C.J. Stroud,player_anytime_td,fanduel,,850.0,,2026-10-10T01:46:28Z,2026-10-10T01:46:34Z
2026,5,2026_05_HOU_TEN,2026-10-11T17:00:00+00:00,00-0039359,Cade Stover,player_anytime_td,fanduel,,2000.0,,2026-10-10T01:46:28Z,2026-10-10T01:46:34Z
2026,5,2026_05_HOU_TEN,2026-10-11T17:00:00+00:00,00-0034837,Calvin Ridley,player_anytime_td,fanduel,,1300.0,,2026-10-10T01:46:28Z,2026-10-10T01:46:34Z
2026,5,2026_05_HOU_TEN,2026-10-11T17:00:00+00:00,00-0040676,Cam Ward,player_anytime_td,fanduel,,650.0,,2026-10-10T01:46:28Z,2026-10-10T01:46:34Z
2026,5,2026_05_HOU_TEN,2026-10-11T17:00:00+00:00,00-0041438,Carnell Tate,player_anytime_td,fanduel,,390.0,,2026-10-10T01:46:28Z,2026-10-10T01:46:34Z
2026,5,2026_05_HOU_TEN,2026-10-11T17:00:00+00:00,00-0040705,Chimere Dike,player_anytime_td,fanduel,,1600.0,,2026-10-10T01:46:28Z,2026-10-10T01:46:34Z
2026,5,2026_05_HOU_TEN,2026-10-11T17:00:00+00:00,00-0034383,Dalton Schultz,player_anytime_td,fanduel,,300.0,,2026-10-10T01:46:28Z,2026-10-10T01:46:34Z
2026,5,2026_05_HOU_TEN,2026-10-11T17:00:00+00:00,00-0038115,Daniel Bellinger,player_anytime_td,fanduel,,1500.0,,2026-10-10T01:46:28Z,2026-10-10T01:46:34Z
2026,5,2026_05_HOU_TEN,2026-10-11T17:00:00+00:00,00-0033854,Dare Ogunbowale,player_anytime_td,fanduel,,2000.0,,2026-10-10T01:46:28Z,2026-10-10T01:46:34Z
2026,5,2026_05_HOU_TEN,2026-10-11T17:00:00+00:00,00-0039648,David Martin-Robinson,player_anytime_td,fanduel,,3300.0,,2026-10-10T01:46:28Z,2026-10-10T01:46:34Z
2026,5,2026_05_HOU_TEN,2026-10-11T17:00:00+00:00,00-0035685,David Montgomery,player_anytime_td,fanduel,,125.0,,2026-10-10T01:46:28Z,2026-10-10T01:46:34Z
2026,5,2026_05_HOU_TEN,2026-10-11T17:00:00+00:00,00-0040170,Elic Ayomanor,player_anytime_td,fanduel,,700.0,,2026-10-10T01:46:28Z,2026-10-10T01:46:34Z
2026,5,2026_05_HOU_TEN,2026-10-11T17:00:00+00:00,00-0034981,Foster Moreau,player_anytime_td,fanduel,,900.0,,2026-10-10T01:46:28Z,2026-10-10T01:46:34Z
2026,5,2026_05_HOU_TEN,2026-10-11T17:00:00+00:00,00-0040584,Gunnar Helm,player_anytime_td,fanduel,,550.0,,2026-10-10T01:46:28Z,2026-10-10T01:46:34Z
2026,5,2026_05_HOU_TEN,2026-10-11T17:00:00+00:00,,Houston Texans Defense,player_anytime_td,fanduel,,650.0,,2026-10-10T01:46:28Z,2026-10-10T01:46:34Z
2026,5,2026_05_HOU_TEN,2026-10-11T17:00:00+00:00,00-0038728,Jared Wayne,player_anytime_td,fanduel,,1500.0,,2026-10-10T01:46:28Z,2026-10-10T01:46:34Z
2026,5,2026_05_HOU_TEN,2026-10-11T17:00:00+00:00,00-0040138,Jaylin Noel,player_anytime_td,fanduel,,550.0,,2026-10-10T01:46:28Z,2026-10-10T01:46:34Z
2026,5,2026_05_HOU_TEN,2026-10-11T17:00:00+00:00,00-0037594,Julius Chestnut,player_anytime_td,fanduel,,6500.0,,2026-10-10T01:46:28Z,2026-10-10T01:46:34Z
2026,5,2026_05_HOU_TEN,2026-10-11T17:00:00+00:00,00-0038608,Kayshon Boutte,player_anytime_td,fanduel,,500.0,,2026-10-10T01:46:28Z,2026-10-10T01:46:34Z
2026,5,2026_05_HOU_TEN,2026-10-11T17:00:00+00:00,00-0036876,Kylen Granson,player_anytime_td,fanduel,,3300.0,,2026-10-10T01:46:28Z,2026-10-10T01:46:34Z
2026,5,2026_05_HOU_TEN,2026-10-11T17:00:00+00:00,00-0041472,Marlin Klein,player_anytime_td,fanduel,,2200.0,,2026-10-10T01:46:28Z,2026-10-10T01:46:34Z
2026,5,2026_05_HOU_TEN,2026-10-11T17:00:00+00:00,00-0036924,Michael Carter,player_anytime_td,fanduel,,1800.0,,2026-10-10T01:46:28Z,2026-10-10T01:46:34Z
2026,5,2026_05_HOU_TEN,2026-10-11T17:00:00+00:00,00-0040886,Nicholas Singleton,player_anytime_td,fanduel,,1800.0,,2026-10-10T01:46:28Z,2026-10-10T01:46:34Z
2026,5,2026_05_HOU_TEN,2026-10-11T17:00:00+00:00,00-0036554,Nico Collins,player_anytime_td,fanduel,,135.0,,2026-10-10T01:46:28Z,2026-10-10T01:46:34Z
2026,5,2026_05_HOU_TEN,2026-10-11T17:00:00+00:00,,Tennessee Titans Defense,player_anytime_td,fanduel,,700.0,,2026-10-10T01:46:28Z,2026-10-10T01:46:34Z
2026,5,2026_05_HOU_TEN,2026-10-11T17:00:00+00:00,00-0035261,Tony Pollard,player_anytime_td,fanduel,,230.0,,2026-10-10T01:46:28Z,2026-10-10T01:46:34Z
2026,5,2026_05_HOU_TEN,2026-10-11T17:00:00+00:00,00-0039032,Tyjae Spears,player_anytime_td,fanduel,,650.0,,2026-10-10T01:46:28Z,2026-10-10T01:46:34Z
2026,5,2026_05_HOU_TEN,2026-10-11T17:00:00+00:00,00-0038117,Wan'Dale Robinson,player_anytime_td,fanduel,,490.0,,2026-10-10T01:46:28Z,2026-10-10T01:46:34Z
2026,5,2026_05_HOU_TEN,2026-10-11T17:00:00+00:00,00-0040583,Woody Marks,player_anytime_td,fanduel,,200.0,,2026-10-10T01:46:28Z,2026-10-10T01:46:34Z
2026,5,2026_05_HOU_TEN,2026-10-11T17:00:00+00:00,00-0038618,Xavier Hutchinson,player_anytime_td,fanduel,,550.0,,2026-10-10T01:46:28Z,2026-10-10T01:46:34Z
2026,5,2026_05_HOU_TEN,2026-10-11T17:00:00+00:00,00-0039163,C.J. Stroud,player_pass_tds,betmgm,1.5,105.0,-140.0,2026-10-10T01:45:44Z,2026-10-10T01:46:34Z
2026,5,2026_05_HOU_TEN,2026-10-11T17:00:00+00:00,00-0040676,Cam Ward,player_pass_tds,betmgm,0.5,-175.0,130.0,2026-10-10T01:45:44Z,2026-10-10T01:46:34Z
2026,5,2026_05_HOU_TEN,2026-10-11T17:00:00+00:00,00-0039163,C.J. Stroud,player_pass_tds,betonlineag,1.5,109.0,-141.0,2026-10-10T01:46:28Z,2026-10-10T01:46:34Z
2026,5,2026_05_HOU_TEN,2026-10-11T17:00:00+00:00,00-0040676,Cam Ward,player_pass_tds,betonlineag,0.5,-175.0,134.0,2026-10-10T01:46:28Z,2026-10-10T01:46:34Z
2026,5,2026_05_HOU_TEN,2026-10-11T17:00:00+00:00,00-0039163,C.J. Stroud,player_pass_tds,betrivers,1.5,110.0,-159.0,2026-10-10T01:45:44Z,2026-10-10T01:46:34Z
2026,5,2026_05_HOU_TEN,2026-10-11T17:00:00+00:00,00-0040676,Cam Ward,player_pass_tds,betrivers,0.5,-175.0,118.0,2026-10-10T01:45:44Z,2026-10-10T01:46:34Z
2026,5,2026_05_HOU_TEN,2026-10-11T17:00:00+00:00,00-0039163,C.J. Stroud,player_pass_tds,bovada,1.5,110.0,-145.0,2026-10-10T01:45:12Z,2026-10-10T01:46:34Z
2026,5,2026_05_HOU_TEN,2026-10-11T17:00:00+00:00,00-0040676,Cam Ward,player_pass_tds,bovada,0.5,-185.0,140.0,2026-10-10T01:45:12Z,2026-10-10T01:46:34Z
2026,5,2026_05_HOU_TEN,2026-10-11T17:00:00+00:00,00-0039163,C.J. Stroud,player_pass_tds,draftkings,1.5,108.0,-138.0,2026-10-10T01:46:19Z,2026-10-10T01:46:34Z
2026,5,2026_05_HOU_TEN,2026-10-11T17:00:00+00:00,00-0040676,Cam Ward,player_pass_tds,draftkings,0.5,-180.0,140.0,2026-10-10T01:46:19Z,2026-10-10T01:46:34Z
2026,5,2026_05_HOU_TEN,2026-10-11T17:00:00+00:00,00-0039163,C.J. Stroud,player_pass_tds,fanduel,1.5,114.0,-152.0,2026-10-10T01:46:28Z,2026-10-10T01:46:34Z
2026,5,2026_05_HOU_TEN,2026-10-11T17:00:00+00:00,00-0040676,Cam Ward,player_pass_tds,fanduel,0.5,-172.0,128.0,2026-10-10T01:46:28Z,2026-10-10T01:46:34Z
2026,5,2026_05_HOU_TEN,2026-10-11T17:00:00+00:00,00-0039163,C.J. Stroud,player_pass_yds,betmgm,239.5,-115.0,-115.0,2026-10-10T01:45:44Z,2026-10-10T01:46:34Z
2026,5,2026_05_HOU_TEN,2026-10-11T17:00:00+00:00,00-0040676,Cam Ward,player_pass_yds,betmgm,188.5,-115.0,-115.0,2026-10-10T01:45:44Z,2026-10-10T01:46:34Z
2026,5,2026_05_HOU_TEN,2026-10-11T17:00:00+00:00,00-0039163,C.J. Stroud,player_pass_yds,betonlineag,239.5,-111.0,-116.0,2026-10-10T01:46:28Z,2026-10-10T01:46:34Z
2026,5,2026_05_HOU_TEN,2026-10-11T17:00:00+00:00,00-0040676,Cam Ward,player_pass_yds,betonlineag,190.5,-111.0,-116.0,2026-10-10T01:46:28Z,2026-10-10T01:46:34Z
2026,5,2026_05_HOU_TEN,2026-10-11T17:00:00+00:00,00-0039163,C.J. Stroud,player_pass_yds,betrivers,235.5,-109.0,-121.0,2026-10-10T01:45:44Z,2026-10-10T01:46:34Z
2026,5,2026_05_HOU_TEN,2026-10-11T17:00:00+00:00,00-0040676,Cam Ward,player_pass_yds,betrivers,188.5,-121.0,-121.0,2026-10-10T01:45:44Z,2026-10-10T01:46:34Z
2026,5,2026_05_HOU_TEN,2026-10-11T17:00:00+00:00,00-0039163,C.J. Stroud,player_pass_yds,bovada,239.5,-115.0,-115.0,2026-10-10T01:45:12Z,2026-10-10T01:46:34Z
2026,5,2026_05_HOU_TEN,2026-10-11T17:00:00+00:00,00-0040676,Cam Ward,player_pass_yds,bovada,192.5,-115.0,-115.0,2026-10-10T01:45:12Z,2026-10-10T01:46:34Z
2026,5,2026_05_HOU_TEN,2026-10-11T17:00:00+00:00,00-0039163,C.J. Stroud,player_pass_yds,draftkings,239.5,-113.0,-111.0,2026-10-10T01:46:19Z,2026-10-10T01:46:34Z
2026,5,2026_05_HOU_TEN,2026-10-11T17:00:00+00:00,00-0040676,Cam Ward,player_pass_yds,draftkings,192.5,-113.0,-111.0,2026-10-10T01:46:19Z,2026-10-10T01:46:34Z
2026,5,2026_05_HOU_TEN,2026-10-11T17:00:00+00:00,00-0039163,C.J. Stroud,player_pass_yds,fanduel,239.5,-114.0,-114.0,2026-10-10T01:46:28Z,2026-10-10T01:46:34Z
2026,5,2026_05_HOU_TEN,2026-10-11T17:00:00+00:00,00-0040676,Cam Ward,player_pass_yds,fanduel,190.5,-114.0,-114.0,2026-10-10T01:46:28Z,2026-10-10T01:46:34Z
2026,5,2026_05_HOU_TEN,2026-10-11T17:00:00+00:00,00-0034837,Calvin Ridley,player_reception_yds,betmgm,8.5,-120.0,-110.0,2026-10-10T01:45:44Z,2026-10-10T01:46:34Z
2026,5,2026_05_HOU_TEN,2026-10-11T17:00:00+00:00,00-0034383,Dalton Schultz,player_reception_yds,betmgm,34.5,-111.0,-120.0,2026-10-10T01:45:44Z,2026-10-10T01:46:34Z
2026,5,2026_05_HOU_TEN,2026-10-11T17:00:00+00:00,00-0035685,David Montgomery,player_reception_yds,betmgm,7.5,-120.0,-110.0,2026-10-10T01:45:44Z,2026-10-10T01:46:34Z
2026,5,2026_05_HOU_TEN,2026-10-11T17:00:00+00:00,00-0040170,Elic Ayomanor,player_reception_yds,betmgm,15.5,-120.0,-111.0,2026-10-10T01:45:44Z,2026-10-10T01:46:34Z
2026,5,2026_05_HOU_TEN,2026-10-11T17:00:00+00:00,00-0040584,Gunnar Helm,player_reception_yds,betmgm,18.5,-105.0,-125.0,2026-10-10T01:45:44Z,2026-10-10T01:46:34Z
2026,5,2026_05_HOU_TEN,2026-10-11T17:00:00+00:00,00-0040138,Jaylin Noel,player_reception_yds,betmgm,17.5,-120.0,-111.0,2026-10-10T01:45:44Z,2026-10-10T01:46:34Z
2026,5,2026_05_HOU_TEN,2026-10-11T17:00:00+00:00,00-0038608,Kayshon Boutte,player_reception_yds,betmgm,25.5,-120.0,-111.0,2026-10-10T01:45:44Z,2026-10-10T01:46:34Z
2026,5,2026_05_HOU_TEN,2026-10-11T17:00:00+00:00,00-0036554,Nico Collins,player_reception_yds,betmgm,76.5,-115.0,-115.0,2026-10-10T01:45:44Z,2026-10-10T01:46:34Z
2026,5,2026_05_HOU_TEN,2026-10-11T17:00:00+00:00,00-0035261,Tony Pollard,player_reception_yds,betmgm,8.5,-110.0,-120.0,2026-10-10T01:45:44Z,2026-10-10T01:46:34Z
2026,5,2026_05_HOU_TEN,2026-10-11T17:00:00+00:00,00-0039032,Tyjae Spears,player_reception_yds,betmgm,9.5,-120.0,-110.0,2026-10-10T01:45:44Z,2026-10-10T01:46:34Z
2026,5,2026_05_HOU_TEN,2026-10-11T17:00:00+00:00,00-0038117,Wan'Dale Robinson,player_reception_yds,betmgm,34.5,-115.0,-115.0,2026-10-10T01:45:44Z,2026-10-10T01:46:34Z
2026,5,2026_05_HOU_TEN,2026-10-11T17:00:00+00:00,00-0040583,Woody Marks,player_reception_yds,betmgm,8.5,-110.0,-120.0,2026-10-10T01:45:44Z,2026-10-10T01:46:34Z
2026,5,2026_05_HOU_TEN,2026-10-11T17:00:00+00:00,00-0038618,Xavier Hutchinson,player_reception_yds,betmgm,14.5,-115.0,-115.0,2026-10-10T01:45:44Z,2026-10-10T01:46:34Z
2026,5,2026_05_HOU_TEN,2026-10-11T17:00:00+00:00,00-0034837,Calvin Ridley,player_reception_yds,betonlineag,8.5,-115.0,-112.0,2026-10-10T01:46:28Z,2026-10-10T01:46:34Z
2026,5,2026_05_HOU_TEN,2026-10-11T17:00:00+00:00,00-0041438,Carnell Tate,player_reception_yds,betonlineag,46.5,-114.0,-114.0,2026-10-10T01:46:28Z,2026-10-10T01:46:34Z
2026,5,2026_05_HOU_TEN,2026-10-11T17:00:00+00:00,00-0034383,Dalton Schultz,player_reception_yds,betonlineag,33.5,-114.0,-114.0,2026-10-10T01:46:28Z,2026-10-10T01:46:34Z
2026,5,2026_05_HOU_TEN,2026-10-11T17:00:00+00:00,00-0035685,David Montgomery,player_reception_yds,betonlineag,7.5,-116.0,-111.0,2026-10-10T01:46:28Z,2026-10-10T01:46:34Z
2026,5,2026_05_HOU_TEN,2026-10-11T17:00:00+00:00,00-0040170,Elic Ayomanor,player_reception_yds,betonlineag,17.5,-106.0,-122.0,2026-10-10T01:46:28Z,2026-10-10T01:46:34Z
2026,5,2026_05_HOU_TEN,2026-10-11T17:00:00+00:00,00-0040584,Gunnar Helm,player_reception_yds,betonlineag,17.5,-116.0,-111.0,2026-10-10T01:46:28Z,2026-10-10T01:46:34Z
2026,5,2026_05_HOU_TEN,2026-10-11T17:00:00+00:00,00-0040138,Jaylin Noel,player_reception_yds,betonlineag,18.5,-122.0,-106.0,2026-10-10T01:46:28Z,2026-10-10T01:46:34Z
2026,5,2026_05_HOU_TEN,2026-10-11T17:00:00+00:00,00-0038608,Kayshon Boutte,player_reception_yds,betonlineag,25.5,-115.0,-112.0,2026-10-10T01:46:28Z,2026-10-10T01:46:34Z
2026,5,2026_05_HOU_TEN,2026-10-11T17:00:00+00:00,00-0036554,Nico Collins,player_reception_yds,betonlineag,77.5,-112.0,-115.0,2026-10-10T01:46:28Z,2026-10-10T01:46:34Z
2026,5,2026_05_HOU_TEN,2026-10-11T17:00:00+00:00,00-0035261,Tony Pollard,player_reception_yds,betonlineag,8.5,-112.0,-115.0,2026-10-10T01:46:28Z,2026-10-10T01:46:34Z
2026,5,2026_05_HOU_TEN,2026-10-11T17:00:00+00:00,00-0039032,Tyjae Spears,player_reception_yds,betonlineag,9.5,-115.0,-112.0,2026-10-10T01:46:28Z,2026-10-10T01:46:34Z
2026,5,2026_05_HOU_TEN,2026-10-11T17:00:00+00:00,00-0038117,Wan'Dale Robinson,player_reception_yds,betonlineag,32.5,-112.0,-115.0,2026-10-10T01:46:28Z,2026-10-10T01:46:34Z
2026,5,2026_05_HOU_TEN,2026-10-11T17:00:00+00:00,00-0040583,Woody Marks,player_reception_yds,betonlineag,8.5,-112.0,-115.0,2026-10-10T01:46:28Z,2026-10-10T01:46:34Z
2026,5,2026_05_HOU_TEN,2026-10-11T17:00:00+00:00,00-0038618,Xavier Hutchinson,player_reception_yds,betonlineag,15.5,-114.0,-114.0,2026-10-10T01:46:28Z,2026-10-10T01:46:34Z
2026,5,2026_05_HOU_TEN,2026-10-11T17:00:00+00:00,00-0034837,Calvin Ridley,player_reception_yds,betrivers,7.5,-122.0,-108.0,2026-10-10T01:45:44Z,2026-10-10T01:46:34Z
2026,5,2026_05_HOU_TEN,2026-10-11T17:00:00+00:00,00-0041438,Carnell Tate,player_reception_yds,betrivers,46.5,-110.0,-120.0,2026-10-10T01:45:44Z,2026-10-10T01:46:34Z
2026,5,2026_05_HOU_TEN,2026-10-11T17:00:00+00:00,00-0034383,Dalton Schultz,player_reception_yds,betrivers,36.5,-108.0,-122.0,2026-10-10T01:45:44Z,2026-10-10T01:46:34Z
2026,5,2026_05_HOU_TEN,2026-10-11T17:00:00+00:00,00-0035685,David Montgomery,player_reception_yds,betrivers,8.5,-124.0,-107.0,2026-10-10T01:45:44Z,2026-10-10T01:46:34Z
2026,5,2026_05_HOU_TEN,2026-10-11T17:00:00+00:00,00-0040170,Elic Ayomanor,player_reception_yds,betrivers,13.5,-118.0,-112.0,2026-10-10T01:45:44Z,2026-10-10T01:46:34Z
2026,5,2026_05_HOU_TEN,2026-10-11T17:00:00+00:00,00-0040584,Gunnar Helm,player_reception_yds,betrivers,19.5,-113.0,-117.0,2026-10-10T01:45:44Z,2026-10-10T01:46:34Z
2026,5,2026_05_HOU_TEN,2026-10-11T17:00:00+00:00,00-0040138,Jaylin Noel,player_reception_yds,betrivers,17.5,-117.0,-114.0,2026-10-10T01:45:44Z,2026-10-10T01:46:34Z
2026,5,2026_05_HOU_TEN,2026-10-11T17:00:00+00:00,00-0038608,Kayshon Boutte,player_reception_yds,betrivers,23.5,-134.0,102.0,2026-10-10T01:45:44Z,2026-10-10T01:46:34Z
2026,5,2026_05_HOU_TEN,2026-10-11T17:00:00+00:00,00-0036554,Nico Collins,player_reception_yds,betrivers,79.5,-106.0,-125.0,2026-10-10T01:45:44Z,2026-10-10T01:46:34Z
2026,5,2026_05_HOU_TEN,2026-10-11T17:00:00+00:00,00-0035261,Tony Pollard,player_reception_yds,betrivers,9.5,-121.0,-109.0,2026-10-10T01:45:44Z,2026-10-10T01:46:34Z
2026,5,2026_05_HOU_TEN,2026-10-11T17:00:00+00:00,00-0039032,Tyjae Spears,player_reception_yds,betrivers,11.5,-113.0,-117.0,2026-10-10T01:45:44Z,2026-10-10T01:46:34Z
2026,5,2026_05_HOU_TEN,2026-10-11T17:00:00+00:00,00-0038117,Wan'Dale Robinson,player_reception_yds,betrivers,33.5,-113.0,-117.0,2026-10-10T01:45:44Z,2026-10-10T01:46:34Z
2026,5,2026_05_HOU_TEN,2026-10-11T17:00:00+00:00,00-0040583,Woody Marks,player_reception_yds,betrivers,9.5,-115.0,-114.0,2026-10-10T01:45:44Z,2026-10-10T01:46:34Z
2026,5,2026_05_HOU_TEN,2026-10-11T17:00:00+00:00,00-0038618,Xavier Hutchinson,player_reception_yds,betrivers,10.5,-165.0,128.0,2026-10-10T01:45:44Z,2026-10-10T01:46:34Z
2026,5,2026_05_HOU_TEN,2026-10-11T17:00:00+00:00,00-0034837,Calvin Ridley,player_reception_yds,bovada,9.5,-115.0,-115.0,2026-10-10T01:45:12Z,2026-10-10T01:46:34Z
2026,5,2026_05_HOU_TEN,2026-10-11T17:00:00+00:00,00-0041438,Carnell Tate,player_reception_yds,bovada,46.5,-115.0,-115.0,2026-10-10T01:45:12Z,2026-10-10T01:46:34Z
2026,5,2026_05_HOU_TEN,2026-10-11T17:00:00+00:00,00-0034383,Dalton Schultz,player_reception_yds,bovada,33.5,-120.0,-110.0,2026-10-10T01:45:12Z,2026-10-10T01:46:34Z
2026,5,2026_05_HOU_TEN,2026-10-11T17:00:00+00:00,00-0035685,David Montgomery,player_reception_yds,bovada,7.5,-120.0,-110.0,2026-10-10T01:45:12Z,2026-10-10T01:46:34Z
2026,5,2026_05_HOU_TEN,2026-10-11T17:00:00+00:00,00-0040170,Elic Ayomanor,player_reception_yds,bovada,16.5,-115.0,-115.0,2026-10-10T01:45:12Z,2026-10-10T01:46:34Z
2026,5,2026_05_HOU_TEN,2026-10-11T17:00:00+00:00,00-0040584,Gunnar Helm,player_reception_yds,bovada,16.5,-115.0,-115.0,2026-10-10T01:45:12Z,2026-10-10T01:46:34Z
2026,5,2026_05_HOU_TEN,2026-10-11T17:00:00+00:00,00-0040138,Jaylin Noel,player_reception_yds,bovada,18.5,-115.0,-115.0,2026-10-10T01:45:12Z,2026-10-10T01:46:34Z
2026,5,2026_05_HOU_TEN,2026-10-11T17:00:00+00:00,00-0038608,Kayshon Boutte,player_reception_yds,bovada,24.5,-115.0,-115.0,2026-10-10T01:45:12Z,2026-10-10T01:46:34Z
2026,5,2026_05_HOU_TEN,2026-10-11T17:00:00+00:00,00-0036554,Nico Collins,player_reception_yds,bovada,77.5,-115.0,-115.0,2026-10-10T01:45:12Z,2026-10-10T01:46:34Z
2026,5,2026_05_HOU_TEN,2026-10-11T17:00:00+00:00,00-0035261,Tony Pollard,player_reception_yds,bovada,8.5,-120.0,-110.0,2026-10-10T01:45:12Z,2026-10-10T01:46:34Z
2026,5,2026_05_HOU_TEN,2026-10-11T17:00:00+00:00,00-0039032,Tyjae Spears,player_reception_yds,bovada,9.5,-115.0,-115.0,2026-10-10T01:45:12Z,2026-10-10T01:46:34Z
2026,5,2026_05_HOU_TEN,2026-10-11T17:00:00+00:00,00-0038117,Wan'Dale Robinson,player_reception_yds,bovada,32.5,-110.0,-120.0,2026-10-10T01:45:12Z,2026-10-10T01:46:34Z
2026,5,2026_05_HOU_TEN,2026-10-11T17:00:00+00:00,00-0040583,Woody Marks,player_reception_yds,bovada,8.5,-115.0,-115.0,2026-10-10T01:45:12Z,2026-10-10T01:46:34Z
2026,5,2026_05_HOU_TEN,2026-10-11T17:00:00+00:00,00-0038618,Xavier Hutchinson,player_reception_yds,bovada,14.5,-115.0,-115.0,2026-10-10T01:45:12Z,2026-10-10T01:46:34Z
2026,5,2026_05_HOU_TEN,2026-10-11T17:00:00+00:00,00-0034837,Calvin Ridley,player_reception_yds,draftkings,9.5,-113.0,-111.0,2026-10-10T01:46:19Z,2026-10-10T01:46:34Z
2026,5,2026_05_HOU_TEN,2026-10-11T17:00:00+00:00,00-0041438,Carnell Tate,player_reception_yds,draftkings,46.5,-110.0,-114.0,2026-10-10T01:46:19Z,2026-10-10T01:46:34Z
2026,5,2026_05_HOU_TEN,2026-10-11T17:00:00+00:00,00-0034383,Dalton Schultz,player_reception_yds,draftkings,33.5,-115.0,-109.0,2026-10-10T01:46:19Z,2026-10-10T01:46:34Z
2026,5,2026_05_HOU_TEN,2026-10-11T17:00:00+00:00,00-0035685,David Montgomery,player_reception_yds,draftkings,7.5,-115.0,-109.0,2026-10-10T01:46:19Z,2026-10-10T01:46:34Z
2026,5,2026_05_HOU_TEN,2026-10-11T17:00:00+00:00,00-0040170,Elic Ayomanor,player_reception_yds,draftkings,16.5,-113.0,-111.0,2026-10-10T01:46:19Z,2026-10-10T01:46:34Z
2026,5,2026_05_HOU_TEN,2026-10-11T17:00:00+00:00,00-0040584,Gunnar Helm,player_reception_yds,draftkings,16.5,-111.0,-113.0,2026-10-10T01:46:19Z,2026-10-10T01:46:34Z
2026,5,2026_05_HOU_TEN,2026-10-11T17:00:00+00:00,00-0040138,Jaylin Noel,player_reception_yds,draftkings,18.5,-114.0,-110.0,2026-10-10T01:46:19Z,2026-10-10T01:46:34Z
2026,5,2026_05_HOU_TEN,2026-10-11T17:00:00+00:00,00-0038608,Kayshon Boutte,player_reception_yds,draftkings,24.5,-114.0,-110.0,2026-10-10T01:46:19Z,2026-10-10T01:46:34Z
2026,5,2026_05_HOU_TEN,2026-10-11T17:00:00+00:00,00-0036554,Nico Collins,player_reception_yds,draftkings,77.5,-112.0,-112.0,2026-10-10T01:46:19Z,2026-10-10T01:46:34Z
2026,5,2026_05_HOU_TEN,2026-10-11T17:00:00+00:00,00-0035261,Tony Pollard,player_reception_yds,draftkings,8.5,-116.0,-108.0,2026-10-10T01:46:19Z,2026-10-10T01:46:34Z
2026,5,2026_05_HOU_TEN,2026-10-11T17:00:00+00:00,00-0039032,Tyjae Spears,player_reception_yds,draftkings,9.5,-113.0,-111.0,2026-10-10T01:46:19Z,2026-10-10T01:46:34Z
2026,5,2026_05_HOU_TEN,2026-10-11T17:00:00+00:00,00-0038117,Wan'Dale Robinson,player_reception_yds,draftkings,32.5,-108.0,-116.0,2026-10-10T01:46:19Z,2026-10-10T01:46:34Z
2026,5,2026_05_HOU_TEN,2026-10-11T17:00:00+00:00,00-0040583,Woody Marks,player_reception_yds,draftkings,8.5,-113.0,-111.0,2026-10-10T01:46:19Z,2026-10-10T01:46:34Z
2026,5,2026_05_HOU_TEN,2026-10-11T17:00:00+00:00,00-0038618,Xavier Hutchinson,player_reception_yds,draftkings,14.5,-110.0,-114.0,2026-10-10T01:46:19Z,2026-10-10T01:46:34Z
2026,5,2026_05_HOU_TEN,2026-10-11T17:00:00+00:00,00-0034837,Calvin Ridley,player_reception_yds,fanduel,8.5,-114.0,-114.0,2026-10-10T01:46:28Z,2026-10-10T01:46:34Z
2026,5,2026_05_HOU_TEN,2026-10-11T17:00:00+00:00,00-0041438,Carnell Tate,player_reception_yds,fanduel,45.5,-114.0,-114.0,2026-10-10T01:46:28Z,2026-10-10T01:46:34Z
2026,5,2026_05_HOU_TEN,2026-10-11T17:00:00+00:00,00-0034383,Dalton Schultz,player_reception_yds,fanduel,34.5,-114.0,-114.0,2026-10-10T01:46:28Z,2026-10-10T01:46:34Z
2026,5,2026_05_HOU_TEN,2026-10-11T17:00:00+00:00,00-0035685,David Montgomery,player_reception_yds,fanduel,7.5,-114.0,-114.0,2026-10-10T01:46:28Z,2026-10-10T01:46:34Z
2026,5,2026_05_HOU_TEN,2026-10-11T17:00:00+00:00,00-0040170,Elic Ayomanor,player_reception_yds,fanduel,17.5,-114.0,-114.0,2026-10-10T01:46:28Z,2026-10-10T01:46:34Z
2026,5,2026_05_HOU_TEN,2026-10-11T17:00:00+00:00,00-0040584,Gunnar Helm,player_reception_yds,fanduel,17.5,-114.0,-114.0,2026-10-10T01:46:28Z,2026-10-10T01:46:34Z
2026,5,2026_05_HOU_TEN,2026-10-11T17:00:00+00:00,00-0040138,Jaylin Noel,player_reception_yds,fanduel,18.5,-114.0,-114.0,2026-10-10T01:46:28Z,2026-10-10T01:46:34Z
2026,5,2026_05_HOU_TEN,2026-10-11T17:00:00+00:00,00-0038608,Kayshon Boutte,player_reception_yds,fanduel,25.5,-114.0,-114.0,2026-10-10T01:46:28Z,2026-10-10T01:46:34Z
2026,5,2026_05_HOU_TEN,2026-10-11T17:00:00+00:00,00-0036554,Nico Collins,player_reception_yds,fanduel,77.5,-114.0,-114.0,2026-10-10T01:46:28Z,2026-10-10T01:46:34Z
2026,5,2026_05_HOU_TEN,2026-10-11T17:00:00+00:00,00-0035261,Tony Pollard,player_reception_yds,fanduel,8.5,-114.0,-114.0,2026-10-10T01:46:28Z,2026-10-10T01:46:34Z
2026,5,2026_05_HOU_TEN,2026-10-11T17:00:00+00:00,00-0039032,Tyjae Spears,player_reception_yds,fanduel,9.5,-114.0,-114.0,2026-10-10T01:46:28Z,2026-10-10T01:46:34Z
2026,5,2026_05_HOU_TEN,2026-10-11T17:00:00+00:00,00-0038117,Wan'Dale Robinson,player_reception_yds,fanduel,32.5,-114.0,-114.0,2026-10-10T01:46:28Z,2026-10-10T01:46:34Z
2026,5,2026_05_HOU_TEN,2026-10-11T17:00:00+00:00,00-0040583,Woody Marks,player_reception_yds,fanduel,8.5,-114.0,-114.0,2026-10-10T01:46:28Z,2026-10-10T01:46:34Z
2026,5,2026_05_HOU_TEN,2026-10-11T17:00:00+00:00,00-0038618,Xavier Hutchinson,player_reception_yds,fanduel,15.5,-114.0,-114.0,2026-10-10T01:46:28Z,2026-10-10T01:46:34Z
2026,5,2026_05_HOU_TEN,2026-10-11T17:00:00+00:00,00-0034837,Calvin Ridley,player_receptions,betmgm,0.5,-220.0,160.0,2026-10-10T01:45:44Z,2026-10-10T01:46:34Z
2026,5,2026_05_HOU_TEN,2026-10-11T17:00:00+00:00,00-0035685,David Montgomery,player_receptions,betmgm,1.5,125.0,-165.0,2026-10-10T01:45:44Z,2026-10-10T01:46:34Z
2026,5,2026_05_HOU_TEN,2026-10-11T17:00:00+00:00,00-0040170,Elic Ayomanor,player_receptions,betmgm,1.5,105.0,-140.0,2026-10-10T01:45:44Z,2026-10-10T01:46:34Z
2026,5,2026_05_HOU_TEN,2026-10-11T17:00:00+00:00,00-0040584,Gunnar Helm,player_receptions,betmgm,2.5,105.0,-140.0,2026-10-10T01:45:44Z,2026-10-10T01:46:34Z
2026,5,2026_05_HOU_TEN,2026-10-11T17:00:00+00:00,00-0040138,Jaylin Noel,player_receptions,betmgm,1.5,-150.0,110.0,2026-10-10T01:45:44Z,2026-10-10T01:46:34Z
2026,5,2026_05_HOU_TEN,2026-10-11T17:00:00+00:00,00-0038608,Kayshon Boutte,player_receptions,betmgm,2.5,135.0,-185.0,2026-10-10T01:45:44Z,2026-10-10T01:46:34Z
2026,5,2026_05_HOU_TEN,2026-10-11T17:00:00+00:00,00-0036554,Nico Collins,player_receptions,betmgm,5.5,-118.0,-111.0,2026-10-10T01:45:44Z,2026-10-10T01:46:34Z
2026,5,2026_05_HOU_TEN,2026-10-11T17:00:00+00:00,00-0035261,Tony Pollard,player_receptions,betmgm,1.5,-135.0,100.0,2026-10-10T01:45:44Z,2026-10-10T01:46:34Z
2026,5,2026_05_HOU_TEN,2026-10-11T17:00:00+00:00,00-0039032,Tyjae Spears,player_receptions,betmgm,1.5,-165.0,125.0,2026-10-10T01:45:44Z,2026-10-10T01:46:34Z
2026,5,2026_05_HOU_TEN,2026-10-11T17:00:00+00:00,00-0038117,Wan'Dale Robinson,player_receptions,betmgm,3.5,-150.0,110.0,2026-10-10T01:45:44Z,2026-10-10T01:46:34Z
2026,5,2026_05_HOU_TEN,2026-10-11T17:00:00+00:00,00-0040583,Woody Marks,player_receptions,betmgm,1.5,105.0,-140.0,2026-10-10T01:45:44Z,2026-10-10T01:46:34Z
2026,5,2026_05_HOU_TEN,2026-10-11T17:00:00+00:00,00-0038618,Xavier Hutchinson,player_receptions,betmgm,1.5,105.0,-140.0,2026-10-10T01:45:44Z,2026-10-10T01:46:34Z
2026,5,2026_05_HOU_TEN,2026-10-11T17:00:00+00:00,00-0034837,Calvin Ridley,player_receptions,betonlineag,0.5,-179.0,136.0,2026-10-10T01:46:28Z,2026-10-10T01:46:34Z
2026,5,2026_05_HOU_TEN,2026-10-11T17:00:00+00:00,00-0041438,Carnell Tate,player_receptions,betonlineag,4.5,105.0,-135.0,2026-10-10T01:46:28Z,2026-10-10T01:46:34Z
2026,5,2026_05_HOU_TEN,2026-10-11T17:00:00+00:00,00-0034383,Dalton Schultz,player_receptions,betonlineag,4.5,122.0,-159.0,2026-10-10T01:46:28Z,2026-10-10T01:46:34Z
2026,5,2026_05_HOU_TEN,2026-10-11T17:00:00+00:00,00-0035685,David Montgomery,player_receptions,betonlineag,1.5,120.0,-156.0,2026-10-10T01:46:28Z,2026-10-10T01:46:34Z
2026,5,2026_05_HOU_TEN,2026-10-11T17:00:00+00:00,00-0040170,Elic Ayomanor,player_receptions,betonlineag,1.5,-109.0,-119.0,2026-10-10T01:46:28Z,2026-10-10T01:46:34Z
2026,5,2026_05_HOU_TEN,2026-10-11T17:00:00+00:00,00-0040584,Gunnar Helm,player_receptions,betonlineag,2.5,-102.0,-127.0,2026-10-10T01:46:28Z,2026-10-10T01:46:34Z
2026,5,2026_05_HOU_TEN,2026-10-11T17:00:00+00:00,00-0040138,Jaylin Noel,player_receptions,betonlineag,1.5,-141.0,109.0,2026-10-10T01:46:28Z,2026-10-10T01:46:34Z
2026,5,2026_05_HOU_TEN,2026-10-11T17:00:00+00:00,00-0038608,Kayshon Boutte,player_receptions,betonlineag,2.5,140.0,-185.0,2026-10-10T01:46:28Z,2026-10-10T01:46:34Z
2026,5,2026_05_HOU_TEN,2026-10-11T17:00:00+00:00,00-0036554,Nico Collins,player_receptions,betonlineag,5.5,-105.0,-123.0,2026-10-10T01:46:28Z,2026-10-10T01:46:34Z
2026,5,2026_05_HOU_TEN,2026-10-11T17:00:00+00:00,00-0035261,Tony Pollard,player_receptions,betonlineag,1.5,-133.0,103.0,2026-10-10T01:46:28Z,2026-10-10T01:46:34Z
2026,5,2026_05_HOU_TEN,2026-10-11T17:00:00+00:00,00-0039032,Tyjae Spears,player_receptions,betonlineag,1.5,-172.0,133.0,2026-10-10T01:46:28Z,2026-10-10T01:46:34Z
2026,5,2026_05_HOU_TEN,2026-10-11T17:00:00+00:00,00-0038117,Wan'Dale Robinson,player_receptions,betonlineag,3.5,-125.0,-103.0,2026-10-10T01:46:28Z,2026-10-10T01:46:34Z
2026,5,2026_05_HOU_TEN,2026-10-11T17:00:00+00:00,00-0040583,Woody Marks,player_receptions,betonlineag,1.5,-106.0,-122.0,2026-10-10T01:46:28Z,2026-10-10T01:46:34Z
2026,5,2026_05_HOU_TEN,2026-10-11T17:00:00+00:00,00-0038618,Xavier Hutchinson,player_receptions,betonlineag,1.5,130.0,-169.0,2026-10-10T01:46:28Z,2026-10-10T01:46:34Z
2026,5,2026_05_HOU_TEN,2026-10-11T17:00:00+00:00,00-0034837,Calvin Ridley,player_receptions,betrivers,1.5,170.0,,2026-10-10T01:45:44Z,2026-10-10T01:46:34Z
2026,5,2026_05_HOU_TEN,2026-10-11T17:00:00+00:00,00-0041438,Carnell Tate,player_receptions,betrivers,4.5,100.0,,2026-10-10T01:45:44Z,2026-10-10T01:46:34Z
2026,5,2026_05_HOU_TEN,2026-10-11T17:00:00+00:00,00-0034383,Dalton Schultz,player_receptions,betrivers,4.5,115.0,,2026-10-10T01:45:44Z,2026-10-10T01:46:34Z
2026,5,2026_05_HOU_TEN,2026-10-11T17:00:00+00:00,00-0035685,David Montgomery,player_receptions,betrivers,1.5,110.0,,2026-10-10T01:45:44Z,2026-10-10T01:46:34Z
2026,5,2026_05_HOU_TEN,2026-10-11T17:00:00+00:00,00-0040170,Elic Ayomanor,player_receptions,betrivers,1.5,-121.0,,2026-10-10T01:45:44Z,2026-10-10T01:46:34Z
2026,5,2026_05_HOU_TEN,2026-10-11T17:00:00+00:00,00-0040584,Gunnar Helm,player_receptions,betrivers,2.5,-106.0,,2026-10-10T01:45:44Z,2026-10-10T01:46:34Z
2026,5,2026_05_HOU_TEN,2026-10-11T17:00:00+00:00,00-0040138,Jaylin Noel,player_receptions,betrivers,1.5,-150.0,,2026-10-10T01:45:44Z,2026-10-10T01:46:34Z
2026,5,2026_05_HOU_TEN,2026-10-11T17:00:00+00:00,00-0038608,Kayshon Boutte,player_receptions,betrivers,2.5,104.0,,2026-10-10T01:45:44Z,2026-10-10T01:46:34Z
2026,5,2026_05_HOU_TEN,2026-10-11T17:00:00+00:00,00-0036554,Nico Collins,player_receptions,betrivers,5.5,-129.0,,2026-10-10T01:45:44Z,2026-10-10T01:46:34Z
2026,5,2026_05_HOU_TEN,2026-10-11T17:00:00+00:00,00-0035261,Tony Pollard,player_receptions,betrivers,1.5,-152.0,,2026-10-10T01:45:44Z,2026-10-10T01:46:34Z
2026,5,2026_05_HOU_TEN,2026-10-11T17:00:00+00:00,00-0039032,Tyjae Spears,player_receptions,betrivers,1.5,-177.0,,2026-10-10T01:45:44Z,2026-10-10T01:46:34Z
2026,5,2026_05_HOU_TEN,2026-10-11T17:00:00+00:00,00-0038117,Wan'Dale Robinson,player_receptions,betrivers,3.5,-130.0,,2026-10-10T01:45:44Z,2026-10-10T01:46:34Z
2026,5,2026_05_HOU_TEN,2026-10-11T17:00:00+00:00,00-0040583,Woody Marks,player_receptions,betrivers,1.5,-109.0,,2026-10-10T01:45:44Z,2026-10-10T01:46:34Z
2026,5,2026_05_HOU_TEN,2026-10-11T17:00:00+00:00,00-0038618,Xavier Hutchinson,player_receptions,betrivers,1.5,102.0,,2026-10-10T01:45:44Z,2026-10-10T01:46:34Z
2026,5,2026_05_HOU_TEN,2026-10-11T17:00:00+00:00,00-0034837,Calvin Ridley,player_receptions,bovada,0.5,-230.0,170.0,2026-10-10T01:45:12Z,2026-10-10T01:46:34Z
2026,5,2026_05_HOU_TEN,2026-10-11T17:00:00+00:00,00-0041438,Carnell Tate,player_receptions,bovada,4.5,100.0,-130.0,2026-10-10T01:45:12Z,2026-10-10T01:46:34Z
2026,5,2026_05_HOU_TEN,2026-10-11T17:00:00+00:00,00-0034383,Dalton Schultz,player_receptions,bovada,3.5,-150.0,115.0,2026-10-10T01:45:12Z,2026-10-10T01:46:34Z
2026,5,2026_05_HOU_TEN,2026-10-11T17:00:00+00:00,00-0035685,David Montgomery,player_receptions,bovada,1.5,115.0,-150.0,2026-10-10T01:45:12Z,2026-10-10T01:46:34Z
2026,5,2026_05_HOU_TEN,2026-10-11T17:00:00+00:00,00-0040170,Elic Ayomanor,player_receptions,bovada,1.5,-120.0,-110.0,2026-10-10T01:45:12Z,2026-10-10T01:46:34Z
2026,5,2026_05_HOU_TEN,2026-10-11T17:00:00+00:00,00-0040584,Gunnar Helm,player_receptions,bovada,2.5,110.0,-145.0,2026-10-10T01:45:12Z,2026-10-10T01:46:34Z
2026,5,2026_05_HOU_TEN,2026-10-11T17:00:00+00:00,00-0040138,Jaylin Noel,player_receptions,bovada,1.5,-145.0,110.0,2026-10-10T01:45:12Z,2026-10-10T01:46:34Z
2026,5,2026_05_HOU_TEN,2026-10-11T17:00:00+00:00,00-0038608,Kayshon Boutte,player_receptions,bovada,2.5,150.0,-200.0,2026-10-10T01:45:12Z,2026-10-10T01:46:34Z
2026,5,2026_05_HOU_TEN,2026-10-11T17:00:00+00:00,00-0036554,Nico Collins,player_receptions,bovada,5.5,-125.0,-105.0,2026-10-10T01:45:12Z,2026-10-10T01:46:34Z
2026,5,2026_05_HOU_TEN,2026-10-11T17:00:00+00:00,00-0035261,Tony Pollard,player_receptions,bovada,1.5,-145.0,110.0,2026-10-10T01:45:12Z,2026-10-10T01:46:34Z
2026,5,2026_05_HOU_TEN,2026-10-11T17:00:00+00:00,00-0039032,Tyjae Spears,player_receptions,bovada,1.5,-180.0,135.0,2026-10-10T01:45:12Z,2026-10-10T01:46:34Z
2026,5,2026_05_HOU_TEN,2026-10-11T17:00:00+00:00,00-0038117,Wan'Dale Robinson,player_receptions,bovada,3.5,-150.0,115.0,2026-10-10T01:45:12Z,2026-10-10T01:46:34Z
2026,5,2026_05_HOU_TEN,2026-10-11T17:00:00+00:00,00-0040583,Woody Marks,player_receptions,bovada,1.5,-110.0,-120.0,2026-10-10T01:45:12Z,2026-10-10T01:46:34Z
2026,5,2026_05_HOU_TEN,2026-10-11T17:00:00+00:00,00-0038618,Xavier Hutchinson,player_receptions,bovada,1.5,140.0,-185.0,2026-10-10T01:45:12Z,2026-10-10T01:46:34Z
2026,5,2026_05_HOU_TEN,2026-10-11T17:00:00+00:00,00-0034837,Calvin Ridley,player_receptions,draftkings,0.5,-219.0,169.0,2026-10-10T01:46:19Z,2026-10-10T01:46:34Z
2026,5,2026_05_HOU_TEN,2026-10-11T17:00:00+00:00,00-0041438,Carnell Tate,player_receptions,draftkings,4.5,101.0,-129.0,2026-10-10T01:46:19Z,2026-10-10T01:46:34Z
2026,5,2026_05_HOU_TEN,2026-10-11T17:00:00+00:00,00-0034383,Dalton Schultz,player_receptions,draftkings,3.5,-147.0,115.0,2026-10-10T01:46:19Z,2026-10-10T01:46:34Z
2026,5,2026_05_HOU_TEN,2026-10-11T17:00:00+00:00,00-0035685,David Montgomery,player_receptions,draftkings,1.5,117.0,-150.0,2026-10-10T01:46:19Z,2026-10-10T01:46:34Z
2026,5,2026_05_HOU_TEN,2026-10-11T17:00:00+00:00,00-0040170,Elic Ayomanor,player_receptions,draftkings,1.5,-116.0,-110.0,2026-10-10T01:46:19Z,2026-10-10T01:46:34Z
2026,5,2026_05_HOU_TEN,2026-10-11T17:00:00+00:00,00-0040584,Gunnar Helm,player_receptions,draftkings,2.5,108.0,-137.0,2026-10-10T01:46:19Z,2026-10-10T01:46:34Z
2026,5,2026_05_HOU_TEN,2026-10-11T17:00:00+00:00,00-0040138,Jaylin Noel,player_receptions,draftkings,1.5,-140.0,110.0,2026-10-10T01:46:19Z,2026-10-10T01:46:34Z
2026,5,2026_05_HOU_TEN,2026-10-11T17:00:00+00:00,00-0038608,Kayshon Boutte,player_receptions,draftkings,2.5,151.0,-195.0,2026-10-10T01:46:19Z,2026-10-10T01:46:34Z
2026,5,2026_05_HOU_TEN,2026-10-11T17:00:00+00:00,00-0036554,Nico Collins,player_receptions,draftkings,5.5,-125.0,-102.0,2026-10-10T01:46:19Z,2026-10-10T01:46:34Z
2026,5,2026_05_HOU_TEN,2026-10-11T17:00:00+00:00,00-0035261,Tony Pollard,player_receptions,draftkings,1.5,-142.0,111.0,2026-10-10T01:46:19Z,2026-10-10T01:46:34Z
2026,5,2026_05_HOU_TEN,2026-10-11T17:00:00+00:00,00-0039032,Tyjae Spears,player_receptions,draftkings,1.5,-177.0,138.0,2026-10-10T01:46:19Z,2026-10-10T01:46:34Z
2026,5,2026_05_HOU_TEN,2026-10-11T17:00:00+00:00,00-0038117,Wan'Dale Robinson,player_receptions,draftkings,3.5,-149.0,117.0,2026-10-10T01:46:19Z,2026-10-10T01:46:34Z
2026,5,2026_05_HOU_TEN,2026-10-11T17:00:00+00:00,00-0040583,Woody Marks,player_receptions,draftkings,1.5,-111.0,-115.0,2026-10-10T01:46:19Z,2026-10-10T01:46:34Z
2026,5,2026_05_HOU_TEN,2026-10-11T17:00:00+00:00,00-0038618,Xavier Hutchinson,player_receptions,draftkings,1.5,142.0,-182.0,2026-10-10T01:46:19Z,2026-10-10T01:46:34Z
2026,5,2026_05_HOU_TEN,2026-10-11T17:00:00+00:00,00-0034837,Calvin Ridley,player_receptions,fanduel,0.5,-188.0,140.0,2026-10-10T01:46:28Z,2026-10-10T01:46:34Z
2026,5,2026_05_HOU_TEN,2026-10-11T17:00:00+00:00,00-0041438,Carnell Tate,player_receptions,fanduel,4.5,106.0,-140.0,2026-10-10T01:46:28Z,2026-10-10T01:46:34Z
2026,5,2026_05_HOU_TEN,2026-10-11T17:00:00+00:00,00-0034383,Dalton Schultz,player_receptions,fanduel,4.5,124.0,-166.0,2026-10-10T01:46:28Z,2026-10-10T01:46:34Z
2026,5,2026_05_HOU_TEN,2026-10-11T17:00:00+00:00,00-0035685,David Montgomery,player_receptions,fanduel,1.5,110.0,-146.0,2026-10-10T01:46:28Z,2026-10-10T01:46:34Z
2026,5,2026_05_HOU_TEN,2026-10-11T17:00:00+00:00,00-0040170,Elic Ayomanor,player_receptions,fanduel,1.5,-114.0,-114.0,2026-10-10T01:46:28Z,2026-10-10T01:46:34Z
2026,5,2026_05_HOU_TEN,2026-10-11T17:00:00+00:00,00-0040584,Gunnar Helm,player_receptions,fanduel,2.5,-110.0,-120.0,2026-10-10T01:46:28Z,2026-10-10T01:46:34Z
2026,5,2026_05_HOU_TEN,2026-10-11T17:00:00+00:00,00-0040138,Jaylin Noel,player_receptions,fanduel,1.5,-138.0,104.0,2026-10-10T01:46:28Z,2026-10-10T01:46:34Z
2026,5,2026_05_HOU_TEN,2026-10-11T17:00:00+00:00,00-0038608,Kayshon Boutte,player_receptions,fanduel,2.5,124.0,-166.0,2026-10-10T01:46:28Z,2026-10-10T01:46:34Z
2026,5,2026_05_HOU_TEN,2026-10-11T17:00:00+00:00,00-0036554,Nico Collins,player_receptions,fanduel,5.5,-114.0,-114.0,2026-10-10T01:46:28Z,2026-10-10T01:46:34Z
2026,5,2026_05_HOU_TEN,2026-10-11T17:00:00+00:00,00-0035261,Tony Pollard,player_receptions,fanduel,1.5,-122.0,-108.0,2026-10-10T01:46:28Z,2026-10-10T01:46:34Z
2026,5,2026_05_HOU_TEN,2026-10-11T17:00:00+00:00,00-0039032,Tyjae Spears,player_receptions,fanduel,1.5,-182.0,136.0,2026-10-10T01:46:28Z,2026-10-10T01:46:34Z
2026,5,2026_05_HOU_TEN,2026-10-11T17:00:00+00:00,00-0038117,Wan'Dale Robinson,player_receptions,fanduel,3.5,-144.0,108.0,2026-10-10T01:46:28Z,2026-10-10T01:46:34Z
2026,5,2026_05_HOU_TEN,2026-10-11T17:00:00+00:00,00-0040583,Woody Marks,player_receptions,fanduel,1.5,-108.0,-122.0,2026-10-10T01:46:28Z,2026-10-10T01:46:34Z
2026,5,2026_05_HOU_TEN,2026-10-11T17:00:00+00:00,00-0038618,Xavier Hutchinson,player_receptions,fanduel,1.5,116.0,-154.0,2026-10-10T01:46:28Z,2026-10-10T01:46:34Z
2026,5,2026_05_HOU_TEN,2026-10-11T17:00:00+00:00,00-0039163,C.J. Stroud,player_rush_yds,betmgm,9.5,-115.0,-115.0,2026-10-10T01:45:44Z,2026-10-10T01:46:34Z
2026,5,2026_05_HOU_TEN,2026-10-11T17:00:00+00:00,00-0040676,Cam Ward,player_rush_yds,betmgm,10.5,-120.0,-111.0,2026-10-10T01:45:44Z,2026-10-10T01:46:34Z
2026,5,2026_05_HOU_TEN,2026-10-11T17:00:00+00:00,00-0035685,David Montgomery,player_rush_yds,betmgm,44.5,-115.0,-115.0,2026-10-10T01:45:44Z,2026-10-10T01:46:34Z
2026,5,2026_05_HOU_TEN,2026-10-11T17:00:00+00:00,00-0035261,Tony Pollard,player_rush_yds,betmgm,46.5,-115.0,-115.0,2026-10-10T01:45:44Z,2026-10-10T01:46:34Z
2026,5,2026_05_HOU_TEN,2026-10-11T17:00:00+00:00,00-0039032,Tyjae Spears,player_rush_yds,betmgm,14.5,-110.0,-120.0,2026-10-10T01:45:44Z,2026-10-10T01:46:34Z
2026,5,2026_05_HOU_TEN,2026-10-11T17:00:00+00:00,00-0040583,Woody Marks,player_rush_yds,betmgm,34.5,-115.0,-115.0,2026-10-10T01:45:44Z,2026-10-10T01:46:34Z
2026,5,2026_05_HOU_TEN,2026-10-11T17:00:00+00:00,00-0039163,C.J. Stroud,player_rush_yds,betonlineag,9.5,-115.0,-112.0,2026-10-10T01:46:28Z,2026-10-10T01:46:34Z
2026,5,2026_05_HOU_TEN,2026-10-11T17:00:00+00:00,00-0040676,Cam Ward,player_rush_yds,betonlineag,10.5,-114.0,-114.0,2026-10-10T01:46:28Z,2026-10-10T01:46:34Z
2026,5,2026_05_HOU_TEN,2026-10-11T17:00:00+00:00,00-0035685,David Montgomery,player_rush_yds,betonlineag,43.5,-114.0,-114.0,2026-10-10T01:46:28Z,2026-10-10T01:46:34Z
2026,5,2026_05_HOU_TEN,2026-10-11T17:00:00+00:00,00-0035261,Tony Pollard,player_rush_yds,betonlineag,48.5,-120.0,-108.0,2026-10-10T01:46:28Z,2026-10-10T01:46:34Z
2026,5,2026_05_HOU_TEN,2026-10-11T17:00:00+00:00,00-0039032,Tyjae Spears,player_rush_yds,betonlineag,14.5,-114.0,-114.0,2026-10-10T01:46:28Z,2026-10-10T01:46:34Z
2026,5,2026_05_HOU_TEN,2026-10-11T17:00:00+00:00,00-0040583,Woody Marks,player_rush_yds,betonlineag,36.5,-114.0,-114.0,2026-10-10T01:46:28Z,2026-10-10T01:46:34Z
2026,5,2026_05_HOU_TEN,2026-10-11T17:00:00+00:00,00-0039163,C.J. Stroud,player_rush_yds,betrivers,10.5,-117.0,-125.0,2026-10-10T01:45:44Z,2026-10-10T01:46:34Z
2026,5,2026_05_HOU_TEN,2026-10-11T17:00:00+00:00,00-0040676,Cam Ward,player_rush_yds,betrivers,10.5,-127.0,-114.0,2026-10-10T01:45:44Z,2026-10-10T01:46:34Z
2026,5,2026_05_HOU_TEN,2026-10-11T17:00:00+00:00,00-0035685,David Montgomery,player_rush_yds,betrivers,46.5,-114.0,-127.0,2026-10-10T01:45:44Z,2026-10-10T01:46:34Z
2026,5,2026_05_HOU_TEN,2026-10-11T17:00:00+00:00,00-0035261,Tony Pollard,player_rush_yds,betrivers,52.5,-118.0,-122.0,2026-10-10T01:45:44Z,2026-10-10T01:46:34Z
2026,5,2026_05_HOU_TEN,2026-10-11T17:00:00+00:00,00-0039032,Tyjae Spears,player_rush_yds,betrivers,15.5,-124.0,-117.0,2026-10-10T01:45:44Z,2026-10-10T01:46:34Z
2026,5,2026_05_HOU_TEN,2026-10-11T17:00:00+00:00,00-0040583,Woody Marks,player_rush_yds,betrivers,32.5,-121.0,-120.0,2026-10-10T01:45:44Z,2026-10-10T01:46:34Z
2026,5,2026_05_HOU_TEN,2026-10-11T17:00:00+00:00,00-0039163,C.J. Stroud,player_rush_yds,bovada,9.5,-120.0,-110.0,2026-10-10T01:45:12Z,2026-10-10T01:46:34Z
2026,5,2026_05_HOU_TEN,2026-10-11T17:00:00+00:00,00-0040676,Cam Ward,player_rush_yds,bovada,10.5,-115.0,-115.0,2026-10-10T01:45:12Z,2026-10-10T01:46:34Z
2026,5,2026_05_HOU_TEN,2026-10-11T17:00:00+00:00,00-0035685,David Montgomery,player_rush_yds,bovada,41.5,-110.0,-120.0,2026-10-10T01:45:12Z,2026-10-10T01:46:34Z
2026,5,2026_05_HOU_TEN,2026-10-11T17:00:00+00:00,00-0035261,Tony Pollard,player_rush_yds,bovada,47.5,-115.0,-115.0,2026-10-10T01:45:12Z,2026-10-10T01:46:34Z
2026,5,2026_05_HOU_TEN,2026-10-11T17:00:00+00:00,00-0039032,Tyjae Spears,player_rush_yds,bovada,14.5,-115.0,-115.0,2026-10-10T01:45:12Z,2026-10-10T01:46:34Z
2026,5,2026_05_HOU_TEN,2026-10-11T17:00:00+00:00,00-0040583,Woody Marks,player_rush_yds,bovada,36.5,-120.0,-110.0,2026-10-10T01:45:12Z,2026-10-10T01:46:34Z
2026,5,2026_05_HOU_TEN,2026-10-11T17:00:00+00:00,00-0039163,C.J. Stroud,player_rush_yds,draftkings,9.5,-116.0,-108.0,2026-10-10T01:46:19Z,2026-10-10T01:46:34Z
2026,5,2026_05_HOU_TEN,2026-10-11T17:00:00+00:00,00-0040676,Cam Ward,player_rush_yds,draftkings,10.5,-111.0,-113.0,2026-10-10T01:46:19Z,2026-10-10T01:46:34Z
2026,5,2026_05_HOU_TEN,2026-10-11T17:00:00+00:00,00-0035685,David Montgomery,player_rush_yds,draftkings,41.5,-109.0,-115.0,2026-10-10T01:46:19Z,2026-10-10T01:46:34Z
2026,5,2026_05_HOU_TEN,2026-10-11T17:00:00+00:00,00-0035261,Tony Pollard,player_rush_yds,draftkings,47.5,-114.0,-110.0,2026-10-10T01:46:19Z,2026-10-10T01:46:34Z
2026,5,2026_05_HOU_TEN,2026-10-11T17:00:00+00:00,00-0039032,Tyjae Spears,player_rush_yds,draftkings,14.5,-114.0,-110.0,2026-10-10T01:46:19Z,2026-10-10T01:46:34Z
2026,5,2026_05_HOU_TEN,2026-10-11T17:00:00+00:00,00-0040583,Woody Marks,player_rush_yds,draftkings,36.5,-115.0,-109.0,2026-10-10T01:46:19Z,2026-10-10T01:46:34Z
2026,5,2026_05_HOU_TEN,2026-10-11T17:00:00+00:00,00-0039163,C.J. Stroud,player_rush_yds,fanduel,9.5,-114.0,-114.0,2026-10-10T01:46:28Z,2026-10-10T01:46:34Z
2026,5,2026_05_HOU_TEN,2026-10-11T17:00:00+00:00,00-0040676,Cam Ward,player_rush_yds,fanduel,10.5,-114.0,-114.0,2026-10-10T01:46:28Z,2026-10-10T01:46:34Z
2026,5,2026_05_HOU_TEN,2026-10-11T17:00:00+00:00,00-0035685,David Montgomery,player_rush_yds,fanduel,43.5,-114.0,-114.0,2026-10-10T01:46:28Z,2026-10-10T01:46:34Z
2026,5,2026_05_HOU_TEN,2026-10-11T17:00:00+00:00,00-0035261,Tony Pollard,player_rush_yds,fanduel,50.5,-114.0,-114.0,2026-10-10T01:46:28Z,2026-10-10T01:46:34Z
2026,5,2026_05_HOU_TEN,2026-10-11T17:00:00+00:00,00-0039032,Tyjae Spears,player_rush_yds,fanduel,14.5,-114.0,-114.0,2026-10-10T01:46:28Z,2026-10-10T01:46:34Z
2026,5,2026_05_HOU_TEN,2026-10-11T17:00:00+00:00,00-0040583,Woody Marks,player_rush_yds,fanduel,36.5,-114.0,-114.0,2026-10-10T01:46:28Z,2026-10-10T01:46:34Z
2026,5,2026_05_IND_PIT,2026-10-11T17:00:00+00:00,00-0023459,Aaron Rodgers,player_anytime_td,betmgm,,1200.0,,2026-10-10T01:45:44Z,2026-10-10T01:46:34Z
2026,5,2026_05_IND_PIT,2026-10-11T17:00:00+00:00,00-0036862,Ben Skowronek,player_anytime_td,betmgm,,1450.0,,2026-10-10T01:45:44Z,2026-10-10T01:46:34Z
2026,5,2026_05_IND_PIT,2026-10-11T17:00:00+00:00,00-0035640,DK Metcalf,player_anytime_td,betmgm,,175.0,,2026-10-10T01:45:44Z,2026-10-10T01:46:34Z
2026,5,2026_05_IND_PIT,2026-10-11T17:00:00+00:00,00-0035710,Daniel Jones,player_anytime_td,betmgm,,600.0,,2026-10-10T01:45:44Z,2026-10-10T01:46:34Z
2026,5,2026_05_IND_PIT,2026-10-11T17:00:00+00:00,00-0038558,Darnell Washington,player_anytime_td,betmgm,,333.0,,2026-10-10T01:45:44Z,2026-10-10T01:46:34Z
2026,5,2026_05_IND_PIT,2026-10-11T17:00:00+00:00,00-0041132,Deion Burks,player_anytime_td,betmgm,,1600.0,,2026-10-10T01:45:44Z,2026-10-10T01:46:34Z
2026,5,2026_05_IND_PIT,2026-10-11T17:00:00+00:00,,Drew Ogletree,player_anytime_td,betmgm,,1700.0,,2026-10-10T01:45:44Z,2026-10-10T01:46:34Z
2026,5,2026_05_IND_PIT,2026-10-11T17:00:00+00:00,00-0041489,Germie Bernard,player_anytime_td,betmgm,,450.0,,2026-10-10T01:45:44Z,2026-10-10T01:46:34Z
2026,5,2026_05_IND_PIT,2026-10-11T17:00:00+00:00,,Indianapolis Colts D/ST,player_anytime_td,betmgm,,650.0,,2026-10-10T01:45:44Z,2026-10-10T01:46:34Z
2026,5,2026_05_IND_PIT,2026-10-11T17:00:00+00:00,00-0037228,Jaylen Warren,player_anytime_td,betmgm,,-145.0,,2026-10-10T01:45:44Z,2026-10-10T01:46:34Z
2026,5,2026_05_IND_PIT,2026-10-11T17:00:00+00:00,00-0036223,Jonathan Taylor,player_anytime_td,betmgm,,-185.0,,2026-10-10T01:45:44Z,2026-10-10T01:46:34Z
2026,5,2026_05_IND_PIT,2026-10-11T17:00:00+00:00,00-0038997,Josh Downs,player_anytime_td,betmgm,,225.0,,2026-10-10T01:45:44Z,2026-10-10T01:46:34Z
2026,5,2026_05_IND_PIT,2026-10-11T17:00:00+00:00,00-0041397,Kaden Wetjen,player_anytime_td,betmgm,,1850.0,,2026-10-10T01:45:44Z,2026-10-10T01:46:34Z
2026,5,2026_05_IND_PIT,2026-10-11T17:00:00+00:00,00-0030279,Keenan Allen,player_anytime_td,betmgm,,400.0,,2026-10-10T01:45:44Z,2026-10-10T01:46:34Z
2026,5,2026_05_IND_PIT,2026-10-11T17:00:00+00:00,00-0032951,Laquon Treadwell,player_anytime_td,betmgm,,525.0,,2026-10-10T01:45:44Z,2026-10-10T01:46:34Z
2026,5,2026_05_IND_PIT,2026-10-11T17:00:00+00:00,00-0033217,Mo Alie-Cox,player_anytime_td,betmgm,,1550.0,,2026-10-10T01:45:44Z,2026-10-10T01:46:34Z
2026,5,2026_05_IND_PIT,2026-10-11T17:00:00+00:00,00-0036894,Pat Freiermuth,player_anytime_td,betmgm,,300.0,,2026-10-10T01:45:44Z,2026-10-10T01:46:34Z
2026,5,2026_05_IND_PIT,2026-10-11T17:00:00+00:00,,Pittsburgh Steelers D/ST,player_anytime_td,betmgm,,475.0,,2026-10-10T01:45:44Z,2026-10-10T01:46:34Z
2026,5,2026_05_IND_PIT,2026-10-11T17:00:00+00:00,00-0041398,Riley Nowakowski,player_anytime_td,betmgm,,2200.0,,2026-10-10T01:45:44Z,2026-10-10T01:46:34Z
2026,5,2026_05_IND_PIT,2026-10-11T17:00:00+00:00,00-0033757,Robert Tonyan,player_anytime_td,betmgm,,3000.0,,2026-10-10T01:45:44Z,2026-10-10T01:46:34Z
2026,5,2026_05_IND_PIT,2026-10-11T17:00:00+00:00,00-0039739,Roman Wilson,player_anytime_td,betmgm,,250.0,,2026-10-10T01:45:44Z,2026-10-10T01:46:34Z
2026,5,2026_05_IND_PIT,2026-10-11T17:00:00+00:00,00-0041125,Seth McGowan,player_anytime_td,betmgm,,775.0,,2026-10-10T01:45:44Z,2026-10-10T01:46:34Z
2026,5,2026_05_IND_PIT,2026-10-11T17:00:00+00:00,00-0040128,Tyler Warren,player_anytime_td,betmgm,,225.0,,2026-10-10T01:45:44Z,2026-10-10T01:46:34Z
2026,5,2026_05_IND_PIT,2026-10-11T17:00:00+00:00,00-0023459,Aaron Rodgers,player_anytime_td,betonlineag,,1100.0,,2026-10-10T01:45:48Z,2026-10-10T01:46:34Z
2026,5,2026_05_IND_PIT,2026-10-11T17:00:00+00:00,00-0039816,Anthony Gould,player_anytime_td,betonlineag,,1400.0,,2026-10-10T01:45:48Z,2026-10-10T01:46:34Z
2026,5,2026_05_IND_PIT,2026-10-11T17:00:00+00:00,00-0036862,Ben Skowronek,player_anytime_td,betonlineag,,1300.0,,2026-10-10T01:45:48Z,2026-10-10T01:46:34Z
2026,5,2026_05_IND_PIT,2026-10-11T17:00:00+00:00,00-0040179,DJ Giddens,player_anytime_td,betonlineag,,1900.0,,2026-10-10T01:45:48Z,2026-10-10T01:46:34Z
2026,5,2026_05_IND_PIT,2026-10-11T17:00:00+00:00,00-0035640,DK Metcalf,player_anytime_td,betonlineag,,150.0,,2026-10-10T01:45:48Z,2026-10-10T01:46:34Z
2026,5,2026_05_IND_PIT,2026-10-11T17:00:00+00:00,00-0035710,Daniel Jones,player_anytime_td,betonlineag,,500.0,,2026-10-10T01:45:48Z,2026-10-10T01:46:34Z
2026,5,2026_05_IND_PIT,2026-10-11T17:00:00+00:00,00-0035535,Darius Slayton,player_anytime_td,betonlineag,,750.0,,2026-10-10T01:45:48Z,2026-10-10T01:46:34Z
2026,5,2026_05_IND_PIT,2026-10-11T17:00:00+00:00,00-0038558,Darnell Washington,player_anytime_td,betonlineag,,300.0,,2026-10-10T01:45:48Z,2026-10-10T01:46:34Z
2026,5,2026_05_IND_PIT,2026-10-11T17:00:00+00:00,00-0041132,Deion Burks,player_anytime_td,betonlineag,,1400.0,,2026-10-10T01:45:48Z,2026-10-10T01:46:34Z
2026,5,2026_05_IND_PIT,2026-10-11T17:00:00+00:00,,Drew Ogletree,player_anytime_td,betonlineag,,1900.0,,2026-10-10T01:45:48Z,2026-10-10T01:46:34Z
2026,5,2026_05_IND_PIT,2026-10-11T17:00:00+00:00,00-0041490,Eli Heidenreich,player_anytime_td,betonlineag,,1900.0,,2026-10-10T01:45:48Z,2026-10-10T01:46:34Z
2026,5,2026_05_IND_PIT,2026-10-11T17:00:00+00:00,00-0041489,Germie Bernard,player_anytime_td,betonlineag,,350.0,,2026-10-10T01:45:48Z,2026-10-10T01:46:34Z
2026,5,2026_05_IND_PIT,2026-10-11T17:00:00+00:00,00-0037228,Jaylen Warren,player_anytime_td,betonlineag,,-167.0,,2026-10-10T01:45:48Z,2026-10-10T01:46:34Z
2026,5,2026_05_IND_PIT,2026-10-11T17:00:00+00:00,00-0036223,Jonathan Taylor,player_anytime_td,betonlineag,,-200.0,,2026-10-10T01:45:48Z,2026-10-10T01:46:34Z
2026,5,2026_05_IND_PIT,2026-10-11T17:00:00+00:00,00-0038997,Josh Downs,player_anytime_td,betonlineag,,230.0,,2026-10-10T01:45:48Z,2026-10-10T01:46:34Z
2026,5,2026_05_IND_PIT,2026-10-11T17:00:00+00:00,00-0041397,Kaden Wetjen,player_anytime_td,betonlineag,,1700.0,,2026-10-10T01:45:48Z,2026-10-10T01:46:34Z
2026,5,2026_05_IND_PIT,2026-10-11T17:00:00+00:00,00-0030279,Keenan Allen,player_anytime_td,betonlineag,,400.0,,2026-10-10T01:45:48Z,2026-10-10T01:46:34Z
2026,5,2026_05_IND_PIT,2026-10-11T17:00:00+00:00,00-0032951,Laquon Treadwell,player_anytime_td,betonlineag,,600.0,,2026-10-10T01:45:48Z,2026-10-10T01:46:34Z
2026,5,2026_05_IND_PIT,2026-10-11T17:00:00+00:00,00-0033217,Mo Alie-Cox,player_anytime_td,betonlineag,,1400.0,,2026-10-10T01:45:48Z,2026-10-10T01:46:34Z
2026,5,2026_05_IND_PIT,2026-10-11T17:00:00+00:00,00-0036894,Pat Freiermuth,player_anytime_td,betonlineag,,280.0,,2026-10-10T01:45:48Z,2026-10-10T01:46:34Z
2026,5,2026_05_IND_PIT,2026-10-11T17:00:00+00:00,00-0036139,Rico Dowdle,player_anytime_td,betonlineag,,140.0,,2026-10-10T01:45:48Z,2026-10-10T01:46:34Z
2026,5,2026_05_IND_PIT,2026-10-11T17:00:00+00:00,00-0041398,Riley Nowakowski,player_anytime_td,betonlineag,,2900.0,,2026-10-10T01:45:48Z,2026-10-10T01:46:34Z
2026,5,2026_05_IND_PIT,2026-10-11T17:00:00+00:00,00-0033757,Robert Tonyan,player_anytime_td,betonlineag,,2400.0,,2026-10-10T01:45:48Z,2026-10-10T01:46:34Z
2026,5,2026_05_IND_PIT,2026-10-11T17:00:00+00:00,00-0039739,Roman Wilson,player_anytime_td,betonlineag,,260.0,,2026-10-10T01:45:48Z,2026-10-10T01:46:34Z
2026,5,2026_05_IND_PIT,2026-10-11T17:00:00+00:00,00-0041125,Seth McGowan,player_anytime_td,betonlineag,,900.0,,2026-10-10T01:45:48Z,2026-10-10T01:46:34Z
2026,5,2026_05_IND_PIT,2026-10-11T17:00:00+00:00,00-0035594,Travis Homer,player_anytime_td,betonlineag,,1100.0,,2026-10-10T01:45:48Z,2026-10-10T01:46:34Z
2026,5,2026_05_IND_PIT,2026-10-11T17:00:00+00:00,00-0040128,Tyler Warren,player_anytime_td,betonlineag,,200.0,,2026-10-10T01:45:48Z,2026-10-10T01:46:34Z
2026,5,2026_05_IND_PIT,2026-10-11T17:00:00+00:00,00-0023459,Aaron Rodgers,player_anytime_td,betrivers,,1400.0,,2026-10-10T01:45:44Z,2026-10-10T01:46:34Z
2026,5,2026_05_IND_PIT,2026-10-11T17:00:00+00:00,00-0039816,Anthony Gould,player_anytime_td,betrivers,,1300.0,,2026-10-10T01:45:44Z,2026-10-10T01:46:34Z
2026,5,2026_05_IND_PIT,2026-10-11T17:00:00+00:00,00-0036862,Ben Skowronek,player_anytime_td,betrivers,,1000.0,,2026-10-10T01:45:44Z,2026-10-10T01:46:34Z
2026,5,2026_05_IND_PIT,2026-10-11T17:00:00+00:00,00-0040179,DJ Giddens,player_anytime_td,betrivers,,2200.0,,2026-10-10T01:45:44Z,2026-10-10T01:46:34Z
2026,5,2026_05_IND_PIT,2026-10-11T17:00:00+00:00,00-0035640,DK Metcalf,player_anytime_td,betrivers,,145.0,,2026-10-10T01:45:44Z,2026-10-10T01:46:34Z
2026,5,2026_05_IND_PIT,2026-10-11T17:00:00+00:00,00-0035710,Daniel Jones,player_anytime_td,betrivers,,550.0,,2026-10-10T01:45:44Z,2026-10-10T01:46:34Z
2026,5,2026_05_IND_PIT,2026-10-11T17:00:00+00:00,00-0035535,Darius Slayton,player_anytime_td,betrivers,,850.0,,2026-10-10T01:45:44Z,2026-10-10T01:46:34Z
2026,5,2026_05_IND_PIT,2026-10-11T17:00:00+00:00,00-0038558,Darnell Washington,player_anytime_td,betrivers,,330.0,,2026-10-10T01:45:44Z,2026-10-10T01:46:34Z
2026,5,2026_05_IND_PIT,2026-10-11T17:00:00+00:00,00-0041132,Deion Burks,player_anytime_td,betrivers,,900.0,,2026-10-10T01:45:44Z,2026-10-10T01:46:34Z
2026,5,2026_05_IND_PIT,2026-10-11T17:00:00+00:00,,Drew Ogletree,player_anytime_td,betrivers,,2400.0,,2026-10-10T01:45:44Z,2026-10-10T01:46:34Z
2026,5,2026_05_IND_PIT,2026-10-11T17:00:00+00:00,00-0041490,Eli Heidenreich,player_anytime_td,betrivers,,2900.0,,2026-10-10T01:45:44Z,2026-10-10T01:46:34Z
2026,5,2026_05_IND_PIT,2026-10-11T17:00:00+00:00,00-0041489,Germie Bernard,player_anytime_td,betrivers,,440.0,,2026-10-10T01:45:44Z,2026-10-10T01:46:34Z
2026,5,2026_05_IND_PIT,2026-10-11T17:00:00+00:00,00-0037228,Jaylen Warren,player_anytime_td,betrivers,,-127.0,,2026-10-10T01:45:44Z,2026-10-10T01:46:34Z
2026,5,2026_05_IND_PIT,2026-10-11T17:00:00+00:00,00-0036223,Jonathan Taylor,player_anytime_td,betrivers,,-190.0,,2026-10-10T01:45:44Z,2026-10-10T01:46:34Z
2026,5,2026_05_IND_PIT,2026-10-11T17:00:00+00:00,00-0038997,Josh Downs,player_anytime_td,betrivers,,190.0,,2026-10-10T01:45:44Z,2026-10-10T01:46:34Z
2026,5,2026_05_IND_PIT,2026-10-11T17:00:00+00:00,00-0041397,Kaden Wetjen,player_anytime_td,betrivers,,1600.0,,2026-10-10T01:45:44Z,2026-10-10T01:46:34Z
2026,5,2026_05_IND_PIT,2026-10-11T17:00:00+00:00,00-0030279,Keenan Allen,player_anytime_td,betrivers,,410.0,,2026-10-10T01:45:44Z,2026-10-10T01:46:34Z
2026,5,2026_05_IND_PIT,2026-10-11T17:00:00+00:00,00-0032951,Laquon Treadwell,player_anytime_td,betrivers,,390.0,,2026-10-10T01:45:44Z,2026-10-10T01:46:34Z
2026,5,2026_05_IND_PIT,2026-10-11T17:00:00+00:00,00-0033217,Mo Alie-Cox,player_anytime_td,betrivers,,1200.0,,2026-10-10T01:45:44Z,2026-10-10T01:46:34Z
2026,5,2026_05_IND_PIT,2026-10-11T17:00:00+00:00,00-0036894,Pat Freiermuth,player_anytime_td,betrivers,,275.0,,2026-10-10T01:45:44Z,2026-10-10T01:46:34Z
2026,5,2026_05_IND_PIT,2026-10-11T17:00:00+00:00,00-0036139,Rico Dowdle,player_anytime_td,betrivers,,200.0,,2026-10-10T01:45:44Z,2026-10-10T01:46:34Z
2026,5,2026_05_IND_PIT,2026-10-11T17:00:00+00:00,00-0041398,Riley Nowakowski,player_anytime_td,betrivers,,4000.0,,2026-10-10T01:45:44Z,2026-10-10T01:46:34Z
2026,5,2026_05_IND_PIT,2026-10-11T17:00:00+00:00,00-0033757,Robert Tonyan,player_anytime_td,betrivers,,2500.0,,2026-10-10T01:45:44Z,2026-10-10T01:46:34Z
2026,5,2026_05_IND_PIT,2026-10-11T17:00:00+00:00,00-0039739,Roman Wilson,player_anytime_td,betrivers,,265.0,,2026-10-10T01:45:44Z,2026-10-10T01:46:34Z
2026,5,2026_05_IND_PIT,2026-10-11T17:00:00+00:00,00-0041125,Seth McGowan,player_anytime_td,betrivers,,600.0,,2026-10-10T01:45:44Z,2026-10-10T01:46:34Z
2026,5,2026_05_IND_PIT,2026-10-11T17:00:00+00:00,00-0035594,Travis Homer,player_anytime_td,betrivers,,1500.0,,2026-10-10T01:45:44Z,2026-10-10T01:46:34Z
2026,5,2026_05_IND_PIT,2026-10-11T17:00:00+00:00,00-0040128,Tyler Warren,player_anytime_td,betrivers,,210.0,,2026-10-10T01:45:44Z,2026-10-10T01:46:34Z
2026,5,2026_05_IND_PIT,2026-10-11T17:00:00+00:00,00-0023459,Aaron Rodgers,player_anytime_td,bovada,,1300.0,,2026-10-10T01:46:27Z,2026-10-10T01:46:34Z
2026,5,2026_05_IND_PIT,2026-10-11T17:00:00+00:00,00-0039816,Anthony Gould,player_anytime_td,bovada,,1700.0,,2026-10-10T01:46:27Z,2026-10-10T01:46:34Z
2026,5,2026_05_IND_PIT,2026-10-11T17:00:00+00:00,00-0036862,Ben Skowronek,player_anytime_td,bovada,,1400.0,,2026-10-10T01:46:27Z,2026-10-10T01:46:34Z
2026,5,2026_05_IND_PIT,2026-10-11T17:00:00+00:00,00-0040179,DJ Giddens,player_anytime_td,bovada,,2500.0,,2026-10-10T01:46:27Z,2026-10-10T01:46:34Z
2026,5,2026_05_IND_PIT,2026-10-11T17:00:00+00:00,00-0035640,DK Metcalf,player_anytime_td,bovada,,160.0,,2026-10-10T01:46:27Z,2026-10-10T01:46:34Z
2026,5,2026_05_IND_PIT,2026-10-11T17:00:00+00:00,00-0035710,Daniel Jones,player_anytime_td,bovada,,625.0,,2026-10-10T01:46:27Z,2026-10-10T01:46:34Z
2026,5,2026_05_IND_PIT,2026-10-11T17:00:00+00:00,00-0035535,Darius Slayton,player_anytime_td,bovada,,1100.0,,2026-10-10T01:46:27Z,2026-10-10T01:46:34Z
2026,5,2026_05_IND_PIT,2026-10-11T17:00:00+00:00,00-0038558,Darnell Washington,player_anytime_td,bovada,,370.0,,2026-10-10T01:46:27Z,2026-10-10T01:46:34Z
2026,5,2026_05_IND_PIT,2026-10-11T17:00:00+00:00,00-0041132,Deion Burks,player_anytime_td,bovada,,1600.0,,2026-10-10T01:46:27Z,2026-10-10T01:46:34Z
2026,5,2026_05_IND_PIT,2026-10-11T17:00:00+00:00,,Drew Ogletree,player_anytime_td,bovada,,1900.0,,2026-10-10T01:46:27Z,2026-10-10T01:46:34Z
2026,5,2026_05_IND_PIT,2026-10-11T17:00:00+00:00,00-0041490,Eli Heidenreich,player_anytime_td,bovada,,2000.0,,2026-10-10T01:46:27Z,2026-10-10T01:46:34Z
2026,5,2026_05_IND_PIT,2026-10-11T17:00:00+00:00,00-0041489,Germie Bernard,player_anytime_td,bovada,,400.0,,2026-10-10T01:46:27Z,2026-10-10T01:46:34Z
2026,5,2026_05_IND_PIT,2026-10-11T17:00:00+00:00,,Indianapolis Colts D/ST,player_anytime_td,bovada,,500.0,,2026-10-10T01:46:27Z,2026-10-10T01:46:34Z
2026,5,2026_05_IND_PIT,2026-10-11T17:00:00+00:00,00-0037228,Jaylen Warren,player_anytime_td,bovada,,-148.0,,2026-10-10T01:46:27Z,2026-10-10T01:46:34Z
2026,5,2026_05_IND_PIT,2026-10-11T17:00:00+00:00,00-0036223,Jonathan Taylor,player_anytime_td,bovada,,-182.0,,2026-10-10T01:46:27Z,2026-10-10T01:46:34Z
2026,5,2026_05_IND_PIT,2026-10-11T17:00:00+00:00,00-0038997,Josh Downs,player_anytime_td,bovada,,245.0,,2026-10-10T01:46:27Z,2026-10-10T01:46:34Z
2026,5,2026_05_IND_PIT,2026-10-11T17:00:00+00:00,00-0041397,Kaden Wetjen,player_anytime_td,bovada,,2200.0,,2026-10-10T01:46:27Z,2026-10-10T01:46:34Z
2026,5,2026_05_IND_PIT,2026-10-11T17:00:00+00:00,00-0030279,Keenan Allen,player_anytime_td,bovada,,420.0,,2026-10-10T01:46:27Z,2026-10-10T01:46:34Z
2026,5,2026_05_IND_PIT,2026-10-11T17:00:00+00:00,00-0032951,Laquon Treadwell,player_anytime_td,bovada,,600.0,,2026-10-10T01:46:27Z,2026-10-10T01:46:34Z
2026,5,2026_05_IND_PIT,2026-10-11T17:00:00+00:00,00-0033217,Mo Alie-Cox,player_anytime_td,bovada,,1900.0,,2026-10-10T01:46:27Z,2026-10-10T01:46:34Z
2026,5,2026_05_IND_PIT,2026-10-11T17:00:00+00:00,00-0036894,Pat Freiermuth,player_anytime_td,bovada,,310.0,,2026-10-10T01:46:27Z,2026-10-10T01:46:34Z
2026,5,2026_05_IND_PIT,2026-10-11T17:00:00+00:00,,Pittsburgh Steelers D/ST,player_anytime_td,bovada,,460.0,,2026-10-10T01:46:27Z,2026-10-10T01:46:34Z
2026,5,2026_05_IND_PIT,2026-10-11T17:00:00+00:00,00-0036139,Rico Dowdle,player_anytime_td,bovada,,180.0,,2026-10-10T01:46:27Z,2026-10-10T01:46:34Z
2026,5,2026_05_IND_PIT,2026-10-11T17:00:00+00:00,00-0041398,Riley Nowakowski,player_anytime_td,bovada,,3300.0,,2026-10-10T01:46:27Z,2026-10-10T01:46:34Z
2026,5,2026_05_IND_PIT,2026-10-11T17:00:00+00:00,00-0033757,Robert Tonyan,player_anytime_td,bovada,,2800.0,,2026-10-10T01:46:27Z,2026-10-10T01:46:34Z
2026,5,2026_05_IND_PIT,2026-10-11T17:00:00+00:00,00-0039739,Roman Wilson,player_anytime_td,bovada,,285.0,,2026-10-10T01:46:27Z,2026-10-10T01:46:34Z
2026,5,2026_05_IND_PIT,2026-10-11T17:00:00+00:00,00-0041125,Seth McGowan,player_anytime_td,bovada,,1000.0,,2026-10-10T01:46:27Z,2026-10-10T01:46:34Z
2026,5,2026_05_IND_PIT,2026-10-11T17:00:00+00:00,00-0035594,Travis Homer,player_anytime_td,bovada,,1400.0,,2026-10-10T01:46:27Z,2026-10-10T01:46:34Z
2026,5,2026_05_IND_PIT,2026-10-11T17:00:00+00:00,00-0040128,Tyler Warren,player_anytime_td,bovada,,210.0,,2026-10-10T01:46:27Z,2026-10-10T01:46:34Z
2026,5,2026_05_IND_PIT,2026-10-11T17:00:00+00:00,00-0023459,Aaron Rodgers,player_anytime_td,draftkings,,1300.0,,2026-10-10T01:45:43Z,2026-10-10T01:46:34Z
2026,5,2026_05_IND_PIT,2026-10-11T17:00:00+00:00,00-0039816,Anthony Gould,player_anytime_td,draftkings,,1700.0,,2026-10-10T01:45:43Z,2026-10-10T01:46:34Z
2026,5,2026_05_IND_PIT,2026-10-11T17:00:00+00:00,00-0036862,Ben Skowronek,player_anytime_td,draftkings,,1400.0,,2026-10-10T01:45:43Z,2026-10-10T01:46:34Z
2026,5,2026_05_IND_PIT,2026-10-11T17:00:00+00:00,00-0040179,DJ Giddens,player_anytime_td,draftkings,,2500.0,,2026-10-10T01:45:43Z,2026-10-10T01:46:34Z
2026,5,2026_05_IND_PIT,2026-10-11T17:00:00+00:00,00-0035640,DK Metcalf,player_anytime_td,draftkings,,160.0,,2026-10-10T01:45:43Z,2026-10-10T01:46:34Z
2026,5,2026_05_IND_PIT,2026-10-11T17:00:00+00:00,00-0035710,Daniel Jones,player_anytime_td,draftkings,,650.0,,2026-10-10T01:45:43Z,2026-10-10T01:46:34Z
2026,5,2026_05_IND_PIT,2026-10-11T17:00:00+00:00,00-0035535,Darius Slayton,player_anytime_td,draftkings,,1100.0,,2026-10-10T01:45:43Z,2026-10-10T01:46:34Z
2026,5,2026_05_IND_PIT,2026-10-11T17:00:00+00:00,00-0038558,Darnell Washington,player_anytime_td,draftkings,,370.0,,2026-10-10T01:45:43Z,2026-10-10T01:46:34Z
2026,5,2026_05_IND_PIT,2026-10-11T17:00:00+00:00,00-0041132,Deion Burks,player_anytime_td,draftkings,,1600.0,,2026-10-10T01:45:43Z,2026-10-10T01:46:34Z
2026,5,2026_05_IND_PIT,2026-10-11T17:00:00+00:00,,Drew Ogletree,player_anytime_td,draftkings,,1900.0,,2026-10-10T01:45:43Z,2026-10-10T01:46:34Z
2026,5,2026_05_IND_PIT,2026-10-11T17:00:00+00:00,00-0041490,Eli Heidenreich,player_anytime_td,draftkings,,2000.0,,2026-10-10T01:45:43Z,2026-10-10T01:46:34Z
2026,5,2026_05_IND_PIT,2026-10-11T17:00:00+00:00,00-0041489,Germie Bernard,player_anytime_td,draftkings,,400.0,,2026-10-10T01:45:43Z,2026-10-10T01:46:34Z
2026,5,2026_05_IND_PIT,2026-10-11T17:00:00+00:00,,Indianapolis Colts D/ST,player_anytime_td,draftkings,,500.0,,2026-10-10T01:45:43Z,2026-10-10T01:46:34Z
2026,5,2026_05_IND_PIT,2026-10-11T17:00:00+00:00,00-0037228,Jaylen Warren,player_anytime_td,draftkings,,-145.0,,2026-10-10T01:45:43Z,2026-10-10T01:46:34Z
2026,5,2026_05_IND_PIT,2026-10-11T17:00:00+00:00,00-0036223,Jonathan Taylor,player_anytime_td,draftkings,,-180.0,,2026-10-10T01:45:43Z,2026-10-10T01:46:34Z
2026,5,2026_05_IND_PIT,2026-10-11T17:00:00+00:00,00-0038997,Josh Downs,player_anytime_td,draftkings,,245.0,,2026-10-10T01:45:43Z,2026-10-10T01:46:34Z
2026,5,2026_05_IND_PIT,2026-10-11T17:00:00+00:00,00-0041397,Kaden Wetjen,player_anytime_td,draftkings,,2200.0,,2026-10-10T01:45:43Z,2026-10-10T01:46:34Z
2026,5,2026_05_IND_PIT,2026-10-11T17:00:00+00:00,00-0030279,Keenan Allen,player_anytime_td,draftkings,,425.0,,2026-10-10T01:45:43Z,2026-10-10T01:46:34Z
2026,5,2026_05_IND_PIT,2026-10-11T17:00:00+00:00,00-0032951,Laquon Treadwell,player_anytime_td,draftkings,,600.0,,2026-10-10T01:45:43Z,2026-10-10T01:46:34Z
2026,5,2026_05_IND_PIT,2026-10-11T17:00:00+00:00,00-0033217,Mo Alie-Cox,player_anytime_td,draftkings,,1900.0,,2026-10-10T01:45:43Z,2026-10-10T01:46:34Z
2026,5,2026_05_IND_PIT,2026-10-11T17:00:00+00:00,00-0036894,Pat Freiermuth,player_anytime_td,draftkings,,310.0,,2026-10-10T01:45:43Z,2026-10-10T01:46:34Z
2026,5,2026_05_IND_PIT,2026-10-11T17:00:00+00:00,,Pittsburgh Steelers D/ST,player_anytime_td,draftkings,,475.0,,2026-10-10T01:45:43Z,2026-10-10T01:46:34Z
2026,5,2026_05_IND_PIT,2026-10-11T17:00:00+00:00,00-0036139,Rico Dowdle,player_anytime_td,draftkings,,180.0,,2026-10-10T01:45:43Z,2026-10-10T01:46:34Z
2026,5,2026_05_IND_PIT,2026-10-11T17:00:00+00:00,00-0041398,Riley Nowakowski,player_anytime_td,draftkings,,3500.0,,2026-10-10T01:45:43Z,2026-10-10T01:46:34Z
2026,5,2026_05_IND_PIT,2026-10-11T17:00:00+00:00,00-0033757,Robert Tonyan,player_anytime_td,draftkings,,2800.0,,2026-10-10T01:45:43Z,2026-10-10T01:46:34Z
2026,5,2026_05_IND_PIT,2026-10-11T17:00:00+00:00,00-0039739,Roman Wilson,player_anytime_td,draftkings,,285.0,,2026-10-10T01:45:43Z,2026-10-10T01:46:34Z
2026,5,2026_05_IND_PIT,2026-10-11T17:00:00+00:00,00-0041125,Seth McGowan,player_anytime_td,draftkings,,1000.0,,2026-10-10T01:45:43Z,2026-10-10T01:46:34Z
2026,5,2026_05_IND_PIT,2026-10-11T17:00:00+00:00,00-0035594,Travis Homer,player_anytime_td,draftkings,,1400.0,,2026-10-10T01:45:43Z,2026-10-10T01:46:34Z
2026,5,2026_05_IND_PIT,2026-10-11T17:00:00+00:00,00-0040128,Tyler Warren,player_anytime_td,draftkings,,210.0,,2026-10-10T01:45:43Z,2026-10-10T01:46:34Z
2026,5,2026_05_IND_PIT,2026-10-11T17:00:00+00:00,00-0023459,Aaron Rodgers,player_anytime_td,fanduel,,1200.0,,2026-10-10T01:45:51Z,2026-10-10T01:46:34Z
2026,5,2026_05_IND_PIT,2026-10-11T17:00:00+00:00,00-0039816,Anthony Gould,player_anytime_td,fanduel,,1600.0,,2026-10-10T01:45:51Z,2026-10-10T01:46:34Z
2026,5,2026_05_IND_PIT,2026-10-11T17:00:00+00:00,00-0036862,Ben Skowronek,player_anytime_td,fanduel,,1400.0,,2026-10-10T01:45:51Z,2026-10-10T01:46:34Z
2026,5,2026_05_IND_PIT,2026-10-11T17:00:00+00:00,00-0040179,DJ Giddens,player_anytime_td,fanduel,,2700.0,,2026-10-10T01:45:51Z,2026-10-10T01:46:34Z
2026,5,2026_05_IND_PIT,2026-10-11T17:00:00+00:00,00-0035640,DK Metcalf,player_anytime_td,fanduel,,160.0,,2026-10-10T01:45:51Z,2026-10-10T01:46:34Z
2026,5,2026_05_IND_PIT,2026-10-11T17:00:00+00:00,00-0035710,Daniel Jones,player_anytime_td,fanduel,,650.0,,2026-10-10T01:45:51Z,2026-10-10T01:46:34Z
2026,5,2026_05_IND_PIT,2026-10-11T17:00:00+00:00,00-0035535,Darius Slayton,player_anytime_td,fanduel,,1000.0,,2026-10-10T01:45:51Z,2026-10-10T01:46:34Z
2026,5,2026_05_IND_PIT,2026-10-11T17:00:00+00:00,00-0038558,Darnell Washington,player_anytime_td,fanduel,,330.0,,2026-10-10T01:45:51Z,2026-10-10T01:46:34Z
2026,5,2026_05_IND_PIT,2026-10-11T17:00:00+00:00,00-0041132,Deion Burks,player_anytime_td,fanduel,,1600.0,,2026-10-10T01:45:51Z,2026-10-10T01:46:34Z
2026,5,2026_05_IND_PIT,2026-10-11T17:00:00+00:00,,Drew Ogletree,player_anytime_td,fanduel,,2200.0,,2026-10-10T01:45:51Z,2026-10-10T01:46:34Z
2026,5,2026_05_IND_PIT,2026-10-11T17:00:00+00:00,00-0041490,Eli Heidenreich,player_anytime_td,fanduel,,2200.0,,2026-10-10T01:45:51Z,2026-10-10T01:46:34Z
2026,5,2026_05_IND_PIT,2026-10-11T17:00:00+00:00,00-0041489,Germie Bernard,player_anytime_td,fanduel,,380.0,,2026-10-10T01:45:51Z,2026-10-10T01:46:34Z
2026,5,2026_05_IND_PIT,2026-10-11T17:00:00+00:00,,Indianapolis Colts Defense,player_anytime_td,fanduel,,750.0,,2026-10-10T01:45:51Z,2026-10-10T01:46:34Z
2026,5,2026_05_IND_PIT,2026-10-11T17:00:00+00:00,00-0037228,Jaylen Warren,player_anytime_td,fanduel,,-145.0,,2026-10-10T01:45:51Z,2026-10-10T01:46:34Z
2026,5,2026_05_IND_PIT,2026-10-11T17:00:00+00:00,00-0036223,Jonathan Taylor,player_anytime_td,fanduel,,-170.0,,2026-10-10T01:45:51Z,2026-10-10T01:46:34Z
2026,5,2026_05_IND_PIT,2026-10-11T17:00:00+00:00,00-0038997,Josh Downs,player_anytime_td,fanduel,,230.0,,2026-10-10T01:45:51Z,2026-10-10T01:46:34Z
2026,5,2026_05_IND_PIT,2026-10-11T17:00:00+00:00,00-0041397,Kaden Wetjen,player_anytime_td,fanduel,,1700.0,,2026-10-10T01:45:51Z,2026-10-10T01:46:34Z
2026,5,2026_05_IND_PIT,2026-10-11T17:00:00+00:00,00-0030279,Keenan Allen,player_anytime_td,fanduel,,420.0,,2026-10-10T01:45:51Z,2026-10-10T01:46:34Z
2026,5,2026_05_IND_PIT,2026-10-11T17:00:00+00:00,00-0032951,Laquon Treadwell,player_anytime_td,fanduel,,600.0,,2026-10-10T01:45:51Z,2026-10-10T01:46:34Z
2026,5,2026_05_IND_PIT,2026-10-11T17:00:00+00:00,00-0033217,Mo Alie-Cox,player_anytime_td,fanduel,,1600.0,,2026-10-10T01:45:51Z,2026-10-10T01:46:34Z
2026,5,2026_05_IND_PIT,2026-10-11T17:00:00+00:00,00-0036894,Pat Freiermuth,player_anytime_td,fanduel,,280.0,,2026-10-10T01:45:51Z,2026-10-10T01:46:34Z
2026,5,2026_05_IND_PIT,2026-10-11T17:00:00+00:00,,Pittsburgh Steelers Defense,player_anytime_td,fanduel,,800.0,,2026-10-10T01:45:51Z,2026-10-10T01:46:34Z
2026,5,2026_05_IND_PIT,2026-10-11T17:00:00+00:00,00-0041398,Riley Nowakowski,player_anytime_td,fanduel,,4000.0,,2026-10-10T01:45:51Z,2026-10-10T01:46:34Z
2026,5,2026_05_IND_PIT,2026-10-11T17:00:00+00:00,00-0033757,Robert Tonyan,player_anytime_td,fanduel,,2700.0,,2026-10-10T01:45:51Z,2026-10-10T01:46:34Z
2026,5,2026_05_IND_PIT,2026-10-11T17:00:00+00:00,00-0039739,Roman Wilson,player_anytime_td,fanduel,,280.0,,2026-10-10T01:45:51Z,2026-10-10T01:46:34Z
2026,5,2026_05_IND_PIT,2026-10-11T17:00:00+00:00,00-0041125,Seth McGowan,player_anytime_td,fanduel,,1000.0,,2026-10-10T01:45:51Z,2026-10-10T01:46:34Z
2026,5,2026_05_IND_PIT,2026-10-11T17:00:00+00:00,00-0035594,Travis Homer,player_anytime_td,fanduel,,1100.0,,2026-10-10T01:45:51Z,2026-10-10T01:46:34Z
2026,5,2026_05_IND_PIT,2026-10-11T17:00:00+00:00,00-0040128,Tyler Warren,player_anytime_td,fanduel,,200.0,,2026-10-10T01:45:51Z,2026-10-10T01:46:34Z
2026,5,2026_05_IND_PIT,2026-10-11T17:00:00+00:00,00-0023459,Aaron Rodgers,player_pass_tds,betmgm,1.5,-105.0,-125.0,2026-10-10T01:45:44Z,2026-10-10T01:46:34Z
2026,5,2026_05_IND_PIT,2026-10-11T17:00:00+00:00,00-0035710,Daniel Jones,player_pass_tds,betmgm,1.5,180.0,-250.0,2026-10-10T01:45:44Z,2026-10-10T01:46:34Z
2026,5,2026_05_IND_PIT,2026-10-11T17:00:00+00:00,00-0023459,Aaron Rodgers,player_pass_tds,betonlineag,1.5,-108.0,-120.0,2026-10-10T01:45:48Z,2026-10-10T01:46:34Z
2026,5,2026_05_IND_PIT,2026-10-11T17:00:00+00:00,00-0035710,Daniel Jones,player_pass_tds,betonlineag,1.5,167.0,-222.0,2026-10-10T01:45:48Z,2026-10-10T01:46:34Z
2026,5,2026_05_IND_PIT,2026-10-11T17:00:00+00:00,00-0023459,Aaron Rodgers,player_pass_tds,betrivers,1.5,-103.0,-130.0,2026-10-10T01:45:44Z,2026-10-10T01:46:34Z
2026,5,2026_05_IND_PIT,2026-10-11T17:00:00+00:00,00-0035710,Daniel Jones,player_pass_tds,betrivers,1.5,185.0,-250.0,2026-10-10T01:45:44Z,2026-10-10T01:46:34Z
2026,5,2026_05_IND_PIT,2026-10-11T17:00:00+00:00,00-0023459,Aaron Rodgers,player_pass_tds,bovada,1.5,100.0,-130.0,2026-10-10T01:46:27Z,2026-10-10T01:46:34Z
2026,5,2026_05_IND_PIT,2026-10-11T17:00:00+00:00,00-0035710,Daniel Jones,player_pass_tds,bovada,1.5,185.0,-250.0,2026-10-10T01:46:27Z,2026-10-10T01:46:34Z
2026,5,2026_05_IND_PIT,2026-10-11T17:00:00+00:00,00-0023459,Aaron Rodgers,player_pass_tds,draftkings,1.5,101.0,-129.0,2026-10-10T01:45:43Z,2026-10-10T01:46:34Z
2026,5,2026_05_IND_PIT,2026-10-11T17:00:00+00:00,00-0035710,Daniel Jones,player_pass_tds,draftkings,1.5,188.0,-244.0,2026-10-10T01:45:43Z,2026-10-10T01:46:34Z
2026,5,2026_05_IND_PIT,2026-10-11T17:00:00+00:00,00-0023459,Aaron Rodgers,player_pass_tds,fanduel,1.5,-106.0,-125.0,2026-10-10T01:45:51Z,2026-10-10T01:46:34Z
2026,5,2026_05_IND_PIT,2026-10-11T17:00:00+00:00,00-0035710,Daniel Jones,player_pass_tds,fanduel,1.5,154.0,-210.0,2026-10-10T01:45:51Z,2026-10-10T01:46:34Z
2026,5,2026_05_IND_PIT,2026-10-11T17:00:00+00:00,00-0023459,Aaron Rodgers,player_pass_yds,betmgm,227.5,-115.0,-115.0,2026-10-10T01:45:44Z,2026-10-10T01:46:34Z
2026,5,2026_05_IND_PIT,2026-10-11T17:00:00+00:00,00-0035710,Daniel Jones,player_pass_yds,betmgm,210.5,-115.0,-115.0,2026-10-10T01:45:44Z,2026-10-10T01:46:34Z
2026,5,2026_05_IND_PIT,2026-10-11T17:00:00+00:00,00-0023459,Aaron Rodgers,player_pass_yds,betonlineag,226.5,-114.0,-114.0,2026-10-10T01:45:48Z,2026-10-10T01:46:34Z
2026,5,2026_05_IND_PIT,2026-10-11T17:00:00+00:00,00-0035710,Daniel Jones,player_pass_yds,betonlineag,213.5,-110.0,-118.0,2026-10-10T01:45:48Z,2026-10-10T01:46:34Z
2026,5,2026_05_IND_PIT,2026-10-11T17:00:00+00:00,00-0023459,Aaron Rodgers,player_pass_yds,betrivers,221.5,-114.0,-117.0,2026-10-10T01:45:44Z,2026-10-10T01:46:34Z
2026,5,2026_05_IND_PIT,2026-10-11T17:00:00+00:00,00-0035710,Daniel Jones,player_pass_yds,betrivers,211.5,-114.0,-117.0,2026-10-10T01:45:44Z,2026-10-10T01:46:34Z
2026,5,2026_05_IND_PIT,2026-10-11T17:00:00+00:00,00-0023459,Aaron Rodgers,player_pass_yds,bovada,224.5,-115.0,-115.0,2026-10-10T01:46:27Z,2026-10-10T01:46:34Z
2026,5,2026_05_IND_PIT,2026-10-11T17:00:00+00:00,00-0035710,Daniel Jones,player_pass_yds,bovada,207.5,-115.0,-115.0,2026-10-10T01:46:27Z,2026-10-10T01:46:34Z
2026,5,2026_05_IND_PIT,2026-10-11T17:00:00+00:00,00-0023459,Aaron Rodgers,player_pass_yds,draftkings,224.5,-113.0,-111.0,2026-10-10T01:45:43Z,2026-10-10T01:46:34Z
2026,5,2026_05_IND_PIT,2026-10-11T17:00:00+00:00,00-0035710,Daniel Jones,player_pass_yds,draftkings,207.5,-113.0,-111.0,2026-10-10T01:45:43Z,2026-10-10T01:46:34Z
2026,5,2026_05_IND_PIT,2026-10-11T17:00:00+00:00,00-0023459,Aaron Rodgers,player_pass_yds,fanduel,222.5,-114.0,-114.0,2026-10-10T01:45:51Z,2026-10-10T01:46:34Z
2026,5,2026_05_IND_PIT,2026-10-11T17:00:00+00:00,00-0035710,Daniel Jones,player_pass_yds,fanduel,213.5,-114.0,-114.0,2026-10-10T01:45:51Z,2026-10-10T01:46:34Z
2026,5,2026_05_IND_PIT,2026-10-11T17:00:00+00:00,00-0035640,DK Metcalf,player_reception_yds,betmgm,54.5,-115.0,-115.0,2026-10-10T01:45:44Z,2026-10-10T01:46:34Z
2026,5,2026_05_IND_PIT,2026-10-11T17:00:00+00:00,00-0038558,Darnell Washington,player_reception_yds,betmgm,22.5,-120.0,-111.0,2026-10-10T01:45:44Z,2026-10-10T01:46:34Z
2026,5,2026_05_IND_PIT,2026-10-11T17:00:00+00:00,00-0041489,Germie Bernard,player_reception_yds,betmgm,18.5,-115.0,-115.0,2026-10-10T01:45:44Z,2026-10-10T01:46:34Z
2026,5,2026_05_IND_PIT,2026-10-11T17:00:00+00:00,00-0036223,Jonathan Taylor,player_reception_yds,betmgm,16.5,-115.0,-115.0,2026-10-10T01:45:44Z,2026-10-10T01:46:34Z
2026,5,2026_05_IND_PIT,2026-10-11T17:00:00+00:00,00-0038997,Josh Downs,player_reception_yds,betmgm,55.5,-115.0,-115.0,2026-10-10T01:45:44Z,2026-10-10T01:46:34Z
2026,5,2026_05_IND_PIT,2026-10-11T17:00:00+00:00,00-0030279,Keenan Allen,player_reception_yds,betmgm,31.5,-115.0,-115.0,2026-10-10T01:45:44Z,2026-10-10T01:46:34Z
2026,5,2026_05_IND_PIT,2026-10-11T17:00:00+00:00,00-0032951,Laquon Treadwell,player_reception_yds,betmgm,18.5,-115.0,-115.0,2026-10-10T01:45:44Z,2026-10-10T01:46:34Z
2026,5,2026_05_IND_PIT,2026-10-11T17:00:00+00:00,00-0036894,Pat Freiermuth,player_reception_yds,betmgm,29.5,-120.0,-111.0,2026-10-10T01:45:44Z,2026-10-10T01:46:34Z
2026,5,2026_05_IND_PIT,2026-10-11T17:00:00+00:00,00-0039739,Roman Wilson,player_reception_yds,betmgm,40.5,-125.0,-105.0,2026-10-10T01:45:44Z,2026-10-10T01:46:34Z
2026,5,2026_05_IND_PIT,2026-10-11T17:00:00+00:00,00-0040128,Tyler Warren,player_reception_yds,betmgm,46.5,-115.0,-115.0,2026-10-10T01:45:44Z,2026-10-10T01:46:34Z
2026,5,2026_05_IND_PIT,2026-10-11T17:00:00+00:00,00-0035640,DK Metcalf,player_reception_yds,betonlineag,53.5,-112.0,-115.0,2026-10-10T01:45:48Z,2026-10-10T01:46:34Z
2026,5,2026_05_IND_PIT,2026-10-11T17:00:00+00:00,00-0038558,Darnell Washington,player_reception_yds,betonlineag,22.5,-116.0,-111.0,2026-10-10T01:45:48Z,2026-10-10T01:46:34Z
2026,5,2026_05_IND_PIT,2026-10-11T17:00:00+00:00,00-0041489,Germie Bernard,player_reception_yds,betonlineag,18.5,-118.0,-110.0,2026-10-10T01:45:48Z,2026-10-10T01:46:34Z
2026,5,2026_05_IND_PIT,2026-10-11T17:00:00+00:00,00-0036223,Jonathan Taylor,player_reception_yds,betonlineag,15.5,-112.0,-115.0,2026-10-10T01:45:48Z,2026-10-10T01:46:34Z
2026,5,2026_05_IND_PIT,2026-10-11T17:00:00+00:00,00-0038997,Josh Downs,player_reception_yds,betonlineag,58.5,-111.0,-116.0,2026-10-10T01:45:48Z,2026-10-10T01:46:34Z
2026,5,2026_05_IND_PIT,2026-10-11T17:00:00+00:00,00-0030279,Keenan Allen,player_reception_yds,betonlineag,30.5,-114.0,-114.0,2026-10-10T01:45:48Z,2026-10-10T01:46:34Z
2026,5,2026_05_IND_PIT,2026-10-11T17:00:00+00:00,00-0032951,Laquon Treadwell,player_reception_yds,betonlineag,15.5,-115.0,-112.0,2026-10-10T01:45:48Z,2026-10-10T01:46:34Z
2026,5,2026_05_IND_PIT,2026-10-11T17:00:00+00:00,00-0036894,Pat Freiermuth,player_reception_yds,betonlineag,27.5,-114.0,-114.0,2026-10-10T01:45:48Z,2026-10-10T01:46:34Z
2026,5,2026_05_IND_PIT,2026-10-11T17:00:00+00:00,00-0039739,Roman Wilson,player_reception_yds,betonlineag,42.5,-114.0,-114.0,2026-10-10T01:45:48Z,2026-10-10T01:46:34Z
2026,5,2026_05_IND_PIT,2026-10-11T17:00:00+00:00,00-0040128,Tyler Warren,player_reception_yds,betonlineag,46.5,-114.0,-114.0,2026-10-10T01:45:48Z,2026-10-10T01:46:34Z
2026,5,2026_05_IND_PIT,2026-10-11T17:00:00+00:00,00-0035640,DK Metcalf,player_reception_yds,betrivers,51.5,-115.0,-115.0,2026-10-10T01:45:44Z,2026-10-10T01:46:34Z
2026,5,2026_05_IND_PIT,2026-10-11T17:00:00+00:00,00-0038558,Darnell Washington,player_reception_yds,betrivers,21.5,-120.0,-112.0,2026-10-10T01:45:44Z,2026-10-10T01:46:34Z
2026,5,2026_05_IND_PIT,2026-10-11T17:00:00+00:00,00-0041489,Germie Bernard,player_reception_yds,betrivers,18.5,-112.0,-120.0,2026-10-10T01:45:44Z,2026-10-10T01:46:34Z
2026,5,2026_05_IND_PIT,2026-10-11T17:00:00+00:00,00-0037228,Jaylen Warren,player_reception_yds,betrivers,17.5,-118.0,-113.0,2026-10-10T01:45:44Z,2026-10-10T01:46:34Z
2026,5,2026_05_IND_PIT,2026-10-11T17:00:00+00:00,00-0036223,Jonathan Taylor,player_reception_yds,betrivers,15.5,-120.0,-112.0,2026-10-10T01:45:44Z,2026-10-10T01:46:34Z
2026,5,2026_05_IND_PIT,2026-10-11T17:00:00+00:00,00-0038997,Josh Downs,player_reception_yds,betrivers,57.5,-114.0,-117.0,2026-10-10T01:45:44Z,2026-10-10T01:46:34Z
2026,5,2026_05_IND_PIT,2026-10-11T17:00:00+00:00,00-0030279,Keenan Allen,player_reception_yds,betrivers,29.5,-117.0,-113.0,2026-10-10T01:45:44Z,2026-10-10T01:46:34Z
2026,5,2026_05_IND_PIT,2026-10-11T17:00:00+00:00,00-0032951,Laquon Treadwell,player_reception_yds,betrivers,16.5,-115.0,-115.0,2026-10-10T01:45:44Z,2026-10-10T01:46:34Z
2026,5,2026_05_IND_PIT,2026-10-11T17:00:00+00:00,00-0036894,Pat Freiermuth,player_reception_yds,betrivers,27.5,-114.0,-117.0,2026-10-10T01:45:44Z,2026-10-10T01:46:34Z
2026,5,2026_05_IND_PIT,2026-10-11T17:00:00+00:00,00-0039739,Roman Wilson,player_reception_yds,betrivers,39.5,-117.0,-114.0,2026-10-10T01:45:44Z,2026-10-10T01:46:34Z
2026,5,2026_05_IND_PIT,2026-10-11T17:00:00+00:00,00-0040128,Tyler Warren,player_reception_yds,betrivers,47.5,-117.0,-114.0,2026-10-10T01:45:44Z,2026-10-10T01:46:34Z
2026,5,2026_05_IND_PIT,2026-10-11T17:00:00+00:00,00-0035640,DK Metcalf,player_reception_yds,bovada,52.5,-115.0,-115.0,2026-10-10T01:46:27Z,2026-10-10T01:46:34Z
2026,5,2026_05_IND_PIT,2026-10-11T17:00:00+00:00,00-0038558,Darnell Washington,player_reception_yds,bovada,22.5,-110.0,-120.0,2026-10-10T01:46:27Z,2026-10-10T01:46:34Z
2026,5,2026_05_IND_PIT,2026-10-11T17:00:00+00:00,00-0041489,Germie Bernard,player_reception_yds,bovada,20.5,-115.0,-115.0,2026-10-10T01:46:27Z,2026-10-10T01:46:34Z
2026,5,2026_05_IND_PIT,2026-10-11T17:00:00+00:00,00-0037228,Jaylen Warren,player_reception_yds,bovada,17.5,-115.0,-115.0,2026-10-10T01:46:27Z,2026-10-10T01:46:34Z
2026,5,2026_05_IND_PIT,2026-10-11T17:00:00+00:00,00-0036223,Jonathan Taylor,player_reception_yds,bovada,15.5,-110.0,-120.0,2026-10-10T01:46:27Z,2026-10-10T01:46:34Z
2026,5,2026_05_IND_PIT,2026-10-11T17:00:00+00:00,00-0038997,Josh Downs,player_reception_yds,bovada,54.5,-115.0,-115.0,2026-10-10T01:46:27Z,2026-10-10T01:46:34Z
2026,5,2026_05_IND_PIT,2026-10-11T17:00:00+00:00,00-0030279,Keenan Allen,player_reception_yds,bovada,30.5,-115.0,-115.0,2026-10-10T01:46:27Z,2026-10-10T01:46:34Z
2026,5,2026_05_IND_PIT,2026-10-11T17:00:00+00:00,00-0032951,Laquon Treadwell,player_reception_yds,bovada,16.5,-115.0,-115.0,2026-10-10T01:46:27Z,2026-10-10T01:46:34Z
2026,5,2026_05_IND_PIT,2026-10-11T17:00:00+00:00,00-0036894,Pat Freiermuth,player_reception_yds,bovada,26.5,-115.0,-115.0,2026-10-10T01:46:27Z,2026-10-10T01:46:34Z
2026,5,2026_05_IND_PIT,2026-10-11T17:00:00+00:00,00-0039739,Roman Wilson,player_reception_yds,bovada,40.5,-115.0,-115.0,2026-10-10T01:46:27Z,2026-10-10T01:46:34Z
2026,5,2026_05_IND_PIT,2026-10-11T17:00:00+00:00,00-0040128,Tyler Warren,player_reception_yds,bovada,47.5,-110.0,-120.0,2026-10-10T01:46:27Z,2026-10-10T01:46:34Z
2026,5,2026_05_IND_PIT,2026-10-11T17:00:00+00:00,00-0035640,DK Metcalf,player_reception_yds,draftkings,52.5,-113.0,-111.0,2026-10-10T01:45:43Z,2026-10-10T01:46:34Z
2026,5,2026_05_IND_PIT,2026-10-11T17:00:00+00:00,00-0038558,Darnell Washington,player_reception_yds,draftkings,22.5,-109.0,-115.0,2026-10-10T01:45:43Z,2026-10-10T01:46:34Z
2026,5,2026_05_IND_PIT,2026-10-11T17:00:00+00:00,00-0041489,Germie Bernard,player_reception_yds,draftkings,20.5,-114.0,-110.0,2026-10-10T01:45:43Z,2026-10-10T01:46:34Z
2026,5,2026_05_IND_PIT,2026-10-11T17:00:00+00:00,00-0037228,Jaylen Warren,player_reception_yds,draftkings,17.5,-113.0,-111.0,2026-10-10T01:45:43Z,2026-10-10T01:46:34Z
2026,5,2026_05_IND_PIT,2026-10-11T17:00:00+00:00,00-0036223,Jonathan Taylor,player_reception_yds,draftkings,15.5,-108.0,-116.0,2026-10-10T01:45:43Z,2026-10-10T01:46:34Z
2026,5,2026_05_IND_PIT,2026-10-11T17:00:00+00:00,00-0038997,Josh Downs,player_reception_yds,draftkings,54.5,-113.0,-111.0,2026-10-10T01:45:43Z,2026-10-10T01:46:34Z
2026,5,2026_05_IND_PIT,2026-10-11T17:00:00+00:00,00-0030279,Keenan Allen,player_reception_yds,draftkings,30.5,-111.0,-113.0,2026-10-10T01:45:43Z,2026-10-10T01:46:34Z
2026,5,2026_05_IND_PIT,2026-10-11T17:00:00+00:00,00-0032951,Laquon Treadwell,player_reception_yds,draftkings,16.5,-113.0,-111.0,2026-10-10T01:45:43Z,2026-10-10T01:46:34Z
2026,5,2026_05_IND_PIT,2026-10-11T17:00:00+00:00,00-0036894,Pat Freiermuth,player_reception_yds,draftkings,26.5,-110.0,-114.0,2026-10-10T01:45:43Z,2026-10-10T01:46:34Z
2026,5,2026_05_IND_PIT,2026-10-11T17:00:00+00:00,00-0039739,Roman Wilson,player_reception_yds,draftkings,40.5,-110.0,-114.0,2026-10-10T01:45:43Z,2026-10-10T01:46:34Z
2026,5,2026_05_IND_PIT,2026-10-11T17:00:00+00:00,00-0040128,Tyler Warren,player_reception_yds,draftkings,47.5,-110.0,-114.0,2026-10-10T01:45:43Z,2026-10-10T01:46:34Z
2026,5,2026_05_IND_PIT,2026-10-11T17:00:00+00:00,00-0035640,DK Metcalf,player_reception_yds,fanduel,53.5,-114.0,-114.0,2026-10-10T01:45:51Z,2026-10-10T01:46:34Z
2026,5,2026_05_IND_PIT,2026-10-11T17:00:00+00:00,00-0038558,Darnell Washington,player_reception_yds,fanduel,22.5,-114.0,-114.0,2026-10-10T01:45:51Z,2026-10-10T01:46:34Z
2026,5,2026_05_IND_PIT,2026-10-11T17:00:00+00:00,00-0041489,Germie Bernard,player_reception_yds,fanduel,18.5,-114.0,-114.0,2026-10-10T01:45:51Z,2026-10-10T01:46:34Z
2026,5,2026_05_IND_PIT,2026-10-11T17:00:00+00:00,00-0037228,Jaylen Warren,player_reception_yds,fanduel,18.5,-114.0,-114.0,2026-10-10T01:45:51Z,2026-10-10T01:46:34Z
2026,5,2026_05_IND_PIT,2026-10-11T17:00:00+00:00,00-0036223,Jonathan Taylor,player_reception_yds,fanduel,15.5,-114.0,-114.0,2026-10-10T01:45:51Z,2026-10-10T01:46:34Z
2026,5,2026_05_IND_PIT,2026-10-11T17:00:00+00:00,00-0038997,Josh Downs,player_reception_yds,fanduel,58.5,-114.0,-114.0,2026-10-10T01:45:51Z,2026-10-10T01:46:34Z
2026,5,2026_05_IND_PIT,2026-10-11T17:00:00+00:00,00-0030279,Keenan Allen,player_reception_yds,fanduel,30.5,-114.0,-114.0,2026-10-10T01:45:51Z,2026-10-10T01:46:34Z
2026,5,2026_05_IND_PIT,2026-10-11T17:00:00+00:00,00-0032951,Laquon Treadwell,player_reception_yds,fanduel,16.5,-114.0,-114.0,2026-10-10T01:45:51Z,2026-10-10T01:46:34Z
2026,5,2026_05_IND_PIT,2026-10-11T17:00:00+00:00,00-0036894,Pat Freiermuth,player_reception_yds,fanduel,27.5,-114.0,-114.0,2026-10-10T01:45:51Z,2026-10-10T01:46:34Z
2026,5,2026_05_IND_PIT,2026-10-11T17:00:00+00:00,00-0039739,Roman Wilson,player_reception_yds,fanduel,41.5,-114.0,-114.0,2026-10-10T01:45:51Z,2026-10-10T01:46:34Z
2026,5,2026_05_IND_PIT,2026-10-11T17:00:00+00:00,00-0040128,Tyler Warren,player_reception_yds,fanduel,46.5,-114.0,-114.0,2026-10-10T01:45:51Z,2026-10-10T01:46:34Z
2026,5,2026_05_IND_PIT,2026-10-11T17:00:00+00:00,00-0035640,DK Metcalf,player_receptions,betmgm,4.5,100.0,-135.0,2026-10-10T01:45:44Z,2026-10-10T01:46:34Z
2026,5,2026_05_IND_PIT,2026-10-11T17:00:00+00:00,00-0038558,Darnell Washington,player_receptions,betmgm,2.5,105.0,-140.0,2026-10-10T01:45:44Z,2026-10-10T01:46:34Z
2026,5,2026_05_IND_PIT,2026-10-11T17:00:00+00:00,00-0041489,Germie Bernard,player_receptions,betmgm,2.5,138.0,-190.0,2026-10-10T01:45:44Z,2026-10-10T01:46:34Z
2026,5,2026_05_IND_PIT,2026-10-11T17:00:00+00:00,00-0036223,Jonathan Taylor,player_receptions,betmgm,2.5,-115.0,-115.0,2026-10-10T01:45:44Z,2026-10-10T01:46:34Z
2026,5,2026_05_IND_PIT,2026-10-11T17:00:00+00:00,00-0038997,Josh Downs,player_receptions,betmgm,4.5,-160.0,120.0,2026-10-10T01:45:44Z,2026-10-10T01:46:34Z
2026,5,2026_05_IND_PIT,2026-10-11T17:00:00+00:00,00-0030279,Keenan Allen,player_receptions,betmgm,3.5,-105.0,-125.0,2026-10-10T01:45:44Z,2026-10-10T01:46:34Z
2026,5,2026_05_IND_PIT,2026-10-11T17:00:00+00:00,00-0032951,Laquon Treadwell,player_receptions,betmgm,1.5,-115.0,-115.0,2026-10-10T01:45:44Z,2026-10-10T01:46:34Z
2026,5,2026_05_IND_PIT,2026-10-11T17:00:00+00:00,00-0036894,Pat Freiermuth,player_receptions,betmgm,3.5,125.0,-165.0,2026-10-10T01:45:44Z,2026-10-10T01:46:34Z
2026,5,2026_05_IND_PIT,2026-10-11T17:00:00+00:00,00-0039739,Roman Wilson,player_receptions,betmgm,3.5,105.0,-140.0,2026-10-10T01:45:44Z,2026-10-10T01:46:34Z
2026,5,2026_05_IND_PIT,2026-10-11T17:00:00+00:00,00-0040128,Tyler Warren,player_receptions,betmgm,5.5,115.0,-155.0,2026-10-10T01:45:44Z,2026-10-10T01:46:34Z
2026,5,2026_05_IND_PIT,2026-10-11T17:00:00+00:00,00-0035640,DK Metcalf,player_receptions,betonlineag,4.5,120.0,-156.0,2026-10-10T01:45:48Z,2026-10-10T01:46:34Z
2026,5,2026_05_IND_PIT,2026-10-11T17:00:00+00:00,00-0038558,Darnell Washington,player_receptions,betonlineag,2.5,122.0,-159.0,2026-10-10T01:45:48Z,2026-10-10T01:46:34Z
2026,5,2026_05_IND_PIT,2026-10-11T17:00:00+00:00,00-0041489,Germie Bernard,player_receptions,betonlineag,2.5,141.0,-185.0,2026-10-10T01:45:48Z,2026-10-10T01:46:34Z
2026,5,2026_05_IND_PIT,2026-10-11T17:00:00+00:00,00-0036223,Jonathan Taylor,player_receptions,betonlineag,2.5,-118.0,-110.0,2026-10-10T01:45:48Z,2026-10-10T01:46:34Z
2026,5,2026_05_IND_PIT,2026-10-11T17:00:00+00:00,00-0038997,Josh Downs,player_receptions,betonlineag,4.5,-135.0,105.0,2026-10-10T01:45:48Z,2026-10-10T01:46:34Z
2026,5,2026_05_IND_PIT,2026-10-11T17:00:00+00:00,00-0030279,Keenan Allen,player_receptions,betonlineag,3.5,100.0,-130.0,2026-10-10T01:45:48Z,2026-10-10T01:46:34Z
2026,5,2026_05_IND_PIT,2026-10-11T17:00:00+00:00,00-0032951,Laquon Treadwell,player_receptions,betonlineag,1.5,104.0,-135.0,2026-10-10T01:45:48Z,2026-10-10T01:46:34Z
2026,5,2026_05_IND_PIT,2026-10-11T17:00:00+00:00,00-0036894,Pat Freiermuth,player_receptions,betonlineag,3.5,122.0,-159.0,2026-10-10T01:45:48Z,2026-10-10T01:46:34Z
2026,5,2026_05_IND_PIT,2026-10-11T17:00:00+00:00,00-0039739,Roman Wilson,player_receptions,betonlineag,3.5,112.0,-145.0,2026-10-10T01:45:48Z,2026-10-10T01:46:34Z
2026,5,2026_05_IND_PIT,2026-10-11T17:00:00+00:00,00-0040128,Tyler Warren,player_receptions,betonlineag,5.5,120.0,-156.0,2026-10-10T01:45:48Z,2026-10-10T01:46:34Z
2026,5,2026_05_IND_PIT,2026-10-11T17:00:00+00:00,00-0035640,DK Metcalf,player_receptions,betrivers,4.5,115.0,,2026-10-10T01:45:44Z,2026-10-10T01:46:34Z
2026,5,2026_05_IND_PIT,2026-10-11T17:00:00+00:00,00-0038558,Darnell Washington,player_receptions,betrivers,2.5,133.0,,2026-10-10T01:45:44Z,2026-10-10T01:46:34Z
2026,5,2026_05_IND_PIT,2026-10-11T17:00:00+00:00,00-0041489,Germie Bernard,player_receptions,betrivers,2.5,135.0,,2026-10-10T01:45:44Z,2026-10-10T01:46:34Z
2026,5,2026_05_IND_PIT,2026-10-11T17:00:00+00:00,00-0037228,Jaylen Warren,player_receptions,betrivers,2.5,-143.0,,2026-10-10T01:45:44Z,2026-10-10T01:46:34Z
2026,5,2026_05_IND_PIT,2026-10-11T17:00:00+00:00,00-0036223,Jonathan Taylor,player_receptions,betrivers,2.5,-117.0,,2026-10-10T01:45:44Z,2026-10-10T01:46:34Z
2026,5,2026_05_IND_PIT,2026-10-11T17:00:00+00:00,00-0038997,Josh Downs,player_receptions,betrivers,5.5,123.0,,2026-10-10T01:45:44Z,2026-10-10T01:46:34Z
2026,5,2026_05_IND_PIT,2026-10-11T17:00:00+00:00,00-0030279,Keenan Allen,player_receptions,betrivers,3.5,106.0,,2026-10-10T01:45:44Z,2026-10-10T01:46:34Z
2026,5,2026_05_IND_PIT,2026-10-11T17:00:00+00:00,00-0032951,Laquon Treadwell,player_receptions,betrivers,1.5,106.0,,2026-10-10T01:45:44Z,2026-10-10T01:46:34Z
2026,5,2026_05_IND_PIT,2026-10-11T17:00:00+00:00,00-0036894,Pat Freiermuth,player_receptions,betrivers,3.5,102.0,,2026-10-10T01:45:44Z,2026-10-10T01:46:34Z
2026,5,2026_05_IND_PIT,2026-10-11T17:00:00+00:00,00-0039739,Roman Wilson,player_receptions,betrivers,3.5,112.0,,2026-10-10T01:45:44Z,2026-10-10T01:46:34Z
2026,5,2026_05_IND_PIT,2026-10-11T17:00:00+00:00,00-0040128,Tyler Warren,player_receptions,betrivers,5.5,123.0,,2026-10-10T01:45:44Z,2026-10-10T01:46:34Z
2026,5,2026_05_IND_PIT,2026-10-11T17:00:00+00:00,00-0035640,DK Metcalf,player_receptions,bovada,4.5,115.0,-150.0,2026-10-10T01:46:27Z,2026-10-10T01:46:34Z
2026,5,2026_05_IND_PIT,2026-10-11T17:00:00+00:00,00-0038558,Darnell Washington,player_receptions,bovada,2.5,130.0,-170.0,2026-10-10T01:46:27Z,2026-10-10T01:46:34Z
2026,5,2026_05_IND_PIT,2026-10-11T17:00:00+00:00,00-0041489,Germie Bernard,player_receptions,bovada,2.5,140.0,-185.0,2026-10-10T01:46:27Z,2026-10-10T01:46:34Z
2026,5,2026_05_IND_PIT,2026-10-11T17:00:00+00:00,00-0037228,Jaylen Warren,player_receptions,bovada,2.5,-135.0,105.0,2026-10-10T01:46:27Z,2026-10-10T01:46:34Z
2026,5,2026_05_IND_PIT,2026-10-11T17:00:00+00:00,00-0036223,Jonathan Taylor,player_receptions,bovada,2.5,100.0,-130.0,2026-10-10T01:46:27Z,2026-10-10T01:46:34Z
2026,5,2026_05_IND_PIT,2026-10-11T17:00:00+00:00,00-0038997,Josh Downs,player_receptions,bovada,4.5,-150.0,115.0,2026-10-10T01:46:27Z,2026-10-10T01:46:34Z
2026,5,2026_05_IND_PIT,2026-10-11T17:00:00+00:00,00-0030279,Keenan Allen,player_receptions,bovada,3.5,-105.0,-125.0,2026-10-10T01:46:27Z,2026-10-10T01:46:34Z
2026,5,2026_05_IND_PIT,2026-10-11T17:00:00+00:00,00-0032951,Laquon Treadwell,player_receptions,bovada,1.5,-105.0,-125.0,2026-10-10T01:46:27Z,2026-10-10T01:46:34Z
2026,5,2026_05_IND_PIT,2026-10-11T17:00:00+00:00,00-0036894,Pat Freiermuth,player_receptions,bovada,3.5,125.0,-165.0,2026-10-10T01:46:27Z,2026-10-10T01:46:34Z
2026,5,2026_05_IND_PIT,2026-10-11T17:00:00+00:00,00-0039739,Roman Wilson,player_receptions,bovada,3.5,115.0,-150.0,2026-10-10T01:46:27Z,2026-10-10T01:46:34Z
2026,5,2026_05_IND_PIT,2026-10-11T17:00:00+00:00,00-0040128,Tyler Warren,player_receptions,bovada,5.5,110.0,-145.0,2026-10-10T01:46:27Z,2026-10-10T01:46:34Z
2026,5,2026_05_IND_PIT,2026-10-11T17:00:00+00:00,00-0035640,DK Metcalf,player_receptions,draftkings,4.5,117.0,-149.0,2026-10-10T01:45:43Z,2026-10-10T01:46:34Z
2026,5,2026_05_IND_PIT,2026-10-11T17:00:00+00:00,00-0038558,Darnell Washington,player_receptions,draftkings,2.5,132.0,-169.0,2026-10-10T01:45:43Z,2026-10-10T01:46:34Z
2026,5,2026_05_IND_PIT,2026-10-11T17:00:00+00:00,00-0041489,Germie Bernard,player_receptions,draftkings,2.5,141.0,-181.0,2026-10-10T01:45:43Z,2026-10-10T01:46:34Z
2026,5,2026_05_IND_PIT,2026-10-11T17:00:00+00:00,00-0037228,Jaylen Warren,player_receptions,draftkings,2.5,-136.0,106.0,2026-10-10T01:45:43Z,2026-10-10T01:46:34Z
2026,5,2026_05_IND_PIT,2026-10-11T17:00:00+00:00,00-0036223,Jonathan Taylor,player_receptions,draftkings,2.5,100.0,-127.0,2026-10-10T01:45:43Z,2026-10-10T01:46:34Z
2026,5,2026_05_IND_PIT,2026-10-11T17:00:00+00:00,00-0038997,Josh Downs,player_receptions,draftkings,4.5,-145.0,114.0,2026-10-10T01:45:43Z,2026-10-10T01:46:34Z
2026,5,2026_05_IND_PIT,2026-10-11T17:00:00+00:00,00-0030279,Keenan Allen,player_receptions,draftkings,3.5,-105.0,-122.0,2026-10-10T01:45:43Z,2026-10-10T01:46:34Z
2026,5,2026_05_IND_PIT,2026-10-11T17:00:00+00:00,00-0032951,Laquon Treadwell,player_receptions,draftkings,1.5,-104.0,-123.0,2026-10-10T01:45:43Z,2026-10-10T01:46:34Z
2026,5,2026_05_IND_PIT,2026-10-11T17:00:00+00:00,00-0036894,Pat Freiermuth,player_receptions,draftkings,3.5,127.0,-162.0,2026-10-10T01:45:43Z,2026-10-10T01:46:34Z
2026,5,2026_05_IND_PIT,2026-10-11T17:00:00+00:00,00-0039739,Roman Wilson,player_receptions,draftkings,3.5,118.0,-151.0,2026-10-10T01:45:43Z,2026-10-10T01:46:34Z
2026,5,2026_05_IND_PIT,2026-10-11T17:00:00+00:00,00-0040128,Tyler Warren,player_receptions,draftkings,5.5,110.0,-140.0,2026-10-10T01:45:43Z,2026-10-10T01:46:34Z
2026,5,2026_05_IND_PIT,2026-10-11T17:00:00+00:00,00-0035640,DK Metcalf,player_receptions,fanduel,4.5,114.0,-152.0,2026-10-10T01:45:51Z,2026-10-10T01:46:34Z
2026,5,2026_05_IND_PIT,2026-10-11T17:00:00+00:00,00-0038558,Darnell Washington,player_receptions,fanduel,2.5,120.0,-160.0,2026-10-10T01:45:51Z,2026-10-10T01:46:34Z
2026,5,2026_05_IND_PIT,2026-10-11T17:00:00+00:00,00-0041489,Germie Bernard,player_receptions,fanduel,2.5,144.0,-194.0,2026-10-10T01:45:51Z,2026-10-10T01:46:34Z
2026,5,2026_05_IND_PIT,2026-10-11T17:00:00+00:00,00-0037228,Jaylen Warren,player_receptions,fanduel,2.5,-144.0,108.0,2026-10-10T01:45:51Z,2026-10-10T01:46:34Z
2026,5,2026_05_IND_PIT,2026-10-11T17:00:00+00:00,00-0036223,Jonathan Taylor,player_receptions,fanduel,2.5,-110.0,-120.0,2026-10-10T01:45:51Z,2026-10-10T01:46:34Z
2026,5,2026_05_IND_PIT,2026-10-11T17:00:00+00:00,00-0038997,Josh Downs,player_receptions,fanduel,4.5,-148.0,112.0,2026-10-10T01:45:51Z,2026-10-10T01:46:34Z
2026,5,2026_05_IND_PIT,2026-10-11T17:00:00+00:00,00-0030279,Keenan Allen,player_receptions,fanduel,3.5,104.0,-138.0,2026-10-10T01:45:51Z,2026-10-10T01:46:34Z
2026,5,2026_05_IND_PIT,2026-10-11T17:00:00+00:00,00-0032951,Laquon Treadwell,player_receptions,fanduel,1.5,106.0,-140.0,2026-10-10T01:45:51Z,2026-10-10T01:46:34Z
2026,5,2026_05_IND_PIT,2026-10-11T17:00:00+00:00,00-0036894,Pat Freiermuth,player_receptions,fanduel,3.5,116.0,-154.0,2026-10-10T01:45:51Z,2026-10-10T01:46:34Z
2026,5,2026_05_IND_PIT,2026-10-11T17:00:00+00:00,00-0039739,Roman Wilson,player_receptions,fanduel,3.5,106.0,-140.0,2026-10-10T01:45:51Z,2026-10-10T01:46:34Z
2026,5,2026_05_IND_PIT,2026-10-11T17:00:00+00:00,00-0040128,Tyler Warren,player_receptions,fanduel,5.5,124.0,-166.0,2026-10-10T01:45:51Z,2026-10-10T01:46:34Z
2026,5,2026_05_IND_PIT,2026-10-11T17:00:00+00:00,00-0035710,Daniel Jones,player_rush_yds,betmgm,8.5,-125.0,-105.0,2026-10-10T01:45:44Z,2026-10-10T01:46:34Z
2026,5,2026_05_IND_PIT,2026-10-11T17:00:00+00:00,00-0036223,Jonathan Taylor,player_rush_yds,betmgm,84.5,-115.0,-115.0,2026-10-10T01:45:44Z,2026-10-10T01:46:34Z
2026,5,2026_05_IND_PIT,2026-10-11T17:00:00+00:00,00-0035710,Daniel Jones,player_rush_yds,betonlineag,8.5,-114.0,-114.0,2026-10-10T01:45:48Z,2026-10-10T01:46:34Z
2026,5,2026_05_IND_PIT,2026-10-11T17:00:00+00:00,00-0037228,Jaylen Warren,player_rush_yds,betonlineag,62.5,-115.0,-112.0,2026-10-10T01:45:48Z,2026-10-10T01:46:34Z
2026,5,2026_05_IND_PIT,2026-10-11T17:00:00+00:00,00-0036223,Jonathan Taylor,player_rush_yds,betonlineag,84.5,-112.0,-115.0,2026-10-10T01:45:48Z,2026-10-10T01:46:34Z
2026,5,2026_05_IND_PIT,2026-10-11T17:00:00+00:00,00-0035710,Daniel Jones,player_rush_yds,betrivers,7.5,-117.0,-114.0,2026-10-10T01:45:44Z,2026-10-10T01:46:34Z
2026,5,2026_05_IND_PIT,2026-10-11T17:00:00+00:00,00-0037228,Jaylen Warren,player_rush_yds,betrivers,61.5,-114.0,-117.0,2026-10-10T01:45:44Z,2026-10-10T01:46:34Z
2026,5,2026_05_IND_PIT,2026-10-11T17:00:00+00:00,00-0036223,Jonathan Taylor,player_rush_yds,betrivers,85.5,-115.0,-115.0,2026-10-10T01:45:44Z,2026-10-10T01:46:34Z
2026,5,2026_05_IND_PIT,2026-10-11T17:00:00+00:00,00-0023459,Aaron Rodgers,player_rush_yds,bovada,0.5,-115.0,-115.0,2026-10-10T01:46:27Z,2026-10-10T01:46:34Z
2026,5,2026_05_IND_PIT,2026-10-11T17:00:00+00:00,00-0035710,Daniel Jones,player_rush_yds,bovada,8.5,-110.0,-120.0,2026-10-10T01:46:27Z,2026-10-10T01:46:34Z
2026,5,2026_05_IND_PIT,2026-10-11T17:00:00+00:00,00-0037228,Jaylen Warren,player_rush_yds,bovada,61.5,-115.0,-115.0,2026-10-10T01:46:27Z,2026-10-10T01:46:34Z
2026,5,2026_05_IND_PIT,2026-10-11T17:00:00+00:00,00-0036223,Jonathan Taylor,player_rush_yds,bovada,83.5,-115.0,-115.0,2026-10-10T01:46:27Z,2026-10-10T01:46:34Z
2026,5,2026_05_IND_PIT,2026-10-11T17:00:00+00:00,00-0023459,Aaron Rodgers,player_rush_yds,draftkings,0.5,-113.0,-111.0,2026-10-10T01:45:43Z,2026-10-10T01:46:34Z
2026,5,2026_05_IND_PIT,2026-10-11T17:00:00+00:00,00-0035710,Daniel Jones,player_rush_yds,draftkings,8.5,-108.0,-116.0,2026-10-10T01:45:43Z,2026-10-10T01:46:34Z
2026,5,2026_05_IND_PIT,2026-10-11T17:00:00+00:00,00-0037228,Jaylen Warren,player_rush_yds,draftkings,61.5,-113.0,-111.0,2026-10-10T01:45:43Z,2026-10-10T01:46:34Z
2026,5,2026_05_IND_PIT,2026-10-11T17:00:00+00:00,00-0036223,Jonathan Taylor,player_rush_yds,draftkings,83.5,-113.0,-111.0,2026-10-10T01:45:43Z,2026-10-10T01:46:34Z
2026,5,2026_05_IND_PIT,2026-10-11T17:00:00+00:00,00-0023459,Aaron Rodgers,player_rush_yds,fanduel,0.5,-128.0,-102.0,2026-10-10T01:45:51Z,2026-10-10T01:46:34Z
2026,5,2026_05_IND_PIT,2026-10-11T17:00:00+00:00,00-0035710,Daniel Jones,player_rush_yds,fanduel,8.5,-114.0,-114.0,2026-10-10T01:45:51Z,2026-10-10T01:46:34Z
2026,5,2026_05_IND_PIT,2026-10-11T17:00:00+00:00,00-0037228,Jaylen Warren,player_rush_yds,fanduel,61.5,-114.0,-114.0,2026-10-10T01:45:51Z,2026-10-10T01:46:34Z
2026,5,2026_05_IND_PIT,2026-10-11T17:00:00+00:00,00-0036223,Jonathan Taylor,player_rush_yds,fanduel,86.5,-114.0,-114.0,2026-10-10T01:45:51Z,2026-10-10T01:46:34Z
2026,5,2026_05_LV_NE,2026-10-11T17:00:00+00:00,00-0040122,Ashton Jeanty,player_anytime_td,betmgm,,-118.0,,2026-10-10T01:46:20Z,2026-10-10T01:46:35Z
2026,5,2026_05_LV_NE,2026-10-11T17:00:00+00:00,00-0039338,Brock Bowers,player_anytime_td,betmgm,,145.0,,2026-10-10T01:46:20Z,2026-10-10T01:46:35Z
2026,5,2026_05_LV_NE,2026-10-11T17:00:00+00:00,00-0035891,Cody White,player_anytime_td,betmgm,,575.0,,2026-10-10T01:46:20Z,2026-10-10T01:46:35Z
2026,5,2026_05_LV_NE,2026-10-11T17:00:00+00:00,00-0037304,Connor Heyward,player_anytime_td,betmgm,,575.0,,2026-10-10T01:46:20Z,2026-10-10T01:46:35Z
2026,5,2026_05_LV_NE,2026-10-11T17:00:00+00:00,00-0037093,Dareke Young,player_anytime_td,betmgm,,1050.0,,2026-10-10T01:46:20Z,2026-10-10T01:46:35Z
2026,5,2026_05_LV_NE,2026-10-11T17:00:00+00:00,00-0038621,DeMario Douglas,player_anytime_td,betmgm,,360.0,,2026-10-10T01:46:20Z,2026-10-10T01:46:35Z
2026,5,2026_05_LV_NE,2026-10-11T17:00:00+00:00,00-0039851,Drake Maye,player_anytime_td,betmgm,,230.0,,2026-10-10T01:46:20Z,2026-10-10T01:46:35Z
2026,5,2026_05_LV_NE,2026-10-11T17:00:00+00:00,00-0039407,Dylan Laube,player_anytime_td,betmgm,,700.0,,2026-10-10T01:46:20Z,2026-10-10T01:46:35Z
2026,5,2026_05_LV_NE,2026-10-11T17:00:00+00:00,00-0040563,Efton Chism III,player_anytime_td,betmgm,,360.0,,2026-10-10T01:46:20Z,2026-10-10T01:46:35Z
2026,5,2026_05_LV_NE,2026-10-11T17:00:00+00:00,00-0041395,Eli Raridon,player_anytime_td,betmgm,,600.0,,2026-10-10T01:46:20Z,2026-10-10T01:46:35Z
2026,5,2026_05_LV_NE,2026-10-11T17:00:00+00:00,00-0033090,Hunter Henry,player_anytime_td,betmgm,,200.0,,2026-10-10T01:46:20Z,2026-10-10T01:46:35Z
2026,5,2026_05_LV_NE,2026-10-11T17:00:00+00:00,00-0034365,Ian Thomas,player_anytime_td,betmgm,,1350.0,,2026-10-10T01:46:20Z,2026-10-10T01:46:35Z
2026,5,2026_05_LV_NE,2026-10-11T17:00:00+00:00,00-0029604,Kirk Cousins,player_anytime_td,betmgm,,1200.0,,2026-10-10T01:46:20Z,2026-10-10T01:46:35Z
2026,5,2026_05_LV_NE,2026-10-11T17:00:00+00:00,00-0040131,Kyle Williams,player_anytime_td,betmgm,,475.0,,2026-10-10T01:46:20Z,2026-10-10T01:46:35Z
2026,5,2026_05_LV_NE,2026-10-11T17:00:00+00:00,,Las Vegas Raiders D/ST,player_anytime_td,betmgm,,525.0,,2026-10-10T01:46:20Z,2026-10-10T01:46:35Z
2026,5,2026_05_LV_NE,2026-10-11T17:00:00+00:00,00-0040894,Malik Benson,player_anytime_td,betmgm,,850.0,,2026-10-10T01:46:20Z,2026-10-10T01:46:35Z
2026,5,2026_05_LV_NE,2026-10-11T17:00:00+00:00,00-0039066,Michael Mayer,player_anytime_td,betmgm,,360.0,,2026-10-10T01:46:20Z,2026-10-10T01:46:35Z
2026,5,2026_05_LV_NE,2026-10-11T17:00:00+00:00,00-0040878,Mike Washington Jr.,player_anytime_td,betmgm,,110.0,,2026-10-10T01:46:20Z,2026-10-10T01:46:35Z
2026,5,2026_05_LV_NE,2026-10-11T17:00:00+00:00,,New England Patriots D/ST,player_anytime_td,betmgm,,550.0,,2026-10-10T01:46:20Z,2026-10-10T01:46:35Z
2026,5,2026_05_LV_NE,2026-10-11T17:00:00+00:00,00-0036875,Rhamondre Stevenson,player_anytime_td,betmgm,,105.0,,2026-10-10T01:46:20Z,2026-10-10T01:46:35Z
2026,5,2026_05_LV_NE,2026-10-11T17:00:00+00:00,00-0037816,Romeo Doubs,player_anytime_td,betmgm,,175.0,,2026-10-10T01:46:20Z,2026-10-10T01:46:35Z
2026,5,2026_05_LV_NE,2026-10-11T17:00:00+00:00,00-0038563,Tre Tucker,player_anytime_td,betmgm,,290.0,,2026-10-10T01:46:20Z,2026-10-10T01:46:35Z
2026,5,2026_05_LV_NE,2026-10-11T17:00:00+00:00,00-0040734,TreVeyon Henderson,player_anytime_td,betmgm,,160.0,,2026-10-10T01:46:20Z,2026-10-10T01:46:35Z
2026,5,2026_05_LV_NE,2026-10-11T17:00:00+00:00,00-0040122,Ashton Jeanty,player_anytime_td,betonlineag,,-125.0,,2026-10-10T01:45:48Z,2026-10-10T01:46:35Z
2026,5,2026_05_LV_NE,2026-10-11T17:00:00+00:00,00-0039338,Brock Bowers,player_anytime_td,betonlineag,,130.0,,2026-10-10T01:45:48Z,2026-10-10T01:46:35Z
2026,5,2026_05_LV_NE,2026-10-11T17:00:00+00:00,00-0038564,Cameron Latu,player_anytime_td,betonlineag,,1300.0,,2026-10-10T01:45:48Z,2026-10-10T01:46:35Z
2026,5,2026_05_LV_NE,2026-10-11T17:00:00+00:00,00-0035891,Cody White,player_anytime_td,betonlineag,,450.0,,2026-10-10T01:45:48Z,2026-10-10T01:46:35Z
2026,5,2026_05_LV_NE,2026-10-11T17:00:00+00:00,00-0037304,Connor Heyward,player_anytime_td,betonlineag,,1100.0,,2026-10-10T01:45:48Z,2026-10-10T01:46:35Z
2026,5,2026_05_LV_NE,2026-10-11T17:00:00+00:00,00-0040556,Corey Kiner,player_anytime_td,betonlineag,,750.0,,2026-10-10T01:45:48Z,2026-10-10T01:46:35Z
2026,5,2026_05_LV_NE,2026-10-11T17:00:00+00:00,00-0037093,Dareke Young,player_anytime_td,betonlineag,,1300.0,,2026-10-10T01:45:48Z,2026-10-10T01:46:35Z
2026,5,2026_05_LV_NE,2026-10-11T17:00:00+00:00,00-0038621,DeMario Douglas,player_anytime_td,betonlineag,,290.0,,2026-10-10T01:45:48Z,2026-10-10T01:46:35Z
2026,5,2026_05_LV_NE,2026-10-11T17:00:00+00:00,00-0039851,Drake Maye,player_anytime_td,betonlineag,,350.0,,2026-10-10T01:45:48Z,2026-10-10T01:46:35Z
2026,5,2026_05_LV_NE,2026-10-11T17:00:00+00:00,00-0039407,Dylan Laube,player_anytime_td,betonlineag,,650.0,,2026-10-10T01:45:48Z,2026-10-10T01:46:35Z
2026,5,2026_05_LV_NE,2026-10-11T17:00:00+00:00,00-0040563,Efton Chism III,player_anytime_td,betonlineag,,400.0,,2026-10-10T01:45:48Z,2026-10-10T01:46:35Z
2026,5,2026_05_LV_NE,2026-10-11T17:00:00+00:00,00-0041395,Eli Raridon,player_anytime_td,betonlineag,,500.0,,2026-10-10T01:45:48Z,2026-10-10T01:46:35Z
2026,5,2026_05_LV_NE,2026-10-11T17:00:00+00:00,00-0033090,Hunter Henry,player_anytime_td,betonlineag,,170.0,,2026-10-10T01:45:48Z,2026-10-10T01:46:35Z
2026,5,2026_05_LV_NE,2026-10-11T17:00:00+00:00,00-0034365,Ian Thomas,player_anytime_td,betonlineag,,1900.0,,2026-10-10T01:45:48Z,2026-10-10T01:46:35Z
2026,5,2026_05_LV_NE,2026-10-11T17:00:00+00:00,00-0029604,Kirk Cousins,player_anytime_td,betonlineag,,1700.0,,2026-10-10T01:45:48Z,2026-10-10T01:46:35Z
2026,5,2026_05_LV_NE,2026-10-11T17:00:00+00:00,00-0040131,Kyle Williams,player_anytime_td,betonlineag,,600.0,,2026-10-10T01:45:48Z,2026-10-10T01:46:35Z
2026,5,2026_05_LV_NE,2026-10-11T17:00:00+00:00,00-0040894,Malik Benson,player_anytime_td,betonlineag,,700.0,,2026-10-10T01:45:48Z,2026-10-10T01:46:35Z
2026,5,2026_05_LV_NE,2026-10-11T17:00:00+00:00,00-0039066,Michael Mayer,player_anytime_td,betonlineag,,350.0,,2026-10-10T01:45:48Z,2026-10-10T01:46:35Z
2026,5,2026_05_LV_NE,2026-10-11T17:00:00+00:00,00-0040878,Mike Washington Jr.,player_anytime_td,betonlineag,,100.0,,2026-10-10T01:45:48Z,2026-10-10T01:46:35Z
2026,5,2026_05_LV_NE,2026-10-11T17:00:00+00:00,00-0036187,Reggie Gilliam,player_anytime_td,betonlineag,,1100.0,,2026-10-10T01:45:48Z,2026-10-10T01:46:35Z
2026,5,2026_05_LV_NE,2026-10-11T17:00:00+00:00,00-0036875,Rhamondre Stevenson,player_anytime_td,betonlineag,,-143.0,,2026-10-10T01:45:48Z,2026-10-10T01:46:35Z
2026,5,2026_05_LV_NE,2026-10-11T17:00:00+00:00,00-0037816,Romeo Doubs,player_anytime_td,betonlineag,,150.0,,2026-10-10T01:45:48Z,2026-10-10T01:46:35Z
2026,5,2026_05_LV_NE,2026-10-11T17:00:00+00:00,00-0041314,Tanner Arkin,player_anytime_td,betonlineag,,1400.0,,2026-10-10T01:45:48Z,2026-10-10T01:46:35Z
2026,5,2026_05_LV_NE,2026-10-11T17:00:00+00:00,00-0038563,Tre Tucker,player_anytime_td,betonlineag,,290.0,,2026-10-10T01:45:48Z,2026-10-10T01:46:35Z
2026,5,2026_05_LV_NE,2026-10-11T17:00:00+00:00,00-0040734,TreVeyon Henderson,player_anytime_td,betonlineag,,-143.0,,2026-10-10T01:45:48Z,2026-10-10T01:46:35Z
2026,5,2026_05_LV_NE,2026-10-11T17:00:00+00:00,00-0040122,Ashton Jeanty,player_anytime_td,betrivers,,100.0,,2026-10-10T01:46:20Z,2026-10-10T01:46:35Z
2026,5,2026_05_LV_NE,2026-10-11T17:00:00+00:00,00-0039338,Brock Bowers,player_anytime_td,betrivers,,135.0,,2026-10-10T01:46:20Z,2026-10-10T01:46:35Z
2026,5,2026_05_LV_NE,2026-10-11T17:00:00+00:00,00-0038564,Cameron Latu,player_anytime_td,betrivers,,1300.0,,2026-10-10T01:46:20Z,2026-10-10T01:46:35Z
2026,5,2026_05_LV_NE,2026-10-11T17:00:00+00:00,00-0035891,Cody White,player_anytime_td,betrivers,,450.0,,2026-10-10T01:46:20Z,2026-10-10T01:46:35Z
2026,5,2026_05_LV_NE,2026-10-11T17:00:00+00:00,00-0037304,Connor Heyward,player_anytime_td,betrivers,,1200.0,,2026-10-10T01:46:20Z,2026-10-10T01:46:35Z
2026,5,2026_05_LV_NE,2026-10-11T17:00:00+00:00,00-0040556,Corey Kiner,player_anytime_td,betrivers,,500.0,,2026-10-10T01:46:20Z,2026-10-10T01:46:35Z
2026,5,2026_05_LV_NE,2026-10-11T17:00:00+00:00,00-0037093,Dareke Young,player_anytime_td,betrivers,,1800.0,,2026-10-10T01:46:20Z,2026-10-10T01:46:35Z
2026,5,2026_05_LV_NE,2026-10-11T17:00:00+00:00,00-0038621,DeMario Douglas,player_anytime_td,betrivers,,290.0,,2026-10-10T01:46:20Z,2026-10-10T01:46:35Z
2026,5,2026_05_LV_NE,2026-10-11T17:00:00+00:00,00-0039851,Drake Maye,player_anytime_td,betrivers,,330.0,,2026-10-10T01:46:20Z,2026-10-10T01:46:35Z
2026,5,2026_05_LV_NE,2026-10-11T17:00:00+00:00,00-0039407,Dylan Laube,player_anytime_td,betrivers,,750.0,,2026-10-10T01:46:20Z,2026-10-10T01:46:35Z
2026,5,2026_05_LV_NE,2026-10-11T17:00:00+00:00,00-0040563,Efton Chism III,player_anytime_td,betrivers,,340.0,,2026-10-10T01:46:20Z,2026-10-10T01:46:35Z
2026,5,2026_05_LV_NE,2026-10-11T17:00:00+00:00,00-0041395,Eli Raridon,player_anytime_td,betrivers,,480.0,,2026-10-10T01:46:20Z,2026-10-10T01:46:35Z
2026,5,2026_05_LV_NE,2026-10-11T17:00:00+00:00,00-0033090,Hunter Henry,player_anytime_td,betrivers,,163.0,,2026-10-10T01:46:20Z,2026-10-10T01:46:35Z
2026,5,2026_05_LV_NE,2026-10-11T17:00:00+00:00,00-0034365,Ian Thomas,player_anytime_td,betrivers,,1500.0,,2026-10-10T01:46:20Z,2026-10-10T01:46:35Z
2026,5,2026_05_LV_NE,2026-10-11T17:00:00+00:00,00-0029604,Kirk Cousins,player_anytime_td,betrivers,,1400.0,,2026-10-10T01:46:20Z,2026-10-10T01:46:35Z
2026,5,2026_05_LV_NE,2026-10-11T17:00:00+00:00,00-0040131,Kyle Williams,player_anytime_td,betrivers,,575.0,,2026-10-10T01:46:20Z,2026-10-10T01:46:35Z
2026,5,2026_05_LV_NE,2026-10-11T17:00:00+00:00,00-0040894,Malik Benson,player_anytime_td,betrivers,,550.0,,2026-10-10T01:46:20Z,2026-10-10T01:46:35Z
2026,5,2026_05_LV_NE,2026-10-11T17:00:00+00:00,00-0039066,Michael Mayer,player_anytime_td,betrivers,,370.0,,2026-10-10T01:46:20Z,2026-10-10T01:46:35Z
2026,5,2026_05_LV_NE,2026-10-11T17:00:00+00:00,00-0040878,Mike Washington Jr.,player_anytime_td,betrivers,,108.0,,2026-10-10T01:46:20Z,2026-10-10T01:46:35Z
2026,5,2026_05_LV_NE,2026-10-11T17:00:00+00:00,00-0036875,Rhamondre Stevenson,player_anytime_td,betrivers,,-107.0,,2026-10-10T01:46:20Z,2026-10-10T01:46:35Z
2026,5,2026_05_LV_NE,2026-10-11T17:00:00+00:00,00-0037816,Romeo Doubs,player_anytime_td,betrivers,,150.0,,2026-10-10T01:46:20Z,2026-10-10T01:46:35Z
2026,5,2026_05_LV_NE,2026-10-11T17:00:00+00:00,00-0041314,Tanner Arkin,player_anytime_td,betrivers,,2200.0,,2026-10-10T01:46:20Z,2026-10-10T01:46:35Z
2026,5,2026_05_LV_NE,2026-10-11T17:00:00+00:00,00-0038563,Tre Tucker,player_anytime_td,betrivers,,270.0,,2026-10-10T01:46:20Z,2026-10-10T01:46:35Z
2026,5,2026_05_LV_NE,2026-10-11T17:00:00+00:00,00-0040734,TreVeyon Henderson,player_anytime_td,betrivers,,125.0,,2026-10-10T01:46:20Z,2026-10-10T01:46:35Z
2026,5,2026_05_LV_NE,2026-10-11T17:00:00+00:00,00-0040122,Ashton Jeanty,player_anytime_td,bovada,,-110.0,,2026-10-10T01:45:55Z,2026-10-10T01:46:35Z
2026,5,2026_05_LV_NE,2026-10-11T17:00:00+00:00,00-0039338,Brock Bowers,player_anytime_td,bovada,,140.0,,2026-10-10T01:45:55Z,2026-10-10T01:46:35Z
2026,5,2026_05_LV_NE,2026-10-11T17:00:00+00:00,00-0038564,Cameron Latu,player_anytime_td,bovada,,1300.0,,2026-10-10T01:45:55Z,2026-10-10T01:46:35Z
2026,5,2026_05_LV_NE,2026-10-11T17:00:00+00:00,00-0035891,Cody White,player_anytime_td,bovada,,500.0,,2026-10-10T01:45:55Z,2026-10-10T01:46:35Z
2026,5,2026_05_LV_NE,2026-10-11T17:00:00+00:00,00-0037304,Connor Heyward,player_anytime_td,bovada,,1200.0,,2026-10-10T01:45:55Z,2026-10-10T01:46:35Z
2026,5,2026_05_LV_NE,2026-10-11T17:00:00+00:00,00-0040556,Corey Kiner,player_anytime_td,bovada,,1200.0,,2026-10-10T01:45:55Z,2026-10-10T01:46:35Z
2026,5,2026_05_LV_NE,2026-10-11T17:00:00+00:00,00-0037093,Dareke Young,player_anytime_td,bovada,,1300.0,,2026-10-10T01:45:55Z,2026-10-10T01:46:35Z
2026,5,2026_05_LV_NE,2026-10-11T17:00:00+00:00,00-0038621,DeMario Douglas,player_anytime_td,bovada,,290.0,,2026-10-10T01:45:55Z,2026-10-10T01:46:35Z
2026,5,2026_05_LV_NE,2026-10-11T17:00:00+00:00,00-0039851,Drake Maye,player_anytime_td,bovada,,380.0,,2026-10-10T01:45:55Z,2026-10-10T01:46:35Z
2026,5,2026_05_LV_NE,2026-10-11T17:00:00+00:00,00-0039407,Dylan Laube,player_anytime_td,bovada,,725.0,,2026-10-10T01:45:55Z,2026-10-10T01:46:35Z
2026,5,2026_05_LV_NE,2026-10-11T17:00:00+00:00,00-0040563,Efton Chism III,player_anytime_td,bovada,,420.0,,2026-10-10T01:45:55Z,2026-10-10T01:46:35Z
2026,5,2026_05_LV_NE,2026-10-11T17:00:00+00:00,00-0041395,Eli Raridon,player_anytime_td,bovada,,500.0,,2026-10-10T01:45:55Z,2026-10-10T01:46:35Z
2026,5,2026_05_LV_NE,2026-10-11T17:00:00+00:00,00-0033090,Hunter Henry,player_anytime_td,bovada,,175.0,,2026-10-10T01:45:55Z,2026-10-10T01:46:35Z
2026,5,2026_05_LV_NE,2026-10-11T17:00:00+00:00,00-0034365,Ian Thomas,player_anytime_td,bovada,,2200.0,,2026-10-10T01:45:55Z,2026-10-10T01:46:35Z
2026,5,2026_05_LV_NE,2026-10-11T17:00:00+00:00,00-0029604,Kirk Cousins,player_anytime_td,bovada,,1900.0,,2026-10-10T01:45:55Z,2026-10-10T01:46:35Z
2026,5,2026_05_LV_NE,2026-10-11T17:00:00+00:00,00-0040131,Kyle Williams,player_anytime_td,bovada,,625.0,,2026-10-10T01:45:55Z,2026-10-10T01:46:35Z
2026,5,2026_05_LV_NE,2026-10-11T17:00:00+00:00,,Las Vegas Raiders D/ST,player_anytime_td,bovada,,600.0,,2026-10-10T01:45:55Z,2026-10-10T01:46:35Z
2026,5,2026_05_LV_NE,2026-10-11T17:00:00+00:00,00-0040894,Malik Benson,player_anytime_td,bovada,,725.0,,2026-10-10T01:45:55Z,2026-10-10T01:46:35Z
2026,5,2026_05_LV_NE,2026-10-11T17:00:00+00:00,00-0039066,Michael Mayer,player_anytime_td,bovada,,380.0,,2026-10-10T01:45:55Z,2026-10-10T01:46:35Z
2026,5,2026_05_LV_NE,2026-10-11T17:00:00+00:00,00-0040878,Mike Washington Jr.,player_anytime_td,bovada,,115.0,,2026-10-10T01:45:55Z,2026-10-10T01:46:35Z
2026,5,2026_05_LV_NE,2026-10-11T17:00:00+00:00,,New England Patriots D/ST,player_anytime_td,bovada,,500.0,,2026-10-10T01:45:55Z,2026-10-10T01:46:35Z
2026,5,2026_05_LV_NE,2026-10-11T17:00:00+00:00,00-0036875,Rhamondre Stevenson,player_anytime_td,bovada,,110.0,,2026-10-10T01:45:55Z,2026-10-10T01:46:35Z
2026,5,2026_05_LV_NE,2026-10-11T17:00:00+00:00,00-0037816,Romeo Doubs,player_anytime_td,bovada,,155.0,,2026-10-10T01:45:55Z,2026-10-10T01:46:35Z
2026,5,2026_05_LV_NE,2026-10-11T17:00:00+00:00,00-0041314,Tanner Arkin,player_anytime_td,bovada,,1400.0,,2026-10-10T01:45:55Z,2026-10-10T01:46:35Z
2026,5,2026_05_LV_NE,2026-10-11T17:00:00+00:00,00-0038563,Tre Tucker,player_anytime_td,bovada,,290.0,,2026-10-10T01:45:55Z,2026-10-10T01:46:35Z
2026,5,2026_05_LV_NE,2026-10-11T17:00:00+00:00,00-0040734,TreVeyon Henderson,player_anytime_td,bovada,,155.0,,2026-10-10T01:45:55Z,2026-10-10T01:46:35Z
2026,5,2026_05_LV_NE,2026-10-11T17:00:00+00:00,00-0040122,Ashton Jeanty,player_anytime_td,draftkings,,-105.0,,2026-10-10T01:45:48Z,2026-10-10T01:46:35Z
2026,5,2026_05_LV_NE,2026-10-11T17:00:00+00:00,00-0039338,Brock Bowers,player_anytime_td,draftkings,,140.0,,2026-10-10T01:45:48Z,2026-10-10T01:46:35Z
2026,5,2026_05_LV_NE,2026-10-11T17:00:00+00:00,00-0038564,Cameron Latu,player_anytime_td,draftkings,,1300.0,,2026-10-10T01:45:48Z,2026-10-10T01:46:35Z
2026,5,2026_05_LV_NE,2026-10-11T17:00:00+00:00,00-0035891,Cody White,player_anytime_td,draftkings,,500.0,,2026-10-10T01:45:48Z,2026-10-10T01:46:35Z
2026,5,2026_05_LV_NE,2026-10-11T17:00:00+00:00,00-0037304,Connor Heyward,player_anytime_td,draftkings,,1200.0,,2026-10-10T01:45:48Z,2026-10-10T01:46:35Z
2026,5,2026_05_LV_NE,2026-10-11T17:00:00+00:00,00-0040556,Corey Kiner,player_anytime_td,draftkings,,1200.0,,2026-10-10T01:45:48Z,2026-10-10T01:46:35Z
2026,5,2026_05_LV_NE,2026-10-11T17:00:00+00:00,00-0037093,Dareke Young,player_anytime_td,draftkings,,1300.0,,2026-10-10T01:45:48Z,2026-10-10T01:46:35Z
2026,5,2026_05_LV_NE,2026-10-11T17:00:00+00:00,00-0038621,DeMario Douglas,player_anytime_td,draftkings,,290.0,,2026-10-10T01:45:48Z,2026-10-10T01:46:35Z
2026,5,2026_05_LV_NE,2026-10-11T17:00:00+00:00,00-0039851,Drake Maye,player_anytime_td,draftkings,,380.0,,2026-10-10T01:45:48Z,2026-10-10T01:46:35Z
2026,5,2026_05_LV_NE,2026-10-11T17:00:00+00:00,00-0039407,Dylan Laube,player_anytime_td,draftkings,,750.0,,2026-10-10T01:45:48Z,2026-10-10T01:46:35Z
2026,5,2026_05_LV_NE,2026-10-11T17:00:00+00:00,00-0040563,Efton Chism III,player_anytime_td,draftkings,,425.0,,2026-10-10T01:45:48Z,2026-10-10T01:46:35Z
2026,5,2026_05_LV_NE,2026-10-11T17:00:00+00:00,00-0041395,Eli Raridon,player_anytime_td,draftkings,,500.0,,2026-10-10T01:45:48Z,2026-10-10T01:46:35Z
2026,5,2026_05_LV_NE,2026-10-11T17:00:00+00:00,00-0033090,Hunter Henry,player_anytime_td,draftkings,,175.0,,2026-10-10T01:45:48Z,2026-10-10T01:46:35Z
2026,5,2026_05_LV_NE,2026-10-11T17:00:00+00:00,00-0034365,Ian Thomas,player_anytime_td,draftkings,,2200.0,,2026-10-10T01:45:48Z,2026-10-10T01:46:35Z
2026,5,2026_05_LV_NE,2026-10-11T17:00:00+00:00,00-0029604,Kirk Cousins,player_anytime_td,draftkings,,1900.0,,2026-10-10T01:45:48Z,2026-10-10T01:46:35Z
2026,5,2026_05_LV_NE,2026-10-11T17:00:00+00:00,00-0040131,Kyle Williams,player_anytime_td,draftkings,,650.0,,2026-10-10T01:45:48Z,2026-10-10T01:46:35Z
2026,5,2026_05_LV_NE,2026-10-11T17:00:00+00:00,,Las Vegas Raiders D/ST,player_anytime_td,draftkings,,600.0,,2026-10-10T01:45:48Z,2026-10-10T01:46:35Z
2026,5,2026_05_LV_NE,2026-10-11T17:00:00+00:00,00-0040894,Malik Benson,player_anytime_td,draftkings,,750.0,,2026-10-10T01:45:48Z,2026-10-10T01:46:35Z
2026,5,2026_05_LV_NE,2026-10-11T17:00:00+00:00,00-0039066,Michael Mayer,player_anytime_td,draftkings,,380.0,,2026-10-10T01:45:48Z,2026-10-10T01:46:35Z
2026,5,2026_05_LV_NE,2026-10-11T17:00:00+00:00,00-0040878,Mike Washington Jr.,player_anytime_td,draftkings,,115.0,,2026-10-10T01:45:48Z,2026-10-10T01:46:35Z
2026,5,2026_05_LV_NE,2026-10-11T17:00:00+00:00,,New England Patriots D/ST,player_anytime_td,draftkings,,500.0,,2026-10-10T01:45:48Z,2026-10-10T01:46:35Z
2026,5,2026_05_LV_NE,2026-10-11T17:00:00+00:00,00-0036875,Rhamondre Stevenson,player_anytime_td,draftkings,,110.0,,2026-10-10T01:45:48Z,2026-10-10T01:46:35Z
2026,5,2026_05_LV_NE,2026-10-11T17:00:00+00:00,00-0037816,Romeo Doubs,player_anytime_td,draftkings,,155.0,,2026-10-10T01:45:48Z,2026-10-10T01:46:35Z
2026,5,2026_05_LV_NE,2026-10-11T17:00:00+00:00,00-0041314,Tanner Arkin,player_anytime_td,draftkings,,1400.0,,2026-10-10T01:45:48Z,2026-10-10T01:46:35Z
2026,5,2026_05_LV_NE,2026-10-11T17:00:00+00:00,00-0038563,Tre Tucker,player_anytime_td,draftkings,,290.0,,2026-10-10T01:45:48Z,2026-10-10T01:46:35Z
2026,5,2026_05_LV_NE,2026-10-11T17:00:00+00:00,00-0040734,TreVeyon Henderson,player_anytime_td,draftkings,,155.0,,2026-10-10T01:45:48Z,2026-10-10T01:46:35Z
2026,5,2026_05_LV_NE,2026-10-11T17:00:00+00:00,00-0040122,Ashton Jeanty,player_anytime_td,fanduel,,100.0,,2026-10-10T01:45:53Z,2026-10-10T01:46:35Z
2026,5,2026_05_LV_NE,2026-10-11T17:00:00+00:00,00-0039338,Brock Bowers,player_anytime_td,fanduel,,130.0,,2026-10-10T01:45:53Z,2026-10-10T01:46:35Z
2026,5,2026_05_LV_NE,2026-10-11T17:00:00+00:00,00-0038564,Cameron Latu,player_anytime_td,fanduel,,1500.0,,2026-10-10T01:45:53Z,2026-10-10T01:46:35Z
2026,5,2026_05_LV_NE,2026-10-11T17:00:00+00:00,00-0035891,Cody White,player_anytime_td,fanduel,,480.0,,2026-10-10T01:45:53Z,2026-10-10T01:46:35Z
2026,5,2026_05_LV_NE,2026-10-11T17:00:00+00:00,00-0037304,Connor Heyward,player_anytime_td,fanduel,,1200.0,,2026-10-10T01:45:53Z,2026-10-10T01:46:35Z
2026,5,2026_05_LV_NE,2026-10-11T17:00:00+00:00,00-0040556,Corey Kiner,player_anytime_td,fanduel,,1300.0,,2026-10-10T01:45:53Z,2026-10-10T01:46:35Z
2026,5,2026_05_LV_NE,2026-10-11T17:00:00+00:00,00-0037093,Dareke Young,player_anytime_td,fanduel,,2000.0,,2026-10-10T01:45:53Z,2026-10-10T01:46:35Z
2026,5,2026_05_LV_NE,2026-10-11T17:00:00+00:00,00-0038621,DeMario Douglas,player_anytime_td,fanduel,,320.0,,2026-10-10T01:45:53Z,2026-10-10T01:46:35Z
2026,5,2026_05_LV_NE,2026-10-11T17:00:00+00:00,00-0039851,Drake Maye,player_anytime_td,fanduel,,370.0,,2026-10-10T01:45:53Z,2026-10-10T01:46:35Z
2026,5,2026_05_LV_NE,2026-10-11T17:00:00+00:00,00-0039407,Dylan Laube,player_anytime_td,fanduel,,650.0,,2026-10-10T01:45:53Z,2026-10-10T01:46:35Z
2026,5,2026_05_LV_NE,2026-10-11T17:00:00+00:00,00-0040563,Efton Chism III,player_anytime_td,fanduel,,500.0,,2026-10-10T01:45:53Z,2026-10-10T01:46:35Z
2026,5,2026_05_LV_NE,2026-10-11T17:00:00+00:00,00-0041395,Eli Raridon,player_anytime_td,fanduel,,500.0,,2026-10-10T01:45:53Z,2026-10-10T01:46:35Z
2026,5,2026_05_LV_NE,2026-10-11T17:00:00+00:00,00-0033090,Hunter Henry,player_anytime_td,fanduel,,175.0,,2026-10-10T01:45:53Z,2026-10-10T01:46:35Z
2026,5,2026_05_LV_NE,2026-10-11T17:00:00+00:00,00-0034365,Ian Thomas,player_anytime_td,fanduel,,2200.0,,2026-10-10T01:45:53Z,2026-10-10T01:46:35Z
2026,5,2026_05_LV_NE,2026-10-11T17:00:00+00:00,00-0029604,Kirk Cousins,player_anytime_td,fanduel,,2000.0,,2026-10-10T01:45:53Z,2026-10-10T01:46:35Z
2026,5,2026_05_LV_NE,2026-10-11T17:00:00+00:00,00-0040131,Kyle Williams,player_anytime_td,fanduel,,650.0,,2026-10-10T01:45:53Z,2026-10-10T01:46:35Z
2026,5,2026_05_LV_NE,2026-10-11T17:00:00+00:00,,Las Vegas Raiders Defense,player_anytime_td,fanduel,,700.0,,2026-10-10T01:45:53Z,2026-10-10T01:46:35Z
2026,5,2026_05_LV_NE,2026-10-11T17:00:00+00:00,00-0040894,Malik Benson,player_anytime_td,fanduel,,750.0,,2026-10-10T01:45:53Z,2026-10-10T01:46:35Z
2026,5,2026_05_LV_NE,2026-10-11T17:00:00+00:00,00-0039066,Michael Mayer,player_anytime_td,fanduel,,360.0,,2026-10-10T01:45:53Z,2026-10-10T01:46:35Z
2026,5,2026_05_LV_NE,2026-10-11T17:00:00+00:00,00-0040878,Mike Washington Jr.,player_anytime_td,fanduel,,100.0,,2026-10-10T01:45:53Z,2026-10-10T01:46:35Z
2026,5,2026_05_LV_NE,2026-10-11T17:00:00+00:00,,New England Patriots Defense,player_anytime_td,fanduel,,600.0,,2026-10-10T01:45:53Z,2026-10-10T01:46:35Z
2026,5,2026_05_LV_NE,2026-10-11T17:00:00+00:00,00-0036875,Rhamondre Stevenson,player_anytime_td,fanduel,,110.0,,2026-10-10T01:45:53Z,2026-10-10T01:46:35Z
2026,5,2026_05_LV_NE,2026-10-11T17:00:00+00:00,00-0037816,Romeo Doubs,player_anytime_td,fanduel,,165.0,,2026-10-10T01:45:53Z,2026-10-10T01:46:35Z
2026,5,2026_05_LV_NE,2026-10-11T17:00:00+00:00,00-0041314,Tanner Arkin,player_anytime_td,fanduel,,1500.0,,2026-10-10T01:45:53Z,2026-10-10T01:46:35Z
2026,5,2026_05_LV_NE,2026-10-11T17:00:00+00:00,00-0038563,Tre Tucker,player_anytime_td,fanduel,,310.0,,2026-10-10T01:45:53Z,2026-10-10T01:46:35Z
2026,5,2026_05_LV_NE,2026-10-11T17:00:00+00:00,00-0040734,TreVeyon Henderson,player_anytime_td,fanduel,,155.0,,2026-10-10T01:45:53Z,2026-10-10T01:46:35Z
2026,5,2026_05_LV_NE,2026-10-11T17:00:00+00:00,00-0039851,Drake Maye,player_pass_tds,betmgm,1.5,-105.0,-125.0,2026-10-10T01:46:20Z,2026-10-10T01:46:35Z
2026,5,2026_05_LV_NE,2026-10-11T17:00:00+00:00,00-0029604,Kirk Cousins,player_pass_tds,betmgm,1.5,115.0,-155.0,2026-10-10T01:46:20Z,2026-10-10T01:46:35Z
2026,5,2026_05_LV_NE,2026-10-11T17:00:00+00:00,00-0039851,Drake Maye,player_pass_tds,betonlineag,1.5,-122.0,-106.0,2026-10-10T01:45:48Z,2026-10-10T01:46:35Z
2026,5,2026_05_LV_NE,2026-10-11T17:00:00+00:00,00-0029604,Kirk Cousins,player_pass_tds,betonlineag,1.5,117.0,-152.0,2026-10-10T01:45:48Z,2026-10-10T01:46:35Z
2026,5,2026_05_LV_NE,2026-10-11T17:00:00+00:00,00-0039851,Drake Maye,player_pass_tds,betrivers,1.5,-115.0,-115.0,2026-10-10T01:46:20Z,2026-10-10T01:46:35Z
2026,5,2026_05_LV_NE,2026-10-11T17:00:00+00:00,00-0029604,Kirk Cousins,player_pass_tds,betrivers,1.5,125.0,-167.0,2026-10-10T01:46:20Z,2026-10-10T01:46:35Z
2026,5,2026_05_LV_NE,2026-10-11T17:00:00+00:00,00-0039851,Drake Maye,player_pass_tds,bovada,1.5,-125.0,-105.0,2026-10-10T01:45:55Z,2026-10-10T01:46:35Z
2026,5,2026_05_LV_NE,2026-10-11T17:00:00+00:00,00-0029604,Kirk Cousins,player_pass_tds,bovada,1.5,115.0,-150.0,2026-10-10T01:45:55Z,2026-10-10T01:46:35Z
2026,5,2026_05_LV_NE,2026-10-11T17:00:00+00:00,00-0039851,Drake Maye,player_pass_tds,draftkings,1.5,-124.0,-103.0,2026-10-10T01:45:48Z,2026-10-10T01:46:35Z
2026,5,2026_05_LV_NE,2026-10-11T17:00:00+00:00,00-0029604,Kirk Cousins,player_pass_tds,draftkings,1.5,114.0,-146.0,2026-10-10T01:45:48Z,2026-10-10T01:46:35Z
2026,5,2026_05_LV_NE,2026-10-11T17:00:00+00:00,00-0039851,Drake Maye,player_pass_tds,fanduel,1.5,-130.0,-102.0,2026-10-10T01:45:53Z,2026-10-10T01:46:35Z
2026,5,2026_05_LV_NE,2026-10-11T17:00:00+00:00,00-0029604,Kirk Cousins,player_pass_tds,fanduel,1.5,114.0,-152.0,2026-10-10T01:45:53Z,2026-10-10T01:46:35Z
2026,5,2026_05_LV_NE,2026-10-11T17:00:00+00:00,00-0039851,Drake Maye,player_pass_yds,betmgm,229.5,-115.0,-115.0,2026-10-10T01:46:20Z,2026-10-10T01:46:35Z
2026,5,2026_05_LV_NE,2026-10-11T17:00:00+00:00,00-0029604,Kirk Cousins,player_pass_yds,betmgm,231.5,-115.0,-115.0,2026-10-10T01:46:20Z,2026-10-10T01:46:35Z
2026,5,2026_05_LV_NE,2026-10-11T17:00:00+00:00,00-0039851,Drake Maye,player_pass_yds,betonlineag,229.5,-112.0,-115.0,2026-10-10T01:45:48Z,2026-10-10T01:46:35Z
2026,5,2026_05_LV_NE,2026-10-11T17:00:00+00:00,00-0029604,Kirk Cousins,player_pass_yds,betonlineag,227.5,-114.0,-114.0,2026-10-10T01:45:48Z,2026-10-10T01:46:35Z
2026,5,2026_05_LV_NE,2026-10-11T17:00:00+00:00,00-0039851,Drake Maye,player_pass_yds,betrivers,228.5,-117.0,-114.0,2026-10-10T01:46:20Z,2026-10-10T01:46:35Z
2026,5,2026_05_LV_NE,2026-10-11T17:00:00+00:00,00-0029604,Kirk Cousins,player_pass_yds,betrivers,233.5,-117.0,-114.0,2026-10-10T01:46:20Z,2026-10-10T01:46:35Z
2026,5,2026_05_LV_NE,2026-10-11T17:00:00+00:00,00-0039851,Drake Maye,player_pass_yds,bovada,226.5,-115.0,-115.0,2026-10-10T01:45:55Z,2026-10-10T01:46:35Z
2026,5,2026_05_LV_NE,2026-10-11T17:00:00+00:00,00-0029604,Kirk Cousins,player_pass_yds,bovada,229.5,-115.0,-115.0,2026-10-10T01:45:55Z,2026-10-10T01:46:35Z
2026,5,2026_05_LV_NE,2026-10-11T17:00:00+00:00,00-0039851,Drake Maye,player_pass_yds,draftkings,226.5,-112.0,-112.0,2026-10-10T01:45:48Z,2026-10-10T01:46:35Z
2026,5,2026_05_LV_NE,2026-10-11T17:00:00+00:00,00-0029604,Kirk Cousins,player_pass_yds,draftkings,229.5,-113.0,-111.0,2026-10-10T01:45:48Z,2026-10-10T01:46:35Z
2026,5,2026_05_LV_NE,2026-10-11T17:00:00+00:00,00-0039851,Drake Maye,player_pass_yds,fanduel,226.5,-114.0,-114.0,2026-10-10T01:45:53Z,2026-10-10T01:46:35Z
2026,5,2026_05_LV_NE,2026-10-11T17:00:00+00:00,00-0029604,Kirk Cousins,player_pass_yds,fanduel,234.5,-114.0,-114.0,2026-10-10T01:45:53Z,2026-10-10T01:46:35Z
2026,5,2026_05_LV_NE,2026-10-11T17:00:00+00:00,00-0039338,Brock Bowers,player_reception_yds,betmgm,72.5,-115.0,-115.0,2026-10-10T01:46:20Z,2026-10-10T01:46:35Z
2026,5,2026_05_LV_NE,2026-10-11T17:00:00+00:00,00-0035891,Cody White,player_reception_yds,betmgm,19.5,-111.0,-118.0,2026-10-10T01:46:20Z,2026-10-10T01:46:35Z
2026,5,2026_05_LV_NE,2026-10-11T17:00:00+00:00,00-0038621,DeMario Douglas,player_reception_yds,betmgm,26.5,-115.0,-115.0,2026-10-10T01:46:20Z,2026-10-10T01:46:35Z
2026,5,2026_05_LV_NE,2026-10-11T17:00:00+00:00,00-0040563,Efton Chism III,player_reception_yds,betmgm,25.5,-111.0,-120.0,2026-10-10T01:46:20Z,2026-10-10T01:46:35Z
2026,5,2026_05_LV_NE,2026-10-11T17:00:00+00:00,00-0041395,Eli Raridon,player_reception_yds,betmgm,11.5,-120.0,-110.0,2026-10-10T01:46:20Z,2026-10-10T01:46:35Z
2026,5,2026_05_LV_NE,2026-10-11T17:00:00+00:00,00-0033090,Hunter Henry,player_reception_yds,betmgm,36.5,-115.0,-115.0,2026-10-10T01:46:20Z,2026-10-10T01:46:35Z
2026,5,2026_05_LV_NE,2026-10-11T17:00:00+00:00,00-0039066,Michael Mayer,player_reception_yds,betmgm,29.5,-115.0,-115.0,2026-10-10T01:46:20Z,2026-10-10T01:46:35Z
2026,5,2026_05_LV_NE,2026-10-11T17:00:00+00:00,00-0036875,Rhamondre Stevenson,player_reception_yds,betmgm,19.5,105.0,-140.0,2026-10-10T01:46:20Z,2026-10-10T01:46:35Z
2026,5,2026_05_LV_NE,2026-10-11T17:00:00+00:00,00-0037816,Romeo Doubs,player_reception_yds,betmgm,49.5,-115.0,-115.0,2026-10-10T01:46:20Z,2026-10-10T01:46:35Z
2026,5,2026_05_LV_NE,2026-10-11T17:00:00+00:00,00-0038563,Tre Tucker,player_reception_yds,betmgm,41.5,-115.0,-115.0,2026-10-10T01:46:20Z,2026-10-10T01:46:35Z
2026,5,2026_05_LV_NE,2026-10-11T17:00:00+00:00,00-0039338,Brock Bowers,player_reception_yds,betonlineag,73.5,-114.0,,2026-10-10T01:45:48Z,2026-10-10T01:46:35Z
2026,5,2026_05_LV_NE,2026-10-11T17:00:00+00:00,00-0035891,Cody White,player_reception_yds,betonlineag,19.5,-115.0,-112.0,2026-10-10T01:45:48Z,2026-10-10T01:46:35Z
2026,5,2026_05_LV_NE,2026-10-11T17:00:00+00:00,00-0038621,DeMario Douglas,player_reception_yds,betonlineag,25.5,-114.0,-114.0,2026-10-10T01:45:48Z,2026-10-10T01:46:35Z
2026,5,2026_05_LV_NE,2026-10-11T17:00:00+00:00,00-0040563,Efton Chism III,player_reception_yds,betonlineag,25.5,-114.0,-114.0,2026-10-10T01:45:48Z,2026-10-10T01:46:35Z
2026,5,2026_05_LV_NE,2026-10-11T17:00:00+00:00,00-0041395,Eli Raridon,player_reception_yds,betonlineag,10.5,-114.0,-114.0,2026-10-10T01:45:48Z,2026-10-10T01:46:35Z
2026,5,2026_05_LV_NE,2026-10-11T17:00:00+00:00,00-0033090,Hunter Henry,player_reception_yds,betonlineag,37.5,-114.0,-114.0,2026-10-10T01:45:48Z,2026-10-10T01:46:35Z
2026,5,2026_05_LV_NE,2026-10-11T17:00:00+00:00,00-0039066,Michael Mayer,player_reception_yds,betonlineag,28.5,-118.0,-110.0,2026-10-10T01:45:48Z,2026-10-10T01:46:35Z
2026,5,2026_05_LV_NE,2026-10-11T17:00:00+00:00,00-0036875,Rhamondre Stevenson,player_reception_yds,betonlineag,19.5,-103.0,-125.0,2026-10-10T01:45:48Z,2026-10-10T01:46:35Z
2026,5,2026_05_LV_NE,2026-10-11T17:00:00+00:00,00-0037816,Romeo Doubs,player_reception_yds,betonlineag,51.5,-109.0,-119.0,2026-10-10T01:45:48Z,2026-10-10T01:46:35Z
2026,5,2026_05_LV_NE,2026-10-11T17:00:00+00:00,00-0038563,Tre Tucker,player_reception_yds,betonlineag,40.5,-116.0,-111.0,2026-10-10T01:45:48Z,2026-10-10T01:46:35Z
2026,5,2026_05_LV_NE,2026-10-11T17:00:00+00:00,00-0039338,Brock Bowers,player_reception_yds,betrivers,73.5,-113.0,-118.0,2026-10-10T01:46:20Z,2026-10-10T01:46:35Z
2026,5,2026_05_LV_NE,2026-10-11T17:00:00+00:00,00-0035891,Cody White,player_reception_yds,betrivers,18.5,-112.0,-120.0,2026-10-10T01:46:20Z,2026-10-10T01:46:35Z
2026,5,2026_05_LV_NE,2026-10-11T17:00:00+00:00,00-0038621,DeMario Douglas,player_reception_yds,betrivers,27.5,-112.0,-120.0,2026-10-10T01:46:20Z,2026-10-10T01:46:35Z
2026,5,2026_05_LV_NE,2026-10-11T17:00:00+00:00,00-0040563,Efton Chism III,player_reception_yds,betrivers,24.5,-115.0,-115.0,2026-10-10T01:46:20Z,2026-10-10T01:46:35Z
2026,5,2026_05_LV_NE,2026-10-11T17:00:00+00:00,00-0041395,Eli Raridon,player_reception_yds,betrivers,9.5,-114.0,-117.0,2026-10-10T01:46:20Z,2026-10-10T01:46:35Z
2026,5,2026_05_LV_NE,2026-10-11T17:00:00+00:00,00-0033090,Hunter Henry,player_reception_yds,betrivers,38.5,-115.0,-115.0,2026-10-10T01:46:20Z,2026-10-10T01:46:35Z
2026,5,2026_05_LV_NE,2026-10-11T17:00:00+00:00,00-0039066,Michael Mayer,player_reception_yds,betrivers,30.5,-112.0,-120.0,2026-10-10T01:46:20Z,2026-10-10T01:46:35Z
2026,5,2026_05_LV_NE,2026-10-11T17:00:00+00:00,00-0037816,Romeo Doubs,player_reception_yds,betrivers,50.5,-113.0,-118.0,2026-10-10T01:46:20Z,2026-10-10T01:46:35Z
2026,5,2026_05_LV_NE,2026-10-11T17:00:00+00:00,00-0038563,Tre Tucker,player_reception_yds,betrivers,40.5,-114.0,-117.0,2026-10-10T01:46:20Z,2026-10-10T01:46:35Z
2026,5,2026_05_LV_NE,2026-10-11T17:00:00+00:00,00-0039338,Brock Bowers,player_reception_yds,bovada,75.5,-115.0,-115.0,2026-10-10T01:45:55Z,2026-10-10T01:46:35Z
2026,5,2026_05_LV_NE,2026-10-11T17:00:00+00:00,00-0035891,Cody White,player_reception_yds,bovada,19.5,-115.0,-115.0,2026-10-10T01:45:55Z,2026-10-10T01:46:35Z
2026,5,2026_05_LV_NE,2026-10-11T17:00:00+00:00,00-0038621,DeMario Douglas,player_reception_yds,bovada,24.5,-115.0,-115.0,2026-10-10T01:45:55Z,2026-10-10T01:46:35Z
2026,5,2026_05_LV_NE,2026-10-11T17:00:00+00:00,00-0040563,Efton Chism III,player_reception_yds,bovada,25.5,-120.0,-110.0,2026-10-10T01:45:55Z,2026-10-10T01:46:35Z
2026,5,2026_05_LV_NE,2026-10-11T17:00:00+00:00,00-0041395,Eli Raridon,player_reception_yds,bovada,9.5,-120.0,-110.0,2026-10-10T01:45:55Z,2026-10-10T01:46:35Z
2026,5,2026_05_LV_NE,2026-10-11T17:00:00+00:00,00-0033090,Hunter Henry,player_reception_yds,bovada,37.5,-115.0,-115.0,2026-10-10T01:45:55Z,2026-10-10T01:46:35Z
2026,5,2026_05_LV_NE,2026-10-11T17:00:00+00:00,00-0039066,Michael Mayer,player_reception_yds,bovada,28.5,-115.0,-115.0,2026-10-10T01:45:55Z,2026-10-10T01:46:35Z
2026,5,2026_05_LV_NE,2026-10-11T17:00:00+00:00,00-0036875,Rhamondre Stevenson,player_reception_yds,bovada,15.5,-115.0,-115.0,2026-10-10T01:45:55Z,2026-10-10T01:46:35Z
2026,5,2026_05_LV_NE,2026-10-11T17:00:00+00:00,00-0037816,Romeo Doubs,player_reception_yds,bovada,50.5,-115.0,-115.0,2026-10-10T01:45:55Z,2026-10-10T01:46:35Z
2026,5,2026_05_LV_NE,2026-10-11T17:00:00+00:00,00-0038563,Tre Tucker,player_reception_yds,bovada,40.5,-120.0,-110.0,2026-10-10T01:45:55Z,2026-10-10T01:46:35Z
2026,5,2026_05_LV_NE,2026-10-11T17:00:00+00:00,00-0039338,Brock Bowers,player_reception_yds,draftkings,75.5,-112.0,-112.0,2026-10-10T01:45:48Z,2026-10-10T01:46:35Z
2026,5,2026_05_LV_NE,2026-10-11T17:00:00+00:00,00-0035891,Cody White,player_reception_yds,draftkings,19.5,-110.0,-114.0,2026-10-10T01:45:48Z,2026-10-10T01:46:35Z
2026,5,2026_05_LV_NE,2026-10-11T17:00:00+00:00,00-0038621,DeMario Douglas,player_reception_yds,draftkings,24.5,-112.0,-112.0,2026-10-10T01:45:48Z,2026-10-10T01:46:35Z
2026,5,2026_05_LV_NE,2026-10-11T17:00:00+00:00,00-0040563,Efton Chism III,player_reception_yds,draftkings,25.5,-115.0,-109.0,2026-10-10T01:45:48Z,2026-10-10T01:46:35Z
2026,5,2026_05_LV_NE,2026-10-11T17:00:00+00:00,00-0041395,Eli Raridon,player_reception_yds,draftkings,9.5,-117.0,-107.0,2026-10-10T01:45:48Z,2026-10-10T01:46:35Z
2026,5,2026_05_LV_NE,2026-10-11T17:00:00+00:00,00-0033090,Hunter Henry,player_reception_yds,draftkings,37.5,-113.0,-111.0,2026-10-10T01:45:48Z,2026-10-10T01:46:35Z
2026,5,2026_05_LV_NE,2026-10-11T17:00:00+00:00,00-0039066,Michael Mayer,player_reception_yds,draftkings,28.5,-114.0,-110.0,2026-10-10T01:45:48Z,2026-10-10T01:46:35Z
2026,5,2026_05_LV_NE,2026-10-11T17:00:00+00:00,00-0036875,Rhamondre Stevenson,player_reception_yds,draftkings,15.5,-113.0,-111.0,2026-10-10T01:45:48Z,2026-10-10T01:46:35Z
2026,5,2026_05_LV_NE,2026-10-11T17:00:00+00:00,00-0037816,Romeo Doubs,player_reception_yds,draftkings,50.5,-113.0,-111.0,2026-10-10T01:45:48Z,2026-10-10T01:46:35Z
2026,5,2026_05_LV_NE,2026-10-11T17:00:00+00:00,00-0038563,Tre Tucker,player_reception_yds,draftkings,40.5,-115.0,-109.0,2026-10-10T01:45:48Z,2026-10-10T01:46:35Z
2026,5,2026_05_LV_NE,2026-10-11T17:00:00+00:00,00-0039338,Brock Bowers,player_reception_yds,fanduel,73.5,-114.0,-114.0,2026-10-10T01:45:53Z,2026-10-10T01:46:35Z
2026,5,2026_05_LV_NE,2026-10-11T17:00:00+00:00,00-0035891,Cody White,player_reception_yds,fanduel,18.5,-114.0,-114.0,2026-10-10T01:45:53Z,2026-10-10T01:46:35Z
2026,5,2026_05_LV_NE,2026-10-11T17:00:00+00:00,00-0038621,DeMario Douglas,player_reception_yds,fanduel,25.5,-114.0,-114.0,2026-10-10T01:45:53Z,2026-10-10T01:46:35Z
2026,5,2026_05_LV_NE,2026-10-11T17:00:00+00:00,00-0040563,Efton Chism III,player_reception_yds,fanduel,23.5,-114.0,-114.0,2026-10-10T01:45:53Z,2026-10-10T01:46:35Z
2026,5,2026_05_LV_NE,2026-10-11T17:00:00+00:00,00-0041395,Eli Raridon,player_reception_yds,fanduel,9.5,-114.0,-114.0,2026-10-10T01:45:53Z,2026-10-10T01:46:35Z
2026,5,2026_05_LV_NE,2026-10-11T17:00:00+00:00,00-0033090,Hunter Henry,player_reception_yds,fanduel,37.5,-114.0,-114.0,2026-10-10T01:45:53Z,2026-10-10T01:46:35Z
2026,5,2026_05_LV_NE,2026-10-11T17:00:00+00:00,00-0039066,Michael Mayer,player_reception_yds,fanduel,28.5,-114.0,-114.0,2026-10-10T01:45:53Z,2026-10-10T01:46:35Z
2026,5,2026_05_LV_NE,2026-10-11T17:00:00+00:00,00-0036875,Rhamondre Stevenson,player_reception_yds,fanduel,15.5,-114.0,-114.0,2026-10-10T01:45:53Z,2026-10-10T01:46:35Z
2026,5,2026_05_LV_NE,2026-10-11T17:00:00+00:00,00-0037816,Romeo Doubs,player_reception_yds,fanduel,51.5,-114.0,-114.0,2026-10-10T01:45:53Z,2026-10-10T01:46:35Z
2026,5,2026_05_LV_NE,2026-10-11T17:00:00+00:00,00-0038563,Tre Tucker,player_reception_yds,fanduel,40.5,-114.0,-114.0,2026-10-10T01:45:53Z,2026-10-10T01:46:35Z
2026,5,2026_05_LV_NE,2026-10-11T17:00:00+00:00,00-0039338,Brock Bowers,player_receptions,betmgm,6.5,-115.0,-115.0,2026-10-10T01:46:20Z,2026-10-10T01:46:35Z
2026,5,2026_05_LV_NE,2026-10-11T17:00:00+00:00,00-0035891,Cody White,player_receptions,betmgm,1.5,-140.0,105.0,2026-10-10T01:46:20Z,2026-10-10T01:46:35Z
2026,5,2026_05_LV_NE,2026-10-11T17:00:00+00:00,00-0038621,DeMario Douglas,player_receptions,betmgm,2.5,-111.0,-120.0,2026-10-10T01:46:20Z,2026-10-10T01:46:35Z
2026,5,2026_05_LV_NE,2026-10-11T17:00:00+00:00,00-0040563,Efton Chism III,player_receptions,betmgm,2.5,145.0,-200.0,2026-10-10T01:46:20Z,2026-10-10T01:46:35Z
2026,5,2026_05_LV_NE,2026-10-11T17:00:00+00:00,00-0041395,Eli Raridon,player_receptions,betmgm,1.5,115.0,-155.0,2026-10-10T01:46:20Z,2026-10-10T01:46:35Z
2026,5,2026_05_LV_NE,2026-10-11T17:00:00+00:00,00-0033090,Hunter Henry,player_receptions,betmgm,3.5,-118.0,-111.0,2026-10-10T01:46:20Z,2026-10-10T01:46:35Z
2026,5,2026_05_LV_NE,2026-10-11T17:00:00+00:00,00-0034365,Ian Thomas,player_receptions,betmgm,0.5,115.0,-155.0,2026-10-10T01:46:20Z,2026-10-10T01:46:35Z
2026,5,2026_05_LV_NE,2026-10-11T17:00:00+00:00,00-0039066,Michael Mayer,player_receptions,betmgm,3.5,105.0,-145.0,2026-10-10T01:46:20Z,2026-10-10T01:46:35Z
2026,5,2026_05_LV_NE,2026-10-11T17:00:00+00:00,00-0036875,Rhamondre Stevenson,player_receptions,betmgm,2.5,-150.0,110.0,2026-10-10T01:46:20Z,2026-10-10T01:46:35Z
2026,5,2026_05_LV_NE,2026-10-11T17:00:00+00:00,00-0037816,Romeo Doubs,player_receptions,betmgm,3.5,-155.0,115.0,2026-10-10T01:46:20Z,2026-10-10T01:46:35Z
2026,5,2026_05_LV_NE,2026-10-11T17:00:00+00:00,00-0038563,Tre Tucker,player_receptions,betmgm,3.5,105.0,-140.0,2026-10-10T01:46:20Z,2026-10-10T01:46:35Z
2026,5,2026_05_LV_NE,2026-10-11T17:00:00+00:00,00-0039338,Brock Bowers,player_receptions,betonlineag,6.5,-106.0,-122.0,2026-10-10T01:45:48Z,2026-10-10T01:46:35Z
2026,5,2026_05_LV_NE,2026-10-11T17:00:00+00:00,00-0035891,Cody White,player_receptions,betonlineag,1.5,-154.0,118.0,2026-10-10T01:45:48Z,2026-10-10T01:46:35Z
2026,5,2026_05_LV_NE,2026-10-11T17:00:00+00:00,00-0038621,DeMario Douglas,player_receptions,betonlineag,2.5,-118.0,-110.0,2026-10-10T01:45:48Z,2026-10-10T01:46:35Z
2026,5,2026_05_LV_NE,2026-10-11T17:00:00+00:00,00-0040563,Efton Chism III,player_receptions,betonlineag,2.5,139.0,-182.0,2026-10-10T01:45:48Z,2026-10-10T01:46:35Z
2026,5,2026_05_LV_NE,2026-10-11T17:00:00+00:00,00-0041395,Eli Raridon,player_receptions,betonlineag,1.5,132.0,-172.0,2026-10-10T01:45:48Z,2026-10-10T01:46:35Z
2026,5,2026_05_LV_NE,2026-10-11T17:00:00+00:00,00-0033090,Hunter Henry,player_receptions,betonlineag,3.5,-108.0,-120.0,2026-10-10T01:45:48Z,2026-10-10T01:46:35Z
2026,5,2026_05_LV_NE,2026-10-11T17:00:00+00:00,00-0039066,Michael Mayer,player_receptions,betonlineag,3.5,-108.0,-120.0,2026-10-10T01:45:48Z,2026-10-10T01:46:35Z
2026,5,2026_05_LV_NE,2026-10-11T17:00:00+00:00,00-0036875,Rhamondre Stevenson,player_receptions,betonlineag,2.5,-139.0,107.0,2026-10-10T01:45:48Z,2026-10-10T01:46:35Z
2026,5,2026_05_LV_NE,2026-10-11T17:00:00+00:00,00-0037816,Romeo Doubs,player_receptions,betonlineag,3.5,-154.0,119.0,2026-10-10T01:45:48Z,2026-10-10T01:46:35Z
2026,5,2026_05_LV_NE,2026-10-11T17:00:00+00:00,00-0038563,Tre Tucker,player_receptions,betonlineag,3.5,-101.0,-128.0,2026-10-10T01:45:48Z,2026-10-10T01:46:35Z
2026,5,2026_05_LV_NE,2026-10-11T17:00:00+00:00,00-0039338,Brock Bowers,player_receptions,betrivers,6.5,-122.0,,2026-10-10T01:46:20Z,2026-10-10T01:46:35Z
2026,5,2026_05_LV_NE,2026-10-11T17:00:00+00:00,00-0035891,Cody White,player_receptions,betrivers,1.5,-137.0,,2026-10-10T01:46:20Z,2026-10-10T01:46:35Z
2026,5,2026_05_LV_NE,2026-10-11T17:00:00+00:00,00-0038621,DeMario Douglas,player_receptions,betrivers,2.5,-124.0,,2026-10-10T01:46:20Z,2026-10-10T01:46:35Z
2026,5,2026_05_LV_NE,2026-10-11T17:00:00+00:00,00-0040563,Efton Chism III,player_receptions,betrivers,1.5,-177.0,,2026-10-10T01:46:20Z,2026-10-10T01:46:35Z
2026,5,2026_05_LV_NE,2026-10-11T17:00:00+00:00,00-0041395,Eli Raridon,player_receptions,betrivers,1.5,150.0,,2026-10-10T01:46:20Z,2026-10-10T01:46:35Z
2026,5,2026_05_LV_NE,2026-10-11T17:00:00+00:00,00-0033090,Hunter Henry,player_receptions,betrivers,3.5,-139.0,,2026-10-10T01:46:20Z,2026-10-10T01:46:35Z
2026,5,2026_05_LV_NE,2026-10-11T17:00:00+00:00,00-0039066,Michael Mayer,player_receptions,betrivers,3.5,-114.0,,2026-10-10T01:46:20Z,2026-10-10T01:46:35Z
2026,5,2026_05_LV_NE,2026-10-11T17:00:00+00:00,00-0037816,Romeo Doubs,player_receptions,betrivers,3.5,-150.0,,2026-10-10T01:46:20Z,2026-10-10T01:46:35Z
2026,5,2026_05_LV_NE,2026-10-11T17:00:00+00:00,00-0038563,Tre Tucker,player_receptions,betrivers,3.5,102.0,,2026-10-10T01:46:20Z,2026-10-10T01:46:35Z
2026,5,2026_05_LV_NE,2026-10-11T17:00:00+00:00,00-0039338,Brock Bowers,player_receptions,bovada,6.5,-120.0,-110.0,2026-10-10T01:45:55Z,2026-10-10T01:46:35Z
2026,5,2026_05_LV_NE,2026-10-11T17:00:00+00:00,00-0035891,Cody White,player_receptions,bovada,1.5,-160.0,120.0,2026-10-10T01:45:55Z,2026-10-10T01:46:35Z
2026,5,2026_05_LV_NE,2026-10-11T17:00:00+00:00,00-0038621,DeMario Douglas,player_receptions,bovada,2.5,-105.0,-125.0,2026-10-10T01:45:55Z,2026-10-10T01:46:35Z
2026,5,2026_05_LV_NE,2026-10-11T17:00:00+00:00,00-0040563,Efton Chism III,player_receptions,bovada,1.5,-180.0,135.0,2026-10-10T01:45:55Z,2026-10-10T01:46:35Z
2026,5,2026_05_LV_NE,2026-10-11T17:00:00+00:00,00-0041395,Eli Raridon,player_receptions,bovada,1.5,140.0,-185.0,2026-10-10T01:45:55Z,2026-10-10T01:46:35Z
2026,5,2026_05_LV_NE,2026-10-11T17:00:00+00:00,00-0033090,Hunter Henry,player_receptions,bovada,3.5,-120.0,-110.0,2026-10-10T01:45:55Z,2026-10-10T01:46:35Z
2026,5,2026_05_LV_NE,2026-10-11T17:00:00+00:00,00-0039066,Michael Mayer,player_receptions,bovada,3.5,-110.0,-120.0,2026-10-10T01:45:55Z,2026-10-10T01:46:35Z
2026,5,2026_05_LV_NE,2026-10-11T17:00:00+00:00,00-0036875,Rhamondre Stevenson,player_receptions,bovada,2.5,-130.0,100.0,2026-10-10T01:45:55Z,2026-10-10T01:46:35Z
2026,5,2026_05_LV_NE,2026-10-11T17:00:00+00:00,00-0037816,Romeo Doubs,player_receptions,bovada,3.5,-165.0,125.0,2026-10-10T01:45:55Z,2026-10-10T01:46:35Z
2026,5,2026_05_LV_NE,2026-10-11T17:00:00+00:00,00-0038563,Tre Tucker,player_receptions,bovada,3.5,100.0,-130.0,2026-10-10T01:45:55Z,2026-10-10T01:46:35Z
2026,5,2026_05_LV_NE,2026-10-11T17:00:00+00:00,00-0039338,Brock Bowers,player_receptions,draftkings,6.5,-123.0,-104.0,2026-10-10T01:45:48Z,2026-10-10T01:46:35Z
2026,5,2026_05_LV_NE,2026-10-11T17:00:00+00:00,00-0035891,Cody White,player_receptions,draftkings,1.5,-156.0,122.0,2026-10-10T01:45:48Z,2026-10-10T01:46:35Z
2026,5,2026_05_LV_NE,2026-10-11T17:00:00+00:00,00-0038621,DeMario Douglas,player_receptions,draftkings,2.5,-120.0,-106.0,2026-10-10T01:45:48Z,2026-10-10T01:46:35Z
2026,5,2026_05_LV_NE,2026-10-11T17:00:00+00:00,00-0040563,Efton Chism III,player_receptions,draftkings,1.5,-173.0,135.0,2026-10-10T01:45:48Z,2026-10-10T01:46:35Z
2026,5,2026_05_LV_NE,2026-10-11T17:00:00+00:00,00-0041395,Eli Raridon,player_receptions,draftkings,1.5,140.0,-180.0,2026-10-10T01:45:48Z,2026-10-10T01:46:35Z
2026,5,2026_05_LV_NE,2026-10-11T17:00:00+00:00,00-0033090,Hunter Henry,player_receptions,draftkings,3.5,-116.0,-110.0,2026-10-10T01:45:48Z,2026-10-10T01:46:35Z
2026,5,2026_05_LV_NE,2026-10-11T17:00:00+00:00,00-0039066,Michael Mayer,player_receptions,draftkings,3.5,-107.0,-119.0,2026-10-10T01:45:48Z,2026-10-10T01:46:35Z
2026,5,2026_05_LV_NE,2026-10-11T17:00:00+00:00,00-0036875,Rhamondre Stevenson,player_receptions,draftkings,2.5,-127.0,-101.0,2026-10-10T01:45:48Z,2026-10-10T01:46:35Z
2026,5,2026_05_LV_NE,2026-10-11T17:00:00+00:00,00-0037816,Romeo Doubs,player_receptions,draftkings,3.5,-160.0,125.0,2026-10-10T01:45:48Z,2026-10-10T01:46:35Z
2026,5,2026_05_LV_NE,2026-10-11T17:00:00+00:00,00-0038563,Tre Tucker,player_receptions,draftkings,3.5,-103.0,-124.0,2026-10-10T01:45:48Z,2026-10-10T01:46:35Z
2026,5,2026_05_LV_NE,2026-10-11T17:00:00+00:00,00-0039338,Brock Bowers,player_receptions,fanduel,6.5,-132.0,100.0,2026-10-10T01:45:53Z,2026-10-10T01:46:35Z
2026,5,2026_05_LV_NE,2026-10-11T17:00:00+00:00,00-0035891,Cody White,player_receptions,fanduel,1.5,-148.0,112.0,2026-10-10T01:45:53Z,2026-10-10T01:46:35Z
2026,5,2026_05_LV_NE,2026-10-11T17:00:00+00:00,00-0038621,DeMario Douglas,player_receptions,fanduel,2.5,-122.0,-106.0,2026-10-10T01:45:53Z,2026-10-10T01:46:35Z
2026,5,2026_05_LV_NE,2026-10-11T17:00:00+00:00,00-0040563,Efton Chism III,player_receptions,fanduel,1.5,-172.0,128.0,2026-10-10T01:45:53Z,2026-10-10T01:46:35Z
2026,5,2026_05_LV_NE,2026-10-11T17:00:00+00:00,00-0041395,Eli Raridon,player_receptions,fanduel,1.5,144.0,-194.0,2026-10-10T01:45:53Z,2026-10-10T01:46:35Z
2026,5,2026_05_LV_NE,2026-10-11T17:00:00+00:00,00-0033090,Hunter Henry,player_receptions,fanduel,3.5,-132.0,100.0,2026-10-10T01:45:53Z,2026-10-10T01:46:35Z
2026,5,2026_05_LV_NE,2026-10-11T17:00:00+00:00,00-0039066,Michael Mayer,player_receptions,fanduel,3.5,-114.0,-114.0,2026-10-10T01:45:53Z,2026-10-10T01:46:35Z
2026,5,2026_05_LV_NE,2026-10-11T17:00:00+00:00,00-0036875,Rhamondre Stevenson,player_receptions,fanduel,2.5,-132.0,100.0,2026-10-10T01:45:53Z,2026-10-10T01:46:35Z
2026,5,2026_05_LV_NE,2026-10-11T17:00:00+00:00,00-0037816,Romeo Doubs,player_receptions,fanduel,3.5,-148.0,112.0,2026-10-10T01:45:53Z,2026-10-10T01:46:35Z
2026,5,2026_05_LV_NE,2026-10-11T17:00:00+00:00,00-0038563,Tre Tucker,player_receptions,fanduel,3.5,-106.0,-125.0,2026-10-10T01:45:53Z,2026-10-10T01:46:35Z
2026,5,2026_05_LV_NE,2026-10-11T17:00:00+00:00,00-0039851,Drake Maye,player_rush_yds,betmgm,29.5,-115.0,-115.0,2026-10-10T01:46:20Z,2026-10-10T01:46:35Z
2026,5,2026_05_LV_NE,2026-10-11T17:00:00+00:00,00-0036875,Rhamondre Stevenson,player_rush_yds,betmgm,39.5,-115.0,-115.0,2026-10-10T01:46:20Z,2026-10-10T01:46:35Z
2026,5,2026_05_LV_NE,2026-10-11T17:00:00+00:00,00-0040734,TreVeyon Henderson,player_rush_yds,betmgm,47.5,-115.0,-115.0,2026-10-10T01:46:20Z,2026-10-10T01:46:35Z
2026,5,2026_05_LV_NE,2026-10-11T17:00:00+00:00,00-0039851,Drake Maye,player_rush_yds,betonlineag,31.5,-114.0,-114.0,2026-10-10T01:45:48Z,2026-10-10T01:46:35Z
2026,5,2026_05_LV_NE,2026-10-11T17:00:00+00:00,00-0036875,Rhamondre Stevenson,player_rush_yds,betonlineag,36.5,-116.0,-111.0,2026-10-10T01:45:48Z,2026-10-10T01:46:35Z
2026,5,2026_05_LV_NE,2026-10-11T17:00:00+00:00,00-0040734,TreVeyon Henderson,player_rush_yds,betonlineag,47.5,-115.0,-112.0,2026-10-10T01:45:48Z,2026-10-10T01:46:35Z
2026,5,2026_05_LV_NE,2026-10-11T17:00:00+00:00,00-0039851,Drake Maye,player_rush_yds,betrivers,31.5,-113.0,-118.0,2026-10-10T01:46:20Z,2026-10-10T01:46:35Z
2026,5,2026_05_LV_NE,2026-10-11T17:00:00+00:00,00-0036875,Rhamondre Stevenson,player_rush_yds,betrivers,38.5,-120.0,-112.0,2026-10-10T01:46:20Z,2026-10-10T01:46:35Z
2026,5,2026_05_LV_NE,2026-10-11T17:00:00+00:00,00-0040734,TreVeyon Henderson,player_rush_yds,betrivers,47.5,-117.0,-114.0,2026-10-10T01:46:20Z,2026-10-10T01:46:35Z
2026,5,2026_05_LV_NE,2026-10-11T17:00:00+00:00,00-0039851,Drake Maye,player_rush_yds,bovada,32.5,-115.0,-115.0,2026-10-10T01:45:55Z,2026-10-10T01:46:35Z
2026,5,2026_05_LV_NE,2026-10-11T17:00:00+00:00,00-0029604,Kirk Cousins,player_rush_yds,bovada,0.5,-115.0,-115.0,2026-10-10T01:45:55Z,2026-10-10T01:46:35Z
2026,5,2026_05_LV_NE,2026-10-11T17:00:00+00:00,00-0039851,Drake Maye,player_rush_yds,draftkings,32.5,-110.0,-114.0,2026-10-10T01:45:48Z,2026-10-10T01:46:35Z
2026,5,2026_05_LV_NE,2026-10-11T17:00:00+00:00,00-0029604,Kirk Cousins,player_rush_yds,draftkings,0.5,-110.0,-114.0,2026-10-10T01:45:48Z,2026-10-10T01:46:35Z
2026,5,2026_05_LV_NE,2026-10-11T17:00:00+00:00,00-0036875,Rhamondre Stevenson,player_rush_yds,draftkings,36.5,-114.0,-110.0,2026-10-10T01:45:48Z,2026-10-10T01:46:35Z
2026,5,2026_05_LV_NE,2026-10-11T17:00:00+00:00,00-0040734,TreVeyon Henderson,player_rush_yds,draftkings,47.5,-113.0,-111.0,2026-10-10T01:45:48Z,2026-10-10T01:46:35Z
2026,5,2026_05_LV_NE,2026-10-11T17:00:00+00:00,00-0039851,Drake Maye,player_rush_yds,fanduel,31.5,-114.0,-114.0,2026-10-10T01:45:53Z,2026-10-10T01:46:35Z
2026,5,2026_05_LV_NE,2026-10-11T17:00:00+00:00,00-0029604,Kirk Cousins,player_rush_yds,fanduel,0.5,-102.0,-128.0,2026-10-10T01:45:53Z,2026-10-10T01:46:35Z
2026,5,2026_05_LV_NE,2026-10-11T17:00:00+00:00,00-0036875,Rhamondre Stevenson,player_rush_yds,fanduel,38.5,-114.0,-114.0,2026-10-10T01:45:53Z,2026-10-10T01:46:35Z
2026,5,2026_05_LV_NE,2026-10-11T17:00:00+00:00,00-0040734,TreVeyon Henderson,player_rush_yds,fanduel,46.5,-114.0,-114.0,2026-10-10T01:45:53Z,2026-10-10T01:46:35Z
2026,5,2026_05_MIN_NO,2026-10-11T17:00:00+00:00,00-0033293,Aaron Jones,player_anytime_td,betmgm,,-130.0,,2026-10-10T01:46:19Z,2026-10-10T01:46:35Z
2026,5,2026_05_MIN_NO,2026-10-11T17:00:00+00:00,00-0033906,Alvin Kamara,player_anytime_td,betmgm,,165.0,,2026-10-10T01:46:19Z,2026-10-10T01:46:35Z
2026,5,2026_05_MIN_NO,2026-10-11T17:00:00+00:00,00-0041099,Barion Brown,player_anytime_td,betmgm,,1700.0,,2026-10-10T01:46:19Z,2026-10-10T01:46:35Z
2026,5,2026_05_MIN_NO,2026-10-11T17:00:00+00:00,00-0041067,Bryce Lance,player_anytime_td,betmgm,,600.0,,2026-10-10T01:46:19Z,2026-10-10T01:46:35Z
2026,5,2026_05_MIN_NO,2026-10-11T17:00:00+00:00,00-0041326,CJ Donaldson,player_anytime_td,betmgm,,1000.0,,2026-10-10T01:46:19Z,2026-10-10T01:46:35Z
2026,5,2026_05_MIN_NO,2026-10-11T17:00:00+00:00,00-0037239,Chris Olave,player_anytime_td,betmgm,,145.0,,2026-10-10T01:46:19Z,2026-10-10T01:46:35Z
2026,5,2026_05_MIN_NO,2026-10-11T17:00:00+00:00,00-0036425,DeeJay Dallas,player_anytime_td,betmgm,,825.0,,2026-10-10T01:46:19Z,2026-10-10T01:46:35Z
2026,5,2026_05_MIN_NO,2026-10-11T17:00:00+00:00,00-0041104,Demond Claiborne,player_anytime_td,betmgm,,750.0,,2026-10-10T01:46:19Z,2026-10-10T01:46:35Z
2026,5,2026_05_MIN_NO,2026-10-11T17:00:00+00:00,00-0039424,Devaughn Vele,player_anytime_td,betmgm,,280.0,,2026-10-10T01:46:19Z,2026-10-10T01:46:35Z
2026,5,2026_05_MIN_NO,2026-10-11T17:00:00+00:00,00-0040215,Gavin Bartholomew,player_anytime_td,betmgm,,1650.0,,2026-10-10T01:46:19Z,2026-10-10T01:46:35Z
2026,5,2026_05_MIN_NO,2026-10-11T17:00:00+00:00,00-0036259,Jauan Jennings,player_anytime_td,betmgm,,600.0,,2026-10-10T01:46:19Z,2026-10-10T01:46:35Z
2026,5,2026_05_MIN_NO,2026-10-11T17:00:00+00:00,00-0038994,Jordan Addison,player_anytime_td,betmgm,,250.0,,2026-10-10T01:46:19Z,2026-10-10T01:46:35Z
2026,5,2026_05_MIN_NO,2026-10-11T17:00:00+00:00,00-0036322,Justin Jefferson,player_anytime_td,betmgm,,135.0,,2026-10-10T01:46:19Z,2026-10-10T01:46:35Z
2026,5,2026_05_MIN_NO,2026-10-11T17:00:00+00:00,00-0036040,Juwan Johnson,player_anytime_td,betmgm,,290.0,,2026-10-10T01:46:19Z,2026-10-10T01:46:35Z
2026,5,2026_05_MIN_NO,2026-10-11T17:00:00+00:00,00-0038551,Kendre Miller,player_anytime_td,betmgm,,380.0,,2026-10-10T01:46:19Z,2026-10-10T01:46:35Z
2026,5,2026_05_MIN_NO,2026-10-11T17:00:00+00:00,00-0037231,Kevin Austin,player_anytime_td,betmgm,,1850.0,,2026-10-10T01:46:19Z,2026-10-10T01:46:35Z
2026,5,2026_05_MIN_NO,2026-10-11T17:00:00+00:00,00-0035228,Kyler Murray,player_anytime_td,betmgm,,425.0,,2026-10-10T01:46:19Z,2026-10-10T01:46:35Z
2026,5,2026_05_MIN_NO,2026-10-11T17:00:00+00:00,,Minnesota Vikings D/ST,player_anytime_td,betmgm,,500.0,,2026-10-10T01:46:19Z,2026-10-10T01:46:35Z
2026,5,2026_05_MIN_NO,2026-10-11T17:00:00+00:00,00-0040506,Myles Price,player_anytime_td,betmgm,,2000.0,,2026-10-10T01:46:19Z,2026-10-10T01:46:35Z
2026,5,2026_05_MIN_NO,2026-10-11T17:00:00+00:00,,New Orleans Saints D/ST,player_anytime_td,betmgm,,525.0,,2026-10-10T01:46:19Z,2026-10-10T01:46:35Z
2026,5,2026_05_MIN_NO,2026-10-11T17:00:00+00:00,00-0035644,Noah Fant,player_anytime_td,betmgm,,650.0,,2026-10-10T01:46:19Z,2026-10-10T01:46:35Z
2026,5,2026_05_MIN_NO,2026-10-11T17:00:00+00:00,00-0035229,T.J. Hockenson,player_anytime_td,betmgm,,300.0,,2026-10-10T01:46:19Z,2026-10-10T01:46:35Z
2026,5,2026_05_MIN_NO,2026-10-11T17:00:00+00:00,00-0040154,Tai Felton,player_anytime_td,betmgm,,1650.0,,2026-10-10T01:46:19Z,2026-10-10T01:46:35Z
2026,5,2026_05_MIN_NO,2026-10-11T17:00:00+00:00,00-0040743,Tyler Shough,player_anytime_td,betmgm,,325.0,,2026-10-10T01:46:19Z,2026-10-10T01:46:35Z
2026,5,2026_05_MIN_NO,2026-10-11T17:00:00+00:00,00-0033293,Aaron Jones,player_anytime_td,betonlineag,,-143.0,,2026-10-10T01:45:46Z,2026-10-10T01:46:35Z
2026,5,2026_05_MIN_NO,2026-10-11T17:00:00+00:00,00-0033906,Alvin Kamara,player_anytime_td,betonlineag,,110.0,,2026-10-10T01:45:46Z,2026-10-10T01:46:35Z
2026,5,2026_05_MIN_NO,2026-10-11T17:00:00+00:00,00-0041099,Barion Brown,player_anytime_td,betonlineag,,1300.0,,2026-10-10T01:45:46Z,2026-10-10T01:46:35Z
2026,5,2026_05_MIN_NO,2026-10-11T17:00:00+00:00,00-0041067,Bryce Lance,player_anytime_td,betonlineag,,650.0,,2026-10-10T01:45:46Z,2026-10-10T01:46:35Z
2026,5,2026_05_MIN_NO,2026-10-11T17:00:00+00:00,00-0041326,CJ Donaldson,player_anytime_td,betonlineag,,450.0,,2026-10-10T01:45:46Z,2026-10-10T01:46:35Z
2026,5,2026_05_MIN_NO,2026-10-11T17:00:00+00:00,00-0037239,Chris Olave,player_anytime_td,betonlineag,,180.0,,2026-10-10T01:45:46Z,2026-10-10T01:46:35Z
2026,5,2026_05_MIN_NO,2026-10-11T17:00:00+00:00,00-0036425,DeeJay Dallas,player_anytime_td,betonlineag,,1100.0,,2026-10-10T01:45:46Z,2026-10-10T01:46:35Z
2026,5,2026_05_MIN_NO,2026-10-11T17:00:00+00:00,00-0041104,Demond Claiborne,player_anytime_td,betonlineag,,1000.0,,2026-10-10T01:45:46Z,2026-10-10T01:46:35Z
2026,5,2026_05_MIN_NO,2026-10-11T17:00:00+00:00,00-0039424,Devaughn Vele,player_anytime_td,betonlineag,,300.0,,2026-10-10T01:45:46Z,2026-10-10T01:46:35Z
2026,5,2026_05_MIN_NO,2026-10-11T17:00:00+00:00,00-0040215,Gavin Bartholomew,player_anytime_td,betonlineag,,1400.0,,2026-10-10T01:45:46Z,2026-10-10T01:46:35Z
2026,5,2026_05_MIN_NO,2026-10-11T17:00:00+00:00,00-0036259,Jauan Jennings,player_anytime_td,betonlineag,,500.0,,2026-10-10T01:45:46Z,2026-10-10T01:46:35Z
2026,5,2026_05_MIN_NO,2026-10-11T17:00:00+00:00,00-0038994,Jordan Addison,player_anytime_td,betonlineag,,220.0,,2026-10-10T01:45:46Z,2026-10-10T01:46:35Z
2026,5,2026_05_MIN_NO,2026-10-11T17:00:00+00:00,00-0036322,Justin Jefferson,player_anytime_td,betonlineag,,160.0,,2026-10-10T01:45:46Z,2026-10-10T01:46:35Z
2026,5,2026_05_MIN_NO,2026-10-11T17:00:00+00:00,00-0036040,Juwan Johnson,player_anytime_td,betonlineag,,300.0,,2026-10-10T01:45:46Z,2026-10-10T01:46:35Z
2026,5,2026_05_MIN_NO,2026-10-11T17:00:00+00:00,00-0038551,Kendre Miller,player_anytime_td,betonlineag,,120.0,,2026-10-10T01:45:46Z,2026-10-10T01:46:35Z
2026,5,2026_05_MIN_NO,2026-10-11T17:00:00+00:00,00-0037231,Kevin Austin,player_anytime_td,betonlineag,,1700.0,,2026-10-10T01:45:46Z,2026-10-10T01:46:35Z
2026,5,2026_05_MIN_NO,2026-10-11T17:00:00+00:00,00-0035228,Kyler Murray,player_anytime_td,betonlineag,,350.0,,2026-10-10T01:45:46Z,2026-10-10T01:46:35Z
2026,5,2026_05_MIN_NO,2026-10-11T17:00:00+00:00,00-0041081,Max Bredeson,player_anytime_td,betonlineag,,1400.0,,2026-10-10T01:45:46Z,2026-10-10T01:46:35Z
2026,5,2026_05_MIN_NO,2026-10-11T17:00:00+00:00,00-0040506,Myles Price,player_anytime_td,betonlineag,,1100.0,,2026-10-10T01:45:46Z,2026-10-10T01:46:35Z
2026,5,2026_05_MIN_NO,2026-10-11T17:00:00+00:00,00-0035644,Noah Fant,player_anytime_td,betonlineag,,550.0,,2026-10-10T01:45:46Z,2026-10-10T01:46:35Z
2026,5,2026_05_MIN_NO,2026-10-11T17:00:00+00:00,00-0041041,Oscar Delp,player_anytime_td,betonlineag,,550.0,,2026-10-10T01:45:46Z,2026-10-10T01:46:35Z
2026,5,2026_05_MIN_NO,2026-10-11T17:00:00+00:00,00-0035229,T.J. Hockenson,player_anytime_td,betonlineag,,280.0,,2026-10-10T01:45:46Z,2026-10-10T01:46:35Z
2026,5,2026_05_MIN_NO,2026-10-11T17:00:00+00:00,00-0040154,Tai Felton,player_anytime_td,betonlineag,,1100.0,,2026-10-10T01:45:46Z,2026-10-10T01:46:35Z
2026,5,2026_05_MIN_NO,2026-10-11T17:00:00+00:00,00-0039518,Treyton Welch,player_anytime_td,betonlineag,,1700.0,,2026-10-10T01:45:46Z,2026-10-10T01:46:35Z
2026,5,2026_05_MIN_NO,2026-10-11T17:00:00+00:00,00-0040743,Tyler Shough,player_anytime_td,betonlineag,,325.0,,2026-10-10T01:45:46Z,2026-10-10T01:46:35Z
2026,5,2026_05_MIN_NO,2026-10-11T17:00:00+00:00,00-0033293,Aaron Jones,player_anytime_td,betrivers,,-130.0,,2026-10-10T01:45:22Z,2026-10-10T01:46:35Z
2026,5,2026_05_MIN_NO,2026-10-11T17:00:00+00:00,00-0033906,Alvin Kamara,player_anytime_td,betrivers,,170.0,,2026-10-10T01:45:22Z,2026-10-10T01:46:35Z
2026,5,2026_05_MIN_NO,2026-10-11T17:00:00+00:00,00-0041099,Barion Brown,player_anytime_td,betrivers,,1700.0,,2026-10-10T01:45:22Z,2026-10-10T01:46:35Z
2026,5,2026_05_MIN_NO,2026-10-11T17:00:00+00:00,00-0041067,Bryce Lance,player_anytime_td,betrivers,,750.0,,2026-10-10T01:45:22Z,2026-10-10T01:46:35Z
2026,5,2026_05_MIN_NO,2026-10-11T17:00:00+00:00,00-0041326,CJ Donaldson,player_anytime_td,betrivers,,850.0,,2026-10-10T01:45:22Z,2026-10-10T01:46:35Z
2026,5,2026_05_MIN_NO,2026-10-11T17:00:00+00:00,00-0037239,Chris Olave,player_anytime_td,betrivers,,185.0,,2026-10-10T01:45:22Z,2026-10-10T01:46:35Z
2026,5,2026_05_MIN_NO,2026-10-11T17:00:00+00:00,00-0036425,DeeJay Dallas,player_anytime_td,betrivers,,1000.0,,2026-10-10T01:45:22Z,2026-10-10T01:46:35Z
2026,5,2026_05_MIN_NO,2026-10-11T17:00:00+00:00,00-0041104,Demond Claiborne,player_anytime_td,betrivers,,900.0,,2026-10-10T01:45:22Z,2026-10-10T01:46:35Z
2026,5,2026_05_MIN_NO,2026-10-11T17:00:00+00:00,00-0039424,Devaughn Vele,player_anytime_td,betrivers,,350.0,,2026-10-10T01:45:22Z,2026-10-10T01:46:35Z
2026,5,2026_05_MIN_NO,2026-10-11T17:00:00+00:00,00-0040215,Gavin Bartholomew,player_anytime_td,betrivers,,1600.0,,2026-10-10T01:45:22Z,2026-10-10T01:46:35Z
2026,5,2026_05_MIN_NO,2026-10-11T17:00:00+00:00,00-0036259,Jauan Jennings,player_anytime_td,betrivers,,700.0,,2026-10-10T01:45:22Z,2026-10-10T01:46:35Z
2026,5,2026_05_MIN_NO,2026-10-11T17:00:00+00:00,00-0038994,Jordan Addison,player_anytime_td,betrivers,,220.0,,2026-10-10T01:45:22Z,2026-10-10T01:46:35Z
2026,5,2026_05_MIN_NO,2026-10-11T17:00:00+00:00,00-0036322,Justin Jefferson,player_anytime_td,betrivers,,143.0,,2026-10-10T01:45:22Z,2026-10-10T01:46:35Z
2026,5,2026_05_MIN_NO,2026-10-11T17:00:00+00:00,00-0036040,Juwan Johnson,player_anytime_td,betrivers,,325.0,,2026-10-10T01:45:22Z,2026-10-10T01:46:35Z
2026,5,2026_05_MIN_NO,2026-10-11T17:00:00+00:00,00-0038551,Kendre Miller,player_anytime_td,betrivers,,240.0,,2026-10-10T01:45:22Z,2026-10-10T01:46:35Z
2026,5,2026_05_MIN_NO,2026-10-11T17:00:00+00:00,00-0037231,Kevin Austin,player_anytime_td,betrivers,,2200.0,,2026-10-10T01:45:22Z,2026-10-10T01:46:35Z
2026,5,2026_05_MIN_NO,2026-10-11T17:00:00+00:00,00-0035228,Kyler Murray,player_anytime_td,betrivers,,410.0,,2026-10-10T01:45:22Z,2026-10-10T01:46:35Z
2026,5,2026_05_MIN_NO,2026-10-11T17:00:00+00:00,00-0041081,Max Bredeson,player_anytime_td,betrivers,,1700.0,,2026-10-10T01:45:22Z,2026-10-10T01:46:35Z
2026,5,2026_05_MIN_NO,2026-10-11T17:00:00+00:00,00-0040506,Myles Price,player_anytime_td,betrivers,,1200.0,,2026-10-10T01:45:22Z,2026-10-10T01:46:35Z
2026,5,2026_05_MIN_NO,2026-10-11T17:00:00+00:00,00-0035644,Noah Fant,player_anytime_td,betrivers,,600.0,,2026-10-10T01:45:22Z,2026-10-10T01:46:35Z
2026,5,2026_05_MIN_NO,2026-10-11T17:00:00+00:00,00-0041041,Oscar Delp,player_anytime_td,betrivers,,600.0,,2026-10-10T01:45:22Z,2026-10-10T01:46:35Z
2026,5,2026_05_MIN_NO,2026-10-11T17:00:00+00:00,00-0035229,T.J. Hockenson,player_anytime_td,betrivers,,265.0,,2026-10-10T01:45:22Z,2026-10-10T01:46:35Z
2026,5,2026_05_MIN_NO,2026-10-11T17:00:00+00:00,00-0040154,Tai Felton,player_anytime_td,betrivers,,1200.0,,2026-10-10T01:45:22Z,2026-10-10T01:46:35Z
2026,5,2026_05_MIN_NO,2026-10-11T17:00:00+00:00,00-0039518,Treyton Welch,player_anytime_td,betrivers,,1900.0,,2026-10-10T01:45:22Z,2026-10-10T01:46:35Z
2026,5,2026_05_MIN_NO,2026-10-11T17:00:00+00:00,00-0040743,Tyler Shough,player_anytime_td,betrivers,,330.0,,2026-10-10T01:45:22Z,2026-10-10T01:46:35Z
2026,5,2026_05_MIN_NO,2026-10-11T17:00:00+00:00,00-0033293,Aaron Jones,player_anytime_td,bovada,,-117.0,,2026-10-10T01:43:59Z,2026-10-10T01:46:35Z
2026,5,2026_05_MIN_NO,2026-10-11T17:00:00+00:00,00-0033906,Alvin Kamara,player_anytime_td,bovada,,160.0,,2026-10-10T01:43:59Z,2026-10-10T01:46:35Z
2026,5,2026_05_MIN_NO,2026-10-11T17:00:00+00:00,00-0041099,Barion Brown,player_anytime_td,bovada,,1400.0,,2026-10-10T01:43:59Z,2026-10-10T01:46:35Z
2026,5,2026_05_MIN_NO,2026-10-11T17:00:00+00:00,00-0041067,Bryce Lance,player_anytime_td,bovada,,700.0,,2026-10-10T01:43:59Z,2026-10-10T01:46:35Z
2026,5,2026_05_MIN_NO,2026-10-11T17:00:00+00:00,00-0041326,CJ Donaldson,player_anytime_td,bovada,,900.0,,2026-10-10T01:43:59Z,2026-10-10T01:46:35Z
2026,5,2026_05_MIN_NO,2026-10-11T17:00:00+00:00,00-0037239,Chris Olave,player_anytime_td,bovada,,180.0,,2026-10-10T01:43:59Z,2026-10-10T01:46:35Z
2026,5,2026_05_MIN_NO,2026-10-11T17:00:00+00:00,00-0036425,DeeJay Dallas,player_anytime_td,bovada,,1400.0,,2026-10-10T01:43:59Z,2026-10-10T01:46:35Z
2026,5,2026_05_MIN_NO,2026-10-11T17:00:00+00:00,00-0041104,Demond Claiborne,player_anytime_td,bovada,,1200.0,,2026-10-10T01:43:59Z,2026-10-10T01:46:35Z
2026,5,2026_05_MIN_NO,2026-10-11T17:00:00+00:00,00-0039424,Devaughn Vele,player_anytime_td,bovada,,340.0,,2026-10-10T01:43:59Z,2026-10-10T01:46:35Z
2026,5,2026_05_MIN_NO,2026-10-11T17:00:00+00:00,00-0040215,Gavin Bartholomew,player_anytime_td,bovada,,1400.0,,2026-10-10T01:43:59Z,2026-10-10T01:46:35Z
2026,5,2026_05_MIN_NO,2026-10-11T17:00:00+00:00,00-0036259,Jauan Jennings,player_anytime_td,bovada,,625.0,,2026-10-10T01:43:59Z,2026-10-10T01:46:35Z
2026,5,2026_05_MIN_NO,2026-10-11T17:00:00+00:00,00-0038994,Jordan Addison,player_anytime_td,bovada,,220.0,,2026-10-10T01:43:59Z,2026-10-10T01:46:35Z
2026,5,2026_05_MIN_NO,2026-10-11T17:00:00+00:00,00-0036322,Justin Jefferson,player_anytime_td,bovada,,170.0,,2026-10-10T01:43:59Z,2026-10-10T01:46:35Z
2026,5,2026_05_MIN_NO,2026-10-11T17:00:00+00:00,00-0036040,Juwan Johnson,player_anytime_td,bovada,,320.0,,2026-10-10T01:43:59Z,2026-10-10T01:46:35Z
2026,5,2026_05_MIN_NO,2026-10-11T17:00:00+00:00,00-0038551,Kendre Miller,player_anytime_td,bovada,,360.0,,2026-10-10T01:43:59Z,2026-10-10T01:46:35Z
2026,5,2026_05_MIN_NO,2026-10-11T17:00:00+00:00,00-0037231,Kevin Austin,player_anytime_td,bovada,,2500.0,,2026-10-10T01:43:59Z,2026-10-10T01:46:35Z
2026,5,2026_05_MIN_NO,2026-10-11T17:00:00+00:00,00-0035228,Kyler Murray,player_anytime_td,bovada,,460.0,,2026-10-10T01:43:59Z,2026-10-10T01:46:35Z
2026,5,2026_05_MIN_NO,2026-10-11T17:00:00+00:00,00-0041081,Max Bredeson,player_anytime_td,bovada,,2800.0,,2026-10-10T01:43:59Z,2026-10-10T01:46:35Z
2026,5,2026_05_MIN_NO,2026-10-11T17:00:00+00:00,,Minnesota Vikings D/ST,player_anytime_td,bovada,,500.0,,2026-10-10T01:43:59Z,2026-10-10T01:46:35Z
2026,5,2026_05_MIN_NO,2026-10-11T17:00:00+00:00,00-0040506,Myles Price,player_anytime_td,bovada,,1500.0,,2026-10-10T01:43:59Z,2026-10-10T01:46:35Z
2026,5,2026_05_MIN_NO,2026-10-11T17:00:00+00:00,,New Orleans Saints D/ST,player_anytime_td,bovada,,525.0,,2026-10-10T01:43:59Z,2026-10-10T01:46:35Z
2026,5,2026_05_MIN_NO,2026-10-11T17:00:00+00:00,00-0035644,Noah Fant,player_anytime_td,bovada,,700.0,,2026-10-10T01:43:59Z,2026-10-10T01:46:35Z
2026,5,2026_05_MIN_NO,2026-10-11T17:00:00+00:00,00-0041041,Oscar Delp,player_anytime_td,bovada,,1100.0,,2026-10-10T01:43:59Z,2026-10-10T01:46:35Z
2026,5,2026_05_MIN_NO,2026-10-11T17:00:00+00:00,00-0035229,T.J. Hockenson,player_anytime_td,bovada,,285.0,,2026-10-10T01:43:59Z,2026-10-10T01:46:35Z
2026,5,2026_05_MIN_NO,2026-10-11T17:00:00+00:00,00-0040154,Tai Felton,player_anytime_td,bovada,,1600.0,,2026-10-10T01:43:59Z,2026-10-10T01:46:35Z
2026,5,2026_05_MIN_NO,2026-10-11T17:00:00+00:00,00-0039518,Treyton Welch,player_anytime_td,bovada,,2500.0,,2026-10-10T01:43:59Z,2026-10-10T01:46:35Z
2026,5,2026_05_MIN_NO,2026-10-11T17:00:00+00:00,00-0040743,Tyler Shough,player_anytime_td,bovada,,350.0,,2026-10-10T01:43:59Z,2026-10-10T01:46:35Z
2026,5,2026_05_MIN_NO,2026-10-11T17:00:00+00:00,00-0033293,Aaron Jones,player_anytime_td,draftkings,,-115.0,,2026-10-10T01:46:30Z,2026-10-10T01:46:35Z
2026,5,2026_05_MIN_NO,2026-10-11T17:00:00+00:00,00-0033906,Alvin Kamara,player_anytime_td,draftkings,,160.0,,2026-10-10T01:46:30Z,2026-10-10T01:46:35Z
2026,5,2026_05_MIN_NO,2026-10-11T17:00:00+00:00,00-0041099,Barion Brown,player_anytime_td,draftkings,,1400.0,,2026-10-10T01:46:30Z,2026-10-10T01:46:35Z
2026,5,2026_05_MIN_NO,2026-10-11T17:00:00+00:00,00-0041067,Bryce Lance,player_anytime_td,draftkings,,700.0,,2026-10-10T01:46:30Z,2026-10-10T01:46:35Z
2026,5,2026_05_MIN_NO,2026-10-11T17:00:00+00:00,00-0041326,CJ Donaldson,player_anytime_td,draftkings,,900.0,,2026-10-10T01:46:30Z,2026-10-10T01:46:35Z
2026,5,2026_05_MIN_NO,2026-10-11T17:00:00+00:00,00-0037239,Chris Olave,player_anytime_td,draftkings,,180.0,,2026-10-10T01:46:30Z,2026-10-10T01:46:35Z
2026,5,2026_05_MIN_NO,2026-10-11T17:00:00+00:00,00-0036425,DeeJay Dallas,player_anytime_td,draftkings,,1400.0,,2026-10-10T01:46:30Z,2026-10-10T01:46:35Z
2026,5,2026_05_MIN_NO,2026-10-11T17:00:00+00:00,00-0041104,Demond Claiborne,player_anytime_td,draftkings,,1200.0,,2026-10-10T01:46:30Z,2026-10-10T01:46:35Z
2026,5,2026_05_MIN_NO,2026-10-11T17:00:00+00:00,00-0039424,Devaughn Vele,player_anytime_td,draftkings,,340.0,,2026-10-10T01:46:30Z,2026-10-10T01:46:35Z
2026,5,2026_05_MIN_NO,2026-10-11T17:00:00+00:00,00-0040215,Gavin Bartholomew,player_anytime_td,draftkings,,1400.0,,2026-10-10T01:46:30Z,2026-10-10T01:46:35Z
2026,5,2026_05_MIN_NO,2026-10-11T17:00:00+00:00,00-0036259,Jauan Jennings,player_anytime_td,draftkings,,650.0,,2026-10-10T01:46:30Z,2026-10-10T01:46:35Z
2026,5,2026_05_MIN_NO,2026-10-11T17:00:00+00:00,00-0038994,Jordan Addison,player_anytime_td,draftkings,,220.0,,2026-10-10T01:46:30Z,2026-10-10T01:46:35Z
2026,5,2026_05_MIN_NO,2026-10-11T17:00:00+00:00,00-0036322,Justin Jefferson,player_anytime_td,draftkings,,170.0,,2026-10-10T01:46:30Z,2026-10-10T01:46:35Z
2026,5,2026_05_MIN_NO,2026-10-11T17:00:00+00:00,00-0036040,Juwan Johnson,player_anytime_td,draftkings,,320.0,,2026-10-10T01:46:30Z,2026-10-10T01:46:35Z
2026,5,2026_05_MIN_NO,2026-10-11T17:00:00+00:00,00-0038551,Kendre Miller,player_anytime_td,draftkings,,360.0,,2026-10-10T01:46:30Z,2026-10-10T01:46:35Z
2026,5,2026_05_MIN_NO,2026-10-11T17:00:00+00:00,00-0037231,Kevin Austin,player_anytime_td,draftkings,,2500.0,,2026-10-10T01:46:30Z,2026-10-10T01:46:35Z
2026,5,2026_05_MIN_NO,2026-10-11T17:00:00+00:00,00-0035228,Kyler Murray,player_anytime_td,draftkings,,475.0,,2026-10-10T01:46:30Z,2026-10-10T01:46:35Z
2026,5,2026_05_MIN_NO,2026-10-11T17:00:00+00:00,00-0041081,Max Bredeson,player_anytime_td,draftkings,,3000.0,,2026-10-10T01:46:30Z,2026-10-10T01:46:35Z
2026,5,2026_05_MIN_NO,2026-10-11T17:00:00+00:00,,Minnesota Vikings D/ST,player_anytime_td,draftkings,,500.0,,2026-10-10T01:46:30Z,2026-10-10T01:46:35Z
2026,5,2026_05_MIN_NO,2026-10-11T17:00:00+00:00,00-0040506,Myles Price,player_anytime_td,draftkings,,1500.0,,2026-10-10T01:46:30Z,2026-10-10T01:46:35Z
2026,5,2026_05_MIN_NO,2026-10-11T17:00:00+00:00,,New Orleans Saints D/ST,player_anytime_td,draftkings,,550.0,,2026-10-10T01:46:30Z,2026-10-10T01:46:35Z
2026,5,2026_05_MIN_NO,2026-10-11T17:00:00+00:00,00-0035644,Noah Fant,player_anytime_td,draftkings,,700.0,,2026-10-10T01:46:30Z,2026-10-10T01:46:35Z
2026,5,2026_05_MIN_NO,2026-10-11T17:00:00+00:00,00-0041041,Oscar Delp,player_anytime_td,draftkings,,1100.0,,2026-10-10T01:46:30Z,2026-10-10T01:46:35Z
2026,5,2026_05_MIN_NO,2026-10-11T17:00:00+00:00,00-0035229,T.J. Hockenson,player_anytime_td,draftkings,,285.0,,2026-10-10T01:46:30Z,2026-10-10T01:46:35Z
2026,5,2026_05_MIN_NO,2026-10-11T17:00:00+00:00,00-0040154,Tai Felton,player_anytime_td,draftkings,,1600.0,,2026-10-10T01:46:30Z,2026-10-10T01:46:35Z
2026,5,2026_05_MIN_NO,2026-10-11T17:00:00+00:00,00-0039518,Treyton Welch,player_anytime_td,draftkings,,2500.0,,2026-10-10T01:46:30Z,2026-10-10T01:46:35Z
2026,5,2026_05_MIN_NO,2026-10-11T17:00:00+00:00,00-0040743,Tyler Shough,player_anytime_td,draftkings,,350.0,,2026-10-10T01:46:30Z,2026-10-10T01:46:35Z
2026,5,2026_05_MIN_NO,2026-10-11T17:00:00+00:00,00-0033293,Aaron Jones,player_anytime_td,fanduel,,-115.0,,2026-10-10T01:45:58Z,2026-10-10T01:46:35Z
2026,5,2026_05_MIN_NO,2026-10-11T17:00:00+00:00,00-0033906,Alvin Kamara,player_anytime_td,fanduel,,170.0,,2026-10-10T01:45:58Z,2026-10-10T01:46:35Z
2026,5,2026_05_MIN_NO,2026-10-11T17:00:00+00:00,00-0041099,Barion Brown,player_anytime_td,fanduel,,1300.0,,2026-10-10T01:45:58Z,2026-10-10T01:46:35Z
2026,5,2026_05_MIN_NO,2026-10-11T17:00:00+00:00,00-0041067,Bryce Lance,player_anytime_td,fanduel,,750.0,,2026-10-10T01:45:58Z,2026-10-10T01:46:35Z
2026,5,2026_05_MIN_NO,2026-10-11T17:00:00+00:00,00-0041326,CJ Donaldson,player_anytime_td,fanduel,,950.0,,2026-10-10T01:45:58Z,2026-10-10T01:46:35Z
2026,5,2026_05_MIN_NO,2026-10-11T17:00:00+00:00,00-0037239,Chris Olave,player_anytime_td,fanduel,,200.0,,2026-10-10T01:45:58Z,2026-10-10T01:46:35Z
2026,5,2026_05_MIN_NO,2026-10-11T17:00:00+00:00,00-0036425,DeeJay Dallas,player_anytime_td,fanduel,,1200.0,,2026-10-10T01:45:58Z,2026-10-10T01:46:35Z
2026,5,2026_05_MIN_NO,2026-10-11T17:00:00+00:00,00-0041104,Demond Claiborne,player_anytime_td,fanduel,,1300.0,,2026-10-10T01:45:58Z,2026-10-10T01:46:35Z
2026,5,2026_05_MIN_NO,2026-10-11T17:00:00+00:00,00-0039424,Devaughn Vele,player_anytime_td,fanduel,,320.0,,2026-10-10T01:45:58Z,2026-10-10T01:46:35Z
2026,5,2026_05_MIN_NO,2026-10-11T17:00:00+00:00,00-0040215,Gavin Bartholomew,player_anytime_td,fanduel,,1500.0,,2026-10-10T01:45:58Z,2026-10-10T01:46:35Z
2026,5,2026_05_MIN_NO,2026-10-11T17:00:00+00:00,00-0036259,Jauan Jennings,player_anytime_td,fanduel,,600.0,,2026-10-10T01:45:58Z,2026-10-10T01:46:35Z
2026,5,2026_05_MIN_NO,2026-10-11T17:00:00+00:00,00-0038994,Jordan Addison,player_anytime_td,fanduel,,220.0,,2026-10-10T01:45:58Z,2026-10-10T01:46:35Z
2026,5,2026_05_MIN_NO,2026-10-11T17:00:00+00:00,00-0036322,Justin Jefferson,player_anytime_td,fanduel,,165.0,,2026-10-10T01:45:58Z,2026-10-10T01:46:35Z
2026,5,2026_05_MIN_NO,2026-10-11T17:00:00+00:00,00-0036040,Juwan Johnson,player_anytime_td,fanduel,,320.0,,2026-10-10T01:45:58Z,2026-10-10T01:46:35Z
2026,5,2026_05_MIN_NO,2026-10-11T17:00:00+00:00,00-0038551,Kendre Miller,player_anytime_td,fanduel,,390.0,,2026-10-10T01:45:58Z,2026-10-10T01:46:35Z
2026,5,2026_05_MIN_NO,2026-10-11T17:00:00+00:00,00-0037231,Kevin Austin,player_anytime_td,fanduel,,2500.0,,2026-10-10T01:45:58Z,2026-10-10T01:46:35Z
2026,5,2026_05_MIN_NO,2026-10-11T17:00:00+00:00,00-0035228,Kyler Murray,player_anytime_td,fanduel,,490.0,,2026-10-10T01:45:58Z,2026-10-10T01:46:35Z
2026,5,2026_05_MIN_NO,2026-10-11T17:00:00+00:00,00-0041081,Max Bredeson,player_anytime_td,fanduel,,2200.0,,2026-10-10T01:45:58Z,2026-10-10T01:46:35Z
2026,5,2026_05_MIN_NO,2026-10-11T17:00:00+00:00,,Minnesota Vikings Defense,player_anytime_td,fanduel,,750.0,,2026-10-10T01:45:58Z,2026-10-10T01:46:35Z
2026,5,2026_05_MIN_NO,2026-10-11T17:00:00+00:00,00-0040506,Myles Price,player_anytime_td,fanduel,,1700.0,,2026-10-10T01:45:58Z,2026-10-10T01:46:35Z
2026,5,2026_05_MIN_NO,2026-10-11T17:00:00+00:00,,New Orleans Saints Defense,player_anytime_td,fanduel,,1000.0,,2026-10-10T01:45:58Z,2026-10-10T01:46:35Z
2026,5,2026_05_MIN_NO,2026-10-11T17:00:00+00:00,00-0035644,Noah Fant,player_anytime_td,fanduel,,800.0,,2026-10-10T01:45:58Z,2026-10-10T01:46:35Z
2026,5,2026_05_MIN_NO,2026-10-11T17:00:00+00:00,00-0041041,Oscar Delp,player_anytime_td,fanduel,,1200.0,,2026-10-10T01:45:58Z,2026-10-10T01:46:35Z
2026,5,2026_05_MIN_NO,2026-10-11T17:00:00+00:00,00-0035229,T.J. Hockenson,player_anytime_td,fanduel,,300.0,,2026-10-10T01:45:58Z,2026-10-10T01:46:35Z
2026,5,2026_05_MIN_NO,2026-10-11T17:00:00+00:00,00-0040154,Tai Felton,player_anytime_td,fanduel,,1500.0,,2026-10-10T01:45:58Z,2026-10-10T01:46:35Z
2026,5,2026_05_MIN_NO,2026-10-11T17:00:00+00:00,00-0039518,Treyton Welch,player_anytime_td,fanduel,,2500.0,,2026-10-10T01:45:58Z,2026-10-10T01:46:35Z
2026,5,2026_05_MIN_NO,2026-10-11T17:00:00+00:00,00-0040743,Tyler Shough,player_anytime_td,fanduel,,330.0,,2026-10-10T01:45:58Z,2026-10-10T01:46:35Z
2026,5,2026_05_MIN_NO,2026-10-11T17:00:00+00:00,00-0035228,Kyler Murray,player_pass_tds,betmgm,1.5,135.0,-185.0,2026-10-10T01:46:19Z,2026-10-10T01:46:35Z
2026,5,2026_05_MIN_NO,2026-10-11T17:00:00+00:00,00-0040743,Tyler Shough,player_pass_tds,betmgm,1.5,135.0,-185.0,2026-10-10T01:46:19Z,2026-10-10T01:46:35Z
2026,5,2026_05_MIN_NO,2026-10-11T17:00:00+00:00,00-0035228,Kyler Murray,player_pass_tds,betonlineag,1.5,134.0,-175.0,2026-10-10T01:45:46Z,2026-10-10T01:46:35Z
2026,5,2026_05_MIN_NO,2026-10-11T17:00:00+00:00,00-0040743,Tyler Shough,player_pass_tds,betonlineag,1.5,149.0,-196.0,2026-10-10T01:45:46Z,2026-10-10T01:46:35Z
2026,5,2026_05_MIN_NO,2026-10-11T17:00:00+00:00,00-0035228,Kyler Murray,player_pass_tds,betrivers,1.5,150.0,-200.0,2026-10-10T01:45:22Z,2026-10-10T01:46:35Z
2026,5,2026_05_MIN_NO,2026-10-11T17:00:00+00:00,00-0040743,Tyler Shough,player_pass_tds,betrivers,1.5,155.0,-210.0,2026-10-10T01:45:22Z,2026-10-10T01:46:35Z
2026,5,2026_05_MIN_NO,2026-10-11T17:00:00+00:00,00-0035228,Kyler Murray,player_pass_tds,bovada,1.5,135.0,-180.0,2026-10-10T01:43:59Z,2026-10-10T01:46:35Z
2026,5,2026_05_MIN_NO,2026-10-11T17:00:00+00:00,00-0040743,Tyler Shough,player_pass_tds,bovada,1.5,155.0,-210.0,2026-10-10T01:43:59Z,2026-10-10T01:46:35Z
2026,5,2026_05_MIN_NO,2026-10-11T17:00:00+00:00,00-0035228,Kyler Murray,player_pass_tds,draftkings,1.5,136.0,-175.0,2026-10-10T01:46:30Z,2026-10-10T01:46:35Z
2026,5,2026_05_MIN_NO,2026-10-11T17:00:00+00:00,00-0040743,Tyler Shough,player_pass_tds,draftkings,1.5,159.0,-206.0,2026-10-10T01:46:30Z,2026-10-10T01:46:35Z
2026,5,2026_05_MIN_NO,2026-10-11T17:00:00+00:00,00-0035228,Kyler Murray,player_pass_tds,fanduel,1.5,132.0,-178.0,2026-10-10T01:45:58Z,2026-10-10T01:46:35Z
2026,5,2026_05_MIN_NO,2026-10-11T17:00:00+00:00,00-0040743,Tyler Shough,player_pass_tds,fanduel,1.5,154.0,-210.0,2026-10-10T01:45:58Z,2026-10-10T01:46:35Z
2026,5,2026_05_MIN_NO,2026-10-11T17:00:00+00:00,00-0035228,Kyler Murray,player_pass_yds,betmgm,211.5,-120.0,-110.0,2026-10-10T01:46:19Z,2026-10-10T01:46:35Z
2026,5,2026_05_MIN_NO,2026-10-11T17:00:00+00:00,00-0040743,Tyler Shough,player_pass_yds,betmgm,241.5,-115.0,-115.0,2026-10-10T01:46:19Z,2026-10-10T01:46:35Z
2026,5,2026_05_MIN_NO,2026-10-11T17:00:00+00:00,00-0035228,Kyler Murray,player_pass_yds,betonlineag,212.5,-114.0,-114.0,2026-10-10T01:45:46Z,2026-10-10T01:46:35Z
2026,5,2026_05_MIN_NO,2026-10-11T17:00:00+00:00,00-0040743,Tyler Shough,player_pass_yds,betonlineag,237.5,-114.0,-114.0,2026-10-10T01:45:46Z,2026-10-10T01:46:35Z
2026,5,2026_05_MIN_NO,2026-10-11T17:00:00+00:00,00-0035228,Kyler Murray,player_pass_yds,betrivers,210.5,-117.0,-114.0,2026-10-10T01:45:22Z,2026-10-10T01:46:35Z
2026,5,2026_05_MIN_NO,2026-10-11T17:00:00+00:00,00-0040743,Tyler Shough,player_pass_yds,betrivers,234.5,-114.0,-117.0,2026-10-10T01:45:22Z,2026-10-10T01:46:35Z
2026,5,2026_05_MIN_NO,2026-10-11T17:00:00+00:00,00-0035228,Kyler Murray,player_pass_yds,bovada,214.5,-115.0,-115.0,2026-10-10T01:43:59Z,2026-10-10T01:46:35Z
2026,5,2026_05_MIN_NO,2026-10-11T17:00:00+00:00,00-0040743,Tyler Shough,player_pass_yds,bovada,234.5,-115.0,-115.0,2026-10-10T01:43:59Z,2026-10-10T01:46:35Z
2026,5,2026_05_MIN_NO,2026-10-11T17:00:00+00:00,00-0035228,Kyler Murray,player_pass_yds,draftkings,214.5,-112.0,-112.0,2026-10-10T01:46:30Z,2026-10-10T01:46:35Z
2026,5,2026_05_MIN_NO,2026-10-11T17:00:00+00:00,00-0040743,Tyler Shough,player_pass_yds,draftkings,234.5,-113.0,-111.0,2026-10-10T01:46:30Z,2026-10-10T01:46:35Z
2026,5,2026_05_MIN_NO,2026-10-11T17:00:00+00:00,00-0035228,Kyler Murray,player_pass_yds,fanduel,212.5,-114.0,-114.0,2026-10-10T01:45:58Z,2026-10-10T01:46:35Z
2026,5,2026_05_MIN_NO,2026-10-11T17:00:00+00:00,00-0040743,Tyler Shough,player_pass_yds,fanduel,237.5,-114.0,-114.0,2026-10-10T01:45:58Z,2026-10-10T01:46:35Z
2026,5,2026_05_MIN_NO,2026-10-11T17:00:00+00:00,00-0033293,Aaron Jones,player_reception_yds,betmgm,19.5,-115.0,-115.0,2026-10-10T01:46:19Z,2026-10-10T01:46:35Z
2026,5,2026_05_MIN_NO,2026-10-11T17:00:00+00:00,00-0037239,Chris Olave,player_reception_yds,betmgm,78.5,-115.0,-115.0,2026-10-10T01:46:19Z,2026-10-10T01:46:35Z
2026,5,2026_05_MIN_NO,2026-10-11T17:00:00+00:00,00-0039424,Devaughn Vele,player_reception_yds,betmgm,42.5,-111.0,-118.0,2026-10-10T01:46:19Z,2026-10-10T01:46:35Z
2026,5,2026_05_MIN_NO,2026-10-11T17:00:00+00:00,00-0038994,Jordan Addison,player_reception_yds,betmgm,39.5,-115.0,-115.0,2026-10-10T01:46:19Z,2026-10-10T01:46:35Z
2026,5,2026_05_MIN_NO,2026-10-11T17:00:00+00:00,00-0036322,Justin Jefferson,player_reception_yds,betmgm,76.5,-115.0,-115.0,2026-10-10T01:46:19Z,2026-10-10T01:46:35Z
2026,5,2026_05_MIN_NO,2026-10-11T17:00:00+00:00,00-0036040,Juwan Johnson,player_reception_yds,betmgm,38.5,-140.0,105.0,2026-10-10T01:46:19Z,2026-10-10T01:46:35Z
2026,5,2026_05_MIN_NO,2026-10-11T17:00:00+00:00,00-0035229,T.J. Hockenson,player_reception_yds,betmgm,34.5,-115.0,-115.0,2026-10-10T01:46:19Z,2026-10-10T01:46:35Z
2026,5,2026_05_MIN_NO,2026-10-11T17:00:00+00:00,00-0033293,Aaron Jones,player_reception_yds,betonlineag,19.5,-115.0,-112.0,2026-10-10T01:45:46Z,2026-10-10T01:46:35Z
2026,5,2026_05_MIN_NO,2026-10-11T17:00:00+00:00,00-0033906,Alvin Kamara,player_reception_yds,betonlineag,13.5,-114.0,-114.0,2026-10-10T01:45:46Z,2026-10-10T01:46:35Z
2026,5,2026_05_MIN_NO,2026-10-11T17:00:00+00:00,00-0037239,Chris Olave,player_reception_yds,betonlineag,79.5,-114.0,-114.0,2026-10-10T01:45:46Z,2026-10-10T01:46:35Z
2026,5,2026_05_MIN_NO,2026-10-11T17:00:00+00:00,00-0039424,Devaughn Vele,player_reception_yds,betonlineag,40.5,-114.0,-114.0,2026-10-10T01:45:46Z,2026-10-10T01:46:35Z
2026,5,2026_05_MIN_NO,2026-10-11T17:00:00+00:00,00-0038994,Jordan Addison,player_reception_yds,betonlineag,40.5,-116.0,-111.0,2026-10-10T01:45:46Z,2026-10-10T01:46:35Z
2026,5,2026_05_MIN_NO,2026-10-11T17:00:00+00:00,00-0036322,Justin Jefferson,player_reception_yds,betonlineag,76.5,-112.0,-115.0,2026-10-10T01:45:46Z,2026-10-10T01:46:35Z
2026,5,2026_05_MIN_NO,2026-10-11T17:00:00+00:00,00-0036040,Juwan Johnson,player_reception_yds,betonlineag,42.5,-112.0,-115.0,2026-10-10T01:45:46Z,2026-10-10T01:46:35Z
2026,5,2026_05_MIN_NO,2026-10-11T17:00:00+00:00,00-0035229,T.J. Hockenson,player_reception_yds,betonlineag,36.5,-116.0,-111.0,2026-10-10T01:45:46Z,2026-10-10T01:46:35Z
2026,5,2026_05_MIN_NO,2026-10-11T17:00:00+00:00,00-0033293,Aaron Jones,player_reception_yds,betrivers,17.5,-110.0,-121.0,2026-10-10T01:45:22Z,2026-10-10T01:46:35Z
2026,5,2026_05_MIN_NO,2026-10-11T17:00:00+00:00,00-0033906,Alvin Kamara,player_reception_yds,betrivers,13.5,-109.0,-122.0,2026-10-10T01:45:22Z,2026-10-10T01:46:35Z
2026,5,2026_05_MIN_NO,2026-10-11T17:00:00+00:00,00-0037239,Chris Olave,player_reception_yds,betrivers,80.5,-114.0,-115.0,2026-10-10T01:45:22Z,2026-10-10T01:46:35Z
2026,5,2026_05_MIN_NO,2026-10-11T17:00:00+00:00,00-0039424,Devaughn Vele,player_reception_yds,betrivers,39.5,-114.0,-117.0,2026-10-10T01:45:22Z,2026-10-10T01:46:35Z
2026,5,2026_05_MIN_NO,2026-10-11T17:00:00+00:00,00-0038994,Jordan Addison,player_reception_yds,betrivers,39.5,-115.0,-115.0,2026-10-10T01:45:22Z,2026-10-10T01:46:35Z
2026,5,2026_05_MIN_NO,2026-10-11T17:00:00+00:00,00-0036322,Justin Jefferson,player_reception_yds,betrivers,76.5,-113.0,-118.0,2026-10-10T01:45:22Z,2026-10-10T01:46:35Z
2026,5,2026_05_MIN_NO,2026-10-11T17:00:00+00:00,00-0036040,Juwan Johnson,player_reception_yds,betrivers,42.5,-118.0,-113.0,2026-10-10T01:45:22Z,2026-10-10T01:46:35Z
2026,5,2026_05_MIN_NO,2026-10-11T17:00:00+00:00,00-0035229,T.J. Hockenson,player_reception_yds,betrivers,35.5,-113.0,-118.0,2026-10-10T01:45:22Z,2026-10-10T01:46:35Z
2026,5,2026_05_MIN_NO,2026-10-11T17:00:00+00:00,00-0033293,Aaron Jones,player_reception_yds,bovada,17.5,-115.0,-115.0,2026-10-10T01:43:59Z,2026-10-10T01:46:35Z
2026,5,2026_05_MIN_NO,2026-10-11T17:00:00+00:00,00-0033906,Alvin Kamara,player_reception_yds,bovada,14.5,-115.0,-115.0,2026-10-10T01:43:59Z,2026-10-10T01:46:35Z
2026,5,2026_05_MIN_NO,2026-10-11T17:00:00+00:00,00-0037239,Chris Olave,player_reception_yds,bovada,80.5,-115.0,-115.0,2026-10-10T01:43:59Z,2026-10-10T01:46:35Z
2026,5,2026_05_MIN_NO,2026-10-11T17:00:00+00:00,00-0039424,Devaughn Vele,player_reception_yds,bovada,39.5,-115.0,-115.0,2026-10-10T01:43:59Z,2026-10-10T01:46:35Z
2026,5,2026_05_MIN_NO,2026-10-11T17:00:00+00:00,00-0038994,Jordan Addison,player_reception_yds,bovada,40.5,-115.0,-115.0,2026-10-10T01:43:59Z,2026-10-10T01:46:35Z
2026,5,2026_05_MIN_NO,2026-10-11T17:00:00+00:00,00-0036322,Justin Jefferson,player_reception_yds,bovada,77.5,-115.0,-115.0,2026-10-10T01:43:59Z,2026-10-10T01:46:35Z
2026,5,2026_05_MIN_NO,2026-10-11T17:00:00+00:00,00-0036040,Juwan Johnson,player_reception_yds,bovada,42.5,-120.0,-110.0,2026-10-10T01:43:59Z,2026-10-10T01:46:35Z
2026,5,2026_05_MIN_NO,2026-10-11T17:00:00+00:00,00-0035644,Noah Fant,player_reception_yds,bovada,13.5,-115.0,-115.0,2026-10-10T01:43:59Z,2026-10-10T01:46:35Z
2026,5,2026_05_MIN_NO,2026-10-11T17:00:00+00:00,00-0035229,T.J. Hockenson,player_reception_yds,bovada,36.5,-115.0,-115.0,2026-10-10T01:43:59Z,2026-10-10T01:46:35Z
2026,5,2026_05_MIN_NO,2026-10-11T17:00:00+00:00,00-0033293,Aaron Jones,player_reception_yds,draftkings,17.5,-114.0,-110.0,2026-10-10T01:46:30Z,2026-10-10T01:46:35Z
2026,5,2026_05_MIN_NO,2026-10-11T17:00:00+00:00,00-0033906,Alvin Kamara,player_reception_yds,draftkings,14.5,-110.0,-114.0,2026-10-10T01:46:30Z,2026-10-10T01:46:35Z
2026,5,2026_05_MIN_NO,2026-10-11T17:00:00+00:00,00-0037239,Chris Olave,player_reception_yds,draftkings,80.5,-114.0,-110.0,2026-10-10T01:46:30Z,2026-10-10T01:46:35Z
2026,5,2026_05_MIN_NO,2026-10-11T17:00:00+00:00,00-0039424,Devaughn Vele,player_reception_yds,draftkings,39.5,-112.0,-112.0,2026-10-10T01:46:30Z,2026-10-10T01:46:35Z
2026,5,2026_05_MIN_NO,2026-10-11T17:00:00+00:00,00-0038994,Jordan Addison,player_reception_yds,draftkings,40.5,-114.0,-110.0,2026-10-10T01:46:30Z,2026-10-10T01:46:35Z
2026,5,2026_05_MIN_NO,2026-10-11T17:00:00+00:00,00-0036322,Justin Jefferson,player_reception_yds,draftkings,77.5,-111.0,-113.0,2026-10-10T01:46:30Z,2026-10-10T01:46:35Z
2026,5,2026_05_MIN_NO,2026-10-11T17:00:00+00:00,00-0036040,Juwan Johnson,player_reception_yds,draftkings,42.5,-115.0,-109.0,2026-10-10T01:46:30Z,2026-10-10T01:46:35Z
2026,5,2026_05_MIN_NO,2026-10-11T17:00:00+00:00,00-0035644,Noah Fant,player_reception_yds,draftkings,13.5,-110.0,-114.0,2026-10-10T01:46:30Z,2026-10-10T01:46:35Z
2026,5,2026_05_MIN_NO,2026-10-11T17:00:00+00:00,00-0035229,T.J. Hockenson,player_reception_yds,draftkings,36.5,-114.0,-110.0,2026-10-10T01:46:30Z,2026-10-10T01:46:35Z
2026,5,2026_05_MIN_NO,2026-10-11T17:00:00+00:00,00-0033293,Aaron Jones,player_reception_yds,fanduel,18.5,-114.0,-114.0,2026-10-10T01:45:58Z,2026-10-10T01:46:35Z
2026,5,2026_05_MIN_NO,2026-10-11T17:00:00+00:00,00-0033906,Alvin Kamara,player_reception_yds,fanduel,13.5,-114.0,-114.0,2026-10-10T01:45:58Z,2026-10-10T01:46:35Z
2026,5,2026_05_MIN_NO,2026-10-11T17:00:00+00:00,00-0037239,Chris Olave,player_reception_yds,fanduel,81.5,-114.0,-114.0,2026-10-10T01:45:58Z,2026-10-10T01:46:35Z
2026,5,2026_05_MIN_NO,2026-10-11T17:00:00+00:00,00-0039424,Devaughn Vele,player_reception_yds,fanduel,40.5,-114.0,-114.0,2026-10-10T01:45:58Z,2026-10-10T01:46:35Z
2026,5,2026_05_MIN_NO,2026-10-11T17:00:00+00:00,00-0038994,Jordan Addison,player_reception_yds,fanduel,40.5,-114.0,-114.0,2026-10-10T01:45:58Z,2026-10-10T01:46:35Z
2026,5,2026_05_MIN_NO,2026-10-11T17:00:00+00:00,00-0036322,Justin Jefferson,player_reception_yds,fanduel,78.5,-114.0,-114.0,2026-10-10T01:45:58Z,2026-10-10T01:46:35Z
2026,5,2026_05_MIN_NO,2026-10-11T17:00:00+00:00,00-0036040,Juwan Johnson,player_reception_yds,fanduel,42.5,-114.0,-114.0,2026-10-10T01:45:58Z,2026-10-10T01:46:35Z
2026,5,2026_05_MIN_NO,2026-10-11T17:00:00+00:00,00-0035644,Noah Fant,player_reception_yds,fanduel,13.5,-114.0,-114.0,2026-10-10T01:45:58Z,2026-10-10T01:46:35Z
2026,5,2026_05_MIN_NO,2026-10-11T17:00:00+00:00,00-0035229,T.J. Hockenson,player_reception_yds,fanduel,36.5,-114.0,-114.0,2026-10-10T01:45:58Z,2026-10-10T01:46:35Z
2026,5,2026_05_MIN_NO,2026-10-11T17:00:00+00:00,00-0033293,Aaron Jones,player_receptions,betmgm,3.5,135.0,-185.0,2026-10-10T01:46:19Z,2026-10-10T01:46:35Z
2026,5,2026_05_MIN_NO,2026-10-11T17:00:00+00:00,00-0037239,Chris Olave,player_receptions,betmgm,6.5,105.0,-140.0,2026-10-10T01:46:19Z,2026-10-10T01:46:35Z
2026,5,2026_05_MIN_NO,2026-10-11T17:00:00+00:00,00-0039424,Devaughn Vele,player_receptions,betmgm,3.5,-155.0,115.0,2026-10-10T01:46:19Z,2026-10-10T01:46:35Z
2026,5,2026_05_MIN_NO,2026-10-11T17:00:00+00:00,00-0038994,Jordan Addison,player_receptions,betmgm,3.5,-105.0,-130.0,2026-10-10T01:46:19Z,2026-10-10T01:46:35Z
2026,5,2026_05_MIN_NO,2026-10-11T17:00:00+00:00,00-0036322,Justin Jefferson,player_receptions,betmgm,6.5,100.0,-135.0,2026-10-10T01:46:19Z,2026-10-10T01:46:35Z
2026,5,2026_05_MIN_NO,2026-10-11T17:00:00+00:00,00-0036040,Juwan Johnson,player_receptions,betmgm,3.5,-165.0,125.0,2026-10-10T01:46:19Z,2026-10-10T01:46:35Z
2026,5,2026_05_MIN_NO,2026-10-11T17:00:00+00:00,00-0035229,T.J. Hockenson,player_receptions,betmgm,4.5,120.0,-160.0,2026-10-10T01:46:19Z,2026-10-10T01:46:35Z
2026,5,2026_05_MIN_NO,2026-10-11T17:00:00+00:00,00-0033293,Aaron Jones,player_receptions,betonlineag,2.5,-159.0,122.0,2026-10-10T01:45:46Z,2026-10-10T01:46:35Z
2026,5,2026_05_MIN_NO,2026-10-11T17:00:00+00:00,00-0033906,Alvin Kamara,player_receptions,betonlineag,3.5,102.0,-132.0,2026-10-10T01:45:46Z,2026-10-10T01:46:35Z
2026,5,2026_05_MIN_NO,2026-10-11T17:00:00+00:00,00-0037239,Chris Olave,player_receptions,betonlineag,6.5,-105.0,-123.0,2026-10-10T01:45:46Z,2026-10-10T01:46:35Z
2026,5,2026_05_MIN_NO,2026-10-11T17:00:00+00:00,00-0039424,Devaughn Vele,player_receptions,betonlineag,3.5,-147.0,114.0,2026-10-10T01:45:46Z,2026-10-10T01:46:35Z
2026,5,2026_05_MIN_NO,2026-10-11T17:00:00+00:00,00-0036322,Justin Jefferson,player_receptions,betonlineag,6.5,103.0,-133.0,2026-10-10T01:45:46Z,2026-10-10T01:46:35Z
2026,5,2026_05_MIN_NO,2026-10-11T17:00:00+00:00,00-0036040,Juwan Johnson,player_receptions,betonlineag,4.5,113.0,-147.0,2026-10-10T01:45:46Z,2026-10-10T01:46:35Z
2026,5,2026_05_MIN_NO,2026-10-11T17:00:00+00:00,00-0035229,T.J. Hockenson,player_receptions,betonlineag,4.5,104.0,-135.0,2026-10-10T01:45:46Z,2026-10-10T01:46:35Z
2026,5,2026_05_MIN_NO,2026-10-11T17:00:00+00:00,00-0033293,Aaron Jones,player_receptions,betrivers,2.5,-175.0,,2026-10-10T01:45:22Z,2026-10-10T01:46:35Z
2026,5,2026_05_MIN_NO,2026-10-11T17:00:00+00:00,00-0033906,Alvin Kamara,player_receptions,betrivers,3.5,105.0,,2026-10-10T01:45:22Z,2026-10-10T01:46:35Z
2026,5,2026_05_MIN_NO,2026-10-11T17:00:00+00:00,00-0037239,Chris Olave,player_receptions,betrivers,6.5,-114.0,,2026-10-10T01:45:22Z,2026-10-10T01:46:35Z
2026,5,2026_05_MIN_NO,2026-10-11T17:00:00+00:00,00-0039424,Devaughn Vele,player_receptions,betrivers,3.5,-148.0,,2026-10-10T01:45:22Z,2026-10-10T01:46:35Z
2026,5,2026_05_MIN_NO,2026-10-11T17:00:00+00:00,00-0038994,Jordan Addison,player_receptions,betrivers,3.5,125.0,,2026-10-10T01:45:22Z,2026-10-10T01:46:35Z
2026,5,2026_05_MIN_NO,2026-10-11T17:00:00+00:00,00-0036322,Justin Jefferson,player_receptions,betrivers,5.5,-155.0,,2026-10-10T01:45:22Z,2026-10-10T01:46:35Z
2026,5,2026_05_MIN_NO,2026-10-11T17:00:00+00:00,00-0036040,Juwan Johnson,player_receptions,betrivers,4.5,120.0,,2026-10-10T01:45:22Z,2026-10-10T01:46:35Z
2026,5,2026_05_MIN_NO,2026-10-11T17:00:00+00:00,00-0035229,T.J. Hockenson,player_receptions,betrivers,4.5,-117.0,,2026-10-10T01:45:22Z,2026-10-10T01:46:35Z
2026,5,2026_05_MIN_NO,2026-10-11T17:00:00+00:00,00-0033293,Aaron Jones,player_receptions,bovada,2.5,-150.0,115.0,2026-10-10T01:43:59Z,2026-10-10T01:46:35Z
2026,5,2026_05_MIN_NO,2026-10-11T17:00:00+00:00,00-0033906,Alvin Kamara,player_receptions,bovada,3.5,105.0,-135.0,2026-10-10T01:43:59Z,2026-10-10T01:46:35Z
2026,5,2026_05_MIN_NO,2026-10-11T17:00:00+00:00,00-0037239,Chris Olave,player_receptions,bovada,6.5,105.0,-135.0,2026-10-10T01:43:59Z,2026-10-10T01:46:35Z
2026,5,2026_05_MIN_NO,2026-10-11T17:00:00+00:00,00-0039424,Devaughn Vele,player_receptions,bovada,3.5,-150.0,115.0,2026-10-10T01:43:59Z,2026-10-10T01:46:35Z
2026,5,2026_05_MIN_NO,2026-10-11T17:00:00+00:00,00-0038994,Jordan Addison,player_receptions,bovada,3.5,110.0,-145.0,2026-10-10T01:43:59Z,2026-10-10T01:46:35Z
2026,5,2026_05_MIN_NO,2026-10-11T17:00:00+00:00,00-0036322,Justin Jefferson,player_receptions,bovada,6.5,115.0,-150.0,2026-10-10T01:43:59Z,2026-10-10T01:46:35Z
2026,5,2026_05_MIN_NO,2026-10-11T17:00:00+00:00,00-0036040,Juwan Johnson,player_receptions,bovada,4.5,110.0,-145.0,2026-10-10T01:43:59Z,2026-10-10T01:46:35Z
2026,5,2026_05_MIN_NO,2026-10-11T17:00:00+00:00,00-0035644,Noah Fant,player_receptions,bovada,1.5,-135.0,105.0,2026-10-10T01:43:59Z,2026-10-10T01:46:35Z
2026,5,2026_05_MIN_NO,2026-10-11T17:00:00+00:00,00-0035229,T.J. Hockenson,player_receptions,bovada,4.5,-105.0,-125.0,2026-10-10T01:43:59Z,2026-10-10T01:46:35Z
2026,5,2026_05_MIN_NO,2026-10-11T17:00:00+00:00,00-0033293,Aaron Jones,player_receptions,draftkings,2.5,-151.0,118.0,2026-10-10T01:46:30Z,2026-10-10T01:46:35Z
2026,5,2026_05_MIN_NO,2026-10-11T17:00:00+00:00,00-0033906,Alvin Kamara,player_receptions,draftkings,3.5,104.0,-132.0,2026-10-10T01:46:30Z,2026-10-10T01:46:35Z
2026,5,2026_05_MIN_NO,2026-10-11T17:00:00+00:00,00-0037239,Chris Olave,player_receptions,draftkings,6.5,103.0,-131.0,2026-10-10T01:46:30Z,2026-10-10T01:46:35Z
2026,5,2026_05_MIN_NO,2026-10-11T17:00:00+00:00,00-0039424,Devaughn Vele,player_receptions,draftkings,3.5,-146.0,114.0,2026-10-10T01:46:30Z,2026-10-10T01:46:35Z
2026,5,2026_05_MIN_NO,2026-10-11T17:00:00+00:00,00-0038994,Jordan Addison,player_receptions,draftkings,3.5,109.0,-139.0,2026-10-10T01:46:30Z,2026-10-10T01:46:35Z
2026,5,2026_05_MIN_NO,2026-10-11T17:00:00+00:00,00-0036322,Justin Jefferson,player_receptions,draftkings,6.5,117.0,-150.0,2026-10-10T01:46:30Z,2026-10-10T01:46:35Z
2026,5,2026_05_MIN_NO,2026-10-11T17:00:00+00:00,00-0036040,Juwan Johnson,player_receptions,draftkings,4.5,113.0,-144.0,2026-10-10T01:46:30Z,2026-10-10T01:46:35Z
2026,5,2026_05_MIN_NO,2026-10-11T17:00:00+00:00,00-0035644,Noah Fant,player_receptions,draftkings,1.5,-134.0,105.0,2026-10-10T01:46:30Z,2026-10-10T01:46:35Z
2026,5,2026_05_MIN_NO,2026-10-11T17:00:00+00:00,00-0035229,T.J. Hockenson,player_receptions,draftkings,4.5,-102.0,-125.0,2026-10-10T01:46:30Z,2026-10-10T01:46:35Z
2026,5,2026_05_MIN_NO,2026-10-11T17:00:00+00:00,00-0033293,Aaron Jones,player_receptions,fanduel,2.5,-152.0,114.0,2026-10-10T01:45:58Z,2026-10-10T01:46:35Z
2026,5,2026_05_MIN_NO,2026-10-11T17:00:00+00:00,00-0033906,Alvin Kamara,player_receptions,fanduel,3.5,100.0,-132.0,2026-10-10T01:45:58Z,2026-10-10T01:46:35Z
2026,5,2026_05_MIN_NO,2026-10-11T17:00:00+00:00,00-0037239,Chris Olave,player_receptions,fanduel,6.5,-112.0,-118.0,2026-10-10T01:45:58Z,2026-10-10T01:46:35Z
2026,5,2026_05_MIN_NO,2026-10-11T17:00:00+00:00,00-0039424,Devaughn Vele,player_receptions,fanduel,3.5,-162.0,122.0,2026-10-10T01:45:58Z,2026-10-10T01:46:35Z
2026,5,2026_05_MIN_NO,2026-10-11T17:00:00+00:00,00-0038994,Jordan Addison,player_receptions,fanduel,3.5,112.0,-148.0,2026-10-10T01:45:58Z,2026-10-10T01:46:35Z
2026,5,2026_05_MIN_NO,2026-10-11T17:00:00+00:00,00-0036322,Justin Jefferson,player_receptions,fanduel,5.5,-180.0,134.0,2026-10-10T01:45:58Z,2026-10-10T01:46:35Z
2026,5,2026_05_MIN_NO,2026-10-11T17:00:00+00:00,00-0036040,Juwan Johnson,player_receptions,fanduel,4.5,106.0,-140.0,2026-10-10T01:45:58Z,2026-10-10T01:46:35Z
2026,5,2026_05_MIN_NO,2026-10-11T17:00:00+00:00,00-0035644,Noah Fant,player_receptions,fanduel,1.5,-144.0,108.0,2026-10-10T01:45:58Z,2026-10-10T01:46:35Z
2026,5,2026_05_MIN_NO,2026-10-11T17:00:00+00:00,00-0035229,T.J. Hockenson,player_receptions,fanduel,4.5,108.0,-144.0,2026-10-10T01:45:58Z,2026-10-10T01:46:35Z
2026,5,2026_05_MIN_NO,2026-10-11T17:00:00+00:00,00-0033293,Aaron Jones,player_rush_yds,betmgm,72.5,-115.0,-115.0,2026-10-10T01:46:19Z,2026-10-10T01:46:35Z
2026,5,2026_05_MIN_NO,2026-10-11T17:00:00+00:00,00-0033906,Alvin Kamara,player_rush_yds,betmgm,31.5,-111.0,-120.0,2026-10-10T01:46:19Z,2026-10-10T01:46:35Z
2026,5,2026_05_MIN_NO,2026-10-11T17:00:00+00:00,00-0038551,Kendre Miller,player_rush_yds,betmgm,22.5,-120.0,-111.0,2026-10-10T01:46:19Z,2026-10-10T01:46:35Z
2026,5,2026_05_MIN_NO,2026-10-11T17:00:00+00:00,00-0035228,Kyler Murray,player_rush_yds,betmgm,17.5,-115.0,-115.0,2026-10-10T01:46:19Z,2026-10-10T01:46:35Z
2026,5,2026_05_MIN_NO,2026-10-11T17:00:00+00:00,00-0040743,Tyler Shough,player_rush_yds,betmgm,8.5,-120.0,-111.0,2026-10-10T01:46:19Z,2026-10-10T01:46:35Z
2026,5,2026_05_MIN_NO,2026-10-11T17:00:00+00:00,00-0033293,Aaron Jones,player_rush_yds,betonlineag,72.5,-115.0,-112.0,2026-10-10T01:45:46Z,2026-10-10T01:46:35Z
2026,5,2026_05_MIN_NO,2026-10-11T17:00:00+00:00,00-0033906,Alvin Kamara,player_rush_yds,betonlineag,32.5,-116.0,-111.0,2026-10-10T01:45:46Z,2026-10-10T01:46:35Z
2026,5,2026_05_MIN_NO,2026-10-11T17:00:00+00:00,00-0038551,Kendre Miller,player_rush_yds,betonlineag,21.5,-115.0,-112.0,2026-10-10T01:45:46Z,2026-10-10T01:46:35Z
2026,5,2026_05_MIN_NO,2026-10-11T17:00:00+00:00,00-0035228,Kyler Murray,player_rush_yds,betonlineag,18.5,-114.0,-114.0,2026-10-10T01:45:46Z,2026-10-10T01:46:35Z
2026,5,2026_05_MIN_NO,2026-10-11T17:00:00+00:00,00-0040743,Tyler Shough,player_rush_yds,betonlineag,10.5,-106.0,-122.0,2026-10-10T01:45:46Z,2026-10-10T01:46:35Z
2026,5,2026_05_MIN_NO,2026-10-11T17:00:00+00:00,00-0033293,Aaron Jones,player_rush_yds,betrivers,71.5,-117.0,-114.0,2026-10-10T01:45:22Z,2026-10-10T01:46:35Z
2026,5,2026_05_MIN_NO,2026-10-11T17:00:00+00:00,00-0033906,Alvin Kamara,player_rush_yds,betrivers,33.5,-113.0,-118.0,2026-10-10T01:45:22Z,2026-10-10T01:46:35Z
2026,5,2026_05_MIN_NO,2026-10-11T17:00:00+00:00,00-0038551,Kendre Miller,player_rush_yds,betrivers,23.5,-114.0,-117.0,2026-10-10T01:45:22Z,2026-10-10T01:46:35Z
2026,5,2026_05_MIN_NO,2026-10-11T17:00:00+00:00,00-0035228,Kyler Murray,player_rush_yds,betrivers,17.5,-114.0,-117.0,2026-10-10T01:45:22Z,2026-10-10T01:46:35Z
2026,5,2026_05_MIN_NO,2026-10-11T17:00:00+00:00,00-0040743,Tyler Shough,player_rush_yds,betrivers,9.5,-112.0,-120.0,2026-10-10T01:45:22Z,2026-10-10T01:46:35Z
2026,5,2026_05_MIN_NO,2026-10-11T17:00:00+00:00,00-0033293,Aaron Jones,player_rush_yds,bovada,71.5,-115.0,-115.0,2026-10-10T01:43:59Z,2026-10-10T01:46:35Z
2026,5,2026_05_MIN_NO,2026-10-11T17:00:00+00:00,00-0033906,Alvin Kamara,player_rush_yds,bovada,32.5,-120.0,-110.0,2026-10-10T01:43:59Z,2026-10-10T01:46:35Z
2026,5,2026_05_MIN_NO,2026-10-11T17:00:00+00:00,00-0038551,Kendre Miller,player_rush_yds,bovada,22.5,-115.0,-115.0,2026-10-10T01:43:59Z,2026-10-10T01:46:35Z
2026,5,2026_05_MIN_NO,2026-10-11T17:00:00+00:00,00-0035228,Kyler Murray,player_rush_yds,bovada,17.5,-115.0,-115.0,2026-10-10T01:43:59Z,2026-10-10T01:46:35Z
2026,5,2026_05_MIN_NO,2026-10-11T17:00:00+00:00,00-0040743,Tyler Shough,player_rush_yds,bovada,9.5,-115.0,-115.0,2026-10-10T01:43:59Z,2026-10-10T01:46:35Z
2026,5,2026_05_MIN_NO,2026-10-11T17:00:00+00:00,00-0033293,Aaron Jones,player_rush_yds,draftkings,71.5,-112.0,-112.0,2026-10-10T01:46:30Z,2026-10-10T01:46:35Z
2026,5,2026_05_MIN_NO,2026-10-11T17:00:00+00:00,00-0033906,Alvin Kamara,player_rush_yds,draftkings,32.5,-116.0,-108.0,2026-10-10T01:46:30Z,2026-10-10T01:46:35Z
2026,5,2026_05_MIN_NO,2026-10-11T17:00:00+00:00,00-0038551,Kendre Miller,player_rush_yds,draftkings,22.5,-111.0,-113.0,2026-10-10T01:46:30Z,2026-10-10T01:46:35Z
2026,5,2026_05_MIN_NO,2026-10-11T17:00:00+00:00,00-0035228,Kyler Murray,player_rush_yds,draftkings,17.5,-113.0,-111.0,2026-10-10T01:46:30Z,2026-10-10T01:46:35Z
2026,5,2026_05_MIN_NO,2026-10-11T17:00:00+00:00,00-0040743,Tyler Shough,player_rush_yds,draftkings,9.5,-110.0,-114.0,2026-10-10T01:46:30Z,2026-10-10T01:46:35Z
2026,5,2026_05_MIN_NO,2026-10-11T17:00:00+00:00,00-0033293,Aaron Jones,player_rush_yds,fanduel,72.5,-114.0,-114.0,2026-10-10T01:45:58Z,2026-10-10T01:46:35Z
2026,5,2026_05_MIN_NO,2026-10-11T17:00:00+00:00,00-0033906,Alvin Kamara,player_rush_yds,fanduel,32.5,-114.0,-114.0,2026-10-10T01:45:58Z,2026-10-10T01:46:35Z
2026,5,2026_05_MIN_NO,2026-10-11T17:00:00+00:00,00-0038551,Kendre Miller,player_rush_yds,fanduel,21.5,-114.0,-114.0,2026-10-10T01:45:58Z,2026-10-10T01:46:35Z
2026,5,2026_05_MIN_NO,2026-10-11T17:00:00+00:00,00-0035228,Kyler Murray,player_rush_yds,fanduel,17.5,-114.0,-114.0,2026-10-10T01:45:58Z,2026-10-10T01:46:35Z
2026,5,2026_05_MIN_NO,2026-10-11T17:00:00+00:00,00-0040743,Tyler Shough,player_rush_yds,fanduel,8.5,-114.0,-114.0,2026-10-10T01:45:58Z,2026-10-10T01:46:35Z
2026,5,2026_05_NYG_WAS,2026-10-11T17:00:00+00:00,00-0041040,Antonio Williams,player_anytime_td,betmgm,,260.0,,2026-10-10T01:45:06Z,2026-10-10T01:46:35Z
2026,5,2026_05_NYG_WAS,2026-10-11T17:00:00+00:00,00-0033699,Austin Ekeler,player_anytime_td,betmgm,,390.0,,2026-10-10T01:45:06Z,2026-10-10T01:46:35Z
2026,5,2026_05_NYG_WAS,2026-10-11T17:00:00+00:00,00-0039912,Ben Sinnott,player_anytime_td,betmgm,,1400.0,,2026-10-10T01:45:06Z,2026-10-10T01:46:35Z
2026,5,2026_05_NYG_WAS,2026-10-11T17:00:00+00:00,00-0040715,Cam Skattebo,player_anytime_td,betmgm,,105.0,,2026-10-10T01:45:06Z,2026-10-10T01:46:35Z
2026,5,2026_05_NYG_WAS,2026-10-11T17:00:00+00:00,00-0038576,Charlie Jones,player_anytime_td,betmgm,,1900.0,,2026-10-10T01:45:06Z,2026-10-10T01:46:35Z
2026,5,2026_05_NYG_WAS,2026-10-11T17:00:00+00:00,00-0037809,Chig Okonkwo,player_anytime_td,betmgm,,325.0,,2026-10-10T01:45:06Z,2026-10-10T01:46:35Z
2026,5,2026_05_NYG_WAS,2026-10-11T17:00:00+00:00,00-0031484,Chris Manhertz,player_anytime_td,betmgm,,3000.0,,2026-10-10T01:45:06Z,2026-10-10T01:46:35Z
2026,5,2026_05_NYG_WAS,2026-10-11T17:00:00+00:00,00-0036309,Darnell Mooney,player_anytime_td,betmgm,,700.0,,2026-10-10T01:45:06Z,2026-10-10T01:46:35Z
2026,5,2026_05_NYG_WAS,2026-10-11T17:00:00+00:00,00-0036626,Dyami Brown,player_anytime_td,betmgm,,450.0,,2026-10-10T01:45:06Z,2026-10-10T01:46:35Z
2026,5,2026_05_NYG_WAS,2026-10-11T17:00:00+00:00,00-0037838,Isaiah Likely,player_anytime_td,betmgm,,250.0,,2026-10-10T01:45:06Z,2026-10-10T01:46:35Z
2026,5,2026_05_NYG_WAS,2026-10-11T17:00:00+00:00,00-0040242,Jacory Croskey-Merritt,player_anytime_td,betmgm,,105.0,,2026-10-10T01:45:06Z,2026-10-10T01:46:35Z
2026,5,2026_05_NYG_WAS,2026-10-11T17:00:00+00:00,00-0031503,Jameis Winston,player_anytime_td,betmgm,,825.0,,2026-10-10T01:45:06Z,2026-10-10T01:46:35Z
2026,5,2026_05_NYG_WAS,2026-10-11T17:00:00+00:00,00-0039910,Jayden Daniels,player_anytime_td,betmgm,,250.0,,2026-10-10T01:45:06Z,2026-10-10T01:46:35Z
2026,5,2026_05_NYG_WAS,2026-10-11T17:00:00+00:00,00-0036628,John Bates,player_anytime_td,betmgm,,1400.0,,2026-10-10T01:45:06Z,2026-10-10T01:46:35Z
2026,5,2026_05_NYG_WAS,2026-10-11T17:00:00+00:00,00-0041042,Malachi Fields,player_anytime_td,betmgm,,390.0,,2026-10-10T01:45:06Z,2026-10-10T01:46:35Z
2026,5,2026_05_NYG_WAS,2026-10-11T17:00:00+00:00,00-0039337,Malik Nabers,player_anytime_td,betmgm,,210.0,,2026-10-10T01:45:06Z,2026-10-10T01:46:35Z
2026,5,2026_05_NYG_WAS,2026-10-11T17:00:00+00:00,00-0036893,Najee Harris,player_anytime_td,betmgm,,390.0,,2026-10-10T01:45:06Z,2026-10-10T01:46:35Z
2026,5,2026_05_NYG_WAS,2026-10-11T17:00:00+00:00,,New York Giants D/ST,player_anytime_td,betmgm,,600.0,,2026-10-10T01:45:06Z,2026-10-10T01:46:35Z
2026,5,2026_05_NYG_WAS,2026-10-11T17:00:00+00:00,00-0033376,Patrick Ricard,player_anytime_td,betmgm,,3000.0,,2026-10-10T01:45:06Z,2026-10-10T01:46:35Z
2026,5,2026_05_NYG_WAS,2026-10-11T17:00:00+00:00,00-0037256,Rachaad White,player_anytime_td,betmgm,,230.0,,2026-10-10T01:45:06Z,2026-10-10T01:46:35Z
2026,5,2026_05_NYG_WAS,2026-10-11T17:00:00+00:00,00-0035659,Terry McLaurin,player_anytime_td,betmgm,,175.0,,2026-10-10T01:45:06Z,2026-10-10T01:46:35Z
2026,5,2026_05_NYG_WAS,2026-10-11T17:00:00+00:00,00-0039847,Theo Johnson,player_anytime_td,betmgm,,825.0,,2026-10-10T01:45:06Z,2026-10-10T01:46:35Z
2026,5,2026_05_NYG_WAS,2026-10-11T17:00:00+00:00,00-0037742,Treylon Burks,player_anytime_td,betmgm,,350.0,,2026-10-10T01:45:06Z,2026-10-10T01:46:35Z
2026,5,2026_05_NYG_WAS,2026-10-11T17:00:00+00:00,00-0039384,Tyrone Tracy Jr.,player_anytime_td,betmgm,,775.0,,2026-10-10T01:45:06Z,2026-10-10T01:46:35Z
2026,5,2026_05_NYG_WAS,2026-10-11T17:00:00+00:00,,Washington Commanders D/ST,player_anytime_td,betmgm,,450.0,,2026-10-10T01:45:06Z,2026-10-10T01:46:35Z
2026,5,2026_05_NYG_WAS,2026-10-11T17:00:00+00:00,00-0041040,Antonio Williams,player_anytime_td,betonlineag,,280.0,,2026-10-10T01:45:50Z,2026-10-10T01:46:35Z
2026,5,2026_05_NYG_WAS,2026-10-11T17:00:00+00:00,00-0033699,Austin Ekeler,player_anytime_td,betonlineag,,500.0,,2026-10-10T01:45:50Z,2026-10-10T01:46:35Z
2026,5,2026_05_NYG_WAS,2026-10-11T17:00:00+00:00,00-0039912,Ben Sinnott,player_anytime_td,betonlineag,,1300.0,,2026-10-10T01:45:50Z,2026-10-10T01:46:35Z
2026,5,2026_05_NYG_WAS,2026-10-11T17:00:00+00:00,00-0040715,Cam Skattebo,player_anytime_td,betonlineag,,110.0,,2026-10-10T01:45:50Z,2026-10-10T01:46:35Z
2026,5,2026_05_NYG_WAS,2026-10-11T17:00:00+00:00,00-0037809,Chig Okonkwo,player_anytime_td,betonlineag,,300.0,,2026-10-10T01:45:50Z,2026-10-10T01:46:35Z
2026,5,2026_05_NYG_WAS,2026-10-11T17:00:00+00:00,00-0031484,Chris Manhertz,player_anytime_td,betonlineag,,2400.0,,2026-10-10T01:45:50Z,2026-10-10T01:46:35Z
2026,5,2026_05_NYG_WAS,2026-10-11T17:00:00+00:00,00-0039686,Colson Yankoff,player_anytime_td,betonlineag,,1900.0,,2026-10-10T01:45:50Z,2026-10-10T01:46:35Z
2026,5,2026_05_NYG_WAS,2026-10-11T17:00:00+00:00,00-0036309,Darnell Mooney,player_anytime_td,betonlineag,,650.0,,2026-10-10T01:45:50Z,2026-10-10T01:46:35Z
2026,5,2026_05_NYG_WAS,2026-10-11T17:00:00+00:00,00-0035250,Devin Singletary,player_anytime_td,betonlineag,,800.0,,2026-10-10T01:45:50Z,2026-10-10T01:46:35Z
2026,5,2026_05_NYG_WAS,2026-10-11T17:00:00+00:00,00-0036626,Dyami Brown,player_anytime_td,betonlineag,,325.0,,2026-10-10T01:45:50Z,2026-10-10T01:46:35Z
2026,5,2026_05_NYG_WAS,2026-10-11T17:00:00+00:00,00-0037838,Isaiah Likely,player_anytime_td,betonlineag,,220.0,,2026-10-10T01:45:50Z,2026-10-10T01:46:35Z
2026,5,2026_05_NYG_WAS,2026-10-11T17:00:00+00:00,00-0040242,Jacory Croskey-Merritt,player_anytime_td,betonlineag,,120.0,,2026-10-10T01:45:50Z,2026-10-10T01:46:35Z
2026,5,2026_05_NYG_WAS,2026-10-11T17:00:00+00:00,00-0031503,Jameis Winston,player_anytime_td,betonlineag,,1000.0,,2026-10-10T01:45:50Z,2026-10-10T01:46:35Z
2026,5,2026_05_NYG_WAS,2026-10-11T17:00:00+00:00,00-0039910,Jayden Daniels,player_anytime_td,betonlineag,,210.0,,2026-10-10T01:45:50Z,2026-10-10T01:46:35Z
2026,5,2026_05_NYG_WAS,2026-10-11T17:00:00+00:00,00-0036628,John Bates,player_anytime_td,betonlineag,,1100.0,,2026-10-10T01:45:50Z,2026-10-10T01:46:35Z
2026,5,2026_05_NYG_WAS,2026-10-11T17:00:00+00:00,00-0039355,Luke McCaffrey,player_anytime_td,betonlineag,,1100.0,,2026-10-10T01:45:50Z,2026-10-10T01:46:35Z
2026,5,2026_05_NYG_WAS,2026-10-11T17:00:00+00:00,00-0041042,Malachi Fields,player_anytime_td,betonlineag,,450.0,,2026-10-10T01:45:50Z,2026-10-10T01:46:35Z
2026,5,2026_05_NYG_WAS,2026-10-11T17:00:00+00:00,00-0039337,Malik Nabers,player_anytime_td,betonlineag,,200.0,,2026-10-10T01:45:50Z,2026-10-10T01:46:35Z
2026,5,2026_05_NYG_WAS,2026-10-11T17:00:00+00:00,00-0036893,Najee Harris,player_anytime_td,betonlineag,,350.0,,2026-10-10T01:45:50Z,2026-10-10T01:46:35Z
2026,5,2026_05_NYG_WAS,2026-10-11T17:00:00+00:00,00-0033376,Patrick Ricard,player_anytime_td,betonlineag,,1900.0,,2026-10-10T01:45:50Z,2026-10-10T01:46:35Z
2026,5,2026_05_NYG_WAS,2026-10-11T17:00:00+00:00,00-0037256,Rachaad White,player_anytime_td,betonlineag,,200.0,,2026-10-10T01:45:50Z,2026-10-10T01:46:35Z
2026,5,2026_05_NYG_WAS,2026-10-11T17:00:00+00:00,00-0035659,Terry McLaurin,player_anytime_td,betonlineag,,160.0,,2026-10-10T01:45:50Z,2026-10-10T01:46:35Z
2026,5,2026_05_NYG_WAS,2026-10-11T17:00:00+00:00,00-0039847,Theo Johnson,player_anytime_td,betonlineag,,700.0,,2026-10-10T01:45:50Z,2026-10-10T01:46:35Z
2026,5,2026_05_NYG_WAS,2026-10-11T17:00:00+00:00,00-0040225,Thomas Fidone,player_anytime_td,betonlineag,,2400.0,,2026-10-10T01:45:50Z,2026-10-10T01:46:35Z
2026,5,2026_05_NYG_WAS,2026-10-11T17:00:00+00:00,00-0037742,Treylon Burks,player_anytime_td,betonlineag,,350.0,,2026-10-10T01:45:50Z,2026-10-10T01:46:35Z
2026,5,2026_05_NYG_WAS,2026-10-11T17:00:00+00:00,00-0039384,Tyrone Tracy Jr.,player_anytime_td,betonlineag,,800.0,,2026-10-10T01:45:50Z,2026-10-10T01:46:35Z
2026,5,2026_05_NYG_WAS,2026-10-11T17:00:00+00:00,00-0041040,Antonio Williams,player_anytime_td,betrivers,,310.0,,2026-10-10T01:46:23Z,2026-10-10T01:46:35Z
2026,5,2026_05_NYG_WAS,2026-10-11T17:00:00+00:00,00-0033699,Austin Ekeler,player_anytime_td,betrivers,,540.0,,2026-10-10T01:46:23Z,2026-10-10T01:46:35Z
2026,5,2026_05_NYG_WAS,2026-10-11T17:00:00+00:00,00-0039912,Ben Sinnott,player_anytime_td,betrivers,,1500.0,,2026-10-10T01:46:23Z,2026-10-10T01:46:35Z
2026,5,2026_05_NYG_WAS,2026-10-11T17:00:00+00:00,00-0040715,Cam Skattebo,player_anytime_td,betrivers,,118.0,,2026-10-10T01:46:23Z,2026-10-10T01:46:35Z
2026,5,2026_05_NYG_WAS,2026-10-11T17:00:00+00:00,00-0038576,Charlie Jones,player_anytime_td,betrivers,,1300.0,,2026-10-10T01:46:23Z,2026-10-10T01:46:35Z
2026,5,2026_05_NYG_WAS,2026-10-11T17:00:00+00:00,00-0037809,Chig Okonkwo,player_anytime_td,betrivers,,290.0,,2026-10-10T01:46:23Z,2026-10-10T01:46:35Z
2026,5,2026_05_NYG_WAS,2026-10-11T17:00:00+00:00,00-0031484,Chris Manhertz,player_anytime_td,betrivers,,2000.0,,2026-10-10T01:46:23Z,2026-10-10T01:46:35Z
2026,5,2026_05_NYG_WAS,2026-10-11T17:00:00+00:00,00-0039686,Colson Yankoff,player_anytime_td,betrivers,,2000.0,,2026-10-10T01:46:23Z,2026-10-10T01:46:35Z
2026,5,2026_05_NYG_WAS,2026-10-11T17:00:00+00:00,00-0036309,Darnell Mooney,player_anytime_td,betrivers,,550.0,,2026-10-10T01:46:23Z,2026-10-10T01:46:35Z
2026,5,2026_05_NYG_WAS,2026-10-11T17:00:00+00:00,00-0035250,Devin Singletary,player_anytime_td,betrivers,,800.0,,2026-10-10T01:46:23Z,2026-10-10T01:46:35Z
2026,5,2026_05_NYG_WAS,2026-10-11T17:00:00+00:00,00-0036626,Dyami Brown,player_anytime_td,betrivers,,440.0,,2026-10-10T01:46:23Z,2026-10-10T01:46:35Z
2026,5,2026_05_NYG_WAS,2026-10-11T17:00:00+00:00,00-0037838,Isaiah Likely,player_anytime_td,betrivers,,260.0,,2026-10-10T01:46:23Z,2026-10-10T01:46:35Z
2026,5,2026_05_NYG_WAS,2026-10-11T17:00:00+00:00,00-0040242,Jacory Croskey-Merritt,player_anytime_td,betrivers,,155.0,,2026-10-10T01:46:23Z,2026-10-10T01:46:35Z
2026,5,2026_05_NYG_WAS,2026-10-11T17:00:00+00:00,00-0031503,Jameis Winston,player_anytime_td,betrivers,,900.0,,2026-10-10T01:46:23Z,2026-10-10T01:46:35Z
2026,5,2026_05_NYG_WAS,2026-10-11T17:00:00+00:00,00-0039910,Jayden Daniels,player_anytime_td,betrivers,,275.0,,2026-10-10T01:46:23Z,2026-10-10T01:46:35Z
2026,5,2026_05_NYG_WAS,2026-10-11T17:00:00+00:00,00-0036628,John Bates,player_anytime_td,betrivers,,1500.0,,2026-10-10T01:46:23Z,2026-10-10T01:46:35Z
2026,5,2026_05_NYG_WAS,2026-10-11T17:00:00+00:00,00-0039355,Luke McCaffrey,player_anytime_td,betrivers,,900.0,,2026-10-10T01:46:23Z,2026-10-10T01:46:35Z
2026,5,2026_05_NYG_WAS,2026-10-11T17:00:00+00:00,00-0041042,Malachi Fields,player_anytime_td,betrivers,,380.0,,2026-10-10T01:46:23Z,2026-10-10T01:46:35Z
2026,5,2026_05_NYG_WAS,2026-10-11T17:00:00+00:00,00-0039337,Malik Nabers,player_anytime_td,betrivers,,175.0,,2026-10-10T01:46:23Z,2026-10-10T01:46:35Z
2026,5,2026_05_NYG_WAS,2026-10-11T17:00:00+00:00,00-0036893,Najee Harris,player_anytime_td,betrivers,,380.0,,2026-10-10T01:46:23Z,2026-10-10T01:46:35Z
2026,5,2026_05_NYG_WAS,2026-10-11T17:00:00+00:00,00-0033376,Patrick Ricard,player_anytime_td,betrivers,,2800.0,,2026-10-10T01:46:23Z,2026-10-10T01:46:35Z
2026,5,2026_05_NYG_WAS,2026-10-11T17:00:00+00:00,00-0037256,Rachaad White,player_anytime_td,betrivers,,225.0,,2026-10-10T01:46:23Z,2026-10-10T01:46:35Z
2026,5,2026_05_NYG_WAS,2026-10-11T17:00:00+00:00,00-0035659,Terry McLaurin,player_anytime_td,betrivers,,170.0,,2026-10-10T01:46:23Z,2026-10-10T01:46:35Z
2026,5,2026_05_NYG_WAS,2026-10-11T17:00:00+00:00,00-0039847,Theo Johnson,player_anytime_td,betrivers,,850.0,,2026-10-10T01:46:23Z,2026-10-10T01:46:35Z
2026,5,2026_05_NYG_WAS,2026-10-11T17:00:00+00:00,00-0040225,Thomas Fidone,player_anytime_td,betrivers,,1900.0,,2026-10-10T01:46:23Z,2026-10-10T01:46:35Z
2026,5,2026_05_NYG_WAS,2026-10-11T17:00:00+00:00,00-0037742,Treylon Burks,player_anytime_td,betrivers,,310.0,,2026-10-10T01:46:23Z,2026-10-10T01:46:35Z
2026,5,2026_05_NYG_WAS,2026-10-11T17:00:00+00:00,00-0039384,Tyrone Tracy Jr.,player_anytime_td,betrivers,,1000.0,,2026-10-10T01:46:23Z,2026-10-10T01:46:35Z
2026,5,2026_05_NYG_WAS,2026-10-11T17:00:00+00:00,00-0041040,Antonio Williams,player_anytime_td,bovada,,290.0,,2026-10-10T01:45:12Z,2026-10-10T01:46:35Z
2026,5,2026_05_NYG_WAS,2026-10-11T17:00:00+00:00,00-0033699,Austin Ekeler,player_anytime_td,bovada,,625.0,,2026-10-10T01:45:12Z,2026-10-10T01:46:35Z
2026,5,2026_05_NYG_WAS,2026-10-11T17:00:00+00:00,00-0039912,Ben Sinnott,player_anytime_td,bovada,,1300.0,,2026-10-10T01:45:12Z,2026-10-10T01:46:35Z
2026,5,2026_05_NYG_WAS,2026-10-11T17:00:00+00:00,00-0040715,Cam Skattebo,player_anytime_td,bovada,,125.0,,2026-10-10T01:45:12Z,2026-10-10T01:46:35Z
2026,5,2026_05_NYG_WAS,2026-10-11T17:00:00+00:00,00-0038576,Charlie Jones,player_anytime_td,bovada,,1500.0,,2026-10-10T01:45:12Z,2026-10-10T01:46:35Z
2026,5,2026_05_NYG_WAS,2026-10-11T17:00:00+00:00,00-0037809,Chig Okonkwo,player_anytime_td,bovada,,300.0,,2026-10-10T01:45:12Z,2026-10-10T01:46:35Z
2026,5,2026_05_NYG_WAS,2026-10-11T17:00:00+00:00,00-0031484,Chris Manhertz,player_anytime_td,bovada,,2500.0,,2026-10-10T01:45:12Z,2026-10-10T01:46:35Z
2026,5,2026_05_NYG_WAS,2026-10-11T17:00:00+00:00,00-0039686,Colson Yankoff,player_anytime_td,bovada,,2200.0,,2026-10-10T01:45:12Z,2026-10-10T01:46:35Z
2026,5,2026_05_NYG_WAS,2026-10-11T17:00:00+00:00,00-0036309,Darnell Mooney,player_anytime_td,bovada,,700.0,,2026-10-10T01:45:12Z,2026-10-10T01:46:35Z
2026,5,2026_05_NYG_WAS,2026-10-11T17:00:00+00:00,00-0035250,Devin Singletary,player_anytime_td,bovada,,1100.0,,2026-10-10T01:45:12Z,2026-10-10T01:46:35Z
2026,5,2026_05_NYG_WAS,2026-10-11T17:00:00+00:00,00-0036626,Dyami Brown,player_anytime_td,bovada,,340.0,,2026-10-10T01:45:12Z,2026-10-10T01:46:35Z
2026,5,2026_05_NYG_WAS,2026-10-11T17:00:00+00:00,00-0037838,Isaiah Likely,player_anytime_td,bovada,,225.0,,2026-10-10T01:45:12Z,2026-10-10T01:46:35Z
2026,5,2026_05_NYG_WAS,2026-10-11T17:00:00+00:00,00-0040242,Jacory Croskey-Merritt,player_anytime_td,bovada,,155.0,,2026-10-10T01:45:12Z,2026-10-10T01:46:35Z
2026,5,2026_05_NYG_WAS,2026-10-11T17:00:00+00:00,00-0031503,Jameis Winston,player_anytime_td,bovada,,1000.0,,2026-10-10T01:45:12Z,2026-10-10T01:46:35Z
2026,5,2026_05_NYG_WAS,2026-10-11T17:00:00+00:00,00-0039910,Jayden Daniels,player_anytime_td,bovada,,235.0,,2026-10-10T01:45:12Z,2026-10-10T01:46:35Z
2026,5,2026_05_NYG_WAS,2026-10-11T17:00:00+00:00,00-0036628,John Bates,player_anytime_td,bovada,,1100.0,,2026-10-10T01:45:12Z,2026-10-10T01:46:35Z
2026,5,2026_05_NYG_WAS,2026-10-11T17:00:00+00:00,00-0039355,Luke McCaffrey,player_anytime_td,bovada,,1300.0,,2026-10-10T01:45:12Z,2026-10-10T01:46:35Z
2026,5,2026_05_NYG_WAS,2026-10-11T17:00:00+00:00,00-0041042,Malachi Fields,player_anytime_td,bovada,,460.0,,2026-10-10T01:45:12Z,2026-10-10T01:46:35Z
2026,5,2026_05_NYG_WAS,2026-10-11T17:00:00+00:00,00-0039337,Malik Nabers,player_anytime_td,bovada,,210.0,,2026-10-10T01:45:12Z,2026-10-10T01:46:35Z
2026,5,2026_05_NYG_WAS,2026-10-11T17:00:00+00:00,00-0036893,Najee Harris,player_anytime_td,bovada,,400.0,,2026-10-10T01:45:12Z,2026-10-10T01:46:35Z
2026,5,2026_05_NYG_WAS,2026-10-11T17:00:00+00:00,,New York Giants D/ST,player_anytime_td,bovada,,525.0,,2026-10-10T01:45:12Z,2026-10-10T01:46:35Z
2026,5,2026_05_NYG_WAS,2026-10-11T17:00:00+00:00,00-0033376,Patrick Ricard,player_anytime_td,bovada,,2500.0,,2026-10-10T01:45:12Z,2026-10-10T01:46:35Z
2026,5,2026_05_NYG_WAS,2026-10-11T17:00:00+00:00,00-0037256,Rachaad White,player_anytime_td,bovada,,215.0,,2026-10-10T01:45:12Z,2026-10-10T01:46:35Z
2026,5,2026_05_NYG_WAS,2026-10-11T17:00:00+00:00,00-0035659,Terry McLaurin,player_anytime_td,bovada,,190.0,,2026-10-10T01:45:12Z,2026-10-10T01:46:35Z
2026,5,2026_05_NYG_WAS,2026-10-11T17:00:00+00:00,00-0039847,Theo Johnson,player_anytime_td,bovada,,825.0,,2026-10-10T01:45:12Z,2026-10-10T01:46:35Z
2026,5,2026_05_NYG_WAS,2026-10-11T17:00:00+00:00,00-0040225,Thomas Fidone,player_anytime_td,bovada,,3300.0,,2026-10-10T01:45:12Z,2026-10-10T01:46:35Z
2026,5,2026_05_NYG_WAS,2026-10-11T17:00:00+00:00,00-0037742,Treylon Burks,player_anytime_td,bovada,,360.0,,2026-10-10T01:45:12Z,2026-10-10T01:46:35Z
2026,5,2026_05_NYG_WAS,2026-10-11T17:00:00+00:00,00-0039384,Tyrone Tracy Jr.,player_anytime_td,bovada,,900.0,,2026-10-10T01:45:12Z,2026-10-10T01:46:35Z
2026,5,2026_05_NYG_WAS,2026-10-11T17:00:00+00:00,,Washington Commanders D/ST,player_anytime_td,bovada,,440.0,,2026-10-10T01:45:12Z,2026-10-10T01:46:35Z
2026,5,2026_05_NYG_WAS,2026-10-11T17:00:00+00:00,00-0041040,Antonio Williams,player_anytime_td,draftkings,,290.0,,2026-10-10T01:46:20Z,2026-10-10T01:46:35Z
2026,5,2026_05_NYG_WAS,2026-10-11T17:00:00+00:00,00-0033699,Austin Ekeler,player_anytime_td,draftkings,,650.0,,2026-10-10T01:46:20Z,2026-10-10T01:46:35Z
2026,5,2026_05_NYG_WAS,2026-10-11T17:00:00+00:00,00-0039912,Ben Sinnott,player_anytime_td,draftkings,,1300.0,,2026-10-10T01:46:20Z,2026-10-10T01:46:35Z
2026,5,2026_05_NYG_WAS,2026-10-11T17:00:00+00:00,00-0040715,Cam Skattebo,player_anytime_td,draftkings,,125.0,,2026-10-10T01:46:20Z,2026-10-10T01:46:35Z
2026,5,2026_05_NYG_WAS,2026-10-11T17:00:00+00:00,00-0038576,Charlie Jones,player_anytime_td,draftkings,,1500.0,,2026-10-10T01:46:20Z,2026-10-10T01:46:35Z
2026,5,2026_05_NYG_WAS,2026-10-11T17:00:00+00:00,00-0037809,Chig Okonkwo,player_anytime_td,draftkings,,300.0,,2026-10-10T01:46:20Z,2026-10-10T01:46:35Z
2026,5,2026_05_NYG_WAS,2026-10-11T17:00:00+00:00,00-0031484,Chris Manhertz,player_anytime_td,draftkings,,2500.0,,2026-10-10T01:46:20Z,2026-10-10T01:46:35Z
2026,5,2026_05_NYG_WAS,2026-10-11T17:00:00+00:00,00-0039686,Colson Yankoff,player_anytime_td,draftkings,,2200.0,,2026-10-10T01:46:20Z,2026-10-10T01:46:35Z
2026,5,2026_05_NYG_WAS,2026-10-11T17:00:00+00:00,00-0036309,Darnell Mooney,player_anytime_td,draftkings,,700.0,,2026-10-10T01:46:20Z,2026-10-10T01:46:35Z
2026,5,2026_05_NYG_WAS,2026-10-11T17:00:00+00:00,00-0035250,Devin Singletary,player_anytime_td,draftkings,,1100.0,,2026-10-10T01:46:20Z,2026-10-10T01:46:35Z
2026,5,2026_05_NYG_WAS,2026-10-11T17:00:00+00:00,00-0036626,Dyami Brown,player_anytime_td,draftkings,,340.0,,2026-10-10T01:46:20Z,2026-10-10T01:46:35Z
2026,5,2026_05_NYG_WAS,2026-10-11T17:00:00+00:00,00-0037838,Isaiah Likely,player_anytime_td,draftkings,,225.0,,2026-10-10T01:46:20Z,2026-10-10T01:46:35Z
2026,5,2026_05_NYG_WAS,2026-10-11T17:00:00+00:00,00-0040242,Jacory Croskey-Merritt,player_anytime_td,draftkings,,155.0,,2026-10-10T01:46:20Z,2026-10-10T01:46:35Z
2026,5,2026_05_NYG_WAS,2026-10-11T17:00:00+00:00,00-0031503,Jameis Winston,player_anytime_td,draftkings,,1000.0,,2026-10-10T01:46:20Z,2026-10-10T01:46:35Z
2026,5,2026_05_NYG_WAS,2026-10-11T17:00:00+00:00,00-0039910,Jayden Daniels,player_anytime_td,draftkings,,235.0,,2026-10-10T01:46:20Z,2026-10-10T01:46:35Z
2026,5,2026_05_NYG_WAS,2026-10-11T17:00:00+00:00,00-0036628,John Bates,player_anytime_td,draftkings,,1100.0,,2026-10-10T01:46:20Z,2026-10-10T01:46:35Z
2026,5,2026_05_NYG_WAS,2026-10-11T17:00:00+00:00,00-0039355,Luke McCaffrey,player_anytime_td,draftkings,,1300.0,,2026-10-10T01:46:20Z,2026-10-10T01:46:35Z
2026,5,2026_05_NYG_WAS,2026-10-11T17:00:00+00:00,00-0041042,Malachi Fields,player_anytime_td,draftkings,,475.0,,2026-10-10T01:46:20Z,2026-10-10T01:46:35Z
2026,5,2026_05_NYG_WAS,2026-10-11T17:00:00+00:00,00-0039337,Malik Nabers,player_anytime_td,draftkings,,210.0,,2026-10-10T01:46:20Z,2026-10-10T01:46:35Z
2026,5,2026_05_NYG_WAS,2026-10-11T17:00:00+00:00,00-0036893,Najee Harris,player_anytime_td,draftkings,,400.0,,2026-10-10T01:46:20Z,2026-10-10T01:46:35Z
2026,5,2026_05_NYG_WAS,2026-10-11T17:00:00+00:00,,New York Giants D/ST,player_anytime_td,draftkings,,550.0,,2026-10-10T01:46:20Z,2026-10-10T01:46:35Z
2026,5,2026_05_NYG_WAS,2026-10-11T17:00:00+00:00,00-0033376,Patrick Ricard,player_anytime_td,draftkings,,2500.0,,2026-10-10T01:46:20Z,2026-10-10T01:46:35Z
2026,5,2026_05_NYG_WAS,2026-10-11T17:00:00+00:00,00-0037256,Rachaad White,player_anytime_td,draftkings,,215.0,,2026-10-10T01:46:20Z,2026-10-10T01:46:35Z
2026,5,2026_05_NYG_WAS,2026-10-11T17:00:00+00:00,00-0035659,Terry McLaurin,player_anytime_td,draftkings,,190.0,,2026-10-10T01:46:20Z,2026-10-10T01:46:35Z
2026,5,2026_05_NYG_WAS,2026-10-11T17:00:00+00:00,00-0039847,Theo Johnson,player_anytime_td,draftkings,,850.0,,2026-10-10T01:46:20Z,2026-10-10T01:46:35Z
2026,5,2026_05_NYG_WAS,2026-10-11T17:00:00+00:00,00-0040225,Thomas Fidone,player_anytime_td,draftkings,,3500.0,,2026-10-10T01:46:20Z,2026-10-10T01:46:35Z
2026,5,2026_05_NYG_WAS,2026-10-11T17:00:00+00:00,00-0037742,Treylon Burks,player_anytime_td,draftkings,,360.0,,2026-10-10T01:46:20Z,2026-10-10T01:46:35Z
2026,5,2026_05_NYG_WAS,2026-10-11T17:00:00+00:00,00-0039384,Tyrone Tracy Jr.,player_anytime_td,draftkings,,900.0,,2026-10-10T01:46:20Z,2026-10-10T01:46:35Z
2026,5,2026_05_NYG_WAS,2026-10-11T17:00:00+00:00,,Washington Commanders D/ST,player_anytime_td,draftkings,,450.0,,2026-10-10T01:46:20Z,2026-10-10T01:46:35Z
2026,5,2026_05_NYG_WAS,2026-10-11T17:00:00+00:00,00-0041040,Antonio Williams,player_anytime_td,fanduel,,310.0,,2026-10-10T01:45:51Z,2026-10-10T01:46:35Z
2026,5,2026_05_NYG_WAS,2026-10-11T17:00:00+00:00,00-0033699,Austin Ekeler,player_anytime_td,fanduel,,500.0,,2026-10-10T01:45:51Z,2026-10-10T01:46:35Z
2026,5,2026_05_NYG_WAS,2026-10-11T17:00:00+00:00,00-0039912,Ben Sinnott,player_anytime_td,fanduel,,1500.0,,2026-10-10T01:45:51Z,2026-10-10T01:46:35Z
2026,5,2026_05_NYG_WAS,2026-10-11T17:00:00+00:00,00-0040715,Cam Skattebo,player_anytime_td,fanduel,,130.0,,2026-10-10T01:45:51Z,2026-10-10T01:46:35Z
2026,5,2026_05_NYG_WAS,2026-10-11T17:00:00+00:00,00-0038576,Charlie Jones,player_anytime_td,fanduel,,1300.0,,2026-10-10T01:45:51Z,2026-10-10T01:46:35Z
2026,5,2026_05_NYG_WAS,2026-10-11T17:00:00+00:00,00-0037809,Chig Okonkwo,player_anytime_td,fanduel,,330.0,,2026-10-10T01:45:51Z,2026-10-10T01:46:35Z
2026,5,2026_05_NYG_WAS,2026-10-11T17:00:00+00:00,00-0031484,Chris Manhertz,player_anytime_td,fanduel,,2700.0,,2026-10-10T01:45:51Z,2026-10-10T01:46:35Z
2026,5,2026_05_NYG_WAS,2026-10-11T17:00:00+00:00,00-0039686,Colson Yankoff,player_anytime_td,fanduel,,2500.0,,2026-10-10T01:45:51Z,2026-10-10T01:46:35Z
2026,5,2026_05_NYG_WAS,2026-10-11T17:00:00+00:00,00-0036309,Darnell Mooney,player_anytime_td,fanduel,,750.0,,2026-10-10T01:45:51Z,2026-10-10T01:46:35Z
2026,5,2026_05_NYG_WAS,2026-10-11T17:00:00+00:00,00-0035250,Devin Singletary,player_anytime_td,fanduel,,900.0,,2026-10-10T01:45:51Z,2026-10-10T01:46:35Z
2026,5,2026_05_NYG_WAS,2026-10-11T17:00:00+00:00,00-0036626,Dyami Brown,player_anytime_td,fanduel,,350.0,,2026-10-10T01:45:51Z,2026-10-10T01:46:35Z
2026,5,2026_05_NYG_WAS,2026-10-11T17:00:00+00:00,00-0037838,Isaiah Likely,player_anytime_td,fanduel,,240.0,,2026-10-10T01:45:51Z,2026-10-10T01:46:35Z
2026,5,2026_05_NYG_WAS,2026-10-11T17:00:00+00:00,00-0040242,Jacory Croskey-Merritt,player_anytime_td,fanduel,,155.0,,2026-10-10T01:45:51Z,2026-10-10T01:46:35Z
2026,5,2026_05_NYG_WAS,2026-10-11T17:00:00+00:00,00-0031503,Jameis Winston,player_anytime_td,fanduel,,1000.0,,2026-10-10T01:45:51Z,2026-10-10T01:46:35Z
2026,5,2026_05_NYG_WAS,2026-10-11T17:00:00+00:00,00-0039910,Jayden Daniels,player_anytime_td,fanduel,,210.0,,2026-10-10T01:45:51Z,2026-10-10T01:46:35Z
2026,5,2026_05_NYG_WAS,2026-10-11T17:00:00+00:00,00-0036628,John Bates,player_anytime_td,fanduel,,1200.0,,2026-10-10T01:45:51Z,2026-10-10T01:46:35Z
2026,5,2026_05_NYG_WAS,2026-10-11T17:00:00+00:00,00-0039355,Luke McCaffrey,player_anytime_td,fanduel,,1100.0,,2026-10-10T01:45:51Z,2026-10-10T01:46:35Z
2026,5,2026_05_NYG_WAS,2026-10-11T17:00:00+00:00,00-0041042,Malachi Fields,player_anytime_td,fanduel,,460.0,,2026-10-10T01:45:51Z,2026-10-10T01:46:35Z
2026,5,2026_05_NYG_WAS,2026-10-11T17:00:00+00:00,00-0039337,Malik Nabers,player_anytime_td,fanduel,,220.0,,2026-10-10T01:45:51Z,2026-10-10T01:46:35Z
2026,5,2026_05_NYG_WAS,2026-10-11T17:00:00+00:00,00-0036893,Najee Harris,player_anytime_td,fanduel,,410.0,,2026-10-10T01:45:51Z,2026-10-10T01:46:35Z
2026,5,2026_05_NYG_WAS,2026-10-11T17:00:00+00:00,,New York Giants Defense,player_anytime_td,fanduel,,750.0,,2026-10-10T01:45:51Z,2026-10-10T01:46:35Z
2026,5,2026_05_NYG_WAS,2026-10-11T17:00:00+00:00,00-0033376,Patrick Ricard,player_anytime_td,fanduel,,2700.0,,2026-10-10T01:45:51Z,2026-10-10T01:46:35Z
2026,5,2026_05_NYG_WAS,2026-10-11T17:00:00+00:00,00-0037256,Rachaad White,player_anytime_td,fanduel,,200.0,,2026-10-10T01:45:51Z,2026-10-10T01:46:35Z
2026,5,2026_05_NYG_WAS,2026-10-11T17:00:00+00:00,00-0035659,Terry McLaurin,player_anytime_td,fanduel,,185.0,,2026-10-10T01:45:51Z,2026-10-10T01:46:35Z
2026,5,2026_05_NYG_WAS,2026-10-11T17:00:00+00:00,00-0039847,Theo Johnson,player_anytime_td,fanduel,,700.0,,2026-10-10T01:45:51Z,2026-10-10T01:46:35Z
2026,5,2026_05_NYG_WAS,2026-10-11T17:00:00+00:00,00-0040225,Thomas Fidone,player_anytime_td,fanduel,,2700.0,,2026-10-10T01:45:51Z,2026-10-10T01:46:35Z
2026,5,2026_05_NYG_WAS,2026-10-11T17:00:00+00:00,00-0037742,Treylon Burks,player_anytime_td,fanduel,,350.0,,2026-10-10T01:45:51Z,2026-10-10T01:46:35Z
2026,5,2026_05_NYG_WAS,2026-10-11T17:00:00+00:00,00-0039384,Tyrone Tracy Jr.,player_anytime_td,fanduel,,900.0,,2026-10-10T01:45:51Z,2026-10-10T01:46:35Z
2026,5,2026_05_NYG_WAS,2026-10-11T17:00:00+00:00,,Washington Commanders Defense,player_anytime_td,fanduel,,750.0,,2026-10-10T01:45:51Z,2026-10-10T01:46:35Z
2026,5,2026_05_NYG_WAS,2026-10-11T17:00:00+00:00,00-0031503,Jameis Winston,player_pass_tds,betmgm,1.5,175.0,-235.0,2026-10-10T01:45:06Z,2026-10-10T01:46:35Z
2026,5,2026_05_NYG_WAS,2026-10-11T17:00:00+00:00,00-0039910,Jayden Daniels,player_pass_tds,betmgm,1.5,130.0,-175.0,2026-10-10T01:45:06Z,2026-10-10T01:46:35Z
2026,5,2026_05_NYG_WAS,2026-10-11T17:00:00+00:00,00-0031503,Jameis Winston,player_pass_tds,betonlineag,1.5,171.0,-227.0,2026-10-10T01:45:50Z,2026-10-10T01:46:35Z
2026,5,2026_05_NYG_WAS,2026-10-11T17:00:00+00:00,00-0039910,Jayden Daniels,player_pass_tds,betonlineag,1.5,122.0,-159.0,2026-10-10T01:45:50Z,2026-10-10T01:46:35Z
2026,5,2026_05_NYG_WAS,2026-10-11T17:00:00+00:00,00-0031503,Jameis Winston,player_pass_tds,betrivers,1.5,160.0,-220.0,2026-10-10T01:46:23Z,2026-10-10T01:46:35Z
2026,5,2026_05_NYG_WAS,2026-10-11T17:00:00+00:00,00-0039910,Jayden Daniels,player_pass_tds,betrivers,1.5,112.0,-148.0,2026-10-10T01:46:23Z,2026-10-10T01:46:35Z
2026,5,2026_05_NYG_WAS,2026-10-11T17:00:00+00:00,00-0031503,Jameis Winston,player_pass_tds,bovada,1.5,175.0,-240.0,2026-10-10T01:45:12Z,2026-10-10T01:46:35Z
2026,5,2026_05_NYG_WAS,2026-10-11T17:00:00+00:00,00-0039910,Jayden Daniels,player_pass_tds,bovada,1.5,125.0,-165.0,2026-10-10T01:45:12Z,2026-10-10T01:46:35Z
2026,5,2026_05_NYG_WAS,2026-10-11T17:00:00+00:00,00-0031503,Jameis Winston,player_pass_tds,draftkings,1.5,176.0,-228.0,2026-10-10T01:46:20Z,2026-10-10T01:46:35Z
2026,5,2026_05_NYG_WAS,2026-10-11T17:00:00+00:00,00-0039910,Jayden Daniels,player_pass_tds,draftkings,1.5,126.0,-162.0,2026-10-10T01:46:20Z,2026-10-10T01:46:35Z
2026,5,2026_05_NYG_WAS,2026-10-11T17:00:00+00:00,00-0031503,Jameis Winston,player_pass_tds,fanduel,1.5,164.0,-225.0,2026-10-10T01:45:51Z,2026-10-10T01:46:35Z
2026,5,2026_05_NYG_WAS,2026-10-11T17:00:00+00:00,00-0039910,Jayden Daniels,player_pass_tds,fanduel,1.5,120.0,-160.0,2026-10-10T01:45:51Z,2026-10-10T01:46:35Z
2026,5,2026_05_NYG_WAS,2026-10-11T17:00:00+00:00,00-0031503,Jameis Winston,player_pass_yds,betmgm,204.5,-115.0,-115.0,2026-10-10T01:45:06Z,2026-10-10T01:46:35Z
2026,5,2026_05_NYG_WAS,2026-10-11T17:00:00+00:00,00-0039910,Jayden Daniels,player_pass_yds,betmgm,202.5,-115.0,-115.0,2026-10-10T01:45:06Z,2026-10-10T01:46:35Z
2026,5,2026_05_NYG_WAS,2026-10-11T17:00:00+00:00,00-0031503,Jameis Winston,player_pass_yds,betonlineag,201.5,-112.0,-115.0,2026-10-10T01:45:50Z,2026-10-10T01:46:35Z
2026,5,2026_05_NYG_WAS,2026-10-11T17:00:00+00:00,00-0039910,Jayden Daniels,player_pass_yds,betonlineag,198.5,-110.0,-118.0,2026-10-10T01:45:50Z,2026-10-10T01:46:35Z
2026,5,2026_05_NYG_WAS,2026-10-11T17:00:00+00:00,00-0031503,Jameis Winston,player_pass_yds,betrivers,195.5,-115.0,-115.0,2026-10-10T01:46:23Z,2026-10-10T01:46:35Z
2026,5,2026_05_NYG_WAS,2026-10-11T17:00:00+00:00,00-0039910,Jayden Daniels,player_pass_yds,betrivers,196.5,-117.0,-114.0,2026-10-10T01:46:23Z,2026-10-10T01:46:35Z
2026,5,2026_05_NYG_WAS,2026-10-11T17:00:00+00:00,00-0039910,Jayden Daniels,player_pass_yds,betrivers,197.5,-114.0,-117.0,2026-10-10T01:46:23Z,2026-10-10T01:46:35Z
2026,5,2026_05_NYG_WAS,2026-10-11T17:00:00+00:00,00-0031503,Jameis Winston,player_pass_yds,bovada,201.5,-115.0,-115.0,2026-10-10T01:45:12Z,2026-10-10T01:46:35Z
2026,5,2026_05_NYG_WAS,2026-10-11T17:00:00+00:00,00-0039910,Jayden Daniels,player_pass_yds,bovada,197.5,-115.0,-115.0,2026-10-10T01:45:12Z,2026-10-10T01:46:35Z
2026,5,2026_05_NYG_WAS,2026-10-11T17:00:00+00:00,00-0031503,Jameis Winston,player_pass_yds,draftkings,201.5,-113.0,-111.0,2026-10-10T01:46:20Z,2026-10-10T01:46:35Z
2026,5,2026_05_NYG_WAS,2026-10-11T17:00:00+00:00,00-0039910,Jayden Daniels,player_pass_yds,draftkings,197.5,-113.0,-111.0,2026-10-10T01:46:20Z,2026-10-10T01:46:35Z
2026,5,2026_05_NYG_WAS,2026-10-11T17:00:00+00:00,00-0031503,Jameis Winston,player_pass_yds,fanduel,200.5,-114.0,-114.0,2026-10-10T01:45:51Z,2026-10-10T01:46:35Z
2026,5,2026_05_NYG_WAS,2026-10-11T17:00:00+00:00,00-0039910,Jayden Daniels,player_pass_yds,fanduel,198.5,-114.0,-114.0,2026-10-10T01:45:51Z,2026-10-10T01:46:35Z
2026,5,2026_05_NYG_WAS,2026-10-11T17:00:00+00:00,00-0040715,Cam Skattebo,player_reception_yds,betmgm,13.5,-120.0,-110.0,2026-10-10T01:45:06Z,2026-10-10T01:46:35Z
2026,5,2026_05_NYG_WAS,2026-10-11T17:00:00+00:00,00-0036309,Darnell Mooney,player_reception_yds,betmgm,16.5,-115.0,-115.0,2026-10-10T01:45:06Z,2026-10-10T01:46:35Z
2026,5,2026_05_NYG_WAS,2026-10-11T17:00:00+00:00,00-0037838,Isaiah Likely,player_reception_yds,betmgm,45.5,-111.0,-118.0,2026-10-10T01:45:06Z,2026-10-10T01:46:35Z
2026,5,2026_05_NYG_WAS,2026-10-11T17:00:00+00:00,00-0041042,Malachi Fields,player_reception_yds,betmgm,25.5,-115.0,-115.0,2026-10-10T01:45:06Z,2026-10-10T01:46:35Z
2026,5,2026_05_NYG_WAS,2026-10-11T17:00:00+00:00,00-0039337,Malik Nabers,player_reception_yds,betmgm,57.5,-115.0,-115.0,2026-10-10T01:45:06Z,2026-10-10T01:46:35Z
2026,5,2026_05_NYG_WAS,2026-10-11T17:00:00+00:00,00-0037256,Rachaad White,player_reception_yds,betmgm,9.5,-110.0,-120.0,2026-10-10T01:45:06Z,2026-10-10T01:46:35Z
2026,5,2026_05_NYG_WAS,2026-10-11T17:00:00+00:00,00-0040715,Cam Skattebo,player_reception_yds,betonlineag,13.5,-116.0,-111.0,2026-10-10T01:45:50Z,2026-10-10T01:46:35Z
2026,5,2026_05_NYG_WAS,2026-10-11T17:00:00+00:00,00-0036309,Darnell Mooney,player_reception_yds,betonlineag,17.5,-114.0,-114.0,2026-10-10T01:45:50Z,2026-10-10T01:46:35Z
2026,5,2026_05_NYG_WAS,2026-10-11T17:00:00+00:00,00-0037838,Isaiah Likely,player_reception_yds,betonlineag,41.5,-114.0,-114.0,2026-10-10T01:45:50Z,2026-10-10T01:46:35Z
2026,5,2026_05_NYG_WAS,2026-10-11T17:00:00+00:00,00-0041042,Malachi Fields,player_reception_yds,betonlineag,25.5,-114.0,-114.0,2026-10-10T01:45:50Z,2026-10-10T01:46:35Z
2026,5,2026_05_NYG_WAS,2026-10-11T17:00:00+00:00,00-0039337,Malik Nabers,player_reception_yds,betonlineag,56.5,-114.0,-114.0,2026-10-10T01:45:50Z,2026-10-10T01:46:35Z
2026,5,2026_05_NYG_WAS,2026-10-11T17:00:00+00:00,00-0037256,Rachaad White,player_reception_yds,betonlineag,9.5,-111.0,-116.0,2026-10-10T01:45:50Z,2026-10-10T01:46:35Z
2026,5,2026_05_NYG_WAS,2026-10-11T17:00:00+00:00,00-0040715,Cam Skattebo,player_reception_yds,betrivers,12.5,-109.0,-122.0,2026-10-10T01:46:23Z,2026-10-10T01:46:35Z
2026,5,2026_05_NYG_WAS,2026-10-11T17:00:00+00:00,00-0036309,Darnell Mooney,player_reception_yds,betrivers,17.5,-115.0,-115.0,2026-10-10T01:46:23Z,2026-10-10T01:46:35Z
2026,5,2026_05_NYG_WAS,2026-10-11T17:00:00+00:00,00-0037838,Isaiah Likely,player_reception_yds,betrivers,41.5,-113.0,-118.0,2026-10-10T01:46:23Z,2026-10-10T01:46:35Z
2026,5,2026_05_NYG_WAS,2026-10-11T17:00:00+00:00,00-0041042,Malachi Fields,player_reception_yds,betrivers,26.5,-118.0,-113.0,2026-10-10T01:46:23Z,2026-10-10T01:46:35Z
2026,5,2026_05_NYG_WAS,2026-10-11T17:00:00+00:00,00-0039337,Malik Nabers,player_reception_yds,betrivers,54.5,-114.0,-117.0,2026-10-10T01:46:23Z,2026-10-10T01:46:35Z
2026,5,2026_05_NYG_WAS,2026-10-11T17:00:00+00:00,00-0037256,Rachaad White,player_reception_yds,betrivers,9.5,-118.0,-112.0,2026-10-10T01:46:23Z,2026-10-10T01:46:35Z
2026,5,2026_05_NYG_WAS,2026-10-11T17:00:00+00:00,00-0040715,Cam Skattebo,player_reception_yds,bovada,13.5,-110.0,-120.0,2026-10-10T01:45:12Z,2026-10-10T01:46:35Z
2026,5,2026_05_NYG_WAS,2026-10-11T17:00:00+00:00,00-0036309,Darnell Mooney,player_reception_yds,bovada,18.5,-115.0,-115.0,2026-10-10T01:45:12Z,2026-10-10T01:46:35Z
2026,5,2026_05_NYG_WAS,2026-10-11T17:00:00+00:00,00-0037838,Isaiah Likely,player_reception_yds,bovada,42.5,-120.0,-110.0,2026-10-10T01:45:12Z,2026-10-10T01:46:35Z
2026,5,2026_05_NYG_WAS,2026-10-11T17:00:00+00:00,00-0041042,Malachi Fields,player_reception_yds,bovada,25.5,-110.0,-120.0,2026-10-10T01:45:12Z,2026-10-10T01:46:35Z
2026,5,2026_05_NYG_WAS,2026-10-11T17:00:00+00:00,00-0039337,Malik Nabers,player_reception_yds,bovada,59.5,-115.0,-115.0,2026-10-10T01:45:12Z,2026-10-10T01:46:35Z
2026,5,2026_05_NYG_WAS,2026-10-11T17:00:00+00:00,00-0037256,Rachaad White,player_reception_yds,bovada,9.5,-110.0,-120.0,2026-10-10T01:45:12Z,2026-10-10T01:46:35Z
2026,5,2026_05_NYG_WAS,2026-10-11T17:00:00+00:00,00-0040715,Cam Skattebo,player_reception_yds,draftkings,13.5,-107.0,-117.0,2026-10-10T01:46:20Z,2026-10-10T01:46:35Z
2026,5,2026_05_NYG_WAS,2026-10-11T17:00:00+00:00,00-0036309,Darnell Mooney,player_reception_yds,draftkings,18.5,-111.0,-113.0,2026-10-10T01:46:20Z,2026-10-10T01:46:35Z
2026,5,2026_05_NYG_WAS,2026-10-11T17:00:00+00:00,00-0037838,Isaiah Likely,player_reception_yds,draftkings,42.5,-115.0,-109.0,2026-10-10T01:46:20Z,2026-10-10T01:46:35Z
2026,5,2026_05_NYG_WAS,2026-10-11T17:00:00+00:00,00-0041042,Malachi Fields,player_reception_yds,draftkings,25.5,-109.0,-116.0,2026-10-10T01:46:20Z,2026-10-10T01:46:35Z
2026,5,2026_05_NYG_WAS,2026-10-11T17:00:00+00:00,00-0039337,Malik Nabers,player_reception_yds,draftkings,59.5,-110.0,-114.0,2026-10-10T01:46:20Z,2026-10-10T01:46:35Z
2026,5,2026_05_NYG_WAS,2026-10-11T17:00:00+00:00,00-0037256,Rachaad White,player_reception_yds,draftkings,9.5,-109.0,-115.0,2026-10-10T01:46:20Z,2026-10-10T01:46:35Z
2026,5,2026_05_NYG_WAS,2026-10-11T17:00:00+00:00,00-0040715,Cam Skattebo,player_reception_yds,fanduel,12.5,-114.0,-114.0,2026-10-10T01:45:51Z,2026-10-10T01:46:35Z
2026,5,2026_05_NYG_WAS,2026-10-11T17:00:00+00:00,00-0036309,Darnell Mooney,player_reception_yds,fanduel,17.5,-114.0,-114.0,2026-10-10T01:45:51Z,2026-10-10T01:46:35Z
2026,5,2026_05_NYG_WAS,2026-10-11T17:00:00+00:00,00-0037838,Isaiah Likely,player_reception_yds,fanduel,41.5,-114.0,-114.0,2026-10-10T01:45:51Z,2026-10-10T01:46:35Z
2026,5,2026_05_NYG_WAS,2026-10-11T17:00:00+00:00,00-0041042,Malachi Fields,player_reception_yds,fanduel,25.5,-114.0,-114.0,2026-10-10T01:45:51Z,2026-10-10T01:46:35Z
2026,5,2026_05_NYG_WAS,2026-10-11T17:00:00+00:00,00-0039337,Malik Nabers,player_reception_yds,fanduel,54.5,-114.0,-114.0,2026-10-10T01:45:51Z,2026-10-10T01:46:35Z
2026,5,2026_05_NYG_WAS,2026-10-11T17:00:00+00:00,00-0037256,Rachaad White,player_reception_yds,fanduel,9.5,-114.0,-114.0,2026-10-10T01:45:51Z,2026-10-10T01:46:35Z
2026,5,2026_05_NYG_WAS,2026-10-11T17:00:00+00:00,00-0040715,Cam Skattebo,player_receptions,betmgm,2.5,145.0,-200.0,2026-10-10T01:45:06Z,2026-10-10T01:46:35Z
2026,5,2026_05_NYG_WAS,2026-10-11T17:00:00+00:00,00-0036309,Darnell Mooney,player_receptions,betmgm,1.5,100.0,-135.0,2026-10-10T01:45:06Z,2026-10-10T01:46:35Z
2026,5,2026_05_NYG_WAS,2026-10-11T17:00:00+00:00,00-0037838,Isaiah Likely,player_receptions,betmgm,4.5,100.0,-135.0,2026-10-10T01:45:06Z,2026-10-10T01:46:35Z
2026,5,2026_05_NYG_WAS,2026-10-11T17:00:00+00:00,00-0041042,Malachi Fields,player_receptions,betmgm,1.5,-200.0,145.0,2026-10-10T01:45:06Z,2026-10-10T01:46:35Z
2026,5,2026_05_NYG_WAS,2026-10-11T17:00:00+00:00,00-0039337,Malik Nabers,player_receptions,betmgm,4.5,-160.0,120.0,2026-10-10T01:45:06Z,2026-10-10T01:46:35Z
2026,5,2026_05_NYG_WAS,2026-10-11T17:00:00+00:00,00-0040715,Cam Skattebo,player_receptions,betonlineag,2.5,136.0,-179.0,2026-10-10T01:45:50Z,2026-10-10T01:46:35Z
2026,5,2026_05_NYG_WAS,2026-10-11T17:00:00+00:00,00-0036309,Darnell Mooney,player_receptions,betonlineag,1.5,-108.0,-120.0,2026-10-10T01:45:50Z,2026-10-10T01:46:35Z
2026,5,2026_05_NYG_WAS,2026-10-11T17:00:00+00:00,00-0037838,Isaiah Likely,player_receptions,betonlineag,4.5,-106.0,-122.0,2026-10-10T01:45:50Z,2026-10-10T01:46:35Z
2026,5,2026_05_NYG_WAS,2026-10-11T17:00:00+00:00,00-0041042,Malachi Fields,player_receptions,betonlineag,2.5,139.0,-182.0,2026-10-10T01:45:50Z,2026-10-10T01:46:35Z
2026,5,2026_05_NYG_WAS,2026-10-11T17:00:00+00:00,00-0039337,Malik Nabers,player_receptions,betonlineag,4.5,-152.0,116.0,2026-10-10T01:45:50Z,2026-10-10T01:46:35Z
2026,5,2026_05_NYG_WAS,2026-10-11T17:00:00+00:00,00-0037256,Rachaad White,player_receptions,betonlineag,1.5,-164.0,126.0,2026-10-10T01:45:50Z,2026-10-10T01:46:35Z
2026,5,2026_05_NYG_WAS,2026-10-11T17:00:00+00:00,00-0040715,Cam Skattebo,player_receptions,betrivers,2.5,128.0,,2026-10-10T01:46:23Z,2026-10-10T01:46:35Z
2026,5,2026_05_NYG_WAS,2026-10-11T17:00:00+00:00,00-0036309,Darnell Mooney,player_receptions,betrivers,1.5,-121.0,,2026-10-10T01:46:23Z,2026-10-10T01:46:35Z
2026,5,2026_05_NYG_WAS,2026-10-11T17:00:00+00:00,00-0037838,Isaiah Likely,player_receptions,betrivers,4.5,-104.0,,2026-10-10T01:46:23Z,2026-10-10T01:46:35Z
2026,5,2026_05_NYG_WAS,2026-10-11T17:00:00+00:00,00-0041042,Malachi Fields,player_receptions,betrivers,2.5,120.0,,2026-10-10T01:46:23Z,2026-10-10T01:46:35Z
2026,5,2026_05_NYG_WAS,2026-10-11T17:00:00+00:00,00-0039337,Malik Nabers,player_receptions,betrivers,5.5,104.0,,2026-10-10T01:46:23Z,2026-10-10T01:46:35Z
2026,5,2026_05_NYG_WAS,2026-10-11T17:00:00+00:00,00-0037256,Rachaad White,player_receptions,betrivers,1.5,-180.0,,2026-10-10T01:46:23Z,2026-10-10T01:46:35Z
2026,5,2026_05_NYG_WAS,2026-10-11T17:00:00+00:00,00-0040715,Cam Skattebo,player_receptions,bovada,2.5,130.0,-170.0,2026-10-10T01:45:12Z,2026-10-10T01:46:35Z
2026,5,2026_05_NYG_WAS,2026-10-11T17:00:00+00:00,00-0036309,Darnell Mooney,player_receptions,bovada,1.5,-120.0,-110.0,2026-10-10T01:45:12Z,2026-10-10T01:46:35Z
2026,5,2026_05_NYG_WAS,2026-10-11T17:00:00+00:00,00-0037838,Isaiah Likely,player_receptions,bovada,4.5,-120.0,-110.0,2026-10-10T01:45:12Z,2026-10-10T01:46:35Z
2026,5,2026_05_NYG_WAS,2026-10-11T17:00:00+00:00,00-0041042,Malachi Fields,player_receptions,bovada,2.5,130.0,-170.0,2026-10-10T01:45:12Z,2026-10-10T01:46:35Z
2026,5,2026_05_NYG_WAS,2026-10-11T17:00:00+00:00,00-0039337,Malik Nabers,player_receptions,bovada,5.5,115.0,-150.0,2026-10-10T01:45:12Z,2026-10-10T01:46:35Z
2026,5,2026_05_NYG_WAS,2026-10-11T17:00:00+00:00,00-0037256,Rachaad White,player_receptions,bovada,1.5,-180.0,135.0,2026-10-10T01:45:12Z,2026-10-10T01:46:35Z
2026,5,2026_05_NYG_WAS,2026-10-11T17:00:00+00:00,00-0040715,Cam Skattebo,player_receptions,draftkings,2.5,133.0,-170.0,2026-10-10T01:46:20Z,2026-10-10T01:46:35Z
2026,5,2026_05_NYG_WAS,2026-10-11T17:00:00+00:00,00-0036309,Darnell Mooney,player_receptions,draftkings,1.5,-119.0,-107.0,2026-10-10T01:46:20Z,2026-10-10T01:46:35Z
2026,5,2026_05_NYG_WAS,2026-10-11T17:00:00+00:00,00-0037838,Isaiah Likely,player_receptions,draftkings,4.5,-117.0,-109.0,2026-10-10T01:46:20Z,2026-10-10T01:46:35Z
2026,5,2026_05_NYG_WAS,2026-10-11T17:00:00+00:00,00-0041042,Malachi Fields,player_receptions,draftkings,2.5,130.0,-166.0,2026-10-10T01:46:20Z,2026-10-10T01:46:35Z
2026,5,2026_05_NYG_WAS,2026-10-11T17:00:00+00:00,00-0039337,Malik Nabers,player_receptions,draftkings,5.5,117.0,-149.0,2026-10-10T01:46:20Z,2026-10-10T01:46:35Z
2026,5,2026_05_NYG_WAS,2026-10-11T17:00:00+00:00,00-0037256,Rachaad White,player_receptions,draftkings,1.5,-174.0,136.0,2026-10-10T01:46:20Z,2026-10-10T01:46:35Z
2026,5,2026_05_NYG_WAS,2026-10-11T17:00:00+00:00,00-0040715,Cam Skattebo,player_receptions,fanduel,1.5,-205.0,152.0,2026-10-10T01:45:51Z,2026-10-10T01:46:35Z
2026,5,2026_05_NYG_WAS,2026-10-11T17:00:00+00:00,00-0036309,Darnell Mooney,player_receptions,fanduel,1.5,-114.0,-114.0,2026-10-10T01:45:51Z,2026-10-10T01:46:35Z
2026,5,2026_05_NYG_WAS,2026-10-11T17:00:00+00:00,00-0037838,Isaiah Likely,player_receptions,fanduel,4.5,-108.0,-122.0,2026-10-10T01:45:51Z,2026-10-10T01:46:35Z
2026,5,2026_05_NYG_WAS,2026-10-11T17:00:00+00:00,00-0041042,Malachi Fields,player_receptions,fanduel,2.5,136.0,-182.0,2026-10-10T01:45:51Z,2026-10-10T01:46:35Z
2026,5,2026_05_NYG_WAS,2026-10-11T17:00:00+00:00,00-0039337,Malik Nabers,player_receptions,fanduel,5.5,120.0,-160.0,2026-10-10T01:45:51Z,2026-10-10T01:46:35Z
2026,5,2026_05_NYG_WAS,2026-10-11T17:00:00+00:00,00-0037256,Rachaad White,player_receptions,fanduel,1.5,-180.0,134.0,2026-10-10T01:45:51Z,2026-10-10T01:46:35Z
2026,5,2026_05_NYG_WAS,2026-10-11T17:00:00+00:00,00-0040715,Cam Skattebo,player_rush_yds,betmgm,55.5,-115.0,-115.0,2026-10-10T01:45:06Z,2026-10-10T01:46:35Z
2026,5,2026_05_NYG_WAS,2026-10-11T17:00:00+00:00,00-0040242,Jacory Croskey-Merritt,player_rush_yds,betmgm,51.5,-115.0,-115.0,2026-10-10T01:45:06Z,2026-10-10T01:46:35Z
2026,5,2026_05_NYG_WAS,2026-10-11T17:00:00+00:00,00-0039910,Jayden Daniels,player_rush_yds,betmgm,31.5,-115.0,-115.0,2026-10-10T01:45:06Z,2026-10-10T01:46:35Z
2026,5,2026_05_NYG_WAS,2026-10-11T17:00:00+00:00,00-0036893,Najee Harris,player_rush_yds,betmgm,28.5,-115.0,-115.0,2026-10-10T01:45:06Z,2026-10-10T01:46:35Z
2026,5,2026_05_NYG_WAS,2026-10-11T17:00:00+00:00,00-0037256,Rachaad White,player_rush_yds,betmgm,25.5,-115.0,-115.0,2026-10-10T01:45:06Z,2026-10-10T01:46:35Z
2026,5,2026_05_NYG_WAS,2026-10-11T17:00:00+00:00,00-0040715,Cam Skattebo,player_rush_yds,betonlineag,56.5,-112.0,-115.0,2026-10-10T01:45:50Z,2026-10-10T01:46:35Z
2026,5,2026_05_NYG_WAS,2026-10-11T17:00:00+00:00,00-0040242,Jacory Croskey-Merritt,player_rush_yds,betonlineag,53.5,-116.0,-111.0,2026-10-10T01:45:50Z,2026-10-10T01:46:35Z
2026,5,2026_05_NYG_WAS,2026-10-11T17:00:00+00:00,00-0039910,Jayden Daniels,player_rush_yds,betonlineag,30.5,-114.0,-114.0,2026-10-10T01:45:50Z,2026-10-10T01:46:35Z
2026,5,2026_05_NYG_WAS,2026-10-11T17:00:00+00:00,00-0036893,Najee Harris,player_rush_yds,betonlineag,28.5,-112.0,-115.0,2026-10-10T01:45:50Z,2026-10-10T01:46:35Z
2026,5,2026_05_NYG_WAS,2026-10-11T17:00:00+00:00,00-0037256,Rachaad White,player_rush_yds,betonlineag,23.5,-116.0,-111.0,2026-10-10T01:45:50Z,2026-10-10T01:46:35Z
2026,5,2026_05_NYG_WAS,2026-10-11T17:00:00+00:00,00-0040715,Cam Skattebo,player_rush_yds,betrivers,56.5,-113.0,-118.0,2026-10-10T01:46:23Z,2026-10-10T01:46:35Z
2026,5,2026_05_NYG_WAS,2026-10-11T17:00:00+00:00,00-0040242,Jacory Croskey-Merritt,player_rush_yds,betrivers,52.5,-115.0,-114.0,2026-10-10T01:46:23Z,2026-10-10T01:46:35Z
2026,5,2026_05_NYG_WAS,2026-10-11T17:00:00+00:00,00-0039910,Jayden Daniels,player_rush_yds,betrivers,30.5,-117.0,-114.0,2026-10-10T01:46:23Z,2026-10-10T01:46:35Z
2026,5,2026_05_NYG_WAS,2026-10-11T17:00:00+00:00,00-0036893,Najee Harris,player_rush_yds,betrivers,28.5,-112.0,-118.0,2026-10-10T01:46:23Z,2026-10-10T01:46:35Z
2026,5,2026_05_NYG_WAS,2026-10-11T17:00:00+00:00,00-0037256,Rachaad White,player_rush_yds,betrivers,23.5,-114.0,-117.0,2026-10-10T01:46:23Z,2026-10-10T01:46:35Z
2026,5,2026_05_NYG_WAS,2026-10-11T17:00:00+00:00,00-0040715,Cam Skattebo,player_rush_yds,bovada,55.5,-115.0,-115.0,2026-10-10T01:45:12Z,2026-10-10T01:46:35Z
2026,5,2026_05_NYG_WAS,2026-10-11T17:00:00+00:00,00-0040242,Jacory Croskey-Merritt,player_rush_yds,bovada,51.5,-115.0,-115.0,2026-10-10T01:45:12Z,2026-10-10T01:46:35Z
2026,5,2026_05_NYG_WAS,2026-10-11T17:00:00+00:00,00-0031503,Jameis Winston,player_rush_yds,bovada,2.5,-120.0,-110.0,2026-10-10T01:45:12Z,2026-10-10T01:46:35Z
2026,5,2026_05_NYG_WAS,2026-10-11T17:00:00+00:00,00-0039910,Jayden Daniels,player_rush_yds,bovada,28.5,-115.0,-115.0,2026-10-10T01:45:12Z,2026-10-10T01:46:35Z
2026,5,2026_05_NYG_WAS,2026-10-11T17:00:00+00:00,00-0036893,Najee Harris,player_rush_yds,bovada,27.5,-115.0,-115.0,2026-10-10T01:45:12Z,2026-10-10T01:46:35Z
2026,5,2026_05_NYG_WAS,2026-10-11T17:00:00+00:00,00-0040715,Cam Skattebo,player_rush_yds,draftkings,55.5,-113.0,-111.0,2026-10-10T01:46:20Z,2026-10-10T01:46:35Z
2026,5,2026_05_NYG_WAS,2026-10-11T17:00:00+00:00,00-0040242,Jacory Croskey-Merritt,player_rush_yds,draftkings,51.5,-110.0,-114.0,2026-10-10T01:46:20Z,2026-10-10T01:46:35Z
2026,5,2026_05_NYG_WAS,2026-10-11T17:00:00+00:00,00-0031503,Jameis Winston,player_rush_yds,draftkings,2.5,-118.0,-106.0,2026-10-10T01:46:20Z,2026-10-10T01:46:35Z
2026,5,2026_05_NYG_WAS,2026-10-11T17:00:00+00:00,00-0039910,Jayden Daniels,player_rush_yds,draftkings,28.5,-112.0,-112.0,2026-10-10T01:46:20Z,2026-10-10T01:46:35Z
2026,5,2026_05_NYG_WAS,2026-10-11T17:00:00+00:00,00-0036893,Najee Harris,player_rush_yds,draftkings,27.5,-111.0,-113.0,2026-10-10T01:46:20Z,2026-10-10T01:46:35Z
2026,5,2026_05_NYG_WAS,2026-10-11T17:00:00+00:00,00-0037256,Rachaad White,player_rush_yds,draftkings,23.5,-115.0,-110.0,2026-10-10T01:46:20Z,2026-10-10T01:46:35Z
2026,5,2026_05_NYG_WAS,2026-10-11T17:00:00+00:00,00-0040715,Cam Skattebo,player_rush_yds,fanduel,56.5,-114.0,-114.0,2026-10-10T01:45:51Z,2026-10-10T01:46:35Z
2026,5,2026_05_NYG_WAS,2026-10-11T17:00:00+00:00,00-0040242,Jacory Croskey-Merritt,player_rush_yds,fanduel,53.5,-114.0,-114.0,2026-10-10T01:45:51Z,2026-10-10T01:46:35Z
2026,5,2026_05_NYG_WAS,2026-10-11T17:00:00+00:00,00-0031503,Jameis Winston,player_rush_yds,fanduel,2.5,-102.0,-128.0,2026-10-10T01:45:51Z,2026-10-10T01:46:35Z
2026,5,2026_05_NYG_WAS,2026-10-11T17:00:00+00:00,00-0039910,Jayden Daniels,player_rush_yds,fanduel,30.5,-114.0,-114.0,2026-10-10T01:45:51Z,2026-10-10T01:46:35Z
2026,5,2026_05_NYG_WAS,2026-10-11T17:00:00+00:00,00-0036893,Najee Harris,player_rush_yds,fanduel,27.5,-114.0,-114.0,2026-10-10T01:45:51Z,2026-10-10T01:46:35Z
2026,5,2026_05_NYG_WAS,2026-10-11T17:00:00+00:00,00-0037256,Rachaad White,player_rush_yds,fanduel,23.5,-114.0,-114.0,2026-10-10T01:45:51Z,2026-10-10T01:46:35Z
2026,5,2026_05_PHI_JAX,2026-10-11T13:30:00+00:00,00-0032104,Ameer Abdullah,player_anytime_td,betmgm,,1500.0,,2026-10-10T01:44:31Z,2026-10-10T01:46:33Z
2026,5,2026_05_PHI_JAX,2026-10-11T13:30:00+00:00,00-0040719,Bhayshul Tuten,player_anytime_td,betmgm,,-111.0,,2026-10-10T01:44:31Z,2026-10-10T01:46:33Z
2026,5,2026_05_PHI_JAX,2026-10-11T13:30:00+00:00,00-0038935,Brenton Strange,player_anytime_td,betmgm,,270.0,,2026-10-10T01:44:31Z,2026-10-10T01:46:33Z
2026,5,2026_05_PHI_JAX,2026-10-11T13:30:00+00:00,00-0039893,Brian Thomas Jr,player_anytime_td,betmgm,,350.0,,2026-10-10T01:44:31Z,2026-10-10T01:46:33Z
2026,5,2026_05_PHI_JAX,2026-10-11T13:30:00+00:00,00-0037132,Britain Covey,player_anytime_td,betmgm,,3000.0,,2026-10-10T01:44:31Z,2026-10-10T01:46:33Z
2026,5,2026_05_PHI_JAX,2026-10-11T13:30:00+00:00,00-0038611,Chris Rodriguez Jr.,player_anytime_td,betmgm,,210.0,,2026-10-10T01:44:31Z,2026-10-10T01:46:33Z
2026,5,2026_05_PHI_JAX,2026-10-11T13:30:00+00:00,00-0034351,Dallas Goedert,player_anytime_td,betmgm,,300.0,,2026-10-10T01:44:31Z,2026-10-10T01:46:33Z
2026,5,2026_05_PHI_JAX,2026-10-11T13:30:00+00:00,00-0037258,Dameon Pierce,player_anytime_td,betmgm,,575.0,,2026-10-10T01:44:31Z,2026-10-10T01:46:33Z
2026,5,2026_05_PHI_JAX,2026-10-11T13:30:00+00:00,00-0040024,Darius Cooper,player_anytime_td,betmgm,,475.0,,2026-10-10T01:44:31Z,2026-10-10T01:46:33Z
2026,5,2026_05_PHI_JAX,2026-10-11T13:30:00+00:00,00-0038393,Dontayvion Wicks,player_anytime_td,betmgm,,310.0,,2026-10-10T01:44:31Z,2026-10-10T01:46:33Z
2026,5,2026_05_PHI_JAX,2026-10-11T13:30:00+00:00,00-0038498,E.J. Jenkins,player_anytime_td,betmgm,,4000.0,,2026-10-10T01:44:31Z,2026-10-10T01:46:33Z
2026,5,2026_05_PHI_JAX,2026-10-11T13:30:00+00:00,00-0036980,Elijah Moore,player_anytime_td,betmgm,,1450.0,,2026-10-10T01:44:31Z,2026-10-10T01:46:33Z
2026,5,2026_05_PHI_JAX,2026-10-11T13:30:00+00:00,,Jacksonville Jaguars D/ST,player_anytime_td,betmgm,,450.0,,2026-10-10T01:44:31Z,2026-10-10T01:46:33Z
2026,5,2026_05_PHI_JAX,2026-10-11T13:30:00+00:00,00-0034960,Jakobi Meyers,player_anytime_td,betmgm,,250.0,,2026-10-10T01:44:31Z,2026-10-10T01:46:33Z
2026,5,2026_05_PHI_JAX,2026-10-11T13:30:00+00:00,00-0036389,Jalen Hurts,player_anytime_td,betmgm,,195.0,,2026-10-10T01:44:31Z,2026-10-10T01:46:33Z
2026,5,2026_05_PHI_JAX,2026-10-11T13:30:00+00:00,00-0033246,Johnny Mundt,player_anytime_td,betmgm,,1200.0,,2026-10-10T01:44:31Z,2026-10-10T01:46:33Z
2026,5,2026_05_PHI_JAX,2026-10-11T13:30:00+00:00,00-0041100,Josh Cameron,player_anytime_td,betmgm,,575.0,,2026-10-10T01:44:31Z,2026-10-10T01:46:33Z
2026,5,2026_05_PHI_JAX,2026-10-11T13:30:00+00:00,00-0040238,LeQuint Allen Jr.,player_anytime_td,betmgm,,1150.0,,2026-10-10T01:44:31Z,2026-10-10T01:46:33Z
2026,5,2026_05_PHI_JAX,2026-10-11T13:30:00+00:00,00-0040867,Makai Lemon,player_anytime_td,betmgm,,425.0,,2026-10-10T01:44:31Z,2026-10-10T01:46:33Z
2026,5,2026_05_PHI_JAX,2026-10-11T13:30:00+00:00,00-0041503,Nate Boerkircher,player_anytime_td,betmgm,,1000.0,,2026-10-10T01:44:31Z,2026-10-10T01:46:33Z
2026,5,2026_05_PHI_JAX,2026-10-11T13:30:00+00:00,00-0038606,Parker Washington,player_anytime_td,betmgm,,150.0,,2026-10-10T01:44:31Z,2026-10-10T01:46:33Z
2026,5,2026_05_PHI_JAX,2026-10-11T13:30:00+00:00,,Philadelphia Eagles D/ST,player_anytime_td,betmgm,,600.0,,2026-10-10T01:44:31Z,2026-10-10T01:46:33Z
2026,5,2026_05_PHI_JAX,2026-10-11T13:30:00+00:00,00-0041084,Tanner Koziol,player_anytime_td,betmgm,,1850.0,,2026-10-10T01:44:31Z,2026-10-10T01:46:33Z
2026,5,2026_05_PHI_JAX,2026-10-11T13:30:00+00:00,00-0036971,Trevor Lawrence,player_anytime_td,betmgm,,325.0,,2026-10-10T01:44:31Z,2026-10-10T01:46:33Z
2026,5,2026_05_PHI_JAX,2026-10-11T13:30:00+00:00,00-0039746,Will Shipley,player_anytime_td,betmgm,,260.0,,2026-10-10T01:44:31Z,2026-10-10T01:46:33Z
2026,5,2026_05_PHI_JAX,2026-10-11T13:30:00+00:00,00-0030061,Zach Ertz,player_anytime_td,betmgm,,700.0,,2026-10-10T01:44:31Z,2026-10-10T01:46:33Z
2026,5,2026_05_PHI_JAX,2026-10-11T13:30:00+00:00,00-0032104,Ameer Abdullah,player_anytime_td,betonlineag,,1000.0,,2026-10-10T01:46:22Z,2026-10-10T01:46:33Z
2026,5,2026_05_PHI_JAX,2026-10-11T13:30:00+00:00,00-0040719,Bhayshul Tuten,player_anytime_td,betonlineag,,-111.0,,2026-10-10T01:46:22Z,2026-10-10T01:46:33Z
2026,5,2026_05_PHI_JAX,2026-10-11T13:30:00+00:00,00-0038935,Brenton Strange,player_anytime_td,betonlineag,,270.0,,2026-10-10T01:46:22Z,2026-10-10T01:46:33Z
2026,5,2026_05_PHI_JAX,2026-10-11T13:30:00+00:00,00-0039893,Brian Thomas Jr,player_anytime_td,betonlineag,,300.0,,2026-10-10T01:46:22Z,2026-10-10T01:46:33Z
2026,5,2026_05_PHI_JAX,2026-10-11T13:30:00+00:00,00-0037132,Britain Covey,player_anytime_td,betonlineag,,1700.0,,2026-10-10T01:46:22Z,2026-10-10T01:46:33Z
2026,5,2026_05_PHI_JAX,2026-10-11T13:30:00+00:00,00-0041106,CJ Williams,player_anytime_td,betonlineag,,1700.0,,2026-10-10T01:46:22Z,2026-10-10T01:46:33Z
2026,5,2026_05_PHI_JAX,2026-10-11T13:30:00+00:00,00-0038611,Chris Rodriguez Jr.,player_anytime_td,betonlineag,,280.0,,2026-10-10T01:46:22Z,2026-10-10T01:46:33Z
2026,5,2026_05_PHI_JAX,2026-10-11T13:30:00+00:00,00-0034351,Dallas Goedert,player_anytime_td,betonlineag,,290.0,,2026-10-10T01:46:22Z,2026-10-10T01:46:33Z
2026,5,2026_05_PHI_JAX,2026-10-11T13:30:00+00:00,00-0037258,Dameon Pierce,player_anytime_td,betonlineag,,400.0,,2026-10-10T01:46:22Z,2026-10-10T01:46:33Z
2026,5,2026_05_PHI_JAX,2026-10-11T13:30:00+00:00,00-0040024,Darius Cooper,player_anytime_td,betonlineag,,400.0,,2026-10-10T01:46:22Z,2026-10-10T01:46:33Z
2026,5,2026_05_PHI_JAX,2026-10-11T13:30:00+00:00,00-0038393,Dontayvion Wicks,player_anytime_td,betonlineag,,290.0,,2026-10-10T01:46:22Z,2026-10-10T01:46:33Z
2026,5,2026_05_PHI_JAX,2026-10-11T13:30:00+00:00,00-0038498,E.J. Jenkins,player_anytime_td,betonlineag,,2400.0,,2026-10-10T01:46:22Z,2026-10-10T01:46:33Z
2026,5,2026_05_PHI_JAX,2026-10-11T13:30:00+00:00,00-0036980,Elijah Moore,player_anytime_td,betonlineag,,1100.0,,2026-10-10T01:46:22Z,2026-10-10T01:46:33Z
2026,5,2026_05_PHI_JAX,2026-10-11T13:30:00+00:00,00-0034960,Jakobi Meyers,player_anytime_td,betonlineag,,240.0,,2026-10-10T01:46:22Z,2026-10-10T01:46:33Z
2026,5,2026_05_PHI_JAX,2026-10-11T13:30:00+00:00,00-0036389,Jalen Hurts,player_anytime_td,betonlineag,,180.0,,2026-10-10T01:46:22Z,2026-10-10T01:46:33Z
2026,5,2026_05_PHI_JAX,2026-10-11T13:30:00+00:00,00-0033246,Johnny Mundt,player_anytime_td,betonlineag,,1000.0,,2026-10-10T01:46:22Z,2026-10-10T01:46:33Z
2026,5,2026_05_PHI_JAX,2026-10-11T13:30:00+00:00,00-0041100,Josh Cameron,player_anytime_td,betonlineag,,600.0,,2026-10-10T01:46:22Z,2026-10-10T01:46:33Z
2026,5,2026_05_PHI_JAX,2026-10-11T13:30:00+00:00,00-0040238,LeQuint Allen Jr.,player_anytime_td,betonlineag,,900.0,,2026-10-10T01:46:22Z,2026-10-10T01:46:33Z
2026,5,2026_05_PHI_JAX,2026-10-11T13:30:00+00:00,00-0040867,Makai Lemon,player_anytime_td,betonlineag,,400.0,,2026-10-10T01:46:22Z,2026-10-10T01:46:33Z
2026,5,2026_05_PHI_JAX,2026-10-11T13:30:00+00:00,00-0041503,Nate Boerkircher,player_anytime_td,betonlineag,,800.0,,2026-10-10T01:46:22Z,2026-10-10T01:46:33Z
2026,5,2026_05_PHI_JAX,2026-10-11T13:30:00+00:00,00-0038606,Parker Washington,player_anytime_td,betonlineag,,140.0,,2026-10-10T01:46:22Z,2026-10-10T01:46:33Z
2026,5,2026_05_PHI_JAX,2026-10-11T13:30:00+00:00,00-0036590,Quintin Morris,player_anytime_td,betonlineag,,1400.0,,2026-10-10T01:46:22Z,2026-10-10T01:46:33Z
2026,5,2026_05_PHI_JAX,2026-10-11T13:30:00+00:00,00-0041084,Tanner Koziol,player_anytime_td,betonlineag,,1700.0,,2026-10-10T01:46:22Z,2026-10-10T01:46:33Z
2026,5,2026_05_PHI_JAX,2026-10-11T13:30:00+00:00,00-0040718,Travis Hunter,player_anytime_td,betonlineag,,1400.0,,2026-10-10T01:46:22Z,2026-10-10T01:46:33Z
2026,5,2026_05_PHI_JAX,2026-10-11T13:30:00+00:00,00-0036971,Trevor Lawrence,player_anytime_td,betonlineag,,250.0,,2026-10-10T01:46:22Z,2026-10-10T01:46:33Z
2026,5,2026_05_PHI_JAX,2026-10-11T13:30:00+00:00,00-0039746,Will Shipley,player_anytime_td,betonlineag,,190.0,,2026-10-10T01:46:22Z,2026-10-10T01:46:33Z
2026,5,2026_05_PHI_JAX,2026-10-11T13:30:00+00:00,00-0032104,Ameer Abdullah,player_anytime_td,betrivers,,1000.0,,2026-10-10T01:45:44Z,2026-10-10T01:46:33Z
2026,5,2026_05_PHI_JAX,2026-10-11T13:30:00+00:00,00-0040719,Bhayshul Tuten,player_anytime_td,betrivers,,-113.0,,2026-10-10T01:45:44Z,2026-10-10T01:46:33Z
2026,5,2026_05_PHI_JAX,2026-10-11T13:30:00+00:00,00-0038935,Brenton Strange,player_anytime_td,betrivers,,285.0,,2026-10-10T01:45:44Z,2026-10-10T01:46:33Z
2026,5,2026_05_PHI_JAX,2026-10-11T13:30:00+00:00,00-0039893,Brian Thomas Jr,player_anytime_td,betrivers,,340.0,,2026-10-10T01:45:44Z,2026-10-10T01:46:33Z
2026,5,2026_05_PHI_JAX,2026-10-11T13:30:00+00:00,00-0037132,Britain Covey,player_anytime_td,betrivers,,3000.0,,2026-10-10T01:45:44Z,2026-10-10T01:46:33Z
2026,5,2026_05_PHI_JAX,2026-10-11T13:30:00+00:00,00-0041106,CJ Williams,player_anytime_td,betrivers,,1600.0,,2026-10-10T01:45:44Z,2026-10-10T01:46:33Z
2026,5,2026_05_PHI_JAX,2026-10-11T13:30:00+00:00,00-0038611,Chris Rodriguez Jr.,player_anytime_td,betrivers,,310.0,,2026-10-10T01:45:44Z,2026-10-10T01:46:33Z
2026,5,2026_05_PHI_JAX,2026-10-11T13:30:00+00:00,00-0034351,Dallas Goedert,player_anytime_td,betrivers,,290.0,,2026-10-10T01:45:44Z,2026-10-10T01:46:33Z
2026,5,2026_05_PHI_JAX,2026-10-11T13:30:00+00:00,00-0037258,Dameon Pierce,player_anytime_td,betrivers,,440.0,,2026-10-10T01:45:44Z,2026-10-10T01:46:33Z
2026,5,2026_05_PHI_JAX,2026-10-11T13:30:00+00:00,00-0040024,Darius Cooper,player_anytime_td,betrivers,,460.0,,2026-10-10T01:45:44Z,2026-10-10T01:46:33Z
2026,5,2026_05_PHI_JAX,2026-10-11T13:30:00+00:00,00-0038393,Dontayvion Wicks,player_anytime_td,betrivers,,340.0,,2026-10-10T01:45:44Z,2026-10-10T01:46:33Z
2026,5,2026_05_PHI_JAX,2026-10-11T13:30:00+00:00,00-0038498,E.J. Jenkins,player_anytime_td,betrivers,,3500.0,,2026-10-10T01:45:44Z,2026-10-10T01:46:33Z
2026,5,2026_05_PHI_JAX,2026-10-11T13:30:00+00:00,00-0036980,Elijah Moore,player_anytime_td,betrivers,,2000.0,,2026-10-10T01:45:44Z,2026-10-10T01:46:33Z
2026,5,2026_05_PHI_JAX,2026-10-11T13:30:00+00:00,00-0034960,Jakobi Meyers,player_anytime_td,betrivers,,275.0,,2026-10-10T01:45:44Z,2026-10-10T01:46:33Z
2026,5,2026_05_PHI_JAX,2026-10-11T13:30:00+00:00,00-0036389,Jalen Hurts,player_anytime_td,betrivers,,175.0,,2026-10-10T01:45:44Z,2026-10-10T01:46:33Z
2026,5,2026_05_PHI_JAX,2026-10-11T13:30:00+00:00,00-0033246,Johnny Mundt,player_anytime_td,betrivers,,1600.0,,2026-10-10T01:45:44Z,2026-10-10T01:46:33Z
2026,5,2026_05_PHI_JAX,2026-10-11T13:30:00+00:00,00-0041100,Josh Cameron,player_anytime_td,betrivers,,600.0,,2026-10-10T01:45:44Z,2026-10-10T01:46:33Z
2026,5,2026_05_PHI_JAX,2026-10-11T13:30:00+00:00,00-0036332,Josiah Deguara,player_anytime_td,betrivers,,3500.0,,2026-10-10T01:45:44Z,2026-10-10T01:46:33Z
2026,5,2026_05_PHI_JAX,2026-10-11T13:30:00+00:00,00-0040238,LeQuint Allen Jr.,player_anytime_td,betrivers,,900.0,,2026-10-10T01:45:44Z,2026-10-10T01:46:33Z
2026,5,2026_05_PHI_JAX,2026-10-11T13:30:00+00:00,00-0040867,Makai Lemon,player_anytime_td,betrivers,,480.0,,2026-10-10T01:45:44Z,2026-10-10T01:46:33Z
2026,5,2026_05_PHI_JAX,2026-10-11T13:30:00+00:00,00-0041503,Nate Boerkircher,player_anytime_td,betrivers,,900.0,,2026-10-10T01:45:44Z,2026-10-10T01:46:33Z
2026,5,2026_05_PHI_JAX,2026-10-11T13:30:00+00:00,00-0038606,Parker Washington,player_anytime_td,betrivers,,145.0,,2026-10-10T01:45:44Z,2026-10-10T01:46:33Z
2026,5,2026_05_PHI_JAX,2026-10-11T13:30:00+00:00,00-0036590,Quintin Morris,player_anytime_td,betrivers,,2000.0,,2026-10-10T01:45:44Z,2026-10-10T01:46:33Z
2026,5,2026_05_PHI_JAX,2026-10-11T13:30:00+00:00,00-0041084,Tanner Koziol,player_anytime_td,betrivers,,1700.0,,2026-10-10T01:45:44Z,2026-10-10T01:46:33Z
2026,5,2026_05_PHI_JAX,2026-10-11T13:30:00+00:00,00-0040718,Travis Hunter,player_anytime_td,betrivers,,900.0,,2026-10-10T01:45:44Z,2026-10-10T01:46:33Z
2026,5,2026_05_PHI_JAX,2026-10-11T13:30:00+00:00,00-0036971,Trevor Lawrence,player_anytime_td,betrivers,,260.0,,2026-10-10T01:45:44Z,2026-10-10T01:46:33Z
2026,5,2026_05_PHI_JAX,2026-10-11T13:30:00+00:00,00-0039746,Will Shipley,player_anytime_td,betrivers,,245.0,,2026-10-10T01:45:44Z,2026-10-10T01:46:33Z
2026,5,2026_05_PHI_JAX,2026-10-11T13:30:00+00:00,00-0030061,Zach Ertz,player_anytime_td,betrivers,,900.0,,2026-10-10T01:45:44Z,2026-10-10T01:46:33Z
2026,5,2026_05_PHI_JAX,2026-10-11T13:30:00+00:00,00-0032104,Ameer Abdullah,player_anytime_td,bovada,,1100.0,,2026-10-10T01:45:12Z,2026-10-10T01:46:33Z
2026,5,2026_05_PHI_JAX,2026-10-11T13:30:00+00:00,00-0040719,Bhayshul Tuten,player_anytime_td,bovada,,-110.0,,2026-10-10T01:45:12Z,2026-10-10T01:46:33Z
2026,5,2026_05_PHI_JAX,2026-10-11T13:30:00+00:00,00-0038935,Brenton Strange,player_anytime_td,bovada,,275.0,,2026-10-10T01:45:12Z,2026-10-10T01:46:33Z
2026,5,2026_05_PHI_JAX,2026-10-11T13:30:00+00:00,00-0039893,Brian Thomas Jr,player_anytime_td,bovada,,380.0,,2026-10-10T01:45:12Z,2026-10-10T01:46:33Z
2026,5,2026_05_PHI_JAX,2026-10-11T13:30:00+00:00,00-0037132,Britain Covey,player_anytime_td,bovada,,2500.0,,2026-10-10T01:45:12Z,2026-10-10T01:46:33Z
2026,5,2026_05_PHI_JAX,2026-10-11T13:30:00+00:00,00-0041106,CJ Williams,player_anytime_td,bovada,,2000.0,,2026-10-10T01:45:12Z,2026-10-10T01:46:33Z
2026,5,2026_05_PHI_JAX,2026-10-11T13:30:00+00:00,00-0038611,Chris Rodriguez Jr.,player_anytime_td,bovada,,350.0,,2026-10-10T01:45:12Z,2026-10-10T01:46:33Z
2026,5,2026_05_PHI_JAX,2026-10-11T13:30:00+00:00,00-0034351,Dallas Goedert,player_anytime_td,bovada,,310.0,,2026-10-10T01:45:12Z,2026-10-10T01:46:33Z
2026,5,2026_05_PHI_JAX,2026-10-11T13:30:00+00:00,00-0037258,Dameon Pierce,player_anytime_td,bovada,,440.0,,2026-10-10T01:45:12Z,2026-10-10T01:46:33Z
2026,5,2026_05_PHI_JAX,2026-10-11T13:30:00+00:00,00-0040024,Darius Cooper,player_anytime_td,bovada,,600.0,,2026-10-10T01:45:12Z,2026-10-10T01:46:33Z
2026,5,2026_05_PHI_JAX,2026-10-11T13:30:00+00:00,00-0038393,Dontayvion Wicks,player_anytime_td,bovada,,370.0,,2026-10-10T01:45:12Z,2026-10-10T01:46:33Z
2026,5,2026_05_PHI_JAX,2026-10-11T13:30:00+00:00,00-0038498,E.J. Jenkins,player_anytime_td,bovada,,4000.0,,2026-10-10T01:45:12Z,2026-10-10T01:46:33Z
2026,5,2026_05_PHI_JAX,2026-10-11T13:30:00+00:00,00-0036980,Elijah Moore,player_anytime_td,bovada,,1200.0,,2026-10-10T01:45:12Z,2026-10-10T01:46:33Z
2026,5,2026_05_PHI_JAX,2026-10-11T13:30:00+00:00,,Jacksonville Jaguars D/ST,player_anytime_td,bovada,,440.0,,2026-10-10T01:45:12Z,2026-10-10T01:46:33Z
2026,5,2026_05_PHI_JAX,2026-10-11T13:30:00+00:00,00-0034960,Jakobi Meyers,player_anytime_td,bovada,,280.0,,2026-10-10T01:45:12Z,2026-10-10T01:46:33Z
2026,5,2026_05_PHI_JAX,2026-10-11T13:30:00+00:00,00-0036389,Jalen Hurts,player_anytime_td,bovada,,195.0,,2026-10-10T01:45:12Z,2026-10-10T01:46:33Z
2026,5,2026_05_PHI_JAX,2026-10-11T13:30:00+00:00,00-0033246,Johnny Mundt,player_anytime_td,bovada,,1200.0,,2026-10-10T01:45:12Z,2026-10-10T01:46:33Z
2026,5,2026_05_PHI_JAX,2026-10-11T13:30:00+00:00,00-0041100,Josh Cameron,player_anytime_td,bovada,,800.0,,2026-10-10T01:45:12Z,2026-10-10T01:46:33Z
2026,5,2026_05_PHI_JAX,2026-10-11T13:30:00+00:00,00-0036332,Josiah Deguara,player_anytime_td,bovada,,4000.0,,2026-10-10T01:45:12Z,2026-10-10T01:46:33Z
2026,5,2026_05_PHI_JAX,2026-10-11T13:30:00+00:00,00-0040238,LeQuint Allen Jr.,player_anytime_td,bovada,,900.0,,2026-10-10T01:45:12Z,2026-10-10T01:46:33Z
2026,5,2026_05_PHI_JAX,2026-10-11T13:30:00+00:00,00-0040867,Makai Lemon,player_anytime_td,bovada,,460.0,,2026-10-10T01:45:12Z,2026-10-10T01:46:33Z
2026,5,2026_05_PHI_JAX,2026-10-11T13:30:00+00:00,00-0041503,Nate Boerkircher,player_anytime_td,bovada,,825.0,,2026-10-10T01:45:12Z,2026-10-10T01:46:33Z
2026,5,2026_05_PHI_JAX,2026-10-11T13:30:00+00:00,00-0038606,Parker Washington,player_anytime_td,bovada,,140.0,,2026-10-10T01:45:12Z,2026-10-10T01:46:33Z
2026,5,2026_05_PHI_JAX,2026-10-11T13:30:00+00:00,,Philadelphia Eagles D/ST,player_anytime_td,bovada,,525.0,,2026-10-10T01:45:12Z,2026-10-10T01:46:33Z
2026,5,2026_05_PHI_JAX,2026-10-11T13:30:00+00:00,00-0036590,Quintin Morris,player_anytime_td,bovada,,1500.0,,2026-10-10T01:45:12Z,2026-10-10T01:46:33Z
2026,5,2026_05_PHI_JAX,2026-10-11T13:30:00+00:00,00-0041084,Tanner Koziol,player_anytime_td,bovada,,1900.0,,2026-10-10T01:45:12Z,2026-10-10T01:46:33Z
2026,5,2026_05_PHI_JAX,2026-10-11T13:30:00+00:00,00-0040718,Travis Hunter,player_anytime_td,bovada,,1800.0,,2026-10-10T01:45:12Z,2026-10-10T01:46:33Z
2026,5,2026_05_PHI_JAX,2026-10-11T13:30:00+00:00,00-0036971,Trevor Lawrence,player_anytime_td,bovada,,310.0,,2026-10-10T01:45:12Z,2026-10-10T01:46:33Z
2026,5,2026_05_PHI_JAX,2026-10-11T13:30:00+00:00,00-0039746,Will Shipley,player_anytime_td,bovada,,285.0,,2026-10-10T01:45:12Z,2026-10-10T01:46:33Z
2026,5,2026_05_PHI_JAX,2026-10-11T13:30:00+00:00,00-0032104,Ameer Abdullah,player_anytime_td,draftkings,,1100.0,,2026-10-10T01:45:14Z,2026-10-10T01:46:33Z
2026,5,2026_05_PHI_JAX,2026-10-11T13:30:00+00:00,00-0040719,Bhayshul Tuten,player_anytime_td,draftkings,,-105.0,,2026-10-10T01:45:14Z,2026-10-10T01:46:33Z
2026,5,2026_05_PHI_JAX,2026-10-11T13:30:00+00:00,00-0038935,Brenton Strange,player_anytime_td,draftkings,,275.0,,2026-10-10T01:45:14Z,2026-10-10T01:46:33Z
2026,5,2026_05_PHI_JAX,2026-10-11T13:30:00+00:00,00-0039893,Brian Thomas Jr,player_anytime_td,draftkings,,380.0,,2026-10-10T01:45:14Z,2026-10-10T01:46:33Z
2026,5,2026_05_PHI_JAX,2026-10-11T13:30:00+00:00,00-0037132,Britain Covey,player_anytime_td,draftkings,,2500.0,,2026-10-10T01:45:14Z,2026-10-10T01:46:33Z
2026,5,2026_05_PHI_JAX,2026-10-11T13:30:00+00:00,00-0041106,CJ Williams,player_anytime_td,draftkings,,2000.0,,2026-10-10T01:45:14Z,2026-10-10T01:46:33Z
2026,5,2026_05_PHI_JAX,2026-10-11T13:30:00+00:00,00-0038611,Chris Rodriguez Jr.,player_anytime_td,draftkings,,350.0,,2026-10-10T01:45:14Z,2026-10-10T01:46:33Z
2026,5,2026_05_PHI_JAX,2026-10-11T13:30:00+00:00,00-0034351,Dallas Goedert,player_anytime_td,draftkings,,310.0,,2026-10-10T01:45:14Z,2026-10-10T01:46:33Z
2026,5,2026_05_PHI_JAX,2026-10-11T13:30:00+00:00,00-0037258,Dameon Pierce,player_anytime_td,draftkings,,450.0,,2026-10-10T01:45:14Z,2026-10-10T01:46:33Z
2026,5,2026_05_PHI_JAX,2026-10-11T13:30:00+00:00,00-0040024,Darius Cooper,player_anytime_td,draftkings,,600.0,,2026-10-10T01:45:14Z,2026-10-10T01:46:33Z
2026,5,2026_05_PHI_JAX,2026-10-11T13:30:00+00:00,00-0038393,Dontayvion Wicks,player_anytime_td,draftkings,,370.0,,2026-10-10T01:45:14Z,2026-10-10T01:46:33Z
2026,5,2026_05_PHI_JAX,2026-10-11T13:30:00+00:00,00-0038498,E.J. Jenkins,player_anytime_td,draftkings,,4000.0,,2026-10-10T01:45:14Z,2026-10-10T01:46:33Z
2026,5,2026_05_PHI_JAX,2026-10-11T13:30:00+00:00,00-0036980,Elijah Moore,player_anytime_td,draftkings,,1200.0,,2026-10-10T01:45:14Z,2026-10-10T01:46:33Z
2026,5,2026_05_PHI_JAX,2026-10-11T13:30:00+00:00,,Jacksonville Jaguars D/ST,player_anytime_td,draftkings,,450.0,,2026-10-10T01:45:14Z,2026-10-10T01:46:33Z
2026,5,2026_05_PHI_JAX,2026-10-11T13:30:00+00:00,00-0034960,Jakobi Meyers,player_anytime_td,draftkings,,280.0,,2026-10-10T01:45:14Z,2026-10-10T01:46:33Z
2026,5,2026_05_PHI_JAX,2026-10-11T13:30:00+00:00,00-0036389,Jalen Hurts,player_anytime_td,draftkings,,195.0,,2026-10-10T01:45:14Z,2026-10-10T01:46:33Z
2026,5,2026_05_PHI_JAX,2026-10-11T13:30:00+00:00,00-0033246,Johnny Mundt,player_anytime_td,draftkings,,1200.0,,2026-10-10T01:45:14Z,2026-10-10T01:46:33Z
2026,5,2026_05_PHI_JAX,2026-10-11T13:30:00+00:00,00-0041100,Josh Cameron,player_anytime_td,draftkings,,800.0,,2026-10-10T01:45:14Z,2026-10-10T01:46:33Z
2026,5,2026_05_PHI_JAX,2026-10-11T13:30:00+00:00,00-0036332,Josiah Deguara,player_anytime_td,draftkings,,4000.0,,2026-10-10T01:45:14Z,2026-10-10T01:46:33Z
2026,5,2026_05_PHI_JAX,2026-10-11T13:30:00+00:00,00-0040238,LeQuint Allen Jr.,player_anytime_td,draftkings,,950.0,,2026-10-10T01:45:14Z,2026-10-10T01:46:33Z
2026,5,2026_05_PHI_JAX,2026-10-11T13:30:00+00:00,00-0040867,Makai Lemon,player_anytime_td,draftkings,,475.0,,2026-10-10T01:45:14Z,2026-10-10T01:46:33Z
2026,5,2026_05_PHI_JAX,2026-10-11T13:30:00+00:00,00-0041503,Nate Boerkircher,player_anytime_td,draftkings,,850.0,,2026-10-10T01:45:14Z,2026-10-10T01:46:33Z
2026,5,2026_05_PHI_JAX,2026-10-11T13:30:00+00:00,00-0038606,Parker Washington,player_anytime_td,draftkings,,140.0,,2026-10-10T01:45:14Z,2026-10-10T01:46:33Z
2026,5,2026_05_PHI_JAX,2026-10-11T13:30:00+00:00,,Philadelphia Eagles D/ST,player_anytime_td,draftkings,,550.0,,2026-10-10T01:45:14Z,2026-10-10T01:46:33Z
2026,5,2026_05_PHI_JAX,2026-10-11T13:30:00+00:00,00-0036590,Quintin Morris,player_anytime_td,draftkings,,1500.0,,2026-10-10T01:45:14Z,2026-10-10T01:46:33Z
2026,5,2026_05_PHI_JAX,2026-10-11T13:30:00+00:00,00-0041084,Tanner Koziol,player_anytime_td,draftkings,,1900.0,,2026-10-10T01:45:14Z,2026-10-10T01:46:33Z
2026,5,2026_05_PHI_JAX,2026-10-11T13:30:00+00:00,00-0040718,Travis Hunter,player_anytime_td,draftkings,,1800.0,,2026-10-10T01:45:14Z,2026-10-10T01:46:33Z
2026,5,2026_05_PHI_JAX,2026-10-11T13:30:00+00:00,00-0036971,Trevor Lawrence,player_anytime_td,draftkings,,310.0,,2026-10-10T01:45:14Z,2026-10-10T01:46:33Z
2026,5,2026_05_PHI_JAX,2026-10-11T13:30:00+00:00,00-0039746,Will Shipley,player_anytime_td,draftkings,,285.0,,2026-10-10T01:45:14Z,2026-10-10T01:46:33Z
2026,5,2026_05_PHI_JAX,2026-10-11T13:30:00+00:00,00-0032104,Ameer Abdullah,player_anytime_td,fanduel,,1300.0,,2026-10-10T01:46:28Z,2026-10-10T01:46:33Z
2026,5,2026_05_PHI_JAX,2026-10-11T13:30:00+00:00,00-0040719,Bhayshul Tuten,player_anytime_td,fanduel,,-105.0,,2026-10-10T01:46:28Z,2026-10-10T01:46:33Z
2026,5,2026_05_PHI_JAX,2026-10-11T13:30:00+00:00,00-0038935,Brenton Strange,player_anytime_td,fanduel,,290.0,,2026-10-10T01:46:28Z,2026-10-10T01:46:33Z
2026,5,2026_05_PHI_JAX,2026-10-11T13:30:00+00:00,00-0039893,Brian Thomas Jr,player_anytime_td,fanduel,,340.0,,2026-10-10T01:46:28Z,2026-10-10T01:46:33Z
2026,5,2026_05_PHI_JAX,2026-10-11T13:30:00+00:00,00-0037132,Britain Covey,player_anytime_td,fanduel,,2000.0,,2026-10-10T01:46:28Z,2026-10-10T01:46:33Z
2026,5,2026_05_PHI_JAX,2026-10-11T13:30:00+00:00,00-0041106,CJ Williams,player_anytime_td,fanduel,,1900.0,,2026-10-10T01:46:28Z,2026-10-10T01:46:33Z
2026,5,2026_05_PHI_JAX,2026-10-11T13:30:00+00:00,00-0038611,Chris Rodriguez Jr.,player_anytime_td,fanduel,,340.0,,2026-10-10T01:46:28Z,2026-10-10T01:46:33Z
2026,5,2026_05_PHI_JAX,2026-10-11T13:30:00+00:00,00-0034351,Dallas Goedert,player_anytime_td,fanduel,,300.0,,2026-10-10T01:46:28Z,2026-10-10T01:46:33Z
2026,5,2026_05_PHI_JAX,2026-10-11T13:30:00+00:00,00-0037258,Dameon Pierce,player_anytime_td,fanduel,,500.0,,2026-10-10T01:46:28Z,2026-10-10T01:46:33Z
2026,5,2026_05_PHI_JAX,2026-10-11T13:30:00+00:00,00-0040024,Darius Cooper,player_anytime_td,fanduel,,650.0,,2026-10-10T01:46:28Z,2026-10-10T01:46:33Z
2026,5,2026_05_PHI_JAX,2026-10-11T13:30:00+00:00,00-0038393,Dontayvion Wicks,player_anytime_td,fanduel,,370.0,,2026-10-10T01:46:28Z,2026-10-10T01:46:33Z
2026,5,2026_05_PHI_JAX,2026-10-11T13:30:00+00:00,00-0038498,E.J. Jenkins,player_anytime_td,fanduel,,4500.0,,2026-10-10T01:46:28Z,2026-10-10T01:46:33Z
2026,5,2026_05_PHI_JAX,2026-10-11T13:30:00+00:00,00-0036980,Elijah Moore,player_anytime_td,fanduel,,1900.0,,2026-10-10T01:46:28Z,2026-10-10T01:46:33Z
2026,5,2026_05_PHI_JAX,2026-10-11T13:30:00+00:00,,Jacksonville Jaguars Defense,player_anytime_td,fanduel,,600.0,,2026-10-10T01:46:28Z,2026-10-10T01:46:33Z
2026,5,2026_05_PHI_JAX,2026-10-11T13:30:00+00:00,00-0034960,Jakobi Meyers,player_anytime_td,fanduel,,290.0,,2026-10-10T01:46:28Z,2026-10-10T01:46:33Z
2026,5,2026_05_PHI_JAX,2026-10-11T13:30:00+00:00,00-0036389,Jalen Hurts,player_anytime_td,fanduel,,195.0,,2026-10-10T01:46:28Z,2026-10-10T01:46:33Z
2026,5,2026_05_PHI_JAX,2026-10-11T13:30:00+00:00,00-0033246,Johnny Mundt,player_anytime_td,fanduel,,1400.0,,2026-10-10T01:46:28Z,2026-10-10T01:46:33Z
2026,5,2026_05_PHI_JAX,2026-10-11T13:30:00+00:00,00-0041100,Josh Cameron,player_anytime_td,fanduel,,750.0,,2026-10-10T01:46:28Z,2026-10-10T01:46:33Z
2026,5,2026_05_PHI_JAX,2026-10-11T13:30:00+00:00,00-0040238,LeQuint Allen Jr.,player_anytime_td,fanduel,,950.0,,2026-10-10T01:46:28Z,2026-10-10T01:46:33Z
2026,5,2026_05_PHI_JAX,2026-10-11T13:30:00+00:00,00-0040867,Makai Lemon,player_anytime_td,fanduel,,500.0,,2026-10-10T01:46:28Z,2026-10-10T01:46:33Z
2026,5,2026_05_PHI_JAX,2026-10-11T13:30:00+00:00,00-0041503,Nate Boerkircher,player_anytime_td,fanduel,,800.0,,2026-10-10T01:46:28Z,2026-10-10T01:46:33Z
2026,5,2026_05_PHI_JAX,2026-10-11T13:30:00+00:00,00-0038606,Parker Washington,player_anytime_td,fanduel,,145.0,,2026-10-10T01:46:28Z,2026-10-10T01:46:33Z
2026,5,2026_05_PHI_JAX,2026-10-11T13:30:00+00:00,,Philadelphia Eagles Defense,player_anytime_td,fanduel,,900.0,,2026-10-10T01:46:28Z,2026-10-10T01:46:33Z
2026,5,2026_05_PHI_JAX,2026-10-11T13:30:00+00:00,00-0036590,Quintin Morris,player_anytime_td,fanduel,,1700.0,,2026-10-10T01:46:28Z,2026-10-10T01:46:33Z
2026,5,2026_05_PHI_JAX,2026-10-11T13:30:00+00:00,00-0041084,Tanner Koziol,player_anytime_td,fanduel,,2000.0,,2026-10-10T01:46:28Z,2026-10-10T01:46:33Z
2026,5,2026_05_PHI_JAX,2026-10-11T13:30:00+00:00,00-0040718,Travis Hunter,player_anytime_td,fanduel,,1900.0,,2026-10-10T01:46:28Z,2026-10-10T01:46:33Z
2026,5,2026_05_PHI_JAX,2026-10-11T13:30:00+00:00,00-0036971,Trevor Lawrence,player_anytime_td,fanduel,,310.0,,2026-10-10T01:46:28Z,2026-10-10T01:46:33Z
2026,5,2026_05_PHI_JAX,2026-10-11T13:30:00+00:00,00-0039746,Will Shipley,player_anytime_td,fanduel,,290.0,,2026-10-10T01:46:28Z,2026-10-10T01:46:33Z
2026,5,2026_05_PHI_JAX,2026-10-11T13:30:00+00:00,00-0036389,Jalen Hurts,player_pass_tds,betmgm,0.5,-190.0,140.0,2026-10-10T01:44:31Z,2026-10-10T01:46:33Z
2026,5,2026_05_PHI_JAX,2026-10-11T13:30:00+00:00,00-0036971,Trevor Lawrence,player_pass_tds,betmgm,1.5,-105.0,-125.0,2026-10-10T01:44:31Z,2026-10-10T01:46:33Z
2026,5,2026_05_PHI_JAX,2026-10-11T13:30:00+00:00,00-0036389,Jalen Hurts,player_pass_tds,betonlineag,0.5,-196.0,148.0,2026-10-10T01:46:22Z,2026-10-10T01:46:33Z
2026,5,2026_05_PHI_JAX,2026-10-11T13:30:00+00:00,00-0036971,Trevor Lawrence,player_pass_tds,betonlineag,1.5,-114.0,-114.0,2026-10-10T01:46:22Z,2026-10-10T01:46:33Z
2026,5,2026_05_PHI_JAX,2026-10-11T13:30:00+00:00,00-0036389,Jalen Hurts,player_pass_tds,betrivers,0.5,-215.0,160.0,2026-10-10T01:45:44Z,2026-10-10T01:46:33Z
2026,5,2026_05_PHI_JAX,2026-10-11T13:30:00+00:00,00-0036971,Trevor Lawrence,player_pass_tds,betrivers,1.5,100.0,-134.0,2026-10-10T01:45:44Z,2026-10-10T01:46:33Z
2026,5,2026_05_PHI_JAX,2026-10-11T13:30:00+00:00,00-0036389,Jalen Hurts,player_pass_tds,bovada,0.5,-200.0,150.0,2026-10-10T01:45:12Z,2026-10-10T01:46:33Z
2026,5,2026_05_PHI_JAX,2026-10-11T13:30:00+00:00,00-0036971,Trevor Lawrence,player_pass_tds,bovada,1.5,-120.0,-110.0,2026-10-10T01:45:12Z,2026-10-10T01:46:33Z
2026,5,2026_05_PHI_JAX,2026-10-11T13:30:00+00:00,00-0036389,Jalen Hurts,player_pass_tds,draftkings,0.5,-200.0,155.0,2026-10-10T01:45:14Z,2026-10-10T01:46:33Z
2026,5,2026_05_PHI_JAX,2026-10-11T13:30:00+00:00,00-0036971,Trevor Lawrence,player_pass_tds,draftkings,1.5,-118.0,-108.0,2026-10-10T01:45:14Z,2026-10-10T01:46:33Z
2026,5,2026_05_PHI_JAX,2026-10-11T13:30:00+00:00,00-0036389,Jalen Hurts,player_pass_tds,fanduel,0.5,-205.0,152.0,2026-10-10T01:46:28Z,2026-10-10T01:46:33Z
2026,5,2026_05_PHI_JAX,2026-10-11T13:30:00+00:00,00-0036971,Trevor Lawrence,player_pass_tds,fanduel,1.5,-118.0,-112.0,2026-10-10T01:46:28Z,2026-10-10T01:46:33Z
2026,5,2026_05_PHI_JAX,2026-10-11T13:30:00+00:00,00-0036389,Jalen Hurts,player_pass_yds,betmgm,190.5,-115.0,-115.0,2026-10-10T01:44:31Z,2026-10-10T01:46:33Z
2026,5,2026_05_PHI_JAX,2026-10-11T13:30:00+00:00,00-0036971,Trevor Lawrence,player_pass_yds,betmgm,224.5,-115.0,-115.0,2026-10-10T01:44:31Z,2026-10-10T01:46:33Z
2026,5,2026_05_PHI_JAX,2026-10-11T13:30:00+00:00,00-0036389,Jalen Hurts,player_pass_yds,betonlineag,186.5,-116.0,-111.0,2026-10-10T01:46:22Z,2026-10-10T01:46:33Z
2026,5,2026_05_PHI_JAX,2026-10-11T13:30:00+00:00,00-0036971,Trevor Lawrence,player_pass_yds,betonlineag,225.5,-114.0,-114.0,2026-10-10T01:46:22Z,2026-10-10T01:46:33Z
2026,5,2026_05_PHI_JAX,2026-10-11T13:30:00+00:00,00-0036389,Jalen Hurts,player_pass_yds,betrivers,184.5,-115.0,-114.0,2026-10-10T01:45:44Z,2026-10-10T01:46:33Z
2026,5,2026_05_PHI_JAX,2026-10-11T13:30:00+00:00,00-0036971,Trevor Lawrence,player_pass_yds,betrivers,226.5,-117.0,-114.0,2026-10-10T01:45:44Z,2026-10-10T01:46:33Z
2026,5,2026_05_PHI_JAX,2026-10-11T13:30:00+00:00,00-0036389,Jalen Hurts,player_pass_yds,bovada,185.5,-115.0,-115.0,2026-10-10T01:45:12Z,2026-10-10T01:46:33Z
2026,5,2026_05_PHI_JAX,2026-10-11T13:30:00+00:00,00-0036971,Trevor Lawrence,player_pass_yds,bovada,227.5,-115.0,-115.0,2026-10-10T01:45:12Z,2026-10-10T01:46:33Z
2026,5,2026_05_PHI_JAX,2026-10-11T13:30:00+00:00,00-0036389,Jalen Hurts,player_pass_yds,draftkings,185.5,-112.0,-112.0,2026-10-10T01:45:14Z,2026-10-10T01:46:33Z
2026,5,2026_05_PHI_JAX,2026-10-11T13:30:00+00:00,00-0036971,Trevor Lawrence,player_pass_yds,draftkings,227.5,-111.0,-113.0,2026-10-10T01:45:14Z,2026-10-10T01:46:33Z
2026,5,2026_05_PHI_JAX,2026-10-11T13:30:00+00:00,00-0036389,Jalen Hurts,player_pass_yds,fanduel,186.5,-114.0,-114.0,2026-10-10T01:46:28Z,2026-10-10T01:46:33Z
2026,5,2026_05_PHI_JAX,2026-10-11T13:30:00+00:00,00-0036971,Trevor Lawrence,player_pass_yds,fanduel,225.5,-114.0,-114.0,2026-10-10T01:46:28Z,2026-10-10T01:46:33Z
2026,5,2026_05_PHI_JAX,2026-10-11T13:30:00+00:00,00-0040719,Bhayshul Tuten,player_reception_yds,betmgm,8.5,-120.0,-110.0,2026-10-10T01:44:31Z,2026-10-10T01:46:33Z
2026,5,2026_05_PHI_JAX,2026-10-11T13:30:00+00:00,00-0038935,Brenton Strange,player_reception_yds,betmgm,33.5,-110.0,-120.0,2026-10-10T01:44:31Z,2026-10-10T01:46:33Z
2026,5,2026_05_PHI_JAX,2026-10-11T13:30:00+00:00,00-0039893,Brian Thomas Jr,player_reception_yds,betmgm,24.5,-111.0,-118.0,2026-10-10T01:44:31Z,2026-10-10T01:46:33Z
2026,5,2026_05_PHI_JAX,2026-10-11T13:30:00+00:00,00-0034351,Dallas Goedert,player_reception_yds,betmgm,40.5,-115.0,-115.0,2026-10-10T01:44:31Z,2026-10-10T01:46:33Z
2026,5,2026_05_PHI_JAX,2026-10-11T13:30:00+00:00,00-0038393,Dontayvion Wicks,player_reception_yds,betmgm,44.5,-115.0,-115.0,2026-10-10T01:44:31Z,2026-10-10T01:46:33Z
2026,5,2026_05_PHI_JAX,2026-10-11T13:30:00+00:00,00-0034960,Jakobi Meyers,player_reception_yds,betmgm,39.5,-135.0,100.0,2026-10-10T01:44:31Z,2026-10-10T01:46:33Z
2026,5,2026_05_PHI_JAX,2026-10-11T13:30:00+00:00,00-0041100,Josh Cameron,player_reception_yds,betmgm,11.5,-115.0,-115.0,2026-10-10T01:44:31Z,2026-10-10T01:46:33Z
2026,5,2026_05_PHI_JAX,2026-10-11T13:30:00+00:00,00-0040867,Makai Lemon,player_reception_yds,betmgm,33.5,-120.0,-111.0,2026-10-10T01:44:31Z,2026-10-10T01:46:33Z
2026,5,2026_05_PHI_JAX,2026-10-11T13:30:00+00:00,00-0038606,Parker Washington,player_reception_yds,betmgm,60.5,-115.0,-115.0,2026-10-10T01:44:31Z,2026-10-10T01:46:33Z
2026,5,2026_05_PHI_JAX,2026-10-11T13:30:00+00:00,00-0039746,Will Shipley,player_reception_yds,betmgm,13.5,-135.0,100.0,2026-10-10T01:44:31Z,2026-10-10T01:46:33Z
2026,5,2026_05_PHI_JAX,2026-10-11T13:30:00+00:00,00-0040719,Bhayshul Tuten,player_reception_yds,betonlineag,9.5,-115.0,-112.0,2026-10-10T01:46:22Z,2026-10-10T01:46:33Z
2026,5,2026_05_PHI_JAX,2026-10-11T13:30:00+00:00,00-0038935,Brenton Strange,player_reception_yds,betonlineag,30.5,-110.0,-118.0,2026-10-10T01:46:22Z,2026-10-10T01:46:33Z
2026,5,2026_05_PHI_JAX,2026-10-11T13:30:00+00:00,00-0039893,Brian Thomas Jr,player_reception_yds,betonlineag,24.5,-111.0,-116.0,2026-10-10T01:46:22Z,2026-10-10T01:46:33Z
2026,5,2026_05_PHI_JAX,2026-10-11T13:30:00+00:00,00-0034351,Dallas Goedert,player_reception_yds,betonlineag,41.5,-115.0,-112.0,2026-10-10T01:46:22Z,2026-10-10T01:46:33Z
2026,5,2026_05_PHI_JAX,2026-10-11T13:30:00+00:00,00-0040024,Darius Cooper,player_reception_yds,betonlineag,19.5,-120.0,-108.0,2026-10-10T01:46:22Z,2026-10-10T01:46:33Z
2026,5,2026_05_PHI_JAX,2026-10-11T13:30:00+00:00,00-0038393,Dontayvion Wicks,player_reception_yds,betonlineag,44.5,-115.0,-112.0,2026-10-10T01:46:22Z,2026-10-10T01:46:33Z
2026,5,2026_05_PHI_JAX,2026-10-11T13:30:00+00:00,00-0034960,Jakobi Meyers,player_reception_yds,betonlineag,41.5,-115.0,-112.0,2026-10-10T01:46:22Z,2026-10-10T01:46:33Z
2026,5,2026_05_PHI_JAX,2026-10-11T13:30:00+00:00,00-0041100,Josh Cameron,player_reception_yds,betonlineag,11.5,-114.0,-114.0,2026-10-10T01:46:22Z,2026-10-10T01:46:33Z
2026,5,2026_05_PHI_JAX,2026-10-11T13:30:00+00:00,00-0040867,Makai Lemon,player_reception_yds,betonlineag,35.5,-114.0,-114.0,2026-10-10T01:46:22Z,2026-10-10T01:46:33Z
2026,5,2026_05_PHI_JAX,2026-10-11T13:30:00+00:00,00-0038606,Parker Washington,player_reception_yds,betonlineag,60.5,-116.0,-111.0,2026-10-10T01:46:22Z,2026-10-10T01:46:33Z
2026,5,2026_05_PHI_JAX,2026-10-11T13:30:00+00:00,00-0039746,Will Shipley,player_reception_yds,betonlineag,13.5,-132.0,102.0,2026-10-10T01:46:22Z,2026-10-10T01:46:33Z
2026,5,2026_05_PHI_JAX,2026-10-11T13:30:00+00:00,00-0040719,Bhayshul Tuten,player_reception_yds,betrivers,9.5,-118.0,-113.0,2026-10-10T01:45:44Z,2026-10-10T01:46:33Z
2026,5,2026_05_PHI_JAX,2026-10-11T13:30:00+00:00,00-0038935,Brenton Strange,player_reception_yds,betrivers,34.5,-115.0,-115.0,2026-10-10T01:45:44Z,2026-10-10T01:46:33Z
2026,5,2026_05_PHI_JAX,2026-10-11T13:30:00+00:00,00-0039893,Brian Thomas Jr,player_reception_yds,betrivers,23.5,-120.0,-112.0,2026-10-10T01:45:44Z,2026-10-10T01:46:33Z
2026,5,2026_05_PHI_JAX,2026-10-11T13:30:00+00:00,00-0034351,Dallas Goedert,player_reception_yds,betrivers,41.5,-115.0,-115.0,2026-10-10T01:45:44Z,2026-10-10T01:46:33Z
2026,5,2026_05_PHI_JAX,2026-10-11T13:30:00+00:00,00-0040024,Darius Cooper,player_reception_yds,betrivers,18.5,-117.0,-114.0,2026-10-10T01:45:44Z,2026-10-10T01:46:33Z
2026,5,2026_05_PHI_JAX,2026-10-11T13:30:00+00:00,00-0038393,Dontayvion Wicks,player_reception_yds,betrivers,43.5,-113.0,-117.0,2026-10-10T01:45:44Z,2026-10-10T01:46:33Z
2026,5,2026_05_PHI_JAX,2026-10-11T13:30:00+00:00,00-0034960,Jakobi Meyers,player_reception_yds,betrivers,41.5,-113.0,-118.0,2026-10-10T01:45:44Z,2026-10-10T01:46:33Z
2026,5,2026_05_PHI_JAX,2026-10-11T13:30:00+00:00,00-0041100,Josh Cameron,player_reception_yds,betrivers,12.5,-112.0,-120.0,2026-10-10T01:45:44Z,2026-10-10T01:46:33Z
2026,5,2026_05_PHI_JAX,2026-10-11T13:30:00+00:00,00-0040867,Makai Lemon,player_reception_yds,betrivers,33.5,-117.0,-114.0,2026-10-10T01:45:44Z,2026-10-10T01:46:33Z
2026,5,2026_05_PHI_JAX,2026-10-11T13:30:00+00:00,00-0038606,Parker Washington,player_reception_yds,betrivers,61.5,-115.0,-115.0,2026-10-10T01:45:44Z,2026-10-10T01:46:33Z
2026,5,2026_05_PHI_JAX,2026-10-11T13:30:00+00:00,00-0039746,Will Shipley,player_reception_yds,betrivers,14.5,-114.0,-117.0,2026-10-10T01:45:44Z,2026-10-10T01:46:33Z
2026,5,2026_05_PHI_JAX,2026-10-11T13:30:00+00:00,00-0040719,Bhayshul Tuten,player_reception_yds,bovada,9.5,-120.0,-110.0,2026-10-10T01:45:12Z,2026-10-10T01:46:33Z
2026,5,2026_05_PHI_JAX,2026-10-11T13:30:00+00:00,00-0038935,Brenton Strange,player_reception_yds,bovada,31.5,-115.0,-115.0,2026-10-10T01:45:12Z,2026-10-10T01:46:33Z
2026,5,2026_05_PHI_JAX,2026-10-11T13:30:00+00:00,00-0039893,Brian Thomas Jr,player_reception_yds,bovada,24.5,-115.0,-115.0,2026-10-10T01:45:12Z,2026-10-10T01:46:33Z
2026,5,2026_05_PHI_JAX,2026-10-11T13:30:00+00:00,00-0034351,Dallas Goedert,player_reception_yds,bovada,45.5,-110.0,-120.0,2026-10-10T01:45:12Z,2026-10-10T01:46:33Z
2026,5,2026_05_PHI_JAX,2026-10-11T13:30:00+00:00,00-0040024,Darius Cooper,player_reception_yds,bovada,20.5,-110.0,-120.0,2026-10-10T01:45:12Z,2026-10-10T01:46:33Z
2026,5,2026_05_PHI_JAX,2026-10-11T13:30:00+00:00,00-0038393,Dontayvion Wicks,player_reception_yds,bovada,44.5,-115.0,-115.0,2026-10-10T01:45:12Z,2026-10-10T01:46:33Z
2026,5,2026_05_PHI_JAX,2026-10-11T13:30:00+00:00,00-0034960,Jakobi Meyers,player_reception_yds,bovada,42.5,-115.0,-115.0,2026-10-10T01:45:12Z,2026-10-10T01:46:33Z
2026,5,2026_05_PHI_JAX,2026-10-11T13:30:00+00:00,00-0041100,Josh Cameron,player_reception_yds,bovada,10.5,-115.0,-115.0,2026-10-10T01:45:12Z,2026-10-10T01:46:33Z
2026,5,2026_05_PHI_JAX,2026-10-11T13:30:00+00:00,00-0040867,Makai Lemon,player_reception_yds,bovada,34.5,-115.0,-115.0,2026-10-10T01:45:12Z,2026-10-10T01:46:33Z
2026,5,2026_05_PHI_JAX,2026-10-11T13:30:00+00:00,00-0038606,Parker Washington,player_reception_yds,bovada,63.5,-115.0,-115.0,2026-10-10T01:45:12Z,2026-10-10T01:46:33Z
2026,5,2026_05_PHI_JAX,2026-10-11T13:30:00+00:00,00-0039746,Will Shipley,player_reception_yds,bovada,16.5,-115.0,-115.0,2026-10-10T01:45:12Z,2026-10-10T01:46:33Z
2026,5,2026_05_PHI_JAX,2026-10-11T13:30:00+00:00,00-0040719,Bhayshul Tuten,player_reception_yds,draftkings,9.5,-119.0,-106.0,2026-10-10T01:45:14Z,2026-10-10T01:46:33Z
2026,5,2026_05_PHI_JAX,2026-10-11T13:30:00+00:00,00-0038935,Brenton Strange,player_reception_yds,draftkings,31.5,-113.0,-111.0,2026-10-10T01:45:14Z,2026-10-10T01:46:33Z
2026,5,2026_05_PHI_JAX,2026-10-11T13:30:00+00:00,00-0039893,Brian Thomas Jr,player_reception_yds,draftkings,24.5,-112.0,-112.0,2026-10-10T01:45:14Z,2026-10-10T01:46:33Z
2026,5,2026_05_PHI_JAX,2026-10-11T13:30:00+00:00,00-0034351,Dallas Goedert,player_reception_yds,draftkings,45.5,-109.0,-115.0,2026-10-10T01:45:14Z,2026-10-10T01:46:33Z
2026,5,2026_05_PHI_JAX,2026-10-11T13:30:00+00:00,00-0040024,Darius Cooper,player_reception_yds,draftkings,20.5,-108.0,-116.0,2026-10-10T01:45:14Z,2026-10-10T01:46:33Z
2026,5,2026_05_PHI_JAX,2026-10-11T13:30:00+00:00,00-0038393,Dontayvion Wicks,player_reception_yds,draftkings,44.5,-114.0,-110.0,2026-10-10T01:45:14Z,2026-10-10T01:46:33Z
2026,5,2026_05_PHI_JAX,2026-10-11T13:30:00+00:00,00-0034960,Jakobi Meyers,player_reception_yds,draftkings,42.5,-113.0,-111.0,2026-10-10T01:45:14Z,2026-10-10T01:46:33Z
2026,5,2026_05_PHI_JAX,2026-10-11T13:30:00+00:00,00-0041100,Josh Cameron,player_reception_yds,draftkings,10.5,-114.0,-110.0,2026-10-10T01:45:14Z,2026-10-10T01:46:33Z
2026,5,2026_05_PHI_JAX,2026-10-11T13:30:00+00:00,00-0040867,Makai Lemon,player_reception_yds,draftkings,34.5,-114.0,-110.0,2026-10-10T01:45:14Z,2026-10-10T01:46:33Z
2026,5,2026_05_PHI_JAX,2026-10-11T13:30:00+00:00,00-0038606,Parker Washington,player_reception_yds,draftkings,63.5,-111.0,-113.0,2026-10-10T01:45:14Z,2026-10-10T01:46:33Z
2026,5,2026_05_PHI_JAX,2026-10-11T13:30:00+00:00,00-0039746,Will Shipley,player_reception_yds,draftkings,16.5,-111.0,-114.0,2026-10-10T01:45:14Z,2026-10-10T01:46:33Z
2026,5,2026_05_PHI_JAX,2026-10-11T13:30:00+00:00,00-0040719,Bhayshul Tuten,player_reception_yds,fanduel,9.5,-114.0,-114.0,2026-10-10T01:46:28Z,2026-10-10T01:46:33Z
2026,5,2026_05_PHI_JAX,2026-10-11T13:30:00+00:00,00-0038935,Brenton Strange,player_reception_yds,fanduel,33.5,-114.0,-114.0,2026-10-10T01:46:28Z,2026-10-10T01:46:33Z
2026,5,2026_05_PHI_JAX,2026-10-11T13:30:00+00:00,00-0039893,Brian Thomas Jr,player_reception_yds,fanduel,24.5,-114.0,-114.0,2026-10-10T01:46:28Z,2026-10-10T01:46:33Z
2026,5,2026_05_PHI_JAX,2026-10-11T13:30:00+00:00,00-0034351,Dallas Goedert,player_reception_yds,fanduel,41.5,-114.0,-114.0,2026-10-10T01:46:28Z,2026-10-10T01:46:33Z
2026,5,2026_05_PHI_JAX,2026-10-11T13:30:00+00:00,00-0040024,Darius Cooper,player_reception_yds,fanduel,20.5,-114.0,-114.0,2026-10-10T01:46:28Z,2026-10-10T01:46:33Z
2026,5,2026_05_PHI_JAX,2026-10-11T13:30:00+00:00,00-0038393,Dontayvion Wicks,player_reception_yds,fanduel,44.5,-114.0,-114.0,2026-10-10T01:46:28Z,2026-10-10T01:46:33Z
2026,5,2026_05_PHI_JAX,2026-10-11T13:30:00+00:00,00-0034960,Jakobi Meyers,player_reception_yds,fanduel,41.5,-114.0,-114.0,2026-10-10T01:46:28Z,2026-10-10T01:46:33Z
2026,5,2026_05_PHI_JAX,2026-10-11T13:30:00+00:00,00-0041100,Josh Cameron,player_reception_yds,fanduel,11.5,-114.0,-114.0,2026-10-10T01:46:28Z,2026-10-10T01:46:33Z
2026,5,2026_05_PHI_JAX,2026-10-11T13:30:00+00:00,00-0040867,Makai Lemon,player_reception_yds,fanduel,34.5,-114.0,-114.0,2026-10-10T01:46:28Z,2026-10-10T01:46:33Z
2026,5,2026_05_PHI_JAX,2026-10-11T13:30:00+00:00,00-0038606,Parker Washington,player_reception_yds,fanduel,60.5,-114.0,-114.0,2026-10-10T01:46:28Z,2026-10-10T01:46:33Z
2026,5,2026_05_PHI_JAX,2026-10-11T13:30:00+00:00,00-0039746,Will Shipley,player_reception_yds,fanduel,15.5,-114.0,-114.0,2026-10-10T01:46:28Z,2026-10-10T01:46:33Z
2026,5,2026_05_PHI_JAX,2026-10-11T13:30:00+00:00,00-0040719,Bhayshul Tuten,player_receptions,betmgm,1.5,-115.0,-115.0,2026-10-10T01:44:31Z,2026-10-10T01:46:33Z
2026,5,2026_05_PHI_JAX,2026-10-11T13:30:00+00:00,00-0038935,Brenton Strange,player_receptions,betmgm,3.5,115.0,-155.0,2026-10-10T01:44:31Z,2026-10-10T01:46:33Z
2026,5,2026_05_PHI_JAX,2026-10-11T13:30:00+00:00,00-0039893,Brian Thomas Jr,player_receptions,betmgm,1.5,-200.0,150.0,2026-10-10T01:44:31Z,2026-10-10T01:46:33Z
2026,5,2026_05_PHI_JAX,2026-10-11T13:30:00+00:00,00-0034351,Dallas Goedert,player_receptions,betmgm,4.5,105.0,-145.0,2026-10-10T01:44:31Z,2026-10-10T01:46:33Z
2026,5,2026_05_PHI_JAX,2026-10-11T13:30:00+00:00,00-0038393,Dontayvion Wicks,player_receptions,betmgm,3.5,-140.0,105.0,2026-10-10T01:44:31Z,2026-10-10T01:46:33Z
2026,5,2026_05_PHI_JAX,2026-10-11T13:30:00+00:00,00-0034960,Jakobi Meyers,player_receptions,betmgm,3.5,-125.0,-105.0,2026-10-10T01:44:31Z,2026-10-10T01:46:33Z
2026,5,2026_05_PHI_JAX,2026-10-11T13:30:00+00:00,00-0041100,Josh Cameron,player_receptions,betmgm,1.5,135.0,-185.0,2026-10-10T01:44:31Z,2026-10-10T01:46:33Z
2026,5,2026_05_PHI_JAX,2026-10-11T13:30:00+00:00,00-0040867,Makai Lemon,player_receptions,betmgm,3.5,-150.0,110.0,2026-10-10T01:44:31Z,2026-10-10T01:46:33Z
2026,5,2026_05_PHI_JAX,2026-10-11T13:30:00+00:00,00-0038606,Parker Washington,player_receptions,betmgm,4.5,-125.0,-105.0,2026-10-10T01:44:31Z,2026-10-10T01:46:33Z
2026,5,2026_05_PHI_JAX,2026-10-11T13:30:00+00:00,00-0039746,Will Shipley,player_receptions,betmgm,2.5,100.0,-135.0,2026-10-10T01:44:31Z,2026-10-10T01:46:33Z
2026,5,2026_05_PHI_JAX,2026-10-11T13:30:00+00:00,00-0040719,Bhayshul Tuten,player_receptions,betonlineag,1.5,-116.0,-111.0,2026-10-10T01:46:22Z,2026-10-10T01:46:33Z
2026,5,2026_05_PHI_JAX,2026-10-11T13:30:00+00:00,00-0038935,Brenton Strange,player_receptions,betonlineag,3.5,128.0,-167.0,2026-10-10T01:46:22Z,2026-10-10T01:46:33Z
2026,5,2026_05_PHI_JAX,2026-10-11T13:30:00+00:00,00-0039893,Brian Thomas Jr,player_receptions,betonlineag,2.5,144.0,-189.0,2026-10-10T01:46:22Z,2026-10-10T01:46:33Z
2026,5,2026_05_PHI_JAX,2026-10-11T13:30:00+00:00,00-0034351,Dallas Goedert,player_receptions,betonlineag,4.5,100.0,-130.0,2026-10-10T01:46:22Z,2026-10-10T01:46:33Z
2026,5,2026_05_PHI_JAX,2026-10-11T13:30:00+00:00,00-0040024,Darius Cooper,player_receptions,betonlineag,2.5,115.0,-149.0,2026-10-10T01:46:22Z,2026-10-10T01:46:33Z
2026,5,2026_05_PHI_JAX,2026-10-11T13:30:00+00:00,00-0038393,Dontayvion Wicks,player_receptions,betonlineag,3.5,-133.0,103.0,2026-10-10T01:46:22Z,2026-10-10T01:46:33Z
2026,5,2026_05_PHI_JAX,2026-10-11T13:30:00+00:00,00-0034960,Jakobi Meyers,player_receptions,betonlineag,3.5,-125.0,-103.0,2026-10-10T01:46:22Z,2026-10-10T01:46:33Z
2026,5,2026_05_PHI_JAX,2026-10-11T13:30:00+00:00,00-0041100,Josh Cameron,player_receptions,betonlineag,1.5,130.0,-169.0,2026-10-10T01:46:22Z,2026-10-10T01:46:33Z
2026,5,2026_05_PHI_JAX,2026-10-11T13:30:00+00:00,00-0040867,Makai Lemon,player_receptions,betonlineag,3.5,-132.0,102.0,2026-10-10T01:46:22Z,2026-10-10T01:46:33Z
2026,5,2026_05_PHI_JAX,2026-10-11T13:30:00+00:00,00-0038606,Parker Washington,player_receptions,betonlineag,4.5,-132.0,102.0,2026-10-10T01:46:22Z,2026-10-10T01:46:33Z
2026,5,2026_05_PHI_JAX,2026-10-11T13:30:00+00:00,00-0039746,Will Shipley,player_receptions,betonlineag,2.5,-114.0,-114.0,2026-10-10T01:46:22Z,2026-10-10T01:46:33Z
2026,5,2026_05_PHI_JAX,2026-10-11T13:30:00+00:00,00-0040719,Bhayshul Tuten,player_receptions,betrivers,1.5,-110.0,,2026-10-10T01:45:44Z,2026-10-10T01:46:33Z
2026,5,2026_05_PHI_JAX,2026-10-11T13:30:00+00:00,00-0038935,Brenton Strange,player_receptions,betrivers,3.5,102.0,,2026-10-10T01:45:44Z,2026-10-10T01:46:33Z
2026,5,2026_05_PHI_JAX,2026-10-11T13:30:00+00:00,00-0039893,Brian Thomas Jr,player_receptions,betrivers,2.5,145.0,,2026-10-10T01:45:44Z,2026-10-10T01:46:33Z
2026,5,2026_05_PHI_JAX,2026-10-11T13:30:00+00:00,00-0034351,Dallas Goedert,player_receptions,betrivers,4.5,102.0,,2026-10-10T01:45:44Z,2026-10-10T01:46:33Z
2026,5,2026_05_PHI_JAX,2026-10-11T13:30:00+00:00,00-0040024,Darius Cooper,player_receptions,betrivers,2.5,123.0,,2026-10-10T01:45:44Z,2026-10-10T01:46:33Z
2026,5,2026_05_PHI_JAX,2026-10-11T13:30:00+00:00,00-0038393,Dontayvion Wicks,player_receptions,betrivers,3.5,-121.0,,2026-10-10T01:45:44Z,2026-10-10T01:46:33Z
2026,5,2026_05_PHI_JAX,2026-10-11T13:30:00+00:00,00-0034960,Jakobi Meyers,player_receptions,betrivers,3.5,-127.0,,2026-10-10T01:45:44Z,2026-10-10T01:46:33Z
2026,5,2026_05_PHI_JAX,2026-10-11T13:30:00+00:00,00-0041100,Josh Cameron,player_receptions,betrivers,1.5,108.0,,2026-10-10T01:45:44Z,2026-10-10T01:46:33Z
2026,5,2026_05_PHI_JAX,2026-10-11T13:30:00+00:00,00-0040867,Makai Lemon,player_receptions,betrivers,3.5,-141.0,,2026-10-10T01:45:44Z,2026-10-10T01:46:33Z
2026,5,2026_05_PHI_JAX,2026-10-11T13:30:00+00:00,00-0038606,Parker Washington,player_receptions,betrivers,4.5,-125.0,,2026-10-10T01:45:44Z,2026-10-10T01:46:33Z
2026,5,2026_05_PHI_JAX,2026-10-11T13:30:00+00:00,00-0039746,Will Shipley,player_receptions,betrivers,2.5,-120.0,,2026-10-10T01:45:44Z,2026-10-10T01:46:33Z
2026,5,2026_05_PHI_JAX,2026-10-11T13:30:00+00:00,00-0040719,Bhayshul Tuten,player_receptions,bovada,1.5,-110.0,-120.0,2026-10-10T01:45:12Z,2026-10-10T01:46:33Z
2026,5,2026_05_PHI_JAX,2026-10-11T13:30:00+00:00,00-0038935,Brenton Strange,player_receptions,bovada,3.5,125.0,-165.0,2026-10-10T01:45:12Z,2026-10-10T01:46:33Z
2026,5,2026_05_PHI_JAX,2026-10-11T13:30:00+00:00,00-0039893,Brian Thomas Jr,player_receptions,bovada,1.5,-190.0,145.0,2026-10-10T01:45:12Z,2026-10-10T01:46:33Z
2026,5,2026_05_PHI_JAX,2026-10-11T13:30:00+00:00,00-0034351,Dallas Goedert,player_receptions,bovada,4.5,-115.0,-115.0,2026-10-10T01:45:12Z,2026-10-10T01:46:33Z
2026,5,2026_05_PHI_JAX,2026-10-11T13:30:00+00:00,00-0040024,Darius Cooper,player_receptions,bovada,2.5,125.0,-165.0,2026-10-10T01:45:12Z,2026-10-10T01:46:33Z
2026,5,2026_05_PHI_JAX,2026-10-11T13:30:00+00:00,00-0038393,Dontayvion Wicks,player_receptions,bovada,3.5,-120.0,-110.0,2026-10-10T01:45:12Z,2026-10-10T01:46:33Z
2026,5,2026_05_PHI_JAX,2026-10-11T13:30:00+00:00,00-0034960,Jakobi Meyers,player_receptions,bovada,3.5,-125.0,-105.0,2026-10-10T01:45:12Z,2026-10-10T01:46:33Z
2026,5,2026_05_PHI_JAX,2026-10-11T13:30:00+00:00,00-0041100,Josh Cameron,player_receptions,bovada,1.5,130.0,-170.0,2026-10-10T01:45:12Z,2026-10-10T01:46:33Z
2026,5,2026_05_PHI_JAX,2026-10-11T13:30:00+00:00,00-0040867,Makai Lemon,player_receptions,bovada,3.5,-120.0,-110.0,2026-10-10T01:45:12Z,2026-10-10T01:46:33Z
2026,5,2026_05_PHI_JAX,2026-10-11T13:30:00+00:00,00-0038606,Parker Washington,player_receptions,bovada,4.5,-135.0,105.0,2026-10-10T01:45:12Z,2026-10-10T01:46:33Z
2026,5,2026_05_PHI_JAX,2026-10-11T13:30:00+00:00,00-0039746,Will Shipley,player_receptions,bovada,2.5,-110.0,-120.0,2026-10-10T01:45:12Z,2026-10-10T01:46:33Z
2026,5,2026_05_PHI_JAX,2026-10-11T13:30:00+00:00,00-0040719,Bhayshul Tuten,player_receptions,draftkings,1.5,-111.0,-115.0,2026-10-10T01:45:14Z,2026-10-10T01:46:33Z
2026,5,2026_05_PHI_JAX,2026-10-11T13:30:00+00:00,00-0038935,Brenton Strange,player_receptions,draftkings,3.5,125.0,-160.0,2026-10-10T01:45:14Z,2026-10-10T01:46:33Z
2026,5,2026_05_PHI_JAX,2026-10-11T13:30:00+00:00,00-0039893,Brian Thomas Jr,player_receptions,draftkings,1.5,-185.0,144.0,2026-10-10T01:45:14Z,2026-10-10T01:46:33Z
2026,5,2026_05_PHI_JAX,2026-10-11T13:30:00+00:00,00-0034351,Dallas Goedert,player_receptions,draftkings,4.5,-113.0,-113.0,2026-10-10T01:45:14Z,2026-10-10T01:46:33Z
2026,5,2026_05_PHI_JAX,2026-10-11T13:30:00+00:00,00-0040024,Darius Cooper,player_receptions,draftkings,2.5,124.0,-159.0,2026-10-10T01:45:14Z,2026-10-10T01:46:33Z
2026,5,2026_05_PHI_JAX,2026-10-11T13:30:00+00:00,00-0038393,Dontayvion Wicks,player_receptions,draftkings,3.5,-120.0,-106.0,2026-10-10T01:45:14Z,2026-10-10T01:46:33Z
2026,5,2026_05_PHI_JAX,2026-10-11T13:30:00+00:00,00-0034960,Jakobi Meyers,player_receptions,draftkings,3.5,-124.0,-103.0,2026-10-10T01:45:14Z,2026-10-10T01:46:33Z
2026,5,2026_05_PHI_JAX,2026-10-11T13:30:00+00:00,00-0041100,Josh Cameron,player_receptions,draftkings,1.5,134.0,-172.0,2026-10-10T01:45:14Z,2026-10-10T01:46:33Z
2026,5,2026_05_PHI_JAX,2026-10-11T13:30:00+00:00,00-0040867,Makai Lemon,player_receptions,draftkings,3.5,-118.0,-108.0,2026-10-10T01:45:14Z,2026-10-10T01:46:33Z
2026,5,2026_05_PHI_JAX,2026-10-11T13:30:00+00:00,00-0038606,Parker Washington,player_receptions,draftkings,4.5,-134.0,105.0,2026-10-10T01:45:14Z,2026-10-10T01:46:33Z
2026,5,2026_05_PHI_JAX,2026-10-11T13:30:00+00:00,00-0039746,Will Shipley,player_receptions,draftkings,2.5,-109.0,-117.0,2026-10-10T01:45:14Z,2026-10-10T01:46:33Z
2026,5,2026_05_PHI_JAX,2026-10-11T13:30:00+00:00,00-0040719,Bhayshul Tuten,player_receptions,fanduel,1.5,-114.0,-114.0,2026-10-10T01:46:28Z,2026-10-10T01:46:33Z
2026,5,2026_05_PHI_JAX,2026-10-11T13:30:00+00:00,00-0038935,Brenton Strange,player_receptions,fanduel,3.5,112.0,-148.0,2026-10-10T01:46:28Z,2026-10-10T01:46:33Z
2026,5,2026_05_PHI_JAX,2026-10-11T13:30:00+00:00,00-0039893,Brian Thomas Jr,player_receptions,fanduel,2.5,134.0,-180.0,2026-10-10T01:46:28Z,2026-10-10T01:46:33Z
2026,5,2026_05_PHI_JAX,2026-10-11T13:30:00+00:00,00-0034351,Dallas Goedert,player_receptions,fanduel,4.5,112.0,-148.0,2026-10-10T01:46:28Z,2026-10-10T01:46:33Z
2026,5,2026_05_PHI_JAX,2026-10-11T13:30:00+00:00,00-0040024,Darius Cooper,player_receptions,fanduel,2.5,112.0,-148.0,2026-10-10T01:46:28Z,2026-10-10T01:46:33Z
2026,5,2026_05_PHI_JAX,2026-10-11T13:30:00+00:00,00-0038393,Dontayvion Wicks,player_receptions,fanduel,3.5,-138.0,104.0,2026-10-10T01:46:28Z,2026-10-10T01:46:33Z
2026,5,2026_05_PHI_JAX,2026-10-11T13:30:00+00:00,00-0034960,Jakobi Meyers,player_receptions,fanduel,3.5,-122.0,-106.0,2026-10-10T01:46:28Z,2026-10-10T01:46:33Z
2026,5,2026_05_PHI_JAX,2026-10-11T13:30:00+00:00,00-0041100,Josh Cameron,player_receptions,fanduel,1.5,130.0,-174.0,2026-10-10T01:46:28Z,2026-10-10T01:46:33Z
2026,5,2026_05_PHI_JAX,2026-10-11T13:30:00+00:00,00-0040867,Makai Lemon,player_receptions,fanduel,3.5,-136.0,102.0,2026-10-10T01:46:28Z,2026-10-10T01:46:33Z
2026,5,2026_05_PHI_JAX,2026-10-11T13:30:00+00:00,00-0038606,Parker Washington,player_receptions,fanduel,4.5,-130.0,-102.0,2026-10-10T01:46:28Z,2026-10-10T01:46:33Z
2026,5,2026_05_PHI_JAX,2026-10-11T13:30:00+00:00,00-0039746,Will Shipley,player_receptions,fanduel,2.5,-108.0,-122.0,2026-10-10T01:46:28Z,2026-10-10T01:46:33Z
2026,5,2026_05_PHI_JAX,2026-10-11T13:30:00+00:00,00-0040719,Bhayshul Tuten,player_rush_yds,betmgm,65.5,-110.0,-120.0,2026-10-10T01:44:31Z,2026-10-10T01:46:33Z
2026,5,2026_05_PHI_JAX,2026-10-11T13:30:00+00:00,00-0038611,Chris Rodriguez Jr.,player_rush_yds,betmgm,27.5,-115.0,-115.0,2026-10-10T01:44:31Z,2026-10-10T01:46:33Z
2026,5,2026_05_PHI_JAX,2026-10-11T13:30:00+00:00,00-0037258,Dameon Pierce,player_rush_yds,betmgm,23.5,-111.0,-120.0,2026-10-10T01:44:31Z,2026-10-10T01:46:33Z
2026,5,2026_05_PHI_JAX,2026-10-11T13:30:00+00:00,00-0036389,Jalen Hurts,player_rush_yds,betmgm,25.5,-115.0,-115.0,2026-10-10T01:44:31Z,2026-10-10T01:46:33Z
2026,5,2026_05_PHI_JAX,2026-10-11T13:30:00+00:00,00-0036971,Trevor Lawrence,player_rush_yds,betmgm,13.5,-111.0,-118.0,2026-10-10T01:44:31Z,2026-10-10T01:46:33Z
2026,5,2026_05_PHI_JAX,2026-10-11T13:30:00+00:00,00-0039746,Will Shipley,player_rush_yds,betmgm,34.5,100.0,-135.0,2026-10-10T01:44:31Z,2026-10-10T01:46:33Z
2026,5,2026_05_PHI_JAX,2026-10-11T13:30:00+00:00,00-0040719,Bhayshul Tuten,player_rush_yds,betonlineag,66.5,-118.0,-110.0,2026-10-10T01:46:22Z,2026-10-10T01:46:33Z
2026,5,2026_05_PHI_JAX,2026-10-11T13:30:00+00:00,00-0038611,Chris Rodriguez Jr.,player_rush_yds,betonlineag,26.5,-116.0,-111.0,2026-10-10T01:46:22Z,2026-10-10T01:46:33Z
2026,5,2026_05_PHI_JAX,2026-10-11T13:30:00+00:00,00-0037258,Dameon Pierce,player_rush_yds,betonlineag,23.5,-111.0,-116.0,2026-10-10T01:46:22Z,2026-10-10T01:46:33Z
2026,5,2026_05_PHI_JAX,2026-10-11T13:30:00+00:00,00-0036389,Jalen Hurts,player_rush_yds,betonlineag,27.5,-114.0,-114.0,2026-10-10T01:46:22Z,2026-10-10T01:46:33Z
2026,5,2026_05_PHI_JAX,2026-10-11T13:30:00+00:00,00-0036971,Trevor Lawrence,player_rush_yds,betonlineag,14.5,-114.0,-114.0,2026-10-10T01:46:22Z,2026-10-10T01:46:33Z
2026,5,2026_05_PHI_JAX,2026-10-11T13:30:00+00:00,00-0039746,Will Shipley,player_rush_yds,betonlineag,34.5,-114.0,-114.0,2026-10-10T01:46:22Z,2026-10-10T01:46:33Z
2026,5,2026_05_PHI_JAX,2026-10-11T13:30:00+00:00,00-0040719,Bhayshul Tuten,player_rush_yds,betrivers,65.5,-115.0,-115.0,2026-10-10T01:45:44Z,2026-10-10T01:46:33Z
2026,5,2026_05_PHI_JAX,2026-10-11T13:30:00+00:00,00-0038611,Chris Rodriguez Jr.,player_rush_yds,betrivers,26.5,-114.0,-117.0,2026-10-10T01:45:44Z,2026-10-10T01:46:33Z
2026,5,2026_05_PHI_JAX,2026-10-11T13:30:00+00:00,00-0037258,Dameon Pierce,player_rush_yds,betrivers,20.5,-115.0,-115.0,2026-10-10T01:45:44Z,2026-10-10T01:46:33Z
2026,5,2026_05_PHI_JAX,2026-10-11T13:30:00+00:00,00-0036389,Jalen Hurts,player_rush_yds,betrivers,27.5,-112.0,-120.0,2026-10-10T01:45:44Z,2026-10-10T01:46:33Z
2026,5,2026_05_PHI_JAX,2026-10-11T13:30:00+00:00,00-0036971,Trevor Lawrence,player_rush_yds,betrivers,13.5,-113.0,-118.0,2026-10-10T01:45:44Z,2026-10-10T01:46:33Z
2026,5,2026_05_PHI_JAX,2026-10-11T13:30:00+00:00,00-0039746,Will Shipley,player_rush_yds,betrivers,33.5,-114.0,-117.0,2026-10-10T01:45:44Z,2026-10-10T01:46:33Z
2026,5,2026_05_PHI_JAX,2026-10-11T13:30:00+00:00,00-0040719,Bhayshul Tuten,player_rush_yds,bovada,67.5,-110.0,-120.0,2026-10-10T01:45:12Z,2026-10-10T01:46:33Z
2026,5,2026_05_PHI_JAX,2026-10-11T13:30:00+00:00,00-0038611,Chris Rodriguez Jr.,player_rush_yds,bovada,26.5,-115.0,-115.0,2026-10-10T01:45:12Z,2026-10-10T01:46:33Z
2026,5,2026_05_PHI_JAX,2026-10-11T13:30:00+00:00,00-0036389,Jalen Hurts,player_rush_yds,bovada,27.5,-115.0,-115.0,2026-10-10T01:45:12Z,2026-10-10T01:46:33Z
2026,5,2026_05_PHI_JAX,2026-10-11T13:30:00+00:00,00-0036971,Trevor Lawrence,player_rush_yds,bovada,15.5,-110.0,-120.0,2026-10-10T01:45:12Z,2026-10-10T01:46:33Z
2026,5,2026_05_PHI_JAX,2026-10-11T13:30:00+00:00,00-0039746,Will Shipley,player_rush_yds,bovada,35.5,-115.0,-115.0,2026-10-10T01:45:12Z,2026-10-10T01:46:33Z
2026,5,2026_05_PHI_JAX,2026-10-11T13:30:00+00:00,00-0040719,Bhayshul Tuten,player_rush_yds,draftkings,67.5,-109.0,-115.0,2026-10-10T01:45:14Z,2026-10-10T01:46:33Z
2026,5,2026_05_PHI_JAX,2026-10-11T13:30:00+00:00,00-0038611,Chris Rodriguez Jr.,player_rush_yds,draftkings,26.5,-110.0,-114.0,2026-10-10T01:45:14Z,2026-10-10T01:46:33Z
2026,5,2026_05_PHI_JAX,2026-10-11T13:30:00+00:00,00-0037258,Dameon Pierce,player_rush_yds,draftkings,23.5,-113.0,-111.0,2026-10-10T01:45:14Z,2026-10-10T01:46:33Z
2026,5,2026_05_PHI_JAX,2026-10-11T13:30:00+00:00,00-0036389,Jalen Hurts,player_rush_yds,draftkings,27.5,-113.0,-111.0,2026-10-10T01:45:14Z,2026-10-10T01:46:33Z
2026,5,2026_05_PHI_JAX,2026-10-11T13:30:00+00:00,00-0036971,Trevor Lawrence,player_rush_yds,draftkings,15.5,-109.0,-115.0,2026-10-10T01:45:14Z,2026-10-10T01:46:33Z
2026,5,2026_05_PHI_JAX,2026-10-11T13:30:00+00:00,00-0039746,Will Shipley,player_rush_yds,draftkings,35.5,-110.0,-114.0,2026-10-10T01:45:14Z,2026-10-10T01:46:33Z
2026,5,2026_05_PHI_JAX,2026-10-11T13:30:00+00:00,00-0040719,Bhayshul Tuten,player_rush_yds,fanduel,65.5,-114.0,-114.0,2026-10-10T01:46:28Z,2026-10-10T01:46:33Z
2026,5,2026_05_PHI_JAX,2026-10-11T13:30:00+00:00,00-0038611,Chris Rodriguez Jr.,player_rush_yds,fanduel,26.5,-114.0,-114.0,2026-10-10T01:46:28Z,2026-10-10T01:46:33Z
2026,5,2026_05_PHI_JAX,2026-10-11T13:30:00+00:00,00-0037258,Dameon Pierce,player_rush_yds,fanduel,21.5,-114.0,-114.0,2026-10-10T01:46:28Z,2026-10-10T01:46:33Z
2026,5,2026_05_PHI_JAX,2026-10-11T13:30:00+00:00,00-0036389,Jalen Hurts,player_rush_yds,fanduel,27.5,-114.0,-114.0,2026-10-10T01:46:28Z,2026-10-10T01:46:33Z
2026,5,2026_05_PHI_JAX,2026-10-11T13:30:00+00:00,00-0036971,Trevor Lawrence,player_rush_yds,fanduel,14.5,-114.0,-114.0,2026-10-10T01:46:28Z,2026-10-10T01:46:33Z
2026,5,2026_05_PHI_JAX,2026-10-11T13:30:00+00:00,00-0039746,Will Shipley,player_rush_yds,fanduel,35.5,-114.0,-114.0,2026-10-10T01:46:28Z,2026-10-10T01:46:33Z
