gsis_id,name,position,team,sleeper_id,age,years_exp,injury_status,nfl_status,draft_number,rookie_year,games,avg_opps,avg_targets,avg_carries,avg_snap_pct,avg_fpts,trend_opps,trend_snap,trend_season,baseline_source,trail_pts,season,week,source,pulled_at,proj_pass_att,proj_pass_yds,proj_pass_tds,proj_pass_int,proj_carries,proj_rush_yds,proj_rush_tds,proj_targets,proj_rec,proj_rec_yds,proj_rec_tds,proj_pts_ppr,proj_pts_half,proj_pts_std,proj_opps,proj_carry_share,proj_target_share,proj_pts_league,w_proj,E_opps,E_targets,E_carries,opponent,total_line,home,dvp_rank,mult,E_pts,pts_mix,depth_rank,prev_rank,confidence,conf,flag,why,peak_snap_3g,peak_opps_3g,role_games,role_opps,role_snap,ceiling_pts,median_pts,trending_add
00-0023459,Aaron Rodgers,QB,PIT,96,42.8,21,,ACT,24.0,2005,3.0,1.3333333333333333,0.0,1.3333333333333333,0.9866666666666667,16.206666666666667,-0.5,0.02,current,current season,17.540000000000003,2026.0,5.0,sleeper,2026-10-07T05:42:17Z,31.99,228.42,1.77,0.33,1.26,6.48,0.08,,,,,16.81,16.81,16.81,1.26,0.048,,17.01,0.4,1.3,0.0,1.3,IND,44.5,1,6.0,1.082,18.7,40% projection,1.0,1.0,0.94,High,,"1.3 exp opps (proj 1, recent 1) · QB1 · vs IND (DvP 6, +8%) · High confidence",1.0,2.667,20.0,1.4,0.964,24.0,14.2,1
00-0033537,Deshaun Watson,QB,CLE,4017,31.1,9,,ACT,12.0,2017,3.0,8.333333333333334,0.0,8.333333333333334,0.9966666666666667,17.633333333333333,0.0,0.0,current,current season,17.966666666666665,2026.0,5.0,sleeper,2026-10-07T05:42:17Z,27.8,198.36,1.38,0.28,3.13,14.87,0.05,,,,,14.81,14.81,14.81,3.13,0.117,,14.96,0.4,6.3,0.0,6.3,NYJ,39.5,0,28.0,0.918,15.4,40% projection,1.0,1.0,0.38,Low,,"6.3 exp opps (proj 3, recent 8) · QB1 · vs NYJ (DvP 28, -8%) · Low confidence",0.997,8.333,4.0,7.8,0.998,20.1,17.4,1
00-0031503,Jameis Winston,QB,NYG,2306,32.8,11,,ACT,1.0,2015,3.0,1.3333333333333333,0.0,1.3333333333333333,0.96,8.886666666666667,-1.0,0.06,current,current season,9.886666666666667,2026.0,5.0,sleeper,2026-10-07T05:42:17Z,29.85,209.99,1.41,0.77,3.21,14.16,0.11,,,,,15.1,15.1,15.1,3.21,0.116,,15.35,0.4,2.1,0.0,2.1,WAS,43.5,0,3.0,1.105,13.3,40% projection,1.0,1.0,0.42,Med,,"2.1 exp opps (proj 3, recent 1) · QB1 · vs WAS (DvP 3, +10%) · Med confidence",0.96,2.667,5.0,2.4,0.976,27.6,9.1,0
00-0041251,Jalon Daniels,QB,TB,13425,23.9,0,,ACT,,2026,2.0,4.5,0.0,4.5,0.53,5.16,7.0,0.94,current,current season,6.66,2026.0,5.0,sleeper,2026-10-07T05:42:17Z,29.72,209.11,1.31,1.14,4.08,20.13,0.14,,,,,15.18,15.18,15.18,4.08,0.14,,15.32,0.5,4.3,0.0,4.3,DAL,47.5,0,2.0,1.112,12.2,50% projection,2.0,2.0,0.73,High,,"4.3 exp opps (proj 4, recent 4) · QB2 · vs DAL (DvP 2, +11%) · High confidence",0.53,4.5,1.0,8.0,1.0,12.1,6.7,0
00-0035993,Tyler Huntley,QB,BAL,7083,28.7,6,,ACT,,2020,1.0,4.0,0.0,4.0,0.48,4.12,0.0,0.0,current,current season,7.066666666666666,2026.0,5.0,sleeper,2026-10-07T05:42:17Z,28.05,169.74,0.76,1.02,4.74,23.48,0.09,,,,,11.51,11.51,11.51,4.74,0.161,,11.7,0.75,4.6,0.0,4.6,ATL,43.5,0,11.0,1.045,11.0,75% projection,2.0,2.0,0.68,Med,,"4.6 exp opps (proj 5, recent 4) · QB2 · vs ATL (DvP 11, +4%) · Med confidence",0.67,4.667,4.0,5.5,0.753,15.5,5.4,1
00-0038416,Tyson Bagent,QB,CHI,11256,26.3,3,,ACT,,2023,2.0,2.0,0.0,2.0,0.5700000000000001,5.49,4.0,0.86,current,current season,4.260000000000001,2026.0,5.0,sleeper,2026-10-07T05:42:17Z,28.95,203.85,0.96,0.61,4.35,17.35,0.18,,,,,13.97,13.97,13.97,4.35,0.14,,14.2,0.5,3.2,0.0,3.2,GB,45.5,0,21.0,0.97,9.0,50% projection,2.0,2.0,0.37,Low,,"3.2 exp opps (proj 4, recent 2) · QB2 · vs GB (DvP 21, -3%) · Low confidence",0.383,1.333,1.0,4.0,1.0,7.5,2.0,1
00-0028986,Case Keenum,QB,CHI,1737,38.6,14,,ACT,,2012,1.0,4.0,0.0,4.0,1.0,24.48,0.0,0.0,current,current season,24.48,2026.0,5.0,sleeper,2026-10-07T05:42:17Z,,,,,,,,,,,,,,,0.0,,,0.0,0.75,1.0,0.0,1.0,GB,45.5,0,21.0,0.97,5.9,75% projection,3.0,3.0,0.0,Low,,"1.0 exp opps (proj 0, recent 4) · QB3 · vs GB (DvP 21, -3%) · Low confidence",1.0,4.0,1.0,4.0,1.0,24.5,24.5,0
00-0032950,Carson Wentz,QB,MIN,3161,33.8,10,,ACT,2.0,2016,1.0,3.0,0.0,3.0,1.0,6.32,0.0,0.0,current,current season,11.433333333333332,2026.0,5.0,sleeper,2026-10-07T05:42:17Z,,,,,,,,,,,,,,,0.0,,,0.0,0.75,0.8,0.0,0.8,NO,42.5,0,15.0,1.015,2.9,75% projection,2.0,2.0,0.0,Low,,"0.8 exp opps (proj 0, recent 3) · QB2 · vs NO (DvP 15, +1%) · Low confidence",0.993,3.0,7.0,2.7,0.927,21.6,15.3,0
00-0041117,Athan Kaliakmanis,QB,WAS,13557,23.1,0,,ACT,223.0,2026,1.0,3.0,0.0,3.0,0.84,11.04,0.0,0.0,current,current season,12.04,2026.0,5.0,sleeper,2026-10-07T05:42:17Z,,,,,,,,,,,,,,,0.0,,,0.0,0.75,0.8,0.0,0.8,NYG,43.5,1,20.0,0.978,2.9,75% projection,3.0,3.0,0.0,Low,,"0.8 exp opps (proj 0, recent 3) · QB3 · vs NYG (DvP 20, -2%) · Low confidence",0.84,3.0,1.0,3.0,0.84,12.0,12.0,0
00-0035704,Drew Lock,QB,SEA,5854,29.9,7,,ACT,42.0,2019,1.0,0.0,0.0,0.0,1.0,21.4,0.0,0.0,current,current season,11.393333333333333,2026.0,5.0,sleeper,2026-10-07T05:42:17Z,,,,,,,,,,,,,,,0.0,,,0.0,0.75,0.0,0.0,0.0,SF,46.5,1,24.0,0.948,2.7,75% projection,2.0,2.0,0.8,High,,"0.0 exp opps (proj 0, recent 0) · QB2 · vs SF (DvP 24, -5%) · High confidence",0.677,2.333,2.0,1.0,0.95,18.0,0.5,0
00-0034771,Mason Rudolph,QB,PIT,4972,31.2,8,,ACT,76.0,2018,1.0,1.0,0.0,1.0,0.04,0.3,0.0,0.0,current,current season,2.613333333333333,2026.0,5.0,sleeper,2026-10-07T05:42:17Z,,,,,,,,,,,,,,,0.0,,,0.0,0.75,0.2,0.0,0.2,IND,44.5,1,6.0,1.082,0.7,75% projection,2.0,2.0,0.0,Low,,"0.2 exp opps (proj 0, recent 1) · QB2 · vs IND (DvP 6, +8%) · Low confidence",0.53,2.333,2.0,2.0,0.715,8.8,0.4,0
00-0038476,Tommy DeVito,QB,NE,11292,28.2,3,,ACT,,2023,1.0,1.0,0.0,1.0,0.19,1.4,0.0,0.0,current,current season,1.4,2026.0,5.0,sleeper,2026-10-07T05:42:17Z,,,,,,,,,,,,,,,0.0,,,0.0,0.75,0.2,0.0,0.2,LV,45.5,1,17.0,1.0,0.4,75% projection,2.0,2.0,0.0,Low,,"0.2 exp opps (proj 0, recent 1) · QB2 · vs LV (DvP 17, +0%) · Low confidence",0.19,1.0,0.0,,,1.4,1.4,0
00-0027973,Andy Dalton,QB,PHI,829,38.9,15,,ACT,35.0,2011,1.0,0.0,0.0,0.0,0.08,-2.0,0.0,0.0,current,current season,1.1,2026.0,5.0,sleeper,2026-10-07T05:42:17Z,,,,,,,,,,,,,,,0.0,,,0.0,0.75,0.0,0.0,0.0,JAX,42.5,0,25.0,0.94,0.3,75% projection,3.0,3.0,0.6,Med,,"0.0 exp opps (proj 0, recent 0) · QB3 · vs JAX (DvP 25, -6%) · Med confidence",0.5,1.333,1.0,2.0,1.0,4.7,2.1,0
00-0037077,Sam Howell,QB,DAL,8162,26.1,4,,ACT,144.0,2022,,,,,,,,,,,,2026.0,5.0,sleeper,2026-10-07T05:42:17Z,,,,,,,,,,,,,,,0.0,,,0.0,1.0,0.0,0.0,0.0,TB,47.5,1,23.0,0.955,0.0,projection only,2.0,2.0,0.48,Med,,"0.0 exp opps (proj 0) · QB2 · vs TB (DvP 23, -5%) · Med confidence",,,,,,,,0
00-0037012,Trey Lance,QB,LAC,7610,26.4,5,,ACT,3.0,2021,0.0,4.25,0.0,4.25,0.3775,3.385,2.5,0.261,prior,prior season only,3.893333333333333,2026.0,5.0,sleeper,2026-10-07T05:42:17Z,,,,,,,,,,,,,,,0.0,,,0.0,1.0,0.0,0.0,0.0,DEN,42.5,1,13.0,1.03,0.0,projection only,2.0,2.0,0.0,Low,,"0.0 exp opps (proj 0, recent 4) · QB2 · vs DEN (DvP 13, +3%) · Low confidence",0.473,5.333,1.0,9.0,1.0,7.4,2.2,0
00-0036972,Mac Jones,QB,SF,7527,28.1,5,,ACT,15.0,2021,1.0,2.0,0.0,2.0,0.15,-0.2,0.0,0.0,current,current season,-0.09999999999999999,2026.0,5.0,sleeper,2026-10-07T05:42:17Z,,,,,,,,,,,,,,,0.0,,,0.0,0.75,0.5,0.0,0.5,SEA,46.5,0,31.0,0.895,-0.0,75% projection,2.0,2.0,0.0,Low,,"0.5 exp opps (proj 0, recent 2) · QB2 · vs SEA (DvP 31, -10%) · Low confidence",1.0,4.667,8.0,3.5,0.998,23.9,14.7,0
00-0036898,Davis Mills,QB,HOU,7585,28.0,5,,ACT,67.0,2021,0.0,2.1666666666666665,0.0,2.1666666666666665,0.705,11.433333333333332,-0.314286,0.048857,prior,prior season only,11.173333333333332,2026.0,5.0,sleeper,2026-10-07T05:42:17Z,,,,,,,,,,,,,,,0.0,,,0.0,1.0,0.0,0.0,0.0,TEN,38.5,0,27.0,0.925,0.0,projection only,2.0,2.0,0.0,Low,,"0.0 exp opps (proj 0, recent 2) · QB2 · vs TEN (DvP 27, -7%) · Low confidence",1.0,2.667,4.0,2.2,0.92,22.5,10.3,0
00-0036679,Shane Buechele,QB,BUF,8002,28.7,5,,DEV,,2021,0.0,1.0,0.0,1.0,0.45,3.92,0.0,0.0,prior,prior season only,3.92,2026.0,5.0,sleeper,2026-10-07T05:42:17Z,,,,,,,,,,,,,,,0.0,,,0.0,1.0,0.0,0.0,0.0,LA,54.5,0,19.0,0.985,0.0,projection only,,,0.0,Low,,"0.0 exp opps (proj 0, recent 1) · vs LA (DvP 19, -2%) · Low confidence",0.45,1.0,1.0,1.0,0.45,3.9,3.9,0
00-0038391,Sean Clifford,QB,CIN,10983,28.2,3,,DEV,149.0,2023,,,,,,,,,,,,2026.0,5.0,sleeper,2026-10-07T05:42:17Z,,,,,,,,,,,,,,,0.0,,,0.0,1.0,0.0,0.0,0.0,MIA,42.5,0,12.0,1.038,0.0,projection only,,,0.36,Low,,"0.0 exp opps (proj 0) · vs MIA (DvP 12, +4%) · Low confidence",,,,,,,,0
00-0038400,Tanner McKee,QB,PHI,9230,26.4,3,,ACT,188.0,2023,0.0,2.0,0.0,2.0,0.345,3.44,-0.2,0.26,prior,prior season only,4.986666666666666,2026.0,5.0,sleeper,2026-10-07T05:42:17Z,,,,,,,,,,,,,,,0.0,,,0.0,1.0,0.0,0.0,0.0,JAX,42.5,0,25.0,0.94,0.0,projection only,2.0,2.0,0.0,Low,,"0.0 exp opps (proj 0, recent 2) · QB2 · vs JAX (DvP 25, -6%) · Low confidence",0.437,2.0,1.0,2.0,1.0,9.7,1.0,0
00-0038550,Hendon Hooker,QB,TEN,9998,28.7,3,,DEV,68.0,2023,,,,,,,,,,,,2026.0,5.0,sleeper,2026-10-07T05:42:17Z,,,,,,,,,,,,,,,0.0,,,0.0,1.0,0.0,0.0,0.0,HOU,38.5,1,7.0,1.075,0.0,projection only,,,0.36,Low,,"0.0 exp opps (proj 0) · vs HOU (DvP 7, +7%) · Low confidence",,,,,,,,0
00-0038998,Jake Haener,QB,NYG,10215,27.6,3,,DEV,127.0,2023,,,,,,,,,,,,2026.0,5.0,sleeper,2026-10-07T05:42:17Z,,,,,,,,,,,,,,,0.0,,,0.0,1.0,0.0,0.0,0.0,WAS,43.5,0,3.0,1.105,0.0,projection only,,,0.36,Low,,"0.0 exp opps (proj 0) · vs WAS (DvP 3, +10%) · Low confidence",,,,,,,,0
00-0039152,Will Levis,QB,NYJ,9999,27.3,3,,DEV,33.0,2023,,,,,,,,,,,,2026.0,5.0,sleeper,2026-10-07T05:42:17Z,,,,,,,,,,,,,,,0.0,,,0.0,1.0,0.0,0.0,0.0,CLE,39.5,1,9.0,1.06,0.0,projection only,,,0.36,Low,,"0.0 exp opps (proj 0) · vs CLE (DvP 9, +6%) · Low confidence",,,,,,,,0
00-0039164,Anthony Richardson,QB,IND,9229,24.4,3,,ACT,4.0,2023,0.0,2.5,0.5,2.0,0.11499999999999999,1.0799999999999998,-3.0,-0.01,prior,prior season only,1.0799999999999998,2026.0,5.0,sleeper,2026-10-07T05:42:17Z,,,,,,,,,,,,,,,0.0,,,0.0,1.0,0.0,0.0,0.0,PIT,44.5,0,30.0,0.902,0.0,projection only,2.0,2.0,0.0,Low,,"0.0 exp opps (proj 0, recent 2) · QB2 · vs PIT (DvP 30, -10%) · Low confidence",0.115,2.5,0.0,,,2.0,1.1,0
00-0039107,Stetson Bennett,QB,LA,10857,28.9,3,,ACT,128.0,2023,,,,,,,,,,,1.42,2026.0,5.0,sleeper,2026-10-07T05:42:17Z,,,,,,,,,,,,,,,0.0,,,0.0,1.0,0.0,0.0,0.0,BUF,54.5,1,4.0,1.098,0.0,projection only,2.0,2.0,0.48,Med,,"0.0 exp opps (proj 0) · QB2 · vs BUF (DvP 4, +10%) · Med confidence",0.16,1.0,0.0,,,1.4,1.4,0
00-0039398,Joe Milton III,QB,DAL,11557,26.6,2,,DEV,193.0,2024,0.0,1.25,0.0,1.25,0.21,2.58,1.3,0.102,prior,prior season only,3.893333333333333,2026.0,5.0,sleeper,2026-10-07T05:42:17Z,,,,,,,,,,,,,,,0.0,,,0.0,1.0,0.0,0.0,0.0,TB,47.5,1,23.0,0.955,0.0,projection only,,,0.0,Low,,"0.0 exp opps (proj 0, recent 1) · vs TB (DvP 23, -5%) · Low confidence",0.233,1.667,1.0,4.0,0.49,6.3,3.4,0
00-0039376,Spencer Rattler,QB,NO,11562,26.0,2,,ACT,150.0,2024,0.0,3.6666666666666665,0.2222222222222222,3.4444444444444446,0.8166666666666667,11.015555555555556,-0.366667,-0.092,prior,prior season only,5.72,2026.0,5.0,sleeper,2026-10-07T05:42:17Z,,,,,,,,,,,,,,,0.0,,,0.0,1.0,0.0,0.0,0.0,MIN,42.5,1,32.0,0.888,0.0,projection only,2.0,2.0,0.0,Low,,"0.0 exp opps (proj 0, recent 4) · QB2 · vs MIN (DvP 32, -11%) · Low confidence",0.987,6.0,8.0,4.1,0.918,17.2,12.7,0
00-0039577,Kedon Slovis,QB,GB,11648,25.5,2,,DEV,,2024,0.0,0.0,0.0,0.0,0.03,-0.04,0.0,-0.02,prior,prior season only,-0.04,2026.0,5.0,sleeper,2026-10-07T05:42:17Z,,,,,,,,,,,,,,,0.0,,,0.0,1.0,0.0,0.0,0.0,CHI,45.5,1,22.0,0.962,0.0,projection only,,,0.6,Med,,"0.0 exp opps (proj 0, recent 0) · vs CHI (DvP 22, -4%) · Med confidence",0.03,0.0,0.0,,,-0.0,-0.0,0
00-0039923,J.J. McCarthy,QB,NYG,11565,23.7,2,,ACT,10.0,2024,0.0,3.7,0.0,3.7,0.916,12.538,-0.248485,-0.04,prior,prior season only,13.933333333333332,2026.0,5.0,sleeper,2026-10-07T05:42:17Z,,,,,,,,,,,,,,,0.0,,,0.0,1.0,0.0,0.0,0.0,WAS,43.5,0,3.0,1.105,0.0,projection only,2.0,2.0,0.0,Low,,"0.0 exp opps (proj 0, recent 4) · QB2 · vs WAS (DvP 3, +10%) · Low confidence",1.0,6.333,10.0,3.7,0.916,23.3,13.0,0
00-0040014,Kyle McCord,QB,MIA,12494,24.0,1,,ACT,181.0,2025,,,,,,,,,,,,2026.0,5.0,sleeper,2026-10-07T05:42:17Z,,,,,,,,,,,,,,,0.0,,,0.0,1.0,0.0,0.0,0.0,CIN,42.5,1,18.0,0.992,0.0,projection only,2.0,2.0,0.48,Med,,"0.0 exp opps (proj 0) · QB2 · vs CIN (DvP 18, -1%) · Med confidence",,,,,,,,0
00-0040234,Quinn Ewers,QB,JAX,12500,23.6,1,,ACT,231.0,2025,0.0,2.25,0.25,2.0,0.79,8.295,0.3,0.222,prior,prior season only,11.353333333333333,2026.0,5.0,sleeper,2026-10-07T05:42:17Z,,,,,,,,,,,,,,,0.0,,,0.0,1.0,0.0,0.0,0.0,PHI,42.5,1,10.0,1.052,0.0,projection only,2.0,2.0,0.0,Low,,"0.0 exp opps (proj 0, recent 2) · QB2 · vs PHI (DvP 10, +5%) · Low confidence",0.983,2.667,3.0,2.7,0.983,13.9,9.1,0
00-0035264,Jarrett Stidham,QB,DEN,6136,30.2,7,,ACT,133.0,2019,0.0,1.0,0.0,1.0,0.06,-0.1,0.0,0.0,prior,prior season only,-0.1,2026.0,5.0,sleeper,2026-10-07T05:42:17Z,,,,,,,,,,,,,,,0.0,,,0.0,1.0,0.0,0.0,0.0,LAC,42.5,0,14.0,1.022,0.0,projection only,2.0,2.0,0.0,Low,,"0.0 exp opps (proj 0, recent 1) · QB2 · vs LAC (DvP 14, +2%) · Low confidence",0.06,1.0,0.0,,,-0.1,-0.1,0
00-0035282,Easton Stick,QB,TB,6185,31.1,7,,DEV,166.0,2019,,,,,,,,,,,,2026.0,5.0,sleeper,2026-10-07T05:42:17Z,,,,,,,,,,,,,,,0.0,,,0.0,1.0,0.0,0.0,0.0,DAL,47.5,0,2.0,1.112,0.0,projection only,,,0.36,Low,,"0.0 exp opps (proj 0) · vs DAL (DvP 2, +11%) · Low confidence",,,,,,,,0
00-0035289,Gardner Minshew,QB,ARI,6011,30.4,7,,ACT,178.0,2019,0.0,1.5,0.0,1.5,0.1675,-0.08000000000000007,-0.6,0.057,prior,prior season only,0.32666666666666666,2026.0,5.0,sleeper,2026-10-07T05:42:17Z,,,,,,,,,,,,,,,0.0,,,0.0,1.0,0.0,0.0,0.0,DET,54.5,1,1.0,1.12,0.0,projection only,2.0,2.0,0.0,Low,,"0.0 exp opps (proj 0, recent 2) · QB2 · vs DET (DvP 1, +12%) · Low confidence",0.197,1.667,0.0,,,0.9,-0.2,0
00-0041056,Cade Klubnik,QB,NYJ,13303,23.0,0,,ACT,110.0,2026,,,,,,,,,,,,2026.0,5.0,sleeper,2026-10-07T05:42:17Z,,,,,,,,,,,,,,,0.0,,,0.0,1.0,0.0,0.0,0.0,CLE,39.5,1,9.0,1.06,0.0,projection only,2.0,2.0,0.48,Med,,"0.0 exp opps (proj 0) · QB2 · vs CLE (DvP 9, +6%) · Med confidence",,,,,,,,0
00-0034955,Brett Rypien,QB,TB,6037,30.2,7,,DEV,,2019,0.0,0.0,0.0,0.0,0.05,0.0,0.0,0.0,prior,prior season only,0.0,2026.0,5.0,sleeper,2026-10-07T05:42:17Z,,,,,,,,,,,,,,,0.0,,,0.0,1.0,0.0,0.0,0.0,DAL,47.5,0,2.0,1.112,0.0,projection only,,,0.6,Med,,"0.0 exp opps (proj 0, recent 0) · vs DAL (DvP 2, +11%) · Med confidence",0.05,0.0,0.0,,,0.0,0.0,0
00-0034577,Kyle Allen,QB,BUF,5127,30.6,8,,ACT,,2018,0.0,1.5,0.0,1.5,0.1,-0.15000000000000002,-1.0,0.06,prior,prior season only,-0.15000000000000002,2026.0,5.0,sleeper,2026-10-07T05:42:17Z,,,,,,,,,,,,,,,0.0,,,0.0,1.0,0.0,0.0,0.0,LA,54.5,0,19.0,0.985,0.0,projection only,2.0,2.0,0.0,Low,,"0.0 exp opps (proj 0, recent 2) · QB2 · vs LA (DvP 19, -2%) · Low confidence",0.1,1.5,0.0,,,-0.1,-0.2,0
00-0033949,Joshua Dobbs,QB,DET,4179,31.7,9,,ACT,135.0,2017,0.0,2.5,0.0,2.5,0.18,0.525,-0.0,0.042,prior,prior season only,0.7666666666666667,2026.0,5.0,sleeper,2026-10-07T05:42:17Z,,,,,,,,,,,,,,,0.0,,,0.0,1.0,0.0,0.0,0.0,ARI,54.5,0,5.0,1.09,0.0,projection only,2.0,2.0,0.0,Low,,"0.0 exp opps (proj 0, recent 2) · QB2 · vs ARI (DvP 5, +9%) · Low confidence",0.2,2.333,0.0,,,1.0,0.6,0
00-0041203,Joey Aguilar,QB,JAX,13428,25.3,0,,DEV,,2026,,,,,,,,,,,,2026.0,5.0,sleeper,2026-10-07T05:42:17Z,,,,,,,,,,,,,,,0.0,,,0.0,1.0,0.0,0.0,0.0,PHI,42.5,1,10.0,1.052,0.0,projection only,,,0.36,Low,,"0.0 exp opps (proj 0) · vs PHI (DvP 10, +5%) · Low confidence",,,,,,,,0
00-0041172,Miller Moss,QB,CHI,13310,24.6,0,,DEV,,2026,,,,,,,,,,,,2026.0,5.0,sleeper,2026-10-07T05:42:17Z,,,,,,,,,,,,,,,0.0,,,0.0,1.0,0.0,0.0,0.0,GB,45.5,0,21.0,0.97,0.0,projection only,,,0.36,Low,,"0.0 exp opps (proj 0) · vs GB (DvP 21, -3%) · Low confidence",,,,,,,,0
00-0041453,Luke Altmyer,QB,DET,13314,24.0,0,,DEV,,2026,,,,,,,,,,,,2026.0,5.0,sleeper,2026-10-07T05:42:17Z,,,,,,,,,,,,,,,0.0,,,0.0,1.0,0.0,0.0,0.0,ARI,54.5,0,5.0,1.09,0.0,projection only,,,0.36,Low,,"0.0 exp opps (proj 0) · vs ARI (DvP 5, +9%) · Low confidence",,,,,,,,0
00-0033869,Mitchell Trubisky,QB,TEN,3976,32.1,9,,ACT,2.0,2017,0.0,2.25,0.0,2.25,0.3325,7.779999999999999,0.7,0.245,prior,prior season only,10.046666666666667,2026.0,5.0,sleeper,2026-10-07T05:42:17Z,,,,,,,,,,,,,,,0.0,,,0.0,1.0,0.0,0.0,0.0,HOU,38.5,1,7.0,1.075,0.0,projection only,2.0,2.0,0.0,Low,,"0.0 exp opps (proj 0, recent 2) · QB2 · vs HOU (DvP 7, +7%) · Low confidence",0.4,2.0,1.0,5.0,0.99,20.5,0.9,0
00-0033319,Nick Mullens,QB,JAX,4464,31.5,9,,DEV,,2017,0.0,3.0,0.0,3.0,0.1125,-0.010000000000000009,-0.0,0.043,prior,prior season only,-0.02,2026.0,5.0,sleeper,2026-10-07T05:42:17Z,,,,,,,,,,,,,,,0.0,,,0.0,1.0,0.0,0.0,0.0,PHI,42.5,1,10.0,1.052,0.0,projection only,,,0.0,Low,,"0.0 exp opps (proj 0, recent 3) · vs PHI (DvP 10, +5%) · Low confidence",0.143,3.0,0.0,,,0.3,-0.2,0
00-0028118,Tyrod Taylor,QB,GB,827,37.2,15,,ACT,180.0,2011,0.0,4.5,0.0,4.5,0.6699999999999999,9.91,-0.371429,-0.026857,prior,prior season only,11.433333333333335,2026.0,5.0,sleeper,2026-10-07T05:42:17Z,,,,,,,,,,,,,,,0.0,,,0.0,1.0,0.0,0.0,0.0,CHI,45.5,1,22.0,0.962,0.0,projection only,2.0,2.0,0.0,Low,,"0.0 exp opps (proj 0, recent 4) · QB2 · vs CHI (DvP 22, -4%) · Low confidence",0.847,5.333,4.0,6.0,0.885,19.5,11.1,0
00-0026300,Josh Johnson,QB,CIN,260,40.4,18,,DEV,160.0,2008,0.0,4.0,0.0,4.0,0.7966666666666665,8.126666666666667,4.0,0.295,prior,prior season only,8.793333333333333,2026.0,5.0,sleeper,2026-10-07T05:42:17Z,,,,,,,,,,,,,,,0.0,,,0.0,1.0,0.0,0.0,0.0,MIA,42.5,0,12.0,1.038,0.0,projection only,,,0.0,Low,,"0.0 exp opps (proj 0, recent 4) · vs MIA (DvP 12, +4%) · Low confidence",0.797,4.0,3.0,4.0,0.797,15.2,8.9,0
00-0026158,Joe Flacco,QB,CIN,19,41.7,18,,ACT,18.0,2008,0.0,1.6153846153846154,0.0,1.6153846153846154,0.7784615384615384,11.281538461538462,0.005495,-0.072143,prior,prior season only,0.5066666666666666,2026.0,5.0,sleeper,2026-10-07T05:42:17Z,,,,,,,,,,,,,,,0.0,,,0.0,1.0,0.0,0.0,0.0,MIA,42.5,0,12.0,1.038,0.0,projection only,2.0,2.0,0.0,Low,,"0.0 exp opps (proj 0, recent 2) · QB2 · vs MIA (DvP 12, +4%) · Low confidence",1.0,2.667,10.0,1.6,0.984,27.2,10.6,0
00-0036945,Justin Fields,QB,KC,7591,27.6,5,,ACT,11.0,2021,0.0,8.0,0.1111111111111111,7.888888888888889,0.8977777777777778,15.851111111111111,0.183333,0.01,prior,prior season only,16.05333333333333,2026.0,5.0,sleeper,2026-10-07T05:42:17Z,,,,,,,,,,,,,,,0.0,,,0.0,1.0,0.0,0.0,0.0,BYE,,0,,1.0,,projection only,2.0,2.0,0.0,Low,BYE,"0.0 exp opps (proj 0, recent 8) · QB2 · Low confidence · BYE",1.0,10.0,9.0,8.0,0.898,27.6,19.3,0
00-0038102,Kenny Pickett,QB,CAR,8160,28.3,4,,ACT,20.0,2022,1.0,1.0,0.0,1.0,0.06,-0.4,0.0,0.0,current,current season,0.6733333333333333,2026.0,5.0,sleeper,2026-10-07T05:42:17Z,,,,,,,,,,,,,,,0.0,,,0.0,0.75,0.2,0.0,0.2,BYE,,0,,1.0,,75% projection,2.0,2.0,0.0,Low,BYE,"0.2 exp opps (proj 0, recent 1) · QB2 · Low confidence · BYE",0.453,1.0,1.0,2.0,1.0,4.2,0.3,0
00-0037013,Zach Wilson,QB,NO,7538,27.2,5,Out,ACT,2.0,2021,0.0,0.75,0.0,0.75,0.1125,0.34500000000000003,-0.1,-0.041,prior,prior season only,-0.06666666666666667,2026.0,5.0,sleeper,2026-10-07T05:42:17Z,,,,,,,,,,,,,,,0.0,,,0.0,1.0,0.0,0.0,0.0,MIN,42.5,1,32.0,0.888,,projection only,3.0,3.0,0.0,Low,OUT,"0.0 exp opps (proj 0, recent 1) · QB3 · vs MIN (DvP 32, -11%) · Low confidence · OUT",0.133,1.0,0.0,,,1.1,0.0,0
00-0036879,Sam Ehlinger,QB,DEN,7583,28.0,5,Out,ACT,218.0,2021,,,,,,,,,,,,2026.0,5.0,sleeper,2026-10-07T05:42:17Z,,,,,,,,,,,,,,,0.0,,,0.0,1.0,0.0,0.0,0.0,LAC,42.5,0,14.0,1.022,,projection only,3.0,3.0,0.0,Low,OUT,"0.0 exp opps (proj 0) · QB3 · vs LAC (DvP 14, +2%) · Low confidence · OUT",,,,,,,,0
00-0038579,Aidan O'Connell,QB,LV,10866,28.1,3,Out,ACT,135.0,2023,0.0,1.0,0.0,1.0,0.82,4.78,0.0,0.0,prior,prior season only,4.78,2026.0,5.0,sleeper,2026-10-07T05:42:17Z,,,,,,,,,,,,,,,0.0,,,0.0,1.0,0.0,0.0,0.0,NE,45.5,0,26.0,0.932,,projection only,3.0,3.0,0.0,Low,OUT,"0.0 exp opps (proj 0, recent 1) · QB3 · vs NE (DvP 26, -7%) · Low confidence · OUT",0.82,1.0,1.0,1.0,0.82,4.8,4.8,0
00-0040203,Will Howard,QB,PIT,12511,25.0,1,Out,ACT,185.0,2025,,,,,,,,,,,,2026.0,5.0,sleeper,2026-10-07T05:42:17Z,,,,,,,,,,,,,,,0.0,,,0.0,1.0,0.0,0.0,0.0,IND,44.5,1,6.0,1.082,,projection only,3.0,3.0,0.0,Low,OUT,"0.0 exp opps (proj 0) · QB3 · vs IND (DvP 6, +8%) · Low confidence · OUT",,,,,,,,0
00-0040206,Riley Leonard,QB,IND,12470,24.1,1,Out,ACT,189.0,2025,0.0,1.2,0.0,1.2,0.394,6.2,0.2,0.103,prior,prior season only,6.866666666666667,2026.0,5.0,sleeper,2026-10-07T05:42:17Z,,,,,,,,,,,,,,,0.0,,,0.0,1.0,0.0,0.0,0.0,PIT,44.5,0,30.0,0.902,,projection only,3.0,3.0,0.0,Low,OUT,"0.0 exp opps (proj 0, recent 1) · QB3 · vs PIT (DvP 30, -10%) · Low confidence · OUT",0.363,1.0,2.0,2.5,0.885,17.5,0.1,0
00-0040464,DJ Uiagalelei,QB,LAC,12773,25.5,1,Out,ACT,,2025,,,,,,,,,,,,2026.0,5.0,sleeper,2026-10-07T05:42:17Z,,,,,,,,,,,,,,,0.0,,,0.0,1.0,0.0,0.0,0.0,DEN,42.5,1,13.0,1.03,,projection only,3.0,3.0,0.0,Low,OUT,"0.0 exp opps (proj 0) · QB3 · vs DEN (DvP 13, +3%) · Low confidence · OUT",,,,,,,,0
00-0040398,Brady Cook,QB,MIA,12538,25.0,1,Out,ACT,,2025,0.0,2.6,0.0,2.6,0.9800000000000001,5.692,-0.0,0.02,prior,prior season only,6.333333333333333,2026.0,5.0,sleeper,2026-10-07T05:42:17Z,,,,,,,,,,,,,,,0.0,,,0.0,1.0,0.0,0.0,0.0,CIN,42.5,1,18.0,0.992,,projection only,3.0,3.0,0.0,Low,OUT,"0.0 exp opps (proj 0, recent 3) · QB3 · vs CIN (DvP 18, -1%) · Low confidence · OUT",1.0,3.0,5.0,2.6,0.98,10.8,5.2,0
00-0040589,Kurtis Rourke,QB,SF,12477,25.9,1,Out,ACT,227.0,2025,,,,,,,,,,,,2026.0,5.0,sleeper,2026-10-07T05:42:17Z,,,,,,,,,,,,,,,0.0,,,0.0,1.0,0.0,0.0,0.0,SEA,46.5,0,31.0,0.895,,projection only,3.0,3.0,0.0,Low,OUT,"0.0 exp opps (proj 0) · QB3 · vs SEA (DvP 31, -10%) · Low confidence · OUT",,,,,,,,0
00-0040494,Max Brosmer,QB,MIN,12775,25.5,1,Out,ACT,,2025,0.0,1.0,0.0,1.0,0.4542857142857143,0.6028571428571429,0.178571,0.1,prior,prior season only,1.9000000000000001,2026.0,5.0,sleeper,2026-10-07T05:42:17Z,,,,,,,,,,,,,,,0.0,,,0.0,1.0,0.0,0.0,0.0,NO,42.5,0,15.0,1.015,,projection only,3.0,3.0,0.0,Low,OUT,"0.0 exp opps (proj 0, recent 1) · QB3 · vs NO (DvP 15, +1%) · Low confidence · OUT",0.827,2.0,3.0,2.0,0.827,2.5,0.9,0
00-0040673,Jalen Milroe,QB,SEA,12510,23.8,1,Out,ACT,92.0,2025,0.0,1.0,0.0,1.0,0.02,-0.5333333333333333,0.0,0.0,prior,prior season only,-0.5333333333333333,2026.0,5.0,sleeper,2026-10-07T05:42:17Z,,,,,,,,,,,,,,,0.0,,,0.0,1.0,0.0,0.0,0.0,SF,46.5,1,24.0,0.948,,projection only,3.0,3.0,0.0,Low,OUT,"0.0 exp opps (proj 0, recent 1) · QB3 · vs SF (DvP 24, -5%) · Low confidence · OUT",0.02,1.0,0.0,,,0.3,0.1,0
00-0040891,Cole Payton,QB,PHI,13335,23.9,0,Out,ACT,178.0,2026,,,,,,,,,,,,2026.0,5.0,sleeper,2026-10-07T05:42:17Z,,,,,,,,,,,,,,,0.0,,,0.0,1.0,0.0,0.0,0.0,JAX,42.5,0,25.0,0.94,,projection only,4.0,4.0,0.0,Low,OUT,"0.0 exp opps (proj 0) · QB4 · vs JAX (DvP 25, -6%) · Low confidence · OUT",,,,,,,,0
00-0040981,Joe Fagnano,QB,BAL,13350,25.5,0,Out,ACT,,2026,,,,,,,,,,,,2026.0,5.0,sleeper,2026-10-07T05:42:17Z,,,,,,,,,,,,,,,0.0,,,0.0,1.0,0.0,0.0,0.0,ATL,43.5,0,11.0,1.045,,projection only,3.0,3.0,0.0,Low,OUT,"0.0 exp opps (proj 0) · QB3 · vs ATL (DvP 11, +4%) · Low confidence · OUT",,,,,,,,0
00-0041092,Taylen Green,QB,CLE,13306,24.0,0,Out,ACT,182.0,2026,,,,,,,,,,,,2026.0,5.0,sleeper,2026-10-07T05:42:17Z,,,,,,,,,,,,,,,0.0,,,0.0,1.0,0.0,0.0,0.0,NYJ,39.5,0,28.0,0.918,,projection only,3.0,3.0,0.0,Low,OUT,"0.0 exp opps (proj 0) · QB3 · vs NYJ (DvP 28, -8%) · Low confidence · OUT",,,,,,,,0
00-0041194,Jack Strand,QB,ATL,13602,22.3,0,Out,ACT,,2026,1.0,2.0,0.0,2.0,0.42,-0.04,0.0,0.0,current,current season,0.96,2026.0,5.0,sleeper,2026-10-07T05:42:17Z,,,,,,,,,,,,,,,0.0,,,0.0,0.75,0.5,0.0,0.5,BAL,43.5,1,16.0,1.008,,75% projection,4.0,4.0,0.0,Low,OUT,"0.5 exp opps (proj 0, recent 2) · QB4 · vs BAL (DvP 16, +1%) · Low confidence · OUT",0.42,2.0,1.0,2.0,0.42,1.0,1.0,0
00-0041123,Behren Morton,QB,NE,13295,24.7,0,Out,ACT,234.0,2026,,,,,,,,,,,,2026.0,5.0,sleeper,2026-10-07T05:42:17Z,,,,,,,,,,,,,,,0.0,,,0.0,1.0,0.0,0.0,0.0,LV,45.5,1,17.0,1.0,,projection only,3.0,3.0,0.0,Low,OUT,"0.0 exp opps (proj 0) · QB3 · vs LV (DvP 17, +0%) · Low confidence · OUT",,,,,,,,0
00-0033662,Cooper Rush,QB,ATL,4574,32.9,9,Out,ACT,,2017,1.0,2.0,0.0,2.0,0.58,-0.56,0.0,0.0,current,current season,3.013333333333333,2026.0,5.0,sleeper,2026-10-07T05:42:17Z,,,,,,,,,,,,,,,0.0,,,0.0,0.75,0.5,0.0,0.5,BAL,43.5,1,16.0,1.008,,75% projection,3.0,3.0,0.0,Low,OUT,"0.5 exp opps (proj 0, recent 2) · QB3 · vs BAL (DvP 16, +1%) · Low confidence · OUT",0.893,1.0,4.0,0.8,0.815,5.9,1.8,0
00-0035537,Ty Johnson,RB,BUF,6039,29.1,7,,ACT,186.0,2019,2.0,3.5,3.0,0.5,0.275,6.1,-1.0,0.09,current,current season,10.6,2026.0,5.0,sleeper,2026-10-07T05:42:17Z,,,,,3.11,13.84,0.06,1.87,1.45,12.12,0.1,5.03,4.3,3.58,4.98,0.112,0.059,5.01,0.5,4.2,2.4,1.8,LA,54.5,0,30.0,0.902,7.0,50% projection,2.0,2.0,0.56,Med,,"4.2 exp opps (proj 5, recent 4) · RB2 · 11% of team carries · vs LA (DvP 30, -10%) · Med confidence",0.357,9.333,2.0,3.0,0.41,11.0,5.5,0
00-0040466,Raheim Sanders,RB,CLE,12472,24.3,1,,ACT,,2025,3.0,4.333333333333333,2.6666666666666665,1.6666666666666667,0.32,4.933333333333333,0.5,0.075,current,current season,4.933333333333333,2026.0,5.0,sleeper,2026-10-07T05:42:17Z,,,,,4.58,19.01,0.04,1.95,1.69,12.49,0.1,5.63,4.78,3.94,6.53,0.171,0.075,5.68,0.4,5.2,2.4,2.8,NYJ,39.5,0,4.0,1.098,5.7,40% projection,2.0,2.0,0.53,Med,,"5.2 exp opps (proj 7, recent 4) · RB2 · 17% of team carries · vs NYJ (DvP 4, +10%) · Med confidence",0.347,9.333,2.0,8.0,0.425,7.1,4.9,0
00-0039746,Will Shipley,RB,PHI,11577,24.1,2,,ACT,127.0,2024,3.0,6.0,1.6666666666666667,4.333333333333333,0.4166666666666667,3.1,-1.0,-0.015,current,current season,3.1,2026.0,5.0,sleeper,2026-10-07T05:42:17Z,,,,,13.96,37.52,0.27,2.88,2.36,15.89,0.1,9.87,8.69,7.51,16.84,0.697,0.112,9.92,0.4,10.3,2.2,8.2,JAX,42.5,0,23.0,0.955,5.6,40% projection,2.0,2.0,0.29,Low,,"10.3 exp opps (proj 17, recent 6) · RB2 · 70% of team carries · vs JAX (DvP 23, -5%) · Low confidence",0.417,6.0,3.0,6.7,0.467,3.8,1.5,1
00-0033699,Austin Ekeler,RB,WAS,4663,31.4,9,,ACT,,2017,1.0,6.0,2.0,4.0,0.27,5.0,0.0,0.0,current,current season,6.033333333333334,2026.0,5.0,sleeper,2026-10-07T05:42:17Z,,,,,3.81,17.88,0.16,1.18,0.94,6.69,0.05,4.67,4.19,3.72,4.99,0.127,0.042,4.66,0.75,5.2,1.4,3.9,NYG,43.5,1,15.0,1.015,5.1,75% projection,4.0,4.0,0.5,Med,,"5.2 exp opps (proj 5, recent 6) · RB4 · 13% of team carries · vs NYG (DvP 15, +1%) · Med confidence",0.42,9.0,2.0,10.5,0.495,8.0,5.0,1
00-0037085,Tyler Badie,RB,DEN,8208,27.7,4,,ACT,196.0,2022,3.0,3.3333333333333335,2.0,1.3333333333333333,0.20666666666666667,5.066666666666667,0.0,-0.04,current,current season,5.066666666666667,2026.0,5.0,sleeper,2026-10-07T05:42:17Z,,,,,0.99,4.06,0.03,1.66,1.22,10.81,0.07,3.3,2.69,2.08,2.65,0.036,0.053,3.31,0.4,3.1,1.9,1.2,LAC,42.5,0,11.0,1.045,4.6,40% projection,3.0,3.0,0.48,Med,,"3.1 exp opps (proj 3, recent 3) · RB3 · 4% of team carries · vs LAC (DvP 11, +4%) · Med confidence",0.23,3.667,0.0,,,4.8,2.6,0
00-0034975,Justice Hill,RB,BAL,5995,28.9,7,,ACT,113.0,2019,3.0,4.333333333333333,1.6666666666666667,2.6666666666666665,0.3933333333333333,3.8666666666666667,-0.0,-0.045,current,current season,3.8666666666666667,2026.0,5.0,sleeper,2026-10-07T05:42:17Z,,,,,4.42,19.21,0.09,2.22,1.8,14.8,0.07,6.18,5.27,4.37,6.640000000000001,0.15,0.09,6.16,0.4,5.3,1.9,3.4,ATL,43.5,0,27.0,0.925,4.4,40% projection,2.0,2.0,0.52,Med,,"5.3 exp opps (proj 7, recent 4) · RB2 · 15% of team carries · vs ATL (DvP 27, -7%) · Med confidence",0.493,8.0,6.0,6.7,0.487,9.1,3.8,0
00-0033526,Samaje Perine,RB,CIN,4147,31.1,9,,ACT,114.0,2017,3.0,4.333333333333333,1.6666666666666667,2.6666666666666665,0.36000000000000004,2.1,0.5,-0.02,current,current season,2.1,2026.0,5.0,sleeper,2026-10-07T05:42:17Z,,,,,4.72,18.21,0.17,1.89,1.7,13.05,0.07,6.29,5.44,4.59,6.609999999999999,0.183,0.055,6.27,0.4,5.2,1.8,3.5,MIA,42.5,0,5.0,1.09,4.1,40% projection,2.0,2.0,0.52,Med,,"5.2 exp opps (proj 7, recent 4) · RB2 · 18% of team carries · vs MIA (DvP 5, +9%) · Med confidence",0.433,12.667,7.0,10.1,0.441,9.1,4.8,0
00-0038685,Chris Brooks,RB,GB,11370,26.7,3,Questionable,ACT,,2023,3.0,4.0,1.3333333333333333,2.6666666666666665,0.3466666666666667,3.1666666666666665,-0.5,-0.145,current,current season,3.1666666666666665,2026.0,5.0,sleeper,2026-10-07T05:42:17Z,,,,,5.35,26.98,0.15,1.67,1.22,9.53,0.05,6.05,5.45,4.84,7.02,0.208,0.054,6.07,0.4,5.2,1.5,3.7,CHI,45.5,1,26.0,0.932,4.0,40% projection,3.0,3.0,0.24,Low,QUESTIONABLE,"5.2 exp opps (proj 7, recent 4) · RB3 · 21% of team carries · vs CHI (DvP 26, -7%) · Low confidence · QUESTIONABLE",0.49,9.0,6.0,6.5,0.462,4.5,1.6,0
00-0038794,Jaleel McLaughlin,RB,CLE,11439,26.1,3,,ACT,,2023,2.0,1.5,0.5,1.0,0.08,4.550000000000001,-1.0,-0.12,current,current season,5.3,2026.0,5.0,sleeper,2026-10-07T05:42:17Z,,,,,1.76,9.79,0.05,0.28,0.21,1.48,0.02,1.73,1.62,1.51,2.04,0.066,0.011,1.76,0.5,1.8,0.4,1.4,NYJ,39.5,0,4.0,1.098,3.9,50% projection,3.0,3.0,0.44,Med,,"1.8 exp opps (proj 2, recent 2) · RB3 · 7% of team carries · vs NYJ (DvP 4, +10%) · Med confidence",0.197,6.667,0.0,,,8.4,4.0,0
00-0039364,Sione Vaki,RB,DET,11729,25.2,2,,ACT,132.0,2024,3.0,3.6666666666666665,1.3333333333333333,2.3333333333333335,0.21666666666666667,3.466666666666667,0.0,0.0,current,current season,3.466666666666667,2026.0,5.0,sleeper,2026-10-07T05:42:17Z,,,,,3.28,15.42,0.07,1.17,0.91,9.7,0.06,4.19,3.74,3.28,4.449999999999999,0.127,0.035,4.2,0.4,4.0,1.3,2.7,ARI,54.5,0,31.0,0.895,3.4,40% projection,2.0,2.0,0.66,Med,,"4.0 exp opps (proj 4, recent 4) · RB2 · 13% of team carries · vs ARI (DvP 31, -10%) · Med confidence",0.257,4.0,0.0,,,3.0,0.0,0
00-0037120,Tyler Goodson,RB,DAL,8207,25.9,4,,ACT,,2022,2.0,5.5,1.0,4.5,0.18,1.9500000000000002,-3.0,0.06,current,current season,1.4000000000000001,2026.0,5.0,sleeper,2026-10-07T05:42:17Z,,,,,4.34,18.05,0.09,1.01,0.85,5.46,0.05,4.01,3.59,3.16,5.35,0.155,0.031,4.04,0.5,5.4,1.0,4.4,TB,47.5,1,23.0,0.955,2.6,50% projection,2.0,2.0,0.78,High,,"5.4 exp opps (proj 5, recent 6) · RB2 · 16% of team carries · vs TB (DvP 23, -5%) · High confidence",0.137,4.0,0.0,,,1.7,0.5,0
00-0036425,DeeJay Dallas,RB,MIN,6931,28.1,6,,ACT,144.0,2020,3.0,1.6666666666666667,0.6666666666666666,1.0,0.15,1.7333333333333334,-1.0,0.0,current,current season,1.7333333333333334,2026.0,5.0,sleeper,2026-10-07T05:42:17Z,,,,,0.89,3.87,0.03,0.85,0.77,4.17,0.05,2.01,1.62,1.24,1.74,0.03,0.032,2.05,0.4,1.7,0.7,1.0,NO,42.5,0,1.0,1.12,2.1,40% projection,2.0,2.0,0.77,High,,"1.7 exp opps (proj 2, recent 2) · RB2 · 3% of team carries · vs NO (DvP 1, +12%) · High confidence",0.15,1.667,0.0,,,2.3,0.2,0
00-0041326,CJ Donaldson,RB,NO,13277,22.2,0,,ACT,,2026,3.0,2.3333333333333335,0.6666666666666666,1.6666666666666667,0.27666666666666667,1.6666666666666667,2.0,0.045,current,current season,1.6666666666666667,2026.0,5.0,sleeper,2026-10-07T05:42:17Z,,,,,1.97,6.89,0.05,1.67,1.03,8.03,0.05,3.11,2.6,2.09,3.6399999999999997,0.072,0.052,3.12,0.4,2.9,1.1,1.8,MIN,42.5,1,32.0,0.888,2.0,40% projection,3.0,3.0,0.38,Low,,"2.9 exp opps (proj 4, recent 2) · RB3 · 7% of team carries · vs MIN (DvP 32, -11%) · Low confidence",0.277,2.333,0.0,,,3.4,0.8,0
00-0039021,Roschon Johnson,RB,CHI,10235,25.7,3,,ACT,115.0,2023,1.0,5.0,1.0,4.0,0.11,3.3,0.0,0.0,current,current season,1.0999999999999999,2026.0,5.0,sleeper,2026-10-07T05:42:17Z,,,,,1.97,7.66,0.09,0.29,0.25,1.65,0.01,1.82,1.69,1.57,2.26,0.063,0.01,1.78,0.75,2.9,0.5,2.5,GB,45.5,0,2.0,1.112,1.8,75% projection,3.0,3.0,0.27,Low,,"2.9 exp opps (proj 2, recent 5) · RB3 · 6% of team carries · vs GB (DvP 2, +11%) · Low confidence",0.037,1.667,0.0,,,1.8,0.0,0
00-0040238,LeQuint Allen Jr.,RB,JAX,12544,22.2,1,,ACT,236.0,2025,3.0,1.0,1.0,0.0,0.16,0.9666666666666667,-0.5,0.0,current,current season,0.9666666666666667,2026.0,5.0,sleeper,2026-10-07T05:42:17Z,,,,,0.89,3.05,0.02,1.08,0.88,5.69,0.04,2.06,1.62,1.18,1.9700000000000002,0.03,0.036,2.11,0.4,1.4,1.0,0.4,PHI,42.5,1,12.0,1.038,1.5,40% projection,3.0,3.0,0.3,Low,,"1.4 exp opps (proj 2, recent 1) · RB3 · 3% of team carries · vs PHI (DvP 12, +4%) · Low confidence",0.28,3.667,0.0,,,2.8,1.6,0
00-0038488,Brady Russell,RB,SEA,11280,28.1,3,,ACT,,2023,2.0,0.5,0.5,0.0,0.2,1.5,-1.0,0.04,current,current season,2.3333333333333335,2026.0,5.0,sleeper,2026-10-07T05:42:17Z,,,,,,,,,,,,,,,0.0,,,0.0,0.5,0.2,0.2,0.0,SF,46.5,1,8.0,1.068,1.2,50% projection,,,0.3,Low,,"0.2 exp opps (proj 0, recent 0) · vs SF (DvP 8, +7%) · Low confidence",0.247,1.0,0.0,,,2.4,0.0,0
00-0041436,DJ Herman,RB,MIA,14026,24.6,0,,ACT,,2026,2.0,1.5,1.5,0.0,0.32999999999999996,1.4,-3.0,0.08,current,current season,1.4,2026.0,5.0,sleeper,2026-10-07T05:42:17Z,,,,,0.05,0.23,0.0,0.68,0.47,4.9,0.03,1.15,0.91,0.68,0.7300000000000001,0.002,0.025,1.16,0.5,1.1,1.1,0.0,CIN,42.5,1,21.0,0.97,1.2,50% projection,,,0.29,Low,,"1.1 exp opps (proj 1, recent 2) · 0% of team carries · vs CIN (DvP 21, -3%) · Low confidence",0.33,1.5,0.0,,,2.5,1.4,0
00-0040556,Corey Kiner,RB,NE,12491,24.7,1,,ACT,,2025,3.0,3.0,0.3333333333333333,2.6666666666666665,0.07666666666666667,1.2333333333333334,-1.0,-0.02,current,current season,1.2333333333333334,2026.0,5.0,sleeper,2026-10-07T05:42:17Z,,,,,0.86,3.3,0.03,0.06,0.05,0.41,0.0,0.59,0.56,0.54,0.9199999999999999,0.03,0.002,0.6,0.4,2.2,0.2,1.9,LV,45.5,1,17.0,1.0,1.0,40% projection,3.0,3.0,0.18,Low,,"2.2 exp opps (proj 1, recent 3) · RB3 · 3% of team carries · vs LV (DvP 17, +0%) · Low confidence",0.15,5.0,0.0,,,4.0,1.1,0
00-0032104,Ameer Abdullah,RB,JAX,2359,33.3,11,,ACT,54.0,2015,3.0,2.6666666666666665,0.6666666666666666,2.0,0.07666666666666667,0.8333333333333334,-2.0,-0.04,current,current season,0.8333333333333334,2026.0,5.0,sleeper,2026-10-07T05:42:17Z,,,,,0.89,3.41,0.02,0.31,0.27,1.64,0.01,0.96,0.82,0.69,1.2,0.03,0.01,0.96,0.4,2.1,0.5,1.6,PHI,42.5,1,12.0,1.038,0.9,40% projection,4.0,4.0,0.27,Low,,"2.1 exp opps (proj 1, recent 3) · RB4 · 3% of team carries · vs PHI (DvP 12, +4%) · Low confidence",0.18,4.333,0.0,,,5.3,1.8,0
00-0037304,Connor Heyward,RB,LV,8181,27.7,4,,ACT,208.0,2022,,,,,,,,,,,,2026.0,5.0,sleeper,2026-10-07T05:42:17Z,,,,,0.46,1.66,0.02,0.4,0.3,2.33,0.02,0.91,0.76,0.61,0.8600000000000001,0.019,0.013,0.94,1.0,0.9,0.4,0.5,NE,45.5,0,18.0,0.992,0.9,projection only,,,0.36,Low,,"0.9 exp opps (proj 1) · 2% of team carries · vs NE (DvP 18, -1%) · Low confidence",,,,,,,,0
00-0038738,Hunter Luepke,RB,DAL,11510,26.6,3,,ACT,,2023,2.0,1.0,0.5,0.5,0.15,0.65,-0.0,-0.06,current,current season,0.6666666666666666,2026.0,5.0,sleeper,2026-10-07T05:42:17Z,,,,,0.67,2.67,0.01,0.35,0.29,2.64,0.02,1.01,0.87,0.72,1.02,0.024,0.011,1.0,0.5,1.0,0.4,0.6,TB,47.5,1,23.0,0.955,0.8,50% projection,,,0.59,Med,,"1.0 exp opps (proj 1, recent 1) · 2% of team carries · vs TB (DvP 23, -5%) · Med confidence",0.283,5.333,0.0,,,6.1,1.3,0
00-0040208,Tahj Brooks,RB,CIN,12543,24.4,1,,ACT,193.0,2025,1.0,0.0,0.0,0.0,0.0,0.0,0.0,0.0,current,current season,0.9666666666666667,2026.0,5.0,sleeper,2026-10-07T05:42:17Z,,,,,0.85,2.79,0.03,0.1,0.09,0.72,0.0,0.62,0.58,0.54,0.95,0.033,0.003,0.62,0.75,0.7,0.1,0.6,MIA,42.5,0,5.0,1.09,0.8,75% projection,3.0,3.0,0.03,Low,,"0.7 exp opps (proj 1, recent 0) · RB3 · 3% of team carries · vs MIA (DvP 5, +9%) · Low confidence",0.097,2.667,0.0,,,1.4,0.0,0
00-0037157,Bam Knight,RB,ARI,8122,25.5,4,,ACT,,2022,1.0,2.0,0.0,2.0,0.06,2.4,0.0,0.0,current,current season,2.8666666666666667,2026.0,5.0,sleeper,2026-10-07T05:42:17Z,,,,,,,,,,,,,,,0.0,,,0.0,0.75,0.5,0.0,0.5,DET,54.5,1,14.0,1.022,0.7,75% projection,3.0,3.0,0.0,Low,,"0.5 exp opps (proj 0, recent 2) · RB3 · vs DET (DvP 14, +2%) · Low confidence",0.51,14.333,8.0,13.4,0.474,14.2,6.7,0
00-0036187,Reggie Gilliam,RB,NE,7204,29.1,6,Questionable,ACT,,2020,1.0,2.0,2.0,0.0,0.36,1.4,0.0,0.0,current,current season,1.6666666666666667,2026.0,5.0,sleeper,2026-10-07T05:42:17Z,,,,,0.11,0.47,0.0,0.12,0.09,0.87,0.01,0.28,0.24,0.19,0.22999999999999998,0.004,0.004,0.28,0.75,0.7,0.6,0.1,LV,45.5,1,17.0,1.0,0.6,75% projection,,,0.05,Low,QUESTIONABLE,"0.7 exp opps (proj 0, recent 2) · 0% of team carries · vs LV (DvP 17, +0%) · Low confidence · QUESTIONABLE",0.293,1.667,1.0,0.0,0.41,1.4,0.0,0
00-0035594,Travis Homer,RB,PIT,6012,28.2,7,,ACT,204.0,2019,3.0,1.6666666666666667,0.0,1.6666666666666667,0.03666666666666667,0.5,0.0,-0.0,current,current season,0.5,2026.0,5.0,sleeper,2026-10-07T05:42:17Z,,,,,0.18,0.82,0.01,0.1,0.08,0.65,0.01,0.31,0.27,0.23,0.28,0.007,0.003,0.35,0.4,1.1,0.0,1.1,IND,44.5,1,10.0,1.052,0.5,40% projection,3.0,3.0,0.1,Low,,"1.1 exp opps (proj 0, recent 2) · RB3 · 1% of team carries · vs IND (DvP 10, +5%) · Low confidence",0.037,1.667,0.0,,,0.0,0.0,0
00-0036842,Kene Nwangwu,RB,NYJ,7720,28.7,5,,ACT,119.0,2021,1.0,0.0,0.0,0.0,0.0,0.0,0.0,0.0,current,current season,1.6333333333333335,2026.0,5.0,sleeper,2026-10-07T05:42:17Z,,,,,0.19,0.73,0.0,0.01,0.01,0.07,0.0,0.11,0.1,0.1,0.2,0.007,0.0,0.09,0.75,0.2,0.0,0.1,CLE,39.5,1,28.0,0.918,0.4,75% projection,4.0,4.0,0.48,Med,,"0.2 exp opps (proj 0, recent 0) · RB4 · 1% of team carries · vs CLE (DvP 28, -8%) · Med confidence",0.17,4.667,0.0,,,1.8,0.0,0
00-0039384,Tyrone Tracy Jr.,RB,NYG,11655,26.9,2,,ACT,166.0,2024,3.0,0.6666666666666666,0.0,0.6666666666666666,0.07333333333333333,0.06666666666666667,0.5,0.08,current,current season,0.06666666666666667,2026.0,5.0,sleeper,2026-10-07T05:42:17Z,,,,,0.86,4.01,0.02,0.24,0.17,1.45,0.02,0.93,0.85,0.76,1.1,0.031,0.009,0.96,0.4,0.8,0.1,0.7,WAS,43.5,0,29.0,0.91,0.4,40% projection,3.0,3.0,0.36,Low,,"0.8 exp opps (proj 1, recent 1) · RB3 · 3% of team carries · vs WAS (DvP 29, -9%) · Low confidence",0.68,21.0,12.0,16.8,0.612,19.3,6.7,0
00-0039798,Isaiah Davis,RB,NYJ,11571,24.6,2,,ACT,173.0,2024,3.0,0.0,0.0,0.0,0.02,0.0,0.0,0.03,current,current season,0.0,2026.0,5.0,sleeper,2026-10-07T05:42:17Z,,,,,0.58,3.02,0.03,0.14,0.13,1.01,0.01,0.76,0.69,0.63,0.72,0.02,0.005,0.77,0.4,0.3,0.1,0.2,CLE,39.5,1,28.0,0.918,0.3,40% projection,3.0,3.0,0.17,Low,,"0.3 exp opps (proj 1, recent 0) · RB3 · 2% of team carries · vs CLE (DvP 28, -8%) · Low confidence",0.41,7.333,3.0,7.7,0.447,10.7,1.8,0
00-0035125,Alec Ingold,RB,LAC,6109,30.2,7,,ACT,,2019,,,,,,,,,,,,2026.0,5.0,sleeper,2026-10-07T05:42:17Z,,,,,0.26,0.87,0.01,0.12,0.08,0.72,0.0,0.32,0.28,0.24,0.38,0.009,0.004,0.3,1.0,0.4,0.1,0.3,DEN,42.5,1,7.0,1.075,0.3,projection only,,,0.36,Low,,"0.4 exp opps (proj 0) · 1% of team carries · vs DEN (DvP 7, +7%) · Low confidence",,,,,,,,0
00-0033376,Patrick Ricard,RB,NYG,4353,32.4,9,,ACT,,2017,1.0,2.0,2.0,0.0,0.46,1.1,0.0,0.0,current,current season,0.9666666666666668,2026.0,5.0,sleeper,2026-10-07T05:42:17Z,,,,,,,,0.08,0.05,0.49,0.0,0.12,0.1,0.08,0.08,,0.003,0.1,0.75,0.6,0.6,0.0,WAS,43.5,0,29.0,0.91,0.3,75% projection,,,0.02,Low,,"0.6 exp opps (proj 0, recent 2) · vs WAS (DvP 29, -9%) · Low confidence",0.54,1.333,5.0,1.0,0.522,1.4,0.0,0
00-0037594,Julius Chestnut,RB,TEN,8254,25.9,4,,ACT,,2022,3.0,0.0,0.0,0.0,0.0,0.0,0.0,0.0,current,current season,0.0,2026.0,5.0,sleeper,2026-10-07T05:42:17Z,,,,,0.24,0.77,0.0,0.1,0.07,0.56,0.0,0.25,0.21,0.18,0.33999999999999997,0.009,0.003,0.2,0.4,0.1,0.0,0.1,HOU,38.5,1,25.0,0.94,0.1,40% projection,4.0,4.0,0.4,Med,,"0.1 exp opps (proj 0, recent 0) · RB4 · 1% of team carries · vs HOU (DvP 25, -6%) · Med confidence",0.113,2.0,0.0,,,0.3,0.0,0
00-0038896,Jacob Saylors,RB,DET,11237,26.6,3,,ACT,,2023,3.0,0.0,0.0,0.0,0.01,0.0,0.0,-0.0,current,current season,0.0,2026.0,5.0,sleeper,2026-10-07T05:42:17Z,,,,,0.26,1.31,0.01,0.07,0.05,0.49,0.0,0.29,0.27,0.24,0.33,0.01,0.002,0.29,0.4,0.1,0.0,0.1,ARI,54.5,0,31.0,0.895,0.1,40% projection,3.0,3.0,0.4,Med,,"0.1 exp opps (proj 0, recent 0) · RB3 · 1% of team carries · vs ARI (DvP 31, -10%) · Med confidence",0.027,0.667,0.0,,,0.0,0.0,0
00-0039796,Rasheen Ali,RB,BAL,11570,25.6,2,,ACT,165.0,2024,2.0,0.0,0.0,0.0,0.0,0.0,0.0,0.0,current,current season,0.0,2026.0,5.0,sleeper,2026-10-07T05:42:17Z,,,,,0.12,0.43,0.0,0.11,0.08,0.76,0.01,0.25,0.21,0.16,0.22999999999999998,0.004,0.004,0.26,0.5,0.1,0.1,0.1,ATL,43.5,0,27.0,0.925,0.1,50% projection,3.0,3.0,0.46,Med,,"0.1 exp opps (proj 0, recent 0) · RB3 · 0% of team carries · vs ATL (DvP 27, -7%) · Med confidence",0.363,3.333,1.0,4.0,0.48,3.0,0.0,0
00-0041081,Max Bredeson,RB,MIN,13516,24.0,0,,ACT,159.0,2026,1.0,0.0,0.0,0.0,0.17,0.0,0.0,0.0,current,current season,0.0,2026.0,5.0,sleeper,2026-10-07T05:42:17Z,,,,,0.01,0.05,0.0,0.06,0.04,0.33,0.0,0.1,0.08,0.06,0.06999999999999999,0.0,0.002,0.08,0.75,0.1,0.0,0.0,NO,42.5,0,1.0,1.12,0.1,75% projection,,,0.56,Med,,"0.1 exp opps (proj 0, recent 0) · 0% of team carries · vs NO (DvP 1, +12%) · Med confidence",0.17,0.0,0.0,,,0.0,0.0,0
00-0041398,Riley Nowakowski,RB,PIT,13433,24.3,0,,ACT,169.0,2026,,,,,,,,,,,,2026.0,5.0,sleeper,2026-10-07T05:42:17Z,,,,,,,,0.06,0.04,0.46,0.0,0.11,0.09,0.07,0.06,,0.002,0.09,1.0,0.1,0.1,0.0,IND,44.5,1,10.0,1.052,0.1,projection only,,,0.36,Low,,"0.1 exp opps (proj 0) · vs IND (DvP 10, +5%) · Low confidence",,,,,,,,0
00-0041415,Dean Connors,RB,LA,13315,23.1,0,,ACT,,2026,2.0,0.0,0.0,0.0,0.0,0.0,0.0,0.0,current,current season,0.0,2026.0,5.0,sleeper,2026-10-07T05:42:17Z,,,,,0.1,0.46,0.0,0.07,0.05,0.4,0.0,0.18,0.16,0.13,0.17,0.004,0.002,0.14,0.5,0.1,0.0,0.0,BUF,54.5,1,6.0,1.082,0.1,50% projection,3.0,3.0,0.5,Med,,"0.1 exp opps (proj 0, recent 0) · RB3 · 0% of team carries · vs BUF (DvP 6, +8%) · Med confidence",0.0,0.0,0.0,,,0.0,0.0,0
00-0033854,Dare Ogunbowale,RB,HOU,4718,32.4,9,,ACT,,2017,0.0,1.7142857142857142,0.9285714285714286,0.7857142857142857,0.12785714285714286,1.7214285714285715,0.189011,-0.000154,prior,prior season only,3.0666666666666664,2026.0,5.0,sleeper,2026-10-07T05:42:17Z,,,,,0.09,0.25,0.0,0.09,0.07,0.59,0.0,0.18,0.15,0.11,0.18,0.003,0.003,0.15,1.0,0.2,0.1,0.1,TEN,38.5,0,19.0,0.985,0.1,projection only,3.0,3.0,0.06,Low,,"0.2 exp opps (proj 0, recent 2) · RB3 · 0% of team carries · vs TEN (DvP 19, -2%) · Low confidence",0.207,4.667,0.0,,,5.3,1.1,0
00-0037617,Hassan Haskins,RB,NE,8123,26.9,4,,DEV,131.0,2022,0.0,1.9090909090909092,0.36363636363636365,1.5454545454545454,0.10909090909090909,0.9090909090909091,0.127273,0.000818,prior,prior season only,0.5666666666666667,2026.0,5.0,sleeper,2026-10-07T05:42:17Z,,,,,,,,,,,,,,,0.0,,,0.0,1.0,0.0,0.0,0.0,LV,45.5,1,17.0,1.0,0.0,projection only,,,0.0,Low,,"0.0 exp opps (proj 0, recent 2) · vs LV (DvP 17, +0%) · Low confidence",0.283,5.333,0.0,,,2.5,0.0,0
00-0031595,Michael Burton,RB,CLE,2471,34.7,11,,ACT,168.0,2015,,,,,,,,,,,,2026.0,5.0,sleeper,2026-10-07T05:42:17Z,,,,,,,,,,,,,,,0.0,,,0.0,1.0,0.0,0.0,0.0,NYJ,39.5,0,4.0,1.098,0.0,projection only,,,0.36,Low,,"0.0 exp opps (proj 0) · vs NYJ (DvP 4, +10%) · Low confidence",,,,,,,,0
00-0029892,Kyle Juszczyk,RB,SF,1379,35.5,13,,ACT,130.0,2013,,,,,,,,,,,,2026.0,5.0,sleeper,2026-10-07T05:42:17Z,,,,,,,,,,,,,,,0.0,,,0.0,1.0,0.0,0.0,0.0,SEA,46.5,0,16.0,1.008,0.0,projection only,,,0.36,Low,,"0.0 exp opps (proj 0) · vs SEA (DvP 16, +1%) · Low confidence",,,,,,,,0
00-0037258,Dameon Pierce,RB,PHI,8129,26.6,4,,DEV,107.0,2022,0.0,3.0,0.2,2.8,0.08399999999999999,0.72,-0.7,-0.029,prior,prior season only,0.3333333333333333,2026.0,5.0,sleeper,2026-10-07T05:42:17Z,,,,,,,,,,,,,,,0.0,,,0.0,1.0,0.0,0.0,0.0,JAX,42.5,0,23.0,0.955,0.0,projection only,,,0.0,Low,,"0.0 exp opps (proj 0, recent 3) · vs JAX (DvP 23, -5%) · Low confidence",0.113,3.667,0.0,,,1.7,0.5,0
00-0037509,Sincere McCormick,RB,SF,8220,26.1,4,,DEV,,2022,,,,,,,,,,,,2026.0,5.0,sleeper,2026-10-07T05:42:17Z,,,,,,,,,,,,,,,0.0,,,0.0,1.0,0.0,0.0,0.0,SEA,46.5,0,16.0,1.008,0.0,projection only,,,0.36,Low,,"0.0 exp opps (proj 0) · vs SEA (DvP 16, +1%) · Low confidence",,,,,,,,0
00-0038098,Pierre Strong,RB,GB,8116,27.8,4,Questionable,DEV,127.0,2022,,,,,,,,,,,,2026.0,5.0,sleeper,2026-10-07T05:42:17Z,,,,,,,,,,,,,,,0.0,,,0.0,1.0,0.0,0.0,0.0,CHI,45.5,1,26.0,0.932,0.0,projection only,,,0.25,Low,QUESTIONABLE,"0.0 exp opps (proj 0) · vs CHI (DvP 26, -7%) · Low confidence · QUESTIONABLE",,,,,,,,0
00-0038040,Zamir White,RB,NO,8139,27.1,4,,DEV,122.0,2022,0.0,3.6,1.2,2.4,0.19,1.92,-0.6,-0.033,prior,prior season only,1.8333333333333333,2026.0,5.0,sleeper,2026-10-07T05:42:17Z,,,,,,,,,,,,,,,0.0,,,0.0,1.0,0.0,0.0,0.0,MIN,42.5,1,32.0,0.888,0.0,projection only,,,0.0,Low,,"0.0 exp opps (proj 0, recent 4) · vs MIN (DvP 32, -11%) · Low confidence",0.26,5.0,0.0,,,3.3,2.0,0
00-0037745,Velus Jones Jr.,RB,SEA,8223,29.4,4,,ACT,71.0,2022,0.0,0.8,0.0,0.8,0.026000000000000002,0.64,0.8,0.022,prior,prior season only,1.0666666666666667,2026.0,5.0,sleeper,2026-10-07T05:42:17Z,,,,,,,,,,,,,,,0.0,,,0.0,1.0,0.0,0.0,0.0,SF,46.5,1,8.0,1.068,0.0,projection only,3.0,3.0,0.12,Low,,"0.0 exp opps (proj 0, recent 1) · RB3 · vs SF (DvP 8, +7%) · Low confidence",0.043,1.333,0.0,,,1.9,0.0,0
00-0036906,Khalil Herbert,RB,ATL,7608,28.5,5,,DEV,217.0,2021,0.0,4.0,0.8,3.2,0.19,1.3199999999999998,3.1,0.155,prior,prior season only,2.1999999999999997,2026.0,5.0,sleeper,2026-10-07T05:42:17Z,,,,,,,,,,,,,,,0.0,,,0.0,1.0,0.0,0.0,0.0,BAL,43.5,1,22.0,0.962,0.0,projection only,,,0.0,Low,,"0.0 exp opps (proj 0, recent 4) · vs BAL (DvP 22, -4%) · Low confidence",0.317,6.667,1.0,14.0,0.67,3.6,0.5,0
00-0036727,Adam Prentice,RB,DEN,8025,29.7,5,,ACT,,2021,,,,,,,,,,,,2026.0,5.0,sleeper,2026-10-07T05:42:17Z,,,,,,,,,,,,,,,0.0,,,0.0,1.0,0.0,0.0,0.0,LAC,42.5,0,11.0,1.045,0.0,projection only,,,0.36,Low,,"0.0 exp opps (proj 0) · vs LAC (DvP 11, +4%) · Low confidence",,,,,,,,0
00-0038409,Lew Nichols III,RB,PIT,9510,25.1,3,,DEV,235.0,2023,2.0,0.5,0.0,0.5,0.025,0.0,-1.0,-0.05,current,current season,0.0,2026.0,5.0,sleeper,2026-10-07T05:42:17Z,,,,,,,,,,,,,,,0.0,,,0.0,0.5,0.2,0.0,0.2,IND,44.5,1,10.0,1.052,0.0,50% projection,,,0.3,Low,,"0.2 exp opps (proj 0, recent 0) · vs IND (DvP 10, +5%) · Low confidence",0.017,0.333,0.0,,,0.0,0.0,0
00-0038440,Zavier Scott,RB,CHI,11299,27.2,3,,DEV,,2023,0.0,4.363636363636363,1.4545454545454546,2.909090909090909,0.1481818181818182,3.563636363636364,-0.663636,-0.025,prior,prior season only,1.6333333333333335,2026.0,5.0,sleeper,2026-10-07T05:42:17Z,,,,,,,,,,,,,,,0.0,,,0.0,1.0,0.0,0.0,0.0,GB,45.5,0,2.0,1.112,0.0,projection only,,,0.0,Low,,"0.0 exp opps (proj 0, recent 4) · vs GB (DvP 2, +11%) · Low confidence",0.293,8.0,0.0,,,6.0,2.7,0
00-0038458,Owen Wright,RB,LV,11384,27.6,3,,DEV,,2023,0.0,1.5,0.0,1.5,0.04,0.3,3.0,0.06,prior,prior season only,0.3,2026.0,5.0,sleeper,2026-10-07T05:42:17Z,,,,,,,,,,,,,,,0.0,,,0.0,1.0,0.0,0.0,0.0,NE,45.5,0,18.0,0.992,0.0,projection only,,,0.0,Low,,"0.0 exp opps (proj 0, recent 2) · vs NE (DvP 18, -1%) · Low confidence",0.04,1.5,0.0,,,0.5,0.3,0
00-0038389,Israel Abanikanda,RB,DAL,9227,24.0,3,,DEV,143.0,2023,,,,,,,,,,,,2026.0,5.0,sleeper,2026-10-07T05:42:17Z,,,,,,,,,,,,,,,0.0,,,0.0,1.0,0.0,0.0,0.0,TB,47.5,1,23.0,0.955,0.0,projection only,,,0.36,Low,,"0.0 exp opps (proj 0) · vs TB (DvP 23, -5%) · Low confidence",,,,,,,,0
00-0038396,Eric Gray,RB,CLE,10223,26.9,3,,DEV,172.0,2023,0.0,0.0,0.0,0.0,0.0,0.0,0.0,0.0,prior,prior season only,0.0,2026.0,5.0,sleeper,2026-10-07T05:42:17Z,,,,,,,,,,,,,,,0.0,,,0.0,1.0,0.0,0.0,0.0,NYJ,39.5,0,4.0,1.098,0.0,projection only,,,0.6,Med,,"0.0 exp opps (proj 0, recent 0) · vs NYJ (DvP 4, +10%) · Med confidence",0.0,0.0,0.0,,,0.0,0.0,0
00-0038397,Evan Hull,RB,ARI,9220,25.9,3,,DEV,176.0,2023,0.0,3.3333333333333335,0.16666666666666666,3.1666666666666665,0.19166666666666665,1.0666666666666667,-0.4,-0.004857,prior,prior season only,0.5666666666666668,2026.0,5.0,sleeper,2026-10-07T05:42:17Z,,,,,,,,,,,,,,,0.0,,,0.0,1.0,0.0,0.0,0.0,DET,54.5,1,14.0,1.022,0.0,projection only,,,0.0,Low,,"0.0 exp opps (proj 0, recent 3) · vs DET (DvP 14, +2%) · Low confidence",0.243,3.667,0.0,,,1.8,1.1,0
00-0039266,Kendall Milton,RB,CIN,11649,24.7,2,,DEV,,2024,0.0,2.0,0.0,2.0,0.06,0.2,0.0,0.0,prior,prior season only,0.2,2026.0,5.0,sleeper,2026-10-07T05:42:17Z,,,,,,,,,,,,,,,0.0,,,0.0,1.0,0.0,0.0,0.0,MIA,42.5,0,5.0,1.09,0.0,projection only,,,0.0,Low,,"0.0 exp opps (proj 0, recent 2) · vs MIA (DvP 5, +9%) · Low confidence",0.06,2.0,0.0,,,0.2,0.2,0
00-0039325,Carson Steele,RB,PHI,11582,24.0,2,,DEV,,2024,,,,,,,,,,,,2026.0,5.0,sleeper,2026-10-07T05:42:17Z,,,,,,,,,,,,,,,0.0,,,0.0,1.0,0.0,0.0,0.0,JAX,42.5,0,23.0,0.955,0.0,projection only,,,0.36,Low,,"0.0 exp opps (proj 0) · vs JAX (DvP 23, -5%) · Low confidence",,,,,,,,0
00-0039471,Frank Gore Jr.,RB,BUF,11573,24.6,2,,DEV,,2024,,,,,,,,,,,0.3,2026.0,5.0,sleeper,2026-10-07T05:42:17Z,,,,,,,,,,,,,,,0.0,,,0.0,1.0,0.0,0.0,0.0,LA,54.5,0,30.0,0.902,0.0,projection only,,,0.36,Low,,"0.0 exp opps (proj 0) · vs LA (DvP 30, -10%) · Low confidence",0.19,1.0,0.0,,,0.3,0.3,0
00-0039405,Jawhar Jordan,RB,HOU,11588,27.1,2,,DEV,205.0,2024,0.0,12.5,1.75,10.75,0.3,7.425,-4.8,-0.11,prior,prior season only,5.3,2026.0,5.0,sleeper,2026-10-07T05:42:17Z,,,,,,,,,,,,,,,0.0,,,0.0,1.0,0.0,0.0,0.0,TEN,38.5,0,19.0,0.985,0.0,projection only,,,0.0,Low,,"0.0 exp opps (proj 0, recent 12) · vs TEN (DvP 19, -2%) · Low confidence",0.35,15.0,2.0,18.5,0.44,14.7,7.8,0
00-0039373,Audric Estimé,RB,MIN,11579,23.1,2,,DEV,147.0,2024,0.0,11.8,2.6,9.2,0.542,9.620000000000001,5.5,0.174,prior,prior season only,13.0,2026.0,5.0,sleeper,2026-10-07T05:42:17Z,,,,,,,,,,,,,,,0.0,,,0.0,1.0,0.0,0.0,0.0,NO,42.5,0,1.0,1.12,0.0,projection only,,,0.0,Low,,"0.0 exp opps (proj 0, recent 12) · vs NO (DvP 1, +12%) · Low confidence",0.727,16.667,3.0,16.7,0.727,16.3,8.0,0
00-0039652,Jabari Small,RB,DET,12356,24.7,2,,DEV,,2024,,,,,,,,,,,,2026.0,5.0,sleeper,2026-10-07T05:42:17Z,,,,,,,,,,,,,,,0.0,,,0.0,1.0,0.0,0.0,0.0,ARI,54.5,0,31.0,0.895,0.0,projection only,,,0.36,Low,,"0.0 exp opps (proj 0) · vs ARI (DvP 31, -10%) · Low confidence",,,,,,,,0
00-0039703,Cody Schrader,RB,DEN,11644,27.1,2,,DEV,,2024,,,,,,,,,,,,2026.0,5.0,sleeper,2026-10-07T05:42:17Z,,,,,,,,,,,,,,,0.0,,,0.0,1.0,0.0,0.0,0.0,LAC,42.5,0,11.0,1.045,0.0,projection only,,,0.36,Low,,"0.0 exp opps (proj 0) · vs LAC (DvP 11, +4%) · Low confidence",,,,,,,,0
00-0040021,Phil Mafah,RB,NYG,12738,24.0,1,,DEV,239.0,2025,0.0,7.0,2.0,5.0,0.18,10.9,0.0,0.0,prior,prior season only,10.9,2026.0,5.0,sleeper,2026-10-07T05:42:17Z,,,,,,,,,,,,,,,0.0,,,0.0,1.0,0.0,0.0,0.0,WAS,43.5,0,29.0,0.91,0.0,projection only,,,0.0,Low,,"0.0 exp opps (proj 0, recent 7) · vs WAS (DvP 29, -9%) · Low confidence",0.18,7.0,0.0,,,10.9,10.9,0
00-0040039,Amar Johnson,RB,LAC,12928,23.7,1,,DEV,,2025,0.0,3.0,1.0,2.0,0.08,0.8,0.0,0.0,prior,prior season only,0.8,2026.0,5.0,sleeper,2026-10-07T05:42:17Z,,,,,,,,,,,,,,,0.0,,,0.0,1.0,0.0,0.0,0.0,DEN,42.5,1,7.0,1.075,0.0,projection only,,,0.0,Low,,"0.0 exp opps (proj 0, recent 3) · vs DEN (DvP 7, +7%) · Low confidence",0.08,3.0,0.0,,,0.8,0.8,0
00-0035924,Jonathan Ward,RB,BAL,7087,29.0,6,,DEV,,2020,,,,,,,,,,,,2026.0,5.0,sleeper,2026-10-07T05:42:17Z,,,,,,,,,,,,,,,0.0,,,0.0,1.0,0.0,0.0,0.0,ATL,43.5,0,27.0,0.925,0.0,projection only,,,0.36,Low,,"0.0 exp opps (proj 0) · vs ATL (DvP 27, -7%) · Low confidence",,,,,,,,0
00-0036020,Salvon Ahmed,RB,CHI,6918,27.8,6,,DEV,,2020,,,,,,,,,,,,2026.0,5.0,sleeper,2026-10-07T05:42:17Z,,,,,,,,,,,,,,,0.0,,,0.0,1.0,0.0,0.0,0.0,GB,45.5,0,2.0,1.112,0.0,projection only,,,0.36,Low,,"0.0 exp opps (proj 0) · vs GB (DvP 2, +11%) · Low confidence",,,,,,,,0
00-0040202,Devin Neal,RB,MIN,12476,23.2,1,,DEV,184.0,2025,0.0,8.444444444444445,2.111111111111111,6.333333333333333,0.4444444444444444,6.666666666666667,1.983333,0.062667,prior,prior season only,11.833333333333334,2026.0,5.0,sleeper,2026-10-07T05:42:17Z,,,,,,,,,,,,,,,0.0,,,0.0,1.0,0.0,0.0,0.0,NO,42.5,0,1.0,1.12,0.0,projection only,,,0.0,Low,,"0.0 exp opps (proj 0, recent 8) · vs NO (DvP 1, +12%) · Low confidence",0.757,17.0,4.0,13.5,0.682,12.0,6.1,0
00-0040205,Kalel Mullings,RB,TEN,12516,24.0,1,,DEV,188.0,2025,0.0,0.75,0.0,0.75,0.030000000000000002,0.175,0.3,0.006,prior,prior season only,0.2333333333333333,2026.0,5.0,sleeper,2026-10-07T05:42:17Z,,,,,,,,,,,,,,,0.0,,,0.0,1.0,0.0,0.0,0.0,HOU,38.5,1,25.0,0.94,0.0,projection only,,,0.15,Low,,"0.0 exp opps (proj 0, recent 1) · vs HOU (DvP 25, -6%) · Low confidence",0.04,1.0,0.0,,,0.4,0.1,0
00-0040429,Josh Williams,RB,TB,12787,26.3,1,,DEV,,2025,0.0,2.0,0.0,2.0,0.065,0.55,4.0,0.07,prior,prior season only,0.3666666666666667,2026.0,5.0,sleeper,2026-10-07T05:42:17Z,,,,,,,,,,,,,,,0.0,,,0.0,1.0,0.0,0.0,0.0,DAL,47.5,0,13.0,1.03,0.0,projection only,,,0.0,Low,,"0.0 exp opps (proj 0, recent 2) · vs DAL (DvP 13, +3%) · Low confidence",0.043,1.333,0.0,,,0.9,0.0,0
00-0040586,Jaydon Blue,RB,PHI,12457,22.7,1,,DEV,149.0,2025,0.0,7.8,0.2,7.6,0.256,4.08,2.9,0.094,prior,prior season only,6.566666666666667,2026.0,5.0,sleeper,2026-10-07T05:42:17Z,,,,,,,,,,,,,,,0.0,,,0.0,1.0,0.0,0.0,0.0,JAX,42.5,0,23.0,0.955,0.0,projection only,,,0.0,Low,,"0.0 exp opps (proj 0, recent 8) · vs JAX (DvP 23, -5%) · Low confidence",0.337,10.667,1.0,16.0,0.6,9.2,2.9,0
00-0040568,Lan Larison,RB,NE,12969,25.0,1,,DEV,,2025,,,,,,,,,,,2.9,2026.0,5.0,sleeper,2026-10-07T05:42:17Z,,,,,,,,,,,,,,,0.0,,,0.0,1.0,0.0,0.0,0.0,LV,45.5,1,17.0,1.0,0.0,projection only,,,0.36,Low,,"0.0 exp opps (proj 0) · vs LV (DvP 17, +0%) · Low confidence",0.04,2.0,0.0,,,2.9,2.9,0
00-0040476,Ulysses Bentley IV,RB,NO,12826,25.8,1,,DEV,,2025,0.0,1.0,0.0,1.0,0.03,0.0,0.0,0.0,prior,prior season only,0.0,2026.0,5.0,sleeper,2026-10-07T05:42:17Z,,,,,,,,,,,,,,,0.0,,,0.0,1.0,0.0,0.0,0.0,MIN,42.5,1,32.0,0.888,0.0,projection only,,,0.0,Low,,"0.0 exp opps (proj 0, recent 1) · vs MIN (DvP 32, -11%) · Low confidence",0.03,1.0,0.0,,,0.0,0.0,0
00-0035567,Craig Reynolds,RB,WAS,6659,30.3,7,,DEV,,2019,1.0,2.0,0.0,2.0,0.09,0.4,0.0,0.0,current,current season,0.13333333333333333,2026.0,5.0,sleeper,2026-10-07T05:42:17Z,,,,,,,,,,,,,,,0.0,,,0.0,0.75,0.5,0.0,0.5,NYG,43.5,1,15.0,1.015,0.0,75% projection,,,0.0,Low,,"0.5 exp opps (proj 0, recent 2) · vs NYG (DvP 15, +1%) · Low confidence",0.03,1.0,0.0,,,0.4,0.0,0
00-0040692,Jarquez Hunter,RB,MIA,11569,23.8,1,,DEV,117.0,2025,,,,,,,,,,,,2026.0,5.0,sleeper,2026-10-07T05:42:17Z,,,,,,,,,,,,,,,0.0,,,0.0,1.0,0.0,0.0,0.0,CIN,42.5,1,21.0,0.97,0.0,projection only,,,0.36,Low,,"0.0 exp opps (proj 0) · vs CIN (DvP 21, -3%) · Low confidence",,,,,,,,0
00-0040998,Roman Hemby,RB,LV,13416,24.1,0,,DEV,,2026,,,,,,,,,,,,2026.0,5.0,sleeper,2026-10-07T05:42:17Z,,,,,,,,,,,,,,,0.0,,,0.0,1.0,0.0,0.0,0.0,NE,45.5,0,18.0,0.992,0.0,projection only,,,0.36,Low,,"0.0 exp opps (proj 0) · vs NE (DvP 18, -1%) · Low confidence",,,,,,,,0
00-0034959,Andrew Beck,RB,NYJ,6323,30.4,7,,ACT,,2019,,,,,,,,,,,,2026.0,5.0,sleeper,2026-10-07T05:42:17Z,,,,,,,,,,,,,,,0.0,,,0.0,1.0,0.0,0.0,0.0,CLE,39.5,1,28.0,0.918,0.0,projection only,5.0,5.0,0.36,Low,,"0.0 exp opps (proj 0) · RB5 · vs CLE (DvP 28, -8%) · Low confidence",,,,,,,,0
00-0041178,Robert Henry Jr.,RB,WAS,13418,24.8,0,,DEV,,2026,,,,,,,,,,,,2026.0,5.0,sleeper,2026-10-07T05:42:17Z,,,,,,,,,,,,,,,0.0,,,0.0,1.0,0.0,0.0,0.0,NYG,43.5,1,15.0,1.015,0.0,projection only,4.0,4.0,0.36,Low,,"0.0 exp opps (proj 0) · RB4 · vs NYG (DvP 15, +1%) · Low confidence",,,,,,,,0
00-0041191,Cash Jones,RB,ATL,13595,26.5,0,,DEV,,2026,,,,,,,,,,,,2026.0,5.0,sleeper,2026-10-07T05:42:17Z,,,,,,,,,,,,,,,0.0,,,0.0,1.0,0.0,0.0,0.0,BAL,43.5,1,22.0,0.962,0.0,projection only,,,0.36,Low,,"0.0 exp opps (proj 0) · vs BAL (DvP 22, -4%) · Low confidence",,,,,,,,0
00-0041277,Davon Booth,RB,IND,13339,24.7,0,,DEV,,2026,,,,,,,,,,,,2026.0,5.0,sleeper,2026-10-07T05:42:17Z,,,,,,,,,,,,,,,0.0,,,0.0,1.0,0.0,0.0,0.0,PIT,44.5,0,9.0,1.06,0.0,projection only,,,0.36,Low,,"0.0 exp opps (proj 0) · vs PIT (DvP 9, +6%) · Low confidence",,,,,,,,0
00-0041241,Kentrel Bullock,RB,CIN,13436,24.5,0,,DEV,,2026,,,,,,,,,,,,2026.0,5.0,sleeper,2026-10-07T05:42:17Z,,,,,,,,,,,,,,,0.0,,,0.0,1.0,0.0,0.0,0.0,MIA,42.5,0,5.0,1.09,0.0,projection only,,,0.36,Low,,"0.0 exp opps (proj 0) · vs MIA (DvP 5, +9%) · Low confidence",,,,,,,,0
00-0041376,Gregory Desrosiers,RB,LAC,13603,25.5,0,,DEV,,2026,,,,,,,,,,,,2026.0,5.0,sleeper,2026-10-07T05:42:17Z,,,,,,,,,,,,,,,0.0,,,0.0,1.0,0.0,0.0,0.0,DEN,42.5,1,7.0,1.075,0.0,projection only,,,0.36,Low,,"0.0 exp opps (proj 0) · vs DEN (DvP 7, +7%) · Low confidence",,,,,,,,0
00-0039407,Dylan Laube,RB,LV,11574,26.8,2,,ACT,208.0,2024,3.0,0.0,0.0,0.0,0.09000000000000001,0.0,0.0,-0.025,current,current season,-0.6666666666666666,2026.0,5.0,sleeper,2026-10-07T05:42:17Z,,,,,0.57,1.76,0.02,0.12,0.1,0.64,0.0,0.46,0.41,0.36,0.69,0.024,0.004,0.46,0.4,0.3,0.0,0.2,NE,45.5,0,18.0,0.992,-0.2,40% projection,3.0,3.0,0.19,Low,,"0.3 exp opps (proj 1, recent 0) · RB3 · 2% of team carries · vs NE (DvP 18, -1%) · Low confidence",0.113,2.0,0.0,,,0.4,0.0,0
00-0040547,Nate Carter,RB,KC,12897,24.4,1,,DEV,,2025,0.0,4.5,0.0,4.5,,2.0,-5.0,0.0,prior,prior season only,2.0,2026.0,5.0,sleeper,2026-10-07T05:42:17Z,,,,,,,,,,,,,,,0.0,,,0.0,1.0,0.0,0.0,0.0,BYE,,0,,1.0,,projection only,,,0.0,Low,BYE,"0.0 exp opps (proj 0, recent 4) · Low confidence · BYE",,4.5,0.0,,,2.5,2.0,0
00-0040959,Jaydn Ott,RB,KC,13419,23.8,0,,DEV,,2026,,,,,,,,,,,,2026.0,5.0,sleeper,2026-10-07T05:42:17Z,,,,,,,,,,,,,,,0.0,,,0.0,1.0,0.0,0.0,0.0,BYE,,0,,1.0,,projection only,,,0.36,Low,BYE,0.0 exp opps (proj 0) · Low confidence · BYE,,,,,,,,0
00-0040260,Ahmani Marshall,RB,CAR,12797,24.5,1,,DEV,,2025,,,,,,,,,,,,2026.0,5.0,sleeper,2026-10-07T05:42:17Z,,,,,,,,,,,,,,,0.0,,,0.0,1.0,0.0,0.0,0.0,BYE,,0,,1.0,,projection only,,,0.36,Low,BYE,0.0 exp opps (proj 0) · Low confidence · BYE,,,,,,,,0
00-0036265,AJ Dillon,RB,CAR,6828,28.4,6,,ACT,62.0,2020,3.0,4.666666666666667,0.6666666666666666,4.0,0.12333333333333334,1.2666666666666666,1.5,0.045,current,current season,1.2666666666666666,2026.0,5.0,sleeper,2026-10-07T05:42:17Z,,,,,,,,,,,,,,,0.0,,,0.0,0.4,2.8,0.4,2.4,BYE,,0,,1.0,,40% projection,2.0,2.0,0.0,Low,BYE,"2.8 exp opps (proj 0, recent 5) · RB2 · Low confidence · BYE",0.153,4.667,0.0,,,2.4,1.7,0
00-0040078,Brashard Smith,RB,KC,12455,23.5,1,,ACT,228.0,2025,2.0,0.5,0.5,0.0,0.04,0.7,1.0,0.08,current,current season,3.0666666666666664,2026.0,5.0,sleeper,2026-10-07T05:42:17Z,,,,,,,,,,,,,,,0.0,,,0.0,0.5,0.2,0.2,0.0,BYE,,0,,1.0,,50% projection,3.0,3.0,0.3,Low,BYE,"0.2 exp opps (proj 0, recent 0) · RB3 · Low confidence · BYE",0.283,9.0,1.0,16.0,0.53,8.1,1.4,0
00-0040394,Anthony Tyus III,RB,CAR,12939,23.6,1,,ACT,,2025,2.0,0.0,0.0,0.0,0.015,0.0,0.0,0.03,current,current season,0.0,2026.0,5.0,sleeper,2026-10-07T05:42:17Z,,,,,,,,,,,,,,,0.0,,,0.0,0.5,0.0,0.0,0.0,BYE,,0,,1.0,,50% projection,3.0,3.0,0.6,Med,BYE,"0.0 exp opps (proj 0, recent 0) · RB3 · Med confidence · BYE",0.015,0.0,0.0,,,0.0,0.0,0
00-0038489,Ben VanSumeren,RB,KC,11273,26.4,3,,ACT,,2023,1.0,0.0,0.0,0.0,0.0,0.0,0.0,0.0,current,current season,0.0,2026.0,5.0,sleeper,2026-10-07T05:42:17Z,,,,,,,,,,,,,,,0.0,,,0.0,0.75,0.0,0.0,0.0,BYE,,0,,1.0,,75% projection,,,0.6,Med,BYE,"0.0 exp opps (proj 0, recent 0) · Med confidence · BYE",0.02,0.0,0.0,,,0.0,0.0,0
00-0041490,Eli Heidenreich,RB,PIT,13423,23.2,0,Out,ACT,230.0,2026,1.0,0.0,0.0,0.0,0.0,0.0,0.0,0.0,current,current season,0.0,2026.0,5.0,sleeper,2026-10-07T05:42:17Z,,,,,,,,,,,,,,,0.0,,,0.0,0.75,0.0,0.0,0.0,IND,44.5,1,10.0,1.052,,75% projection,4.0,4.0,0.0,Low,OUT,"0.0 exp opps (proj 0, recent 0) · RB4 · vs IND (DvP 10, +5%) · Low confidence · OUT",0.02,0.0,0.0,,,0.0,0.0,0
00-0036924,Michael Carter,RB,TEN,7607,27.4,5,Out,ACT,107.0,2021,0.0,10.538461538461538,3.4615384615384617,7.076923076923077,0.4523076923076923,7.615384615384615,0.148352,0.026154,prior,prior season only,6.566666666666666,2026.0,5.0,sleeper,2026-10-07T05:42:17Z,,,,,0.08,0.25,0.0,0.06,0.05,0.34,0.0,0.12,0.1,0.08,0.14,0.003,0.002,0.11,1.0,0.1,0.1,0.1,HOU,38.5,1,25.0,0.94,,projection only,5.0,5.0,0.0,Low,OUT,"0.1 exp opps (proj 0, recent 11) · RB5 · 0% of team carries · vs HOU (DvP 25, -6%) · Low confidence · OUT",0.62,15.333,10.0,12.4,0.534,13.0,6.9,0
00-0038705,Emari Demercado,RB,DAL,11199,27.7,3,Out,ACT,,2023,1.0,3.0,0.0,3.0,0.16,0.8,0.0,0.0,current,current season,2.733333333333333,2026.0,5.0,sleeper,2026-10-07T05:42:17Z,,,,,,,,,,,,,,,0.0,,,0.0,0.75,0.8,0.0,0.8,TB,47.5,1,23.0,0.955,,75% projection,3.0,3.0,0.0,Low,OUT,"0.8 exp opps (proj 0, recent 3) · RB3 · vs TB (DvP 23, -5%) · Low confidence · OUT",0.357,10.333,3.0,10.3,0.45,9.7,3.5,0
00-0040067,Jacardia Wright,RB,SEA,13047,26.0,1,Out,DEV,,2025,0.0,5.0,0.0,5.0,0.09,2.0,0.0,0.0,prior,prior season only,2.0,2026.0,5.0,sleeper,2026-10-07T05:42:17Z,,,,,,,,,,,,,,,0.0,,,0.0,1.0,0.0,0.0,0.0,SF,46.5,1,8.0,1.068,,projection only,,,0.0,Low,OUT,"0.0 exp opps (proj 0, recent 5) · vs SF (DvP 8, +7%) · Low confidence · OUT",0.09,5.0,0.0,,,2.0,2.0,0
00-0040177,Jordan James,RB,SF,12467,22.5,1,Out,ACT,147.0,2025,1.0,4.0,0.0,4.0,0.15,1.5,0.0,0.0,current,current season,1.5,2026.0,5.0,sleeper,2026-10-07T05:42:17Z,,,,,0.52,1.91,0.01,0.06,0.05,0.37,0.0,0.34,0.32,0.3,0.5800000000000001,0.02,0.002,0.34,0.75,1.4,0.0,1.4,SEA,46.5,0,16.0,1.008,,75% projection,3.0,3.0,0.0,Low,OUT,"1.4 exp opps (proj 1, recent 4) · RB3 · 2% of team carries · vs SEA (DvP 16, +1%) · Low confidence · OUT",0.15,4.0,0.0,,,1.5,1.5,0
00-0040179,DJ Giddens,RB,IND,12471,23.1,1,Out,ACT,151.0,2025,0.0,5.6,0.4,5.2,0.182,1.92,-0.3,0.019,prior,prior season only,1.8333333333333333,2026.0,5.0,sleeper,2026-10-07T05:42:17Z,,,,,,,,,,,,,,,0.0,,,0.0,1.0,0.0,0.0,0.0,PIT,44.5,0,9.0,1.06,,projection only,3.0,3.0,0.0,Low,OUT,"0.0 exp opps (proj 0, recent 6) · RB3 · vs PIT (DvP 9, +6%) · Low confidence · OUT",0.197,5.0,0.0,,,3.7,2.2,0
00-0035250,Devin Singletary,RB,NYG,6130,29.1,7,Out,ACT,74.0,2019,1.0,4.0,1.0,3.0,0.26,0.9,0.0,0.0,current,current season,8.433333333333334,2026.0,5.0,sleeper,2026-10-07T05:42:17Z,,,,,,,,,,,,,,,0.0,,,0.0,0.75,1.0,0.2,0.8,WAS,43.5,0,29.0,0.91,,75% projection,4.0,4.0,0.0,Low,OUT,"1.0 exp opps (proj 0, recent 4) · RB4 · vs WAS (DvP 29, -9%) · Low confidence · OUT",0.46,15.333,3.0,14.0,0.52,17.1,3.8,0
00-0041312,Noah Whittington,RB,HOU,13437,24.8,0,Out,DEV,,2026,,,,,,,,,,,,2026.0,5.0,sleeper,2026-10-07T05:42:17Z,,,,,,,,,,,,,,,0.0,,,0.0,1.0,0.0,0.0,0.0,TEN,38.5,0,19.0,0.985,,projection only,,,0.0,Low,OUT,"0.0 exp opps (proj 0) · vs TEN (DvP 19, -2%) · Low confidence · OUT",,,,,,,,0
00-0034829,Mike Gesicki,TE,CIN,4993,31.0,8,,ACT,42.0,2018,2.0,4.0,4.0,0.0,0.565,12.85,2.0,0.11,current,current season,16.666666666666668,2026.0,5.0,sleeper,2026-10-07T05:42:17Z,,,,,,,,3.78,3.01,34.58,0.26,8.02,6.52,5.02,3.78,,0.11,9.53,0.5,3.9,3.9,0.0,MIA,42.5,0,4.0,1.098,14.4,50% projection,1.0,1.0,0.94,High,,"3.9 exp opps (proj 4, recent 4) · TE1 · 11% of team targets · vs MIA (DvP 4, +10%) · High confidence",0.497,5.333,9.0,4.0,0.512,18.6,6.3,1
00-0038129,Cade Otton,TE,TB,8111,27.5,4,,ACT,106.0,2022,3.0,6.0,6.0,0.0,0.9266666666666666,8.366666666666667,0.0,0.03,current,current season,10.366666666666667,2026.0,5.0,sleeper,2026-10-07T05:42:17Z,,,,,,,,4.61,3.45,36.11,0.2,8.26,6.54,4.81,4.61,,0.165,9.99,0.4,5.4,5.4,0.0,DAL,47.5,0,14.0,1.022,10.4,40% projection,1.0,1.0,0.77,High,,"5.4 exp opps (proj 5, recent 6) · TE1 · 16% of team targets · vs DAL (DvP 14, +2%) · High confidence",0.98,8.667,19.0,5.5,0.937,17.9,9.3,0
00-0039066,Michael Mayer,TE,LV,9482,25.3,3,,ACT,35.0,2023,3.0,5.666666666666667,5.666666666666667,0.0,0.8633333333333333,11.233333333333334,3.0,0.02,current,current season,13.566666666666668,2026.0,5.0,sleeper,2026-10-07T05:42:17Z,,,,,,,,4.37,3.31,27.29,0.13,6.81,5.16,3.5,4.37,,0.137,8.47,0.4,5.1,5.1,0.0,NE,45.5,0,32.0,0.888,10.2,40% projection,2.0,2.0,0.62,Med,,"5.1 exp opps (proj 4, recent 6) · TE2 · 14% of team targets · vs NE (DvP 32, -11%) · Med confidence",0.897,7.333,13.0,5.4,0.82,19.2,6.8,1
00-0036894,Pat Freiermuth,TE,PIT,7600,28.0,5,,ACT,55.0,2021,3.0,5.333333333333333,4.666666666666667,0.6666666666666666,0.6699999999999999,7.733333333333333,-0.5,0.045,current,current season,9.233333333333333,2026.0,5.0,sleeper,2026-10-07T05:42:17Z,,,,,,,,4.16,3.12,35.72,0.27,8.34,6.78,5.22,4.16,,0.132,9.87,0.4,4.9,4.5,0.4,IND,44.5,1,16.0,1.008,9.6,40% projection,2.0,2.0,0.62,Med,,"4.9 exp opps (proj 4, recent 5) · TE2 · 13% of team targets · vs IND (DvP 16, +1%) · Med confidence",0.707,5.333,18.0,4.1,0.57,14.2,8.0,0
00-0037252,Greg Dulcich,TE,MIA,8172,26.5,4,,ACT,80.0,2022,2.0,5.0,5.0,0.0,0.655,7.1,4.0,0.09,current,current season,7.5,2026.0,5.0,sleeper,2026-10-07T05:42:17Z,,,,,,,,3.68,2.74,31.1,0.11,6.53,5.16,3.79,3.68,,0.134,7.88,0.5,4.3,4.3,0.0,CIN,42.5,1,6.0,1.082,8.3,50% projection,1.0,1.0,0.74,High,,"4.3 exp opps (proj 4, recent 5) · TE1 · 13% of team targets · vs CIN (DvP 6, +8%) · High confidence",0.693,4.667,7.0,3.9,0.609,12.9,7.3,0
00-0038558,Darnell Washington,TE,PIT,9479,25.1,3,,ACT,93.0,2023,3.0,3.6666666666666665,3.6666666666666665,0.0,0.6666666666666666,7.699999999999999,1.5,0.09,current,current season,8.866666666666665,2026.0,5.0,sleeper,2026-10-07T05:42:17Z,,,,,,,,3.33,2.44,29.39,0.12,6.1,4.88,3.66,3.33,,0.106,7.32,0.4,3.5,3.5,0.0,IND,44.5,1,16.0,1.008,8.3,40% projection,1.0,1.0,0.91,High,,"3.5 exp opps (proj 3, recent 4) · TE1 · 11% of team targets · vs IND (DvP 16, +1%) · High confidence",0.78,5.333,14.0,3.7,0.694,11.8,6.5,0
00-0037809,Chig Okonkwo,TE,WAS,8210,27.1,4,,ACT,143.0,2022,1.0,4.0,4.0,0.0,0.58,2.5,0.0,0.0,current,current season,3.766666666666667,2026.0,5.0,sleeper,2026-10-07T05:42:17Z,,,,,,,,4.54,3.17,26.49,0.29,7.54,5.96,4.37,4.54,,0.161,9.14,0.75,4.4,4.4,0.0,NYG,43.5,1,15.0,1.015,7.9,75% projection,1.0,1.0,0.88,High,,"4.4 exp opps (proj 5, recent 4) · TE1 · 16% of team targets · vs NYG (DvP 15, +1%) · High confidence",0.767,7.0,19.0,4.5,0.63,14.5,8.9,0
00-0040879,Matthew Hibner,TE,BAL,,24.6,0,,ACT,133.0,2026,2.0,2.0,2.0,0.0,0.54,7.8500000000000005,-0.0,0.08,current,current season,6.833333333333333,,,,,,,,,,,,,,,,,,,,,,,0.0,2.0,2.0,0.0,ATL,43.5,0,12.0,1.038,7.1,recent only,3.0,3.0,0.36,Low,,"2.0 exp opps (recent 2) · TE3 · vs ATL (DvP 12, +4%) · Low confidence",0.473,1.667,2.0,2.0,0.54,10.3,6.4,0
00-0039041,Elijah Higgins,TE,ARI,10231,25.9,3,,ACT,197.0,2023,3.0,1.6666666666666667,1.6666666666666667,0.0,0.34,4.966666666666667,1.0,0.05,current,current season,5.8,2026.0,5.0,sleeper,2026-10-07T05:42:17Z,,,,,,,,1.05,0.87,8.09,0.05,1.96,1.53,1.09,1.05,,0.032,2.41,0.4,1.4,1.4,0.0,DET,54.5,1,1.0,1.12,5.0,40% projection,2.0,2.0,0.5,Med,,"1.4 exp opps (proj 1, recent 2) · TE2 · 3% of team targets · vs DET (DvP 1, +12%) · Med confidence",0.663,4.0,11.0,2.6,0.515,7.8,3.1,0
00-0040584,Gunnar Helm,TE,TEN,12502,24.1,1,,ACT,120.0,2025,3.0,2.3333333333333335,2.3333333333333335,0.0,0.8033333333333333,3.4,-0.5,-0.075,current,current season,4.233333333333333,2026.0,5.0,sleeper,2026-10-07T05:42:17Z,,,,,,,,3.06,2.44,20.03,0.08,4.94,3.72,2.5,3.06,,0.104,6.14,0.4,2.6,2.6,0.0,HOU,38.5,1,18.0,0.992,5.0,40% projection,1.0,1.0,0.76,High,,"2.6 exp opps (proj 3, recent 2) · TE1 · 10% of team targets · vs HOU (DvP 18, -1%) · High confidence",0.817,6.333,18.0,3.4,0.603,11.6,4.5,0
00-0032392,Austin Hooper,TE,ATL,3202,31.9,10,,ACT,81.0,2016,3.0,2.3333333333333335,2.3333333333333335,0.0,0.2966666666666667,5.0,-1.5,-0.1,current,current season,5.833333333333333,2026.0,5.0,sleeper,2026-10-07T05:42:17Z,,,,,,,,1.7,1.21,12.86,0.13,3.31,2.7,2.1,1.7,,0.061,3.88,0.4,2.1,2.1,0.0,BAL,43.5,1,21.0,0.97,4.9,40% projection,3.0,3.0,0.44,Med,,"2.1 exp opps (proj 2, recent 2) · TE3 · 6% of team targets · vs BAL (DvP 21, -3%) · Med confidence",0.647,3.333,12.0,2.1,0.545,10.1,5.4,0
00-0034981,Foster Moreau,TE,HOU,5985,29.4,7,,ACT,137.0,2019,3.0,2.3333333333333335,2.3333333333333335,0.0,0.4066666666666667,5.066666666666666,-0.5,0.035,current,current season,5.8999999999999995,2026.0,5.0,sleeper,2026-10-07T05:42:17Z,,,,,,,,1.48,1.19,12.48,0.09,2.97,2.38,1.78,1.48,,0.052,3.57,0.4,2.0,2.0,0.0,TEN,38.5,0,22.0,0.962,4.8,40% projection,2.0,2.0,0.51,Med,,"2.0 exp opps (proj 1, recent 2) · TE2 · 5% of team targets · vs TEN (DvP 22, -4%) · Med confidence",0.433,2.667,4.0,2.5,0.52,6.4,3.1,0
00-0041395,Eli Raridon,TE,NE,13421,22.7,0,Questionable,ACT,95.0,2026,2.0,1.5,1.5,0.0,0.39,3.1,1.0,0.38,current,current season,4.966666666666667,2026.0,5.0,sleeper,2026-10-07T05:42:17Z,,,,,,,,1.54,1.17,12.9,0.13,3.24,2.66,2.08,1.54,,0.054,3.82,0.5,1.5,1.5,0.0,LV,45.5,1,9.0,1.06,4.7,50% projection,2.0,2.0,0.55,Med,QUESTIONABLE,"1.5 exp opps (proj 2, recent 2) · TE2 · 5% of team targets · vs LV (DvP 9, +6%) · Med confidence · QUESTIONABLE",0.44,1.333,2.0,1.5,0.56,7.1,4.5,0
00-0037805,Jeremy Ruckert,TE,NYJ,8145,26.2,4,,ACT,101.0,2022,2.0,3.5,3.5,0.0,0.38,8.7,3.0,0.08,current,current season,7.599999999999999,2026.0,5.0,sleeper,2026-10-07T05:42:17Z,,,,,,,,0.57,0.46,3.46,0.03,1.01,0.78,0.55,0.57,,0.021,1.22,0.5,2.0,2.0,0.0,CLE,39.5,1,10.0,1.052,4.6,50% projection,3.0,3.0,0.1,Low,,"2.0 exp opps (proj 1, recent 4) · TE3 · 2% of team targets · vs CLE (DvP 10, +5%) · Low confidence",0.673,3.333,12.0,2.4,0.512,8.5,4.2,0
00-0038783,Nate Adkins,TE,DEN,11433,27.2,3,,ACT,,2023,2.0,3.0,2.5,0.5,0.355,10.3,-2.0,-0.03,current,current season,7.533333333333334,2026.0,5.0,sleeper,2026-10-07T05:42:17Z,,,,,,,,0.86,0.58,6.28,0.1,1.82,1.53,1.23,0.86,,0.027,2.1,0.5,1.9,1.7,0.2,LAC,42.5,0,24.0,0.948,4.6,50% projection,3.0,3.0,0.17,Low,,"1.9 exp opps (proj 1, recent 3) · TE3 · 3% of team targets · vs LAC (DvP 24, -5%) · Low confidence",0.387,2.0,1.0,3.0,0.42,11.9,3.5,0
00-0035689,Dawson Knox,TE,BUF,5906,29.9,7,,ACT,96.0,2019,3.0,2.0,1.6666666666666667,0.3333333333333333,0.69,4.433333333333334,0.0,-0.075,current,current season,5.266666666666667,2026.0,5.0,sleeper,2026-10-07T05:42:17Z,,,,,,,,1.7,1.18,11.46,0.14,3.2,2.61,2.02,1.7,,0.053,3.76,0.4,1.9,1.7,0.2,LA,54.5,0,31.0,0.895,4.2,40% projection,2.0,2.0,0.68,Med,,"1.9 exp opps (proj 2, recent 2) · TE2 · 5% of team targets · vs LA (DvP 31, -10%) · Med confidence",0.783,5.0,19.0,2.8,0.635,12.3,5.0,0
00-0030061,Zach Ertz,TE,PHI,1339,35.9,13,,DEV,35.0,2013,2.0,3.0,3.0,0.0,0.295,2.5999999999999996,2.0,-0.17,current,current season,3.1,2026.0,5.0,sleeper,2026-10-07T05:42:17Z,,,,,,,,2.83,2.01,18.99,0.12,4.64,3.63,2.63,2.83,,0.111,5.63,0.5,2.9,2.9,0.0,JAX,42.5,0,26.0,0.932,4.1,50% projection,3.0,3.0,0.57,Med,,"2.9 exp opps (proj 3, recent 3) · TE3 · 11% of team targets · vs JAX (DvP 26, -7%) · Med confidence",0.743,8.667,13.0,5.5,0.665,20.6,10.2,0
00-0035631,Drew Sample,TE,CIN,6001,30.5,7,,ACT,52.0,2019,1.0,2.0,2.0,0.0,0.51,1.0,0.0,0.0,current,current season,4.7,2026.0,5.0,sleeper,2026-10-07T05:42:17Z,,,,,,,,1.45,1.31,10.74,0.07,2.78,2.13,1.47,1.45,,0.042,3.46,0.75,1.6,1.6,0.0,MIA,42.5,0,4.0,1.098,4.1,75% projection,2.0,2.0,0.58,Med,,"1.6 exp opps (proj 1, recent 2) · TE2 · 4% of team targets · vs MIA (DvP 4, +10%) · Med confidence",0.677,2.667,13.0,1.8,0.583,6.3,2.2,0
00-0039847,Theo Johnson,TE,NYG,11597,25.6,2,,ACT,107.0,2024,2.0,2.5,2.5,0.0,0.30500000000000005,4.05,-3.0,0.05,current,current season,3.6666666666666665,2026.0,5.0,sleeper,2026-10-07T05:42:17Z,,,,,,,,1.96,1.06,14.96,0.1,3.18,2.65,2.12,1.96,,0.07,3.69,0.5,2.2,2.2,0.0,WAS,43.5,0,5.0,1.09,4.0,50% projection,2.0,2.0,0.63,Med,,"2.2 exp opps (proj 2, recent 2) · TE2 · 7% of team targets · vs WAS (DvP 5, +9%) · Med confidence",0.937,6.0,16.0,4.7,0.842,17.4,8.3,0
00-0033858,Jonnu Smith,TE,GB,4144,31.1,9,,ACT,100.0,2017,2.0,2.0,2.0,0.0,0.275,3.25,-2.0,-0.11,current,current season,5.333333333333333,2026.0,5.0,sleeper,2026-10-07T05:42:17Z,,,,,,,,1.67,1.17,12.91,0.05,2.79,2.2,1.62,1.67,,0.054,3.35,0.5,1.8,1.8,0.0,CHI,45.5,1,30.0,0.902,3.9,50% projection,2.0,2.0,0.67,Med,,"1.8 exp opps (proj 2, recent 2) · TE2 · 5% of team targets · vs CHI (DvP 30, -10%) · Med confidence",0.683,4.667,15.0,3.8,0.567,11.8,5.8,0
00-0033881,Evan Engram,TE,DEN,4066,32.1,9,,ACT,23.0,2017,3.0,2.6666666666666665,2.6666666666666665,0.0,0.5966666666666667,1.4333333333333336,2.0,0.075,current,current season,1.7666666666666668,2026.0,5.0,sleeper,2026-10-07T05:42:17Z,,,,,,,,3.05,1.97,21.86,0.17,5.2,4.22,3.23,3.05,,0.097,6.16,0.4,2.8,2.8,0.0,LAC,42.5,0,24.0,0.948,3.3,40% projection,1.0,1.0,0.87,High,,"2.8 exp opps (proj 3, recent 3) · TE1 · 10% of team targets · vs LAC (DvP 24, -5%) · High confidence",0.597,7.0,15.0,4.9,0.499,15.4,7.3,0
00-0038710,Blake Whiteheart,TE,CLE,11201,26.5,3,,ACT,,2023,2.0,1.0,1.0,0.0,0.405,4.35,-2.0,-0.13,current,current season,4.033333333333333,2026.0,5.0,sleeper,2026-10-07T05:42:17Z,,,,,,,,1.28,0.89,8.78,0.11,2.42,1.98,1.53,1.28,,0.049,2.87,0.5,1.1,1.1,0.0,NYJ,39.5,0,25.0,0.94,3.2,50% projection,2.0,2.0,0.62,Med,,"1.1 exp opps (proj 1, recent 1) · TE2 · 5% of team targets · vs NYJ (DvP 25, -6%) · Med confidence",0.563,1.333,5.0,1.2,0.554,2.8,0.0,0
00-0036628,John Bates,TE,WAS,7716,28.9,5,,ACT,124.0,2021,1.0,1.0,1.0,0.0,0.54,1.9,0.0,0.0,current,current season,5.666666666666667,2026.0,5.0,sleeper,2026-10-07T05:42:17Z,,,,,,,,1.1,0.84,6.91,0.06,1.9,1.48,1.06,1.1,,0.039,2.31,0.75,1.1,1.1,0.0,NYG,43.5,1,15.0,1.015,3.2,75% projection,3.0,3.0,0.55,Med,,"1.1 exp opps (proj 1, recent 1) · TE3 · 4% of team targets · vs NYG (DvP 15, +1%) · Med confidence",0.61,2.667,12.0,1.7,0.552,4.9,2.9,0
00-0034365,Ian Thomas,TE,LV,4995,30.3,8,,ACT,101.0,2018,2.0,1.5,1.5,0.0,0.4,6.6499999999999995,1.0,-0.18,current,current season,6.5,2026.0,5.0,sleeper,2026-10-07T05:42:17Z,,,,,,,,0.32,0.24,2.04,0.01,0.53,0.41,0.28,0.32,,0.01,0.62,0.5,0.9,0.9,0.0,NE,45.5,0,32.0,0.888,3.2,50% projection,3.0,3.0,0.13,Low,,"0.9 exp opps (proj 0, recent 2) · TE3 · 1% of team targets · vs NE (DvP 32, -11%) · Low confidence",0.54,2.333,6.0,1.8,0.538,9.6,2.6,0
00-0036290,Cole Kmet,TE,CHI,6826,27.6,6,,ACT,43.0,2020,3.0,1.3333333333333333,1.3333333333333333,0.0,0.6733333333333333,1.0999999999999999,0.5,0.02,current,current season,1.4333333333333333,2026.0,5.0,sleeper,2026-10-07T05:42:17Z,,,,,,,,2.02,1.48,14.38,0.12,3.66,2.92,2.18,2.02,,0.072,4.38,0.4,1.6,1.6,0.0,GB,45.5,0,20.0,0.978,2.6,40% projection,2.0,2.0,0.53,Med,,"1.6 exp opps (proj 2, recent 1) · TE2 · 7% of team targets · vs GB (DvP 20, -2%) · Med confidence",0.943,4.0,19.0,2.8,0.724,12.1,4.6,0
00-0034613,Tanner Hudson,TE,CIN,5409,31.9,8,,ACT,,2018,2.0,1.5,1.5,0.0,0.32,2.25,-1.0,0.18,current,current season,2.6333333333333333,2026.0,5.0,sleeper,2026-10-07T05:42:17Z,,,,,,,,0.93,0.8,7.37,0.04,1.77,1.37,0.98,0.93,,0.027,2.18,0.5,1.2,1.2,0.0,MIA,42.5,0,4.0,1.098,2.6,50% projection,4.0,4.0,0.37,Low,,"1.2 exp opps (proj 1, recent 2) · TE4 · 3% of team targets · vs MIA (DvP 4, +10%) · Low confidence",0.253,3.0,1.0,1.0,0.41,8.6,4.3,0
00-0041558,Sam Roush,TE,CHI,13322,23.1,0,,ACT,69.0,2026,3.0,1.6666666666666667,1.6666666666666667,0.0,0.24666666666666667,2.1,-1.0,-0.01,current,current season,2.6,2026.0,5.0,sleeper,2026-10-07T05:42:17Z,,,,,,,,1.27,0.9,8.28,0.05,2.04,1.59,1.14,1.27,,0.045,2.48,0.4,1.5,1.5,0.0,GB,45.5,0,20.0,0.978,2.5,40% projection,3.0,3.0,0.46,Med,,"1.5 exp opps (proj 1, recent 2) · TE3 · 4% of team targets · vs GB (DvP 20, -2%) · Med confidence",0.247,1.667,0.0,,,3.0,2.4,0
00-0039814,Erick All,TE,CIN,11592,26.1,2,,ACT,115.0,2024,1.0,3.0,3.0,0.0,0.42,2.5,0.0,0.0,current,current season,3.5,2026.0,5.0,sleeper,2026-10-07T05:42:17Z,,,,,,,,0.82,0.68,6.47,0.04,1.58,1.24,0.9,0.82,,0.024,1.91,0.75,1.4,1.4,0.0,MIA,42.5,0,4.0,1.098,2.5,75% projection,3.0,3.0,0.16,Low,,"1.4 exp opps (proj 1, recent 3) · TE3 · 2% of team targets · vs MIA (DvP 4, +10%) · Low confidence",0.42,3.0,1.0,3.0,0.42,3.5,3.5,0
00-0033217,Mo Alie-Cox,TE,IND,4054,33.0,9,,ACT,,2017,1.0,1.0,1.0,0.0,0.38,2.6,0.0,0.0,current,current season,7.433333333333334,2026.0,5.0,sleeper,2026-10-07T05:42:17Z,,,,,,,,0.49,0.35,3.74,0.03,0.91,0.73,0.56,0.49,,0.019,1.08,0.75,0.6,0.6,0.0,PIT,44.5,0,23.0,0.955,2.5,75% projection,2.0,2.0,0.39,Low,,"0.6 exp opps (proj 0, recent 1) · TE2 · 2% of team targets · vs PIT (DvP 23, -5%) · Low confidence",0.477,3.0,6.0,2.0,0.477,6.5,2.8,0
00-0033246,Johnny Mundt,TE,PHI,4314,31.9,9,,ACT,,2017,3.0,1.3333333333333333,1.3333333333333333,0.0,0.6533333333333333,1.3999999999999997,-1.5,0.08,current,current season,1.8999999999999997,2026.0,5.0,sleeper,2026-10-07T05:42:17Z,,,,,,,,1.84,1.31,11.51,0.07,2.91,2.25,1.59,1.84,,0.072,3.54,0.4,1.5,1.5,0.0,JAX,42.5,0,26.0,0.932,2.4,40% projection,2.0,2.0,0.58,Med,,"1.5 exp opps (proj 2, recent 1) · TE2 · 7% of team targets · vs JAX (DvP 26, -7%) · Med confidence",0.653,2.333,7.0,1.7,0.571,3.7,2.2,0
00-0036422,Adam Trautman,TE,DEN,6869,29.7,6,,ACT,105.0,2020,1.0,1.0,1.0,0.0,0.45,0.0,0.0,0.0,current,current season,3.1333333333333333,2026.0,5.0,sleeper,2026-10-07T05:42:17Z,,,,,,,,1.04,0.71,7.75,0.05,1.8,1.45,1.09,1.04,,0.033,2.14,0.75,1.0,1.0,0.0,LAC,42.5,0,24.0,0.948,2.3,75% projection,2.0,2.0,0.77,High,,"1.0 exp opps (proj 1, recent 1) · TE2 · 3% of team targets · vs LAC (DvP 24, -5%) · High confidence",0.693,3.0,13.0,1.8,0.61,8.0,4.0,0
00-0033576,Eric Saubert,TE,SEA,4189,32.4,9,,ACT,174.0,2017,3.0,1.0,1.0,0.0,0.27,2.766666666666667,-0.5,0.03,current,current season,3.1,2026.0,5.0,sleeper,2026-10-07T05:42:17Z,,,,,,,,0.78,0.5,4.19,0.06,1.25,1.0,0.75,0.78,,0.027,1.53,0.4,0.9,0.9,0.0,SF,46.5,1,27.0,0.925,2.3,40% projection,2.0,2.0,0.62,Med,,"0.9 exp opps (proj 1, recent 1) · TE2 · 3% of team targets · vs SF (DvP 27, -7%) · Med confidence",0.533,1.667,4.0,1.5,0.52,3.7,0.0,0
00-0038115,Daniel Bellinger,TE,TEN,8225,26.0,4,,ACT,112.0,2022,3.0,1.3333333333333333,1.3333333333333333,0.0,0.4566666666666667,1.5999999999999999,-0.0,0.035,current,current season,2.1,2026.0,5.0,sleeper,2026-10-07T05:42:17Z,,,,,,,,1.07,0.87,8.39,0.04,1.95,1.51,1.08,1.07,,0.036,2.38,0.4,1.2,1.2,0.0,HOU,38.5,1,18.0,0.992,2.2,40% projection,2.0,2.0,0.64,Med,,"1.2 exp opps (proj 1, recent 1) · TE2 · 4% of team targets · vs HOU (DvP 18, -1%) · Med confidence",0.723,3.0,11.0,2.1,0.607,11.8,2.8,0
00-0036754,Brock Wright,TE,DET,7891,27.9,5,,ACT,,2021,3.0,1.3333333333333333,1.3333333333333333,0.0,0.39666666666666667,1.5,1.0,0.045,current,current season,2.0,2026.0,5.0,sleeper,2026-10-07T05:42:17Z,,,,,,,,0.69,0.55,5.15,0.05,1.34,1.07,0.79,0.69,,0.02,1.64,0.4,1.1,1.1,0.0,ARI,54.5,0,3.0,1.105,2.1,40% projection,2.0,2.0,0.41,Med,,"1.1 exp opps (proj 1, recent 1) · TE2 · 2% of team targets · vs ARI (DvP 3, +10%) · Med confidence",0.74,4.0,9.0,2.7,0.617,9.7,3.2,0
00-0038547,Luke Schoonmaker,TE,DAL,10871,28.0,3,,ACT,58.0,2023,1.0,1.0,1.0,0.0,0.22,1.9,0.0,0.0,current,current season,2.6,2026.0,5.0,sleeper,2026-10-07T05:42:17Z,,,,,,,,0.69,0.57,5.71,0.03,1.34,1.06,0.77,0.69,,0.021,1.61,0.75,0.8,0.8,0.0,TB,47.5,1,7.0,1.075,2.0,75% projection,3.0,3.0,0.41,Med,,"0.8 exp opps (proj 1, recent 1) · TE3 · 2% of team targets · vs TB (DvP 7, +7%) · Med confidence",0.433,2.333,2.0,2.0,0.505,4.5,2.5,0
00-0040215,Gavin Bartholomew,TE,MIN,12700,23.4,1,,ACT,202.0,2025,1.0,1.0,1.0,0.0,0.22,1.4,0.0,0.0,current,current season,1.9,2026.0,5.0,sleeper,2026-10-07T05:42:17Z,,,,,,,,0.85,0.61,5.36,0.06,1.47,1.17,0.87,0.85,,0.032,1.81,0.75,0.9,0.9,0.0,NO,42.5,0,7.0,1.075,2.0,75% projection,2.0,2.0,0.68,Med,,"0.9 exp opps (proj 1, recent 1) · TE2 · 3% of team targets · vs NO (DvP 7, +7%) · Med confidence",0.22,1.0,0.0,,,1.9,1.9,0
00-0039074,Davis Allen,TE,LA,10214,25.7,3,,ACT,175.0,2023,3.0,2.0,2.0,0.0,0.4533333333333333,1.8666666666666665,0.5,-0.02,current,current season,2.3666666666666667,2026.0,5.0,sleeper,2026-10-07T05:42:17Z,,,,,,,,0.68,0.44,4.23,0.03,1.05,0.83,0.61,0.68,,0.02,1.26,0.4,1.5,1.5,0.0,BUF,54.5,1,17.0,1.0,1.9,40% projection,3.0,3.0,0.2,Low,,"1.5 exp opps (proj 1, recent 2) · TE3 · 2% of team targets · vs BUF (DvP 17, +0%) · Low confidence",0.703,3.667,13.0,2.4,0.565,8.4,4.9,0
00-0041524,Will Kacmarek,TE,MIA,13434,23.6,0,,ACT,87.0,2026,3.0,1.0,1.0,0.0,0.5,1.3,0.5,0.075,current,current season,1.6333333333333335,2026.0,5.0,sleeper,2026-10-07T05:42:17Z,,,,,,,,0.85,0.61,5.93,0.03,1.39,1.08,0.78,0.85,,0.031,1.69,0.4,0.9,0.9,0.0,CIN,42.5,1,6.0,1.082,1.8,40% projection,2.0,2.0,0.68,Med,,"0.9 exp opps (proj 1, recent 1) · TE2 · 3% of team targets · vs CIN (DvP 6, +8%) · Med confidence",0.5,1.0,3.0,1.0,0.5,2.7,0.9,0
00-0041503,Nate Boerkircher,TE,JAX,13299,25.1,0,,ACT,56.0,2026,2.0,1.5,1.5,0.0,0.395,1.25,1.0,-0.11,current,current season,1.8,2026.0,5.0,sleeper,2026-10-07T05:42:17Z,,,,,,,,0.83,0.56,5.57,0.04,1.33,1.06,0.78,0.83,,0.028,1.64,0.5,1.2,1.2,0.0,PHI,42.5,1,28.0,0.918,1.6,50% projection,2.0,2.0,0.44,Med,,"1.2 exp opps (proj 1, recent 2) · TE2 · 3% of team targets · vs PHI (DvP 28, -8%) · Med confidence",0.487,1.333,2.0,1.0,0.56,2.9,2.4,0
00-0037755,Jelani Woods,TE,NYJ,8219,28.0,4,,ACT,73.0,2022,2.0,1.0,1.0,0.0,0.38,2.55,-0.0,-0.0,current,current season,2.6666666666666665,2026.0,5.0,sleeper,2026-10-07T05:42:17Z,,,,,,,,0.11,0.08,0.83,0.01,0.2,0.16,0.12,0.11,,0.004,0.26,0.5,0.6,0.6,0.0,CLE,39.5,1,10.0,1.052,1.5,50% projection,4.0,4.0,0.07,Low,,"0.6 exp opps (proj 0, recent 1) · TE4 · 0% of team targets · vs CLE (DvP 10, +5%) · Low confidence",0.37,1.333,0.0,,,3.2,2.2,0
00-0039912,Ben Sinnott,TE,WAS,11596,24.3,2,,ACT,53.0,2024,2.0,1.0,1.0,0.0,0.585,0.8,-0.0,-0.19,current,current season,1.8,2026.0,5.0,sleeper,2026-10-07T05:42:17Z,,,,,,,,0.59,0.46,3.66,0.03,0.99,0.76,0.53,0.59,,0.021,1.24,0.5,0.8,0.8,0.0,NYG,43.5,1,15.0,1.015,1.5,50% projection,2.0,2.0,0.47,Med,,"0.8 exp opps (proj 1, recent 1) · TE2 · 2% of team targets · vs NYG (DvP 15, +1%) · Med confidence",0.623,2.667,7.0,1.6,0.58,7.4,2.3,0
00-0039530,Brevyn Spann-Ford,TE,DAL,11593,26.8,2,,ACT,,2024,3.0,0.6666666666666666,0.6666666666666666,0.0,0.3866666666666667,0.9666666666666667,0.5,0.01,current,current season,1.1333333333333333,2026.0,5.0,sleeper,2026-10-07T05:42:17Z,,,,,,,,0.7,0.53,5.6,0.03,1.29,1.03,0.77,0.7,,0.022,1.54,0.4,0.7,0.7,0.0,TB,47.5,1,7.0,1.075,1.4,40% projection,2.0,2.0,0.77,High,,"0.7 exp opps (proj 1, recent 1) · TE2 · 2% of team targets · vs TB (DvP 7, +7%) · High confidence",0.387,2.333,2.0,1.5,0.46,4.7,0.8,0
00-0039359,Cade Stover,TE,HOU,11599,26.3,2,,ACT,123.0,2024,1.0,1.0,1.0,0.0,0.24,3.0,0.0,0.0,current,current season,2.4,2026.0,5.0,sleeper,2026-10-07T05:42:17Z,,,,,0.13,0.46,0.0,0.44,0.36,3.19,0.02,0.86,0.67,0.49,0.5700000000000001,0.004,0.015,1.02,0.75,0.7,0.6,0.1,TEN,38.5,0,22.0,0.962,1.3,75% projection,3.0,3.0,0.34,Low,,"0.7 exp opps (proj 1, recent 1) · TE3 · 2% of team targets · vs TEN (DvP 22, -4%) · Low confidence",0.537,4.0,5.0,3.6,0.518,7.1,3.6,0
00-0039686,Colson Yankoff,TE,WAS,11942,26.6,2,,ACT,,2024,3.0,1.3333333333333333,1.3333333333333333,0.0,0.29,1.2,-0.0,-0.095,current,current season,1.5333333333333332,2026.0,5.0,sleeper,2026-10-07T05:42:17Z,,,,,,,,0.41,0.28,2.49,0.02,0.66,0.51,0.37,0.41,,0.015,0.79,0.4,1.0,1.0,0.0,NYG,43.5,1,15.0,1.015,1.3,40% projection,4.0,4.0,0.18,Low,,"1.0 exp opps (proj 0, recent 1) · TE4 · 2% of team targets · vs NYG (DvP 15, +1%) · Low confidence",0.29,1.333,1.0,2.0,0.46,2.6,0.0,0
00-0040598,Mark Redman,TE,GB,13013,24.7,1,,ACT,,2025,1.0,2.0,2.0,0.0,,4.9,0.0,0.0,current,current season,5.9,2026.0,5.0,sleeper,2026-10-07T05:42:17Z,,,,,,,,,,,,,,,0.0,,,0.0,0.75,0.5,0.5,0.0,CHI,45.5,1,30.0,0.902,1.3,75% projection,3.0,3.0,0.0,Low,,"0.5 exp opps (proj 0, recent 2) · TE3 · vs CHI (DvP 30, -10%) · Low confidence",,2.0,0.0,,,5.9,5.9,0
00-0040887,Josh Cuevas,TE,BAL,13273,24.0,0,,ACT,173.0,2026,2.0,0.5,0.5,0.0,0.265,1.2,-1.0,0.03,current,current season,1.45,2026.0,5.0,sleeper,2026-10-07T05:42:17Z,,,,,,,,0.48,0.37,3.94,0.02,0.87,0.69,0.5,0.48,,0.019,1.07,0.5,0.5,0.5,0.0,ATL,43.5,0,12.0,1.038,1.3,50% projection,4.0,4.0,0.59,Med,,"0.5 exp opps (proj 0, recent 0) · TE4 · 2% of team targets · vs ATL (DvP 12, +4%) · Med confidence",0.265,0.5,0.0,,,2.6,1.4,0
00-0041041,Oscar Delp,TE,NO,13319,23.2,0,,ACT,73.0,2026,2.0,0.5,0.5,0.0,0.225,0.9,-1.0,0.19,current,current season,1.15,2026.0,5.0,sleeper,2026-10-07T05:42:17Z,,,,,,,,0.83,0.66,5.56,0.03,1.39,1.06,0.72,0.83,,0.026,1.73,0.5,0.7,0.7,0.0,MIN,42.5,1,29.0,0.91,1.3,50% projection,3.0,3.0,0.4,Med,,"0.7 exp opps (proj 1, recent 0) · TE3 · 3% of team targets · vs MIN (DvP 29, -9%) · Med confidence",0.225,0.5,0.0,,,2.1,1.1,0
00-0040194,Jackson Hawes,TE,BUF,12658,25.8,1,,ACT,173.0,2025,1.0,1.0,1.0,0.0,0.38,0.0,0.0,0.0,current,current season,2.3666666666666667,2026.0,5.0,sleeper,2026-10-07T05:42:17Z,,,,,,,,0.48,0.31,3.53,0.02,0.8,0.65,0.49,0.48,,0.015,0.94,0.75,0.6,0.6,0.0,LA,54.5,0,31.0,0.895,1.2,75% projection,3.0,3.0,0.29,Low,,"0.6 exp opps (proj 0, recent 1) · TE3 · 2% of team targets · vs LA (DvP 31, -10%) · Low confidence",0.557,2.333,10.0,1.5,0.52,7.9,3.9,0
00-0040739,Elijah Arroyo,TE,SEA,12521,23.5,1,,ACT,50.0,2025,1.0,1.0,1.0,0.0,0.21,2.7,0.0,0.0,current,current season,1.0666666666666667,2026.0,5.0,sleeper,2026-10-07T05:42:17Z,,,,,,,,0.63,0.46,4.73,0.03,1.1,0.88,0.65,0.63,,0.022,1.34,0.75,0.7,0.7,0.0,SF,46.5,1,27.0,0.925,1.2,75% projection,3.0,3.0,0.38,Low,,"0.7 exp opps (proj 1, recent 1) · TE3 · 2% of team targets · vs SF (DvP 27, -7%) · Low confidence",0.49,3.0,7.0,2.0,0.46,8.0,2.2,0
00-0041084,Tanner Koziol,TE,JAX,13408,22.7,0,,ACT,164.0,2026,,,,,,,,,,,,2026.0,5.0,sleeper,2026-10-07T05:42:17Z,,,,,,,,0.69,0.47,4.7,0.03,1.14,0.91,0.67,0.69,,0.023,1.36,1.0,0.7,0.7,0.0,PHI,42.5,1,28.0,0.918,1.2,projection only,4.0,4.0,0.36,Low,,"0.7 exp opps (proj 1) · TE4 · 2% of team targets · vs PHI (DvP 28, -8%) · Low confidence",,,,,,,,0
00-0036556,Brevin Jordan,TE,HOU,7568,26.2,5,,ACT,147.0,2021,1.0,1.0,1.0,0.0,0.09,2.3,0.0,0.0,current,current season,2.8,2026.0,5.0,sleeper,2026-10-07T05:42:17Z,,,,,,,,0.24,0.18,1.76,0.01,0.42,0.33,0.24,0.24,,0.008,0.51,0.75,0.4,0.4,0.0,TEN,38.5,0,22.0,0.962,1.0,75% projection,4.0,4.0,0.14,Low,,"0.4 exp opps (proj 0, recent 1) · TE4 · 1% of team targets · vs TEN (DvP 22, -4%) · Low confidence",0.09,1.0,0.0,,,2.8,2.8,0
00-0036887,Luke Farrell,TE,SF,7842,29.0,5,,ACT,145.0,2021,3.0,0.3333333333333333,0.3333333333333333,0.0,0.4366666666666667,0.0,0.0,-0.05,current,current season,0.0,2026.0,5.0,sleeper,2026-10-07T05:42:17Z,,,,,,,,1.06,0.85,7.06,0.04,1.77,1.35,0.92,1.06,,0.035,2.22,0.4,0.6,0.6,0.0,SEA,46.5,0,19.0,0.985,0.9,40% projection,2.0,2.0,0.25,Low,,"0.6 exp opps (proj 1, recent 0) · TE2 · 4% of team targets · vs SEA (DvP 19, -2%) · Low confidence",0.553,2.333,8.0,1.2,0.522,7.1,1.8,0
00-0036590,Quintin Morris,TE,JAX,7536,27.7,5,,ACT,,2021,2.0,0.5,0.5,0.0,0.12,0.85,-1.0,-0.2,current,current season,0.7333333333333334,2026.0,5.0,sleeper,2026-10-07T05:42:17Z,,,,,,,,0.27,0.19,1.71,0.02,0.46,0.36,0.26,0.27,,0.009,0.58,0.5,0.4,0.4,0.0,PHI,42.5,1,28.0,0.918,0.6,50% projection,3.0,3.0,0.46,Med,,"0.4 exp opps (proj 0, recent 0) · TE3 · 1% of team targets · vs PHI (DvP 28, -8%) · Med confidence",0.403,1.667,3.0,1.7,0.517,4.4,0.0,0
00-0040390,Jackson Meeks,TE,DET,12938,23.5,1,,ACT,,2025,1.0,1.0,1.0,0.0,0.15,1.8,0.0,0.0,current,current season,1.8,2026.0,5.0,sleeper,2026-10-07T05:42:17Z,,,,,,,,,,,,,,,0.0,,,0.0,0.75,0.2,0.2,0.0,ARI,54.5,0,3.0,1.105,0.5,75% projection,3.0,3.0,0.0,Low,,"0.2 exp opps (proj 0, recent 1) · TE3 · vs ARI (DvP 3, +10%) · Low confidence",0.15,1.0,0.0,,,1.8,1.8,0
00-0037292,Andrew Ogletree,TE,IND,8489,28.2,4,,ACT,192.0,2022,2.0,0.5,0.5,0.0,0.29,0.0,-1.0,0.0,current,current season,0.0,2026.0,5.0,sleeper,2026-10-07T05:42:17Z,,,,,,,,0.38,0.26,2.57,0.02,0.63,0.5,0.37,0.38,,0.015,0.77,0.5,0.4,0.4,0.0,PIT,44.5,0,23.0,0.955,0.4,50% projection,3.0,3.0,0.53,Med,,"0.4 exp opps (proj 0, recent 0) · TE3 · 2% of team targets · vs PIT (DvP 23, -5%) · Med confidence",0.233,1.333,0.0,,,2.5,0.0,0
00-0038589,Josh Whyle,TE,GB,10212,27.1,3,,ACT,147.0,2023,0.0,1.0,1.0,0.0,0.5116666666666667,2.433333333333333,0.0,0.07,prior,prior season only,2.6,2026.0,5.0,sleeper,2026-10-07T05:42:17Z,,,,,,,,0.21,0.17,1.49,0.01,0.37,0.28,0.2,0.21,,0.007,0.46,1.0,0.2,0.2,0.0,CHI,45.5,1,30.0,0.902,0.4,projection only,4.0,4.0,0.13,Low,,"0.2 exp opps (proj 0, recent 1) · TE4 · 1% of team targets · vs CHI (DvP 30, -10%) · Low confidence",0.597,1.0,5.0,1.0,0.542,5.7,2.1,0
00-0031484,Chris Manhertz,TE,NYG,3048,34.5,11,,ACT,,2015,1.0,0.0,0.0,0.0,0.52,0.0,0.0,0.0,current,current season,0.0,2026.0,5.0,sleeper,2026-10-07T05:42:17Z,,,,,,,,0.19,0.11,1.35,0.01,0.32,0.26,0.21,0.19,,0.007,0.36,0.75,0.1,0.1,0.0,WAS,43.5,0,5.0,1.09,0.3,75% projection,,,0.49,Med,,"0.1 exp opps (proj 0, recent 0) · 1% of team targets · vs WAS (DvP 5, +9%) · Med confidence",0.43,0.333,2.0,0.0,0.49,1.3,0.0,0
00-0038498,E.J. Jenkins,TE,PHI,11304,27.9,3,,ACT,,2023,2.0,0.0,0.0,0.0,0.23,0.0,0.0,-0.06,current,current season,0.0,2026.0,5.0,sleeper,2026-10-07T05:42:17Z,,,,,,,,0.28,0.2,1.93,0.01,0.48,0.38,0.27,0.28,,0.011,0.55,0.5,0.1,0.1,0.0,JAX,42.5,0,26.0,0.932,0.3,50% projection,4.0,4.0,0.43,Med,,"0.1 exp opps (proj 0, recent 0) · TE4 · 1% of team targets · vs JAX (DvP 26, -7%) · Med confidence",0.187,0.0,0.0,,,0.0,0.0,0
00-0036429,Charlie Woerner,TE,ATL,7075,29.0,6,,ACT,190.0,2020,2.0,1.0,1.0,0.0,0.5349999999999999,0.0,-0.0,0.09,current,current season,0.0,2026.0,5.0,sleeper,2026-10-07T05:42:17Z,,,,,,,,0.26,0.2,1.71,0.01,0.43,0.33,0.23,0.26,,0.009,0.53,0.5,0.6,0.6,0.0,BAL,43.5,1,21.0,0.97,0.3,50% projection,2.0,2.0,0.21,Low,,"0.6 exp opps (proj 0, recent 1) · TE2 · 1% of team targets · vs BAL (DvP 21, -3%) · Low confidence",0.713,2.0,8.0,1.2,0.6,4.7,1.0,0
00-0033757,Robert Tonyan,TE,PIT,4602,32.4,9,,ACT,,2017,1.0,1.0,1.0,0.0,0.06,1.2,0.0,0.0,current,current season,1.0999999999999999,2026.0,5.0,sleeper,2026-10-07T05:42:17Z,,,,,,,,0.04,0.03,0.31,0.0,0.08,0.06,0.05,0.04,,0.001,0.08,0.75,0.3,0.3,0.0,IND,44.5,1,16.0,1.008,0.3,75% projection,3.0,3.0,0.02,Low,,"0.3 exp opps (proj 0, recent 1) · TE3 · 0% of team targets · vs IND (DvP 16, +1%) · Low confidence",0.11,0.667,0.0,,,1.7,1.6,0
00-0038564,Cameron Latu,TE,NE,10210,26.6,3,,ACT,101.0,2023,3.0,0.0,0.0,0.0,0.14,0.0,0.0,-0.11,current,current season,0.0,2026.0,5.0,sleeper,2026-10-07T05:42:17Z,,,,,,,,0.25,0.17,1.87,0.01,0.44,0.35,0.26,0.25,,0.009,0.5,0.4,0.1,0.1,0.0,LV,45.5,1,9.0,1.06,0.2,40% projection,3.0,3.0,0.45,Med,,"0.1 exp opps (proj 0, recent 0) · TE3 · 1% of team targets · vs LV (DvP 9, +6%) · Med confidence",0.23,0.0,0.0,,,0.0,0.0,0
00-0039050,Payne Durham,TE,TB,10227,26.3,3,,ACT,171.0,2023,1.0,1.0,1.0,0.0,0.55,0.0,0.0,0.0,current,current season,0.0,2026.0,5.0,sleeper,2026-10-07T05:42:17Z,,,,,,,,0.12,0.08,0.82,0.01,0.21,0.17,0.13,0.12,,0.004,0.26,0.75,0.3,0.3,0.0,DAL,47.5,0,14.0,1.022,0.2,75% projection,2.0,2.0,0.1,Low,,"0.3 exp opps (proj 0, recent 1) · TE2 · 0% of team targets · vs DAL (DvP 14, +2%) · Low confidence",0.377,0.667,2.0,1.0,0.49,0.5,0.0,0
00-0039518,Treyton Welch,TE,NO,12079,25.7,2,,ACT,,2024,1.0,1.0,1.0,0.0,0.09,0.0,0.0,0.0,current,current season,0.0,2026.0,5.0,sleeper,2026-10-07T05:42:17Z,,,,,,,,0.17,0.11,1.07,0.01,0.25,0.2,0.14,0.17,,0.005,0.33,0.75,0.4,0.4,0.0,MIN,42.5,1,29.0,0.91,0.2,75% projection,4.0,4.0,0.1,Low,,"0.4 exp opps (proj 0, recent 1) · TE4 · 0% of team targets · vs MIN (DvP 29, -9%) · Low confidence",0.1,0.5,0.0,,,0.0,0.0,0
00-0041116,Jack Endries,TE,CIN,13282,22.5,0,,ACT,221.0,2026,,,,,,,,,,,,2026.0,5.0,sleeper,2026-10-07T05:42:17Z,,,,,,,,0.07,0.06,0.54,0.0,0.13,0.1,0.07,0.07,,0.002,0.14,1.0,0.1,0.1,0.0,MIA,42.5,0,4.0,1.098,0.2,projection only,5.0,5.0,0.36,Low,,"0.1 exp opps (proj 0) · TE5 · 0% of team targets · vs MIA (DvP 4, +10%) · Low confidence",,,,,,,,0
00-0041131,Carsen Ryan,TE,CLE,13580,23.1,0,,ACT,248.0,2026,1.0,0.0,0.0,0.0,0.0,0.0,0.0,0.0,current,current season,0.0,2026.0,5.0,sleeper,2026-10-07T05:42:17Z,,,,,,,,0.11,0.08,0.81,0.01,0.2,0.16,0.12,0.11,,0.004,0.26,0.75,0.1,0.1,0.0,NYJ,39.5,0,25.0,0.94,0.2,75% projection,3.0,3.0,0.53,Med,,"0.1 exp opps (proj 0, recent 0) · TE3 · 0% of team targets · vs NYJ (DvP 25, -6%) · Med confidence",0.0,0.0,0.0,,,0.0,0.0,0
00-0041510,Max Klare,TE,LA,13278,23.2,0,,ACT,61.0,2026,,,,,,,,,,,,2026.0,5.0,sleeper,2026-10-07T05:42:17Z,,,,,,,,0.07,0.04,0.47,0.0,0.11,0.09,0.07,0.07,,0.002,0.11,1.0,0.1,0.1,0.0,BUF,54.5,1,17.0,1.0,0.1,projection only,4.0,4.0,0.36,Low,,"0.1 exp opps (proj 0) · TE4 · 0% of team targets · vs BUF (DvP 17, +0%) · Low confidence",,,,,,,,0
00-0039489,Hayden Rucci,TE,LAC,12389,25.7,2,,ACT,,2024,1.0,0.0,0.0,0.0,0.41,0.0,0.0,0.0,current,current season,0.0,2026.0,5.0,sleeper,2026-10-07T05:42:17Z,,,,,,,,0.06,0.04,0.37,0.0,0.09,0.07,0.05,0.06,,0.002,0.1,0.75,0.0,0.0,0.0,DEN,42.5,1,13.0,1.03,0.1,75% projection,3.0,3.0,0.56,Med,,"0.0 exp opps (proj 0, recent 0) · TE3 · 0% of team targets · vs DEN (DvP 13, +3%) · Med confidence",0.285,0.0,1.0,0.0,0.41,0.0,0.0,0
00-0041094,Bauer Sharp,TE,TB,13308,23.4,0,,ACT,185.0,2026,2.0,0.0,0.0,0.0,0.075,0.0,0.0,-0.03,current,current season,0.0,2026.0,5.0,sleeper,2026-10-07T05:42:17Z,,,,,,,,0.06,0.04,0.43,0.0,0.11,0.09,0.07,0.06,,0.002,0.1,0.5,0.0,0.0,0.0,DAL,47.5,0,14.0,1.022,0.1,50% projection,4.0,4.0,0.56,Med,,"0.0 exp opps (proj 0, recent 0) · TE4 · 0% of team targets · vs DAL (DvP 14, +2%) · Med confidence",0.057,0.0,0.0,,,0.0,0.0,0
00-0041579,Seydou Traore,TE,MIA,13429,24.2,0,,ACT,180.0,2026,,,,,,,,,,,,2026.0,5.0,sleeper,2026-10-07T05:42:17Z,,,,,,,,0.06,0.04,0.42,0.0,0.09,0.07,0.06,0.06,,0.002,0.1,1.0,0.1,0.1,0.0,CIN,42.5,1,6.0,1.082,0.1,projection only,3.0,3.0,0.36,Low,,"0.1 exp opps (proj 0) · TE3 · 0% of team targets · vs CIN (DvP 6, +8%) · Low confidence",,,,,,,,0
00-0040552,Joshua Simon,TE,WAS,12883,25.9,1,,DEV,,2025,,,,,,,,,,,,2026.0,5.0,sleeper,2026-10-07T05:42:17Z,,,,,,,,,,,,,,,0.0,,,0.0,1.0,0.0,0.0,0.0,NYG,43.5,1,15.0,1.015,0.0,projection only,,,0.36,Low,,"0.0 exp opps (proj 0) · vs NYG (DvP 15, +1%) · Low confidence",,,,,,,,0
00-0036423,Albert Okwuegbunam,TE,LV,6843,28.5,6,,DEV,118.0,2020,0.0,6.0,6.0,0.0,0.46,8.6,0.0,0.0,prior,prior season only,11.1,2026.0,5.0,sleeper,2026-10-07T05:42:17Z,,,,,,,,,,,,,,,0.0,,,0.0,1.0,0.0,0.0,0.0,NE,45.5,0,32.0,0.888,0.0,projection only,,,0.0,Low,,"0.0 exp opps (proj 0, recent 6) · vs NE (DvP 32, -11%) · Low confidence",0.46,6.0,1.0,6.0,0.46,11.1,11.1,0
00-0032394,Nick Vannett,TE,BAL,3258,33.6,10,,DEV,94.0,2016,,,,,,,,,,,,2026.0,5.0,sleeper,2026-10-07T05:42:17Z,,,,,,,,,,,,,,,0.0,,,0.0,1.0,0.0,0.0,0.0,ATL,43.5,0,12.0,1.038,0.0,projection only,,,0.36,Low,,"0.0 exp opps (proj 0) · vs ATL (DvP 12, +4%) · Low confidence",,,,,,,,0
00-0037539,Lucas Krull,TE,DEN,8249,28.2,4,,DEV,,2022,0.0,2.0,2.0,0.0,0.355,1.75,-0.0,0.13,prior,prior season only,2.25,2026.0,5.0,sleeper,2026-10-07T05:42:17Z,,,,,,,,,,,,,,,0.0,,,0.0,1.0,0.0,0.0,0.0,LAC,42.5,0,24.0,0.948,0.0,projection only,,,0.0,Low,,"0.0 exp opps (proj 0, recent 2) · vs LAC (DvP 24, -5%) · Low confidence",0.355,2.0,1.0,2.0,0.42,2.4,2.2,0
00-0037348,Tanner Conner,TE,NE,8849,28.6,4,,DEV,,2022,0.0,1.875,1.875,0.0,0.32875,2.2625,-0.154762,-0.006071,prior,prior season only,2.6333333333333333,2026.0,5.0,sleeper,2026-10-07T05:42:17Z,,,,,,,,,,,,,,,0.0,,,0.0,1.0,0.0,0.0,0.0,LV,45.5,1,9.0,1.06,0.0,projection only,,,0.0,Low,,"0.0 exp opps (proj 0, recent 2) · vs LV (DvP 9, +6%) · Low confidence",0.403,2.0,4.0,2.2,0.478,4.7,3.2,0
00-0037475,Stone Smartt,TE,NO,8583,28.0,4,,DEV,,2022,0.0,1.5,1.5,0.0,0.135,2.033333333333333,0.828571,0.062571,prior,prior season only,5.233333333333333,2026.0,5.0,sleeper,2026-10-07T05:42:17Z,,,,,,,,,,,,,,,0.0,,,0.0,1.0,0.0,0.0,0.0,MIN,42.5,1,29.0,0.91,0.0,projection only,,,0.0,Low,,"0.0 exp opps (proj 0, recent 2) · vs MIN (DvP 29, -9%) · Low confidence",0.24,2.667,0.0,,,7.8,0.0,0
00-0037306,John FitzPatrick,TE,CLE,8500,26.6,4,,DEV,213.0,2022,0.0,1.3636363636363635,1.3636363636363635,0.0,0.41818181818181815,2.290909090909091,0.145455,0.027273,prior,prior season only,3.5666666666666664,2026.0,5.0,sleeper,2026-10-07T05:42:17Z,,,,,,,,,,,,,,,0.0,,,0.0,1.0,0.0,0.0,0.0,NYJ,39.5,0,25.0,0.94,0.0,projection only,,,0.0,Low,,"0.0 exp opps (proj 0, recent 1) · vs NYJ (DvP 25, -6%) · Low confidence",0.543,2.333,4.0,2.0,0.63,6.3,2.0,0
00-0037317,Nick Muse,TE,ATL,8523,27.9,4,,ACT,227.0,2022,1.0,0.0,0.0,0.0,0.24,0.0,0.0,0.0,current,current season,0.0,2026.0,5.0,sleeper,2026-10-07T05:42:17Z,,,,,,,,,,,,,,,0.0,,,0.0,0.75,0.0,0.0,0.0,BAL,43.5,1,21.0,0.97,0.0,75% projection,4.0,4.0,0.6,Med,,"0.0 exp opps (proj 0, recent 0) · TE4 · vs BAL (DvP 21, -3%) · Med confidence",0.16,0.0,0.0,,,0.0,0.0,0
00-0037340,Zaire Mitchell-Paden,TE,HOU,8799,27.1,4,,DEV,,2022,0.0,1.0,1.0,0.0,0.30333333333333334,1.2333333333333334,0.0,0.065,prior,prior season only,1.5666666666666667,2026.0,5.0,sleeper,2026-10-07T05:42:17Z,,,,,,,,,,,,,,,0.0,,,0.0,1.0,0.0,0.0,0.0,TEN,38.5,0,22.0,0.962,0.0,projection only,,,0.0,Low,,"0.0 exp opps (proj 0, recent 1) · vs TEN (DvP 22, -4%) · Low confidence",0.303,1.0,0.0,,,2.7,1.8,0
00-0037277,Teagan Quitoriano,TE,ARI,8227,26.6,4,,DEV,170.0,2022,0.0,0.0,0.0,0.0,0.45,0.0,0.0,-0.34,prior,prior season only,0.0,2026.0,5.0,sleeper,2026-10-07T05:42:17Z,,,,,,,,,,,,,,,0.0,,,0.0,1.0,0.0,0.0,0.0,DET,54.5,1,1.0,1.12,0.0,projection only,,,0.6,Med,,"0.0 exp opps (proj 0, recent 0) · vs DET (DvP 1, +12%) · Med confidence",0.45,0.0,1.0,0.0,0.62,0.0,0.0,0
00-0037282,James Mitchell,TE,DAL,8170,27.2,4,,DEV,177.0,2022,0.0,1.5,1.5,0.0,0.22,2.9000000000000004,-1.0,-0.06,prior,prior season only,3.6500000000000004,2026.0,5.0,sleeper,2026-10-07T05:42:17Z,,,,,,,,,,,,,,,0.0,,,0.0,1.0,0.0,0.0,0.0,TB,47.5,1,7.0,1.075,0.0,projection only,,,0.0,Low,,"0.0 exp opps (proj 0, recent 2) · vs TB (DvP 7, +7%) · Low confidence",0.22,1.5,0.0,,,4.5,3.7,0
00-0036741,Jack Stoll,TE,SF,7946,28.7,5,,DEV,,2021,0.0,1.2222222222222223,1.2222222222222223,0.0,0.2233333333333333,1.844444444444444,0.033333,-0.012,prior,prior season only,1.3666666666666665,2026.0,5.0,sleeper,2026-10-07T05:42:17Z,,,,,,,,,,,,,,,0.0,,,0.0,1.0,0.0,0.0,0.0,SEA,46.5,0,19.0,0.985,0.0,projection only,,,0.0,Low,,"0.0 exp opps (proj 0, recent 1) · vs SEA (DvP 19, -2%) · Low confidence",0.307,1.667,0.0,,,4.0,1.9,0
00-0038643,Brayden Willis,TE,SF,10224,26.9,3,,ACT,247.0,2023,3.0,0.0,0.0,0.0,0.15333333333333335,0.0,0.0,-0.04,current,current season,0.0,2026.0,5.0,sleeper,2026-10-07T05:42:17Z,,,,,,,,,,,,,,,0.0,,,0.0,0.4,0.0,0.0,0.0,SEA,46.5,0,19.0,0.985,0.0,40% projection,3.0,3.0,0.6,Med,,"0.0 exp opps (proj 0, recent 0) · TE3 · vs SEA (DvP 19, -2%) · Med confidence",0.153,0.333,0.0,,,0.0,0.0,0
00-0039023,Joel Wilson,TE,TEN,11113,26.3,3,,DEV,,2023,,,,,,,,,,,,2026.0,5.0,sleeper,2026-10-07T05:42:17Z,,,,,,,,,,,,,,,0.0,,,0.0,1.0,0.0,0.0,0.0,HOU,38.5,1,18.0,0.992,0.0,projection only,,,0.36,Low,,"0.0 exp opps (proj 0) · vs HOU (DvP 18, -1%) · Low confidence",,,,,,,,0
00-0039305,Jack Westover,TE,WAS,12045,27.3,2,,DEV,,2024,0.0,0.5,0.5,0.0,0.3425,0.25,0.2,-0.025,prior,prior season only,0.5,2026.0,5.0,sleeper,2026-10-07T05:42:17Z,,,,,,,,,,,,,,,0.0,,,0.0,1.0,0.0,0.0,0.0,NYG,43.5,1,15.0,1.015,0.0,projection only,,,0.3,Low,,"0.0 exp opps (proj 0, recent 0) · vs NYG (DvP 15, +1%) · Low confidence",0.337,0.667,1.0,0.0,0.46,1.1,0.0,0
00-0039458,Brenden Bates,TE,JAX,12374,27.0,2,,DEV,,2024,0.0,1.0,1.0,0.0,0.36,1.7600000000000002,-0.1,0.077,prior,prior season only,1.8333333333333333,2026.0,5.0,sleeper,2026-10-07T05:42:17Z,,,,,,,,,,,,,,,0.0,,,0.0,1.0,0.0,0.0,0.0,PHI,42.5,1,28.0,0.918,0.0,projection only,,,0.0,Low,,"0.0 exp opps (proj 0, recent 1) · vs PHI (DvP 28, -8%) · Low confidence",0.453,1.0,3.0,1.0,0.453,4.5,2.1,0
00-0039631,Cam Grandy,TE,MIN,12062,26.9,2,,DEV,,2024,0.0,1.0,1.0,0.0,0.145,1.35,-0.0,-0.13,prior,prior season only,1.85,2026.0,5.0,sleeper,2026-10-07T05:42:17Z,,,,,,,,,,,,,,,0.0,,,0.0,1.0,0.0,0.0,0.0,NO,42.5,0,7.0,1.075,0.0,projection only,,,0.0,Low,,"0.0 exp opps (proj 0, recent 1) · vs NO (DvP 7, +7%) · Low confidence",0.145,1.0,0.0,,,2.1,1.9,0
00-0039648,David Martin-Robinson,TE,TEN,12357,26.8,2,,ACT,,2024,0.0,0.5454545454545454,0.5454545454545454,0.0,0.15636363636363637,1.1818181818181819,0.145455,0.028273,prior,prior season only,1.7666666666666666,2026.0,5.0,sleeper,2026-10-07T05:42:17Z,,,,,,,,,,,,,,,0.0,,,0.0,1.0,0.0,0.0,0.0,HOU,38.5,1,18.0,0.992,0.0,projection only,3.0,3.0,0.27,Low,,"0.0 exp opps (proj 0, recent 1) · TE3 · vs HOU (DvP 18, -1%) · Low confidence",0.273,1.333,1.0,3.0,0.41,2.9,0.0,0
00-0039550,Shawn Bowman,TE,ARI,12217,26.4,2,,DEV,,2024,,,,,,,,,,,,2026.0,5.0,sleeper,2026-10-07T05:42:17Z,,,,,,,,,,,,,,,0.0,,,0.0,1.0,0.0,0.0,0.0,DET,54.5,1,1.0,1.12,0.0,projection only,,,0.36,Low,,"0.0 exp opps (proj 0) · vs DET (DvP 1, +12%) · Low confidence",,,,,,,,0
00-0039843,Qadir Ismail,TE,CHI,12267,26.6,2,,DEV,,2024,,,,,,,,,,,,2026.0,5.0,sleeper,2026-10-07T05:42:17Z,,,,,,,,,,,,,,,0.0,,,0.0,1.0,0.0,0.0,0.0,GB,45.5,0,20.0,0.978,0.0,projection only,,,0.36,Low,,"0.0 exp opps (proj 0) · vs GB (DvP 20, -2%) · Low confidence",,,,,,,,0
00-0040094,Tre Watson,TE,MIA,13116,24.0,1,,DEV,,2025,,,,,,,,,,,,2026.0,5.0,sleeper,2026-10-07T05:42:17Z,,,,,,,,,,,,,,,0.0,,,0.0,1.0,0.0,0.0,0.0,CIN,42.5,1,6.0,1.082,0.0,projection only,,,0.36,Low,,"0.0 exp opps (proj 0) · vs CIN (DvP 6, +8%) · Low confidence",,,,,,,,0
00-0036332,Josiah Deguara,TE,PHI,7050,29.6,6,,DEV,94.0,2020,0.0,0.7142857142857143,0.7142857142857143,0.0,0.10857142857142857,1.5857142857142856,0.214286,0.02,prior,prior season only,3.5,2026.0,5.0,sleeper,2026-10-07T05:42:17Z,,,,,,,,,,,,,,,0.0,,,0.0,1.0,0.0,0.0,0.0,JAX,42.5,0,26.0,0.932,0.0,projection only,,,0.17,Low,,"0.0 exp opps (proj 0, recent 1) · vs JAX (DvP 26, -7%) · Low confidence",0.143,1.0,0.0,,,5.5,0.0,0
00-0040363,Keleki Latu,TE,BUF,12765,24.2,1,,ACT,,2025,2.0,0.0,0.0,0.0,0.05,0.0,0.0,-0.06,current,current season,0.0,2026.0,5.0,sleeper,2026-10-07T05:42:17Z,,,,,,,,,,,,,,,0.0,,,0.0,0.5,0.0,0.0,0.0,LA,54.5,0,31.0,0.895,0.0,50% projection,4.0,4.0,0.6,Med,,"0.0 exp opps (proj 0, recent 0) · TE4 · vs LA (DvP 31, -10%) · Med confidence",0.333,1.333,1.0,3.0,0.68,4.8,0.0,0
00-0040331,Patrick Herbert,TE,LAC,12901,26.0,1,,DEV,,2025,1.0,0.0,0.0,0.0,,0.0,0.0,0.0,current,current season,0.0,2026.0,5.0,sleeper,2026-10-07T05:42:17Z,,,,,,,,,,,,,,,0.0,,,0.0,0.75,0.0,0.0,0.0,DEN,42.5,1,13.0,1.03,0.0,75% projection,,,0.6,Med,,"0.0 exp opps (proj 0, recent 0) · vs DEN (DvP 13, +3%) · Med confidence",,0.0,0.0,,,0.0,0.0,0
00-0040566,CJ Dippre,TE,TB,12984,24.4,1,,DEV,,2025,,,,,,,,,,,,2026.0,5.0,sleeper,2026-10-07T05:42:17Z,,,,,,,,,,,,,,,0.0,,,0.0,1.0,0.0,0.0,0.0,DAL,47.5,0,14.0,1.022,0.0,projection only,,,0.36,Low,,"0.0 exp opps (proj 0) · vs DAL (DvP 14, +2%) · Low confidence",,,,,,,,0
00-0035345,Chris Myarick,TE,LV,6529,31.0,7,,DEV,,2019,,,,,,,,,,,,2026.0,5.0,sleeper,2026-10-07T05:42:17Z,,,,,,,,,,,,,,,0.0,,,0.0,1.0,0.0,0.0,0.0,NE,45.5,0,32.0,0.888,0.0,projection only,,,0.36,Low,,"0.0 exp opps (proj 0) · vs NE (DvP 32, -11%) · Low confidence",,,,,,,,0
00-0035039,Stephen Carlson,TE,CHI,6451,29.8,7,,DEV,,2019,,,,,,,,,,,,2026.0,5.0,sleeper,2026-10-07T05:42:17Z,,,,,,,,,,,,,,,0.0,,,0.0,1.0,0.0,0.0,0.0,GB,45.5,0,20.0,0.978,0.0,projection only,,,0.36,Low,,"0.0 exp opps (proj 0) · vs GB (DvP 20, -2%) · Low confidence",,,,,,,,0
00-0040697,Thomas Gordon,TE,DET,13249,26.1,1,,DEV,,2025,,,,,,,,,,,,2026.0,5.0,sleeper,2026-10-07T05:42:17Z,,,,,,,,,,,,,,,0.0,,,0.0,1.0,0.0,0.0,0.0,ARI,54.5,0,3.0,1.105,0.0,projection only,,,0.36,Low,,"0.0 exp opps (proj 0) · vs ARI (DvP 3, +10%) · Low confidence",,,,,,,,0
00-0040628,Drake Dabney,TE,GB,13210,24.4,1,,DEV,,2025,0.0,2.0,2.0,0.0,0.88,1.3,0.0,0.0,prior,prior season only,1.8,2026.0,5.0,sleeper,2026-10-07T05:42:17Z,,,,,,,,,,,,,,,0.0,,,0.0,1.0,0.0,0.0,0.0,CHI,45.5,1,30.0,0.902,0.0,projection only,,,0.0,Low,,"0.0 exp opps (proj 0, recent 2) · vs CHI (DvP 30, -10%) · Low confidence",0.88,2.0,1.0,2.0,0.88,1.8,1.8,0
00-0040939,Michael Trigg,TE,DAL,13401,24.3,0,,DEV,,2026,,,,,,,,,,,,2026.0,5.0,sleeper,2026-10-07T05:42:17Z,,,,,,,,,,,,,,,0.0,,,0.0,1.0,0.0,0.0,0.0,TB,47.5,1,7.0,1.075,0.0,projection only,,,0.36,Low,,"0.0 exp opps (proj 0) · vs TB (DvP 7, +7%) · Low confidence",,,,,,,,0
00-0041016,Patrick Gurd,TE,LV,13913,24.6,0,,DEV,,2026,,,,,,,,,,,,2026.0,5.0,sleeper,2026-10-07T05:42:17Z,,,,,,,,,,,,,,,0.0,,,0.0,1.0,0.0,0.0,0.0,NE,45.5,0,32.0,0.888,0.0,projection only,,,0.36,Low,,"0.0 exp opps (proj 0) · vs NE (DvP 32, -11%) · Low confidence",,,,,,,,0
00-0041195,Jack Velling,TE,ATL,13846,22.9,0,,DEV,,2026,,,,,,,,,,,,2026.0,5.0,sleeper,2026-10-07T05:42:17Z,,,,,,,,,,,,,,,0.0,,,0.0,1.0,0.0,0.0,0.0,BAL,43.5,1,21.0,0.97,0.0,projection only,,,0.36,Low,,"0.0 exp opps (proj 0) · vs BAL (DvP 21, -3%) · Low confidence",,,,,,,,0
00-0041252,Kenny Fletcher Jr.,TE,IND,13957,22.8,0,,DEV,,2026,,,,,,,,,,,,2026.0,5.0,sleeper,2026-10-07T05:42:17Z,,,,,,,,,,,,,,,0.0,,,0.0,1.0,0.0,0.0,0.0,PIT,44.5,0,23.0,0.955,0.0,projection only,,,0.36,Low,,"0.0 exp opps (proj 0) · vs PIT (DvP 23, -5%) · Low confidence",,,,,,,,0
00-0041263,Lake McRee,TE,PIT,13292,24.1,0,,DEV,,2026,,,,,,,,,,,,2026.0,5.0,sleeper,2026-10-07T05:42:17Z,,,,,,,,,,,,,,,0.0,,,0.0,1.0,0.0,0.0,0.0,IND,44.5,1,16.0,1.008,0.0,projection only,,,0.36,Low,,"0.0 exp opps (proj 0) · vs IND (DvP 16, +1%) · Low confidence",,,,,,,,0
00-0041457,Miles Kitselman,TE,DET,13431,24.0,0,,DEV,,2026,,,,,,,,,,,,2026.0,5.0,sleeper,2026-10-07T05:42:17Z,,,,,,,,,,,,,,,0.0,,,0.0,1.0,0.0,0.0,0.0,ARI,54.5,0,3.0,1.105,0.0,projection only,,,0.36,Low,,"0.0 exp opps (proj 0) · vs ARI (DvP 3, +10%) · Low confidence",,,,,,,,0
00-0041422,Dan Villari,TE,LA,13321,24.3,0,,DEV,,2026,,,,,,,,,,,,2026.0,5.0,sleeper,2026-10-07T05:42:17Z,,,,,,,,,,,,,,,0.0,,,0.0,1.0,0.0,0.0,0.0,BUF,54.5,1,17.0,1.0,0.0,projection only,,,0.36,Low,,"0.0 exp opps (proj 0) · vs BUF (DvP 17, +0%) · Low confidence",,,,,,,,0
00-0041384,Evan Svoboda,TE,LAC,13630,23.5,0,,DEV,,2026,,,,,,,,,,,,2026.0,5.0,sleeper,2026-10-07T05:42:17Z,,,,,,,,,,,,,,,0.0,,,0.0,1.0,0.0,0.0,0.0,DEN,42.5,1,13.0,1.03,0.0,projection only,,,0.36,Low,,"0.0 exp opps (proj 0) · vs DEN (DvP 13, +3%) · Low confidence",,,,,,,,0
00-0041327,Cody Hardy,TE,NYJ,13834,22.9,0,,DEV,,2026,,,,,,,,,,,,2026.0,5.0,sleeper,2026-10-07T05:42:17Z,,,,,,,,,,,,,,,0.0,,,0.0,1.0,0.0,0.0,0.0,CLE,39.5,1,10.0,1.052,0.0,projection only,,,0.36,Low,,"0.0 exp opps (proj 0) · vs CLE (DvP 10, +5%) · Low confidence",,,,,,,,0
00-0041357,Khalil Dinkins,TE,SF,13432,24.4,0,,DEV,,2026,,,,,,,,,,,,2026.0,5.0,sleeper,2026-10-07T05:42:17Z,,,,,,,,,,,,,,,0.0,,,0.0,1.0,0.0,0.0,0.0,SEA,46.5,0,19.0,0.985,0.0,projection only,,,0.36,Low,,"0.0 exp opps (proj 0) · vs SEA (DvP 19, -2%) · Low confidence",,,,,,,,0
00-0033439,Pharaoh Brown,TE,IND,4443,32.4,9,,DEV,,2017,0.0,0.4,0.4,0.0,0.136,0.42000000000000004,0.2,0.023,prior,prior season only,1.0333333333333334,2026.0,5.0,sleeper,2026-10-07T05:42:17Z,,,,,,,,,,,,,,,0.0,,,0.0,1.0,0.0,0.0,0.0,PIT,44.5,0,23.0,0.955,0.0,projection only,,,0.36,Low,,"0.0 exp opps (proj 0, recent 0) · vs PIT (DvP 23, -5%) · Low confidence",0.147,0.667,0.0,,,1.9,0.0,0
00-0040187,Mitchell Evans,TE,CAR,12473,23.4,1,,ACT,163.0,2025,3.0,1.6666666666666667,1.6666666666666667,0.0,0.48666666666666664,3.5666666666666664,-0.0,0.015,current,current season,4.3999999999999995,2026.0,5.0,sleeper,2026-10-07T05:42:17Z,,,,,,,,,,,,,,,0.0,,,0.0,0.4,1.0,1.0,0.0,BYE,,0,,1.0,,40% projection,3.0,3.0,0.0,Low,BYE,"1.0 exp opps (proj 0, recent 2) · TE3 · Low confidence · BYE",0.497,2.667,10.0,2.0,0.514,8.0,2.6,0
00-0040081,Jake Briningstool,TE,KC,12817,23.8,1,,ACT,,2025,2.0,0.5,0.5,0.0,0.125,0.0,-1.0,0.01,current,current season,0.7999999999999999,2026.0,5.0,sleeper,2026-10-07T05:42:17Z,,,,,,,,,,,,,,,0.0,,,0.0,0.5,0.2,0.2,0.0,BYE,,0,,1.0,,50% projection,3.0,3.0,0.3,Low,BYE,"0.2 exp opps (proj 0, recent 0) · TE3 · Low confidence · BYE",0.147,0.667,0.0,,,1.9,0.0,0
00-0036825,Feleipe Franks,TE,CAR,7531,28.8,5,,ACT,,2021,3.0,0.0,0.0,0.0,0.02,0.0,0.0,-0.03,current,current season,0.0,2026.0,5.0,sleeper,2026-10-07T05:42:17Z,,,,,,,,,,,,,,,0.0,,,0.0,0.4,0.0,0.0,0.0,BYE,,0,,1.0,,40% projection,4.0,4.0,0.6,Med,BYE,"0.0 exp opps (proj 0, recent 0) · TE4 · Med confidence · BYE",0.053,0.333,0.0,,,0.1,0.0,0
00-0036637,Noah Gray,TE,KC,7828,27.4,5,,ACT,162.0,2021,3.0,2.3333333333333335,2.3333333333333335,0.0,0.6033333333333334,3.5333333333333337,1.0,0.09,current,current season,4.366666666666667,2026.0,5.0,sleeper,2026-10-07T05:42:17Z,,,,,,,,,,,,,,,0.0,,,0.0,0.4,1.4,1.4,0.0,BYE,,0,,1.0,,40% projection,2.0,2.0,0.0,Low,BYE,"1.4 exp opps (proj 0, recent 2) · TE2 · Low confidence · BYE",0.663,4.0,16.0,2.5,0.567,7.2,3.4,0
00-0037005,Tommy Tremble,TE,CAR,7694,26.3,5,,ACT,83.0,2021,3.0,3.3333333333333335,3.3333333333333335,0.0,0.5166666666666667,4.566666666666666,1.0,-0.025,current,current season,5.8999999999999995,2026.0,5.0,sleeper,2026-10-07T05:42:17Z,,,,,,,,,,,,,,,0.0,,,0.0,0.4,2.0,2.0,0.0,BYE,,0,,1.0,,40% projection,1.0,1.0,0.0,Low,BYE,"2.0 exp opps (proj 0, recent 3) · TE1 · Low confidence · BYE",0.747,4.667,19.0,2.7,0.588,10.8,4.3,0
00-0038145,Thomas Odukoya,TE,KC,8924,29.4,4,,DEV,,2022,,,,,,,,,,,,2026.0,5.0,sleeper,2026-10-07T05:42:17Z,,,,,,,,,,,,,,,0.0,,,0.0,1.0,0.0,0.0,0.0,BYE,,0,,1.0,,projection only,,,0.36,Low,BYE,0.0 exp opps (proj 0) · Low confidence · BYE,,,,,,,,0
00-0041472,Marlin Klein,TE,HOU,13307,24.1,0,Out,ACT,59.0,2026,,,,,,,,,,,3.1,2026.0,5.0,sleeper,2026-10-07T05:42:17Z,,,,,,,,0.89,0.77,7.56,0.04,1.75,1.37,0.98,0.89,,0.031,2.15,1.0,0.9,0.9,0.0,TEN,38.5,0,22.0,0.962,,projection only,5.0,5.0,0.0,Low,OUT,"0.9 exp opps (proj 1) · TE5 · 3% of team targets · vs TEN (DvP 22, -4%) · Low confidence · OUT",0.11,1.0,0.0,,,3.1,3.1,0
00-0037004,Hunter Long,TE,ARI,7535,28.1,5,IR,ACT,81.0,2021,3.0,0.6666666666666666,0.6666666666666666,0.0,0.3133333333333333,1.1666666666666667,0.5,0.0,current,current season,1.5,2026.0,5.0,sleeper,2026-10-07T05:42:17Z,,,,,,,,,,,,,,,0.0,,,0.0,0.4,0.4,0.4,0.0,DET,54.5,1,1.0,1.12,,40% projection,3.0,3.0,0.0,Low,IR,"0.4 exp opps (proj 0, recent 1) · TE3 · vs DET (DvP 1, +12%) · Low confidence · IR",0.687,3.0,4.0,2.5,0.665,8.1,2.5,0
00-0037311,Ko Kieft,TE,TB,8484,28.7,4,Out,ACT,218.0,2022,1.0,0.0,0.0,0.0,0.03,0.0,0.0,0.0,current,current season,0.0,2026.0,5.0,sleeper,2026-10-07T05:42:17Z,,,,,,,,0.03,0.02,0.18,0.0,0.05,0.04,0.03,0.03,,0.001,0.05,0.75,0.0,0.0,0.0,DAL,47.5,0,14.0,1.022,,75% projection,3.0,3.0,0.0,Low,OUT,"0.0 exp opps (proj 0, recent 0) · TE3 · 0% of team targets · vs DAL (DvP 14, +2%) · Low confidence · OUT",0.13,0.0,0.0,,,0.0,0.0,0
00-0038046,Charlie Kolar,TE,LAC,8127,27.7,4,Out,ACT,128.0,2022,1.0,3.0,3.0,0.0,0.62,5.1,0.0,0.0,current,current season,2.1999999999999997,2026.0,5.0,sleeper,2026-10-07T05:42:17Z,,,,,,,,1.79,1.33,12.48,0.07,3.02,2.35,1.69,1.79,,0.063,3.66,0.75,2.1,2.1,0.0,DEN,42.5,1,13.0,1.03,,75% projection,1.0,1.0,0.0,Low,OUT,"2.1 exp opps (proj 2, recent 3) · TE1 · 6% of team targets · vs DEN (DvP 13, +3%) · Low confidence · OUT",0.553,1.667,10.0,1.4,0.493,7.7,3.2,0
00-0036876,Kylen Granson,TE,TEN,7602,28.5,5,Out,ACT,127.0,2021,0.0,0.75,0.75,0.0,0.26166666666666666,0.9166666666666666,0.129371,0.008881,prior,prior season only,3.0,2026.0,5.0,sleeper,2026-10-07T05:42:17Z,,,,,,,,0.1,0.07,0.66,0.0,0.15,0.12,0.08,0.1,,0.003,0.17,1.0,0.1,0.1,0.0,HOU,38.5,1,18.0,0.992,,projection only,4.0,4.0,0.0,Low,OUT,"0.1 exp opps (proj 0, recent 1) · TE4 · 0% of team targets · vs HOU (DvP 18, -1%) · Low confidence · OUT",0.357,1.667,2.0,3.0,0.67,2.0,0.0,0
00-0040058,Nick Kallerup,TE,SEA,13151,25.5,1,Out,ACT,,2025,0.0,0.25,0.25,0.0,0.2725,0.0,-0.3,-0.075,prior,prior season only,0.0,2026.0,5.0,sleeper,2026-10-07T05:42:17Z,,,,,,,,,,,,,,,0.0,,,0.0,1.0,0.0,0.0,0.0,SF,46.5,1,27.0,0.925,,projection only,4.0,4.0,0.0,Low,OUT,"0.0 exp opps (proj 0, recent 0) · TE4 · vs SF (DvP 27, -7%) · Low confidence · OUT",0.307,0.333,1.0,1.0,0.48,0.0,0.0,0
00-0036244,Colby Parkinson,TE,LA,6865,27.7,6,Out,ACT,133.0,2020,2.0,1.5,1.5,0.0,0.57,1.75,-1.0,-0.28,current,current season,2.1999999999999997,2026.0,5.0,sleeper,2026-10-07T05:42:17Z,,,,,,,,2.31,1.55,15.92,0.2,4.33,3.55,2.77,2.31,,0.069,5.12,0.5,1.9,1.9,0.0,BUF,54.5,1,17.0,1.0,,50% projection,1.0,1.0,0.0,Low,OUT,"1.9 exp opps (proj 2, recent 2) · TE1 · 7% of team targets · vs BUF (DvP 17, +0%) · Low confidence · OUT",0.833,6.0,15.0,3.9,0.667,18.3,8.7,0
00-0040225,Thomas Fidone II,TE,NYG,12715,24.0,1,Out,ACT,219.0,2025,0.0,0.0,0.0,0.0,0.04,0.0,0.0,0.0,prior,prior season only,0.0,2026.0,5.0,sleeper,2026-10-07T05:42:17Z,,,,,,,,,,,,,,,0.0,,,0.0,1.0,0.0,0.0,0.0,WAS,43.5,0,5.0,1.09,,projection only,4.0,4.0,0.0,Low,OUT,"0.0 exp opps (proj 0, recent 0) · TE4 · vs WAS (DvP 5, +9%) · Low confidence · OUT",0.04,0.0,0.0,,,0.0,0.0,0
00-0035644,Noah Fant,TE,NO,5857,28.9,7,Out,ACT,20.0,2019,2.0,2.0,2.0,0.0,0.505,9.65,4.0,0.13,current,current season,12.200000000000001,2026.0,5.0,sleeper,2026-10-07T05:42:17Z,,,,,,,,2.33,1.59,15.54,0.21,4.4,3.6,2.81,2.33,,0.072,5.2,0.5,2.2,2.2,0.0,MIN,42.5,1,29.0,0.91,,50% projection,2.0,2.0,0.0,Low,OUT,"2.2 exp opps (proj 2, recent 2) · TE2 · 7% of team targets · vs MIN (DvP 29, -9%) · Low confidence · OUT",0.547,4.667,11.0,3.7,0.485,15.8,8.3,0
00-0041077,Justin Joly,TE,MIA,13400,22.2,0,Out,ACT,152.0,2026,,,,,,,,,,,,2026.0,5.0,sleeper,2026-10-07T05:42:17Z,,,,,,,,0.28,0.2,2.18,0.01,0.48,0.38,0.29,0.28,,0.01,0.58,1.0,0.3,0.3,0.0,CIN,42.5,1,6.0,1.082,,projection only,4.0,4.0,0.0,Low,OUT,"0.3 exp opps (proj 0) · TE4 · 1% of team targets · vs CIN (DvP 6, +8%) · Low confidence · OUT",,,,,,,,0
00-0034798,Durham Smythe,TE,BAL,5008,31.2,8,Out,ACT,123.0,2018,2.0,0.5,0.5,0.0,0.41500000000000004,0.0,-1.0,-0.27,current,current season,0.6333333333333333,2026.0,5.0,sleeper,2026-10-07T05:42:17Z,,,,,,,,,,,,,,,0.0,,,0.0,0.5,0.2,0.2,0.0,ATL,43.5,0,12.0,1.038,,50% projection,2.0,2.0,0.0,Low,OUT,"0.2 exp opps (proj 0, recent 0) · TE2 · vs ATL (DvP 12, +4%) · Low confidence · OUT",0.483,1.667,2.0,1.0,0.585,2.3,0.8,0
00-0034270,Tyler Conklin,TE,DET,5133,31.2,8,Out,ACT,157.0,2018,0.0,1.8333333333333333,1.6666666666666667,0.16666666666666666,0.30333333333333334,2.8833333333333333,-0.314286,-0.007429,prior,prior season only,3.6,2026.0,5.0,sleeper,2026-10-07T05:42:17Z,,,,,,,,0.21,0.14,1.71,0.01,0.37,0.3,0.23,0.21,,0.006,0.44,1.0,0.2,0.2,0.0,ARI,54.5,0,3.0,1.105,,projection only,4.0,4.0,0.0,Low,OUT,"0.2 exp opps (proj 0, recent 2) · TE4 · 1% of team targets · vs ARI (DvP 3, +10%) · Low confidence · OUT",0.313,2.0,1.0,3.0,0.43,7.1,2.4,0
00-0041133,Dallen Bentley,TE,DEN,13577,25.8,0,Out,ACT,256.0,2026,,,,,,,,,,,,2026.0,5.0,sleeper,2026-10-07T05:42:17Z,,,,,,,,0.13,0.09,0.94,0.01,0.23,0.18,0.14,0.13,,0.004,0.29,1.0,0.1,0.1,0.0,LAC,42.5,0,24.0,0.948,,projection only,4.0,4.0,0.0,Low,OUT,"0.1 exp opps (proj 0) · TE4 · 0% of team targets · vs LAC (DvP 24, -5%) · Low confidence · OUT",,,,,,,,0
00-0041314,Tanner Arkin,TE,NE,13827,23.3,0,Out,ACT,,2026,,,,,,,,,,,,2026.0,5.0,sleeper,2026-10-07T05:42:17Z,,,,,,,,,,,,,,,0.0,,,0.0,1.0,0.0,0.0,0.0,LV,45.5,1,9.0,1.06,,projection only,4.0,4.0,0.0,Low,OUT,"0.0 exp opps (proj 0) · TE4 · vs LV (DvP 9, +6%) · Low confidence · OUT",,,,,,,,0
00-0039739,Roman Wilson,WR,PIT,11630,25.3,2,,ACT,84.0,2024,3.0,6.0,6.0,0.0,0.49666666666666665,13.066666666666668,0.0,-0.24,current,current season,13.066666666666668,2026.0,5.0,sleeper,2026-10-07T05:42:17Z,,,,,0.03,0.12,0.0,3.26,1.86,24.5,0.23,5.72,4.79,3.86,3.2899999999999996,0.001,0.104,5.7,0.4,4.9,4.9,0.0,IND,44.5,1,12.0,1.038,10.5,40% projection,3.0,3.0,0.33,Low,,"4.9 exp opps (proj 3, recent 6) · WR3 · 10% of team targets · vs IND (DvP 12, +4%) · Low confidence",0.593,6.0,7.0,3.4,0.551,16.1,3.7,1
00-0035891,Cody White,WR,LV,7039,27.9,6,,ACT,,2020,3.0,3.0,3.0,0.0,,10.466666666666667,1.0,0.0,current,current season,10.466666666666667,2026.0,5.0,sleeper,2026-10-07T05:42:17Z,,,,,,,,3.4,2.03,25.01,0.36,6.69,5.68,4.67,3.4,,0.107,6.69,0.4,3.2,3.2,0.0,NE,45.5,0,13.0,1.03,9.2,40% projection,3.0,3.0,0.53,Med,,"3.2 exp opps (proj 3, recent 3) · WR3 · 11% of team targets · vs NE (DvP 13, +3%) · Med confidence",,3.0,0.0,,,12.5,0.9,0
00-0039451,Isaiah Williams,WR,NYJ,11608,25.7,2,,ACT,,2024,3.0,4.0,3.6666666666666665,0.3333333333333333,0.8833333333333333,9.733333333333334,-2.0,0.06,current,current season,9.733333333333334,2026.0,5.0,sleeper,2026-10-07T05:42:17Z,,,,,0.23,1.46,0.01,3.85,3.04,28.14,0.11,6.69,5.17,3.66,4.08,0.008,0.14,6.72,0.4,4.0,3.7,0.3,CLE,39.5,1,8.0,1.068,9.1,40% projection,3.0,3.0,0.59,Med,,"4.0 exp opps (proj 4, recent 4) · WR3 · 14% of team targets · vs CLE (DvP 8, +7%) · Med confidence",0.883,5.667,12.0,4.2,0.666,10.9,1.7,0
00-0040024,Darius Cooper,WR,PHI,13150,24.9,1,,ACT,,2025,3.0,3.3333333333333335,3.3333333333333335,0.0,0.47000000000000003,9.633333333333333,2.0,0.245,current,current season,9.633333333333333,2026.0,5.0,sleeper,2026-10-07T05:42:17Z,,,,,,,,2.49,1.69,18.0,0.15,4.37,3.53,2.68,2.49,,0.097,4.39,0.4,3.0,3.0,0.0,JAX,42.5,0,9.0,1.06,8.0,40% projection,5.0,5.0,0.45,Med,,"3.0 exp opps (proj 2, recent 3) · WR5 · 10% of team targets · vs JAX (DvP 9, +6%) · Med confidence",0.483,3.333,3.0,5.0,0.717,11.4,2.8,1
00-0033307,Kendrick Bourne,WR,ARI,4454,31.2,9,,ACT,,2017,2.0,3.0,3.0,0.0,0.575,3.6500000000000004,-0.0,-0.05,current,current season,7.6000000000000005,2026.0,5.0,sleeper,2026-10-07T05:42:17Z,,,,,,,,3.76,2.76,30.11,0.16,6.75,5.37,3.99,3.76,,0.113,6.73,0.5,3.4,3.4,0.0,DET,54.5,1,2.0,1.112,8.0,50% projection,3.0,3.0,0.48,Med,,"3.4 exp opps (proj 4, recent 3) · WR3 · 11% of team targets · vs DET (DvP 2, +11%) · Med confidence",0.797,8.0,15.0,4.3,0.664,17.8,4.2,0
00-0036988,Josh Palmer,WR,BUF,7670,27.0,5,,ACT,77.0,2021,2.0,3.5,3.5,0.0,0.485,6.300000000000001,1.0,0.21,current,current season,7.666666666666667,2026.0,5.0,sleeper,2026-10-07T05:42:17Z,,,,,,,,3.22,1.86,25.27,0.1,5.01,4.07,3.14,3.22,,0.101,4.99,0.5,3.4,3.4,0.0,LA,54.5,0,18.0,0.992,6.3,50% projection,4.0,4.0,0.55,Med,,"3.4 exp opps (proj 3, recent 4) · WR4 · 10% of team targets · vs LA (DvP 18, -1%) · Med confidence",0.68,4.333,10.0,3.4,0.57,10.8,4.1,0
00-0040785,Dohnte Meyers,WR,CIN,13264,26.3,0,,ACT,,2026,3.0,5.0,5.0,0.0,0.5433333333333333,7.033333333333334,4.0,0.355,current,current season,7.033333333333334,2026.0,5.0,sleeper,2026-10-07T05:42:17Z,,,,,0.08,0.33,0.0,3.6,2.58,29.39,0.19,6.69,5.4,4.11,3.68,0.003,0.105,6.69,0.4,4.5,4.4,0.0,MIA,42.5,0,30.0,0.902,6.2,40% projection,4.0,4.0,0.44,Med,,"4.5 exp opps (proj 4, recent 5) · WR4 · 10% of team targets · vs MIA (DvP 30, -10%) · Med confidence",0.543,5.0,2.0,7.0,0.725,12.4,4.8,1
00-0040590,Konata Mumpfield,WR,LA,12718,24.0,1,Questionable,ACT,242.0,2025,3.0,4.333333333333333,4.333333333333333,0.0,0.5633333333333334,7.733333333333333,0.5,-0.21,current,current season,7.733333333333333,2026.0,5.0,sleeper,2026-10-07T05:42:17Z,,,,,,,,1.37,0.56,8.0,0.08,1.85,1.57,1.29,1.37,,0.041,1.84,0.4,3.1,3.1,0.0,BUF,54.5,1,3.0,1.105,5.9,40% projection,4.0,4.0,0.13,Low,QUESTIONABLE,"3.1 exp opps (proj 1, recent 4) · WR4 · 4% of team targets · vs BUF (DvP 3, +10%) · Low confidence · QUESTIONABLE",0.563,4.667,10.0,3.1,0.521,7.4,1.7,0
00-0038618,Xavier Hutchinson,WR,HOU,10218,26.3,3,,ACT,205.0,2023,3.0,7.333333333333333,6.666666666666667,0.6666666666666666,0.5533333333333333,7.599999999999999,-2.0,-0.25,current,current season,7.599999999999999,2026.0,5.0,sleeper,2026-10-07T05:42:17Z,,,,,0.08,0.37,0.0,1.78,0.97,13.42,0.04,2.59,2.11,1.62,1.86,0.003,0.063,2.59,0.4,5.1,4.7,0.4,TEN,38.5,0,14.0,1.022,5.7,40% projection,2.0,2.0,0.2,Low,,"5.1 exp opps (proj 2, recent 7) · WR2 · 6% of team targets · vs TEN (DvP 14, +2%) · Low confidence",0.72,8.0,17.0,4.7,0.617,13.7,5.7,0
00-0040170,Elic Ayomanor,WR,TEN,12499,23.3,1,,ACT,136.0,2025,3.0,2.3333333333333335,2.3333333333333335,0.0,0.65,4.733333333333333,-1.0,0.045,current,current season,4.733333333333333,2026.0,5.0,sleeper,2026-10-07T05:42:17Z,,,,,0.03,0.09,0.0,3.43,1.63,26.63,0.15,5.21,4.39,3.57,3.46,0.001,0.117,5.2,0.4,2.8,2.8,0.0,HOU,38.5,1,1.0,1.12,5.5,40% projection,3.0,3.0,0.4,Med,,"2.8 exp opps (proj 3, recent 2) · WR3 · 12% of team targets · vs HOU (DvP 1, +12%) · Med confidence",0.943,7.0,20.0,5.0,0.768,13.7,7.0,0
00-0037741,Jahan Dotson,WR,ATL,8119,26.5,4,,ACT,16.0,2022,3.0,3.3333333333333335,3.3333333333333335,0.0,0.68,6.2,-0.5,-0.06,current,current season,6.2,2026.0,5.0,sleeper,2026-10-07T05:42:17Z,,,,,0.03,0.12,0.0,2.42,1.19,15.74,0.08,3.29,2.7,2.1,2.4499999999999997,0.001,0.087,3.26,0.4,3.0,3.0,0.0,BAL,43.5,1,7.0,1.075,5.4,40% projection,2.0,2.0,0.59,Med,,"3.0 exp opps (proj 2, recent 3) · WR2 · 9% of team targets · vs BAL (DvP 7, +7%) · Med confidence",0.773,5.0,16.0,2.8,0.646,9.3,2.7,0
00-0032951,Laquon Treadwell,WR,IND,3155,31.3,10,,ACT,23.0,2016,3.0,3.3333333333333335,3.3333333333333335,0.0,0.7933333333333333,7.099999999999999,1.5,0.055,current,current season,7.099999999999999,2026.0,5.0,sleeper,2026-10-07T05:42:17Z,,,,,,,,1.16,0.89,11.47,0.07,2.48,2.04,1.59,1.16,,0.045,2.46,0.4,2.5,2.5,0.0,PIT,44.5,0,22.0,0.962,5.0,40% projection,3.0,3.0,0.21,Low,,"2.5 exp opps (proj 1, recent 3) · WR3 · 4% of team targets · vs PIT (DvP 22, -4%) · Low confidence",0.793,3.333,3.0,3.3,0.793,9.1,0.0,0
00-0039868,Troy Franklin,WR,DEN,11627,23.7,2,,ACT,102.0,2024,2.0,1.5,1.5,0.0,0.195,3.4000000000000004,-1.0,-0.03,current,current season,2.4333333333333336,2026.0,5.0,sleeper,2026-10-07T05:42:17Z,,,,,0.11,0.41,0.0,4.3,2.41,34.55,0.2,7.12,5.92,4.72,4.41,0.004,0.137,7.11,0.5,3.0,2.9,0.1,LAC,42.5,0,15.0,1.015,4.8,50% projection,5.0,5.0,0.2,Low,,"3.0 exp opps (proj 4, recent 2) · WR5 · 14% of team targets · vs LAC (DvP 15, +1%) · Low confidence",0.737,10.0,15.0,6.7,0.633,21.1,8.4,0
00-0037742,Treylon Burks,WR,WAS,8135,26.5,4,,ACT,18.0,2022,3.0,2.0,2.0,0.0,0.4166666666666667,7.0,1.0,0.145,current,current season,7.0,2026.0,5.0,sleeper,2026-10-07T05:42:17Z,,,,,0.24,1.2,0.01,0.3,0.14,1.67,0.01,0.57,0.5,0.43,0.54,0.008,0.011,0.55,0.4,1.4,1.3,0.1,NYG,43.5,1,16.0,1.008,4.5,40% projection,4.0,4.0,0.16,Low,,"1.4 exp opps (proj 1, recent 2) · WR4 · 1% of team targets · vs NYG (DvP 16, +1%) · Low confidence",0.807,3.667,7.0,3.0,0.663,9.3,3.2,0
00-0041100,Josh Cameron,WR,JAX,13394,23.6,0,,ACT,191.0,2026,3.0,1.3333333333333333,1.3333333333333333,0.0,0.3,4.8,1.0,0.095,current,current season,4.8,2026.0,5.0,sleeper,2026-10-07T05:42:17Z,,,,,0.19,0.77,0.01,1.67,1.06,12.77,0.15,3.38,2.85,2.32,1.8599999999999999,0.006,0.056,3.37,0.4,1.5,1.5,0.1,PHI,42.5,1,10.0,1.052,4.4,40% projection,4.0,4.0,0.43,Med,,"1.5 exp opps (proj 2, recent 1) · WR4 · 6% of team targets · vs PHI (DvP 10, +5%) · Med confidence",0.3,1.333,0.0,,,9.5,7.2,0
00-0037291,Jalen Nailor,WR,LV,8180,27.6,4,Questionable,ACT,191.0,2022,2.0,3.0,3.0,0.0,0.585,2.25,-0.0,-0.03,current,current season,3.4,2026.0,5.0,sleeper,2026-10-07T05:42:17Z,,,,,0.25,0.97,0.01,2.92,1.54,19.51,0.14,4.51,3.74,2.96,3.17,0.01,0.092,4.49,0.5,3.1,3.0,0.1,NE,45.5,0,13.0,1.03,4.1,50% projection,2.0,2.0,0.53,Med,QUESTIONABLE,"3.1 exp opps (proj 3, recent 3) · WR2 · 9% of team targets · vs NE (DvP 13, +3%) · Med confidence · QUESTIONABLE",0.903,4.667,20.0,3.3,0.644,10.2,4.8,0
00-0040237,Tez Johnson,WR,TB,12485,24.4,1,,ACT,235.0,2025,3.0,3.0,2.6666666666666665,0.3333333333333333,0.36000000000000004,4.133333333333334,-0.5,0.135,current,current season,4.133333333333334,2026.0,5.0,sleeper,2026-10-07T05:42:17Z,,,,,0.24,0.97,0.01,2.08,1.12,16.56,0.11,3.55,2.99,2.43,2.3200000000000003,0.008,0.075,3.59,0.4,2.7,2.4,0.3,DAL,47.5,0,11.0,1.045,4.1,40% projection,4.0,4.0,0.46,Med,,"2.7 exp opps (proj 2, recent 3) · WR4 · 8% of team targets · vs DAL (DvP 11, +4%) · Med confidence",0.84,6.667,8.0,5.0,0.72,13.0,3.2,0
00-0040563,Efton Chism III,WR,NE,12542,24.9,1,,ACT,,2025,3.0,2.3333333333333335,2.3333333333333335,0.0,0.29333333333333333,4.913333333333333,1.5,0.135,current,current season,4.913333333333333,2026.0,5.0,sleeper,2026-10-07T05:42:17Z,,,,,,,,1.85,1.22,16.47,0.13,3.67,3.05,2.44,1.85,,0.065,3.65,0.4,2.1,2.1,0.0,LV,45.5,1,27.0,0.925,4.1,40% projection,4.0,4.0,0.48,Med,,"2.1 exp opps (proj 2, recent 2) · WR4 · 6% of team targets · vs LV (DvP 27, -7%) · Med confidence",0.413,2.333,3.0,2.3,0.503,12.0,0.0,1
00-0038839,Mitchell Tinsley,WR,CIN,11068,27.1,3,,ACT,,2023,1.0,7.0,7.0,0.0,0.53,7.9,0.0,0.0,current,current season,3.5,2026.0,5.0,sleeper,2026-10-07T05:42:17Z,,,,,,,,2.57,1.64,18.21,0.13,4.27,3.45,2.62,2.57,,0.075,4.24,0.75,3.7,3.7,0.0,MIA,42.5,0,30.0,0.902,3.7,75% projection,5.0,5.0,0.22,Low,,"3.7 exp opps (proj 3, recent 7) · WR5 · 8% of team targets · vs MIA (DvP 30, -10%) · Low confidence",0.62,5.667,4.0,6.0,0.598,8.8,3.7,0
00-0038824,Ryan Miller,WR,MIA,11421,26.6,3,,ACT,,2023,3.0,1.3333333333333333,1.3333333333333333,0.0,0.14666666666666667,6.066666666666666,-0.5,-0.01,current,current season,6.066666666666666,2026.0,5.0,sleeper,2026-10-07T05:42:17Z,,,,,,,,,,,,,,,0.0,,,0.0,0.4,0.8,0.8,0.0,CIN,42.5,1,21.0,0.97,3.5,40% projection,6.0,6.0,0.0,Low,,"0.8 exp opps (proj 0, recent 1) · WR6 · vs CIN (DvP 21, -3%) · Low confidence",0.24,1.333,0.0,,,8.5,0.0,0
00-0039792,Devontez Walker,WR,BAL,11629,25.3,2,,ACT,113.0,2024,3.0,1.6666666666666667,1.6666666666666667,0.0,0.4166666666666667,2.8666666666666667,0.0,0.2,current,current season,2.8666666666666667,2026.0,5.0,sleeper,2026-10-07T05:42:17Z,,,,,0.06,0.25,0.0,1.96,0.98,19.94,0.11,3.7,3.21,2.71,2.02,0.002,0.08,3.66,0.4,1.8,1.8,0.0,ATL,43.5,0,5.0,1.09,3.5,40% projection,3.0,3.0,0.5,Med,,"1.8 exp opps (proj 2, recent 2) · WR3 · 8% of team targets · vs ATL (DvP 5, +9%) · Med confidence",0.43,1.667,3.0,1.7,0.607,12.6,2.9,0
00-0038621,DeMario Douglas,WR,NE,9501,25.8,3,,ACT,210.0,2023,3.0,3.3333333333333335,3.3333333333333335,0.0,0.5066666666666667,3.4,0.5,-0.005,current,current season,3.4,2026.0,5.0,sleeper,2026-10-07T05:42:17Z,,,,,0.37,1.59,0.01,2.47,1.44,18.06,0.07,3.87,3.15,2.43,2.8400000000000003,0.013,0.087,3.88,0.4,3.1,3.0,0.1,LV,45.5,1,27.0,0.925,3.3,40% projection,2.0,2.0,0.68,Med,,"3.1 exp opps (proj 3, recent 3) · WR2 · 9% of team targets · vs LV (DvP 27, -7%) · Med confidence",0.56,4.667,5.0,5.0,0.554,9.0,4.8,0
00-0038090,Skyy Moore,WR,GB,8168,26.1,4,,ACT,54.0,2022,3.0,4.0,4.0,0.0,0.42,3.1666666666666665,-0.5,0.01,current,current season,3.1666666666666665,2026.0,5.0,sleeper,2026-10-07T05:42:17Z,,,,,0.26,1.47,0.01,2.83,1.46,18.87,0.06,3.86,3.13,2.41,3.09,0.01,0.092,3.91,0.4,3.6,3.5,0.1,CHI,45.5,1,29.0,0.91,3.2,40% projection,3.0,3.0,0.46,Med,,"3.6 exp opps (proj 3, recent 4) · WR3 · 9% of team targets · vs CHI (DvP 29, -9%) · Med confidence",0.42,4.0,2.0,4.0,0.52,3.1,0.0,0
00-0036626,Dyami Brown,WR,WAS,7587,26.9,5,,ACT,82.0,2021,3.0,3.6666666666666665,3.6666666666666665,0.0,0.47000000000000003,4.533333333333333,-1.0,0.005,current,current season,4.533333333333333,2026.0,5.0,sleeper,2026-10-07T05:42:17Z,,,,,0.02,0.09,0.0,0.59,0.31,3.44,0.02,0.77,0.61,0.46,0.61,0.001,0.021,0.78,0.4,2.4,2.4,0.0,NYG,43.5,1,16.0,1.008,3.1,40% projection,5.0,5.0,0.1,Low,,"2.4 exp opps (proj 1, recent 4) · WR5 · 2% of team targets · vs NYG (DvP 16, +1%) · Low confidence",0.613,6.0,8.0,5.5,0.631,9.2,3.5,0
00-0038976,Marvin Mims Jr.,WR,DEN,9494,24.6,3,,ACT,63.0,2023,1.0,3.0,3.0,0.0,0.27,2.0,0.0,0.0,current,current season,1.0,2026.0,5.0,sleeper,2026-10-07T05:42:17Z,,,,,0.46,1.94,0.02,1.99,1.29,15.03,0.09,3.65,3.0,2.36,2.45,0.017,0.063,3.65,0.75,2.6,2.2,0.3,LAC,42.5,0,15.0,1.015,3.0,75% projection,4.0,4.0,0.49,Med,,"2.6 exp opps (proj 2, recent 3) · WR4 · 6% of team targets · vs LAC (DvP 15, +1%) · Med confidence",0.443,6.0,5.0,5.4,0.474,12.6,3.7,0
00-0038728,Jared Wayne,WR,HOU,11056,26.0,3,,ACT,,2023,2.0,5.5,5.5,0.0,0.5549999999999999,4.15,-3.0,0.11,current,current season,3.5,2026.0,5.0,sleeper,2026-10-07T05:42:17Z,,,,,,,,1.19,0.84,9.36,0.05,2.09,1.67,1.26,1.19,,0.042,2.08,0.5,3.3,3.3,0.0,TEN,38.5,0,14.0,1.022,2.9,50% projection,5.0,5.0,0.13,Low,,"3.3 exp opps (proj 1, recent 6) · WR5 · 4% of team targets · vs TEN (DvP 14, +2%) · Low confidence",0.477,4.0,3.0,4.3,0.517,4.9,3.5,0
00-0034837,Calvin Ridley,WR,TEN,4981,31.8,8,,ACT,26.0,2018,3.0,1.6666666666666667,1.6666666666666667,0.0,0.47333333333333333,2.6,0.0,-0.075,current,current season,2.6,2026.0,5.0,sleeper,2026-10-07T05:42:17Z,,,,,0.01,0.02,0.0,1.64,0.96,13.0,0.06,2.6,2.12,1.64,1.65,0.0,0.056,2.62,0.4,1.7,1.7,0.0,HOU,38.5,1,1.0,1.12,2.9,40% projection,4.0,4.0,0.59,Med,,"1.7 exp opps (proj 2, recent 2) · WR4 · 6% of team targets · vs HOU (DvP 1, +12%) · Med confidence",0.893,7.0,7.0,5.4,0.71,9.8,4.3,0
00-0037801,KaVontae Turpin,WR,DAL,8917,30.2,7,,ACT,,2022,3.0,1.3333333333333333,0.6666666666666666,0.6666666666666666,0.11666666666666665,2.966666666666667,-0.5,0.005,current,current season,2.966666666666667,2026.0,5.0,sleeper,2026-10-07T05:42:17Z,,,,,0.6,3.26,0.03,1.04,0.64,9.85,0.07,2.5,2.18,1.86,1.6400000000000001,0.021,0.032,2.55,0.4,1.5,0.8,0.6,TB,47.5,1,28.0,0.918,2.6,40% projection,4.0,4.0,0.49,Med,,"1.5 exp opps (proj 2, recent 1) · WR4 · 3% of team targets · vs TB (DvP 28, -8%) · Med confidence",0.523,5.0,6.0,4.2,0.522,10.1,4.2,0
00-0036862,Ben Skowronek,WR,PIT,7757,29.3,5,,ACT,249.0,2021,3.0,1.3333333333333333,1.3333333333333333,0.0,0.16666666666666666,4.066666666666666,0.5,-0.05,current,current season,4.066666666666666,2026.0,5.0,sleeper,2026-10-07T05:42:17Z,,,,,,,,0.13,0.08,1.05,0.01,0.27,0.22,0.18,0.13,,0.004,0.25,0.4,0.9,0.9,0.0,IND,44.5,1,12.0,1.038,2.6,40% projection,5.0,5.0,0.06,Low,,"0.9 exp opps (proj 0, recent 1) · WR5 · 0% of team targets · vs IND (DvP 12, +4%) · Low confidence",0.247,1.333,0.0,,,4.3,0.0,0
00-0035208,Olamide Zaccheaus,WR,ATL,6271,29.2,7,,ACT,,2019,3.0,2.0,2.0,0.0,0.38000000000000006,1.3999999999999997,-1.0,-0.03,current,current season,1.3999999999999997,2026.0,5.0,sleeper,2026-10-07T05:42:17Z,,,,,0.23,1.01,0.01,2.05,1.16,14.28,0.08,3.23,2.65,2.07,2.28,0.007,0.074,3.23,0.4,2.1,2.0,0.1,BAL,43.5,1,7.0,1.075,2.3,40% projection,3.0,3.0,0.53,Med,,"2.1 exp opps (proj 2, recent 2) · WR3 · 7% of team targets · vs BAL (DvP 7, +7%) · Med confidence",0.823,6.333,13.0,5.2,0.626,9.5,4.0,0
00-0037231,Kevin Austin Jr.,WR,NO,8200,26.5,4,,ACT,,2022,1.0,1.0,1.0,0.0,0.07,1.7,0.0,0.0,current,current season,8.2,2026.0,5.0,sleeper,2026-10-07T05:42:17Z,,,,,,,,0.07,0.04,0.41,0.0,0.09,0.08,0.06,0.07,,0.002,0.08,0.75,0.3,0.3,0.0,MIN,42.5,1,19.0,0.985,2.1,75% projection,4.0,4.0,0.04,Low,,"0.3 exp opps (proj 0, recent 1) · WR4 · 0% of team targets · vs MIN (DvP 19, -2%) · Low confidence",0.88,5.667,3.0,5.7,0.88,11.4,5.0,0
00-0035021,Ashton Dulin,WR,IND,6427,29.4,7,,ACT,,2019,1.0,6.0,6.0,0.0,0.35,5.9,0.0,0.0,current,current season,1.9666666666666668,2026.0,5.0,sleeper,2026-10-07T05:42:17Z,,,,,0.08,0.5,0.0,1.46,0.74,10.43,0.07,2.25,1.88,1.5,1.54,0.003,0.056,2.25,0.75,2.7,2.6,0.1,PIT,44.5,0,22.0,0.962,2.1,75% projection,4.0,4.0,0.15,Low,,"2.7 exp opps (proj 2, recent 6) · WR4 · 6% of team targets · vs PIT (DvP 22, -4%) · Low confidence",0.357,3.0,1.0,5.0,0.71,5.9,0.1,0
00-0040782,Isaiah Bond,WR,CLE,12503,22.6,1,,ACT,,2025,2.0,1.0,1.0,0.0,0.09,1.6,-0.0,0.04,current,current season,1.9666666666666668,2026.0,5.0,sleeper,2026-10-07T05:42:17Z,,,,,0.18,0.85,0.0,1.39,0.81,11.81,0.07,2.51,2.11,1.7,1.5699999999999998,0.007,0.053,2.5,0.5,1.3,1.2,0.1,NYJ,39.5,0,23.0,0.955,2.1,50% projection,4.0,4.0,0.38,Low,,"1.3 exp opps (proj 2, recent 1) · WR4 · 5% of team targets · vs NYJ (DvP 23, -5%) · Low confidence",0.663,6.0,10.0,3.8,0.578,8.2,2.6,0
00-0041529,Kevin Coleman Jr.,WR,MIA,13338,23.1,0,,ACT,177.0,2026,2.0,4.0,4.0,0.0,0.565,1.3,-0.0,-0.11,current,current season,0.8666666666666667,2026.0,5.0,sleeper,2026-10-07T05:42:17Z,,,,,,,,2.55,1.03,15.09,0.09,3.07,2.55,2.04,2.55,,0.093,3.08,0.5,3.3,3.3,0.0,CIN,42.5,1,21.0,0.97,1.9,50% projection,4.0,4.0,0.38,Low,,"3.3 exp opps (proj 3, recent 4) · WR4 · 9% of team targets · vs CIN (DvP 21, -3%) · Low confidence",0.473,3.333,2.0,4.0,0.565,1.3,1.3,0
00-0031236,Brandin Cooks,WR,SF,2197,33.0,12,,ACT,20.0,2014,1.0,1.0,1.0,0.0,0.12,0.0,0.0,0.0,current,current season,5.366666666666667,2026.0,5.0,sleeper,2026-10-07T05:42:17Z,,,,,,,,0.64,0.3,4.79,0.02,0.91,0.76,0.61,0.64,,0.021,0.9,0.75,0.7,0.7,0.0,SEA,46.5,0,31.0,0.895,1.8,75% projection,3.0,3.0,0.38,Low,,"0.7 exp opps (proj 1, recent 1) · WR3 · 2% of team targets · vs SEA (DvP 31, -10%) · Low confidence",0.76,3.667,10.0,3.1,0.651,5.5,3.4,0
00-0039751,Jordan Whittington,WR,LA,11623,26.0,2,,ACT,213.0,2024,1.0,2.0,2.0,0.0,0.5,1.4,0.0,0.0,current,current season,1.0666666666666667,2026.0,5.0,sleeper,2026-10-07T05:42:17Z,,,,,0.06,0.31,0.0,1.03,0.66,7.48,0.05,1.75,1.42,1.08,1.09,0.002,0.031,1.74,0.75,1.3,1.3,0.0,BUF,54.5,1,3.0,1.105,1.7,75% projection,3.0,3.0,0.33,Low,,"1.3 exp opps (proj 1, recent 2) · WR3 · 3% of team targets · vs BUF (DvP 3, +10%) · Low confidence",0.707,3.667,11.0,2.5,0.579,5.3,1.8,0
00-0040172,Jordan Watkins,WR,SF,12634,24.6,1,,ACT,138.0,2025,1.0,2.0,2.0,0.0,0.28,8.0,0.0,0.0,current,current season,4.2,2026.0,5.0,sleeper,2026-10-07T05:42:17Z,,,,,,,,0.64,0.36,5.61,0.02,1.05,0.88,0.7,0.64,,0.021,1.04,0.75,1.0,1.0,0.0,SEA,46.5,0,31.0,0.895,1.6,75% projection,5.0,5.0,0.19,Low,,"1.0 exp opps (proj 1, recent 2) · WR5 · 2% of team targets · vs SEA (DvP 31, -10%) · Low confidence",0.173,1.667,0.0,,,7.0,2.9,0
00-0034272,Marquez Valdes-Scantling,WR,LAC,5086,32.0,8,,ACT,174.0,2018,2.0,1.0,1.0,0.0,0.205,0.0,-0.0,0.33,current,current season,2.8000000000000003,2026.0,5.0,sleeper,2026-10-07T05:42:17Z,,,,,,,,0.6,0.25,3.3,0.02,0.69,0.57,0.44,0.6,,0.021,0.7,0.5,0.8,0.8,0.0,DEN,42.5,1,25.0,0.94,1.6,50% projection,5.0,5.0,0.36,Low,,"0.8 exp opps (proj 1, recent 1) · WR5 · 2% of team targets · vs DEN (DvP 25, -6%) · Low confidence",0.693,6.333,6.0,4.3,0.623,8.4,1.9,0
00-0040277,Jahdae Walker,WR,CHI,13079,24.3,1,,ACT,,2025,0.0,1.6666666666666667,1.6666666666666667,0.0,0.22166666666666668,4.45,0.857143,0.107143,prior,prior season only,7.8999999999999995,2026.0,5.0,sleeper,2026-10-07T05:42:17Z,,,,,,,,0.75,0.48,5.58,0.07,1.49,1.25,1.01,0.75,,0.027,1.46,1.0,0.8,0.8,0.0,GB,45.5,0,17.0,1.0,1.5,projection only,5.0,5.0,0.27,Low,,"0.8 exp opps (proj 1, recent 2) · WR5 · 3% of team targets · vs GB (DvP 17, +0%) · Low confidence",0.477,3.333,2.0,2.5,0.535,10.7,5.0,0
00-0036849,Tutu Atwell,WR,LA,7562,27.0,5,,ACT,57.0,2021,2.0,1.5,1.5,0.0,0.20500000000000002,2.35,-1.0,0.05,current,current season,2.533333333333333,2026.0,5.0,sleeper,2026-10-07T05:42:17Z,,,,,0.01,0.02,0.0,0.07,0.03,0.51,0.0,0.1,0.09,0.07,0.08,0.0,0.002,0.08,0.5,0.8,0.8,0.0,BUF,54.5,1,3.0,1.105,1.4,50% projection,5.0,5.0,0.03,Low,,"0.8 exp opps (proj 0, recent 2) · WR5 · 0% of team targets · vs BUF (DvP 3, +10%) · Low confidence",0.44,2.667,3.0,2.0,0.503,9.9,1.9,0
00-0037666,Jalen Tolbert,WR,MIA,8117,27.6,4,,ACT,88.0,2022,1.0,1.0,1.0,0.0,0.15,0.0,0.0,0.0,current,current season,2.3666666666666667,2026.0,5.0,sleeper,2026-10-07T05:42:17Z,,,,,,,,0.57,0.33,4.16,0.02,0.86,0.69,0.53,0.57,,0.021,0.87,0.75,0.7,0.7,0.0,CIN,42.5,1,21.0,0.97,1.2,75% projection,5.0,5.0,0.34,Low,,"0.7 exp opps (proj 1, recent 1) · WR5 · 2% of team targets · vs CIN (DvP 21, -3%) · Low confidence",0.83,5.333,8.0,3.8,0.696,9.6,1.8,0
00-0040705,Chimere Dike,WR,TEN,12540,24.8,1,,ACT,103.0,2025,3.0,0.6666666666666666,0.6666666666666666,0.0,0.08666666666666667,1.2666666666666666,0.5,0.04,current,current season,0.6,2026.0,5.0,sleeper,2026-10-07T05:42:17Z,,,,,0.22,0.53,0.01,1.09,0.77,7.65,0.04,1.87,1.49,1.1,1.31,0.009,0.037,1.89,0.4,0.9,0.8,0.1,HOU,38.5,1,1.0,1.12,1.2,40% projection,5.0,5.0,0.31,Low,,"0.9 exp opps (proj 1, recent 1) · WR5 · 4% of team targets · vs HOU (DvP 1, +12%) · Low confidence",0.777,6.667,15.0,5.3,0.642,15.4,3.4,0
00-0039365,Jacob Cowing,WR,SF,11616,25.7,2,,ACT,135.0,2024,3.0,1.3333333333333333,1.0,0.3333333333333333,0.36333333333333334,0.06666666666666667,1.0,-0.07,current,current season,0.06666666666666667,2026.0,5.0,sleeper,2026-10-07T05:42:17Z,,,,,,,,1.99,1.19,14.21,0.08,3.08,2.48,1.89,1.99,,0.067,3.09,0.4,1.6,1.4,0.2,SEA,46.5,0,31.0,0.895,1.1,40% projection,4.0,4.0,0.4,Med,,"1.6 exp opps (proj 2, recent 1) · WR4 · 7% of team targets · vs SEA (DvP 31, -10%) · Med confidence",0.363,1.333,1.0,0.0,0.46,0.1,0.0,0
00-0032385,Sterling Shepard,WR,NYJ,3200,33.7,10,,DEV,40.0,2016,2.0,1.0,1.0,0.0,0.49,1.65,-0.0,0.08,current,current season,1.5999999999999999,2026.0,5.0,sleeper,2026-10-07T05:42:17Z,,,,,,,,,,,,,,,0.0,,,0.0,0.5,0.5,0.5,0.0,CLE,39.5,1,8.0,1.068,0.9,50% projection,,,0.0,Low,,"0.5 exp opps (proj 0, recent 1) · vs CLE (DvP 8, +7%) · Low confidence",0.667,5.333,14.0,4.1,0.573,11.2,6.1,0
00-0037093,Dareke Young,WR,LV,8527,27.3,4,,ACT,233.0,2022,3.0,1.0,1.0,0.0,0.16666666666666666,1.8666666666666665,0.5,-0.025,current,current season,1.2,2026.0,5.0,sleeper,2026-10-07T05:42:17Z,,,,,,,,0.3,0.18,2.26,0.01,0.48,0.39,0.3,0.3,,0.009,0.47,0.4,0.7,0.7,0.0,NE,45.5,0,13.0,1.03,0.9,40% projection,4.0,4.0,0.18,Low,,"0.7 exp opps (proj 0, recent 1) · WR4 · 1% of team targets · vs NE (DvP 13, +3%) · Low confidence",0.17,1.0,0.0,,,3.6,0.0,0
00-0040154,Tai Felton,WR,MIN,12496,23.6,1,,ACT,102.0,2025,2.0,1.5,1.5,0.0,0.565,1.2,-1.0,0.05,current,current season,0.7999999999999999,2026.0,5.0,sleeper,2026-10-07T05:42:17Z,,,,,0.05,0.19,0.0,0.57,0.39,3.54,0.03,0.97,0.77,0.58,0.62,0.002,0.021,0.94,0.5,1.1,1.0,0.0,NO,42.5,0,20.0,0.978,0.9,50% projection,4.0,4.0,0.25,Low,,"1.1 exp opps (proj 1, recent 2) · WR4 · 2% of team targets · vs NO (DvP 20, -2%) · Low confidence",0.42,1.0,2.0,1.5,0.565,2.0,0.0,0
00-0040948,J. Michael Sturdivant,WR,GB,13770,24.1,0,,ACT,,2026,3.0,1.3333333333333333,1.3333333333333333,0.0,0.16666666666666666,1.7333333333333334,0.5,-0.06,current,current season,1.7333333333333334,2026.0,5.0,sleeper,2026-10-07T05:42:17Z,,,,,,,,,,,,,,,0.0,,,0.0,0.4,0.8,0.8,0.0,CHI,45.5,1,29.0,0.91,0.9,40% projection,5.0,5.0,0.0,Low,,"0.8 exp opps (proj 0, recent 1) · WR5 · vs CHI (DvP 29, -9%) · Low confidence",0.167,1.333,0.0,,,4.2,0.0,0
00-0036463,Chris Blair,WR,ATL,7521,29.0,6,,ACT,,2021,3.0,1.0,1.0,0.0,0.30666666666666664,1.2,-1.5,-0.12,current,current season,1.2,2026.0,5.0,sleeper,2026-10-07T05:42:17Z,,,,,,,,,,,,,,,0.0,,,0.0,0.4,0.6,0.6,0.0,BAL,43.5,1,7.0,1.075,0.8,40% projection,5.0,5.0,0.0,Low,,"0.6 exp opps (proj 0, recent 1) · WR5 · vs BAL (DvP 7, +7%) · Low confidence",0.307,1.0,1.0,3.0,0.49,1.8,0.0,0
00-0041132,Deion Burks,WR,IND,13333,23.7,0,,ACT,254.0,2026,2.0,2.0,1.0,1.0,0.14,1.5,-0.0,0.18,current,current season,1.5,2026.0,5.0,sleeper,2026-10-07T05:42:17Z,,,,,,,,0.12,0.07,0.83,0.01,0.19,0.15,0.11,0.12,,0.005,0.21,0.5,1.1,0.6,0.5,PIT,44.5,0,22.0,0.962,0.8,50% projection,5.0,5.0,0.04,Low,,"1.1 exp opps (proj 0, recent 2) · WR5 · 0% of team targets · vs PIT (DvP 22, -4%) · Low confidence",0.14,2.0,0.0,,,1.6,1.5,0
00-0040075,LaJohntay Wester,WR,BAL,12699,24.5,1,,ACT,203.0,2025,3.0,0.6666666666666666,0.6666666666666666,0.0,0.24333333333333332,0.7999999999999999,-1.0,-0.25,current,current season,0.7999999999999999,2026.0,5.0,sleeper,2026-10-07T05:42:17Z,,,,,0.05,0.22,0.0,0.11,0.07,0.91,0.0,0.21,0.18,0.15,0.16,0.002,0.004,0.18,0.4,0.5,0.4,0.0,ATL,43.5,0,5.0,1.09,0.6,40% projection,5.0,5.0,0.3,Low,,"0.5 exp opps (proj 0, recent 1) · WR5 · 0% of team targets · vs ATL (DvP 5, +9%) · Low confidence",0.333,1.333,1.0,2.0,0.53,0.7,0.0,0
00-0040506,Myles Price,WR,MIN,13075,24.8,1,,ACT,,2025,3.0,1.3333333333333333,1.0,0.3333333333333333,0.2333333333333333,2.9333333333333336,1.0,-0.185,current,current season,0.9333333333333332,2026.0,5.0,sleeper,2026-10-07T05:42:17Z,,,,,,,,0.06,0.04,0.38,0.0,0.1,0.08,0.06,0.06,,0.002,0.08,0.4,0.8,0.6,0.2,NO,42.5,0,20.0,0.978,0.6,40% projection,5.0,5.0,0.03,Low,,"0.8 exp opps (proj 0, recent 1) · WR5 · 0% of team targets · vs NO (DvP 20, -2%) · Low confidence",0.233,1.333,1.0,1.0,0.5,0.0,0.0,0
00-0039589,Kameron Johnson,WR,TB,11994,24.6,2,,ACT,,2024,3.0,0.6666666666666666,0.6666666666666666,0.0,0.03,0.43333333333333335,1.0,0.04,current,current season,0.43333333333333335,2026.0,5.0,sleeper,2026-10-07T05:42:17Z,,,,,0.05,0.28,0.0,0.27,0.16,1.98,0.02,0.5,0.42,0.34,0.32,0.002,0.01,0.51,0.4,0.5,0.5,0.0,DAL,47.5,0,11.0,1.045,0.5,40% projection,5.0,5.0,0.39,Low,,"0.5 exp opps (proj 0, recent 1) · WR5 · 1% of team targets · vs DAL (DvP 11, +4%) · Low confidence",0.273,2.0,1.0,4.0,0.49,1.1,0.0,0
00-0035406,Lil'Jordan Humphrey,WR,DEN,5938,28.5,7,,DEV,,2019,1.0,1.0,1.0,0.0,0.05,0.0,0.0,0.0,current,current season,2.066666666666667,2026.0,5.0,sleeper,2026-10-07T05:42:17Z,,,,,,,,,,,,,,,0.0,,,0.0,0.75,0.2,0.2,0.0,LAC,42.5,0,15.0,1.015,0.5,75% projection,,,0.0,Low,,"0.2 exp opps (proj 0, recent 1) · vs LAC (DvP 15, +1%) · Low confidence",0.643,3.667,4.0,4.8,0.753,10.6,3.1,0
00-0039062,Jonathan Mingo,WR,DAL,10225,25.5,3,,ACT,39.0,2023,1.0,2.0,2.0,0.0,0.18,0.0,0.0,0.0,current,current season,0.6666666666666666,2026.0,5.0,sleeper,2026-10-07T05:42:17Z,,,,,,,,0.24,0.1,1.56,0.01,0.32,0.27,0.22,0.24,,0.007,0.32,0.75,0.7,0.7,0.0,TB,47.5,1,28.0,0.918,0.4,75% projection,5.0,5.0,0.07,Low,,"0.7 exp opps (proj 0, recent 2) · WR5 · 1% of team targets · vs TB (DvP 28, -8%) · Low confidence",0.297,1.333,1.0,1.0,0.44,2.6,0.0,0
00-0036980,Elijah Moore,WR,PHI,7596,26.5,5,,ACT,34.0,2021,0.0,2.5555555555555554,1.8888888888888888,0.6666666666666666,0.31444444444444447,3.1777777777777776,0.016667,0.02,prior,prior season only,2.433333333333333,2026.0,5.0,sleeper,2026-10-07T05:42:17Z,,,,,0.07,0.23,0.0,0.17,0.1,1.06,0.01,0.28,0.23,0.18,0.24000000000000002,0.003,0.007,0.29,1.0,0.2,0.2,0.1,JAX,42.5,0,9.0,1.06,0.3,projection only,6.0,6.0,0.06,Low,,"0.2 exp opps (proj 0, recent 3) · WR6 · 1% of team targets · vs JAX (DvP 9, +6%) · Low confidence",0.363,3.0,3.0,3.3,0.423,7.0,2.4,0
00-0040894,Malik Benson,WR,LV,13329,24.0,0,,ACT,195.0,2026,3.0,0.6666666666666666,0.6666666666666666,0.0,0.09000000000000001,0.0,-0.5,-0.025,current,current season,0.0,2026.0,5.0,sleeper,2026-10-07T05:42:17Z,,,,,,,,0.65,0.36,3.38,0.02,0.85,0.67,0.49,0.65,,0.02,0.82,0.4,0.7,0.7,0.0,NE,45.5,0,13.0,1.03,0.3,40% projection,5.0,5.0,0.59,Med,,"0.7 exp opps (proj 1, recent 1) · WR5 · 2% of team targets · vs NE (DvP 13, +3%) · Med confidence",0.097,1.667,0.0,,,0.6,0.0,0
00-0037091,Bo Melton,WR,GB,8204,27.4,4,,ACT,229.0,2022,3.0,1.0,1.0,0.0,0.21666666666666667,0.0,0.0,0.015,current,current season,0.0,2026.0,5.0,sleeper,2026-10-07T05:42:17Z,,,,,0.18,1.04,0.01,0.23,0.09,1.65,0.01,0.44,0.4,0.35,0.41000000000000003,0.007,0.007,0.48,0.4,0.8,0.7,0.1,CHI,45.5,1,29.0,0.91,0.2,40% projection,4.0,4.0,0.25,Low,,"0.8 exp opps (proj 0, recent 1) · WR4 · 1% of team targets · vs CHI (DvP 29, -9%) · Low confidence",0.217,3.0,0.0,,,4.6,0.0,0
00-0037524,Tay Martin,WR,DET,8250,28.8,4,,ACT,,2022,2.0,0.0,0.0,0.0,0.0,0.0,0.0,0.0,current,current season,0.0,2026.0,5.0,sleeper,2026-10-07T05:42:17Z,,,,,,,,0.17,0.11,1.49,0.01,0.33,0.27,0.22,0.17,,0.005,0.32,0.5,0.1,0.1,0.0,ARI,54.5,0,6.0,1.082,0.2,50% projection,5.0,5.0,0.5,Med,,"0.1 exp opps (proj 0, recent 0) · WR5 · 0% of team targets · vs ARI (DvP 6, +8%) · Med confidence",0.133,0.667,0.0,,,2.2,0.0,0
00-0038640,Jalen Brooks,WR,ARI,11034,26.4,3,,ACT,244.0,2023,3.0,0.3333333333333333,0.3333333333333333,0.0,0.04666666666666667,0.0,0.0,0.005,current,current season,0.0,2026.0,5.0,sleeper,2026-10-07T05:42:17Z,,,,,,,,0.25,0.14,1.63,0.01,0.37,0.3,0.23,0.25,,0.008,0.36,0.4,0.3,0.3,0.0,DET,54.5,1,2.0,1.112,0.2,40% projection,4.0,4.0,0.55,Med,,"0.3 exp opps (proj 0, recent 0) · WR4 · 1% of team targets · vs DET (DvP 2, +11%) · Med confidence",0.393,2.0,2.0,3.0,0.555,2.2,0.0,0
00-0038576,Charlie Jones,WR,NYG,10228,27.9,3,,ACT,131.0,2023,1.0,0.0,0.0,0.0,0.01,0.0,0.0,0.0,current,current season,0.0,2026.0,5.0,sleeper,2026-10-07T05:42:17Z,,,,,0.06,0.31,0.0,0.12,0.07,0.89,0.01,0.25,0.21,0.18,0.18,0.002,0.004,0.25,0.75,0.1,0.1,0.0,WAS,43.5,0,4.0,1.098,0.2,75% projection,5.0,5.0,0.49,Med,,"0.1 exp opps (proj 0, recent 0) · WR5 · 0% of team targets · vs WAS (DvP 4, +10%) · Med confidence",0.08,0.333,0.0,,,0.0,0.0,0
00-0035500,Greg Dortch,WR,BUF,5970,28.4,7,,ACT,,2019,3.0,0.0,0.0,0.0,0.05333333333333334,0.0,0.0,-0.01,current,current season,0.0,2026.0,5.0,sleeper,2026-10-07T05:42:17Z,,,,,0.11,0.54,0.0,0.32,0.22,2.32,0.02,0.65,0.54,0.43,0.43,0.004,0.01,0.63,0.4,0.2,0.1,0.0,LA,54.5,0,18.0,0.992,0.2,40% projection,5.0,5.0,0.34,Low,,"0.2 exp opps (proj 0, recent 0) · WR5 · 1% of team targets · vs LA (DvP 18, -1%) · Low confidence",0.56,6.333,4.0,6.5,0.592,13.4,2.6,0
00-0041099,Barion Brown,WR,NO,13533,22.8,0,,ACT,190.0,2026,2.0,0.5,0.0,0.5,0.035,-0.25,1.0,0.01,current,current season,-0.06666666666666667,2026.0,5.0,sleeper,2026-10-07T05:42:17Z,,,,,,,,0.33,0.2,2.18,0.01,0.49,0.39,0.29,0.33,,0.01,0.48,0.5,0.4,0.2,0.2,MIN,42.5,1,19.0,0.985,0.2,50% projection,5.0,5.0,0.5,Med,,"0.4 exp opps (proj 0, recent 0) · WR5 · 1% of team targets · vs MIN (DvP 19, -2%) · Med confidence",0.05,0.667,0.0,,,0.2,0.0,0
00-0041267,Malik McClain,WR,NYJ,13825,24.0,0,,ACT,,2026,1.0,0.0,0.0,0.0,,0.0,0.0,0.0,current,current season,0.0,2026.0,5.0,sleeper,2026-10-07T05:42:17Z,,,,,,,,0.11,0.07,0.84,0.01,0.2,0.16,0.13,0.11,,0.004,0.21,0.75,0.1,0.1,0.0,CLE,39.5,1,8.0,1.068,0.2,75% projection,4.0,4.0,0.53,Med,,"0.1 exp opps (proj 0, recent 0) · WR4 · 0% of team targets · vs CLE (DvP 8, +7%) · Med confidence",,0.0,0.0,,,0.0,0.0,0
00-0039816,Anthony Gould,WR,IND,11762,25.5,2,,ACT,142.0,2024,3.0,0.0,0.0,0.0,0.0,0.0,0.0,0.0,current,current season,0.0,2026.0,5.0,sleeper,2026-10-07T05:42:17Z,,,,,,,,0.12,0.09,0.88,0.01,0.21,0.16,0.12,0.12,,0.005,0.24,0.4,0.0,0.0,0.0,PIT,44.5,0,22.0,0.962,0.1,40% projection,7.0,7.0,0.53,Med,,"0.0 exp opps (proj 0, recent 0) · WR7 · 0% of team targets · vs PIT (DvP 22, -4%) · Med confidence",0.263,0.333,1.0,1.0,0.65,0.9,0.0,0
00-0036331,Devin Duvernay,WR,ARI,6847,29.1,6,,ACT,92.0,2020,3.0,0.0,0.0,0.0,0.0,0.0,0.0,0.0,current,current season,0.0,2026.0,5.0,sleeper,2026-10-07T05:42:17Z,,,,,0.04,0.2,0.0,0.12,0.08,0.73,0.01,0.22,0.17,0.13,0.16,0.002,0.004,0.23,0.4,0.1,0.0,0.0,DET,54.5,1,2.0,1.112,0.1,40% projection,6.0,6.0,0.5,Med,,"0.1 exp opps (proj 0, recent 0) · WR6 · 0% of team targets · vs DET (DvP 2, +11%) · Med confidence",0.137,1.0,0.0,,,0.0,0.0,0
00-0038647,Ronnie Bell,WR,LV,10221,26.7,3,,DEV,253.0,2023,0.0,2.0,2.0,0.0,0.28500000000000003,5.15,4.0,0.49,prior,prior season only,5.15,2026.0,5.0,sleeper,2026-10-07T05:42:17Z,,,,,,,,,,,,,,,0.0,,,0.0,1.0,0.0,0.0,0.0,NE,45.5,0,13.0,1.03,0.0,projection only,,,0.0,Low,,"0.0 exp opps (proj 0, recent 2) · vs NE (DvP 13, +3%) · Low confidence",0.285,2.0,1.0,4.0,0.53,9.3,5.2,0
00-0041542,Malick Meiga,WR,SEA,14058,25.5,0,,DEV,,2026,,,,,,,,,,,,2026.0,5.0,sleeper,2026-10-07T05:42:17Z,,,,,,,,,,,,,,,0.0,,,0.0,1.0,0.0,0.0,0.0,SF,46.5,1,26.0,0.932,0.0,projection only,,,0.36,Low,,"0.0 exp opps (proj 0) · vs SF (DvP 26, -7%) · Low confidence",,,,,,,,0
00-0041467,Lewis Bond,WR,HOU,13541,23.4,0,,DEV,204.0,2026,1.0,1.0,1.0,0.0,0.17,0.0,0.0,0.0,current,current season,0.0,2026.0,5.0,sleeper,2026-10-07T05:42:17Z,,,,,,,,,,,,,,,0.0,,,0.0,0.75,0.2,0.2,0.0,TEN,38.5,0,14.0,1.022,0.0,75% projection,,,0.0,Low,,"0.2 exp opps (proj 0, recent 1) · vs TEN (DvP 14, +2%) · Low confidence",0.17,1.0,0.0,,,0.0,0.0,0
00-0032208,Phillip Dorsett,WR,LV,2334,33.8,11,,DEV,29.0,2015,,,,,,,,,,,,2026.0,5.0,sleeper,2026-10-07T05:42:17Z,,,,,,,,,,,,,,,0.0,,,0.0,1.0,0.0,0.0,0.0,NE,45.5,0,13.0,1.03,0.0,projection only,,,0.36,Low,,"0.0 exp opps (proj 0) · vs NE (DvP 13, +3%) · Low confidence",,,,,,,,0
00-0037132,Britain Covey,WR,PHI,8414,29.6,4,,ACT,,2022,3.0,0.0,0.0,0.0,0.0,0.0,0.0,0.0,current,current season,0.0,2026.0,5.0,sleeper,2026-10-07T05:42:17Z,,,,,,,,0.08,0.05,0.55,0.0,0.13,0.1,0.07,0.08,,0.003,0.11,0.4,0.0,0.0,0.0,JAX,42.5,0,9.0,1.06,0.0,40% projection,7.0,7.0,0.55,Med,,"0.0 exp opps (proj 0, recent 0) · WR7 · 0% of team targets · vs JAX (DvP 9, +6%) · Med confidence",0.187,1.333,1.0,4.0,0.55,0.4,0.0,0
00-0037380,Kaden Davis,WR,CHI,8755,28.0,4,,DEV,,2022,0.0,0.0,0.0,0.0,0.0,0.0,0.0,0.0,prior,prior season only,0.0,2026.0,5.0,sleeper,2026-10-07T05:42:17Z,,,,,,,,,,,,,,,0.0,,,0.0,1.0,0.0,0.0,0.0,GB,45.5,0,17.0,1.0,0.0,projection only,,,0.6,Med,,"0.0 exp opps (proj 0, recent 0) · vs GB (DvP 17, +0%) · Med confidence",0.065,0.0,0.0,,,0.0,0.0,0
00-0037382,Brandon Johnson,WR,PIT,8756,28.2,4,,DEV,,2022,,,,,,,,,,,,2026.0,5.0,sleeper,2026-10-07T05:42:17Z,,,,,,,,,,,,,,,0.0,,,0.0,1.0,0.0,0.0,0.0,IND,44.5,1,12.0,1.038,0.0,projection only,,,0.36,Low,,"0.0 exp opps (proj 0) · vs IND (DvP 12, +4%) · Low confidence",,,,,,,,0
00-0037487,Deven Thompkins,WR,LV,8253,26.8,4,,DEV,,2022,0.0,0.5714285714285714,0.42857142857142855,0.14285714285714285,0.047142857142857146,0.8857142857142856,-0.25,-0.002857,prior,prior season only,0.0,2026.0,5.0,sleeper,2026-10-07T05:42:17Z,,,,,,,,,,,,,,,0.0,,,0.0,1.0,0.0,0.0,0.0,NE,45.5,0,13.0,1.03,0.0,projection only,,,0.26,Low,,"0.0 exp opps (proj 0, recent 1) · vs NE (DvP 13, +3%) · Low confidence",0.073,1.333,0.0,,,2.8,0.0,0
00-0036959,Michael Bandy,WR,DEN,8076,28.8,5,,DEV,,2021,0.0,1.0,1.0,0.0,0.0625,3.75,0.4,0.001,prior,prior season only,4.133333333333334,2026.0,5.0,sleeper,2026-10-07T05:42:17Z,,,,,,,,,,,,,,,0.0,,,0.0,1.0,0.0,0.0,0.0,LAC,42.5,0,15.0,1.015,0.0,projection only,,,0.0,Low,,"0.0 exp opps (proj 0, recent 1) · vs LAC (DvP 15, +1%) · Low confidence",0.05,1.0,0.0,,,7.3,2.0,0
00-0036775,Brandon Smith,WR,PIT,7865,27.8,5,,DEV,,2021,,,,,,,,,,,,2026.0,5.0,sleeper,2026-10-07T05:42:17Z,,,,,,,,,,,,,,,0.0,,,0.0,1.0,0.0,0.0,0.0,IND,44.5,1,12.0,1.038,0.0,projection only,,,0.36,Low,,"0.0 exp opps (proj 0) · vs IND (DvP 12, +4%) · Low confidence",,,,,,,,0
00-0036841,Austin Trammell,WR,JAX,7746,28.3,5,,DEV,,2021,0.0,1.6666666666666667,1.6666666666666667,0.0,0.22666666666666668,1.2666666666666666,-0.057143,0.001714,prior,prior season only,0.0,2026.0,5.0,sleeper,2026-10-07T05:42:17Z,,,,,,,,,,,,,,,0.0,,,0.0,1.0,0.0,0.0,0.0,PHI,42.5,1,10.0,1.052,0.0,projection only,,,0.0,Low,,"0.0 exp opps (proj 0, recent 2) · vs PHI (DvP 10, +5%) · Low confidence",0.283,2.0,1.0,4.0,0.54,3.8,0.0,0
00-0038496,Xavier Gipson,WR,PHI,11306,25.6,3,,DEV,,2023,0.0,0.3333333333333333,0.3333333333333333,0.0,0.025000000000000005,0.43333333333333335,0.114286,0.005429,prior,prior season only,-0.2333333333333333,2026.0,5.0,sleeper,2026-10-07T05:42:17Z,,,,,,,,,,,,,,,0.0,,,0.0,1.0,0.0,0.0,0.0,JAX,42.5,0,9.0,1.06,0.0,projection only,,,0.4,Med,,"0.0 exp opps (proj 0, recent 0) · vs JAX (DvP 9, +6%) · Med confidence",0.033,0.333,0.0,,,0.7,0.0,0
00-0038181,Lucky Jackson,WR,DET,11520,29.2,6,,DEV,,2023,,,,,,,,,,,,2026.0,5.0,sleeper,2026-10-07T05:42:17Z,,,,,,,,,,,,,,,0.0,,,0.0,1.0,0.0,0.0,0.0,ARI,54.5,0,6.0,1.082,0.0,projection only,,,0.36,Low,,"0.0 exp opps (proj 0) · vs ARI (DvP 6, +8%) · Low confidence",,,,,,,,0
00-0038573,Derius Davis,WR,LAC,10234,26.1,3,,ACT,125.0,2023,3.0,0.6666666666666666,0.6666666666666666,0.0,0.056666666666666664,0.5333333333333333,0.0,-0.04,current,current season,-0.13333333333333333,2026.0,5.0,sleeper,2026-10-07T05:42:17Z,,,,,0.14,0.68,0.0,0.09,0.05,0.5,0.0,0.22,0.19,0.17,0.23,0.005,0.003,0.17,0.4,0.5,0.4,0.1,DEN,42.5,1,25.0,0.94,-0.0,40% projection,6.0,6.0,0.34,Low,,"0.5 exp opps (proj 0, recent 1) · WR6 · 0% of team targets · vs DEN (DvP 25, -6%) · Low confidence",0.32,1.0,1.0,1.0,0.66,0.9,0.0,0
00-0038979,Cedric Tillman,WR,NO,10444,26.5,3,,DEV,74.0,2023,0.0,3.25,3.25,0.0,0.66,5.0,-0.486014,-0.017063,prior,prior season only,3.4333333333333336,2026.0,5.0,sleeper,2026-10-07T05:42:17Z,,,,,,,,,,,,,,,0.0,,,0.0,1.0,0.0,0.0,0.0,MIN,42.5,1,19.0,0.985,0.0,projection only,,,0.0,Low,,"0.0 exp opps (proj 0, recent 3) · vs MIN (DvP 19, -2%) · Low confidence",0.857,6.0,11.0,3.4,0.7,10.0,3.3,0
00-0038938,Jalin Hyatt,WR,NYG,9497,25.0,3,,DEV,73.0,2023,0.0,2.3333333333333335,2.3333333333333335,0.0,0.3133333333333333,1.4166666666666667,-0.4,-0.051429,prior,prior season only,1.2666666666666666,2026.0,5.0,sleeper,2026-10-07T05:42:17Z,,,,,,,,,,,,,,,0.0,,,0.0,1.0,0.0,0.0,0.0,WAS,43.5,0,4.0,1.098,0.0,projection only,,,0.0,Low,,"0.0 exp opps (proj 0, recent 2) · vs WAS (DvP 4, +10%) · Low confidence",0.403,3.0,3.0,4.0,0.5,4.2,0.0,0
00-0038941,Tyler Scott,WR,LV,9490,25.0,3,,DEV,133.0,2023,,,,,,,,,,,,2026.0,5.0,sleeper,2026-10-07T05:42:17Z,,,,,,,,,,,,,,,0.0,,,0.0,1.0,0.0,0.0,0.0,NE,45.5,0,13.0,1.03,0.0,projection only,,,0.36,Low,,"0.0 exp opps (proj 0) · vs NE (DvP 13, +3%) · Low confidence",,,,,,,,0
00-0038953,Dylan Drummond,WR,ATL,11474,26.7,3,,DEV,,2023,0.0,1.8333333333333333,1.8333333333333333,0.0,0.28833333333333333,1.8666666666666665,-0.828571,-0.047714,prior,prior season only,0.0,2026.0,5.0,sleeper,2026-10-07T05:42:17Z,,,,,,,,,,,,,,,0.0,,,0.0,1.0,0.0,0.0,0.0,BAL,43.5,1,7.0,1.075,0.0,projection only,,,0.0,Low,,"0.0 exp opps (proj 0, recent 2) · vs BAL (DvP 7, +7%) · Low confidence",0.433,3.667,1.0,5.0,0.61,4.9,0.7,0
00-0038740,Jalen Cropper,WR,NO,11506,25.4,3,,DEV,,2023,1.0,0.0,0.0,0.0,0.0,0.0,0.0,0.0,current,current season,0.0,2026.0,5.0,sleeper,2026-10-07T05:42:17Z,,,,,,,,,,,,,,,0.0,,,0.0,0.75,0.0,0.0,0.0,MIN,42.5,1,19.0,0.985,0.0,75% projection,,,0.6,Med,,"0.0 exp opps (proj 0, recent 0) · vs MIN (DvP 19, -2%) · Med confidence",0.04,0.0,0.0,,,0.0,0.0,0
00-0039052,Trey Palmer,WR,NO,9492,25.5,3,,DEV,191.0,2023,,,,,,,,,,,,2026.0,5.0,sleeper,2026-10-07T05:42:17Z,,,,,,,,,,,,,,,0.0,,,0.0,1.0,0.0,0.0,0.0,MIN,42.5,1,19.0,0.985,0.0,projection only,,,0.36,Low,,"0.0 exp opps (proj 0) · vs MIN (DvP 19, -2%) · Low confidence",,,,,,,,0
00-0036646,Simi Fehoko,WR,ARI,7812,28.9,5,,ACT,179.0,2021,2.0,0.0,0.0,0.0,0.0,0.0,0.0,0.0,current,current season,0.0,2026.0,5.0,sleeper,2026-10-07T05:42:17Z,,,,,,,,,,,,,,,0.0,,,0.0,0.5,0.0,0.0,0.0,DET,54.5,1,2.0,1.112,0.0,50% projection,5.0,5.0,0.6,Med,,"0.0 exp opps (proj 0, recent 0) · WR5 · vs DET (DvP 2, +11%) · Med confidence",0.13,0.0,0.0,,,0.0,0.0,0
00-0036497,Tim Jones,WR,JAX,8013,28.4,5,,DEV,,2021,0.0,0.5,0.5,0.0,0.135,1.25,-1.0,-0.11,prior,prior season only,1.25,2026.0,5.0,sleeper,2026-10-07T05:42:17Z,,,,,,,,,,,,,,,0.0,,,0.0,1.0,0.0,0.0,0.0,PHI,42.5,1,10.0,1.052,0.0,projection only,,,0.3,Low,,"0.0 exp opps (proj 0, recent 0) · vs PHI (DvP 10, +5%) · Low confidence",0.135,0.5,0.0,,,2.2,1.2,0
00-0036427,Tyler Johnson,WR,NYJ,6960,28.1,6,,DEV,161.0,2020,0.0,2.0,2.0,0.0,0.4811111111111111,4.188888888888889,-0.066667,-0.0575,prior,prior season only,1.0,2026.0,5.0,sleeper,2026-10-07T05:42:17Z,,,,,,,,,,,,,,,0.0,,,0.0,1.0,0.0,0.0,0.0,CLE,39.5,1,8.0,1.068,0.0,projection only,,,0.0,Low,,"0.0 exp opps (proj 0, recent 2) · vs CLE (DvP 8, +7%) · Low confidence",0.727,3.0,5.0,2.4,0.718,10.3,1.7,0
00-0036345,K.J. Osborn,WR,TEN,7066,29.3,6,,DEV,176.0,2020,,,,,,,,,,,,2026.0,5.0,sleeper,2026-10-07T05:42:17Z,,,,,,,,,,,,,,,0.0,,,0.0,1.0,0.0,0.0,0.0,HOU,38.5,1,1.0,1.12,0.0,projection only,,,0.36,Low,,"0.0 exp opps (proj 0) · vs HOU (DvP 1, +12%) · Low confidence",,,,,,,,0
00-0036387,Jalen Reagor,WR,MIA,6798,27.8,6,,DEV,21.0,2020,,,,,,,,,,,,2026.0,5.0,sleeper,2026-10-07T05:42:17Z,,,,,,,,,,,,,,,0.0,,,0.0,1.0,0.0,0.0,0.0,CIN,42.5,1,21.0,0.97,0.0,projection only,,,0.36,Low,,"0.0 exp opps (proj 0) · vs CIN (DvP 21, -3%) · Low confidence",,,,,,,,0
00-0036415,Van Jefferson,WR,WAS,6853,30.2,6,,DEV,57.0,2020,0.0,3.7142857142857144,3.7142857142857144,0.0,0.6478571428571429,5.0,0.061538,0.013341,prior,prior season only,5.766666666666667,2026.0,5.0,sleeper,2026-10-07T05:42:17Z,,,,,,,,,,,,,,,0.0,,,0.0,1.0,0.0,0.0,0.0,NYG,43.5,1,16.0,1.008,0.0,projection only,,,0.0,Low,,"0.0 exp opps (proj 0, recent 4) · vs NYG (DvP 16, +1%) · Low confidence",0.887,6.333,10.0,4.5,0.778,10.3,4.1,0
00-0039386,Bub Means,WR,CLE,11748,25.7,2,,DEV,170.0,2024,,,,,,,,,,,,2026.0,5.0,sleeper,2026-10-07T05:42:17Z,,,,,,,,,,,,,,,0.0,,,0.0,1.0,0.0,0.0,0.0,NYJ,39.5,0,23.0,0.955,0.0,projection only,,,0.36,Low,,"0.0 exp opps (proj 0) · vs NYJ (DvP 23, -5%) · Low confidence",,,,,,,,0
00-0039474,Lawrence Keys,WR,DET,12001,26.8,2,,DEV,,2024,,,,,,,,,,,,2026.0,5.0,sleeper,2026-10-07T05:42:17Z,,,,,,,,,,,,,,,0.0,,,0.0,1.0,0.0,0.0,0.0,ARI,54.5,0,6.0,1.082,0.0,projection only,,,0.36,Low,,"0.0 exp opps (proj 0) · vs ARI (DvP 6, +8%) · Low confidence",,,,,,,,0
00-0040099,Xavier Guillory,WR,BAL,13042,25.2,1,,DEV,,2025,,,,,,,,,,,,2026.0,5.0,sleeper,2026-10-07T05:42:17Z,,,,,,,,,,,,,,,0.0,,,0.0,1.0,0.0,0.0,0.0,ATL,43.5,0,5.0,1.09,0.0,projection only,,,0.36,Low,,"0.0 exp opps (proj 0) · vs ATL (DvP 5, +9%) · Low confidence",,,,,,,,0
00-0040049,Josh Kelly,WR,HOU,12848,25.3,1,,DEV,,2025,,,,,,,,,,,,2026.0,5.0,sleeper,2026-10-07T05:42:17Z,,,,,,,,,,,,,,,0.0,,,0.0,1.0,0.0,0.0,0.0,TEN,38.5,0,14.0,1.022,0.0,projection only,,,0.36,Low,,"0.0 exp opps (proj 0) · vs TEN (DvP 14, +2%) · Low confidence",,,,,,,,0
00-0036165,Isaiah Hodgins,WR,PIT,6920,28.0,6,,DEV,207.0,2020,0.0,3.1666666666666665,3.1666666666666665,0.0,0.8300000000000001,4.583333333333333,-0.885714,0.036571,prior,prior season only,1.0666666666666667,2026.0,5.0,sleeper,2026-10-07T05:42:17Z,,,,,,,,,,,,,,,0.0,,,0.0,1.0,0.0,0.0,0.0,IND,44.5,1,12.0,1.038,0.0,projection only,,,0.0,Low,,"0.0 exp opps (proj 0, recent 3) · vs IND (DvP 12, +4%) · Low confidence",0.88,4.333,6.0,3.2,0.83,11.4,1.6,0
00-0036182,Nick Westbrook-Ikhine,WR,IND,7496,29.5,6,,DEV,,2020,1.0,0.0,0.0,0.0,0.17,0.0,0.0,0.0,current,current season,0.0,2026.0,5.0,sleeper,2026-10-07T05:42:17Z,,,,,,,,,,,,,,,0.0,,,0.0,0.75,0.0,0.0,0.0,PIT,44.5,0,22.0,0.962,0.0,75% projection,,,0.6,Med,,"0.0 exp opps (proj 0, recent 0) · vs PIT (DvP 22, -4%) · Med confidence",0.693,3.667,7.0,2.3,0.584,4.1,0.6,0
00-0040241,Dominic Lovett,WR,DET,12732,23.9,1,,DEV,244.0,2025,0.0,0.0,0.0,0.0,0.03,0.0,0.0,0.06,prior,prior season only,0.0,2026.0,5.0,sleeper,2026-10-07T05:42:17Z,,,,,,,,,,,,,,,0.0,,,0.0,1.0,0.0,0.0,0.0,ARI,54.5,0,6.0,1.082,0.0,projection only,,,0.6,Med,,"0.0 exp opps (proj 0, recent 0) · vs ARI (DvP 6, +8%) · Med confidence",0.03,0.0,0.0,,,0.0,0.0,0
00-0040259,Gage Larvadain,WR,BAL,13101,23.8,1,,DEV,,2025,0.0,1.1538461538461537,1.0769230769230769,0.07692307692307693,0.2361538461538462,1.1076923076923078,-0.071429,-0.001758,prior,prior season only,0.0,2026.0,5.0,sleeper,2026-10-07T05:42:17Z,,,,,,,,,,,,,,,0.0,,,0.0,1.0,0.0,0.0,0.0,ATL,43.5,0,5.0,1.09,0.0,projection only,,,0.0,Low,,"0.0 exp opps (proj 0, recent 1) · vs ATL (DvP 5, +9%) · Low confidence",0.417,2.667,3.0,2.0,0.493,3.5,0.0,0
00-0040275,JP Richardson,WR,CHI,12746,24.5,1,,DEV,,2025,,,,,,,,,,,,2026.0,5.0,sleeper,2026-10-07T05:42:17Z,,,,,,,,,,,,,,,0.0,,,0.0,1.0,0.0,0.0,0.0,GB,45.5,0,17.0,1.0,0.0,projection only,,,0.36,Low,,"0.0 exp opps (proj 0) · vs GB (DvP 17, +0%) · Low confidence",,,,,,,,0
00-0040218,Jimmy Horn Jr.,WR,CLE,12523,24.1,1,,DEV,208.0,2025,0.0,2.3,1.5,0.8,0.21400000000000002,2.87,-0.369697,0.003394,prior,prior season only,1.1333333333333333,2026.0,5.0,sleeper,2026-10-07T05:42:17Z,,,,,,,,,,,,,,,0.0,,,0.0,1.0,0.0,0.0,0.0,NYJ,39.5,0,23.0,0.955,0.0,projection only,,,0.0,Low,,"0.0 exp opps (proj 0, recent 2) · vs NYJ (DvP 23, -5%) · Low confidence",0.263,3.667,0.0,,,5.1,2.5,0
00-0040419,Garrett Greene,WR,TB,12792,25.0,1,,DEV,,2025,,,,,,,,,,,,2026.0,5.0,sleeper,2026-10-07T05:42:17Z,,,,,,,,,,,,,,,0.0,,,0.0,1.0,0.0,0.0,0.0,DAL,47.5,0,11.0,1.045,0.0,projection only,,,0.36,Low,,"0.0 exp opps (proj 0) · vs DAL (DvP 11, +4%) · Low confidence",,,,,,,,0
00-0040431,Dalen Cambre,WR,NYG,12888,25.5,1,,DEV,,2025,0.0,0.0,0.0,0.0,0.04,0.0,0.0,0.045,prior,prior season only,0.0,2026.0,5.0,sleeper,2026-10-07T05:42:17Z,,,,,,,,,,,,,,,0.0,,,0.0,1.0,0.0,0.0,0.0,WAS,43.5,0,4.0,1.098,0.0,projection only,,,0.6,Med,,"0.0 exp opps (proj 0, recent 0) · vs WAS (DvP 4, +10%) · Med confidence",0.04,0.0,0.0,,,0.0,0.0,0
00-0040438,Antwane Wells Jr.,WR,ATL,12460,25.5,1,,DEV,,2025,,,,,,,,,,,,2026.0,5.0,sleeper,2026-10-07T05:42:17Z,,,,,,,,,,,,,,,0.0,,,0.0,1.0,0.0,0.0,0.0,BAL,43.5,1,7.0,1.075,0.0,projection only,,,0.36,Low,,"0.0 exp opps (proj 0) · vs BAL (DvP 7, +7%) · Low confidence",,,,,,,,0
00-0040405,Jamaal Pritchett,WR,NYJ,12925,23.3,1,,ACT,,2025,1.0,0.0,0.0,0.0,0.0,0.0,0.0,0.0,current,current season,0.0,2026.0,5.0,sleeper,2026-10-07T05:42:17Z,,,,,,,,,,,,,,,0.0,,,0.0,0.75,0.0,0.0,0.0,CLE,39.5,1,8.0,1.068,0.0,75% projection,5.0,5.0,0.6,Med,,"0.0 exp opps (proj 0, recent 0) · WR5 · vs CLE (DvP 8, +7%) · Med confidence",0.0,0.0,0.0,,,0.0,0.0,0
00-0040337,Eli Pancol,WR,IND,12909,26.3,1,,DEV,,2025,,,,,,,,,,,,2026.0,5.0,sleeper,2026-10-07T05:42:17Z,,,,,,,,,,,,,,,0.0,,,0.0,1.0,0.0,0.0,0.0,PIT,44.5,0,22.0,0.962,0.0,projection only,,,0.36,Low,,"0.0 exp opps (proj 0) · vs PIT (DvP 22, -4%) · Low confidence",,,,,,,,0
00-0040352,Coleman Owen,WR,GB,12829,25.5,1,,DEV,,2025,0.0,0.5,0.5,0.0,0.01,0.0,1.0,0.02,prior,prior season only,0.0,2026.0,5.0,sleeper,2026-10-07T05:42:17Z,,,,,,,,,,,,,,,0.0,,,0.0,1.0,0.0,0.0,0.0,CHI,45.5,1,29.0,0.91,0.0,projection only,,,0.3,Low,,"0.0 exp opps (proj 0, recent 0) · vs CHI (DvP 29, -9%) · Low confidence",0.01,0.5,0.0,,,0.0,0.0,0
00-0040361,Stephen Gosnell,WR,BUF,12756,25.0,1,,DEV,,2025,,,,,,,,,,,,2026.0,5.0,sleeper,2026-10-07T05:42:17Z,,,,,,,,,,,,,,,0.0,,,0.0,1.0,0.0,0.0,0.0,LA,54.5,0,18.0,0.992,0.0,projection only,,,0.36,Low,,"0.0 exp opps (proj 0) · vs LA (DvP 18, -1%) · Low confidence",,,,,,,,0
00-0040375,Jordan Moore,WR,CIN,12761,24.5,1,,DEV,,2025,,,,,,,,,,,,2026.0,5.0,sleeper,2026-10-07T05:42:17Z,,,,,,,,,,,,,,,0.0,,,0.0,1.0,0.0,0.0,0.0,MIA,42.5,0,30.0,0.902,0.0,projection only,,,0.36,Low,,"0.0 exp opps (proj 0) · vs MIA (DvP 30, -10%) · Low confidence",,,,,,,,0
00-0040302,A.J. Henning,WR,MIA,12865,25.1,1,,DEV,,2025,,,,,,,,,,,,2026.0,5.0,sleeper,2026-10-07T05:42:17Z,,,,,,,,,,,,,,,0.0,,,0.0,1.0,0.0,0.0,0.0,CIN,42.5,1,21.0,0.97,0.0,projection only,,,0.36,Low,,"0.0 exp opps (proj 0) · vs CIN (DvP 21, -3%) · Low confidence",,,,,,,,0
00-0040311,Theo Wease Jr.,WR,LAC,12860,25.3,1,,DEV,,2025,0.0,3.3333333333333335,3.3333333333333335,0.0,0.3233333333333333,8.633333333333333,0.5,-0.01,prior,prior season only,8.633333333333333,2026.0,5.0,sleeper,2026-10-07T05:42:17Z,,,,,,,,,,,,,,,0.0,,,0.0,1.0,0.0,0.0,0.0,DEN,42.5,1,25.0,0.94,0.0,projection only,,,0.0,Low,,"0.0 exp opps (proj 0, recent 3) · vs DEN (DvP 25, -6%) · Low confidence",0.323,3.333,0.0,,,12.1,7.4,0
00-0040323,Chandler Brayboy,WR,NE,12908,25.1,1,,DEV,,2025,,,,,,,,,,,,2026.0,5.0,sleeper,2026-10-07T05:42:17Z,,,,,,,,,,,,,,,0.0,,,0.0,1.0,0.0,0.0,0.0,LV,45.5,1,27.0,0.925,0.0,projection only,,,0.36,Low,,"0.0 exp opps (proj 0) · vs LV (DvP 27, -7%) · Low confidence",,,,,,,,0
00-0040597,Brennan Presley,WR,LA,13011,24.7,1,,DEV,,2025,,,,,,,,,,,,2026.0,5.0,sleeper,2026-10-07T05:42:17Z,,,,,,,,,,,,,,,0.0,,,0.0,1.0,0.0,0.0,0.0,BUF,54.5,1,3.0,1.105,0.0,projection only,,,0.36,Low,,"0.0 exp opps (proj 0) · vs BUF (DvP 3, +10%) · Low confidence",,,,,,,,0
00-0040553,Quincy Skinner Jr.,WR,GB,12884,23.6,1,,DEV,,2025,,,,,,,,,,,,2026.0,5.0,sleeper,2026-10-07T05:42:17Z,,,,,,,,,,,,,,,0.0,,,0.0,1.0,0.0,0.0,0.0,CHI,45.5,1,29.0,0.91,0.0,projection only,,,0.36,Low,,"0.0 exp opps (proj 0) · vs CHI (DvP 29, -9%) · Low confidence",,,,,,,,0
00-0040558,Isaiah Neyor,WR,GB,13074,25.3,1,,DEV,,2025,,,,,,,,,,,,2026.0,5.0,sleeper,2026-10-07T05:42:17Z,,,,,,,,,,,,,,,0.0,,,0.0,1.0,0.0,0.0,0.0,CHI,45.5,1,29.0,0.91,0.0,projection only,,,0.36,Low,,"0.0 exp opps (proj 0) · vs CHI (DvP 29, -9%) · Low confidence",,,,,,,,0
00-0040522,Xavier Restrepo,WR,TEN,12520,24.5,1,,DEV,,2025,0.0,3.5,3.5,0.0,0.22,3.55,-5.0,-0.06,prior,prior season only,3.55,2026.0,5.0,sleeper,2026-10-07T05:42:17Z,,,,,,,,,,,,,,,0.0,,,0.0,1.0,0.0,0.0,0.0,HOU,38.5,1,1.0,1.12,0.0,projection only,,,0.0,Low,,"0.0 exp opps (proj 0, recent 4) · vs HOU (DvP 1, +12%) · Low confidence",0.22,3.5,0.0,,,4.4,3.5,0
00-0040534,Ke'Shawn Williams,WR,CIN,12971,24.8,1,,DEV,,2025,1.0,0.0,0.0,0.0,0.0,0.0,0.0,0.0,current,current season,0.1333333333333333,2026.0,5.0,sleeper,2026-10-07T05:42:17Z,,,,,,,,,,,,,,,0.0,,,0.0,0.75,0.0,0.0,0.0,MIA,42.5,0,30.0,0.902,0.0,75% projection,,,0.6,Med,,"0.0 exp opps (proj 0, recent 0) · vs MIA (DvP 30, -10%) · Med confidence",0.097,1.0,0.0,,,0.8,0.0,0
00-0035589,Gary Jennings,WR,LAC,6045,29.6,7,,DEV,120.0,2019,,,,,,,,,,,,2026.0,5.0,sleeper,2026-10-07T05:42:17Z,,,,,,,,,,,,,,,0.0,,,0.0,1.0,0.0,0.0,0.0,DEN,42.5,1,25.0,0.94,0.0,projection only,,,0.36,Low,,"0.0 exp opps (proj 0) · vs DEN (DvP 25, -6%) · Low confidence",,,,,,,,0
00-0035602,Alex Bachman,WR,LA,6386,30.4,7,,ACT,,2019,1.0,0.0,0.0,0.0,0.0,0.0,0.0,0.0,current,current season,0.0,2026.0,5.0,sleeper,2026-10-07T05:42:17Z,,,,,,,,,,,,,,,0.0,,,0.0,0.75,0.0,0.0,0.0,BUF,54.5,1,3.0,1.105,0.0,75% projection,7.0,7.0,0.6,Med,,"0.0 exp opps (proj 0, recent 0) · WR7 · vs BUF (DvP 3, +10%) · Med confidence",0.143,0.667,0.0,,,1.2,0.0,0
00-0035544,Tom Kennedy,WR,DET,6588,30.2,7,,ACT,,2019,3.0,0.0,0.0,0.0,0.0033333333333333335,0.0,0.0,0.005,current,current season,0.0,2026.0,5.0,sleeper,2026-10-07T05:42:17Z,,,,,,,,0.07,0.04,0.59,0.0,0.13,0.1,0.08,0.07,,0.002,0.1,0.4,0.0,0.0,0.0,ARI,54.5,0,6.0,1.082,0.0,40% projection,4.0,4.0,0.56,Med,,"0.0 exp opps (proj 0, recent 0) · WR4 · 0% of team targets · vs ARI (DvP 6, +8%) · Med confidence",0.243,1.333,1.0,4.0,0.65,0.8,0.0,0
00-0040653,Ricky White III,WR,SEA,12475,24.7,1,,DEV,238.0,2025,,,,,,,,,,,,2026.0,5.0,sleeper,2026-10-07T05:42:17Z,,,,,,,,,,,,,,,0.0,,,0.0,1.0,0.0,0.0,0.0,SF,46.5,1,26.0,0.932,0.0,projection only,,,0.36,Low,,"0.0 exp opps (proj 0) · vs SF (DvP 26, -7%) · Low confidence",,,,,,,,0
00-0040633,Kyrese Rowan,WR,NO,13208,25.7,1,,DEV,,2025,,,,,,,,,,,,2026.0,5.0,sleeper,2026-10-07T05:42:17Z,,,,,,,,,,,,,,,0.0,,,0.0,1.0,0.0,0.0,0.0,MIN,42.5,1,19.0,0.985,0.0,projection only,,,0.36,Low,,"0.0 exp opps (proj 0) · vs MIN (DvP 19, -2%) · Low confidence",,,,,,,,0
00-0040895,Emmanuel Henderson Jr.,WR,SEA,13313,23.5,0,,DEV,199.0,2026,,,,,,,,,,,,2026.0,5.0,sleeper,2026-10-07T05:42:17Z,,,,,,,,,,,,,,,0.0,,,0.0,1.0,0.0,0.0,0.0,SF,46.5,1,26.0,0.932,0.0,projection only,,,0.36,Low,,"0.0 exp opps (proj 0) · vs SF (DvP 26, -7%) · Low confidence",,,,,,,,0
00-0040900,Anthony Smith,WR,DAL,13582,24.6,0,,DEV,218.0,2026,,,,,,,,,,,,2026.0,5.0,sleeper,2026-10-07T05:42:17Z,,,,,,,,,,,,,,,0.0,,,0.0,1.0,0.0,0.0,0.0,TB,47.5,1,28.0,0.918,0.0,projection only,,,0.36,Low,,"0.0 exp opps (proj 0) · vs TB (DvP 28, -8%) · Low confidence",,,,,,,,0
00-0040753,Will Sheppard,WR,MIA,12788,24.7,1,,DEV,,2025,,,,,,,,,,,,2026.0,5.0,sleeper,2026-10-07T05:42:17Z,,,,,,,,,,,,,,,0.0,,,0.0,1.0,0.0,0.0,0.0,CIN,42.5,1,21.0,0.97,0.0,projection only,,,0.36,Low,,"0.0 exp opps (proj 0) · vs CIN (DvP 21, -3%) · Low confidence",,,,,,,,0
00-0040970,Michael Briscoe,WR,MIN,13890,24.2,0,,DEV,,2026,,,,,,,,,,,,2026.0,5.0,sleeper,2026-10-07T05:42:17Z,,,,,,,,,,,,,,,0.0,,,0.0,1.0,0.0,0.0,0.0,NO,42.5,0,20.0,0.978,0.0,projection only,,,0.36,Low,,"0.0 exp opps (proj 0) · vs NO (DvP 20, -2%) · Low confidence",,,,,,,,0
00-0040986,Ty Pezza,WR,BAL,13705,24.1,0,,DEV,,2026,,,,,,,,,,,,2026.0,5.0,sleeper,2026-10-07T05:42:17Z,,,,,,,,,,,,,,,0.0,,,0.0,1.0,0.0,0.0,0.0,ATL,43.5,0,5.0,1.09,0.0,projection only,,,0.36,Low,,"0.0 exp opps (proj 0) · vs ATL (DvP 5, +9%) · Low confidence",,,,,,,,0
00-0040919,Tyren Montgomery,WR,TEN,13600,25.3,0,,DEV,,2026,,,,,,,,,,,,2026.0,5.0,sleeper,2026-10-07T05:42:17Z,,,,,,,,,,,,,,,0.0,,,0.0,1.0,0.0,0.0,0.0,HOU,38.5,1,1.0,1.12,0.0,projection only,,,0.36,Low,,"0.0 exp opps (proj 0) · vs HOU (DvP 1, +12%) · Low confidence",,,,,,,,0
00-0040934,Jordan Hudson,WR,DAL,13325,22.9,0,,DEV,,2026,,,,,,,,,,,,2026.0,5.0,sleeper,2026-10-07T05:42:17Z,,,,,,,,,,,,,,,0.0,,,0.0,1.0,0.0,0.0,0.0,TB,47.5,1,28.0,0.918,0.0,projection only,,,0.36,Low,,"0.0 exp opps (proj 0) · vs TB (DvP 28, -8%) · Low confidence",,,,,,,,0
00-0034860,Dante Pettis,WR,SF,4992,31.0,8,,DEV,44.0,2018,0.0,1.375,1.375,0.0,0.22249999999999998,2.4625,0.630952,0.103571,prior,prior season only,5.766666666666667,2026.0,5.0,sleeper,2026-10-07T05:42:17Z,,,,,,,,,,,,,,,0.0,,,0.0,1.0,0.0,0.0,0.0,SEA,46.5,0,31.0,0.895,0.0,projection only,,,0.0,Low,,"0.0 exp opps (proj 0, recent 1) · vs SEA (DvP 31, -10%) · Low confidence",0.533,3.333,2.0,4.5,0.725,7.7,0.0,0
00-0034867,Malik Turner,WR,SF,5781,30.7,8,,DEV,,2018,0.0,0.5,0.5,0.0,0.11,0.0,-1.0,0.08,prior,prior season only,0.0,2026.0,5.0,sleeper,2026-10-07T05:42:17Z,,,,,,,,,,,,,,,0.0,,,0.0,1.0,0.0,0.0,0.0,SEA,46.5,0,31.0,0.895,0.0,projection only,,,0.3,Low,,"0.0 exp opps (proj 0, recent 0) · vs SEA (DvP 31, -10%) · Low confidence",0.11,0.5,0.0,,,0.0,0.0,0
00-0034487,Trent Sherfield,WR,BUF,5154,30.6,8,,DEV,,2018,0.0,1.25,1.25,0.0,0.2725,1.275,0.1,-0.073,prior,prior season only,1.2666666666666666,2026.0,5.0,sleeper,2026-10-07T05:42:17Z,,,,,,,,,,,,,,,0.0,,,0.0,1.0,0.0,0.0,0.0,LA,54.5,0,18.0,0.992,0.0,projection only,,,0.0,Low,,"0.0 exp opps (proj 0, recent 1) · vs LA (DvP 18, -1%) · Low confidence",0.313,1.333,0.0,,,2.1,1.3,0
00-0041216,Trebor Pena,WR,JAX,13356,24.6,0,,DEV,,2026,,,,,,,,,,,,2026.0,5.0,sleeper,2026-10-07T05:42:17Z,,,,,,,,,,,,,,,0.0,,,0.0,1.0,0.0,0.0,0.0,PHI,42.5,1,10.0,1.052,0.0,projection only,,,0.36,Low,,"0.0 exp opps (proj 0) · vs PHI (DvP 10, +5%) · Low confidence",,,,,,,,0
00-0041176,Jaden Bradley,WR,WAS,13760,23.5,0,,DEV,,2026,,,,,,,,,,,,2026.0,5.0,sleeper,2026-10-07T05:42:17Z,,,,,,,,,,,,,,,0.0,,,0.0,1.0,0.0,0.0,0.0,NYG,43.5,1,16.0,1.008,0.0,projection only,,,0.36,Low,,"0.0 exp opps (proj 0) · vs NYG (DvP 16, +1%) · Low confidence",,,,,,,,0
00-0041185,Vinny Anthony II,WR,ATL,13343,23.3,0,,DEV,,2026,,,,,,,,,,,,2026.0,5.0,sleeper,2026-10-07T05:42:17Z,,,,,,,,,,,,,,,0.0,,,0.0,1.0,0.0,0.0,0.0,BAL,43.5,1,7.0,1.075,0.0,projection only,,,0.36,Low,,"0.0 exp opps (proj 0) · vs BAL (DvP 7, +7%) · Low confidence",,,,,,,,0
00-0041308,Treyvhon Saunders,WR,HOU,13862,22.4,0,Questionable,DEV,,2026,,,,,,,,,,,,2026.0,5.0,sleeper,2026-10-07T05:42:17Z,,,,,,,,,,,,,,,0.0,,,0.0,1.0,0.0,0.0,0.0,TEN,38.5,0,14.0,1.022,0.0,projection only,,,0.25,Low,QUESTIONABLE,"0.0 exp opps (proj 0) · vs TEN (DvP 14, +2%) · Low confidence · QUESTIONABLE",,,,,,,,0
00-0041309,Daniel Sobkowicz,WR,HOU,13861,24.1,0,,DEV,,2026,,,,,,,,,,,,2026.0,5.0,sleeper,2026-10-07T05:42:17Z,,,,,,,,,,,,,,,0.0,,,0.0,1.0,0.0,0.0,0.0,TEN,38.5,0,14.0,1.022,0.0,projection only,,,0.36,Low,,"0.0 exp opps (proj 0) · vs TEN (DvP 14, +2%) · Low confidence",,,,,,,,0
00-0041318,Kyle Dixon,WR,NE,13830,26.1,0,,DEV,,2026,,,,,,,,,,,,2026.0,5.0,sleeper,2026-10-07T05:42:17Z,,,,,,,,,,,,,,,0.0,,,0.0,1.0,0.0,0.0,0.0,LV,45.5,1,27.0,0.925,0.0,projection only,,,0.36,Low,,"0.0 exp opps (proj 0) · vs LV (DvP 27, -7%) · Low confidence",,,,,,,,0
00-0041319,Cameron Dorner,WR,NE,13962,22.7,0,,DEV,,2026,,,,,,,,,,,,2026.0,5.0,sleeper,2026-10-07T05:42:17Z,,,,,,,,,,,,,,,0.0,,,0.0,1.0,0.0,0.0,0.0,LV,45.5,1,27.0,0.925,0.0,projection only,,,0.36,Low,,"0.0 exp opps (proj 0) · vs LV (DvP 27, -7%) · Low confidence",,,,,,,,0
00-0041272,Ja'Mori Maclin,WR,BUF,13696,25.0,0,,DEV,,2026,,,,,,,,,,,,2026.0,5.0,sleeper,2026-10-07T05:42:17Z,,,,,,,,,,,,,,,0.0,,,0.0,1.0,0.0,0.0,0.0,LA,54.5,0,18.0,0.992,0.0,projection only,,,0.36,Low,,"0.0 exp opps (proj 0) · vs LA (DvP 18, -1%) · Low confidence",,,,,,,,0
00-0041292,Kolbe Katsis,WR,DEN,13981,24.8,0,,DEV,,2026,1.0,0.0,0.0,0.0,0.0,0.0,0.0,0.0,current,current season,0.0,2026.0,5.0,sleeper,2026-10-07T05:42:17Z,,,,,,,,,,,,,,,0.0,,,0.0,0.75,0.0,0.0,0.0,LAC,42.5,0,15.0,1.015,0.0,75% projection,,,0.6,Med,,"0.0 exp opps (proj 0, recent 0) · vs LAC (DvP 15, +1%) · Med confidence",0.0,0.0,0.0,,,0.0,0.0,0
00-0041293,Dane Key,WR,DEN,13336,23.3,0,,DEV,,2026,,,,,,,,,,,,2026.0,5.0,sleeper,2026-10-07T05:42:17Z,,,,,,,,,,,,,,,0.0,,,0.0,1.0,0.0,0.0,0.0,LAC,42.5,0,15.0,1.015,0.0,projection only,,,0.36,Low,,"0.0 exp opps (proj 0) · vs LAC (DvP 15, +1%) · Low confidence",,,,,,,,0
00-0041248,Noah Thomas,WR,CIN,13318,22.7,0,,DEV,,2026,,,,,,,,,,,,2026.0,5.0,sleeper,2026-10-07T05:42:17Z,,,,,,,,,,,,,,,0.0,,,0.0,1.0,0.0,0.0,0.0,MIA,42.5,0,30.0,0.902,0.0,projection only,,,0.36,Low,,"0.0 exp opps (proj 0) · vs MIA (DvP 30, -10%) · Low confidence",,,,,,,,0
00-0041257,Eric Rivers Jr.,WR,TB,13316,24.1,0,,DEV,,2026,,,,,,,,,,,,2026.0,5.0,sleeper,2026-10-07T05:42:17Z,,,,,,,,,,,,,,,0.0,,,0.0,1.0,0.0,0.0,0.0,DAL,47.5,0,11.0,1.045,0.0,projection only,,,0.36,Low,,"0.0 exp opps (proj 0) · vs DAL (DvP 11, +4%) · Low confidence",,,,,,,,0
00-0041220,Michael Wortham,WR,JAX,13645,24.3,0,,DEV,,2026,,,,,,,,,,,,2026.0,5.0,sleeper,2026-10-07T05:42:17Z,,,,,,,,,,,,,,,0.0,,,0.0,1.0,0.0,0.0,0.0,PHI,42.5,1,10.0,1.052,0.0,projection only,,,0.36,Low,,"0.0 exp opps (proj 0) · vs PHI (DvP 10, +5%) · Low confidence",,,,,,,,0
00-0041397,Kaden Wetjen,WR,PIT,13491,24.6,0,,ACT,121.0,2026,3.0,0.0,0.0,0.0,0.0,0.0,0.0,0.0,current,current season,0.0,2026.0,5.0,sleeper,2026-10-07T05:42:17Z,,,,,0.05,0.23,0.0,0.06,0.04,0.5,0.0,0.15,0.14,0.12,0.11,0.002,0.002,0.11,0.4,0.0,0.0,0.0,IND,44.5,1,12.0,1.038,0.0,40% projection,6.0,6.0,0.53,Med,,"0.0 exp opps (proj 0, recent 0) · WR6 · 0% of team targets · vs IND (DvP 12, +4%) · Med confidence",0.0,0.0,0.0,,,0.0,0.0,0
00-0041435,Dean Patterson IV,WR,TB,14020,24.4,0,,DEV,,2026,,,,,,,,,,,,2026.0,5.0,sleeper,2026-10-07T05:42:17Z,,,,,,,,,,,,,,,0.0,,,0.0,1.0,0.0,0.0,0.0,DAL,47.5,0,11.0,1.045,0.0,projection only,,,0.36,Low,,"0.0 exp opps (proj 0) · vs DAL (DvP 11, +4%) · Low confidence",,,,,,,,0
00-0041368,Harrison Wallace III,WR,ARI,13670,23.5,0,,DEV,,2026,,,,,,,,,,,,2026.0,5.0,sleeper,2026-10-07T05:42:17Z,,,,,,,,,,,,,,,0.0,,,0.0,1.0,0.0,0.0,0.0,DET,54.5,1,2.0,1.112,0.0,projection only,,,0.36,Low,,"0.0 exp opps (proj 0) · vs DET (DvP 2, +11%) · Low confidence",,,,,,,,0
00-0041342,Dillon Bell,WR,MIN,13621,22.9,0,,DEV,,2026,,,,,,,,,,,,2026.0,5.0,sleeper,2026-10-07T05:42:17Z,,,,,,,,,,,,,,,0.0,,,0.0,1.0,0.0,0.0,0.0,NO,42.5,0,20.0,0.978,0.0,projection only,,,0.36,Low,,"0.0 exp opps (proj 0) · vs NO (DvP 20, -2%) · Low confidence",,,,,,,,0
00-0041359,Wesley Grimes,WR,SF,13663,22.6,0,,DEV,,2026,,,,,,,,,,,,2026.0,5.0,sleeper,2026-10-07T05:42:17Z,,,,,,,,,,,,,,,0.0,,,0.0,1.0,0.0,0.0,0.0,SEA,46.5,0,31.0,0.895,0.0,projection only,,,0.36,Low,,"0.0 exp opps (proj 0) · vs SEA (DvP 31, -10%) · Low confidence",,,,,,,,0
00-0041361,Will Pauling,WR,SF,13662,23.6,0,,DEV,,2026,,,,,,,,,,,,2026.0,5.0,sleeper,2026-10-07T05:42:17Z,,,,,,,,,,,,,,,0.0,,,0.0,1.0,0.0,0.0,0.0,SEA,46.5,0,31.0,0.895,0.0,projection only,,,0.36,Low,,"0.0 exp opps (proj 0) · vs SEA (DvP 31, -10%) · Low confidence",,,,,,,,0
00-0039920,Malachi Corley,WR,CLE,11617,24.5,2,,ACT,65.0,2024,3.0,0.0,0.0,0.0,0.07666666666666667,0.0,0.0,0.11,current,current season,-0.6666666666666666,2026.0,5.0,sleeper,2026-10-07T05:42:17Z,,,,,0.14,0.98,0.0,0.06,0.04,0.44,0.0,0.21,0.19,0.18,0.2,0.005,0.002,0.18,0.4,0.1,0.0,0.1,NYJ,39.5,0,23.0,0.955,-0.3,40% projection,6.0,6.0,0.48,Med,,"0.1 exp opps (proj 0, recent 0) · WR6 · 0% of team targets · vs NYJ (DvP 23, -5%) · Med confidence",0.417,4.333,2.0,6.0,0.435,4.8,1.3,0
00-0040646,Jalen Royals,WR,KC,12505,23.6,1,,ACT,133.0,2025,3.0,1.6666666666666667,1.6666666666666667,0.0,0.3233333333333333,3.5666666666666664,0.0,0.24,current,current season,3.5666666666666664,2026.0,5.0,sleeper,2026-10-07T05:42:17Z,,,,,,,,,,,,,,,0.0,,,0.0,0.4,1.0,1.0,0.0,BYE,,0,,1.0,,40% projection,3.0,3.0,0.0,Low,BYE,"1.0 exp opps (proj 0, recent 2) · WR3 · Low confidence · BYE",0.323,1.667,2.0,2.5,0.65,5.5,1.1,0
00-0040298,Andrew Armstrong,WR,KC,12863,25.9,1,,DEV,,2025,,,,,,,,,,,,2026.0,5.0,sleeper,2026-10-07T05:42:17Z,,,,,,,,,,,,,,,0.0,,,0.0,1.0,0.0,0.0,0.0,BYE,,0,,1.0,,projection only,,,0.36,Low,BYE,0.0 exp opps (proj 0) · Low confidence · BYE,,,,,,,,0
00-0033589,David Moore,WR,CAR,4274,31.7,9,,ACT,226.0,2017,2.0,1.0,1.0,0.0,0.034999999999999996,0.0,-2.0,-0.05,current,current season,0.39999999999999997,2026.0,5.0,sleeper,2026-10-07T05:42:17Z,,,,,,,,,,,,,,,0.0,,,0.0,0.5,0.5,0.5,0.0,BYE,,0,,1.0,,50% projection,5.0,5.0,0.0,Low,BYE,"0.5 exp opps (proj 0, recent 1) · WR5 · Low confidence · BYE",0.39,1.333,1.0,1.0,0.97,1.4,0.0,0
00-0040954,Omari Evans,WR,KC,13905,22.8,0,,DEV,,2026,,,,,,,,,,,,2026.0,5.0,sleeper,2026-10-07T05:42:17Z,,,,,,,,,,,,,,,0.0,,,0.0,1.0,0.0,0.0,0.0,BYE,,0,,1.0,,projection only,,,0.36,Low,BYE,0.0 exp opps (proj 0) · Low confidence · BYE,,,,,,,,0
00-0040265,Ja'Seem Reed,WR,CAR,13179,23.5,1,,ACT,,2025,1.0,1.0,1.0,0.0,0.13,0.0,0.0,0.0,current,current season,0.0,2026.0,5.0,sleeper,2026-10-07T05:42:17Z,,,,,,,,,,,,,,,0.0,,,0.0,0.75,0.2,0.2,0.0,BYE,,0,,1.0,,75% projection,,,0.0,Low,BYE,"0.2 exp opps (proj 0, recent 1) · Low confidence · BYE",0.13,1.0,0.0,,,0.0,0.0,0
00-0037614,John Metchie III,WR,CAR,8147,26.2,4,,ACT,44.0,2022,3.0,3.3333333333333335,3.3333333333333335,0.0,0.3466666666666667,5.533333333333334,2.5,0.13,current,current season,5.533333333333334,2026.0,5.0,sleeper,2026-10-07T05:42:17Z,,,,,,,,,,,,,,,0.0,,,0.0,0.4,2.0,2.0,0.0,BYE,,0,,1.0,,40% projection,4.0,4.0,0.0,Low,BYE,"2.0 exp opps (proj 0, recent 3) · WR4 · Low confidence · BYE",0.933,8.0,9.0,5.6,0.806,11.7,5.3,0
00-0038519,Nikko Remigio,WR,KC,11320,26.9,3,,ACT,,2023,3.0,0.0,0.0,0.0,0.0,0.0,0.0,0.0,current,current season,0.0,2026.0,5.0,sleeper,2026-10-07T05:42:17Z,,,,,,,,,,,,,,,0.0,,,0.0,0.4,0.0,0.0,0.0,BYE,,0,,1.0,,40% projection,5.0,5.0,0.6,Med,BYE,"0.0 exp opps (proj 0, recent 0) · WR5 · Med confidence · BYE",0.06,0.667,0.0,,,0.3,0.0,0
00-0038840,Brycen Tremayne,WR,CAR,11157,26.9,3,,ACT,,2023,3.0,3.0,3.0,0.0,0.6333333333333334,5.833333333333333,1.5,0.375,current,current season,5.833333333333333,2026.0,5.0,sleeper,2026-10-07T05:42:17Z,,,,,,,,,,,,,,,0.0,,,0.0,0.4,1.8,1.8,0.0,BYE,,0,,1.0,,40% projection,3.0,3.0,0.0,Low,BYE,"1.8 exp opps (proj 0, recent 3) · WR3 · Low confidence · BYE",0.633,3.667,3.0,4.3,0.847,6.8,0.0,0
00-0039394,Casey Washington,WR,CAR,11806,25.6,2,,DEV,187.0,2024,0.0,2.8,2.8,0.0,0.504,3.08,-1.1,-0.209,prior,prior season only,2.066666666666667,2026.0,5.0,sleeper,2026-10-07T05:42:17Z,,,,,,,,,,,,,,,0.0,,,0.0,1.0,0.0,0.0,0.0,BYE,,0,,1.0,,projection only,,,0.0,Low,BYE,"0.0 exp opps (proj 0, recent 3) · Low confidence · BYE",0.757,3.667,3.0,3.7,0.757,5.2,2.9,0
00-0036635,Ihmir Smith-Marsette,WR,CAR,7559,27.1,5,,DEV,157.0,2021,,,,,,,,,,,,2026.0,5.0,sleeper,2026-10-07T05:42:17Z,,,,,,,,,,,,,,,0.0,,,0.0,1.0,0.0,0.0,0.0,BYE,,0,,1.0,,projection only,,,0.36,Low,BYE,0.0 exp opps (proj 0) · Low confidence · BYE,,,,,,,,0
00-0038104,Tyquan Thornton,WR,KC,8188,26.2,4,Out,ACT,50.0,2022,3.0,4.666666666666667,4.666666666666667,0.0,0.5599999999999999,14.966666666666669,2.0,0.02,current,current season,15.633333333333335,2026.0,5.0,sleeper,2026-10-07T05:42:17Z,,,,,,,,,,,,,,,0.0,,,0.0,0.4,2.8,2.8,0.0,BYE,,0,,1.0,,40% projection,6.0,6.0,0.0,Low,OUT,"2.8 exp opps (proj 0, recent 5) · WR6 · Low confidence · OUT",0.743,6.0,9.0,4.6,0.617,16.0,6.4,0
00-0032398,Chris Moore,WR,BAL,3269,33.3,10,Out,ACT,107.0,2016,2.0,2.0,2.0,0.0,0.535,4.5,-2.0,-0.03,current,current season,5.1000000000000005,2026.0,5.0,sleeper,2026-10-07T05:42:17Z,,,,,,,,0.11,0.06,1.05,0.01,0.19,0.16,0.14,0.11,,0.004,0.22,0.5,1.1,1.1,0.0,ATL,43.5,0,5.0,1.09,,50% projection,4.0,4.0,0.0,Low,OUT,"1.1 exp opps (proj 0, recent 2) · WR4 · 0% of team targets · vs ATL (DvP 5, +9%) · Low confidence · OUT",0.687,3.667,8.0,3.2,0.652,7.8,4.4,0
00-0036630,Tylan Wallace,WR,CLE,7595,27.4,5,Out,ACT,131.0,2021,1.0,0.0,0.0,0.0,0.2,0.0,0.0,0.0,current,current season,0.0,2026.0,5.0,sleeper,2026-10-07T05:42:17Z,,,,,,,,,,,,,,,0.0,,,0.0,0.75,0.0,0.0,0.0,NYJ,39.5,0,23.0,0.955,,75% projection,5.0,5.0,0.0,Low,OUT,"0.0 exp opps (proj 0, recent 0) · WR5 · vs NYJ (DvP 23, -5%) · Low confidence · OUT",0.487,1.667,4.0,1.5,0.472,2.3,0.0,0
00-0039355,Luke McCaffrey,WR,WAS,11650,25.5,2,Out,ACT,100.0,2024,1.0,0.0,0.0,0.0,0.0,0.0,0.0,0.0,current,current season,1.8,2026.0,5.0,sleeper,2026-10-07T05:42:17Z,,,,,,,,0.24,0.17,1.86,0.01,0.43,0.35,0.27,0.24,,0.008,0.42,0.75,0.2,0.2,0.0,NYG,43.5,1,16.0,1.008,,75% projection,6.0,6.0,0.0,Low,OUT,"0.2 exp opps (proj 0, recent 0) · WR6 · 1% of team targets · vs NYG (DvP 16, +1%) · Low confidence · OUT",0.477,2.667,2.0,2.5,0.525,10.7,5.2,0
00-0040164,Jaylin Lane,WR,WAS,12641,24.4,1,IR,ACT,128.0,2025,3.0,0.3333333333333333,0.3333333333333333,0.0,0.08,1.0333333333333334,0.0,-0.065,current,current season,1.0333333333333334,2026.0,5.0,sleeper,2026-10-07T05:42:17Z,,,,,,,,,,,,,,,0.0,,,0.0,0.4,0.2,0.2,0.0,NYG,43.5,1,16.0,1.008,,40% projection,7.0,7.0,0.0,Low,IR,"0.2 exp opps (proj 0, recent 0) · WR7 · vs NYG (DvP 16, +1%) · Low confidence · IR",0.583,4.333,7.0,3.4,0.513,5.2,1.4,0
00-0035662,Marquise Brown,WR,PHI,5848,29.3,7,Out,ACT,25.0,2019,1.0,2.0,0.0,2.0,0.22,1.2,0.0,0.0,current,current season,4.1,2026.0,5.0,sleeper,2026-10-07T05:42:17Z,,,,,0.01,0.02,0.0,0.28,0.18,2.08,0.01,0.46,0.37,0.28,0.29000000000000004,0.0,0.011,0.45,0.75,0.7,0.2,0.5,JAX,42.5,0,9.0,1.06,,75% projection,4.0,4.0,0.0,Low,OUT,"0.7 exp opps (proj 0, recent 2) · WR4 · 1% of team targets · vs JAX (DvP 9, +6%) · Low confidence · OUT",0.787,9.0,12.0,5.5,0.597,15.6,8.2,0
00-0035535,Darius Slayton,WR,IND,6149,29.7,7,Out,ACT,171.0,2019,0.0,4.5,4.5,0.0,0.812857142857143,7.057142857142857,0.221978,-0.006066,prior,prior season only,5.6000000000000005,2026.0,5.0,sleeper,2026-10-07T05:42:17Z,,,,,,,,0.29,0.14,2.18,0.01,0.41,0.34,0.27,0.29,,0.011,0.42,1.0,0.3,0.3,0.0,PIT,44.5,0,22.0,0.962,,projection only,6.0,6.0,0.0,Low,OUT,"0.3 exp opps (proj 0, recent 4) · WR6 · 1% of team targets · vs PIT (DvP 22, -4%) · Low confidence · OUT",0.907,6.0,14.0,4.5,0.813,12.4,7.2,0
00-0040621,Montorie Foster Jr,WR,SEA,13199,25.2,1,Out,ACT,,2025,,,,,,,,,,,0.0,2026.0,5.0,sleeper,2026-10-07T05:42:17Z,,,,,,,,,,,,,,,0.0,,,0.0,1.0,0.0,0.0,0.0,SF,46.5,1,26.0,0.932,,projection only,5.0,5.0,0.0,Low,OUT,"0.0 exp opps (proj 0) · WR5 · vs SF (DvP 26, -7%) · Low confidence · OUT",0.0,0.0,0.0,,,0.0,0.0,0
00-0040930,Camden Brown,WR,DAL,13726,22.4,0,Out,ACT,,2026,,,,,,,,,,,,2026.0,5.0,sleeper,2026-10-07T05:42:17Z,,,,,,,,,,,,,,,0.0,,,0.0,1.0,0.0,0.0,0.0,TB,47.5,1,28.0,0.918,,projection only,6.0,6.0,0.0,Low,OUT,"0.0 exp opps (proj 0) · WR6 · vs TB (DvP 28, -8%) · Low confidence · OUT",,,,,,,,0
00-0041106,C.J. Williams,WR,JAX,13554,24.0,0,Out,ACT,203.0,2026,,,,,,,,,,,,2026.0,5.0,sleeper,2026-10-07T05:42:17Z,,,,,,,,,,,,,,,0.0,,,0.0,1.0,0.0,0.0,0.0,PHI,42.5,1,10.0,1.052,,projection only,6.0,6.0,0.0,Low,OUT,"0.0 exp opps (proj 0) · WR6 · vs PHI (DvP 10, +5%) · Low confidence · OUT",,,,,,,,0
00-0041070,Reggie Virgil,WR,ARI,13297,22.4,0,Out,ACT,143.0,2026,,,,,,,,,,,,2026.0,5.0,sleeper,2026-10-07T05:42:17Z,,,,,,,,,,,,,,,0.0,,,0.0,1.0,0.0,0.0,0.0,DET,54.5,1,2.0,1.112,,projection only,7.0,7.0,0.0,Low,OUT,"0.0 exp opps (proj 0) · WR7 · vs DET (DvP 2, +11%) · Low confidence · OUT",,,,,,,,0
00-0034419,Braxton Berrios,WR,NYG,5121,31.0,8,Out,ACT,210.0,2018,3.0,0.3333333333333333,0.3333333333333333,0.0,0.06666666666666667,0.0,0.5,-0.03,current,current season,0.0,2026.0,5.0,sleeper,2026-10-07T05:42:17Z,,,,,,,,,,,,,,,0.0,,,0.0,0.4,0.2,0.2,0.0,WAS,43.5,0,4.0,1.098,,40% projection,4.0,4.0,0.0,Low,OUT,"0.2 exp opps (proj 0, recent 0) · WR4 · vs WAS (DvP 4, +10%) · Low confidence · OUT",0.253,2.667,1.0,3.0,0.47,3.3,0.0,0
