season,week,gsis_id,name,position,pts
2025,1,00-0023459,Aaron Rodgers,QB,25.66
2025,1,00-0034855,Baker Mayfield,QB,22.58
2025,1,00-0039732,Bo Nix,QB,8.84
2025,1,00-0037834,Brock Purdy,QB,18.78
2025,1,00-0039150,Bryce Young,QB,10.16
2025,1,00-0039163,C.J. Stroud,QB,9.72
2025,1,00-0039918,Caleb Williams,QB,24.2
2025,1,00-0040676,Cam Ward,QB,2.48
2025,1,00-0033077,Dak Prescott,QB,7.82
2025,1,00-0035710,Daniel Jones,QB,29.48
2025,1,00-0039851,Drake Maye,QB,16.78
2025,1,00-0030565,Geno Smith,QB,20.48
2025,1,00-0039923,J.J. McCarthy,QB,23.22
2025,1,00-0036389,Jalen Hurts,QB,24.28
2025,1,00-0040673,Jalen Milroe,QB,0.1
2025,1,00-0033106,Jared Goff,QB,11.9
2025,1,00-0039910,Jayden Daniels,QB,20.12
2025,1,00-0036442,Joe Burrow,QB,8.82
2025,1,00-0026158,Joe Flacco,QB,14.2
2025,1,00-0036264,Jordan Love,QB,15.92
2025,1,00-0034857,Josh Allen,QB,40.76
2025,1,00-0036945,Justin Fields,QB,29.52
2025,1,00-0036355,Justin Herbert,QB,29.92
2025,1,00-0035228,Kyler Murray,QB,18.32
2025,1,00-0034796,Lamar Jackson,QB,29.36
2025,1,00-0026498,Matthew Stafford,QB,13.6
2025,1,00-0039917,Michael Penix Jr.,QB,24.02
2025,1,00-0033873,Patrick Mahomes,QB,26.02
2025,1,00-0029263,Russell Wilson,QB,11.12
2025,1,00-0034869,Sam Darnold,QB,5.4
2025,1,00-0039376,Spencer Rattler,QB,11.46
2025,1,00-0036971,Trevor Lawrence,QB,11.32
2025,1,00-0036212,Tua Tagovailoa,QB,7.26
2025,1,00-0037013,Zach Wilson,QB,1.58
2025,1,00-0036265,AJ Dillon,RB,1.0
2025,1,00-0033293,Aaron Jones,RB,15.7
2025,1,00-0033906,Alvin Kamara,RB,13.7
2025,1,00-0036328,Antonio Gibson,RB,0.3
2025,1,00-0040122,Ashton Jeanty,RB,12.0
2025,1,00-0033699,Austin Ekeler,RB,8.7
2025,1,00-0040719,Bhayshul Tuten,RB,1.1
2025,1,00-0038542,Bijan Robinson,RB,26.4
2025,1,00-0039738,Blake Corum,RB,2.6
2025,1,00-0038488,Brady Russell,RB,0.0
2025,1,00-0039794,Braelon Allen,RB,6.9
2025,1,00-0040078,Brashard Smith,RB,0.0
2025,1,00-0038120,Breece Hall,RB,18.5
2025,1,00-0037746,Brian Robinson,RB,4.7
2025,1,00-0039361,Bucky Irving,RB,14.5
2025,1,00-0040715,Cam Skattebo,RB,2.9
2025,1,00-0038597,Chase Brown,RB,13.1
2025,1,00-0038685,Chris Brooks,RB,1.3
2025,1,00-0033280,Christian McCaffrey,RB,23.2
2025,1,00-0036555,Chuba Hubbard,RB,17.9
2025,1,00-0035567,Craig Reynolds,RB,0.0
2025,1,00-0036275,D'Andre Swift,RB,9.5
2025,1,00-0040179,DJ Giddens,RB,4.1
2025,1,00-0037258,Dameon Pierce,RB,0.5
2025,1,00-0033854,Dare Ogunbowale,RB,2.6
2025,1,00-0035685,David Montgomery,RB,8.3
2025,1,00-0039040,De'Von Achane,RB,16.5
2025,1,00-0032764,Derrick Henry,RB,31.2
2025,1,00-0040202,Devin Neal,RB,0.9
2025,1,00-0035250,Devin Singletary,RB,0.9
2025,1,00-0039407,Dylan Laube,RB,0.0
2025,1,00-0040162,Dylan Sampson,RB,17.3
2025,1,00-0038797,Emanuel Wilson,RB,0.4
2025,1,00-0038705,Emari Demercado,RB,0.0
2025,1,00-0039299,George Holani,RB,0.0
2025,1,00-0037617,Hassan Haskins,RB,0.0
2025,1,00-0039363,Isaac Guerendo,RB,0.0
2025,1,00-0039798,Isaiah Davis,RB,1.8
2025,1,00-0037197,Isiah Pacheco,RB,4.8
2025,1,00-0036158,J.K. Dobbins,RB,14.8
2025,1,00-0038896,Jacob Saylors,RB,0.0
2025,1,00-0040242,Jacory Croskey-Merritt,RB,14.2
2025,1,00-0039139,Jahmyr Gibbs,RB,15.0
2025,1,00-0033553,James Conner,RB,14.4
2025,1,00-0037248,James Cook,RB,21.2
2025,1,00-0036997,Javonte Williams,RB,20.4
2025,1,00-0037228,Jaylen Warren,RB,13.9
2025,1,00-0033955,Jeremy McNichols,RB,2.5
2025,1,00-0037267,Jerome Ford,RB,1.5
2025,1,00-0036223,Jonathan Taylor,RB,12.8
2025,1,00-0037525,Jordan Mason,RB,8.5
2025,1,00-0035700,Josh Jacobs,RB,14.0
2025,1,00-0037594,Julius Chestnut,RB,0.2
2025,1,00-0034975,Justice Hill,RB,-0.1
2025,1,00-0040142,Kaleb Johnson,RB,-0.2
2025,1,00-0033923,Kareem Hunt,RB,4.6
2025,1,00-0038551,Kendre Miller,RB,2.4
2025,1,00-0036842,Kene Nwangwu,RB,0.0
2025,1,00-0038134,Kenneth Walker III,RB,5.4
2025,1,00-0036919,Kenny Gainwell,RB,5.3
2025,1,00-0040236,Kyle Monangai,RB,2.1
2025,1,00-0037840,Kyren Williams,RB,13.9
2025,1,00-0040238,LeQuint Allen Jr.,RB,2.1
2025,1,00-0035243,Miles Sanders,RB,4.0
2025,1,00-0036893,Najee Harris,RB,2.0
2025,1,00-0034791,Nick Chubb,RB,6.0
2025,1,00-0040198,Ollie Gordon II,RB,1.3
2025,1,00-0040666,Omarion Hampton,RB,8.1
2025,1,00-0040730,RJ Harvey,RB,7.9
2025,1,00-0037256,Rachaad White,RB,2.6
2025,1,00-0040466,Raheim Sanders,RB,6.3
2025,1,00-0039796,Rasheen Ali,RB,0.5
2025,1,00-0039875,Ray Davis,RB,1.1
2025,1,00-0036875,Rhamondre Stevenson,RB,4.7
2025,1,00-0036139,Rico Dowdle,RB,3.6
2025,1,00-0033526,Samaje Perine,RB,2.6
2025,1,00-0034844,Saquon Barkley,RB,18.4
2025,1,00-0038951,Sean Tucker,RB,0.2
2025,1,00-0040208,Tahj Brooks,RB,0.0
2025,1,00-0038555,Tank Bigsby,RB,1.2
2025,1,00-0035261,Tony Pollard,RB,7.9
2025,1,00-0036973,Travis Etienne,RB,20.6
2025,1,00-0040734,TreVeyon Henderson,RB,11.1
2025,1,00-0040644,Trevor Etienne,RB,0.4
2025,1,00-0039921,Trey Benson,RB,8.5
2025,1,00-0037276,Ty Chandler,RB,0.0
2025,1,00-0035537,Ty Johnson,RB,2.4
2025,1,00-0037263,Tyler Allgeier,RB,2.4
2025,1,00-0037085,Tyler Badie,RB,3.6
2025,1,00-0039384,Tyrone Tracy Jr.,RB,5.5
2025,1,00-0040476,Ulysses Bentley IV,RB,0.0
2025,1,00-0039746,Will Shipley,RB,2.6
2025,1,00-0040583,Woody Marks,RB,0.3
2025,1,00-0039165,Zach Charbonnet,RB,10.7
2025,1,00-0038040,Zamir White,RB,0.8
2025,1,00-0039793,AJ Barner,TE,1.7
2025,1,00-0036422,Adam Trautman,TE,2.0
2025,1,00-0037292,Andrew Ogletree,TE,0.0
2025,1,00-0032392,Austin Hooper,TE,2.5
2025,1,00-0038935,Brenton Strange,TE,11.9
2025,1,00-0039530,Brevyn Spann-Ford,TE,0.0
2025,1,00-0039338,Brock Bowers,TE,19.8
2025,1,00-0038129,Cade Otton,TE,0.0
2025,1,00-0039359,Cade Stover,TE,8.2
2025,1,00-0037809,Chig Okonkwo,TE,6.4
2025,1,00-0036244,Colby Parkinson,TE,0.4
2025,1,00-0036290,Cole Kmet,TE,4.6
2025,1,00-0039686,Colson Yankoff,TE,0.0
2025,1,00-0040126,Colston Loveland,TE,4.2
2025,1,00-0034351,Dallas Goedert,TE,14.9
2025,1,00-0038933,Dalton Kincaid,TE,16.8
2025,1,00-0034383,Dalton Schultz,TE,7.3
2025,1,00-0038115,Daniel Bellinger,TE,2.9
2025,1,00-0039648,David Martin-Robinson,TE,0.0
2025,1,00-0033885,David Njoku,TE,8.2
2025,1,00-0039074,Davis Allen,TE,8.8
2025,1,00-0035689,Dawson Knox,TE,5.0
2025,1,00-0035631,Drew Sample,TE,0.0
2025,1,00-0040739,Elijah Arroyo,TE,2.2
2025,1,00-0039041,Elijah Higgins,TE,1.8
2025,1,00-0033576,Eric Saubert,TE,0.0
2025,1,00-0033881,Evan Engram,TE,6.6
2025,1,00-0036825,Feleipe Franks,TE,0.0
2025,1,00-0033288,George Kittle,TE,14.5
2025,1,00-0040584,Gunnar Helm,TE,3.1
2025,1,00-0040663,Harold Fannin Jr.,TE,17.1
2025,1,00-0033090,Hunter Henry,TE,12.6
2025,1,00-0037004,Hunter Long,TE,8.1
2025,1,00-0039356,Ja'Tavion Sanders,TE,5.7
2025,1,00-0036741,Jack Stoll,TE,0.0
2025,1,00-0040194,Jackson Hawes,TE,4.4
2025,1,00-0038041,Jake Ferguson,TE,9.8
2025,1,00-0037112,Jake Tonges,TE,12.0
2025,1,00-0037805,Jeremy Ruckert,TE,4.6
2025,1,00-0037306,John FitzPatrick,TE,1.7
2025,1,00-0033246,Johnny Mundt,TE,0.0
2025,1,00-0033858,Jonnu Smith,TE,15.0
2025,1,00-0035249,Josh Oliver,TE,2.0
2025,1,00-0038720,Julian Hill,TE,2.0
2025,1,00-0038590,Justin Shorter,TE,0.0
2025,1,00-0036040,Juwan Johnson,TE,19.6
2025,1,00-0037311,Ko Kieft,TE,0.0
2025,1,00-0036970,Kyle Pitts,TE,16.4
2025,1,00-0036876,Kylen Granson,TE,1.6
2025,1,00-0037539,Lucas Krull,TE,2.1
2025,1,00-0036887,Luke Farrell,TE,1.9
2025,1,00-0039144,Luke Musgrave,TE,1.9
2025,1,00-0038547,Luke Schoonmaker,TE,0.0
2025,1,00-0034753,Mark Andrews,TE,2.0
2025,1,00-0040736,Mason Taylor,TE,3.5
2025,1,00-0039066,Michael Mayer,TE,9.8
2025,1,00-0034829,Mike Gesicki,TE,2.9
2025,1,00-0033217,Mo Alie-Cox,TE,3.5
2025,1,00-0035644,Noah Fant,TE,14.6
2025,1,00-0036637,Noah Gray,TE,1.8
2025,1,00-0036894,Pat Freiermuth,TE,7.3
2025,1,00-0039050,Payne Durham,TE,0.0
2025,1,00-0039065,Sam LaPorta,TE,16.9
2025,1,00-0035229,T.J. Hockenson,TE,6.0
2025,1,00-0037348,Tanner Conner,TE,5.0
2025,1,00-0039847,Theo Johnson,TE,2.0
2025,1,00-0039737,Tip Reiman,TE,2.5
2025,1,00-0037005,Tommy Tremble,TE,1.7
2025,1,00-0030506,Travis Kelce,TE,13.7
2025,1,00-0037744,Trey McBride,TE,15.1
2025,1,00-0038996,Tucker Kraft,TE,10.9
2025,1,00-0034270,Tyler Conklin,TE,8.2
2025,1,00-0033110,Tyler Higbee,TE,0.0
2025,1,00-0040128,Tyler Warren,TE,18.4
2025,1,00-0034159,Will Dissly,TE,3.3
2025,1,00-0030061,Zach Ertz,TE,13.1
2025,1,00-0035676,A.J. Brown,WR,1.8
2025,1,00-0030035,Adam Thielen,WR,2.0
2025,1,00-0039890,Adonai Mitchell,WR,4.1
2025,1,00-0037664,Alec Pierce,WR,4.6
2025,1,00-0035602,Alex Bachman,WR,0.0
2025,1,00-0036963,Amon-Ra St. Brown,WR,8.5
2025,1,00-0039816,Anthony Gould,WR,0.0
2025,1,00-0040582,Arian Smith,WR,0.0
2025,1,00-0035021,Ashton Dulin,WR,1.5
2025,1,00-0036862,Ben Skowronek,WR,9.2
2025,1,00-0037091,Bo Melton,WR,0.0
2025,1,00-0031236,Brandin Cooks,WR,5.6
2025,1,00-0039893,Brian Thomas Jr.,WR,9.0
2025,1,00-0039650,Bryce Oliver,WR,1.8
2025,1,00-0038840,Brycen Tremayne,WR,0.0
2025,1,00-0037837,Calvin Austin III,WR,17.0
2025,1,00-0034837,Calvin Ridley,WR,6.7
2025,1,00-0039394,Casey Washington,WR,6.3
2025,1,00-0038979,Cedric Tillman,WR,16.2
2025,1,00-0036358,CeeDee Lamb,WR,20.0
2025,1,00-0038576,Charlie Jones,WR,0.0
2025,1,00-0040705,Chimere Dike,WR,0.9
2025,1,00-0032398,Chris Moore,WR,4.4
2025,1,00-0037239,Chris Olave,WR,12.4
2025,1,00-0035891,Cody White,WR,0.0
2025,1,00-0033908,Cooper Kupp,WR,3.5
2025,1,00-0034348,Courtland Sutton,WR,18.1
2025,1,00-0034827,DJ Moore,WR,8.6
2025,1,00-0035640,DK Metcalf,WR,12.3
2025,1,00-0035535,Darius Slayton,WR,0.0
2025,1,00-0031381,Davante Adams,WR,9.1
2025,1,00-0033589,David Moore,WR,0.0
2025,1,00-0031763,DeAndre Carter,WR,0.0
2025,1,00-0030564,DeAndre Hopkins,WR,11.5
2025,1,00-0038621,DeMario Douglas,WR,8.2
2025,1,00-0036912,DeVonta Smith,WR,4.6
2025,1,00-0036620,Dee Eskridge,WR,1.9
2025,1,00-0035719,Deebo Samuel Sr.,WR,22.6
2025,1,00-0038573,Derius Davis,WR,0.3
2025,1,00-0039424,Devaughn Vele,WR,2.3
2025,1,00-0036331,Devin Duvernay,WR,0.0
2025,1,00-0040581,Dont'e Thornton Jr.,WR,6.5
2025,1,00-0038393,Dontayvion Wicks,WR,5.0
2025,1,00-0037238,Drake London,WR,13.5
2025,1,00-0036626,Dyami Brown,WR,8.8
2025,1,00-0040170,Elic Ayomanor,WR,3.3
2025,1,00-0036980,Elijah Moore,WR,2.1
2025,1,00-0040129,Emeka Egbuka,WR,23.6
2025,1,00-0037740,Garrett Wilson,WR,22.5
2025,1,00-0037247,George Pickens,WR,6.0
2025,1,00-0035500,Greg Dortch,WR,0.8
2025,1,00-0035645,Gunner Olszewski,WR,0.0
2025,1,00-0034983,Hunter Renfrow,WR,3.1
2025,1,00-0040669,Isaac TeSlaa,WR,8.3
2025,1,00-0040782,Isaiah Bond,WR,1.5
2025,1,00-0036900,Ja'Marr Chase,WR,4.6
2025,1,00-0040729,Jack Bech,WR,3.3
2025,1,00-0037741,Jahan Dotson,WR,8.9
2025,1,00-0034960,Jakobi Meyers,WR,17.7
2025,1,00-0037291,Jalen Nailor,WR,3.8
2025,1,00-0037666,Jalen Tolbert,WR,1.0
2025,1,00-0033572,Jamal Agnew,WR,0.0
2025,1,00-0039379,Jamari Thrash,WR,1.6
2025,1,00-0037240,Jameson Williams,WR,6.6
2025,1,00-0038492,Jason Brownlee,WR,0.0
2025,1,00-0036259,Jauan Jennings,WR,3.6
2025,1,00-0038543,Jaxon Smith-Njigba,WR,21.4
2025,1,00-0040130,Jayden Higgins,WR,5.2
2025,1,00-0039146,Jayden Reed,WR,13.5
2025,1,00-0036613,Jaylen Waddle,WR,7.0
2025,1,00-0040164,Jaylin Lane,WR,2.1
2025,1,00-0040138,Jaylin Noel,WR,1.7
2025,1,00-0036407,Jerry Jeudy,WR,11.6
2025,1,00-0037614,John Metchie III,WR,0.0
2025,1,00-0039751,Jordan Whittington,WR,0.5
2025,1,00-0038997,Josh Downs,WR,3.2
2025,1,00-0036988,Josh Palmer,WR,11.1
2025,1,00-0033943,Josh Reynolds,WR,3.8
2025,1,00-0033857,JuJu Smith-Schuster,WR,10.5
2025,1,00-0036322,Justin Jefferson,WR,14.8
2025,1,00-0034386,Justin Watson,WR,4.7
2025,1,00-0037801,KaVontae Turpin,WR,4.7
2025,1,00-0032464,Kalif Raymond,WR,3.6
2025,1,00-0039589,Kameron Johnson,WR,0.0
2025,1,00-0038608,Kayshon Boutte,WR,18.3
2025,1,00-0040184,KeAndre Lambert-Smith,WR,0.0
2025,1,00-0030279,Keenan Allen,WR,19.8
2025,1,00-0039901,Keon Coleman,WR,27.2
2025,1,00-0034854,KhaDarel Hodge,WR,0.0
2025,1,00-0037261,Khalil Shakir,WR,12.4
2025,1,00-0040131,Kyle Williams,WR,2.2
2025,1,00-0040075,LaJohntay Wester,WR,0.0
2025,1,00-0039915,Ladd McConkey,WR,13.4
2025,1,00-0039355,Luke McCaffrey,WR,0.0
2025,1,00-0040735,Luther Burden III,WR,0.7
2025,1,00-0033555,Mack Hollins,WR,1.3
2025,1,00-0039337,Malik Nabers,WR,12.1
2025,1,00-0039880,Malik Washington,WR,4.9
2025,1,00-0035662,Marquise Brown,WR,19.9
2025,1,00-0039849,Marvin Harrison Jr.,WR,18.1
2025,1,00-0038976,Marvin Mims Jr.,WR,2.2
2025,1,00-0040667,Matthew Golden,WR,3.6
2025,1,00-0036252,Michael Pittman,WR,20.0
2025,1,00-0038559,Michael Wilson,WR,1.5
2025,1,00-0031408,Mike Evans,WR,10.1
2025,1,00-0040506,Myles Price,WR,0.0
2025,1,00-0036182,Nick Westbrook-Ikhine,WR,1.7
2025,1,00-0036554,Nico Collins,WR,5.5
2025,1,00-0038519,Nikko Remigio,WR,0.0
2025,1,00-0033591,Noah Brown,WR,4.7
2025,1,00-0035208,Olamide Zaccheaus,WR,8.2
2025,1,00-0038606,Parker Washington,WR,0.0
2025,1,00-0039075,Puka Nacua,WR,25.1
2025,1,00-0038544,Quentin Johnston,WR,24.9
2025,1,00-0037545,Rashid Shaheed,WR,9.3
2025,1,00-0036550,Rashod Bateman,WR,3.0
2025,1,00-0034407,Ray-Ray McCloud,WR,8.1
2025,1,00-0039916,Ricky Pearsall,WR,16.8
2025,1,00-0039919,Rome Odunze,WR,15.7
2025,1,00-0037816,Romeo Doubs,WR,8.8
2025,1,00-0038824,Ryan Miller,WR,0.0
2025,1,00-0040009,Savion Williams,WR,1.1
2025,1,00-0038090,Skyy Moore,WR,0.0
2025,1,00-0031588,Stefon Diggs,WR,11.7
2025,1,00-0032385,Sterling Shepard,WR,6.9
2025,1,00-0040154,Tai Felton,WR,0.0
2025,1,00-0036410,Tee Higgins,WR,6.3
2025,1,00-0035659,Terry McLaurin,WR,4.7
2025,1,00-0040124,Tetairoa McMillan,WR,11.8
2025,1,00-0040237,Tez Johnson,WR,0.0
2025,1,00-0040648,Tory Horton,WR,0.0
2025,1,00-0040727,Tre Harris,WR,2.1
2025,1,00-0038563,Tre Tucker,WR,13.4
2025,1,00-0034487,Trent Sherfield,WR,1.3
2025,1,00-0039868,Troy Franklin,WR,8.4
2025,1,00-0036849,Tutu Atwell,WR,1.4
2025,1,00-0036630,Tylan Wallace,WR,0.0
2025,1,00-0036427,Tyler Johnson,WR,5.1
2025,1,00-0032211,Tyler Lockett,WR,0.0
2025,1,00-0038104,Tyquan Thornton,WR,6.1
2025,1,00-0033040,Tyreek Hill,WR,8.0
2025,1,00-0037745,Velus Jones Jr.,WR,0.0
2025,1,00-0038117,Wan'Dale Robinson,WR,11.5
2025,1,00-0038496,Xavier Gipson,WR,-2.0
2025,1,00-0038618,Xavier Hutchinson,WR,5.5
2025,1,00-0039342,Xavier Legette,WR,4.0
2025,1,00-0038359,Xavier Smith,WR,4.6
2025,1,00-0039894,Xavier Worthy,WR,0.0
2025,1,00-0039064,Zay Flowers,WR,30.1
2025,1,00-0033891,Zay Jones,WR,1.4
2025,2,00-0023459,Aaron Rodgers,QB,12.42
2025,2,00-0034855,Baker Mayfield,QB,19.9
2025,2,00-0039732,Bo Nix,QB,21.24
2025,2,00-0039150,Bryce Young,QB,24.32
2025,2,00-0039163,C.J. Stroud,QB,14.98
2025,2,00-0039918,Caleb Williams,QB,17.98
2025,2,00-0040676,Cam Ward,QB,9.8
2025,2,00-0033662,Cooper Rush,QB,-0.4
2025,2,00-0033077,Dak Prescott,QB,25.14
2025,2,00-0035710,Daniel Jones,QB,24.84
2025,2,00-0040704,Dillon Gabriel,QB,4.76
2025,2,00-0039851,Drake Maye,QB,26.3
2025,2,00-0030565,Geno Smith,QB,6.2
2025,2,00-0039923,J.J. McCarthy,QB,4.82
2025,2,00-0033119,Jacoby Brissett,QB,0.2
2025,2,00-0035100,Jake Browning,QB,20.74
2025,2,00-0036389,Jalen Hurts,QB,11.54
2025,2,00-0033106,Jared Goff,QB,35.96
2025,2,00-0040691,Jaxson Dart,QB,-0.3
2025,2,00-0039910,Jayden Daniels,QB,19.7
2025,2,00-0036442,Joe Burrow,QB,7.04
2025,2,00-0026158,Joe Flacco,QB,9.76
2025,2,00-0036264,Jordan Love,QB,20.88
2025,2,00-0034857,Josh Allen,QB,11.82
2025,2,00-0036945,Justin Fields,QB,3.98
2025,2,00-0036355,Justin Herbert,QB,18.78
2025,2,00-0035228,Kyler Murray,QB,15.0
2025,2,00-0034796,Lamar Jackson,QB,26.3
2025,2,00-0036972,Mac Jones,QB,21.76
2025,2,00-0034771,Mason Rudolph,QB,0.48
2025,2,00-0026498,Matthew Stafford,QB,18.32
2025,2,00-0039917,Michael Penix Jr.,QB,5.3
2025,2,00-0033869,Mitchell Trubisky,QB,0.98
2025,2,00-0033873,Patrick Mahomes,QB,23.08
2025,2,00-0029263,Russell Wilson,QB,37.3
2025,2,00-0034869,Sam Darnold,QB,17.8
2025,2,00-0039376,Spencer Rattler,QB,21.68
2025,2,00-0036971,Trevor Lawrence,QB,21.24
2025,2,00-0036212,Tua Tagovailoa,QB,21.6
2025,2,00-0028118,Tyrod Taylor,QB,8.34
2025,2,00-0038416,Tyson Bagent,QB,1.78
2025,2,00-0036265,AJ Dillon,RB,1.9
2025,2,00-0033293,Aaron Jones,RB,2.3
2025,2,00-0033906,Alvin Kamara,RB,16.0
2025,2,00-0036328,Antonio Gibson,RB,3.8
2025,2,00-0040122,Ashton Jeanty,RB,7.4
2025,2,00-0033699,Austin Ekeler,RB,4.4
2025,2,00-0037157,Bam Knight,RB,0.0
2025,2,00-0040719,Bhayshul Tuten,RB,15.4
2025,2,00-0038542,Bijan Robinson,RB,21.8
2025,2,00-0039738,Blake Corum,RB,10.4
2025,2,00-0038488,Brady Russell,RB,0.0
2025,2,00-0039794,Braelon Allen,RB,1.1
2025,2,00-0040078,Brashard Smith,RB,0.2
2025,2,00-0038120,Breece Hall,RB,5.8
2025,2,00-0037746,Brian Robinson,RB,2.9
2025,2,00-0039361,Bucky Irving,RB,18.1
2025,2,00-0040715,Cam Skattebo,RB,13.9
2025,2,00-0038597,Chase Brown,RB,8.5
2025,2,00-0038685,Chris Brooks,RB,5.7
2025,2,00-0033280,Christian McCaffrey,RB,22.7
2025,2,00-0036555,Chuba Hubbard,RB,18.7
2025,2,00-0035567,Craig Reynolds,RB,0.4
2025,2,00-0036275,D'Andre Swift,RB,13.9
2025,2,00-0040179,DJ Giddens,RB,0.0
2025,2,00-0033854,Dare Ogunbowale,RB,0.0
2025,2,00-0035685,David Montgomery,RB,13.1
2025,2,00-0039040,De'Von Achane,RB,26.2
2025,2,00-0032764,Derrick Henry,RB,2.3
2025,2,00-0035250,Devin Singletary,RB,1.0
2025,2,00-0039407,Dylan Laube,RB,3.7
2025,2,00-0040162,Dylan Sampson,RB,10.9
2025,2,00-0038797,Emanuel Wilson,RB,0.0
2025,2,00-0039299,George Holani,RB,0.0
2025,2,00-0037617,Hassan Haskins,RB,0.0
2025,2,00-0038738,Hunter Luepke,RB,0.0
2025,2,00-0039363,Isaac Guerendo,RB,0.0
2025,2,00-0039798,Isaiah Davis,RB,1.6
2025,2,00-0037197,Isiah Pacheco,RB,3.9
2025,2,00-0036158,J.K. Dobbins,RB,15.5
2025,2,00-0038896,Jacob Saylors,RB,0.0
2025,2,00-0040242,Jacory Croskey-Merritt,RB,1.7
2025,2,00-0039139,Jahmyr Gibbs,RB,19.4
2025,2,00-0035726,Jakob Johnson,RB,0.0
2025,2,00-0033553,James Conner,RB,12.2
2025,2,00-0037248,James Cook,RB,28.5
2025,2,00-0036997,Javonte Williams,RB,25.0
2025,2,00-0037228,Jaylen Warren,RB,17.4
2025,2,00-0037267,Jerome Ford,RB,10.4
2025,2,00-0036223,Jonathan Taylor,RB,31.5
2025,2,00-0037525,Jordan Mason,RB,5.8
2025,2,00-0038678,Jordan Mims,RB,0.0
2025,2,00-0035700,Josh Jacobs,RB,14.4
2025,2,00-0034975,Justice Hill,RB,5.5
2025,2,00-0040142,Kaleb Johnson,RB,0.1
2025,2,00-0033923,Kareem Hunt,RB,4.4
2025,2,00-0038551,Kendre Miller,RB,2.0
2025,2,00-0038134,Kenneth Walker III,RB,20.8
2025,2,00-0036919,Kenny Gainwell,RB,6.6
2025,2,00-0040236,Kyle Monangai,RB,4.6
2025,2,00-0037840,Kyren Williams,RB,10.0
2025,2,00-0040238,LeQuint Allen Jr.,RB,1.3
2025,2,00-0035243,Miles Sanders,RB,9.9
2025,2,00-0036893,Najee Harris,RB,6.8
2025,2,00-0034791,Nick Chubb,RB,15.2
2025,2,00-0040198,Ollie Gordon II,RB,2.3
2025,2,00-0040666,Omarion Hampton,RB,3.5
2025,2,00-0040784,Quinshon Judkins,RB,10.1
2025,2,00-0040730,RJ Harvey,RB,3.4
2025,2,00-0037256,Rachaad White,RB,14.6
2025,2,00-0039796,Rasheen Ali,RB,0.0
2025,2,00-0039875,Ray Davis,RB,2.4
2025,2,00-0036187,Reggie Gilliam,RB,0.0
2025,2,00-0036875,Rhamondre Stevenson,RB,21.2
2025,2,00-0036139,Rico Dowdle,RB,2.9
2025,2,00-0040649,Robbie Ouzts,RB,0.0
2025,2,00-0039021,Roschon Johnson,RB,0.0
2025,2,00-0033526,Samaje Perine,RB,0.0
2025,2,00-0034844,Saquon Barkley,RB,17.4
2025,2,00-0038951,Sean Tucker,RB,0.0
2025,2,00-0040208,Tahj Brooks,RB,0.0
2025,2,00-0035261,Tony Pollard,RB,9.2
2025,2,00-0036973,Travis Etienne,RB,16.9
2025,2,00-0040734,TreVeyon Henderson,RB,6.0
2025,2,00-0040644,Trevor Etienne,RB,1.2
2025,2,00-0039921,Trey Benson,RB,8.4
2025,2,00-0035537,Ty Johnson,RB,0.6
2025,2,00-0037263,Tyler Allgeier,RB,15.0
2025,2,00-0037085,Tyler Badie,RB,4.2
2025,2,00-0039384,Tyrone Tracy Jr.,RB,9.1
2025,2,00-0040583,Woody Marks,RB,6.1
2025,2,00-0039165,Zach Charbonnet,RB,1.0
2025,2,00-0038040,Zamir White,RB,3.3
2025,2,00-0039793,AJ Barner,TE,11.8
2025,2,00-0036422,Adam Trautman,TE,11.5
2025,2,00-0037292,Andrew Ogletree,TE,0.0
2025,2,00-0032392,Austin Hooper,TE,8.3
2025,2,00-0039912,Ben Sinnott,TE,2.2
2025,2,00-0040509,Ben Yurosek,TE,0.0
2025,2,00-0038643,Brayden Willis,TE,0.0
2025,2,00-0038935,Brenton Strange,TE,6.2
2025,2,00-0039530,Brevyn Spann-Ford,TE,1.8
2025,2,00-0039338,Brock Bowers,TE,11.3
2025,2,00-0036754,Brock Wright,TE,13.3
2025,2,00-0038129,Cade Otton,TE,7.0
2025,2,00-0037809,Chig Okonkwo,TE,9.5
2025,2,00-0036290,Cole Kmet,TE,5.9
2025,2,00-0040126,Colston Loveland,TE,0.0
2025,2,00-0038933,Dalton Kincaid,TE,9.7
2025,2,00-0034383,Dalton Schultz,TE,7.4
2025,2,00-0038115,Daniel Bellinger,TE,0.0
2025,2,00-0038558,Darnell Washington,TE,2.0
2025,2,00-0033885,David Njoku,TE,10.0
2025,2,00-0039074,Davis Allen,TE,8.3
2025,2,00-0035689,Dawson Knox,TE,4.9
2025,2,00-0035631,Drew Sample,TE,2.2
2025,2,00-0040739,Elijah Arroyo,TE,6.1
2025,2,00-0039041,Elijah Higgins,TE,7.5
2025,2,00-0033576,Eric Saubert,TE,0.0
2025,2,00-0033881,Evan Engram,TE,2.7
2025,2,00-0037086,Grant Calcaterra,TE,2.1
2025,2,00-0040584,Gunnar Helm,TE,3.9
2025,2,00-0040663,Harold Fannin Jr.,TE,12.3
2025,2,00-0036232,Harrison Bryant,TE,0.0
2025,2,00-0033090,Hunter Henry,TE,2.4
2025,2,00-0034365,Ian Thomas,TE,0.0
2025,2,00-0039356,Ja'Tavion Sanders,TE,15.9
2025,2,00-0040194,Jackson Hawes,TE,2.0
2025,2,00-0038041,Jake Ferguson,TE,21.3
2025,2,00-0037112,Jake Tonges,TE,9.1
2025,2,00-0037805,Jeremy Ruckert,TE,8.0
2025,2,00-0037306,John FitzPatrick,TE,0.0
2025,2,00-0033858,Jonnu Smith,TE,8.7
2025,2,00-0036332,Josiah Deguara,TE,0.0
2025,2,00-0036040,Juwan Johnson,TE,18.4
2025,2,00-0036970,Kyle Pitts,TE,9.7
2025,2,00-0036876,Kylen Granson,TE,2.0
2025,2,00-0036887,Luke Farrell,TE,10.5
2025,2,00-0039144,Luke Musgrave,TE,6.2
2025,2,00-0038547,Luke Schoonmaker,TE,0.0
2025,2,00-0034753,Mark Andrews,TE,1.9
2025,2,00-0040736,Mason Taylor,TE,2.0
2025,2,00-0039066,Michael Mayer,TE,3.9
2025,2,00-0034829,Mike Gesicki,TE,6.3
2025,2,00-0040187,Mitchell Evans,TE,2.4
2025,2,00-0033217,Mo Alie-Cox,TE,2.3
2025,2,00-0035644,Noah Fant,TE,7.3
2025,2,00-0036637,Noah Gray,TE,1.6
2025,2,00-0036894,Pat Freiermuth,TE,7.6
2025,2,00-0039050,Payne Durham,TE,0.0
2025,2,00-0036590,Quintin Morris,TE,0.0
2025,2,00-0039065,Sam LaPorta,TE,7.1
2025,2,00-0035229,T.J. Hockenson,TE,2.7
2025,2,00-0039847,Theo Johnson,TE,9.4
2025,2,00-0037005,Tommy Tremble,TE,6.5
2025,2,00-0030506,Travis Kelce,TE,12.1
2025,2,00-0037744,Trey McBride,TE,16.8
2025,2,00-0038996,Tucker Kraft,TE,29.4
2025,2,00-0033110,Tyler Higbee,TE,9.7
2025,2,00-0040128,Tyler Warren,TE,13.9
2025,2,00-0034159,Will Dissly,TE,2.2
2025,2,00-0030061,Zach Ertz,TE,21.4
2025,2,00-0037340,Zaire Mitchell-Paden,TE,0.0
2025,2,00-0035676,A.J. Brown,WR,7.7
2025,2,00-0030035,Adam Thielen,WR,4.6
2025,2,00-0039890,Adonai Mitchell,WR,4.0
2025,2,00-0037664,Alec Pierce,WR,10.8
2025,2,00-0036963,Amon-Ra St. Brown,WR,41.2
2025,2,00-0038619,Andrei Iosivas,WR,2.2
2025,2,00-0039816,Anthony Gould,WR,0.0
2025,2,00-0040582,Arian Smith,WR,0.8
2025,2,00-0035021,Ashton Dulin,WR,0.0
2025,2,00-0040432,Beaux Collins,WR,0.0
2025,2,00-0036862,Ben Skowronek,WR,0.0
2025,2,00-0031236,Brandin Cooks,WR,4.6
2025,2,00-0039893,Brian Thomas Jr.,WR,8.9
2025,2,00-0039650,Bryce Oliver,WR,0.0
2025,2,00-0038840,Brycen Tremayne,WR,7.8
2025,2,00-0037837,Calvin Austin III,WR,3.2
2025,2,00-0034837,Calvin Ridley,WR,8.7
2025,2,00-0038979,Cedric Tillman,WR,10.2
2025,2,00-0036358,CeeDee Lamb,WR,22.2
2025,2,00-0038576,Charlie Jones,WR,0.0
2025,2,00-0040705,Chimere Dike,WR,2.8
2025,2,00-0037239,Chris Olave,WR,11.4
2025,2,00-0033908,Cooper Kupp,WR,16.0
2025,2,00-0034348,Courtland Sutton,WR,1.6
2025,2,00-0034827,DJ Moore,WR,9.6
2025,2,00-0035640,DK Metcalf,WR,11.0
2025,2,00-0037093,Dareke Young,WR,0.0
2025,2,00-0035535,Darius Slayton,WR,8.1
2025,2,00-0036309,Darnell Mooney,WR,4.0
2025,2,00-0031381,Davante Adams,WR,24.6
2025,2,00-0031763,DeAndre Carter,WR,0.0
2025,2,00-0030564,DeAndre Hopkins,WR,14.4
2025,2,00-0038621,DeMario Douglas,WR,1.8
2025,2,00-0036912,DeVonta Smith,WR,9.3
2025,2,00-0036620,Dee Eskridge,WR,1.8
2025,2,00-0035719,Deebo Samuel Sr.,WR,17.4
2025,2,00-0038573,Derius Davis,WR,0.0
2025,2,00-0039424,Devaughn Vele,WR,7.3
2025,2,00-0036331,Devin Duvernay,WR,0.0
2025,2,00-0039792,Devontez Walker,WR,16.6
2025,2,00-0040581,Dont'e Thornton Jr.,WR,3.0
2025,2,00-0038393,Dontayvion Wicks,WR,8.4
2025,2,00-0037238,Drake London,WR,5.9
2025,2,00-0036626,Dyami Brown,WR,17.6
2025,2,00-0040170,Elic Ayomanor,WR,15.6
2025,2,00-0036980,Elijah Moore,WR,10.7
2025,2,00-0040129,Emeka Egbuka,WR,12.9
2025,2,00-0037740,Garrett Wilson,WR,9.0
2025,2,00-0037247,George Pickens,WR,17.8
2025,2,00-0035500,Greg Dortch,WR,2.1
2025,2,00-0035645,Gunner Olszewski,WR,0.0
2025,2,00-0034983,Hunter Renfrow,WR,23.8
2025,2,00-0040669,Isaac TeSlaa,WR,3.9
2025,2,00-0040782,Isaiah Bond,WR,2.5
2025,2,00-0039451,Isaiah Williams,WR,0.0
2025,2,00-0036900,Ja'Marr Chase,WR,38.5
2025,2,00-0037741,Jahan Dotson,WR,1.4
2025,2,00-0034960,Jakobi Meyers,WR,12.8
2025,2,00-0037291,Jalen Nailor,WR,6.1
2025,2,00-0037666,Jalen Tolbert,WR,3.6
2025,2,00-0039379,Jamari Thrash,WR,1.5
2025,2,00-0037240,Jameson Williams,WR,20.8
2025,2,00-0036259,Jauan Jennings,WR,19.9
2025,2,00-0038543,Jaxon Smith-Njigba,WR,20.3
2025,2,00-0040130,Jayden Higgins,WR,3.8
2025,2,00-0036613,Jaylen Waddle,WR,17.8
2025,2,00-0040164,Jaylin Lane,WR,1.2
2025,2,00-0040138,Jaylin Noel,WR,0.0
2025,2,00-0036407,Jerry Jeudy,WR,9.1
2025,2,00-0037614,John Metchie III,WR,1.0
2025,2,00-0039751,Jordan Whittington,WR,6.2
2025,2,00-0038997,Josh Downs,WR,11.1
2025,2,00-0036988,Josh Palmer,WR,6.7
2025,2,00-0033857,JuJu Smith-Schuster,WR,1.5
2025,2,00-0036322,Justin Jefferson,WR,11.1
2025,2,00-0034386,Justin Watson,WR,1.3
2025,2,00-0037801,KaVontae Turpin,WR,15.3
2025,2,00-0032464,Kalif Raymond,WR,3.3
2025,2,00-0039589,Kameron Johnson,WR,0.0
2025,2,00-0038608,Kayshon Boutte,WR,8.6
2025,2,00-0040184,KeAndre Lambert-Smith,WR,0.0
2025,2,00-0030279,Keenan Allen,WR,17.1
2025,2,00-0033307,Kendrick Bourne,WR,6.2
2025,2,00-0039901,Keon Coleman,WR,5.6
2025,2,00-0037261,Khalil Shakir,WR,2.2
2025,2,00-0040075,LaJohntay Wester,WR,0.0
2025,2,00-0039915,Ladd McConkey,WR,9.8
2025,2,00-0039355,Luke McCaffrey,WR,4.9
2025,2,00-0040735,Luther Burden III,WR,1.5
2025,2,00-0033555,Mack Hollins,WR,7.8
2025,2,00-0038465,Malik Heath,WR,4.7
2025,2,00-0039337,Malik Nabers,WR,39.7
2025,2,00-0039880,Malik Washington,WR,3.5
2025,2,00-0034272,Marquez Valdes-Scantling,WR,0.0
2025,2,00-0035662,Marquise Brown,WR,8.0
2025,2,00-0039849,Marvin Harrison Jr.,WR,4.7
2025,2,00-0038976,Marvin Mims Jr.,WR,10.4
2025,2,00-0040667,Matthew Golden,WR,1.5
2025,2,00-0036252,Michael Pittman,WR,8.0
2025,2,00-0038559,Michael Wilson,WR,8.1
2025,2,00-0031408,Mike Evans,WR,10.6
2025,2,00-0038839,Mitchell Tinsley,WR,8.3
2025,2,00-0040506,Myles Price,WR,-2.0
2025,2,00-0036182,Nick Westbrook-Ikhine,WR,3.8
2025,2,00-0036554,Nico Collins,WR,14.2
2025,2,00-0038519,Nikko Remigio,WR,3.1
2025,2,00-0033591,Noah Brown,WR,1.9
2025,2,00-0035208,Olamide Zaccheaus,WR,4.1
2025,2,00-0038606,Parker Washington,WR,12.6
2025,2,00-0040134,Pat Bryant,WR,3.8
2025,2,00-0039075,Puka Nacua,WR,27.6
2025,2,00-0038544,Quentin Johnston,WR,15.9
2025,2,00-0037545,Rashid Shaheed,WR,15.2
2025,2,00-0036550,Rashod Bateman,WR,3.5
2025,2,00-0034407,Ray-Ray McCloud,WR,0.0
2025,2,00-0039916,Ricky Pearsall,WR,9.2
2025,2,00-0039739,Roman Wilson,WR,1.7
2025,2,00-0039919,Rome Odunze,WR,33.8
2025,2,00-0037816,Romeo Doubs,WR,11.8
2025,2,00-0039410,Ryan Flournoy,WR,0.0
2025,2,00-0038824,Ryan Miller,WR,9.0
2025,2,00-0040009,Savion Williams,WR,2.4
2025,2,00-0038090,Skyy Moore,WR,0.0
2025,2,00-0031588,Stefon Diggs,WR,7.2
2025,2,00-0032385,Sterling Shepard,WR,7.4
2025,2,00-0036410,Tee Higgins,WR,14.6
2025,2,00-0035659,Terry McLaurin,WR,9.8
2025,2,00-0040124,Tetairoa McMillan,WR,18.0
2025,2,00-0033375,Tim Patrick,WR,0.0
2025,2,00-0040648,Tory Horton,WR,11.2
2025,2,00-0040727,Tre Harris,WR,5.4
2025,2,00-0038563,Tre Tucker,WR,4.9
2025,2,00-0034487,Trent Sherfield,WR,1.3
2025,2,00-0039868,Troy Franklin,WR,24.0
2025,2,00-0036849,Tutu Atwell,WR,0.0
2025,2,00-0036630,Tylan Wallace,WR,10.5
2025,2,00-0036427,Tyler Johnson,WR,0.0
2025,2,00-0032211,Tyler Lockett,WR,2.9
2025,2,00-0038104,Tyquan Thornton,WR,13.9
2025,2,00-0033040,Tyreek Hill,WR,18.9
2025,2,00-0038679,Tyrell Shavers,WR,0.0
2025,2,00-0036415,Van Jefferson,WR,3.0
2025,2,00-0038117,Wan'Dale Robinson,WR,30.2
2025,2,00-0038618,Xavier Hutchinson,WR,4.9
2025,2,00-0039342,Xavier Legette,WR,0.8
2025,2,00-0038359,Xavier Smith,WR,0.0
2025,2,00-0039064,Zay Flowers,WR,14.9
2025,3,00-0023459,Aaron Rodgers,QB,12.66
2025,3,00-0027973,Andy Dalton,QB,-0.1
2025,3,00-0039164,Anthony Richardson,QB,-0.1
2025,3,00-0034855,Baker Mayfield,QB,17.72
2025,3,00-0039732,Bo Nix,QB,13.42
2025,3,00-0034955,Brett Rypien,QB,0.0
2025,3,00-0039150,Bryce Young,QB,11.64
2025,3,00-0039163,C.J. Stroud,QB,12.36
2025,3,00-0039918,Caleb Williams,QB,29.12
2025,3,00-0040676,Cam Ward,QB,12.96
2025,3,00-0032950,Carson Wentz,QB,15.32
2025,3,00-0033077,Dak Prescott,QB,14.04
2025,3,00-0035710,Daniel Jones,QB,15.82
2025,3,00-0039851,Drake Maye,QB,20.22
2025,3,00-0035704,Drew Lock,QB,0.5
2025,3,00-0030565,Geno Smith,QB,26.06
2025,3,00-0035100,Jake Browning,QB,7.9
2025,3,00-0036389,Jalen Hurts,QB,29.04
2025,3,00-0040673,Jalen Milroe,QB,0.3
2025,3,00-0033106,Jared Goff,QB,12.68
2025,3,00-0040691,Jaxson Dart,QB,0.3
2025,3,00-0026158,Joe Flacco,QB,4.68
2025,3,00-0039398,Joe Milton III,QB,0.64
2025,3,00-0036264,Jordan Love,QB,12.12
2025,3,00-0034857,Josh Allen,QB,23.02
2025,3,00-0036355,Justin Herbert,QB,17.6
2025,3,00-0029604,Kirk Cousins,QB,1.16
2025,3,00-0035228,Kyler Murray,QB,14.06
2025,3,00-0034796,Lamar Jackson,QB,27.02
2025,3,00-0036972,Mac Jones,QB,14.26
2025,3,00-0032268,Marcus Mariota,QB,20.28
2025,3,00-0026498,Matthew Stafford,QB,14.84
2025,3,00-0040494,Max Brosmer,QB,1.16
2025,3,00-0039917,Michael Penix Jr.,QB,5.78
2025,3,00-0033873,Patrick Mahomes,QB,13.16
2025,3,00-0029263,Russell Wilson,QB,7.1
2025,3,00-0034869,Sam Darnold,QB,16.72
2025,3,00-0039376,Spencer Rattler,QB,12.72
2025,3,00-0036971,Trevor Lawrence,QB,8.78
2025,3,00-0036212,Tua Tagovailoa,QB,13.84
2025,3,00-0040743,Tyler Shough,QB,0.0
2025,3,00-0028118,Tyrod Taylor,QB,17.68
2025,3,00-0033906,Alvin Kamara,RB,6.6
2025,3,00-0036328,Antonio Gibson,RB,0.8
2025,3,00-0040122,Ashton Jeanty,RB,6.3
2025,3,00-0040719,Bhayshul Tuten,RB,8.1
2025,3,00-0038542,Bijan Robinson,RB,16.1
2025,3,00-0039738,Blake Corum,RB,5.3
2025,3,00-0038488,Brady Russell,RB,0.0
2025,3,00-0039794,Braelon Allen,RB,6.7
2025,3,00-0040078,Brashard Smith,RB,1.3
2025,3,00-0038120,Breece Hall,RB,9.2
2025,3,00-0037746,Brian Robinson,RB,2.2
2025,3,00-0039361,Bucky Irving,RB,13.9
2025,3,00-0036414,Cam Akers,RB,1.9
2025,3,00-0040715,Cam Skattebo,RB,24.1
2025,3,00-0038597,Chase Brown,RB,6.0
2025,3,00-0038685,Chris Brooks,RB,0.0
2025,3,00-0038611,Chris Rodriguez Jr.,RB,3.9
2025,3,00-0033280,Christian McCaffrey,RB,24.0
2025,3,00-0036555,Chuba Hubbard,RB,9.6
2025,3,00-0036275,D'Andre Swift,RB,10.8
2025,3,00-0040179,DJ Giddens,RB,0.3
2025,3,00-0033854,Dare Ogunbowale,RB,0.0
2025,3,00-0035685,David Montgomery,RB,31.4
2025,3,00-0039040,De'Von Achane,RB,16.1
2025,3,00-0032764,Derrick Henry,RB,10.7
2025,3,00-0035250,Devin Singletary,RB,1.1
2025,3,00-0039407,Dylan Laube,RB,0.2
2025,3,00-0040162,Dylan Sampson,RB,0.2
2025,3,00-0038797,Emanuel Wilson,RB,2.5
2025,3,00-0038705,Emari Demercado,RB,0.0
2025,3,00-0039299,George Holani,RB,4.2
2025,3,00-0037617,Hassan Haskins,RB,0.0
2025,3,00-0039363,Isaac Guerendo,RB,0.0
2025,3,00-0039798,Isaiah Davis,RB,0.0
2025,3,00-0037197,Isiah Pacheco,RB,5.8
2025,3,00-0036158,J.K. Dobbins,RB,15.3
2025,3,00-0040067,Jacardia Wright,RB,2.0
2025,3,00-0038896,Jacob Saylors,RB,0.0
2025,3,00-0040242,Jacory Croskey-Merritt,RB,10.1
2025,3,00-0039139,Jahmyr Gibbs,RB,26.9
2025,3,00-0035726,Jakob Johnson,RB,0.0
2025,3,00-0033553,James Conner,RB,6.7
2025,3,00-0037248,James Cook,RB,22.8
2025,3,00-0036997,Javonte Williams,RB,12.2
2025,3,00-0037228,Jaylen Warren,RB,13.1
2025,3,00-0033955,Jeremy McNichols,RB,13.8
2025,3,00-0037267,Jerome Ford,RB,5.0
2025,3,00-0036223,Jonathan Taylor,RB,34.8
2025,3,00-0037525,Jordan Mason,RB,25.6
2025,3,00-0035700,Josh Jacobs,RB,12.4
2025,3,00-0037594,Julius Chestnut,RB,2.6
2025,3,00-0034975,Justice Hill,RB,7.5
2025,3,00-0033923,Kareem Hunt,RB,11.4
2025,3,00-0038551,Kendre Miller,RB,5.6
2025,3,00-0038134,Kenneth Walker III,RB,18.0
2025,3,00-0036919,Kenny Gainwell,RB,9.6
2025,3,00-0040236,Kyle Monangai,RB,3.0
2025,3,00-0037840,Kyren Williams,RB,19.2
2025,3,00-0040238,LeQuint Allen Jr.,RB,1.9
2025,3,00-0035243,Miles Sanders,RB,8.3
2025,3,00-0036893,Najee Harris,RB,2.8
2025,3,00-0040547,Nate Carter,RB,2.6
2025,3,00-0034791,Nick Chubb,RB,7.0
2025,3,00-0040198,Ollie Gordon II,RB,9.8
2025,3,00-0040666,Omarion Hampton,RB,24.9
2025,3,00-0040784,Quinshon Judkins,RB,16.5
2025,3,00-0040730,RJ Harvey,RB,4.6
2025,3,00-0037256,Rachaad White,RB,2.4
2025,3,00-0039796,Rasheen Ali,RB,0.0
2025,3,00-0039875,Ray Davis,RB,0.0
2025,3,00-0036875,Rhamondre Stevenson,RB,4.6
2025,3,00-0036139,Rico Dowdle,RB,10.8
2025,3,00-0039021,Roschon Johnson,RB,0.0
2025,3,00-0033526,Samaje Perine,RB,0.1
2025,3,00-0034844,Saquon Barkley,RB,9.5
2025,3,00-0038951,Sean Tucker,RB,0.0
2025,3,00-0039364,Sione Vaki,RB,0.0
2025,3,00-0040208,Tahj Brooks,RB,1.7
2025,3,00-0038555,Tank Bigsby,RB,0.0
2025,3,00-0035261,Tony Pollard,RB,13.9
2025,3,00-0036973,Travis Etienne,RB,11.6
2025,3,00-0040734,TreVeyon Henderson,RB,7.7
2025,3,00-0040644,Trevor Etienne,RB,-2.0
2025,3,00-0039921,Trey Benson,RB,8.1
2025,3,00-0035537,Ty Johnson,RB,3.1
2025,3,00-0037263,Tyler Allgeier,RB,1.4
2025,3,00-0037085,Tyler Badie,RB,0.0
2025,3,00-0037120,Tyler Goodson,RB,0.6
2025,3,00-0039384,Tyrone Tracy Jr.,RB,5.6
2025,3,00-0040583,Woody Marks,RB,4.6
2025,3,00-0038040,Zamir White,RB,3.3
2025,3,00-0038440,Zavier Scott,RB,6.0
2025,3,00-0039793,AJ Barner,TE,3.8
2025,3,00-0036422,Adam Trautman,TE,0.0
2025,3,00-0032392,Austin Hooper,TE,5.8
2025,3,00-0040509,Ben Yurosek,TE,0.0
2025,3,00-0038710,Blake Whiteheart,TE,0.0
2025,3,00-0038643,Brayden Willis,TE,0.0
2025,3,00-0038935,Brenton Strange,TE,15.1
2025,3,00-0039530,Brevyn Spann-Ford,TE,0.0
2025,3,00-0039338,Brock Bowers,TE,11.8
2025,3,00-0039631,Cam Grandy,TE,2.1
2025,3,00-0038046,Charlie Kolar,TE,5.2
2025,3,00-0036429,Charlie Woerner,TE,1.0
2025,3,00-0037809,Chig Okonkwo,TE,14.1
2025,3,00-0031484,Chris Manhertz,TE,2.2
2025,3,00-0036290,Cole Kmet,TE,8.5
2025,3,00-0039686,Colson Yankoff,TE,0.0
2025,3,00-0040126,Colston Loveland,TE,4.6
2025,3,00-0034351,Dallas Goedert,TE,10.8
2025,3,00-0038933,Dalton Kincaid,TE,20.1
2025,3,00-0034383,Dalton Schultz,TE,11.4
2025,3,00-0038115,Daniel Bellinger,TE,2.1
2025,3,00-0033885,David Njoku,TE,11.5
2025,3,00-0039074,Davis Allen,TE,1.8
2025,3,00-0035631,Drew Sample,TE,11.0
2025,3,00-0040739,Elijah Arroyo,TE,0.0
2025,3,00-0039041,Elijah Higgins,TE,2.2
2025,3,00-0033576,Eric Saubert,TE,2.7
2025,3,00-0037086,Grant Calcaterra,TE,0.0
2025,3,00-0040584,Gunnar Helm,TE,7.2
2025,3,00-0040663,Harold Fannin Jr.,TE,7.0
2025,3,00-0033090,Hunter Henry,TE,33.0
2025,3,00-0037004,Hunter Long,TE,4.2
2025,3,00-0039356,Ja'Tavion Sanders,TE,4.1
2025,3,00-0036741,Jack Stoll,TE,11.1
2025,3,00-0040194,Jackson Hawes,TE,8.0
2025,3,00-0038041,Jake Ferguson,TE,27.7
2025,3,00-0037112,Jake Tonges,TE,5.1
2025,3,00-0037306,John FitzPatrick,TE,10.2
2025,3,00-0033246,Johnny Mundt,TE,2.2
2025,3,00-0033858,Jonnu Smith,TE,6.8
2025,3,00-0035249,Josh Oliver,TE,8.7
2025,3,00-0038720,Julian Hill,TE,1.9
2025,3,00-0036040,Juwan Johnson,TE,14.1
2025,3,00-0037311,Ko Kieft,TE,0.0
2025,3,00-0036970,Kyle Pitts,TE,9.9
2025,3,00-0036876,Kylen Granson,TE,0.0
2025,3,00-0037539,Lucas Krull,TE,2.4
2025,3,00-0038547,Luke Schoonmaker,TE,2.0
2025,3,00-0034753,Mark Andrews,TE,30.1
2025,3,00-0040736,Mason Taylor,TE,7.8
2025,3,00-0039066,Michael Mayer,TE,0.0
2025,3,00-0034829,Mike Gesicki,TE,2.1
2025,3,00-0040187,Mitchell Evans,TE,2.4
2025,3,00-0035644,Noah Fant,TE,8.1
2025,3,00-0036637,Noah Gray,TE,6.2
2025,3,00-0040189,Oronde Gadsden II,TE,12.1
2025,3,00-0036894,Pat Freiermuth,TE,2.1
2025,3,00-0039065,Sam LaPorta,TE,9.3
2025,3,00-0035229,T.J. Hockenson,TE,18.4
2025,3,00-0037348,Tanner Conner,TE,2.8
2025,3,00-0039847,Theo Johnson,TE,2.5
2025,3,00-0039737,Tip Reiman,TE,3.8
2025,3,00-0037005,Tommy Tremble,TE,4.6
2025,3,00-0030506,Travis Kelce,TE,8.6
2025,3,00-0037744,Trey McBride,TE,17.8
2025,3,00-0037654,Tucker Fisk,TE,0.0
2025,3,00-0038996,Tucker Kraft,TE,7.4
2025,3,00-0034270,Tyler Conklin,TE,0.0
2025,3,00-0033110,Tyler Higbee,TE,0.0
2025,3,00-0040128,Tyler Warren,TE,8.3
2025,3,00-0030061,Zach Ertz,TE,8.3
2025,3,00-0035676,A.J. Brown,WR,24.9
2025,3,00-0030035,Adam Thielen,WR,0.0
2025,3,00-0039890,Adonai Mitchell,WR,0.0
2025,3,00-0037664,Alec Pierce,WR,10.7
2025,3,00-0034521,Allen Lazard,WR,9.3
2025,3,00-0036963,Amon-Ra St. Brown,WR,20.7
2025,3,00-0039816,Anthony Gould,WR,0.0
2025,3,00-0040582,Arian Smith,WR,2.2
2025,3,00-0035021,Ashton Dulin,WR,0.0
2025,3,00-0036862,Ben Skowronek,WR,0.0
2025,3,00-0031236,Brandin Cooks,WR,5.4
2025,3,00-0039893,Brian Thomas Jr.,WR,7.5
2025,3,00-0038840,Brycen Tremayne,WR,3.5
2025,3,00-0037837,Calvin Austin III,WR,12.4
2025,3,00-0034837,Calvin Ridley,WR,3.7
2025,3,00-0038979,Cedric Tillman,WR,5.6
2025,3,00-0038576,Charlie Jones,WR,0.0
2025,3,00-0040705,Chimere Dike,WR,3.5
2025,3,00-0032398,Chris Moore,WR,4.5
2025,3,00-0037239,Chris Olave,WR,15.7
2025,3,00-0034775,Christian Kirk,WR,5.5
2025,3,00-0033908,Cooper Kupp,WR,5.1
2025,3,00-0034348,Courtland Sutton,WR,25.8
2025,3,00-0034827,DJ Moore,WR,12.8
2025,3,00-0035640,DK Metcalf,WR,12.2
2025,3,00-0040629,Dalevon Campbell,WR,0.0
2025,3,00-0037093,Dareke Young,WR,2.2
2025,3,00-0035535,Darius Slayton,WR,7.0
2025,3,00-0036309,Darnell Mooney,WR,8.4
2025,3,00-0031381,Davante Adams,WR,14.6
2025,3,00-0033589,David Moore,WR,1.5
2025,3,00-0035359,David Sills,WR,1.9
2025,3,00-0031763,DeAndre Carter,WR,0.0
2025,3,00-0030564,DeAndre Hopkins,WR,2.3
2025,3,00-0038621,DeMario Douglas,WR,2.7
2025,3,00-0036912,DeVonta Smith,WR,20.0
2025,3,00-0036620,Dee Eskridge,WR,0.0
2025,3,00-0035719,Deebo Samuel Sr.,WR,4.9
2025,3,00-0038573,Derius Davis,WR,-1.8
2025,3,00-0036331,Devin Duvernay,WR,0.0
2025,3,00-0039792,Devontez Walker,WR,4.4
2025,3,00-0040581,Dont'e Thornton Jr.,WR,4.9
2025,3,00-0038393,Dontayvion Wicks,WR,4.1
2025,3,00-0037238,Drake London,WR,10.5
2025,3,00-0036626,Dyami Brown,WR,2.7
2025,3,00-0040170,Elic Ayomanor,WR,13.8
2025,3,00-0036980,Elijah Moore,WR,6.1
2025,3,00-0040129,Emeka Egbuka,WR,14.5
2025,3,00-0037740,Garrett Wilson,WR,24.4
2025,3,00-0037247,George Pickens,WR,17.8
2025,3,00-0035500,Greg Dortch,WR,2.8
2025,3,00-0035645,Gunner Olszewski,WR,0.0
2025,3,00-0034983,Hunter Renfrow,WR,2.6
2025,3,00-0040669,Isaac TeSlaa,WR,0.0
2025,3,00-0040782,Isaiah Bond,WR,3.6
2025,3,00-0039451,Isaiah Williams,WR,0.0
2025,3,00-0036900,Ja'Marr Chase,WR,8.9
2025,3,00-0040729,Jack Bech,WR,2.0
2025,3,00-0037741,Jahan Dotson,WR,1.7
2025,3,00-0034960,Jakobi Meyers,WR,9.3
2025,3,00-0037291,Jalen Nailor,WR,6.7
2025,3,00-0037666,Jalen Tolbert,WR,7.4
2025,3,00-0039379,Jamari Thrash,WR,2.7
2025,3,00-0037240,Jameson Williams,WR,6.3
2025,3,00-0038543,Jaxon Smith-Njigba,WR,20.6
2025,3,00-0040130,Jayden Higgins,WR,1.5
2025,3,00-0036613,Jaylen Waddle,WR,14.9
2025,3,00-0040164,Jaylin Lane,WR,0.8
2025,3,00-0040138,Jaylin Noel,WR,1.4
2025,3,00-0036407,Jerry Jeudy,WR,2.7
2025,3,00-0037614,John Metchie III,WR,1.8
2025,3,00-0039751,Jordan Whittington,WR,3.4
2025,3,00-0038997,Josh Downs,WR,5.4
2025,3,00-0036988,Josh Palmer,WR,1.5
2025,3,00-0033857,JuJu Smith-Schuster,WR,9.5
2025,3,00-0036322,Justin Jefferson,WR,12.5
2025,3,00-0037801,KaVontae Turpin,WR,8.8
2025,3,00-0037380,Kaden Davis,WR,0.0
2025,3,00-0032464,Kalif Raymond,WR,1.4
2025,3,00-0039589,Kameron Johnson,WR,0.0
2025,3,00-0038608,Kayshon Boutte,WR,4.8
2025,3,00-0030279,Keenan Allen,WR,19.5
2025,3,00-0033307,Kendrick Bourne,WR,7.8
2025,3,00-0039901,Keon Coleman,WR,5.0
2025,3,00-0037231,Kevin Austin Jr.,WR,0.0
2025,3,00-0037261,Khalil Shakir,WR,14.5
2025,3,00-0040131,Kyle Williams,WR,1.8
2025,3,00-0040075,LaJohntay Wester,WR,0.0
2025,3,00-0039915,Ladd McConkey,WR,8.1
2025,3,00-0039355,Luke McCaffrey,WR,14.6
2025,3,00-0040735,Luther Burden III,WR,21.8
2025,3,00-0033555,Mack Hollins,WR,6.7
2025,3,00-0038465,Malik Heath,WR,0.0
2025,3,00-0039337,Malik Nabers,WR,3.3
2025,3,00-0039880,Malik Washington,WR,6.2
2025,3,00-0034272,Marquez Valdes-Scantling,WR,1.9
2025,3,00-0035662,Marquise Brown,WR,8.2
2025,3,00-0039849,Marvin Harrison Jr.,WR,7.4
2025,3,00-0038976,Marvin Mims Jr.,WR,1.4
2025,3,00-0040667,Matthew Golden,WR,10.1
2025,3,00-0036252,Michael Pittman,WR,19.3
2025,3,00-0038559,Michael Wilson,WR,1.5
2025,3,00-0031408,Mike Evans,WR,13.3
2025,3,00-0038839,Mitchell Tinsley,WR,0.0
2025,3,00-0040506,Myles Price,WR,0.0
2025,3,00-0036182,Nick Westbrook-Ikhine,WR,0.0
2025,3,00-0036554,Nico Collins,WR,24.4
2025,3,00-0038519,Nikko Remigio,WR,1.1
2025,3,00-0035208,Olamide Zaccheaus,WR,6.6
2025,3,00-0038606,Parker Washington,WR,7.4
2025,3,00-0039075,Puka Nacua,WR,24.8
2025,3,00-0038544,Quentin Johnston,WR,14.9
2025,3,00-0037545,Rashid Shaheed,WR,8.2
2025,3,00-0036550,Rashod Bateman,WR,17.3
2025,3,00-0034407,Ray-Ray McCloud,WR,4.0
2025,3,00-0039916,Ricky Pearsall,WR,21.7
2025,3,00-0039919,Rome Odunze,WR,15.2
2025,3,00-0037816,Romeo Doubs,WR,4.5
2025,3,00-0039410,Ryan Flournoy,WR,4.1
2025,3,00-0038824,Ryan Miller,WR,0.0
2025,3,00-0040009,Savion Williams,WR,-0.1
2025,3,00-0036646,Simi Fehoko,WR,0.0
2025,3,00-0038090,Skyy Moore,WR,2.0
2025,3,00-0031588,Stefon Diggs,WR,5.3
2025,3,00-0032385,Sterling Shepard,WR,12.0
2025,3,00-0040154,Tai Felton,WR,1.9
2025,3,00-0036410,Tee Higgins,WR,2.5
2025,3,00-0035659,Terry McLaurin,WR,10.4
2025,3,00-0040124,Tetairoa McMillan,WR,7.8
2025,3,00-0040237,Tez Johnson,WR,0.0
2025,3,00-0033375,Tim Patrick,WR,2.6
2025,3,00-0040648,Tory Horton,WR,12.2
2025,3,00-0040727,Tre Harris,WR,0.0
2025,3,00-0038563,Tre Tucker,WR,42.9
2025,3,00-0039868,Troy Franklin,WR,2.8
2025,3,00-0036849,Tutu Atwell,WR,0.0
2025,3,00-0036630,Tylan Wallace,WR,0.0
2025,3,00-0036427,Tyler Johnson,WR,5.2
2025,3,00-0032211,Tyler Lockett,WR,7.7
2025,3,00-0038104,Tyquan Thornton,WR,18.1
2025,3,00-0033040,Tyreek Hill,WR,15.9
2025,3,00-0038679,Tyrell Shavers,WR,4.4
2025,3,00-0036415,Van Jefferson,WR,1.8
2025,3,00-0037745,Velus Jones Jr.,WR,0.0
2025,3,00-0038117,Wan'Dale Robinson,WR,3.6
2025,3,00-0038618,Xavier Hutchinson,WR,4.6
2025,3,00-0038359,Xavier Smith,WR,0.0
2025,3,00-0039064,Zay Flowers,WR,3.3
2025,3,00-0033891,Zay Jones,WR,4.5
2025,4,00-0023459,Aaron Rodgers,QB,12.8
2025,4,00-0027973,Andy Dalton,QB,6.32
2025,4,00-0034855,Baker Mayfield,QB,19.86
2025,4,00-0039732,Bo Nix,QB,28.74
2025,4,00-0037834,Brock Purdy,QB,21.66
2025,4,00-0039150,Bryce Young,QB,10.3
2025,4,00-0039163,C.J. Stroud,QB,18.42
2025,4,00-0039918,Caleb Williams,QB,12.78
2025,4,00-0040676,Cam Ward,QB,5.52
2025,4,00-0032950,Carson Wentz,QB,25.2
2025,4,00-0033662,Cooper Rush,QB,2.08
2025,4,00-0033077,Dak Prescott,QB,32.96
2025,4,00-0035710,Daniel Jones,QB,12.38
2025,4,00-0040704,Dillon Gabriel,QB,0.0
2025,4,00-0039851,Drake Maye,QB,23.22
2025,4,00-0035289,Gardner Minshew,QB,-0.3
2025,4,00-0030565,Geno Smith,QB,12.78
2025,4,00-0035100,Jake Browning,QB,5.4
2025,4,00-0036389,Jalen Hurts,QB,19.4
2025,4,00-0033106,Jared Goff,QB,13.72
2025,4,00-0040691,Jaxson Dart,QB,19.84
2025,4,00-0026158,Joe Flacco,QB,3.26
2025,4,00-0036264,Jordan Love,QB,28.28
2025,4,00-0034857,Josh Allen,QB,25.86
2025,4,00-0033949,Joshua Dobbs,QB,-0.2
2025,4,00-0036945,Justin Fields,QB,27.14
2025,4,00-0036355,Justin Herbert,QB,14.52
2025,4,00-0034577,Kyle Allen,QB,-0.2
2025,4,00-0035228,Kyler Murray,QB,18.1
2025,4,00-0034796,Lamar Jackson,QB,11.68
2025,4,00-0032268,Marcus Mariota,QB,17.24
2025,4,00-0026498,Matthew Stafford,QB,29.4
2025,4,00-0039917,Michael Penix Jr.,QB,21.72
2025,4,00-0033873,Patrick Mahomes,QB,27.3
2025,4,00-0029263,Russell Wilson,QB,0.32
2025,4,00-0034869,Sam Darnold,QB,16.08
2025,4,00-0039376,Spencer Rattler,QB,13.94
2025,4,00-0036971,Trevor Lawrence,QB,11.66
2025,4,00-0036212,Tua Tagovailoa,QB,15.68
2025,4,00-0036265,AJ Dillon,RB,1.7
2025,4,00-0033906,Alvin Kamara,RB,11.2
2025,4,00-0036328,Antonio Gibson,RB,8.7
2025,4,00-0040122,Ashton Jeanty,RB,35.5
2025,4,00-0037157,Bam Knight,RB,0.0
2025,4,00-0040719,Bhayshul Tuten,RB,3.2
2025,4,00-0038542,Bijan Robinson,RB,30.1
2025,4,00-0039738,Blake Corum,RB,3.6
2025,4,00-0039794,Braelon Allen,RB,0.6
2025,4,00-0040078,Brashard Smith,RB,6.6
2025,4,00-0038120,Breece Hall,RB,16.1
2025,4,00-0037746,Brian Robinson,RB,2.1
2025,4,00-0039361,Bucky Irving,RB,27.5
2025,4,00-0040715,Cam Skattebo,RB,13.0
2025,4,00-0038597,Chase Brown,RB,10.1
2025,4,00-0038685,Chris Brooks,RB,1.1
2025,4,00-0038611,Chris Rodriguez Jr.,RB,5.9
2025,4,00-0033280,Christian McCaffrey,RB,26.1
2025,4,00-0036555,Chuba Hubbard,RB,9.9
2025,4,00-0035567,Craig Reynolds,RB,0.0
2025,4,00-0036275,D'Andre Swift,RB,16.0
2025,4,00-0035685,David Montgomery,RB,1.2
2025,4,00-0039040,De'Von Achane,RB,17.1
2025,4,00-0032764,Derrick Henry,RB,7.8
2025,4,00-0035250,Devin Singletary,RB,2.8
2025,4,00-0039407,Dylan Laube,RB,0.0
2025,4,00-0040162,Dylan Sampson,RB,-0.2
2025,4,00-0038797,Emanuel Wilson,RB,11.1
2025,4,00-0038705,Emari Demercado,RB,10.1
2025,4,00-0039299,George Holani,RB,0.0
2025,4,00-0037617,Hassan Haskins,RB,0.0
2025,4,00-0038738,Hunter Luepke,RB,0.6
2025,4,00-0039798,Isaiah Davis,RB,4.7
2025,4,00-0037197,Isiah Pacheco,RB,12.8
2025,4,00-0036158,J.K. Dobbins,RB,13.5
2025,4,00-0038896,Jacob Saylors,RB,1.1
2025,4,00-0040242,Jacory Croskey-Merritt,RB,7.7
2025,4,00-0039139,Jahmyr Gibbs,RB,17.7
2025,4,00-0037248,James Cook,RB,24.5
2025,4,00-0036997,Javonte Williams,RB,19.0
2025,4,00-0033955,Jeremy McNichols,RB,1.3
2025,4,00-0037267,Jerome Ford,RB,1.3
2025,4,00-0036223,Jonathan Taylor,RB,14.6
2025,4,00-0037525,Jordan Mason,RB,10.2
2025,4,00-0035700,Josh Jacobs,RB,31.7
2025,4,00-0037594,Julius Chestnut,RB,0.0
2025,4,00-0034975,Justice Hill,RB,28.7
2025,4,00-0040142,Kaleb Johnson,RB,2.2
2025,4,00-0033923,Kareem Hunt,RB,5.7
2025,4,00-0038551,Kendre Miller,RB,12.5
2025,4,00-0038134,Kenneth Walker III,RB,12.0
2025,4,00-0036919,Kenny Gainwell,RB,31.4
2025,4,00-0039391,Kimani Vidal,RB,0.0
2025,4,00-0040236,Kyle Monangai,RB,1.8
2025,4,00-0037840,Kyren Williams,RB,10.4
2025,4,00-0040238,LeQuint Allen Jr.,RB,1.7
2025,4,00-0036924,Michael Carter,RB,0.1
2025,4,00-0035243,Miles Sanders,RB,4.5
2025,4,00-0034791,Nick Chubb,RB,8.2
2025,4,00-0040198,Ollie Gordon II,RB,1.0
2025,4,00-0040666,Omarion Hampton,RB,29.5
2025,4,00-0040784,Quinshon Judkins,RB,21.5
2025,4,00-0040730,RJ Harvey,RB,19.8
2025,4,00-0037256,Rachaad White,RB,8.6
2025,4,00-0031687,Raheem Mostert,RB,8.3
2025,4,00-0039796,Rasheen Ali,RB,0.0
2025,4,00-0039875,Ray Davis,RB,0.3
2025,4,00-0036875,Rhamondre Stevenson,RB,5.1
2025,4,00-0036139,Rico Dowdle,RB,4.0
2025,4,00-0039021,Roschon Johnson,RB,0.0
2025,4,00-0033526,Samaje Perine,RB,0.4
2025,4,00-0034844,Saquon Barkley,RB,17.4
2025,4,00-0038951,Sean Tucker,RB,0.0
2025,4,00-0040208,Tahj Brooks,RB,0.0
2025,4,00-0038555,Tank Bigsby,RB,0.0
2025,4,00-0035261,Tony Pollard,RB,10.6
2025,4,00-0036973,Travis Etienne,RB,21.5
2025,4,00-0040734,TreVeyon Henderson,RB,12.6
2025,4,00-0040644,Trevor Etienne,RB,3.3
2025,4,00-0039921,Trey Benson,RB,10.4
2025,4,00-0036984,Trey Sermon,RB,0.0
2025,4,00-0035537,Ty Johnson,RB,0.0
2025,4,00-0037263,Tyler Allgeier,RB,11.1
2025,4,00-0037085,Tyler Badie,RB,2.1
2025,4,00-0037120,Tyler Goodson,RB,1.0
2025,4,00-0039746,Will Shipley,RB,0.0
2025,4,00-0040583,Woody Marks,RB,27.9
2025,4,00-0039165,Zach Charbonnet,RB,12.4
2025,4,00-0038440,Zavier Scott,RB,16.4
2025,4,00-0039793,AJ Barner,TE,13.7
2025,4,00-0036422,Adam Trautman,TE,6.2
2025,4,00-0037292,Andrew Ogletree,TE,0.0
2025,4,00-0032392,Austin Hooper,TE,3.9
2025,4,00-0039912,Ben Sinnott,TE,0.0
2025,4,00-0038710,Blake Whiteheart,TE,0.0
2025,4,00-0038643,Brayden Willis,TE,0.0
2025,4,00-0038935,Brenton Strange,TE,13.5
2025,4,00-0039338,Brock Bowers,TE,12.1
2025,4,00-0036754,Brock Wright,TE,0.0
2025,4,00-0038129,Cade Otton,TE,5.4
2025,4,00-0038564,Cameron Latu,TE,0.0
2025,4,00-0037809,Chig Okonkwo,TE,1.9
2025,4,00-0031484,Chris Manhertz,TE,0.0
2025,4,00-0036244,Colby Parkinson,TE,4.7
2025,4,00-0036290,Cole Kmet,TE,9.1
2025,4,00-0039686,Colson Yankoff,TE,0.0
2025,4,00-0034351,Dallas Goedert,TE,21.7
2025,4,00-0038933,Dalton Kincaid,TE,10.3
2025,4,00-0034383,Dalton Schultz,TE,10.5
2025,4,00-0038115,Daniel Bellinger,TE,2.8
2025,4,00-0038558,Darnell Washington,TE,6.5
2025,4,00-0031610,Darren Waller,TE,19.2
2025,4,00-0033885,David Njoku,TE,4.1
2025,4,00-0039074,Davis Allen,TE,1.5
2025,4,00-0035689,Dawson Knox,TE,0.0
2025,4,00-0039754,Devin Culp,TE,0.0
2025,4,00-0040739,Elijah Arroyo,TE,7.4
2025,4,00-0039041,Elijah Higgins,TE,0.0
2025,4,00-0033576,Eric Saubert,TE,0.0
2025,4,00-0033881,Evan Engram,TE,8.9
2025,4,00-0036825,Feleipe Franks,TE,0.0
2025,4,00-0037086,Grant Calcaterra,TE,3.1
2025,4,00-0040584,Gunnar Helm,TE,2.7
2025,4,00-0040663,Harold Fannin Jr.,TE,5.5
2025,4,00-0033090,Hunter Henry,TE,12.9
2025,4,00-0037004,Hunter Long,TE,12.8
2025,4,00-0034365,Ian Thomas,TE,0.0
2025,4,00-0036741,Jack Stoll,TE,2.2
2025,4,00-0040194,Jackson Hawes,TE,3.0
2025,4,00-0038041,Jake Ferguson,TE,20.5
2025,4,00-0037112,Jake Tonges,TE,16.3
2025,4,00-0037282,James Mitchell,TE,4.7
2025,4,00-0037805,Jeremy Ruckert,TE,3.8
2025,4,00-0033246,Johnny Mundt,TE,0.0
2025,4,00-0033858,Jonnu Smith,TE,3.6
2025,4,00-0035249,Josh Oliver,TE,0.0
2025,4,00-0038720,Julian Hill,TE,3.4
2025,4,00-0038590,Justin Shorter,TE,0.0
2025,4,00-0036040,Juwan Johnson,TE,7.3
2025,4,00-0036970,Kyle Pitts,TE,20.5
2025,4,00-0036876,Kylen Granson,TE,0.0
2025,4,00-0036887,Luke Farrell,TE,3.0
2025,4,00-0039144,Luke Musgrave,TE,2.1
2025,4,00-0038547,Luke Schoonmaker,TE,3.8
2025,4,00-0034753,Mark Andrews,TE,13.5
2025,4,00-0040736,Mason Taylor,TE,14.0
2025,4,00-0034829,Mike Gesicki,TE,2.3
2025,4,00-0040187,Mitchell Evans,TE,12.8
2025,4,00-0038783,Nate Adkins,TE,3.5
2025,4,00-0036637,Noah Gray,TE,1.6
2025,4,00-0040189,Oronde Gadsden II,TE,4.6
2025,4,00-0039050,Payne Durham,TE,0.0
2025,4,00-0036590,Quintin Morris,TE,0.0
2025,4,00-0033757,Robert Tonyan,TE,0.0
2025,4,00-0039065,Sam LaPorta,TE,8.4
2025,4,00-0035229,T.J. Hockenson,TE,9.9
2025,4,00-0037348,Tanner Conner,TE,0.0
2025,4,00-0039847,Theo Johnson,TE,12.2
2025,4,00-0037005,Tommy Tremble,TE,17.7
2025,4,00-0030506,Travis Kelce,TE,12.3
2025,4,00-0037744,Trey McBride,TE,15.7
2025,4,00-0037654,Tucker Fisk,TE,0.0
2025,4,00-0038996,Tucker Kraft,TE,13.1
2025,4,00-0034270,Tyler Conklin,TE,1.8
2025,4,00-0033110,Tyler Higbee,TE,5.5
2025,4,00-0040128,Tyler Warren,TE,20.8
2025,4,00-0030061,Zach Ertz,TE,7.1
2025,4,00-0035676,A.J. Brown,WR,2.7
2025,4,00-0030035,Adam Thielen,WR,3.1
2025,4,00-0039890,Adonai Mitchell,WR,10.6
2025,4,00-0034521,Allen Lazard,WR,1.8
2025,4,00-0036963,Amon-Ra St. Brown,WR,26.0
2025,4,00-0038619,Andrei Iosivas,WR,3.7
2025,4,00-0039816,Anthony Gould,WR,0.0
2025,4,00-0035021,Ashton Dulin,WR,2.8
2025,4,00-0036862,Ben Skowronek,WR,0.0
2025,4,00-0037091,Bo Melton,WR,0.0
2025,4,00-0031236,Brandin Cooks,WR,5.2
2025,4,00-0039893,Brian Thomas Jr.,WR,10.6
2025,4,00-0038840,Brycen Tremayne,WR,6.6
2025,4,00-0037837,Calvin Austin III,WR,3.3
2025,4,00-0034837,Calvin Ridley,WR,5.0
2025,4,00-0039394,Casey Washington,WR,2.9
2025,4,00-0038979,Cedric Tillman,WR,1.6
2025,4,00-0038576,Charlie Jones,WR,0.0
2025,4,00-0040705,Chimere Dike,WR,-0.4
2025,4,00-0033921,Chris Godwin Jr.,WR,5.6
2025,4,00-0032398,Chris Moore,WR,0.9
2025,4,00-0037239,Chris Olave,WR,10.0
2025,4,00-0034775,Christian Kirk,WR,5.0
2025,4,00-0033908,Cooper Kupp,WR,6.6
2025,4,00-0034348,Courtland Sutton,WR,19.1
2025,4,00-0033282,Curtis Samuel,WR,1.9
2025,4,00-0034827,DJ Moore,WR,7.8
2025,4,00-0035640,DK Metcalf,WR,25.6
2025,4,00-0037093,Dareke Young,WR,0.0
2025,4,00-0035535,Darius Slayton,WR,7.4
2025,4,00-0036309,Darnell Mooney,WR,2.5
2025,4,00-0031381,Davante Adams,WR,15.6
2025,4,00-0033589,David Moore,WR,1.2
2025,4,00-0031763,DeAndre Carter,WR,0.0
2025,4,00-0030564,DeAndre Hopkins,WR,0.0
2025,4,00-0036912,DeVonta Smith,WR,4.9
2025,4,00-0035719,Deebo Samuel Sr.,WR,20.1
2025,4,00-0032775,Demarcus Robinson,WR,3.0
2025,4,00-0036331,Devin Duvernay,WR,0.0
2025,4,00-0039792,Devontez Walker,WR,0.0
2025,4,00-0040581,Dont'e Thornton Jr.,WR,0.0
2025,4,00-0038393,Dontayvion Wicks,WR,3.9
2025,4,00-0037238,Drake London,WR,27.0
2025,4,00-0040170,Elic Ayomanor,WR,6.4
2025,4,00-0036980,Elijah Moore,WR,0.0
2025,4,00-0040129,Emeka Egbuka,WR,22.1
2025,4,00-0037740,Garrett Wilson,WR,20.2
2025,4,00-0037247,George Pickens,WR,35.4
2025,4,00-0035500,Greg Dortch,WR,7.9
2025,4,00-0035645,Gunner Olszewski,WR,0.0
2025,4,00-0034983,Hunter Renfrow,WR,3.0
2025,4,00-0040782,Isaiah Bond,WR,8.8
2025,4,00-0039451,Isaiah Williams,WR,-2.0
2025,4,00-0036900,Ja'Marr Chase,WR,7.3
2025,4,00-0040729,Jack Bech,WR,0.0
2025,4,00-0037741,Jahan Dotson,WR,0.0
2025,4,00-0040277,Jahdae Walker,WR,0.0
2025,4,00-0038752,Jake Bobo,WR,2.7
2025,4,00-0034960,Jakobi Meyers,WR,7.0
2025,4,00-0037291,Jalen Nailor,WR,9.2
2025,4,00-0040646,Jalen Royals,WR,0.0
2025,4,00-0037666,Jalen Tolbert,WR,10.1
2025,4,00-0033572,Jamal Agnew,WR,0.0
2025,4,00-0037240,Jameson Williams,WR,5.7
2025,4,00-0036259,Jauan Jennings,WR,6.4
2025,4,00-0038543,Jaxon Smith-Njigba,WR,13.0
2025,4,00-0040130,Jayden Higgins,WR,9.4
2025,4,00-0036613,Jaylen Waddle,WR,7.8
2025,4,00-0040164,Jaylin Lane,WR,3.8
2025,4,00-0040138,Jaylin Noel,WR,1.0
2025,4,00-0036407,Jerry Jeudy,WR,7.8
2025,4,00-0037614,John Metchie III,WR,3.0
2025,4,00-0038994,Jordan Addison,WR,17.4
2025,4,00-0039751,Jordan Whittington,WR,1.7
2025,4,00-0038997,Josh Downs,WR,6.4
2025,4,00-0036988,Josh Palmer,WR,4.5
2025,4,00-0033943,Josh Reynolds,WR,0.0
2025,4,00-0033857,JuJu Smith-Schuster,WR,13.6
2025,4,00-0036322,Justin Jefferson,WR,24.6
2025,4,00-0037801,KaVontae Turpin,WR,6.4
2025,4,00-0032464,Kalif Raymond,WR,3.3
2025,4,00-0039589,Kameron Johnson,WR,0.0
2025,4,00-0038608,Kayshon Boutte,WR,2.8
2025,4,00-0040184,KeAndre Lambert-Smith,WR,0.0
2025,4,00-0030279,Keenan Allen,WR,8.7
2025,4,00-0033307,Kendrick Bourne,WR,2.7
2025,4,00-0039901,Keon Coleman,WR,7.5
2025,4,00-0037261,Khalil Shakir,WR,17.9
2025,4,00-0040131,Kyle Williams,WR,-0.2
2025,4,00-0039915,Ladd McConkey,WR,2.1
2025,4,00-0039355,Luke McCaffrey,WR,10.1
2025,4,00-0040735,Luther Burden III,WR,1.6
2025,4,00-0033555,Mack Hollins,WR,7.4
2025,4,00-0038465,Malik Heath,WR,1.9
2025,4,00-0039337,Malik Nabers,WR,4.0
2025,4,00-0039880,Malik Washington,WR,4.1
2025,4,00-0035662,Marquise Brown,WR,12.8
2025,4,00-0039849,Marvin Harrison Jr.,WR,18.6
2025,4,00-0038976,Marvin Mims Jr.,WR,20.5
2025,4,00-0040667,Matthew Golden,WR,11.3
2025,4,00-0036252,Michael Pittman,WR,15.1
2025,4,00-0038559,Michael Wilson,WR,4.5
2025,4,00-0038839,Mitchell Tinsley,WR,1.9
2025,4,00-0040506,Myles Price,WR,0.0
2025,4,00-0036182,Nick Westbrook-Ikhine,WR,1.1
2025,4,00-0036554,Nico Collins,WR,11.9
2025,4,00-0038519,Nikko Remigio,WR,0.0
2025,4,00-0035208,Olamide Zaccheaus,WR,9.1
2025,4,00-0038606,Parker Washington,WR,-0.1
2025,4,00-0040134,Pat Bryant,WR,0.0
2025,4,00-0039075,Puka Nacua,WR,38.0
2025,4,00-0038544,Quentin Johnston,WR,23.8
2025,4,00-0037545,Rashid Shaheed,WR,9.2
2025,4,00-0036550,Rashod Bateman,WR,3.4
2025,4,00-0034407,Ray-Ray McCloud,WR,0.3
2025,4,00-0039916,Ricky Pearsall,WR,8.6
2025,4,00-0039919,Rome Odunze,WR,16.9
2025,4,00-0037816,Romeo Doubs,WR,29.8
2025,4,00-0039410,Ryan Flournoy,WR,4.6
2025,4,00-0040009,Savion Williams,WR,5.3
2025,4,00-0035298,Scott Miller,WR,0.0
2025,4,00-0036646,Simi Fehoko,WR,0.0
2025,4,00-0038090,Skyy Moore,WR,0.0
2025,4,00-0031588,Stefon Diggs,WR,18.1
2025,4,00-0032385,Sterling Shepard,WR,4.0
2025,4,00-0040154,Tai Felton,WR,0.0
2025,4,00-0037524,Tay Martin,WR,2.4
2025,4,00-0036410,Tee Higgins,WR,6.2
2025,4,00-0040124,Tetairoa McMillan,WR,10.2
2025,4,00-0040237,Tez Johnson,WR,2.3
2025,4,00-0033375,Tim Patrick,WR,0.9
2025,4,00-0040648,Tory Horton,WR,2.0
2025,4,00-0040727,Tre Harris,WR,0.0
2025,4,00-0038563,Tre Tucker,WR,4.2
2025,4,00-0039868,Troy Franklin,WR,9.5
2025,4,00-0036849,Tutu Atwell,WR,15.8
2025,4,00-0036630,Tylan Wallace,WR,2.4
2025,4,00-0032211,Tyler Lockett,WR,0.0
2025,4,00-0038104,Tyquan Thornton,WR,8.1
2025,4,00-0033040,Tyreek Hill,WR,12.7
2025,4,00-0038679,Tyrell Shavers,WR,0.0
2025,4,00-0036415,Van Jefferson,WR,1.6
2025,4,00-0037745,Velus Jones Jr.,WR,0.0
2025,4,00-0038117,Wan'Dale Robinson,WR,4.4
2025,4,00-0038618,Xavier Hutchinson,WR,3.7
2025,4,00-0038359,Xavier Smith,WR,0.0
2025,4,00-0039521,Xavier Weaver,WR,0.0
2025,4,00-0039894,Xavier Worthy,WR,17.1
2025,4,00-0039064,Zay Flowers,WR,14.4
2025,5,00-0039164,Anthony Richardson,QB,2.26
2025,5,00-0034855,Baker Mayfield,QB,28.66
2025,5,00-0039732,Bo Nix,QB,17.88
2025,5,00-0039150,Bryce Young,QB,13.02
2025,5,00-0039163,C.J. Stroud,QB,28.76
2025,5,00-0040676,Cam Ward,QB,9.0
2025,5,00-0032950,Carson Wentz,QB,14.74
2025,5,00-0033662,Cooper Rush,QB,4.16
2025,5,00-0033077,Dak Prescott,QB,28.28
2025,5,00-0035710,Daniel Jones,QB,16.68
2025,5,00-0036898,Davis Mills,QB,1.22
2025,5,00-0040704,Dillon Gabriel,QB,16.1
2025,5,00-0039851,Drake Maye,QB,12.12
2025,5,00-0030565,Geno Smith,QB,7.92
2025,5,00-0033119,Jacoby Brissett,QB,0.0
2025,5,00-0035100,Jake Browning,QB,22.14
2025,5,00-0036389,Jalen Hurts,QB,19.5
2025,5,00-0040673,Jalen Milroe,QB,-2.0
2025,5,00-0033106,Jared Goff,QB,20.12
2025,5,00-0040691,Jaxson Dart,QB,17.58
2025,5,00-0039910,Jayden Daniels,QB,17.14
2025,5,00-0034857,Josh Allen,QB,20.42
2025,5,00-0036945,Justin Fields,QB,25.92
2025,5,00-0036355,Justin Herbert,QB,15.64
2025,5,00-0035228,Kyler Murray,QB,15.3
2025,5,00-0036972,Mac Jones,QB,24.18
2025,5,00-0026498,Matthew Stafford,QB,27.56
2025,5,00-0040494,Max Brosmer,QB,-0.1
2025,5,00-0033873,Patrick Mahomes,QB,29.72
2025,5,00-0034869,Sam Darnold,QB,30.64
2025,5,00-0039376,Spencer Rattler,QB,16.1
2025,5,00-0036971,Trevor Lawrence,QB,27.24
2025,5,00-0037012,Trey Lance,QB,2.86
2025,5,00-0036212,Tua Tagovailoa,QB,22.74
2025,5,00-0036265,AJ Dillon,RB,1.2
2025,5,00-0033906,Alvin Kamara,RB,9.5
2025,5,00-0032104,Ameer Abdullah,RB,6.6
2025,5,00-0036328,Antonio Gibson,RB,3.6
2025,5,00-0040122,Ashton Jeanty,RB,15.9
2025,5,00-0036950,Avery Williams,RB,0.0
2025,5,00-0037157,Bam Knight,RB,9.4
2025,5,00-0040719,Bhayshul Tuten,RB,2.1
2025,5,00-0039738,Blake Corum,RB,1.3
2025,5,00-0040078,Brashard Smith,RB,6.6
2025,5,00-0038120,Breece Hall,RB,19.5
2025,5,00-0037746,Brian Robinson,RB,1.2
2025,5,00-0039603,British Brooks,RB,1.5
2025,5,00-0036414,Cam Akers,RB,5.28
2025,5,00-0040715,Cam Skattebo,RB,14.4
2025,5,00-0038597,Chase Brown,RB,11.8
2025,5,00-0038611,Chris Rodriguez Jr.,RB,0.7
2025,5,00-0033280,Christian McCaffrey,RB,27.9
2025,5,00-0035567,Craig Reynolds,RB,0.0
2025,5,00-0040179,DJ Giddens,RB,2.2
2025,5,00-0037258,Dameon Pierce,RB,2.1
2025,5,00-0033854,Dare Ogunbowale,RB,0.0
2025,5,00-0035685,David Montgomery,RB,18.22
2025,5,00-0039040,De'Von Achane,RB,16.6
2025,5,00-0036425,DeeJay Dallas,RB,0.0
2025,5,00-0032764,Derrick Henry,RB,9.3
2025,5,00-0035250,Devin Singletary,RB,3.4
2025,5,00-0039407,Dylan Laube,RB,0.0
2025,5,00-0040162,Dylan Sampson,RB,1.2
2025,5,00-0038705,Emari Demercado,RB,6.1
2025,5,00-0039299,George Holani,RB,0.0
2025,5,00-0037617,Hassan Haskins,RB,2.5
2025,5,00-0038738,Hunter Luepke,RB,2.0
2025,5,00-0039363,Isaac Guerendo,RB,0.0
2025,5,00-0039798,Isaiah Davis,RB,6.3
2025,5,00-0037197,Isiah Pacheco,RB,8.6
2025,5,00-0036158,J.K. Dobbins,RB,15.4
2025,5,00-0038896,Jacob Saylors,RB,0.0
2025,5,00-0040242,Jacory Croskey-Merritt,RB,29.0
2025,5,00-0039139,Jahmyr Gibbs,RB,16.7
2025,5,00-0037248,James Cook,RB,4.9
2025,5,00-0036997,Javonte Williams,RB,28.9
2025,5,00-0040586,Jaydon Blue,RB,0.7
2025,5,00-0033955,Jeremy McNichols,RB,2.8
2025,5,00-0037267,Jerome Ford,RB,5.8
2025,5,00-0036223,Jonathan Taylor,RB,31.6
2025,5,00-0037525,Jordan Mason,RB,12.6
2025,5,00-0040429,Josh Williams,RB,0.0
2025,5,00-0037594,Julius Chestnut,RB,0.3
2025,5,00-0034975,Justice Hill,RB,2.2
2025,5,00-0033923,Kareem Hunt,RB,18.7
2025,5,00-0038454,Keaton Mitchell,RB,2.3
2025,5,00-0038551,Kendre Miller,RB,5.9
2025,5,00-0038134,Kenneth Walker III,RB,9.6
2025,5,00-0036906,Khalil Herbert,RB,0.0
2025,5,00-0039391,Kimani Vidal,RB,2.9
2025,5,00-0037840,Kyren Williams,RB,31.1
2025,5,00-0040238,LeQuint Allen Jr.,RB,0.0
2025,5,00-0036924,Michael Carter,RB,18.3
2025,5,00-0034791,Nick Chubb,RB,12.1
2025,5,00-0040198,Ollie Gordon II,RB,-0.2
2025,5,00-0040666,Omarion Hampton,RB,13.0
2025,5,00-0040784,Quinshon Judkins,RB,15.8
2025,5,00-0040730,RJ Harvey,RB,6.0
2025,5,00-0037256,Rachaad White,RB,23.1
2025,5,00-0031687,Raheem Mostert,RB,2.2
2025,5,00-0039796,Rasheen Ali,RB,0.0
2025,5,00-0039875,Ray Davis,RB,0.1
2025,5,00-0036187,Reggie Gilliam,RB,0.0
2025,5,00-0036875,Rhamondre Stevenson,RB,14.7
2025,5,00-0036139,Rico Dowdle,RB,38.4
2025,5,00-0033526,Samaje Perine,RB,4.9
2025,5,00-0034844,Saquon Barkley,RB,17.8
2025,5,00-0038951,Sean Tucker,RB,2.9
2025,5,00-0038555,Tank Bigsby,RB,0.0
2025,5,00-0035261,Tony Pollard,RB,14.8
2025,5,00-0036973,Travis Etienne,RB,8.8
2025,5,00-0040734,TreVeyon Henderson,RB,4.7
2025,5,00-0040644,Trevor Etienne,RB,3.9
2025,5,00-0035537,Ty Johnson,RB,1.0
2025,5,00-0039032,Tyjae Spears,RB,1.4
2025,5,00-0037085,Tyler Badie,RB,2.6
2025,5,00-0039746,Will Shipley,RB,1.4
2025,5,00-0040583,Woody Marks,RB,2.4
2025,5,00-0039165,Zach Charbonnet,RB,11.8
2025,5,00-0038440,Zavier Scott,RB,-0.2
2025,5,00-0039793,AJ Barner,TE,27.8
2025,5,00-0036422,Adam Trautman,TE,2.6
2025,5,00-0036423,Albert Okwuegbunam,TE,11.1
2025,5,00-0038643,Brayden Willis,TE,0.0
2025,5,00-0039458,Brenden Bates,TE,5.3
2025,5,00-0038935,Brenton Strange,TE,3.7
2025,5,00-0039530,Brevyn Spann-Ford,TE,0.0
2025,5,00-0036754,Brock Wright,TE,9.9
2025,5,00-0038129,Cade Otton,TE,14.1
2025,5,00-0038564,Cameron Latu,TE,0.0
2025,5,00-0038046,Charlie Kolar,TE,2.5
2025,5,00-0037809,Chig Okonkwo,TE,10.8
2025,5,00-0036244,Colby Parkinson,TE,0.0
2025,5,00-0039686,Colson Yankoff,TE,0.0
2025,5,00-0034351,Dallas Goedert,TE,12.4
2025,5,00-0038933,Dalton Kincaid,TE,21.8
2025,5,00-0034383,Dalton Schultz,TE,13.5
2025,5,00-0038115,Daniel Bellinger,TE,11.2
2025,5,00-0031610,Darren Waller,TE,21.3
2025,5,00-0033885,David Njoku,TE,21.7
2025,5,00-0039074,Davis Allen,TE,5.4
2025,5,00-0035689,Dawson Knox,TE,4.5
2025,5,00-0035631,Drew Sample,TE,1.4
2025,5,00-0040739,Elijah Arroyo,TE,2.5
2025,5,00-0039041,Elijah Higgins,TE,4.0
2025,5,00-0033881,Evan Engram,TE,15.3
2025,5,00-0037086,Grant Calcaterra,TE,4.8
2025,5,00-0040584,Gunnar Helm,TE,9.4
2025,5,00-0040663,Harold Fannin Jr.,TE,13.3
2025,5,00-0036232,Harrison Bryant,TE,2.0
2025,5,00-0033090,Hunter Henry,TE,7.6
2025,5,00-0037004,Hunter Long,TE,1.8
2025,5,00-0034365,Ian Thomas,TE,6.5
2025,5,00-0037838,Isaiah Likely,TE,2.7
2025,5,00-0038041,Jake Ferguson,TE,27.4
2025,5,00-0037112,Jake Tonges,TE,20.6
2025,5,00-0037282,James Mitchell,TE,2.6
2025,5,00-0037805,Jeremy Ruckert,TE,8.8
2025,5,00-0036628,John Bates,TE,2.4
2025,5,00-0033246,Johnny Mundt,TE,2.2
2025,5,00-0035249,Josh Oliver,TE,12.5
2025,5,00-0038720,Julian Hill,TE,8.2
2025,5,00-0036040,Juwan Johnson,TE,4.7
2025,5,00-0036876,Kylen Granson,TE,0.0
2025,5,00-0036887,Luke Farrell,TE,2.3
2025,5,00-0038547,Luke Schoonmaker,TE,1.8
2025,5,00-0034753,Mark Andrews,TE,5.2
2025,5,00-0040736,Mason Taylor,TE,22.2
2025,5,00-0034829,Mike Gesicki,TE,4.5
2025,5,00-0040187,Mitchell Evans,TE,7.9
2025,5,00-0038783,Nate Adkins,TE,0.0
2025,5,00-0040189,Oronde Gadsden II,TE,2.9
2025,5,00-0039050,Payne Durham,TE,0.0
2025,5,00-0036590,Quintin Morris,TE,0.0
2025,5,00-0039065,Sam LaPorta,TE,22.7
2025,5,00-0035229,T.J. Hockenson,TE,12.8
2025,5,00-0037348,Tanner Conner,TE,4.6
2025,5,00-0033357,Taysom Hill,TE,0.66
2025,5,00-0040737,Terrance Ferguson,TE,3.6
2025,5,00-0039847,Theo Johnson,TE,24.3
2025,5,00-0039737,Tip Reiman,TE,0.0
2025,5,00-0037005,Tommy Tremble,TE,2.2
2025,5,00-0030506,Travis Kelce,TE,22.6
2025,5,00-0038456,Travis Vokolek,TE,0.0
2025,5,00-0037744,Trey McBride,TE,11.6
2025,5,00-0034270,Tyler Conklin,TE,6.0
2025,5,00-0040128,Tyler Warren,TE,16.4
2025,5,00-0030061,Zach Ertz,TE,0.0
2025,5,00-0037340,Zaire Mitchell-Paden,TE,1.8
2025,5,00-0035676,A.J. Brown,WR,9.3
2025,5,00-0039890,Adonai Mitchell,WR,0.0
2025,5,00-0035602,Alex Bachman,WR,1.9
2025,5,00-0034521,Allen Lazard,WR,1.3
2025,5,00-0036963,Amon-Ra St. Brown,WR,20.0
2025,5,00-0038619,Andrei Iosivas,WR,13.2
2025,5,00-0039816,Anthony Gould,WR,0.0
2025,5,00-0040582,Arian Smith,WR,2.4
2025,5,00-0035021,Ashton Dulin,WR,7.5
2025,5,00-0040432,Beaux Collins,WR,1.7
2025,5,00-0031236,Brandin Cooks,WR,1.5
2025,5,00-0039893,Brian Thomas Jr.,WR,12.0
2025,5,00-0038840,Brycen Tremayne,WR,1.9
2025,5,00-0034837,Calvin Ridley,WR,20.1
2025,5,00-0038576,Charlie Jones,WR,0.0
2025,5,00-0040705,Chimere Dike,WR,3.7
2025,5,00-0033921,Chris Godwin Jr.,WR,5.6
2025,5,00-0032398,Chris Moore,WR,0.0
2025,5,00-0037239,Chris Olave,WR,12.9
2025,5,00-0034775,Christian Kirk,WR,10.4
2025,5,00-0033908,Cooper Kupp,WR,11.9
2025,5,00-0034348,Courtland Sutton,WR,17.9
2025,5,00-0033282,Curtis Samuel,WR,10.6
2025,5,00-0037093,Dareke Young,WR,4.6
2025,5,00-0035535,Darius Slayton,WR,4.1
2025,5,00-0031381,Davante Adams,WR,13.8
2025,5,00-0030564,DeAndre Hopkins,WR,6.6
2025,5,00-0038621,DeMario Douglas,WR,3.7
2025,5,00-0036912,DeVonta Smith,WR,21.4
2025,5,00-0036620,Dee Eskridge,WR,0.0
2025,5,00-0035719,Deebo Samuel Sr.,WR,23.6
2025,5,00-0032775,Demarcus Robinson,WR,6.9
2025,5,00-0039424,Devaughn Vele,WR,3.3
2025,5,00-0039792,Devontez Walker,WR,0.0
2025,5,00-0040581,Dont'e Thornton Jr.,WR,0.0
2025,5,00-0036626,Dyami Brown,WR,3.5
2025,5,00-0040170,Elic Ayomanor,WR,3.8
2025,5,00-0040129,Emeka Egbuka,WR,33.3
2025,5,00-0040259,Gage Larvadain,WR,0.0
2025,5,00-0037740,Garrett Wilson,WR,19.1
2025,5,00-0037247,George Pickens,WR,13.7
2025,5,00-0035500,Greg Dortch,WR,3.2
2025,5,00-0035645,Gunner Olszewski,WR,0.0
2025,5,00-0034983,Hunter Renfrow,WR,1.7
2025,5,00-0040669,Isaac TeSlaa,WR,8.2
2025,5,00-0040782,Isaiah Bond,WR,4.9
2025,5,00-0036900,Ja'Marr Chase,WR,31.0
2025,5,00-0040729,Jack Bech,WR,5.7
2025,5,00-0037741,Jahan Dotson,WR,3.4
2025,5,00-0038752,Jake Bobo,WR,0.0
2025,5,00-0034960,Jakobi Meyers,WR,7.2
2025,5,00-0038640,Jalen Brooks,WR,0.0
2025,5,00-0038740,Jalen Moreno-Cropper,WR,0.0
2025,5,00-0037291,Jalen Nailor,WR,7.2
2025,5,00-0037666,Jalen Tolbert,WR,0.0
2025,5,00-0038938,Jalin Hyatt,WR,0.0
2025,5,00-0039379,Jamari Thrash,WR,3.2
2025,5,00-0037240,Jameson Williams,WR,2.0
2025,5,00-0038492,Jason Brownlee,WR,0.0
2025,5,00-0038543,Jaxon Smith-Njigba,WR,29.2
2025,5,00-0040130,Jayden Higgins,WR,7.2
2025,5,00-0036613,Jaylen Waddle,WR,25.0
2025,5,00-0040164,Jaylin Lane,WR,2.6
2025,5,00-0040138,Jaylin Noel,WR,9.8
2025,5,00-0036407,Jerry Jeudy,WR,3.5
2025,5,00-0040218,Jimmy Horn Jr.,WR,5.1
2025,5,00-0038994,Jordan Addison,WR,15.1
2025,5,00-0039751,Jordan Whittington,WR,5.3
2025,5,00-0038997,Josh Downs,WR,11.4
2025,5,00-0036988,Josh Palmer,WR,5.6
2025,5,00-0033943,Josh Reynolds,WR,7.9
2025,5,00-0033857,JuJu Smith-Schuster,WR,3.7
2025,5,00-0036322,Justin Jefferson,WR,21.3
2025,5,00-0032464,Kalif Raymond,WR,0.0
2025,5,00-0039589,Kameron Johnson,WR,0.2
2025,5,00-0038608,Kayshon Boutte,WR,7.3
2025,5,00-0040184,KeAndre Lambert-Smith,WR,0.0
2025,5,00-0030279,Keenan Allen,WR,10.8
2025,5,00-0033307,Kendrick Bourne,WR,26.2
2025,5,00-0039901,Keon Coleman,WR,10.3
2025,5,00-0037261,Khalil Shakir,WR,11.0
2025,5,00-0040075,LaJohntay Wester,WR,0.0
2025,5,00-0039915,Ladd McConkey,WR,14.9
2025,5,00-0039355,Luke McCaffrey,WR,6.0
2025,5,00-0039920,Malachi Corley,WR,1.1
2025,5,00-0034867,Malik Turner,WR,0.0
2025,5,00-0039880,Malik Washington,WR,4.0
2025,5,00-0034272,Marquez Valdes-Scantling,WR,1.9
2025,5,00-0035662,Marquise Brown,WR,8.8
2025,5,00-0039849,Marvin Harrison Jr.,WR,13.8
2025,5,00-0038976,Marvin Mims Jr.,WR,3.9
2025,5,00-0036252,Michael Pittman,WR,14.9
2025,5,00-0038559,Michael Wilson,WR,3.6
2025,5,00-0040506,Myles Price,WR,0.0
2025,5,00-0036554,Nico Collins,WR,16.0
2025,5,00-0038519,Nikko Remigio,WR,0.0
2025,5,00-0038606,Parker Washington,WR,9.6
2025,5,00-0040134,Pat Bryant,WR,0.0
2025,5,00-0039075,Puka Nacua,WR,24.5
2025,5,00-0038544,Quentin Johnston,WR,6.9
2025,5,00-0037545,Rashid Shaheed,WR,23.4
2025,5,00-0036550,Rashod Bateman,WR,0.0
2025,5,00-0039410,Ryan Flournoy,WR,20.4
2025,5,00-0036646,Simi Fehoko,WR,0.0
2025,5,00-0038090,Skyy Moore,WR,0.1
2025,5,00-0031588,Stefon Diggs,WR,26.6
2025,5,00-0032385,Sterling Shepard,WR,11.9
2025,5,00-0040154,Tai Felton,WR,0.0
2025,5,00-0037524,Tay Martin,WR,1.9
2025,5,00-0036410,Tee Higgins,WR,11.2
2025,5,00-0040124,Tetairoa McMillan,WR,13.3
2025,5,00-0040237,Tez Johnson,WR,9.9
2025,5,00-0033375,Tim Patrick,WR,0.0
2025,5,00-0040648,Tory Horton,WR,12.9
2025,5,00-0038563,Tre Tucker,WR,11.1
2025,5,00-0034487,Trent Sherfield,WR,2.5
2025,5,00-0039868,Troy Franklin,WR,8.5
2025,5,00-0036849,Tutu Atwell,WR,9.2
2025,5,00-0032211,Tyler Lockett,WR,1.6
2025,5,00-0038104,Tyquan Thornton,WR,12.0
2025,5,00-0038679,Tyrell Shavers,WR,0.0
2025,5,00-0037745,Velus Jones Jr.,WR,0.0
2025,5,00-0038117,Wan'Dale Robinson,WR,8.2
2025,5,00-0038618,Xavier Hutchinson,WR,16.8
2025,5,00-0039342,Xavier Legette,WR,11.1
2025,5,00-0038359,Xavier Smith,WR,0.0
2025,5,00-0039894,Xavier Worthy,WR,11.1
2025,5,00-0039064,Zay Flowers,WR,12.2
2025,5,00-0033891,Zay Jones,WR,2.8
2025,6,00-0023459,Aaron Rodgers,QB,17.5
2025,6,00-0034855,Baker Mayfield,QB,19.64
2025,6,00-0039732,Bo Nix,QB,13.36
2025,6,00-0039150,Bryce Young,QB,19.46
2025,6,00-0039918,Caleb Williams,QB,20.38
2025,6,00-0040676,Cam Ward,QB,7.88
2025,6,00-0033662,Cooper Rush,QB,-0.12
2025,6,00-0033077,Dak Prescott,QB,22.34
2025,6,00-0035710,Daniel Jones,QB,23.48
2025,6,00-0040704,Dillon Gabriel,QB,8.84
2025,6,00-0039851,Drake Maye,QB,27.24
2025,6,00-0030565,Geno Smith,QB,9.66
2025,6,00-0033119,Jacoby Brissett,QB,23.7
2025,6,00-0036389,Jalen Hurts,QB,21.62
2025,6,00-0033106,Jared Goff,QB,16.82
2025,6,00-0040691,Jaxson Dart,QB,23.6
2025,6,00-0039910,Jayden Daniels,QB,22.64
2025,6,00-0026158,Joe Flacco,QB,18.76
2025,6,00-0036264,Jordan Love,QB,15.96
2025,6,00-0034857,Josh Allen,QB,17.4
2025,6,00-0036945,Justin Fields,QB,4.9
2025,6,00-0036355,Justin Herbert,QB,18.76
2025,6,00-0036972,Mac Jones,QB,15.18
2025,6,00-0034771,Mason Rudolph,QB,0.0
2025,6,00-0026498,Matthew Stafford,QB,9.34
2025,6,00-0039917,Michael Penix Jr.,QB,14.6
2025,6,00-0033873,Patrick Mahomes,QB,31.48
2025,6,00-0029263,Russell Wilson,QB,0.0
2025,6,00-0034869,Sam Darnold,QB,20.0
2025,6,00-0039376,Spencer Rattler,QB,11.08
2025,6,00-0036971,Trevor Lawrence,QB,19.22
2025,6,00-0036212,Tua Tagovailoa,QB,9.6
2025,6,00-0035993,Tyler Huntley,QB,6.62
2025,6,00-0036265,AJ Dillon,RB,2.0
2025,6,00-0033906,Alvin Kamara,RB,12.6
2025,6,00-0032104,Ameer Abdullah,RB,2.6
2025,6,00-0040122,Ashton Jeanty,RB,16.6
2025,6,00-0037157,Bam Knight,RB,12.4
2025,6,00-0040719,Bhayshul Tuten,RB,4.8
2025,6,00-0038542,Bijan Robinson,RB,37.8
2025,6,00-0039738,Blake Corum,RB,2.3
2025,6,00-0038488,Brady Russell,RB,0.0
2025,6,00-0040078,Brashard Smith,RB,5.1
2025,6,00-0038120,Breece Hall,RB,5.9
2025,6,00-0037746,Brian Robinson,RB,3.8
2025,6,00-0040715,Cam Skattebo,RB,31.0
2025,6,00-0038597,Chase Brown,RB,8.9
2025,6,00-0038685,Chris Brooks,RB,0.1
2025,6,00-0033280,Christian McCaffrey,RB,24.1
2025,6,00-0035567,Craig Reynolds,RB,0.0
2025,6,00-0036275,D'Andre Swift,RB,27.5
2025,6,00-0035685,David Montgomery,RB,8.1
2025,6,00-0039040,De'Von Achane,RB,33.0
2025,6,00-0036425,DeeJay Dallas,RB,0.0
2025,6,00-0032764,Derrick Henry,RB,16.0
2025,6,00-0035250,Devin Singletary,RB,1.0
2025,6,00-0039407,Dylan Laube,RB,0.0
2025,6,00-0040162,Dylan Sampson,RB,4.4
2025,6,00-0038797,Emanuel Wilson,RB,1.7
2025,6,00-0038705,Emari Demercado,RB,0.1
2025,6,00-0039299,George Holani,RB,0.0
2025,6,00-0037617,Hassan Haskins,RB,3.3
2025,6,00-0038738,Hunter Luepke,RB,8.7
2025,6,00-0039798,Isaiah Davis,RB,1.1
2025,6,00-0037197,Isiah Pacheco,RB,6.1
2025,6,00-0036158,J.K. Dobbins,RB,4.0
2025,6,00-0040242,Jacory Croskey-Merritt,RB,5.8
2025,6,00-0039139,Jahmyr Gibbs,RB,7.5
2025,6,00-0038794,Jaleel McLaughlin,RB,0.0
2025,6,00-0037248,James Cook,RB,8.7
2025,6,00-0036997,Javonte Williams,RB,8.4
2025,6,00-0040586,Jaydon Blue,RB,0.0
2025,6,00-0037228,Jaylen Warren,RB,8.3
2025,6,00-0033955,Jeremy McNichols,RB,6.5
2025,6,00-0037267,Jerome Ford,RB,8.0
2025,6,00-0036223,Jonathan Taylor,RB,25.7
2025,6,00-0035700,Josh Jacobs,RB,32.0
2025,6,00-0037594,Julius Chestnut,RB,0.0
2025,6,00-0034975,Justice Hill,RB,9.4
2025,6,00-0040142,Kaleb Johnson,RB,1.5
2025,6,00-0033923,Kareem Hunt,RB,4.4
2025,6,00-0038454,Keaton Mitchell,RB,0.0
2025,6,00-0038551,Kendre Miller,RB,4.2
2025,6,00-0036842,Kene Nwangwu,RB,0.0
2025,6,00-0038134,Kenneth Walker III,RB,4.7
2025,6,00-0036919,Kenny Gainwell,RB,9.6
2025,6,00-0039391,Kimani Vidal,RB,24.8
2025,6,00-0040236,Kyle Monangai,RB,5.4
2025,6,00-0037840,Kyren Williams,RB,16.7
2025,6,00-0040238,LeQuint Allen Jr.,RB,2.2
2025,6,00-0036924,Michael Carter,RB,8.4
2025,6,00-0034367,Nyheim Hines,RB,0.0
2025,6,00-0040198,Ollie Gordon II,RB,1.2
2025,6,00-0040784,Quinshon Judkins,RB,3.6
2025,6,00-0040730,RJ Harvey,RB,6.5
2025,6,00-0037256,Rachaad White,RB,17.6
2025,6,00-0031687,Raheem Mostert,RB,-0.4
2025,6,00-0039796,Rasheen Ali,RB,0.0
2025,6,00-0039875,Ray Davis,RB,9.9
2025,6,00-0036875,Rhamondre Stevenson,RB,1.8
2025,6,00-0036139,Rico Dowdle,RB,35.9
2025,6,00-0039021,Roschon Johnson,RB,0.6
2025,6,00-0033526,Samaje Perine,RB,5.2
2025,6,00-0034844,Saquon Barkley,RB,8.7
2025,6,00-0038951,Sean Tucker,RB,8.5
2025,6,00-0038555,Tank Bigsby,RB,0.0
2025,6,00-0035261,Tony Pollard,RB,6.7
2025,6,00-0036973,Travis Etienne,RB,9.5
2025,6,00-0040734,TreVeyon Henderson,RB,4.6
2025,6,00-0040644,Trevor Etienne,RB,1.7
2025,6,00-0035537,Ty Johnson,RB,2.6
2025,6,00-0039032,Tyjae Spears,RB,9.0
2025,6,00-0037263,Tyler Allgeier,RB,10.8
2025,6,00-0039384,Tyrone Tracy Jr.,RB,0.6
2025,6,00-0039746,Will Shipley,RB,0.0
2025,6,00-0039165,Zach Charbonnet,RB,4.7
2025,6,00-0039793,AJ Barner,TE,11.6
2025,6,00-0032392,Austin Hooper,TE,2.0
2025,6,00-0038710,Blake Whiteheart,TE,1.5
2025,6,00-0038643,Brayden Willis,TE,0.0
2025,6,00-0039530,Brevyn Spann-Ford,TE,1.7
2025,6,00-0038129,Cade Otton,TE,12.6
2025,6,00-0038564,Cameron Latu,TE,0.0
2025,6,00-0038046,Charlie Kolar,TE,0.0
2025,6,00-0037809,Chig Okonkwo,TE,13.6
2025,6,00-0036290,Cole Kmet,TE,1.5
2025,6,00-0039686,Colson Yankoff,TE,0.0
2025,6,00-0040126,Colston Loveland,TE,4.1
2025,6,00-0034351,Dallas Goedert,TE,32.5
2025,6,00-0038558,Darnell Washington,TE,10.7
2025,6,00-0031610,Darren Waller,TE,10.2
2025,6,00-0039648,David Martin-Robinson,TE,7.6
2025,6,00-0033885,David Njoku,TE,7.3
2025,6,00-0039074,Davis Allen,TE,2.2
2025,6,00-0035689,Dawson Knox,TE,9.4
2025,6,00-0039754,Devin Culp,TE,0.0
2025,6,00-0035631,Drew Sample,TE,1.3
2025,6,00-0040739,Elijah Arroyo,TE,2.1
2025,6,00-0039041,Elijah Higgins,TE,6.4
2025,6,00-0033576,Eric Saubert,TE,0.0
2025,6,00-0033881,Evan Engram,TE,12.4
2025,6,00-0036825,Feleipe Franks,TE,0.2
2025,6,00-0034981,Foster Moreau,TE,2.4
2025,6,00-0040584,Gunnar Helm,TE,4.5
2025,6,00-0040663,Harold Fannin Jr.,TE,18.6
2025,6,00-0033090,Hunter Henry,TE,7.2
2025,6,00-0037004,Hunter Long,TE,4.9
2025,6,00-0034365,Ian Thomas,TE,1.9
2025,6,00-0037838,Isaiah Likely,TE,3.6
2025,6,00-0038041,Jake Ferguson,TE,13.8
2025,6,00-0037112,Jake Tonges,TE,14.8
2025,6,00-0037805,Jeremy Ruckert,TE,0.0
2025,6,00-0033246,Johnny Mundt,TE,2.9
2025,6,00-0033858,Jonnu Smith,TE,7.3
2025,6,00-0038720,Julian Hill,TE,7.6
2025,6,00-0038590,Justin Shorter,TE,0.0
2025,6,00-0036040,Juwan Johnson,TE,2.5
2025,6,00-0036970,Kyle Pitts,TE,6.3
2025,6,00-0036887,Luke Farrell,TE,0.0
2025,6,00-0039144,Luke Musgrave,TE,2.2
2025,6,00-0038547,Luke Schoonmaker,TE,2.3
2025,6,00-0034753,Mark Andrews,TE,8.6
2025,6,00-0040736,Mason Taylor,TE,1.7
2025,6,00-0039066,Michael Mayer,TE,18.5
2025,6,00-0040187,Mitchell Evans,TE,3.6
2025,6,00-0033217,Mo Alie-Cox,TE,3.1
2025,6,00-0038783,Nate Adkins,TE,11.3
2025,6,00-0035644,Noah Fant,TE,8.7
2025,6,00-0036637,Noah Gray,TE,5.5
2025,6,00-0040189,Oronde Gadsden II,TE,15.3
2025,6,00-0036894,Pat Freiermuth,TE,2.6
2025,6,00-0039065,Sam LaPorta,TE,19.0
2025,6,00-0037475,Stone Smartt,TE,0.0
2025,6,00-0037348,Tanner Conner,TE,2.3
2025,6,00-0034613,Tanner Hudson,TE,13.0
2025,6,00-0033357,Taysom Hill,TE,6.1
2025,6,00-0040737,Terrance Ferguson,TE,0.0
2025,6,00-0039847,Theo Johnson,TE,5.7
2025,6,00-0037005,Tommy Tremble,TE,9.9
2025,6,00-0030506,Travis Kelce,TE,16.8
2025,6,00-0037744,Trey McBride,TE,25.2
2025,6,00-0038996,Tucker Kraft,TE,13.3
2025,6,00-0033110,Tyler Higbee,TE,16.0
2025,6,00-0040128,Tyler Warren,TE,21.3
2025,6,00-0034159,Will Dissly,TE,4.8
2025,6,00-0030061,Zach Ertz,TE,19.3
2025,6,00-0035676,A.J. Brown,WR,14.0
2025,6,00-0037664,Alec Pierce,WR,6.8
2025,6,00-0035602,Alex Bachman,WR,0.0
2025,6,00-0036963,Amon-Ra St. Brown,WR,13.7
2025,6,00-0038619,Andrei Iosivas,WR,1.5
2025,6,00-0039816,Anthony Gould,WR,0.0
2025,6,00-0040582,Arian Smith,WR,0.0
2025,6,00-0035021,Ashton Dulin,WR,0.0
2025,6,00-0036862,Ben Skowronek,WR,0.0
2025,6,00-0037091,Bo Melton,WR,0.3
2025,6,00-0031236,Brandin Cooks,WR,3.1
2025,6,00-0039893,Brian Thomas Jr.,WR,23.0
2025,6,00-0034837,Calvin Ridley,WR,2.8
2025,6,00-0039394,Casey Washington,WR,0.0
2025,6,00-0038576,Charlie Jones,WR,0.0
2025,6,00-0040705,Chimere Dike,WR,2.8
2025,6,00-0032398,Chris Moore,WR,13.6
2025,6,00-0037239,Chris Olave,WR,15.8
2025,6,00-0033908,Cooper Kupp,WR,12.0
2025,6,00-0034348,Courtland Sutton,WR,2.7
2025,6,00-0034827,DJ Moore,WR,8.2
2025,6,00-0035640,DK Metcalf,WR,19.5
2025,6,00-0037093,Dareke Young,WR,0.0
2025,6,00-0031381,Davante Adams,WR,7.9
2025,6,00-0030564,DeAndre Hopkins,WR,4.0
2025,6,00-0038621,DeMario Douglas,WR,16.1
2025,6,00-0036912,DeVonta Smith,WR,8.9
2025,6,00-0036620,Dee Eskridge,WR,0.0
2025,6,00-0035719,Deebo Samuel Sr.,WR,5.4
2025,6,00-0032775,Demarcus Robinson,WR,6.4
2025,6,00-0037487,Deven Thompkins,WR,0.0
2025,6,00-0036331,Devin Duvernay,WR,0.0
2025,6,00-0040241,Dominic Lovett,WR,0.0
2025,6,00-0038393,Dontayvion Wicks,WR,3.5
2025,6,00-0037238,Drake London,WR,33.8
2025,6,00-0036626,Dyami Brown,WR,4.0
2025,6,00-0040563,Efton Chism III,WR,0.0
2025,6,00-0040170,Elic Ayomanor,WR,5.7
2025,6,00-0036980,Elijah Moore,WR,0.0
2025,6,00-0040129,Emeka Egbuka,WR,4.4
2025,6,00-0040259,Gage Larvadain,WR,4.2
2025,6,00-0037740,Garrett Wilson,WR,4.3
2025,6,00-0037247,George Pickens,WR,33.8
2025,6,00-0035500,Greg Dortch,WR,9.9
2025,6,00-0035645,Gunner Olszewski,WR,0.0
2025,6,00-0034983,Hunter Renfrow,WR,1.7
2025,6,00-0040782,Isaiah Bond,WR,2.9
2025,6,00-0039451,Isaiah Williams,WR,0.0
2025,6,00-0036900,Ja'Marr Chase,WR,25.1
2025,6,00-0040729,Jack Bech,WR,0.0
2025,6,00-0037741,Jahan Dotson,WR,2.7
2025,6,00-0034960,Jakobi Meyers,WR,7.9
2025,6,00-0038740,Jalen Moreno-Cropper,WR,0.0
2025,6,00-0037666,Jalen Tolbert,WR,1.8
2025,6,00-0038938,Jalin Hyatt,WR,4.7
2025,6,00-0033572,Jamal Agnew,WR,0.0
2025,6,00-0039379,Jamari Thrash,WR,3.3
2025,6,00-0037240,Jameson Williams,WR,18.6
2025,6,00-0038492,Jason Brownlee,WR,0.0
2025,6,00-0036259,Jauan Jennings,WR,1.7
2025,6,00-0038543,Jaxon Smith-Njigba,WR,32.2
2025,6,00-0036613,Jaylen Waddle,WR,15.82
2025,6,00-0040164,Jaylin Lane,WR,5.4
2025,6,00-0036407,Jerry Jeudy,WR,9.3
2025,6,00-0040218,Jimmy Horn Jr.,WR,6.7
2025,6,00-0039751,Jordan Whittington,WR,5.3
2025,6,00-0038997,Josh Downs,WR,16.2
2025,6,00-0036988,Josh Palmer,WR,8.0
2025,6,00-0033943,Josh Reynolds,WR,5.5
2025,6,00-0033857,JuJu Smith-Schuster,WR,8.7
2025,6,00-0032464,Kalif Raymond,WR,0.0
2025,6,00-0039589,Kameron Johnson,WR,16.4
2025,6,00-0038608,Kayshon Boutte,WR,26.3
2025,6,00-0040534,Ke'Shawn Williams,WR,0.0
2025,6,00-0040184,KeAndre Lambert-Smith,WR,1.1
2025,6,00-0030279,Keenan Allen,WR,6.7
2025,6,00-0033307,Kendrick Bourne,WR,21.2
2025,6,00-0039901,Keon Coleman,WR,4.1
2025,6,00-0034854,KhaDarel Hodge,WR,0.0
2025,6,00-0037261,Khalil Shakir,WR,6.3
2025,6,00-0040590,Konata Mumpfield,WR,1.7
2025,6,00-0040131,Kyle Williams,WR,0.0
2025,6,00-0040075,LaJohntay Wester,WR,0.0
2025,6,00-0039915,Ladd McConkey,WR,25.0
2025,6,00-0035406,Lil'Jordan Humphrey,WR,9.5
2025,6,00-0039355,Luke McCaffrey,WR,10.3
2025,6,00-0040735,Luther Burden III,WR,9.1
2025,6,00-0033555,Mack Hollins,WR,4.8
2025,6,00-0039880,Malik Washington,WR,6.3
2025,6,00-0034272,Marquez Valdes-Scantling,WR,4.2
2025,6,00-0035662,Marquise Brown,WR,20.5
2025,6,00-0039849,Marvin Harrison Jr.,WR,5.2
2025,6,00-0038976,Marvin Mims Jr.,WR,4.8
2025,6,00-0039623,Mason Tipton,WR,0.0
2025,6,00-0040667,Matthew Golden,WR,13.2
2025,6,00-0036252,Michael Pittman,WR,4.0
2025,6,00-0038559,Michael Wilson,WR,8.4
2025,6,00-0036182,Nick Westbrook-Ikhine,WR,0.0
2025,6,00-0038519,Nikko Remigio,WR,0.0
2025,6,00-0035208,Olamide Zaccheaus,WR,4.8
2025,6,00-0038606,Parker Washington,WR,4.9
2025,6,00-0035639,Parris Campbell,WR,0.0
2025,6,00-0040134,Pat Bryant,WR,4.2
2025,6,00-0039075,Puka Nacua,WR,4.8
2025,6,00-0037545,Rashid Shaheed,WR,6.8
2025,6,00-0036550,Rashod Bateman,WR,1.8
2025,6,00-0039739,Roman Wilson,WR,2.2
2025,6,00-0039919,Rome Odunze,WR,5.2
2025,6,00-0037816,Romeo Doubs,WR,10.5
2025,6,00-0039410,Ryan Flournoy,WR,6.3
2025,6,00-0038824,Ryan Miller,WR,0.0
2025,6,00-0040009,Savion Williams,WR,0.3
2025,6,00-0036646,Simi Fehoko,WR,0.0
2025,6,00-0038090,Skyy Moore,WR,0.0
2025,6,00-0031588,Stefon Diggs,WR,5.8
2025,6,00-0032385,Sterling Shepard,WR,7.1
2025,6,00-0036410,Tee Higgins,WR,11.2
2025,6,00-0040124,Tetairoa McMillan,WR,17.9
2025,6,00-0040237,Tez Johnson,WR,11.5
2025,6,00-0033375,Tim Patrick,WR,9.6
2025,6,00-0040648,Tory Horton,WR,0.0
2025,6,00-0040727,Tre Harris,WR,6.7
2025,6,00-0038563,Tre Tucker,WR,12.0
2025,6,00-0039868,Troy Franklin,WR,3.1
2025,6,00-0036630,Tylan Wallace,WR,0.0
2025,6,00-0036427,Tyler Johnson,WR,0.0
2025,6,00-0032211,Tyler Lockett,WR,1.0
2025,6,00-0038679,Tyrell Shavers,WR,5.7
2025,6,00-0036415,Van Jefferson,WR,11.5
2025,6,00-0038117,Wan'Dale Robinson,WR,20.4
2025,6,00-0039342,Xavier Legette,WR,3.1
2025,6,00-0038359,Xavier Smith,WR,0.0
2025,6,00-0039894,Xavier Worthy,WR,10.6
2025,6,00-0039064,Zay Flowers,WR,8.6
2025,6,00-0033891,Zay Jones,WR,12.9
2025,7,00-0023459,Aaron Rodgers,QB,24.56
2025,7,00-0027973,Andy Dalton,QB,2.2
2025,7,00-0034855,Baker Mayfield,QB,12.12
2025,7,00-0039732,Bo Nix,QB,39.96
2025,7,00-0039150,Bryce Young,QB,10.52
2025,7,00-0039163,C.J. Stroud,QB,14.66
2025,7,00-0039918,Caleb Williams,QB,5.68
2025,7,00-0040676,Cam Ward,QB,11.2
2025,7,00-0032950,Carson Wentz,QB,15.32
2025,7,00-0033077,Dak Prescott,QB,23.26
2025,7,00-0035710,Daniel Jones,QB,22.22
2025,7,00-0040704,Dillon Gabriel,QB,5.84
2025,7,00-0039851,Drake Maye,QB,23.08
2025,7,00-0035289,Gardner Minshew,QB,-0.3
2025,7,00-0030565,Geno Smith,QB,2.78
2025,7,00-0033119,Jacoby Brissett,QB,19.76
2025,7,00-0036389,Jalen Hurts,QB,26.04
2025,7,00-0033106,Jared Goff,QB,11.34
2025,7,00-0040691,Jaxson Dart,QB,29.42
2025,7,00-0039910,Jayden Daniels,QB,17.74
2025,7,00-0031345,Jimmy Garoppolo,QB,-0.3
2025,7,00-0026158,Joe Flacco,QB,27.98
2025,7,00-0036264,Jordan Love,QB,13.36
2025,7,00-0033949,Joshua Dobbs,QB,0.28
2025,7,00-0036945,Justin Fields,QB,4.04
2025,7,00-0036355,Justin Herbert,QB,35.9
2025,7,00-0038102,Kenny Pickett,QB,-1.68
2025,7,00-0036972,Mac Jones,QB,6.18
2025,7,00-0032268,Marcus Mariota,QB,4.92
2025,7,00-0026498,Matthew Stafford,QB,27.38
2025,7,00-0039917,Michael Penix Jr.,QB,12.24
2025,7,00-0033873,Patrick Mahomes,QB,26.24
2025,7,00-0040234,Quinn Ewers,QB,2.12
2025,7,00-0034869,Sam Darnold,QB,9.62
2025,7,00-0039376,Spencer Rattler,QB,13.52
2025,7,00-0031237,Teddy Bridgewater,QB,-0.1
2025,7,00-0036971,Trevor Lawrence,QB,17.64
2025,7,00-0036212,Tua Tagovailoa,QB,1.6
2025,7,00-0028118,Tyrod Taylor,QB,4.14
2025,7,00-0033906,Alvin Kamara,RB,5.9
2025,7,00-0032104,Ameer Abdullah,RB,3.7
2025,7,00-0040122,Ashton Jeanty,RB,4.4
2025,7,00-0037157,Bam Knight,RB,9.4
2025,7,00-0040719,Bhayshul Tuten,RB,2.2
2025,7,00-0038542,Bijan Robinson,RB,21.2
2025,7,00-0039738,Blake Corum,RB,5.3
2025,7,00-0038488,Brady Russell,RB,0.0
2025,7,00-0040078,Brashard Smith,RB,13.1
2025,7,00-0038120,Breece Hall,RB,7.2
2025,7,00-0037746,Brian Robinson,RB,3.6
2025,7,00-0040715,Cam Skattebo,RB,18.4
2025,7,00-0038597,Chase Brown,RB,14.0
2025,7,00-0038685,Chris Brooks,RB,0.0
2025,7,00-0038611,Chris Rodriguez Jr.,RB,7.2
2025,7,00-0033280,Christian McCaffrey,RB,41.1
2025,7,00-0036555,Chuba Hubbard,RB,7.5
2025,7,00-0036275,D'Andre Swift,RB,22.8
2025,7,00-0035628,D'Ernest Johnson,RB,0.0
2025,7,00-0033854,Dare Ogunbowale,RB,0.0
2025,7,00-0035685,David Montgomery,RB,5.9
2025,7,00-0039040,De'Von Achane,RB,12.8
2025,7,00-0040202,Devin Neal,RB,0.1
2025,7,00-0035250,Devin Singletary,RB,0.2
2025,7,00-0039407,Dylan Laube,RB,1.4
2025,7,00-0040162,Dylan Sampson,RB,2.7
2025,7,00-0038797,Emanuel Wilson,RB,2.5
2025,7,00-0039299,George Holani,RB,0.0
2025,7,00-0037617,Hassan Haskins,RB,2.5
2025,7,00-0038738,Hunter Luepke,RB,1.3
2025,7,00-0039363,Isaac Guerendo,RB,0.0
2025,7,00-0039798,Isaiah Davis,RB,5.2
2025,7,00-0037197,Isiah Pacheco,RB,12.4
2025,7,00-0036158,J.K. Dobbins,RB,9.0
2025,7,00-0038896,Jacob Saylors,RB,0.0
2025,7,00-0040242,Jacory Croskey-Merritt,RB,4.2
2025,7,00-0039139,Jahmyr Gibbs,RB,38.8
2025,7,00-0036997,Javonte Williams,RB,20.8
2025,7,00-0040586,Jaydon Blue,RB,4.4
2025,7,00-0037228,Jaylen Warren,RB,21.8
2025,7,00-0033955,Jeremy McNichols,RB,6.5
2025,7,00-0037267,Jerome Ford,RB,3.0
2025,7,00-0036223,Jonathan Taylor,RB,34.2
2025,7,00-0037525,Jordan Mason,RB,11.7
2025,7,00-0035700,Josh Jacobs,RB,18.8
2025,7,00-0037594,Julius Chestnut,RB,0.0
2025,7,00-0033923,Kareem Hunt,RB,1.8
2025,7,00-0038551,Kendre Miller,RB,0.7
2025,7,00-0036842,Kene Nwangwu,RB,0.0
2025,7,00-0038134,Kenneth Walker III,RB,6.6
2025,7,00-0036919,Kenny Gainwell,RB,3.5
2025,7,00-0039391,Kimani Vidal,RB,7.5
2025,7,00-0040236,Kyle Monangai,RB,17.4
2025,7,00-0037840,Kyren Williams,RB,8.5
2025,7,00-0040238,LeQuint Allen Jr.,RB,1.4
2025,7,00-0037563,Malik Davis,RB,0.0
2025,7,00-0036924,Michael Carter,RB,5.6
2025,7,00-0034791,Nick Chubb,RB,2.1
2025,7,00-0034367,Nyheim Hines,RB,0.0
2025,7,00-0040198,Ollie Gordon II,RB,2.3
2025,7,00-0040784,Quinshon Judkins,RB,26.4
2025,7,00-0040730,RJ Harvey,RB,7.2
2025,7,00-0037256,Rachaad White,RB,8.4
2025,7,00-0031687,Raheem Mostert,RB,1.2
2025,7,00-0036875,Rhamondre Stevenson,RB,16.8
2025,7,00-0036139,Rico Dowdle,RB,10.6
2025,7,00-0039021,Roschon Johnson,RB,1.1
2025,7,00-0033526,Samaje Perine,RB,3.1
2025,7,00-0034844,Saquon Barkley,RB,5.2
2025,7,00-0038951,Sean Tucker,RB,1.6
2025,7,00-0040208,Tahj Brooks,RB,0.0
2025,7,00-0038555,Tank Bigsby,RB,2.0
2025,7,00-0039757,Terrell Jennings,RB,1.8
2025,7,00-0035261,Tony Pollard,RB,12.1
2025,7,00-0036973,Travis Etienne,RB,6.5
2025,7,00-0035594,Travis Homer,RB,0.0
2025,7,00-0040734,TreVeyon Henderson,RB,0.5
2025,7,00-0040644,Trevor Etienne,RB,0.0
2025,7,00-0039032,Tyjae Spears,RB,7.0
2025,7,00-0037263,Tyler Allgeier,RB,1.6
2025,7,00-0037085,Tyler Badie,RB,3.9
2025,7,00-0039384,Tyrone Tracy Jr.,RB,10.6
2025,7,00-0039746,Will Shipley,RB,1.7
2025,7,00-0040583,Woody Marks,RB,12.5
2025,7,00-0039165,Zach Charbonnet,RB,19.5
2025,7,00-0038440,Zavier Scott,RB,1.6
2025,7,00-0039793,AJ Barner,TE,2.4
2025,7,00-0037292,Andrew Ogletree,TE,0.0
2025,7,00-0032392,Austin Hooper,TE,10.1
2025,7,00-0038710,Blake Whiteheart,TE,1.9
2025,7,00-0039530,Brevyn Spann-Ford,TE,0.0
2025,7,00-0036754,Brock Wright,TE,6.8
2025,7,00-0038129,Cade Otton,TE,17.0
2025,7,00-0038564,Cameron Latu,TE,0.0
2025,7,00-0040488,Carter Runyon,TE,1.8
2025,7,00-0036429,Charlie Woerner,TE,0.0
2025,7,00-0037809,Chig Okonkwo,TE,0.0
2025,7,00-0036244,Colby Parkinson,TE,9.2
2025,7,00-0036290,Cole Kmet,TE,3.1
2025,7,00-0039686,Colson Yankoff,TE,0.0
2025,7,00-0040126,Colston Loveland,TE,6.9
2025,7,00-0034351,Dallas Goedert,TE,6.3
2025,7,00-0034383,Dalton Schultz,TE,23.3
2025,7,00-0038115,Daniel Bellinger,TE,19.3
2025,7,00-0038558,Darnell Washington,TE,10.7
2025,7,00-0031610,Darren Waller,TE,0.0
2025,7,00-0039074,Davis Allen,TE,1.9
2025,7,00-0035631,Drew Sample,TE,0.0
2025,7,00-0038498,E.J. Jenkins,TE,0.0
2025,7,00-0040739,Elijah Arroyo,TE,8.2
2025,7,00-0039041,Elijah Higgins,TE,1.8
2025,7,00-0033881,Evan Engram,TE,11.7
2025,7,00-0033288,George Kittle,TE,0.0
2025,7,00-0040584,Gunnar Helm,TE,9.6
2025,7,00-0040663,Harold Fannin Jr.,TE,9.6
2025,7,00-0036232,Harrison Bryant,TE,0.0
2025,7,00-0033090,Hunter Henry,TE,9.3
2025,7,00-0037004,Hunter Long,TE,4.6
2025,7,00-0039356,Ja'Tavion Sanders,TE,0.0
2025,7,00-0036741,Jack Stoll,TE,0.0
2025,7,00-0038041,Jake Ferguson,TE,25.4
2025,7,00-0037805,Jeremy Ruckert,TE,0.0
2025,7,00-0036628,John Bates,TE,2.0
2025,7,00-0037306,John FitzPatrick,TE,2.1
2025,7,00-0033246,Johnny Mundt,TE,2.4
2025,7,00-0033858,Jonnu Smith,TE,13.3
2025,7,00-0035249,Josh Oliver,TE,2.4
2025,7,00-0038720,Julian Hill,TE,1.6
2025,7,00-0036040,Juwan Johnson,TE,15.4
2025,7,00-0036970,Kyle Pitts,TE,16.7
2025,7,00-0036887,Luke Farrell,TE,2.6
2025,7,00-0040736,Mason Taylor,TE,7.6
2025,7,00-0039066,Michael Mayer,TE,2.5
2025,7,00-0040187,Mitchell Evans,TE,5.4
2025,7,00-0033217,Mo Alie-Cox,TE,2.1
2025,7,00-0038783,Nate Adkins,TE,5.0
2025,7,00-0035644,Noah Fant,TE,16.4
2025,7,00-0036637,Noah Gray,TE,4.3
2025,7,00-0040189,Oronde Gadsden II,TE,34.9
2025,7,00-0036894,Pat Freiermuth,TE,32.6
2025,7,00-0039065,Sam LaPorta,TE,6.0
2025,7,00-0035229,T.J. Hockenson,TE,13.3
2025,7,00-0037348,Tanner Conner,TE,4.3
2025,7,00-0033357,Taysom Hill,TE,3.8
2025,7,00-0040737,Terrance Ferguson,TE,10.6
2025,7,00-0039847,Theo Johnson,TE,17.1
2025,7,00-0040225,Thomas Fidone II,TE,0.0
2025,7,00-0037005,Tommy Tremble,TE,1.5
2025,7,00-0030506,Travis Kelce,TE,9.9
2025,7,00-0037744,Trey McBride,TE,34.4
2025,7,00-0038996,Tucker Kraft,TE,19.3
2025,7,00-0033110,Tyler Higbee,TE,6.4
2025,7,00-0040128,Tyler Warren,TE,18.9
2025,7,00-0034159,Will Dissly,TE,0.0
2025,7,00-0030061,Zach Ertz,TE,14.2
2025,7,00-0035676,A.J. Brown,WR,30.1
2025,7,00-0030035,Adam Thielen,WR,2.0
2025,7,00-0039890,Adonai Mitchell,WR,1.8
2025,7,00-0037664,Alec Pierce,WR,14.8
2025,7,00-0035602,Alex Bachman,WR,0.0
2025,7,00-0034521,Allen Lazard,WR,3.6
2025,7,00-0036963,Amon-Ra St. Brown,WR,20.6
2025,7,00-0038619,Andrei Iosivas,WR,7.9
2025,7,00-0039816,Anthony Gould,WR,1.3
2025,7,00-0040582,Arian Smith,WR,1.0
2025,7,00-0040432,Beaux Collins,WR,0.0
2025,7,00-0036862,Ben Skowronek,WR,0.0
2025,7,00-0037091,Bo Melton,WR,0.0
2025,7,00-0031236,Brandin Cooks,WR,1.3
2025,7,00-0034419,Braxton Berrios,WR,0.9
2025,7,00-0039893,Brian Thomas Jr.,WR,6.1
2025,7,00-0038840,Brycen Tremayne,WR,0.0
2025,7,00-0039394,Casey Washington,WR,2.7
2025,7,00-0036358,CeeDee Lamb,WR,24.0
2025,7,00-0038576,Charlie Jones,WR,0.0
2025,7,00-0040705,Chimere Dike,WR,16.9
2025,7,00-0032398,Chris Moore,WR,7.9
2025,7,00-0037239,Chris Olave,WR,26.8
2025,7,00-0033908,Cooper Kupp,WR,3.2
2025,7,00-0034348,Courtland Sutton,WR,16.7
2025,7,00-0034827,DJ Moore,WR,8.2
2025,7,00-0035640,DK Metcalf,WR,8.0
2025,7,00-0037093,Dareke Young,WR,0.0
2025,7,00-0036309,Darnell Mooney,WR,9.8
2025,7,00-0031381,Davante Adams,WR,26.5
2025,7,00-0038621,DeMario Douglas,WR,4.7
2025,7,00-0036912,DeVonta Smith,WR,35.3
2025,7,00-0036620,Dee Eskridge,WR,4.5
2025,7,00-0032775,Demarcus Robinson,WR,0.0
2025,7,00-0038573,Derius Davis,WR,0.0
2025,7,00-0036331,Devin Duvernay,WR,0.0
2025,7,00-0040581,Dont'e Thornton Jr.,WR,0.0
2025,7,00-0038393,Dontayvion Wicks,WR,1.5
2025,7,00-0037238,Drake London,WR,8.2
2025,7,00-0036626,Dyami Brown,WR,7.0
2025,7,00-0040563,Efton Chism III,WR,0.0
2025,7,00-0040170,Elic Ayomanor,WR,4.9
2025,7,00-0040129,Emeka Egbuka,WR,9.8
2025,7,00-0040259,Gage Larvadain,WR,0.0
2025,7,00-0037247,George Pickens,WR,12.2
2025,7,00-0035500,Greg Dortch,WR,2.5
2025,7,00-0035645,Gunner Olszewski,WR,0.0
2025,7,00-0040669,Isaac TeSlaa,WR,0.0
2025,7,00-0039451,Isaiah Williams,WR,0.0
2025,7,00-0036900,Ja'Marr Chase,WR,40.1
2025,7,00-0040729,Jack Bech,WR,3.3
2025,7,00-0038752,Jake Bobo,WR,1.3
2025,7,00-0039491,Jalen Coker,WR,0.0
2025,7,00-0037291,Jalen Nailor,WR,5.7
2025,7,00-0037666,Jalen Tolbert,WR,2.6
2025,7,00-0038938,Jalin Hyatt,WR,0.0
2025,7,00-0033572,Jamal Agnew,WR,0.0
2025,7,00-0039379,Jamari Thrash,WR,3.3
2025,7,00-0037240,Jameson Williams,WR,0.0
2025,7,00-0036259,Jauan Jennings,WR,7.1
2025,7,00-0038543,Jaxon Smith-Njigba,WR,28.3
2025,7,00-0040130,Jayden Higgins,WR,0.0
2025,7,00-0036613,Jaylen Waddle,WR,2.5
2025,7,00-0040164,Jaylin Lane,WR,9.0
2025,7,00-0040138,Jaylin Noel,WR,11.7
2025,7,00-0036407,Jerry Jeudy,WR,3.7
2025,7,00-0040218,Jimmy Horn Jr.,WR,2.5
2025,7,00-0038994,Jordan Addison,WR,23.8
2025,7,00-0039751,Jordan Whittington,WR,2.9
2025,7,00-0033943,Josh Reynolds,WR,5.9
2025,7,00-0033857,JuJu Smith-Schuster,WR,6.5
2025,7,00-0036322,Justin Jefferson,WR,12.9
2025,7,00-0037801,KaVontae Turpin,WR,2.7
2025,7,00-0032464,Kalif Raymond,WR,4.7
2025,7,00-0039589,Kameron Johnson,WR,0.0
2025,7,00-0038608,Kayshon Boutte,WR,13.5
2025,7,00-0040534,Ke'Shawn Williams,WR,0.0
2025,7,00-0030279,Keenan Allen,WR,30.9
2025,7,00-0033307,Kendrick Bourne,WR,3.4
2025,7,00-0034854,KhaDarel Hodge,WR,0.0
2025,7,00-0040590,Konata Mumpfield,WR,7.5
2025,7,00-0040131,Kyle Williams,WR,0.0
2025,7,00-0039915,Ladd McConkey,WR,15.7
2025,7,00-0032951,Laquon Treadwell,WR,0.0
2025,7,00-0035406,Lil'Jordan Humphrey,WR,0.0
2025,7,00-0039355,Luke McCaffrey,WR,0.0
2025,7,00-0040735,Luther Burden III,WR,3.1
2025,7,00-0033555,Mack Hollins,WR,7.3
2025,7,00-0039920,Malachi Corley,WR,3.7
2025,7,00-0038465,Malik Heath,WR,0.0
2025,7,00-0034867,Malik Turner,WR,0.0
2025,7,00-0039880,Malik Washington,WR,8.0
2025,7,00-0035662,Marquise Brown,WR,9.4
2025,7,00-0039849,Marvin Harrison Jr.,WR,7.8
2025,7,00-0038976,Marvin Mims Jr.,WR,15.8
2025,7,00-0036176,Mason Kinsey,WR,0.0
2025,7,00-0039623,Mason Tipton,WR,0.0
2025,7,00-0040667,Matthew Golden,WR,7.7
2025,7,00-0036252,Michael Pittman,WR,20.8
2025,7,00-0038559,Michael Wilson,WR,7.0
2025,7,00-0031408,Mike Evans,WR,0.0
2025,7,00-0040506,Myles Price,WR,0.0
2025,7,00-0036182,Nick Westbrook-Ikhine,WR,4.6
2025,7,00-0036554,Nico Collins,WR,6.7
2025,7,00-0038519,Nikko Remigio,WR,0.0
2025,7,00-0035208,Olamide Zaccheaus,WR,2.9
2025,7,00-0038606,Parker Washington,WR,10.2
2025,7,00-0040134,Pat Bryant,WR,1.6
2025,7,00-0038544,Quentin Johnston,WR,11.0
2025,7,00-0039067,Rashee Rice,WR,23.2
2025,7,00-0037545,Rashid Shaheed,WR,8.0
2025,7,00-0032688,Robbie Chosen,WR,7.6
2025,7,00-0039739,Roman Wilson,WR,3.7
2025,7,00-0039919,Rome Odunze,WR,5.1
2025,7,00-0037816,Romeo Doubs,WR,13.2
2025,7,00-0039410,Ryan Flournoy,WR,0.0
2025,7,00-0038824,Ryan Miller,WR,2.4
2025,7,00-0040009,Savion Williams,WR,0.0
2025,7,00-0035298,Scott Miller,WR,1.9
2025,7,00-0036646,Simi Fehoko,WR,0.0
2025,7,00-0038090,Skyy Moore,WR,2.5
2025,7,00-0031588,Stefon Diggs,WR,13.9
2025,7,00-0032385,Sterling Shepard,WR,7.5
2025,7,00-0040154,Tai Felton,WR,0.0
2025,7,00-0036410,Tee Higgins,WR,21.6
2025,7,00-0040124,Tetairoa McMillan,WR,6.3
2025,7,00-0040237,Tez Johnson,WR,15.8
2025,7,00-0033375,Tim Patrick,WR,3.2
2025,7,00-0040648,Tory Horton,WR,0.0
2025,7,00-0040727,Tre Harris,WR,4.3
2025,7,00-0038563,Tre Tucker,WR,8.3
2025,7,00-0039868,Troy Franklin,WR,12.9
2025,7,00-0036427,Tyler Johnson,WR,9.0
2025,7,00-0032211,Tyler Lockett,WR,3.8
2025,7,00-0038104,Tyquan Thornton,WR,4.9
2025,7,00-0036415,Van Jefferson,WR,8.1
2025,7,00-0038117,Wan'Dale Robinson,WR,15.5
2025,7,00-0038496,Xavier Gipson,WR,0.0
2025,7,00-0038618,Xavier Hutchinson,WR,2.3
2025,7,00-0039342,Xavier Legette,WR,24.2
2025,7,00-0038359,Xavier Smith,WR,3.5
2025,7,00-0039521,Xavier Weaver,WR,0.0
2025,7,00-0039894,Xavier Worthy,WR,7.8
2025,7,00-0033891,Zay Jones,WR,8.7
2025,8,00-0023459,Aaron Rodgers,QB,16.76
2025,8,00-0027973,Andy Dalton,QB,2.1
2025,8,00-0034855,Baker Mayfield,QB,4.08
2025,8,00-0039732,Bo Nix,QB,24.78
2025,8,00-0039163,C.J. Stroud,QB,24.72
2025,8,00-0039918,Caleb Williams,QB,12.8
2025,8,00-0040676,Cam Ward,QB,13.76
2025,8,00-0032950,Carson Wentz,QB,8.76
2025,8,00-0033077,Dak Prescott,QB,8.62
2025,8,00-0035710,Daniel Jones,QB,23.18
2025,8,00-0040704,Dillon Gabriel,QB,13.54
2025,8,00-0039851,Drake Maye,QB,27.28
2025,8,00-0036389,Jalen Hurts,QB,25.36
2025,8,00-0035264,Jarrett Stidham,QB,-0.1
2025,8,00-0040691,Jaxson Dart,QB,19.42
2025,8,00-0026158,Joe Flacco,QB,24.32
2025,8,00-0039398,Joe Milton III,QB,6.32
2025,8,00-0036264,Jordan Love,QB,30.3
2025,8,00-0034857,Josh Allen,QB,23.22
2025,8,00-0036945,Justin Fields,QB,20.86
2025,8,00-0036355,Justin Herbert,QB,26.28
2025,8,00-0029604,Kirk Cousins,QB,7.12
2025,8,00-0036972,Mac Jones,QB,19.02
2025,8,00-0032268,Marcus Mariota,QB,13.32
2025,8,00-0040494,Max Brosmer,QB,0.52
2025,8,00-0033869,Mitchell Trubisky,QB,0.88
2025,8,00-0033873,Patrick Mahomes,QB,24.96
2025,8,00-0040206,Riley Leonard,QB,0.1
2025,8,00-0039376,Spencer Rattler,QB,3.64
2025,8,00-0038400,Tanner McKee,QB,-0.2
2025,8,00-0036212,Tua Tagovailoa,QB,24.2
2025,8,00-0035993,Tyler Huntley,QB,16.74
2025,8,00-0040743,Tyler Shough,QB,5.32
2025,8,00-0037013,Zach Wilson,QB,0.0
2025,8,00-0033293,Aaron Jones,RB,5.0
2025,8,00-0033906,Alvin Kamara,RB,6.5
2025,8,00-0032104,Ameer Abdullah,RB,1.8
2025,8,00-0038542,Bijan Robinson,RB,5.8
2025,8,00-0040078,Brashard Smith,RB,0.8
2025,8,00-0038120,Breece Hall,RB,34.86
2025,8,00-0037746,Brian Robinson,RB,0.0
2025,8,00-0039603,British Brooks,RB,0.0
2025,8,00-0040715,Cam Skattebo,RB,10.0
2025,8,00-0038597,Chase Brown,RB,25.5
2025,8,00-0038685,Chris Brooks,RB,0.0
2025,8,00-0038611,Chris Rodriguez Jr.,RB,0.2
2025,8,00-0033280,Christian McCaffrey,RB,9.8
2025,8,00-0036555,Chuba Hubbard,RB,9.4
2025,8,00-0036275,D'Andre Swift,RB,15.1
2025,8,00-0037258,Dameon Pierce,RB,0.0
2025,8,00-0033854,Dare Ogunbowale,RB,2.7
2025,8,00-0039040,De'Von Achane,RB,20.1
2025,8,00-0032764,Derrick Henry,RB,19.1
2025,8,00-0040202,Devin Neal,RB,4.1
2025,8,00-0035250,Devin Singletary,RB,3.8
2025,8,00-0040162,Dylan Sampson,RB,7.9
2025,8,00-0038797,Emanuel Wilson,RB,11.7
2025,8,00-0038738,Hunter Luepke,RB,0.2
2025,8,00-0039798,Isaiah Davis,RB,17.9
2025,8,00-0037197,Isiah Pacheco,RB,5.8
2025,8,00-0036158,J.K. Dobbins,RB,16.1
2025,8,00-0040242,Jacory Croskey-Merritt,RB,2.5
2025,8,00-0037248,James Cook,RB,39.6
2025,8,00-0036755,Jaret Patterson,RB,3.0
2025,8,00-0036997,Javonte Williams,RB,17.9
2025,8,00-0040586,Jaydon Blue,RB,2.9
2025,8,00-0037228,Jaylen Warren,RB,9.3
2025,8,00-0039874,Jaylen Wright,RB,3.8
2025,8,00-0033955,Jeremy McNichols,RB,11.8
2025,8,00-0037267,Jerome Ford,RB,0.9
2025,8,00-0036223,Jonathan Taylor,RB,39.4
2025,8,00-0037525,Jordan Mason,RB,1.6
2025,8,00-0035700,Josh Jacobs,RB,13.5
2025,8,00-0040429,Josh Williams,RB,1.1
2025,8,00-0037594,Julius Chestnut,RB,0.5
2025,8,00-0034975,Justice Hill,RB,0.2
2025,8,00-0033923,Kareem Hunt,RB,17.2
2025,8,00-0038454,Keaton Mitchell,RB,4.3
2025,8,00-0036919,Kenny Gainwell,RB,3.5
2025,8,00-0039391,Kimani Vidal,RB,21.7
2025,8,00-0040236,Kyle Monangai,RB,2.4
2025,8,00-0037563,Malik Davis,RB,0.3
2025,8,00-0040547,Nate Carter,RB,1.4
2025,8,00-0034791,Nick Chubb,RB,8.9
2025,8,00-0034367,Nyheim Hines,RB,-0.2
2025,8,00-0040198,Ollie Gordon II,RB,13.6
2025,8,00-0040784,Quinshon Judkins,RB,4.7
2025,8,00-0040730,RJ Harvey,RB,24.1
2025,8,00-0037256,Rachaad White,RB,8.1
2025,8,00-0039796,Rasheen Ali,RB,0.0
2025,8,00-0039875,Ray Davis,RB,1.6
2025,8,00-0036187,Reggie Gilliam,RB,0.0
2025,8,00-0036875,Rhamondre Stevenson,RB,5.9
2025,8,00-0036139,Rico Dowdle,RB,5.4
2025,8,00-0033526,Samaje Perine,RB,17.0
2025,8,00-0034844,Saquon Barkley,RB,35.4
2025,8,00-0038951,Sean Tucker,RB,10.2
2025,8,00-0040208,Tahj Brooks,RB,0.0
2025,8,00-0038555,Tank Bigsby,RB,12.4
2025,8,00-0039757,Terrell Jennings,RB,1.5
2025,8,00-0035261,Tony Pollard,RB,6.3
2025,8,00-0035594,Travis Homer,RB,0.0
2025,8,00-0040734,TreVeyon Henderson,RB,5.5
2025,8,00-0040644,Trevor Etienne,RB,1.6
2025,8,00-0035537,Ty Johnson,RB,0.6
2025,8,00-0039032,Tyjae Spears,RB,17.2
2025,8,00-0037263,Tyler Allgeier,RB,9.4
2025,8,00-0037085,Tyler Badie,RB,0.6
2025,8,00-0037120,Tyler Goodson,RB,0.2
2025,8,00-0039384,Tyrone Tracy Jr.,RB,7.3
2025,8,00-0039746,Will Shipley,RB,0.2
2025,8,00-0040583,Woody Marks,RB,15.1
2025,8,00-0038440,Zavier Scott,RB,4.4
2025,8,00-0036422,Adam Trautman,TE,0.0
2025,8,00-0037292,Andrew Ogletree,TE,0.0
2025,8,00-0032392,Austin Hooper,TE,6.8
2025,8,00-0039912,Ben Sinnott,TE,3.7
2025,8,00-0040509,Ben Yurosek,TE,2.0
2025,8,00-0039530,Brevyn Spann-Ford,TE,2.4
2025,8,00-0038129,Cade Otton,TE,10.0
2025,8,00-0038564,Cameron Latu,TE,0.0
2025,8,00-0038046,Charlie Kolar,TE,8.5
2025,8,00-0037809,Chig Okonkwo,TE,11.3
2025,8,00-0040126,Colston Loveland,TE,8.3
2025,8,00-0034351,Dallas Goedert,TE,19.3
2025,8,00-0038933,Dalton Kincaid,TE,3.8
2025,8,00-0034383,Dalton Schultz,TE,5.4
2025,8,00-0038115,Daniel Bellinger,TE,3.6
2025,8,00-0039648,David Martin-Robinson,TE,0.0
2025,8,00-0033885,David Njoku,TE,15.7
2025,8,00-0035689,Dawson Knox,TE,3.0
2025,8,00-0033881,Evan Engram,TE,9.6
2025,8,00-0036825,Feleipe Franks,TE,0.0
2025,8,00-0034981,Foster Moreau,TE,0.0
2025,8,00-0033288,George Kittle,TE,16.3
2025,8,00-0040584,Gunnar Helm,TE,11.3
2025,8,00-0040663,Harold Fannin Jr.,TE,21.4
2025,8,00-0036232,Harrison Bryant,TE,0.0
2025,8,00-0039489,Hayden Rucci,TE,0.0
2025,8,00-0033090,Hunter Henry,TE,8.2
2025,8,00-0037838,Isaiah Likely,TE,3.8
2025,8,00-0039356,Ja'Tavion Sanders,TE,6.4
2025,8,00-0036741,Jack Stoll,TE,0.0
2025,8,00-0040194,Jackson Hawes,TE,4.5
2025,8,00-0038041,Jake Ferguson,TE,0.0
2025,8,00-0037112,Jake Tonges,TE,7.7
2025,8,00-0037805,Jeremy Ruckert,TE,3.9
2025,8,00-0036628,John Bates,TE,3.7
2025,8,00-0037306,John FitzPatrick,TE,1.9
2025,8,00-0033858,Jonnu Smith,TE,4.7
2025,8,00-0036040,Juwan Johnson,TE,12.8
2025,8,00-0036970,Kyle Pitts,TE,19.4
2025,8,00-0036887,Luke Farrell,TE,0.0
2025,8,00-0039144,Luke Musgrave,TE,2.0
2025,8,00-0038547,Luke Schoonmaker,TE,5.5
2025,8,00-0034753,Mark Andrews,TE,7.9
2025,8,00-0040736,Mason Taylor,TE,16.9
2025,8,00-0038783,Nate Adkins,TE,0.0
2025,8,00-0035644,Noah Fant,TE,8.6
2025,8,00-0036637,Noah Gray,TE,5.3
2025,8,00-0040189,Oronde Gadsden II,TE,21.2
2025,8,00-0036894,Pat Freiermuth,TE,5.8
2025,8,00-0035229,T.J. Hockenson,TE,5.6
2025,8,00-0037348,Tanner Conner,TE,3.6
2025,8,00-0034613,Tanner Hudson,TE,2.4
2025,8,00-0033357,Taysom Hill,TE,2.7
2025,8,00-0039847,Theo Johnson,TE,6.5
2025,8,00-0037005,Tommy Tremble,TE,1.9
2025,8,00-0030506,Travis Kelce,TE,24.9
2025,8,00-0038996,Tucker Kraft,TE,38.8
2025,8,00-0040128,Tyler Warren,TE,11.3
2025,8,00-0030061,Zach Ertz,TE,7.6
2025,8,00-0030035,Adam Thielen,WR,0.0
2025,8,00-0039890,Adonai Mitchell,WR,0.0
2025,8,00-0037664,Alec Pierce,WR,8.9
2025,8,00-0034521,Allen Lazard,WR,1.5
2025,8,00-0038619,Andrei Iosivas,WR,0.0
2025,8,00-0039816,Anthony Gould,WR,0.0
2025,8,00-0040582,Arian Smith,WR,3.3
2025,8,00-0035021,Ashton Dulin,WR,0.2
2025,8,00-0040432,Beaux Collins,WR,2.8
2025,8,00-0036862,Ben Skowronek,WR,2.3
2025,8,00-0037091,Bo Melton,WR,0.0
2025,8,00-0031236,Brandin Cooks,WR,5.2
2025,8,00-0034419,Braxton Berrios,WR,8.8
2025,8,00-0038840,Brycen Tremayne,WR,0.0
2025,8,00-0037837,Calvin Austin III,WR,6.8
2025,8,00-0039394,Casey Washington,WR,3.5
2025,8,00-0034418,Cedrick Wilson Jr.,WR,1.2
2025,8,00-0036358,CeeDee Lamb,WR,14.6
2025,8,00-0038576,Charlie Jones,WR,0.0
2025,8,00-0040705,Chimere Dike,WR,16.4
2025,8,00-0037239,Chris Olave,WR,14.0
2025,8,00-0038124,Christian Watson,WR,12.5
2025,8,00-0034348,Courtland Sutton,WR,10.7
2025,8,00-0033282,Curtis Samuel,WR,0.0
2025,8,00-0034827,DJ Moore,WR,11.6
2025,8,00-0035640,DK Metcalf,WR,16.5
2025,8,00-0035535,Darius Slayton,WR,4.6
2025,8,00-0036309,Darnell Mooney,WR,2.1
2025,8,00-0035359,David Sills,WR,3.4
2025,8,00-0030564,DeAndre Hopkins,WR,2.4
2025,8,00-0038621,DeMario Douglas,WR,5.7
2025,8,00-0036912,DeVonta Smith,WR,14.4
2025,8,00-0036620,Dee Eskridge,WR,0.0
2025,8,00-0035719,Deebo Samuel Sr.,WR,4.2
2025,8,00-0032775,Demarcus Robinson,WR,4.5
2025,8,00-0038573,Derius Davis,WR,0.0
2025,8,00-0039424,Devaughn Vele,WR,2.0
2025,8,00-0036331,Devin Duvernay,WR,1.2
2025,8,00-0040170,Elic Ayomanor,WR,9.2
2025,8,00-0036980,Elijah Moore,WR,2.4
2025,8,00-0040129,Emeka Egbuka,WR,6.5
2025,8,00-0040259,Gage Larvadain,WR,0.3
2025,8,00-0037247,George Pickens,WR,14.8
2025,8,00-0035645,Gunner Olszewski,WR,0.0
2025,8,00-0040782,Isaiah Bond,WR,0.0
2025,8,00-0039451,Isaiah Williams,WR,8.6
2025,8,00-0036900,Ja'Marr Chase,WR,21.1
2025,8,00-0037741,Jahan Dotson,WR,11.0
2025,8,00-0040277,Jahdae Walker,WR,0.0
2025,8,00-0039491,Jalen Coker,WR,6.6
2025,8,00-0037291,Jalen Nailor,WR,0.0
2025,8,00-0037666,Jalen Tolbert,WR,12.7
2025,8,00-0033572,Jamal Agnew,WR,0.0
2025,8,00-0039379,Jamari Thrash,WR,5.1
2025,8,00-0038728,Jared Wayne,WR,4.0
2025,8,00-0036259,Jauan Jennings,WR,8.5
2025,8,00-0040130,Jayden Higgins,WR,13.4
2025,8,00-0036613,Jaylen Waddle,WR,20.9
2025,8,00-0040164,Jaylin Lane,WR,1.0
2025,8,00-0040138,Jaylin Noel,WR,11.3
2025,8,00-0036407,Jerry Jeudy,WR,0.0
2025,8,00-0040218,Jimmy Horn Jr.,WR,0.9
2025,8,00-0038994,Jordan Addison,WR,11.6
2025,8,00-0040172,Jordan Watkins,WR,1.7
2025,8,00-0038997,Josh Downs,WR,12.9
2025,8,00-0033857,JuJu Smith-Schuster,WR,4.9
2025,8,00-0036322,Justin Jefferson,WR,14.4
2025,8,00-0037801,KaVontae Turpin,WR,0.8
2025,8,00-0039589,Kameron Johnson,WR,0.0
2025,8,00-0038608,Kayshon Boutte,WR,16.5
2025,8,00-0040534,Ke'Shawn Williams,WR,0.0
2025,8,00-0030279,Keenan Allen,WR,8.4
2025,8,00-0033307,Kendrick Bourne,WR,7.4
2025,8,00-0039901,Keon Coleman,WR,6.0
2025,8,00-0034854,KhaDarel Hodge,WR,6.1
2025,8,00-0037261,Khalil Shakir,WR,20.8
2025,8,00-0039915,Ladd McConkey,WR,20.8
2025,8,00-0039355,Luke McCaffrey,WR,5.4
2025,8,00-0040735,Luther Burden III,WR,0.9
2025,8,00-0033555,Mack Hollins,WR,15.9
2025,8,00-0039920,Malachi Corley,WR,3.1
2025,8,00-0038465,Malik Heath,WR,5.9
2025,8,00-0039880,Malik Washington,WR,13.6
2025,8,00-0035662,Marquise Brown,WR,0.0
2025,8,00-0038976,Marvin Mims Jr.,WR,1.8
2025,8,00-0039623,Mason Tipton,WR,0.0
2025,8,00-0040667,Matthew Golden,WR,3.4
2025,8,00-0036252,Michael Pittman,WR,23.5
2025,8,00-0040506,Myles Price,WR,0.0
2025,8,00-0036182,Nick Westbrook-Ikhine,WR,2.8
2025,8,00-0038519,Nikko Remigio,WR,0.0
2025,8,00-0035208,Olamide Zaccheaus,WR,10.3
2025,8,00-0040134,Pat Bryant,WR,12.0
2025,8,00-0039067,Rashee Rice,WR,25.5
2025,8,00-0037545,Rashid Shaheed,WR,14.5
2025,8,00-0036550,Rashod Bateman,WR,7.1
2025,8,00-0039739,Roman Wilson,WR,17.4
2025,8,00-0039919,Rome Odunze,WR,20.4
2025,8,00-0037816,Romeo Doubs,WR,9.4
2025,8,00-0039410,Ryan Flournoy,WR,1.7
2025,8,00-0040009,Savion Williams,WR,7.9
2025,8,00-0038090,Skyy Moore,WR,0.0
2025,8,00-0031588,Stefon Diggs,WR,10.4
2025,8,00-0032385,Sterling Shepard,WR,1.8
2025,8,00-0036410,Tee Higgins,WR,11.4
2025,8,00-0035659,Terry McLaurin,WR,14.4
2025,8,00-0040124,Tetairoa McMillan,WR,16.9
2025,8,00-0040237,Tez Johnson,WR,9.3
2025,8,00-0040727,Tre Harris,WR,8.8
2025,8,00-0039868,Troy Franklin,WR,26.9
2025,8,00-0036630,Tylan Wallace,WR,1.6
2025,8,00-0036427,Tyler Johnson,WR,15.4
2025,8,00-0036415,Van Jefferson,WR,1.6
2025,8,00-0038117,Wan'Dale Robinson,WR,7.8
2025,8,00-0038496,Xavier Gipson,WR,1.3
2025,8,00-0038618,Xavier Hutchinson,WR,17.9
2025,8,00-0039342,Xavier Legette,WR,3.7
2025,8,00-0039894,Xavier Worthy,WR,10.3
2025,8,00-0039064,Zay Flowers,WR,14.1
2025,9,00-0023459,Aaron Rodgers,QB,12.12
2025,9,00-0038658,Adrian Martinez,QB,-0.1
2025,9,00-0039732,Bo Nix,QB,19.52
2025,9,00-0039150,Bryce Young,QB,3.98
2025,9,00-0039163,C.J. Stroud,QB,4.36
2025,9,00-0039918,Caleb Williams,QB,38.7
2025,9,00-0040676,Cam Ward,QB,6.4
2025,9,00-0033077,Dak Prescott,QB,16.4
2025,9,00-0035710,Daniel Jones,QB,19.08
2025,9,00-0036898,Davis Mills,QB,6.18
2025,9,00-0039851,Drake Maye,QB,17.36
2025,9,00-0030565,Geno Smith,QB,27.26
2025,9,00-0039923,J.J. McCarthy,QB,19.92
2025,9,00-0033119,Jacoby Brissett,QB,24.84
2025,9,00-0033106,Jared Goff,QB,19.36
2025,9,00-0040691,Jaxson Dart,QB,27.24
2025,9,00-0039910,Jayden Daniels,QB,16.22
2025,9,00-0026158,Joe Flacco,QB,38.7
2025,9,00-0036264,Jordan Love,QB,10.02
2025,9,00-0034857,Josh Allen,QB,28.82
2025,9,00-0036355,Justin Herbert,QB,28.7
2025,9,00-0034796,Lamar Jackson,QB,25.56
2025,9,00-0036972,Mac Jones,QB,15.8
2025,9,00-0026498,Matthew Stafford,QB,26.84
2025,9,00-0039917,Michael Penix Jr.,QB,22.74
2025,9,00-0033873,Patrick Mahomes,QB,11.5
2025,9,00-0034869,Sam Darnold,QB,30.2
2025,9,00-0036971,Trevor Lawrence,QB,22.2
2025,9,00-0036212,Tua Tagovailoa,QB,9.54
2025,9,00-0040743,Tyler Shough,QB,10.24
2025,9,00-0038416,Tyson Bagent,QB,0.8
2025,9,00-0033293,Aaron Jones,RB,11.8
2025,9,00-0033906,Alvin Kamara,RB,0.7
2025,9,00-0032104,Ameer Abdullah,RB,1.5
2025,9,00-0040122,Ashton Jeanty,RB,19.9
2025,9,00-0037157,Bam Knight,RB,6.7
2025,9,00-0040719,Bhayshul Tuten,RB,9.6
2025,9,00-0038542,Bijan Robinson,RB,17.6
2025,9,00-0039738,Blake Corum,RB,5.8
2025,9,00-0040078,Brashard Smith,RB,0.7
2025,9,00-0037746,Brian Robinson,RB,11.3
2025,9,00-0039603,British Brooks,RB,0.0
2025,9,00-0037329,Brittain Brown,RB,9.7
2025,9,00-0038597,Chase Brown,RB,19.2
2025,9,00-0038685,Chris Brooks,RB,4.4
2025,9,00-0038611,Chris Rodriguez Jr.,RB,12.5
2025,9,00-0033280,Christian McCaffrey,RB,36.3
2025,9,00-0036555,Chuba Hubbard,RB,1.7
2025,9,00-0036360,Clyde Edwards-Helaire,RB,0.5
2025,9,00-0033854,Dare Ogunbowale,RB,1.2
2025,9,00-0035685,David Montgomery,RB,11.0
2025,9,00-0039040,De'Von Achane,RB,16.6
2025,9,00-0032764,Derrick Henry,RB,15.1
2025,9,00-0040202,Devin Neal,RB,2.2
2025,9,00-0035250,Devin Singletary,RB,7.1
2025,9,00-0039407,Dylan Laube,RB,0.0
2025,9,00-0038797,Emanuel Wilson,RB,2.7
2025,9,00-0038705,Emari Demercado,RB,8.8
2025,9,00-0039299,George Holani,RB,0.9
2025,9,00-0038738,Hunter Luepke,RB,0.0
2025,9,00-0039363,Isaac Guerendo,RB,0.0
2025,9,00-0036158,J.K. Dobbins,RB,6.9
2025,9,00-0038896,Jacob Saylors,RB,0.0
2025,9,00-0040242,Jacory Croskey-Merritt,RB,5.1
2025,9,00-0039139,Jahmyr Gibbs,RB,5.8
2025,9,00-0037248,James Cook,RB,15.5
2025,9,00-0036755,Jaret Patterson,RB,4.4
2025,9,00-0036997,Javonte Williams,RB,7.3
2025,9,00-0037228,Jaylen Warren,RB,16.9
2025,9,00-0033955,Jeremy McNichols,RB,0.0
2025,9,00-0036223,Jonathan Taylor,RB,7.7
2025,9,00-0037525,Jordan Mason,RB,4.7
2025,9,00-0035700,Josh Jacobs,RB,20.0
2025,9,00-0037594,Julius Chestnut,RB,0.0
2025,9,00-0034975,Justice Hill,RB,3.5
2025,9,00-0040142,Kaleb Johnson,RB,2.3
2025,9,00-0033923,Kareem Hunt,RB,12.5
2025,9,00-0038454,Keaton Mitchell,RB,2.8
2025,9,00-0038134,Kenneth Walker III,RB,8.1
2025,9,00-0036919,Kenny Gainwell,RB,7.4
2025,9,00-0039391,Kimani Vidal,RB,3.0
2025,9,00-0040236,Kyle Monangai,RB,24.8
2025,9,00-0037840,Kyren Williams,RB,19.4
2025,9,00-0040238,LeQuint Allen Jr.,RB,2.1
2025,9,00-0038409,Lew Nichols III,RB,0.0
2025,9,00-0037563,Malik Davis,RB,0.3
2025,9,00-0034791,Nick Chubb,RB,3.4
2025,9,00-0040198,Ollie Gordon II,RB,1.9
2025,9,00-0040730,RJ Harvey,RB,16.6
2025,9,00-0031687,Raheem Mostert,RB,2.4
2025,9,00-0039796,Rasheen Ali,RB,0.0
2025,9,00-0039875,Ray Davis,RB,0.0
2025,9,00-0036187,Reggie Gilliam,RB,0.0
2025,9,00-0036139,Rico Dowdle,RB,30.1
2025,9,00-0040649,Robbie Ouzts,RB,0.0
2025,9,00-0033526,Samaje Perine,RB,0.5
2025,9,00-0039364,Sione Vaki,RB,0.0
2025,9,00-0040208,Tahj Brooks,RB,0.1
2025,9,00-0039757,Terrell Jennings,RB,11.4
2025,9,00-0035261,Tony Pollard,RB,7.8
2025,9,00-0036973,Travis Etienne,RB,16.5
2025,9,00-0035594,Travis Homer,RB,0.0
2025,9,00-0040734,TreVeyon Henderson,RB,12.7
2025,9,00-0040644,Trevor Etienne,RB,0.0
2025,9,00-0036984,Trey Sermon,RB,0.0
2025,9,00-0035537,Ty Johnson,RB,10.0
2025,9,00-0039032,Tyjae Spears,RB,9.2
2025,9,00-0037263,Tyler Allgeier,RB,0.6
2025,9,00-0037085,Tyler Badie,RB,2.6
2025,9,00-0037120,Tyler Goodson,RB,1.8
2025,9,00-0039384,Tyrone Tracy Jr.,RB,6.7
2025,9,00-0040583,Woody Marks,RB,2.7
2025,9,00-0039165,Zach Charbonnet,RB,5.6
2025,9,00-0038440,Zavier Scott,RB,0.0
2025,9,00-0039793,AJ Barner,TE,13.0
2025,9,00-0036422,Adam Trautman,TE,5.5
2025,9,00-0037292,Andrew Ogletree,TE,0.0
2025,9,00-0032392,Austin Hooper,TE,3.5
2025,9,00-0040509,Ben Yurosek,TE,0.0
2025,9,00-0039530,Brevyn Spann-Ford,TE,0.0
2025,9,00-0039338,Brock Bowers,TE,51.3
2025,9,00-0036754,Brock Wright,TE,2.6
2025,9,00-0038046,Charlie Kolar,TE,11.3
2025,9,00-0037809,Chig Okonkwo,TE,4.0
2025,9,00-0036244,Colby Parkinson,TE,4.0
2025,9,00-0036290,Cole Kmet,TE,2.5
2025,9,00-0040126,Colston Loveland,TE,34.8
2025,9,00-0038933,Dalton Kincaid,TE,27.1
2025,9,00-0034383,Dalton Schultz,TE,16.7
2025,9,00-0038558,Darnell Washington,TE,10.3
2025,9,00-0039648,David Martin-Robinson,TE,0.0
2025,9,00-0039074,Davis Allen,TE,8.2
2025,9,00-0035689,Dawson Knox,TE,4.5
2025,9,00-0034798,Durham Smythe,TE,0.0
2025,9,00-0040739,Elijah Arroyo,TE,11.9
2025,9,00-0039041,Elijah Higgins,TE,7.5
2025,9,00-0033881,Evan Engram,TE,0.0
2025,9,00-0036825,Feleipe Franks,TE,0.0
2025,9,00-0033288,George Kittle,TE,8.9
2025,9,00-0037252,Greg Dulcich,TE,12.4
2025,9,00-0040584,Gunnar Helm,TE,3.0
2025,9,00-0036232,Harrison Bryant,TE,1.7
2025,9,00-0033090,Hunter Henry,TE,11.1
2025,9,00-0037004,Hunter Long,TE,2.1
2025,9,00-0034365,Ian Thomas,TE,2.4
2025,9,00-0037838,Isaiah Likely,TE,10.5
2025,9,00-0039356,Ja'Tavion Sanders,TE,2.0
2025,9,00-0039305,Jack Westover,TE,0.0
2025,9,00-0040194,Jackson Hawes,TE,3.3
2025,9,00-0038041,Jake Ferguson,TE,10.5
2025,9,00-0036628,John Bates,TE,5.0
2025,9,00-0033246,Johnny Mundt,TE,0.0
2025,9,00-0033858,Jonnu Smith,TE,7.0
2025,9,00-0036040,Juwan Johnson,TE,13.6
2025,9,00-0036970,Kyle Pitts,TE,9.8
2025,9,00-0036887,Luke Farrell,TE,2.4
2025,9,00-0039144,Luke Musgrave,TE,7.9
2025,9,00-0038547,Luke Schoonmaker,TE,2.9
2025,9,00-0034753,Mark Andrews,TE,17.6
2025,9,00-0039066,Michael Mayer,TE,7.1
2025,9,00-0033217,Mo Alie-Cox,TE,0.0
2025,9,00-0035644,Noah Fant,TE,11.8
2025,9,00-0036637,Noah Gray,TE,0.0
2025,9,00-0040189,Oronde Gadsden II,TE,14.3
2025,9,00-0036894,Pat Freiermuth,TE,13.2
2025,9,00-0038735,Princeton Fant,TE,0.0
2025,9,00-0039065,Sam LaPorta,TE,24.7
2025,9,00-0035229,T.J. Hockenson,TE,10.1
2025,9,00-0037348,Tanner Conner,TE,0.0
2025,9,00-0034613,Tanner Hudson,TE,7.2
2025,9,00-0033357,Taysom Hill,TE,3.0
2025,9,00-0040737,Terrance Ferguson,TE,8.4
2025,9,00-0039847,Theo Johnson,TE,13.2
2025,9,00-0037005,Tommy Tremble,TE,0.0
2025,9,00-0030506,Travis Kelce,TE,14.6
2025,9,00-0037744,Trey McBride,TE,19.0
2025,9,00-0037654,Tucker Fisk,TE,2.7
2025,9,00-0038996,Tucker Kraft,TE,5.0
2025,9,00-0033110,Tyler Higbee,TE,11.8
2025,9,00-0040128,Tyler Warren,TE,10.1
2025,9,00-0030061,Zach Ertz,TE,10.6
2025,9,00-0039890,Adonai Mitchell,WR,1.7
2025,9,00-0037664,Alec Pierce,WR,19.5
2025,9,00-0035602,Alex Bachman,WR,0.0
2025,9,00-0036963,Amon-Ra St. Brown,WR,18.7
2025,9,00-0038619,Andrei Iosivas,WR,18.0
2025,9,00-0035021,Ashton Dulin,WR,0.0
2025,9,00-0036841,Austin Trammell,WR,0.0
2025,9,00-0036862,Ben Skowronek,WR,0.0
2025,9,00-0031236,Brandin Cooks,WR,3.6
2025,9,00-0034419,Braxton Berrios,WR,0.0
2025,9,00-0039893,Brian Thomas Jr.,WR,8.5
2025,9,00-0038840,Brycen Tremayne,WR,1.8
2025,9,00-0037837,Calvin Austin III,WR,10.6
2025,9,00-0034418,Cedrick Wilson Jr.,WR,1.7
2025,9,00-0036358,CeeDee Lamb,WR,15.5
2025,9,00-0038576,Charlie Jones,WR,0.0
2025,9,00-0040705,Chimere Dike,WR,1.5
2025,9,00-0037239,Chris Olave,WR,8.7
2025,9,00-0034775,Christian Kirk,WR,6.6
2025,9,00-0038124,Christian Watson,WR,7.8
2025,9,00-0035891,Cody White,WR,13.0
2025,9,00-0034348,Courtland Sutton,WR,10.0
2025,9,00-0033282,Curtis Samuel,WR,1.6
2025,9,00-0034827,DJ Moore,WR,22.98
2025,9,00-0035640,DK Metcalf,WR,2.6
2025,9,00-0035535,Darius Slayton,WR,11.2
2025,9,00-0036309,Darnell Mooney,WR,2.5
2025,9,00-0031381,Davante Adams,WR,23.0
2025,9,00-0035359,David Sills,WR,0.0
2025,9,00-0030564,DeAndre Hopkins,WR,0.0
2025,9,00-0038621,DeMario Douglas,WR,22.0
2025,9,00-0036620,Dee Eskridge,WR,0.0
2025,9,00-0035719,Deebo Samuel Sr.,WR,9.4
2025,9,00-0032775,Demarcus Robinson,WR,0.0
2025,9,00-0038573,Derius Davis,WR,0.0
2025,9,00-0036331,Devin Duvernay,WR,0.0
2025,9,00-0037238,Drake London,WR,40.8
2025,9,00-0036626,Dyami Brown,WR,5.9
2025,9,00-0040563,Efton Chism III,WR,0.0
2025,9,00-0040170,Elic Ayomanor,WR,7.6
2025,9,00-0036980,Elijah Moore,WR,3.8
2025,9,00-0037247,George Pickens,WR,13.9
2025,9,00-0035500,Greg Dortch,WR,0.9
2025,9,00-0035645,Gunner Olszewski,WR,9.4
2025,9,00-0036900,Ja'Marr Chase,WR,19.1
2025,9,00-0040729,Jack Bech,WR,0.0
2025,9,00-0040277,Jahdae Walker,WR,0.0
2025,9,00-0034960,Jakobi Meyers,WR,6.3
2025,9,00-0039491,Jalen Coker,WR,1.9
2025,9,00-0037291,Jalen Nailor,WR,2.6
2025,9,00-0038938,Jalin Hyatt,WR,0.0
2025,9,00-0033572,Jamal Agnew,WR,0.0
2025,9,00-0037240,Jameson Williams,WR,16.6
2025,9,00-0036259,Jauan Jennings,WR,14.1
2025,9,00-0038543,Jaxon Smith-Njigba,WR,24.0
2025,9,00-0040130,Jayden Higgins,WR,1.4
2025,9,00-0036613,Jaylen Waddle,WR,14.2
2025,9,00-0040164,Jaylin Lane,WR,3.9
2025,9,00-0040138,Jaylin Noel,WR,-0.3
2025,9,00-0040218,Jimmy Horn Jr.,WR,1.8
2025,9,00-0038994,Jordan Addison,WR,8.4
2025,9,00-0040172,Jordan Watkins,WR,2.9
2025,9,00-0038997,Josh Downs,WR,15.7
2025,9,00-0033857,JuJu Smith-Schuster,WR,1.2
2025,9,00-0036322,Justin Jefferson,WR,16.7
2025,9,00-0037801,KaVontae Turpin,WR,3.3
2025,9,00-0032464,Kalif Raymond,WR,0.0
2025,9,00-0038608,Kayshon Boutte,WR,0.0
2025,9,00-0040534,Ke'Shawn Williams,WR,0.0
2025,9,00-0040184,KeAndre Lambert-Smith,WR,0.0
2025,9,00-0030279,Keenan Allen,WR,6.1
2025,9,00-0033307,Kendrick Bourne,WR,5.4
2025,9,00-0039901,Keon Coleman,WR,3.7
2025,9,00-0034854,KhaDarel Hodge,WR,0.0
2025,9,00-0037261,Khalil Shakir,WR,11.3
2025,9,00-0040131,Kyle Williams,WR,0.0
2025,9,00-0040075,LaJohntay Wester,WR,0.0
2025,9,00-0039915,Ladd McConkey,WR,9.6
2025,9,00-0039355,Luke McCaffrey,WR,0.0
2025,9,00-0033555,Mack Hollins,WR,2.9
2025,9,00-0038465,Malik Heath,WR,2.1
2025,9,00-0039880,Malik Washington,WR,7.1
2025,9,00-0035662,Marquise Brown,WR,9.3
2025,9,00-0039849,Marvin Harrison Jr.,WR,22.6
2025,9,00-0036176,Mason Kinsey,WR,0.0
2025,9,00-0040667,Matthew Golden,WR,2.9
2025,9,00-0036959,Michael Bandy,WR,0.6
2025,9,00-0036252,Michael Pittman,WR,22.5
2025,9,00-0038559,Michael Wilson,WR,9.1
2025,9,00-0038839,Mitchell Tinsley,WR,3.7
2025,9,00-0040506,Myles Price,WR,0.0
2025,9,00-0036182,Nick Westbrook-Ikhine,WR,4.2
2025,9,00-0036554,Nico Collins,WR,14.5
2025,9,00-0038519,Nikko Remigio,WR,0.0
2025,9,00-0035208,Olamide Zaccheaus,WR,17.8
2025,9,00-0038606,Parker Washington,WR,17.0
2025,9,00-0040134,Pat Bryant,WR,4.0
2025,9,00-0039075,Puka Nacua,WR,22.8
2025,9,00-0038544,Quentin Johnston,WR,15.3
2025,9,00-0039067,Rashee Rice,WR,18.6
2025,9,00-0037545,Rashid Shaheed,WR,11.8
2025,9,00-0036550,Rashod Bateman,WR,9.3
2025,9,00-0034407,Ray-Ray McCloud,WR,1.5
2025,9,00-0039739,Roman Wilson,WR,-0.6
2025,9,00-0039919,Rome Odunze,WR,0.0
2025,9,00-0037816,Romeo Doubs,WR,16.1
2025,9,00-0039410,Ryan Flournoy,WR,9.2
2025,9,00-0040009,Savion Williams,WR,1.2
2025,9,00-0036646,Simi Fehoko,WR,0.0
2025,9,00-0038090,Skyy Moore,WR,3.1
2025,9,00-0031588,Stefon Diggs,WR,12.8
2025,9,00-0039884,Tahj Washington,WR,0.1
2025,9,00-0040154,Tai Felton,WR,0.0
2025,9,00-0036410,Tee Higgins,WR,35.1
2025,9,00-0040124,Tetairoa McMillan,WR,8.6
2025,9,00-0036497,Tim Jones,WR,2.5
2025,9,00-0040648,Tory Horton,WR,20.8
2025,9,00-0040727,Tre Harris,WR,3.8
2025,9,00-0038563,Tre Tucker,WR,6.8
2025,9,00-0037742,Treylon Burks,WR,2.4
2025,9,00-0039868,Troy Franklin,WR,8.3
2025,9,00-0036630,Tylan Wallace,WR,0.0
2025,9,00-0032211,Tyler Lockett,WR,0.0
2025,9,00-0038104,Tyquan Thornton,WR,0.0
2025,9,00-0038679,Tyrell Shavers,WR,1.7
2025,9,00-0036415,Van Jefferson,WR,3.1
2025,9,00-0038117,Wan'Dale Robinson,WR,13.6
2025,9,00-0038618,Xavier Hutchinson,WR,6.0
2025,9,00-0039342,Xavier Legette,WR,3.2
2025,9,00-0038359,Xavier Smith,WR,3.2
2025,9,00-0039894,Xavier Worthy,WR,6.0
2025,9,00-0039064,Zay Flowers,WR,11.4
2025,10,00-0023459,Aaron Rodgers,QB,8.44
2025,10,00-0034855,Baker Mayfield,QB,22.92
2025,10,00-0039732,Bo Nix,QB,7.8
2025,10,00-0039150,Bryce Young,QB,2.56
2025,10,00-0039918,Caleb Williams,QB,25.1
2025,10,00-0035710,Daniel Jones,QB,16.5
2025,10,00-0036898,Davis Mills,QB,28.68
2025,10,00-0040704,Dillon Gabriel,QB,20.08
2025,10,00-0039851,Drake Maye,QB,19.1
2025,10,00-0035704,Drew Lock,QB,-0.4
2025,10,00-0030565,Geno Smith,QB,5.42
2025,10,00-0039923,J.J. McCarthy,QB,16.72
2025,10,00-0033119,Jacoby Brissett,QB,19.42
2025,10,00-0036389,Jalen Hurts,QB,12.02
2025,10,00-0033106,Jared Goff,QB,26.8
2025,10,00-0040691,Jaxson Dart,QB,26.28
2025,10,00-0036264,Jordan Love,QB,7.84
2025,10,00-0034857,Josh Allen,QB,22.34
2025,10,00-0036945,Justin Fields,QB,7.96
2025,10,00-0036355,Justin Herbert,QB,14.7
2025,10,00-0039577,Kedon Slovis,QB,0.0
2025,10,00-0038102,Kenny Pickett,QB,0.0
2025,10,00-0034577,Kyle Allen,QB,-0.1
2025,10,00-0034796,Lamar Jackson,QB,16.64
2025,10,00-0036972,Mac Jones,QB,26.06
2025,10,00-0032268,Marcus Mariota,QB,18.72
2025,10,00-0026498,Matthew Stafford,QB,26.9
2025,10,00-0039917,Michael Penix Jr.,QB,10.98
2025,10,00-0033869,Mitchell Trubisky,QB,0.4
2025,10,00-0029263,Russell Wilson,QB,3.0
2025,10,00-0034869,Sam Darnold,QB,5.92
2025,10,00-0036971,Trevor Lawrence,QB,10.82
2025,10,00-0036212,Tua Tagovailoa,QB,12.82
2025,10,00-0040743,Tyler Shough,QB,18.98
2025,10,00-0033293,Aaron Jones,RB,15.9
2025,10,00-0033906,Alvin Kamara,RB,14.5
2025,10,00-0032104,Ameer Abdullah,RB,1.8
2025,10,00-0040122,Ashton Jeanty,RB,15.3
2025,10,00-0037157,Bam Knight,RB,4.3
2025,10,00-0040719,Bhayshul Tuten,RB,2.0
2025,10,00-0038542,Bijan Robinson,RB,10.8
2025,10,00-0039738,Blake Corum,RB,5.6
2025,10,00-0038488,Brady Russell,RB,0.0
2025,10,00-0038120,Breece Hall,RB,19.5
2025,10,00-0037746,Brian Robinson,RB,11.5
2025,10,00-0038685,Chris Brooks,RB,0.0
2025,10,00-0038611,Chris Rodriguez Jr.,RB,7.6
2025,10,00-0033280,Christian McCaffrey,RB,17.6
2025,10,00-0036555,Chuba Hubbard,RB,2.5
2025,10,00-0036275,D'Andre Swift,RB,14.8
2025,10,00-0035628,D'Ernest Johnson,RB,0.1
2025,10,00-0037258,Dameon Pierce,RB,0.0
2025,10,00-0035685,David Montgomery,RB,10.1
2025,10,00-0039040,De'Von Achane,RB,42.5
2025,10,00-0032764,Derrick Henry,RB,11.4
2025,10,00-0040202,Devin Neal,RB,6.1
2025,10,00-0035250,Devin Singletary,RB,10.3
2025,10,00-0039407,Dylan Laube,RB,0.0
2025,10,00-0040162,Dylan Sampson,RB,0.9
2025,10,00-0038797,Emanuel Wilson,RB,1.4
2025,10,00-0038705,Emari Demercado,RB,13.4
2025,10,00-0039299,George Holani,RB,9.1
2025,10,00-0039798,Isaiah Davis,RB,2.1
2025,10,00-0036158,J.K. Dobbins,RB,9.4
2025,10,00-0040242,Jacory Croskey-Merritt,RB,3.0
2025,10,00-0039139,Jahmyr Gibbs,RB,40.2
2025,10,00-0037248,James Cook,RB,10.7
2025,10,00-0036755,Jaret Patterson,RB,0.1
2025,10,00-0037228,Jaylen Warren,RB,11.1
2025,10,00-0039874,Jaylen Wright,RB,1.7
2025,10,00-0033955,Jeremy McNichols,RB,3.9
2025,10,00-0037267,Jerome Ford,RB,0.1
2025,10,00-0036223,Jonathan Taylor,RB,55.6
2025,10,00-0037525,Jordan Mason,RB,4.1
2025,10,00-0035700,Josh Jacobs,RB,19.7
2025,10,00-0034975,Justice Hill,RB,8.3
2025,10,00-0040142,Kaleb Johnson,RB,0.3
2025,10,00-0038454,Keaton Mitchell,RB,3.1
2025,10,00-0036842,Kene Nwangwu,RB,0.0
2025,10,00-0038134,Kenneth Walker III,RB,8.0
2025,10,00-0036919,Kenny Gainwell,RB,2.4
2025,10,00-0039391,Kimani Vidal,RB,17.8
2025,10,00-0040236,Kyle Monangai,RB,8.8
2025,10,00-0037840,Kyren Williams,RB,22.4
2025,10,00-0040238,LeQuint Allen Jr.,RB,1.6
2025,10,00-0036924,Michael Carter,RB,0.4
2025,10,00-0034791,Nick Chubb,RB,6.2
2025,10,00-0040198,Ollie Gordon II,RB,-0.3
2025,10,00-0033376,Patrick Ricard,RB,0.3
2025,10,00-0040784,Quinshon Judkins,RB,10.5
2025,10,00-0040730,RJ Harvey,RB,3.8
2025,10,00-0037256,Rachaad White,RB,10.4
2025,10,00-0031687,Raheem Mostert,RB,2.5
2025,10,00-0039875,Ray Davis,RB,0.8
2025,10,00-0036139,Rico Dowdle,RB,15.3
2025,10,00-0040649,Robbie Ouzts,RB,0.0
2025,10,00-0034844,Saquon Barkley,RB,13.1
2025,10,00-0038951,Sean Tucker,RB,6.1
2025,10,00-0039364,Sione Vaki,RB,0.4
2025,10,00-0038555,Tank Bigsby,RB,0.7
2025,10,00-0039757,Terrell Jennings,RB,0.5
2025,10,00-0036973,Travis Etienne,RB,15.7
2025,10,00-0035291,Trayveon Williams,RB,0.0
2025,10,00-0040734,TreVeyon Henderson,RB,30.0
2025,10,00-0040644,Trevor Etienne,RB,0.0
2025,10,00-0036984,Trey Sermon,RB,0.0
2025,10,00-0035537,Ty Johnson,RB,4.6
2025,10,00-0037263,Tyler Allgeier,RB,17.7
2025,10,00-0037085,Tyler Badie,RB,0.0
2025,10,00-0037120,Tyler Goodson,RB,0.4
2025,10,00-0039384,Tyrone Tracy Jr.,RB,8.1
2025,10,00-0039746,Will Shipley,RB,5.4
2025,10,00-0040583,Woody Marks,RB,16.1
2025,10,00-0039165,Zach Charbonnet,RB,14.3
2025,10,00-0039793,AJ Barner,TE,0.3
2025,10,00-0036422,Adam Trautman,TE,1.7
2025,10,00-0037292,Andrew Ogletree,TE,0.0
2025,10,00-0032392,Austin Hooper,TE,0.0
2025,10,00-0039912,Ben Sinnott,TE,7.9
2025,10,00-0040509,Ben Yurosek,TE,0.0
2025,10,00-0038710,Blake Whiteheart,TE,0.0
2025,10,00-0039338,Brock Bowers,TE,4.2
2025,10,00-0036754,Brock Wright,TE,0.0
2025,10,00-0038129,Cade Otton,TE,21.7
2025,10,00-0038046,Charlie Kolar,TE,3.8
2025,10,00-0036429,Charlie Woerner,TE,2.9
2025,10,00-0036244,Colby Parkinson,TE,16.1
2025,10,00-0036290,Cole Kmet,TE,2.0
2025,10,00-0040126,Colston Loveland,TE,11.5
2025,10,00-0034351,Dallas Goedert,TE,10.3
2025,10,00-0038933,Dalton Kincaid,TE,6.7
2025,10,00-0034383,Dalton Schultz,TE,21.8
2025,10,00-0038115,Daniel Bellinger,TE,2.3
2025,10,00-0038558,Darnell Washington,TE,3.0
2025,10,00-0033885,David Njoku,TE,11.1
2025,10,00-0039074,Davis Allen,TE,9.8
2025,10,00-0035689,Dawson Knox,TE,8.2
2025,10,00-0040739,Elijah Arroyo,TE,2.0
2025,10,00-0039041,Elijah Higgins,TE,4.9
2025,10,00-0033881,Evan Engram,TE,4.2
2025,10,00-0036825,Feleipe Franks,TE,0.0
2025,10,00-0034981,Foster Moreau,TE,4.6
2025,10,00-0033288,George Kittle,TE,27.9
2025,10,00-0037086,Grant Calcaterra,TE,0.0
2025,10,00-0037252,Greg Dulcich,TE,3.7
2025,10,00-0040663,Harold Fannin Jr.,TE,10.4
2025,10,00-0033090,Hunter Henry,TE,2.4
2025,10,00-0037838,Isaiah Likely,TE,4.7
2025,10,00-0039356,Ja'Tavion Sanders,TE,10.7
2025,10,00-0039305,Jack Westover,TE,0.0
2025,10,00-0040194,Jackson Hawes,TE,10.1
2025,10,00-0037805,Jeremy Ruckert,TE,1.5
2025,10,00-0036628,John Bates,TE,2.1
2025,10,00-0033246,Johnny Mundt,TE,3.6
2025,10,00-0033858,Jonnu Smith,TE,1.9
2025,10,00-0036040,Juwan Johnson,TE,21.2
2025,10,00-0036970,Kyle Pitts,TE,6.8
2025,10,00-0036876,Kylen Granson,TE,0.0
2025,10,00-0036887,Luke Farrell,TE,10.5
2025,10,00-0039144,Luke Musgrave,TE,6.8
2025,10,00-0024243,Marcedes Lewis,TE,0.0
2025,10,00-0034753,Mark Andrews,TE,11.9
2025,10,00-0040736,Mason Taylor,TE,1.9
2025,10,00-0039066,Michael Mayer,TE,6.7
2025,10,00-0040187,Mitchell Evans,TE,0.0
2025,10,00-0033217,Mo Alie-Cox,TE,0.0
2025,10,00-0040058,Nick Kallerup,TE,0.0
2025,10,00-0040189,Oronde Gadsden II,TE,5.8
2025,10,00-0036894,Pat Freiermuth,TE,7.8
2025,10,00-0039050,Payne Durham,TE,0.0
2025,10,00-0034073,Ross Dwelley,TE,0.0
2025,10,00-0039065,Sam LaPorta,TE,12.8
2025,10,00-0037475,Stone Smartt,TE,0.0
2025,10,00-0035229,T.J. Hockenson,TE,3.8
2025,10,00-0033357,Taysom Hill,TE,2.0
2025,10,00-0040737,Terrance Ferguson,TE,4.7
2025,10,00-0039847,Theo Johnson,TE,18.0
2025,10,00-0037744,Trey McBride,TE,34.2
2025,10,00-0037654,Tucker Fisk,TE,2.2
2025,10,00-0034270,Tyler Conklin,TE,2.7
2025,10,00-0033110,Tyler Higbee,TE,7.8
2025,10,00-0040128,Tyler Warren,TE,21.9
2025,10,00-0030061,Zach Ertz,TE,11.4
2025,10,00-0037340,Zaire Mitchell-Paden,TE,2.9
2025,10,00-0035676,A.J. Brown,WR,3.3
2025,10,00-0030035,Adam Thielen,WR,3.6
2025,10,00-0037664,Alec Pierce,WR,18.4
2025,10,00-0035602,Alex Bachman,WR,0.0
2025,10,00-0036963,Amon-Ra St. Brown,WR,16.8
2025,10,00-0040582,Arian Smith,WR,1.3
2025,10,00-0035021,Ashton Dulin,WR,2.2
2025,10,00-0036841,Austin Trammell,WR,5.3
2025,10,00-0036862,Ben Skowronek,WR,0.0
2025,10,00-0037091,Bo Melton,WR,4.8
2025,10,00-0034419,Braxton Berrios,WR,0.0
2025,10,00-0037837,Calvin Austin III,WR,3.4
2025,10,00-0038979,Cedric Tillman,WR,3.1
2025,10,00-0032398,Chris Moore,WR,0.0
2025,10,00-0037239,Chris Olave,WR,23.4
2025,10,00-0034775,Christian Kirk,WR,1.3
2025,10,00-0038124,Christian Watson,WR,6.5
2025,10,00-0035891,Cody White,WR,0.0
2025,10,00-0033908,Cooper Kupp,WR,9.4
2025,10,00-0034348,Courtland Sutton,WR,5.4
2025,10,00-0033282,Curtis Samuel,WR,3.1
2025,10,00-0034827,DJ Moore,WR,0.0
2025,10,00-0035640,DK Metcalf,WR,6.5
2025,10,00-0034860,Dante Pettis,WR,0.0
2025,10,00-0035535,Darius Slayton,WR,12.9
2025,10,00-0036309,Darnell Mooney,WR,2.7
2025,10,00-0031381,Davante Adams,WR,19.7
2025,10,00-0035359,David Sills,WR,0.0
2025,10,00-0030564,DeAndre Hopkins,WR,3.6
2025,10,00-0038621,DeMario Douglas,WR,5.4
2025,10,00-0036912,DeVonta Smith,WR,16.9
2025,10,00-0035719,Deebo Samuel Sr.,WR,12.9
2025,10,00-0032775,Demarcus Robinson,WR,6.4
2025,10,00-0038573,Derius Davis,WR,1.3
2025,10,00-0039424,Devaughn Vele,WR,2.5
2025,10,00-0036331,Devin Duvernay,WR,0.0
2025,10,00-0040241,Dominic Lovett,WR,0.0
2025,10,00-0040581,Dont'e Thornton Jr.,WR,1.4
2025,10,00-0038393,Dontayvion Wicks,WR,7.8
2025,10,00-0037238,Drake London,WR,26.4
2025,10,00-0036626,Dyami Brown,WR,0.0
2025,10,00-0040563,Efton Chism III,WR,0.0
2025,10,00-0036980,Elijah Moore,WR,2.8
2025,10,00-0040129,Emeka Egbuka,WR,25.5
2025,10,00-0040259,Gage Larvadain,WR,0.0
2025,10,00-0037740,Garrett Wilson,WR,0.0
2025,10,00-0035500,Greg Dortch,WR,6.2
2025,10,00-0035645,Gunner Olszewski,WR,0.0
2025,10,00-0040669,Isaac TeSlaa,WR,2.1
2025,10,00-0039451,Isaiah Williams,WR,1.4
2025,10,00-0040729,Jack Bech,WR,0.0
2025,10,00-0037741,Jahan Dotson,WR,0.0
2025,10,00-0034960,Jakobi Meyers,WR,7.1
2025,10,00-0039491,Jalen Coker,WR,5.1
2025,10,00-0037291,Jalen Nailor,WR,25.4
2025,10,00-0033572,Jamal Agnew,WR,0.0
2025,10,00-0039379,Jamari Thrash,WR,0.0
2025,10,00-0037240,Jameson Williams,WR,25.9
2025,10,00-0036259,Jauan Jennings,WR,17.1
2025,10,00-0038543,Jaxon Smith-Njigba,WR,20.3
2025,10,00-0040130,Jayden Higgins,WR,15.2
2025,10,00-0036613,Jaylen Waddle,WR,19.4
2025,10,00-0040164,Jaylin Lane,WR,5.1
2025,10,00-0040138,Jaylin Noel,WR,7.5
2025,10,00-0036407,Jerry Jeudy,WR,19.8
2025,10,00-0037614,John Metchie III,WR,0.6
2025,10,00-0038994,Jordan Addison,WR,6.5
2025,10,00-0038997,Josh Downs,WR,1.3
2025,10,00-0036322,Justin Jefferson,WR,7.7
2025,10,00-0032464,Kalif Raymond,WR,9.9
2025,10,00-0039589,Kameron Johnson,WR,1.1
2025,10,00-0040534,Ke'Shawn Williams,WR,-2.0
2025,10,00-0030279,Keenan Allen,WR,3.9
2025,10,00-0033307,Kendrick Bourne,WR,2.9
2025,10,00-0039901,Keon Coleman,WR,13.6
2025,10,00-0034854,KhaDarel Hodge,WR,0.0
2025,10,00-0037261,Khalil Shakir,WR,12.8
2025,10,00-0040590,Konata Mumpfield,WR,0.0
2025,10,00-0040131,Kyle Williams,WR,14.2
2025,10,00-0040075,LaJohntay Wester,WR,0.0
2025,10,00-0039915,Ladd McConkey,WR,22.7
2025,10,00-0032951,Laquon Treadwell,WR,0.0
2025,10,00-0040735,Luther Burden III,WR,8.1
2025,10,00-0033555,Mack Hollins,WR,18.6
2025,10,00-0039920,Malachi Corley,WR,3.2
2025,10,00-0039880,Malik Washington,WR,9.3
2025,10,00-0039849,Marvin Harrison Jr.,WR,14.3
2025,10,00-0036959,Michael Bandy,WR,0.0
2025,10,00-0036252,Michael Pittman,WR,3.9
2025,10,00-0038559,Michael Wilson,WR,7.4
2025,10,00-0040506,Myles Price,WR,-2.0
2025,10,00-0036182,Nick Westbrook-Ikhine,WR,1.7
2025,10,00-0036554,Nico Collins,WR,24.6
2025,10,00-0035208,Olamide Zaccheaus,WR,1.5
2025,10,00-0038606,Parker Washington,WR,11.9
2025,10,00-0040134,Pat Bryant,WR,5.3
2025,10,00-0039075,Puka Nacua,WR,17.4
2025,10,00-0038544,Quentin Johnston,WR,9.2
2025,10,00-0037545,Rashid Shaheed,WR,3.3
2025,10,00-0036550,Rashod Bateman,WR,4.0
2025,10,00-0034407,Ray-Ray McCloud,WR,0.0
2025,10,00-0032688,Robbie Chosen,WR,2.7
2025,10,00-0039739,Roman Wilson,WR,11.5
2025,10,00-0039919,Rome Odunze,WR,20.6
2025,10,00-0037816,Romeo Doubs,WR,1.5
2025,10,00-0038824,Ryan Miller,WR,0.0
2025,10,00-0040009,Savion Williams,WR,2.2
2025,10,00-0036646,Simi Fehoko,WR,0.0
2025,10,00-0038090,Skyy Moore,WR,2.8
2025,10,00-0031588,Stefon Diggs,WR,15.6
2025,10,00-0032385,Sterling Shepard,WR,6.1
2025,10,00-0040124,Tetairoa McMillan,WR,11.0
2025,10,00-0040237,Tez Johnson,WR,20.2
2025,10,00-0036497,Tim Jones,WR,0.0
2025,10,00-0040727,Tre Harris,WR,2.4
2025,10,00-0038563,Tre Tucker,WR,5.5
2025,10,00-0037742,Treylon Burks,WR,8.8
2025,10,00-0039868,Troy Franklin,WR,15.0
2025,10,00-0036630,Tylan Wallace,WR,0.0
2025,10,00-0036427,Tyler Johnson,WR,0.0
2025,10,00-0032211,Tyler Lockett,WR,9.4
2025,10,00-0038679,Tyrell Shavers,WR,3.4
2025,10,00-0038117,Wan'Dale Robinson,WR,12.2
2025,10,00-0038496,Xavier Gipson,WR,0.0
2025,10,00-0039342,Xavier Legette,WR,0.0
2025,10,00-0038359,Xavier Smith,WR,2.4
2025,10,00-0039064,Zay Flowers,WR,12.1
2025,10,00-0033891,Zay Jones,WR,0.0
2025,11,00-0023459,Aaron Rodgers,QB,9.44
2025,11,00-0034855,Baker Mayfield,QB,17.82
2025,11,00-0039732,Bo Nix,QB,12.6
2025,11,00-0037834,Brock Purdy,QB,19.3
2025,11,00-0039150,Bryce Young,QB,37.82
2025,11,00-0039918,Caleb Williams,QB,10.32
2025,11,00-0040676,Cam Ward,QB,13.06
2025,11,00-0033077,Dak Prescott,QB,24.32
2025,11,00-0036898,Davis Mills,QB,16.36
2025,11,00-0040704,Dillon Gabriel,QB,2.92
2025,11,00-0039851,Drake Maye,QB,15.44
2025,11,00-0030565,Geno Smith,QB,13.92
2025,11,00-0039923,J.J. McCarthy,QB,8.0
2025,11,00-0033119,Jacoby Brissett,QB,29.88
2025,11,00-0036389,Jalen Hurts,QB,14.5
2025,11,00-0031503,Jameis Winston,QB,12.04
2025,11,00-0033106,Jared Goff,QB,13.1
2025,11,00-0026158,Joe Flacco,QB,10.86
2025,11,00-0036264,Jordan Love,QB,17.66
2025,11,00-0034857,Josh Allen,QB,46.68
2025,11,00-0036945,Justin Fields,QB,19.34
2025,11,00-0036355,Justin Herbert,QB,4.34
2025,11,00-0029604,Kirk Cousins,QB,2.12
2025,11,00-0034796,Lamar Jackson,QB,6.72
2025,11,00-0036972,Mac Jones,QB,-0.3
2025,11,00-0038128,Malik Willis,QB,5.84
2025,11,00-0032268,Marcus Mariota,QB,16.42
2025,11,00-0034771,Mason Rudolph,QB,8.98
2025,11,00-0026498,Matthew Stafford,QB,13.2
2025,11,00-0039917,Michael Penix Jr.,QB,7.9
2025,11,00-0033873,Patrick Mahomes,QB,14.34
2025,11,00-0034869,Sam Darnold,QB,8.26
2025,11,00-0040668,Shedeur Sanders,QB,2.48
2025,11,00-0031237,Teddy Bridgewater,QB,-0.1
2025,11,00-0036971,Trevor Lawrence,QB,16.02
2025,11,00-0037012,Trey Lance,QB,1.58
2025,11,00-0036212,Tua Tagovailoa,QB,6.84
2025,11,00-0033293,Aaron Jones,RB,11.1
2025,11,00-0040039,Amar Johnson,RB,0.8
2025,11,00-0040122,Ashton Jeanty,RB,9.4
2025,11,00-0037157,Bam Knight,RB,14.5
2025,11,00-0040719,Bhayshul Tuten,RB,13.4
2025,11,00-0038542,Bijan Robinson,RB,32.3
2025,11,00-0039738,Blake Corum,RB,1.5
2025,11,00-0038488,Brady Russell,RB,0.0
2025,11,00-0040078,Brashard Smith,RB,2.8
2025,11,00-0038120,Breece Hall,RB,8.4
2025,11,00-0037746,Brian Robinson,RB,2.4
2025,11,00-0038597,Chase Brown,RB,18.7
2025,11,00-0034681,Chase Edmonds,RB,0.0
2025,11,00-0038685,Chris Brooks,RB,0.8
2025,11,00-0038611,Chris Rodriguez Jr.,RB,9.5
2025,11,00-0033280,Christian McCaffrey,RB,35.1
2025,11,00-0036555,Chuba Hubbard,RB,3.8
2025,11,00-0036275,D'Andre Swift,RB,9.0
2025,11,00-0035628,D'Ernest Johnson,RB,0.6
2025,11,00-0033854,Dare Ogunbowale,RB,1.9
2025,11,00-0035685,David Montgomery,RB,4.7
2025,11,00-0039040,De'Von Achane,RB,23.5
2025,11,00-0032764,Derrick Henry,RB,22.2
2025,11,00-0035250,Devin Singletary,RB,17.7
2025,11,00-0039407,Dylan Laube,RB,0.0
2025,11,00-0040162,Dylan Sampson,RB,1.9
2025,11,00-0036567,Elijah Mitchell,RB,0.0
2025,11,00-0038797,Emanuel Wilson,RB,13.9
2025,11,00-0038705,Emari Demercado,RB,4.0
2025,11,00-0039299,George Holani,RB,0.6
2025,11,00-0038738,Hunter Luepke,RB,7.1
2025,11,00-0039798,Isaiah Davis,RB,1.1
2025,11,00-0038896,Jacob Saylors,RB,0.0
2025,11,00-0040242,Jacory Croskey-Merritt,RB,4.3
2025,11,00-0039139,Jahmyr Gibbs,RB,21.6
2025,11,00-0038794,Jaleel McLaughlin,RB,8.4
2025,11,00-0037248,James Cook,RB,20.4
2025,11,00-0036997,Javonte Williams,RB,10.3
2025,11,00-0037228,Jaylen Warren,RB,8.7
2025,11,00-0039874,Jaylen Wright,RB,0.4
2025,11,00-0033955,Jeremy McNichols,RB,4.9
2025,11,00-0037267,Jerome Ford,RB,0.2
2025,11,00-0037525,Jordan Mason,RB,10.5
2025,11,00-0035700,Josh Jacobs,RB,4.0
2025,11,00-0037594,Julius Chestnut,RB,0.0
2025,11,00-0040142,Kaleb Johnson,RB,1.5
2025,11,00-0033923,Kareem Hunt,RB,13.2
2025,11,00-0038454,Keaton Mitchell,RB,7.4
2025,11,00-0039266,Kendall Milton,RB,0.2
2025,11,00-0036842,Kene Nwangwu,RB,0.0
2025,11,00-0038134,Kenneth Walker III,RB,20.1
2025,11,00-0036919,Kenny Gainwell,RB,29.5
2025,11,00-0039391,Kimani Vidal,RB,3.2
2025,11,00-0040236,Kyle Monangai,RB,10.7
2025,11,00-0037840,Kyren Williams,RB,16.6
2025,11,00-0040238,LeQuint Allen Jr.,RB,3.6
2025,11,00-0037563,Malik Davis,RB,2.0
2025,11,00-0036924,Michael Carter,RB,7.8
2025,11,00-0034791,Nick Chubb,RB,1.7
2025,11,00-0040198,Ollie Gordon II,RB,10.5
2025,11,00-0038458,Owen Wright,RB,0.0
2025,11,00-0033376,Patrick Ricard,RB,0.0
2025,11,00-0040784,Quinshon Judkins,RB,5.9
2025,11,00-0040730,RJ Harvey,RB,8.0
2025,11,00-0037256,Rachaad White,RB,8.2
2025,11,00-0031687,Raheem Mostert,RB,3.3
2025,11,00-0039796,Rasheen Ali,RB,2.5
2025,11,00-0039875,Ray Davis,RB,0.0
2025,11,00-0036187,Reggie Gilliam,RB,0.0
2025,11,00-0036139,Rico Dowdle,RB,15.0
2025,11,00-0039021,Roschon Johnson,RB,0.0
2025,11,00-0034844,Saquon Barkley,RB,10.0
2025,11,00-0038951,Sean Tucker,RB,36.0
2025,11,00-0040208,Tahj Brooks,RB,0.5
2025,11,00-0038555,Tank Bigsby,RB,3.4
2025,11,00-0035261,Tony Pollard,RB,5.6
2025,11,00-0036973,Travis Etienne,RB,19.3
2025,11,00-0035594,Travis Homer,RB,-0.2
2025,11,00-0035291,Trayveon Williams,RB,0.9
2025,11,00-0040734,TreVeyon Henderson,RB,32.3
2025,11,00-0040644,Trevor Etienne,RB,0.2
2025,11,00-0035537,Ty Johnson,RB,15.0
2025,11,00-0039032,Tyjae Spears,RB,8.4
2025,11,00-0037263,Tyler Allgeier,RB,9.6
2025,11,00-0037085,Tyler Badie,RB,1.0
2025,11,00-0039384,Tyrone Tracy Jr.,RB,17.9
2025,11,00-0040583,Woody Marks,RB,6.1
2025,11,00-0039165,Zach Charbonnet,RB,6.7
2025,11,00-0039793,AJ Barner,TE,22.1
2025,11,00-0036422,Adam Trautman,TE,2.3
2025,11,00-0039530,Brevyn Spann-Ford,TE,1.9
2025,11,00-0039338,Brock Bowers,TE,17.7
2025,11,00-0036754,Brock Wright,TE,3.8
2025,11,00-0038129,Cade Otton,TE,5.8
2025,11,00-0038564,Cameron Latu,TE,0.0
2025,11,00-0040488,Carter Runyon,TE,0.0
2025,11,00-0038046,Charlie Kolar,TE,0.0
2025,11,00-0037809,Chig Okonkwo,TE,10.1
2025,11,00-0036244,Colby Parkinson,TE,10.4
2025,11,00-0036290,Cole Kmet,TE,12.0
2025,11,00-0039686,Colson Yankoff,TE,1.9
2025,11,00-0040126,Colston Loveland,TE,8.5
2025,11,00-0034351,Dallas Goedert,TE,5.4
2025,11,00-0034383,Dalton Schultz,TE,14.1
2025,11,00-0038115,Daniel Bellinger,TE,0.0
2025,11,00-0038558,Darnell Washington,TE,12.7
2025,11,00-0039648,David Martin-Robinson,TE,0.0
2025,11,00-0033885,David Njoku,TE,2.2
2025,11,00-0035689,Dawson Knox,TE,3.8
2025,11,00-0034798,Durham Smythe,TE,2.3
2025,11,00-0040739,Elijah Arroyo,TE,0.0
2025,11,00-0039041,Elijah Higgins,TE,2.1
2025,11,00-0033881,Evan Engram,TE,9.3
2025,11,00-0036825,Feleipe Franks,TE,0.0
2025,11,00-0033288,George Kittle,TE,27.7
2025,11,00-0037252,Greg Dulcich,TE,4.8
2025,11,00-0040584,Gunnar Helm,TE,8.9
2025,11,00-0040663,Harold Fannin Jr.,TE,5.6
2025,11,00-0033090,Hunter Henry,TE,10.5
2025,11,00-0034365,Ian Thomas,TE,3.5
2025,11,00-0037838,Isaiah Likely,TE,4.5
2025,11,00-0039356,Ja'Tavion Sanders,TE,8.2
2025,11,00-0039305,Jack Westover,TE,0.0
2025,11,00-0038041,Jake Ferguson,TE,13.6
2025,11,00-0037112,Jake Tonges,TE,0.0
2025,11,00-0037805,Jeremy Ruckert,TE,8.3
2025,11,00-0037306,John FitzPatrick,TE,2.0
2025,11,00-0033246,Johnny Mundt,TE,5.5
2025,11,00-0033858,Jonnu Smith,TE,0.0
2025,11,00-0035249,Josh Oliver,TE,1.2
2025,11,00-0038589,Josh Whyle,TE,7.7
2025,11,00-0036332,Josiah Deguara,TE,0.0
2025,11,00-0038720,Julian Hill,TE,2.9
2025,11,00-0040363,Keleki Latu,TE,1.9
2025,11,00-0036970,Kyle Pitts,TE,4.4
2025,11,00-0036876,Kylen Granson,TE,1.9
2025,11,00-0036887,Luke Farrell,TE,0.0
2025,11,00-0039144,Luke Musgrave,TE,1.4
2025,11,00-0034753,Mark Andrews,TE,17.2
2025,11,00-0040736,Mason Taylor,TE,9.0
2025,11,00-0039066,Michael Mayer,TE,5.8
2025,11,00-0040187,Mitchell Evans,TE,5.8
2025,11,00-0040058,Nick Kallerup,TE,0.0
2025,11,00-0035644,Noah Fant,TE,9.1
2025,11,00-0036637,Noah Gray,TE,3.9
2025,11,00-0040189,Oronde Gadsden II,TE,7.1
2025,11,00-0036894,Pat Freiermuth,TE,3.4
2025,11,00-0033439,Pharaoh Brown,TE,0.0
2025,11,00-0036590,Quintin Morris,TE,2.6
2025,11,00-0033757,Robert Tonyan,TE,1.6
2025,11,00-0035229,T.J. Hockenson,TE,8.4
2025,11,00-0034613,Tanner Hudson,TE,6.7
2025,11,00-0039847,Theo Johnson,TE,8.1
2025,11,00-0037005,Tommy Tremble,TE,6.9
2025,11,00-0030506,Travis Kelce,TE,28.6
2025,11,00-0037744,Trey McBride,TE,34.5
2025,11,00-0033110,Tyler Higbee,TE,3.8
2025,11,00-0030061,Zach Ertz,TE,10.2
2025,11,00-0035676,A.J. Brown,WR,11.9
2025,11,00-0030035,Adam Thielen,WR,1.6
2025,11,00-0039890,Adonai Mitchell,WR,2.0
2025,11,00-0036963,Amon-Ra St. Brown,WR,6.2
2025,11,00-0035876,Andre Baccellia,WR,1.5
2025,11,00-0038619,Andrei Iosivas,WR,5.0
2025,11,00-0036841,Austin Trammell,WR,2.3
2025,11,00-0036862,Ben Skowronek,WR,0.0
2025,11,00-0037091,Bo Melton,WR,1.7
2025,11,00-0038840,Brycen Tremayne,WR,3.7
2025,11,00-0037837,Calvin Austin III,WR,1.5
2025,11,00-0034837,Calvin Ridley,WR,2.3
2025,11,00-0038979,Cedric Tillman,WR,8.2
2025,11,00-0036358,CeeDee Lamb,WR,17.6
2025,11,00-0038576,Charlie Jones,WR,0.0
2025,11,00-0040705,Chimere Dike,WR,3.4
2025,11,00-0032398,Chris Moore,WR,4.8
2025,11,00-0034775,Christian Kirk,WR,1.6
2025,11,00-0038124,Christian Watson,WR,20.6
2025,11,00-0035891,Cody White,WR,0.0
2025,11,00-0033908,Cooper Kupp,WR,5.3
2025,11,00-0034348,Courtland Sutton,WR,9.9
2025,11,00-0033282,Curtis Samuel,WR,3.9
2025,11,00-0034827,DJ Moore,WR,3.1
2025,11,00-0035640,DK Metcalf,WR,9.9
2025,11,00-0040431,Dalen Cambre,WR,0.0
2025,11,00-0040024,Darius Cooper,WR,0.0
2025,11,00-0036309,Darnell Mooney,WR,6.4
2025,11,00-0031381,Davante Adams,WR,7.1
2025,11,00-0035359,David Sills,WR,2.1
2025,11,00-0030564,DeAndre Hopkins,WR,2.1
2025,11,00-0038621,DeMario Douglas,WR,6.1
2025,11,00-0036912,DeVonta Smith,WR,1.8
2025,11,00-0035719,Deebo Samuel Sr.,WR,20.7
2025,11,00-0032775,Demarcus Robinson,WR,2.3
2025,11,00-0038573,Derius Davis,WR,0.0
2025,11,00-0036331,Devin Duvernay,WR,0.0
2025,11,00-0038393,Dontayvion Wicks,WR,1.9
2025,11,00-0037238,Drake London,WR,20.9
2025,11,00-0036626,Dyami Brown,WR,0.0
2025,11,00-0040563,Efton Chism III,WR,0.0
2025,11,00-0040170,Elic Ayomanor,WR,3.1
2025,11,00-0040129,Emeka Egbuka,WR,9.0
2025,11,00-0036196,Gabe Davis,WR,7.0
2025,11,00-0040259,Gage Larvadain,WR,0.0
2025,11,00-0037247,George Pickens,WR,31.4
2025,11,00-0035500,Greg Dortch,WR,18.6
2025,11,00-0035645,Gunner Olszewski,WR,0.0
2025,11,00-0040669,Isaac TeSlaa,WR,0.0
2025,11,00-0040782,Isaiah Bond,WR,0.8
2025,11,00-0036165,Isaiah Hodgins,WR,10.7
2025,11,00-0039451,Isaiah Williams,WR,1.6
2025,11,00-0036900,Ja'Marr Chase,WR,6.0
2025,11,00-0040729,Jack Bech,WR,2.9
2025,11,00-0040317,Jacoby Jones,WR,3.5
2025,11,00-0037741,Jahan Dotson,WR,6.3
2025,11,00-0034960,Jakobi Meyers,WR,11.4
2025,11,00-0039491,Jalen Coker,WR,11.2
2025,11,00-0037291,Jalen Nailor,WR,2.6
2025,11,00-0037666,Jalen Tolbert,WR,0.0
2025,11,00-0038938,Jalin Hyatt,WR,3.8
2025,11,00-0033572,Jamal Agnew,WR,0.0
2025,11,00-0037240,Jameson Williams,WR,19.7
2025,11,00-0036259,Jauan Jennings,WR,9.4
2025,11,00-0038543,Jaxon Smith-Njigba,WR,22.6
2025,11,00-0040130,Jayden Higgins,WR,9.5
2025,11,00-0036613,Jaylen Waddle,WR,8.2
2025,11,00-0040164,Jaylin Lane,WR,2.3
2025,11,00-0040138,Jaylin Noel,WR,2.2
2025,11,00-0036407,Jerry Jeudy,WR,5.1
2025,11,00-0037614,John Metchie III,WR,13.5
2025,11,00-0038994,Jordan Addison,WR,10.0
2025,11,00-0039751,Jordan Whittington,WR,1.9
2025,11,00-0036988,Josh Palmer,WR,3.7
2025,11,00-0033857,JuJu Smith-Schuster,WR,0.0
2025,11,00-0036322,Justin Jefferson,WR,11.1
2025,11,00-0037801,KaVontae Turpin,WR,1.0
2025,11,00-0032464,Kalif Raymond,WR,0.0
2025,11,00-0039589,Kameron Johnson,WR,0.0
2025,11,00-0040534,Ke'Shawn Williams,WR,0.0
2025,11,00-0030279,Keenan Allen,WR,9.3
2025,11,00-0034854,KhaDarel Hodge,WR,0.0
2025,11,00-0037261,Khalil Shakir,WR,0.7
2025,11,00-0040131,Kyle Williams,WR,0.0
2025,11,00-0040075,LaJohntay Wester,WR,-2.0
2025,11,00-0039915,Ladd McConkey,WR,4.3
2025,11,00-0040735,Luther Burden III,WR,5.7
2025,11,00-0033555,Mack Hollins,WR,10.4
2025,11,00-0039920,Malachi Corley,WR,2.9
2025,11,00-0039880,Malik Washington,WR,7.2
2025,11,00-0035662,Marquise Brown,WR,8.0
2025,11,00-0038976,Marvin Mims Jr.,WR,0.2
2025,11,00-0036176,Mason Kinsey,WR,2.4
2025,11,00-0040667,Matthew Golden,WR,3.4
2025,11,00-0035140,Mecole Hardman,WR,-2.0
2025,11,00-0038559,Michael Wilson,WR,35.5
2025,11,00-0040506,Myles Price,WR,0.0
2025,11,00-0036554,Nico Collins,WR,24.2
2025,11,00-0038519,Nikko Remigio,WR,0.0
2025,11,00-0038606,Parker Washington,WR,4.0
2025,11,00-0040134,Pat Bryant,WR,13.2
2025,11,00-0039075,Puka Nacua,WR,14.3
2025,11,00-0038544,Quentin Johnston,WR,0.0
2025,11,00-0039067,Rashee Rice,WR,9.8
2025,11,00-0037545,Rashid Shaheed,WR,4.9
2025,11,00-0039916,Ricky Pearsall,WR,1.0
2025,11,00-0032688,Robbie Chosen,WR,0.0
2025,11,00-0039739,Roman Wilson,WR,2.7
2025,11,00-0039919,Rome Odunze,WR,6.1
2025,11,00-0037816,Romeo Doubs,WR,9.3
2025,11,00-0039410,Ryan Flournoy,WR,7.2
2025,11,00-0038824,Ryan Miller,WR,0.0
2025,11,00-0040009,Savion Williams,WR,4.3
2025,11,00-0038090,Skyy Moore,WR,0.0
2025,11,00-0031588,Stefon Diggs,WR,21.5
2025,11,00-0032385,Sterling Shepard,WR,10.1
2025,11,00-0040154,Tai Felton,WR,0.0
2025,11,00-0036410,Tee Higgins,WR,15.3
2025,11,00-0040124,Tetairoa McMillan,WR,35.0
2025,11,00-0040237,Tez Johnson,WR,1.6
2025,11,00-0033375,Tim Patrick,WR,11.0
2025,11,00-0040727,Tre Harris,WR,2.2
2025,11,00-0038563,Tre Tucker,WR,14.7
2025,11,00-0039868,Troy Franklin,WR,12.4
2025,11,00-0036630,Tylan Wallace,WR,0.0
2025,11,00-0032211,Tyler Lockett,WR,6.3
2025,11,00-0038104,Tyquan Thornton,WR,7.1
2025,11,00-0038679,Tyrell Shavers,WR,19.0
2025,11,00-0036415,Van Jefferson,WR,11.2
2025,11,00-0038117,Wan'Dale Robinson,WR,7.6
2025,11,00-0038496,Xavier Gipson,WR,0.0
2025,11,00-0038618,Xavier Hutchinson,WR,7.2
2025,11,00-0039342,Xavier Legette,WR,18.3
2025,11,00-0038359,Xavier Smith,WR,1.8
2025,11,00-0039521,Xavier Weaver,WR,3.5
2025,11,00-0039894,Xavier Worthy,WR,5.5
2025,11,00-0039064,Zay Flowers,WR,11.3
2025,12,00-0034855,Baker Mayfield,QB,5.54
2025,12,00-0037834,Brock Purdy,QB,10.32
2025,12,00-0039150,Bryce Young,QB,10.26
2025,12,00-0039918,Caleb Williams,QB,21.66
2025,12,00-0040676,Cam Ward,QB,23.94
2025,12,00-0033077,Dak Prescott,QB,30.06
2025,12,00-0035710,Daniel Jones,QB,16.84
2025,12,00-0036898,Davis Mills,QB,14.52
2025,12,00-0039851,Drake Maye,QB,16.96
2025,12,00-0030565,Geno Smith,QB,14.2
2025,12,00-0039923,J.J. McCarthy,QB,2.48
2025,12,00-0033119,Jacoby Brissett,QB,20.68
2025,12,00-0035100,Jake Browning,QB,0.56
2025,12,00-0036389,Jalen Hurts,QB,30.86
2025,12,00-0031503,Jameis Winston,QB,35.24
2025,12,00-0033106,Jared Goff,QB,18.16
2025,12,00-0026158,Joe Flacco,QB,10.62
2025,12,00-0036264,Jordan Love,QB,7.06
2025,12,00-0034857,Josh Allen,QB,10.12
2025,12,00-0039577,Kedon Slovis,QB,-0.08
2025,12,00-0029604,Kirk Cousins,QB,15.46
2025,12,00-0034796,Lamar Jackson,QB,7.22
2025,12,00-0038128,Malik Willis,QB,0.58
2025,12,00-0034771,Mason Rudolph,QB,8.54
2025,12,00-0026498,Matthew Stafford,QB,22.92
2025,12,00-0033873,Patrick Mahomes,QB,20.08
2025,12,00-0034869,Sam Darnold,QB,17.66
2025,12,00-0040668,Shedeur Sanders,QB,11.26
2025,12,00-0031237,Teddy Bridgewater,QB,3.08
2025,12,00-0036971,Trevor Lawrence,QB,20.14
2025,12,00-0040743,Tyler Shough,QB,8.92
2025,12,00-0028118,Tyrod Taylor,QB,13.78
2025,12,00-0033293,Aaron Jones,RB,8.7
2025,12,00-0033906,Alvin Kamara,RB,3.5
2025,12,00-0032104,Ameer Abdullah,RB,0.0
2025,12,00-0040122,Ashton Jeanty,RB,24.8
2025,12,00-0037157,Bam Knight,RB,13.2
2025,12,00-0040719,Bhayshul Tuten,RB,1.7
2025,12,00-0038542,Bijan Robinson,RB,14.7
2025,12,00-0039738,Blake Corum,RB,2.4
2025,12,00-0038488,Brady Russell,RB,0.0
2025,12,00-0040078,Brashard Smith,RB,6.6
2025,12,00-0038120,Breece Hall,RB,13.9
2025,12,00-0037746,Brian Robinson,RB,5.4
2025,12,00-0039603,British Brooks,RB,0.0
2025,12,00-0038597,Chase Brown,RB,17.0
2025,12,00-0038685,Chris Brooks,RB,3.6
2025,12,00-0033280,Christian McCaffrey,RB,27.2
2025,12,00-0036555,Chuba Hubbard,RB,8.3
2025,12,00-0036360,Clyde Edwards-Helaire,RB,3.7
2025,12,00-0036275,D'Andre Swift,RB,1.9
2025,12,00-0033854,Dare Ogunbowale,RB,0.0
2025,12,00-0035685,David Montgomery,RB,6.7
2025,12,00-0032764,Derrick Henry,RB,22.8
2025,12,00-0040202,Devin Neal,RB,11.1
2025,12,00-0035250,Devin Singletary,RB,4.7
2025,12,00-0039407,Dylan Laube,RB,0.0
2025,12,00-0040162,Dylan Sampson,RB,16.2
2025,12,00-0038797,Emanuel Wilson,RB,28.5
2025,12,00-0038396,Eric Gray,RB,0.0
2025,12,00-0036569,Gary Brightwell,RB,0.0
2025,12,00-0038738,Hunter Luepke,RB,1.7
2025,12,00-0039798,Isaiah Davis,RB,0.7
2025,12,00-0038896,Jacob Saylors,RB,0.0
2025,12,00-0039139,Jahmyr Gibbs,RB,61.4
2025,12,00-0037248,James Cook,RB,23.9
2025,12,00-0036997,Javonte Williams,RB,12.1
2025,12,00-0037228,Jaylen Warren,RB,12.8
2025,12,00-0037267,Jerome Ford,RB,-0.3
2025,12,00-0036223,Jonathan Taylor,RB,8.6
2025,12,00-0037525,Jordan Mason,RB,4.2
2025,12,00-0037594,Julius Chestnut,RB,0.3
2025,12,00-0034975,Justice Hill,RB,0.0
2025,12,00-0040205,Kalel Mullings,RB,0.0
2025,12,00-0033923,Kareem Hunt,RB,22.0
2025,12,00-0038454,Keaton Mitchell,RB,2.9
2025,12,00-0036842,Kene Nwangwu,RB,0.0
2025,12,00-0038134,Kenneth Walker III,RB,13.1
2025,12,00-0036919,Kenny Gainwell,RB,18.2
2025,12,00-0040236,Kyle Monangai,RB,10.8
2025,12,00-0037840,Kyren Williams,RB,5.8
2025,12,00-0040238,LeQuint Allen Jr.,RB,0.2
2025,12,00-0037563,Malik Davis,RB,2.4
2025,12,00-0036924,Michael Carter,RB,8.8
2025,12,00-0034791,Nick Chubb,RB,2.5
2025,12,00-0038458,Owen Wright,RB,0.6
2025,12,00-0040784,Quinshon Judkins,RB,16.7
2025,12,00-0037256,Rachaad White,RB,5.2
2025,12,00-0031687,Raheem Mostert,RB,5.0
2025,12,00-0039875,Ray Davis,RB,0.0
2025,12,00-0036187,Reggie Gilliam,RB,1.2
2025,12,00-0036875,Rhamondre Stevenson,RB,2.0
2025,12,00-0036139,Rico Dowdle,RB,11.4
2025,12,00-0034844,Saquon Barkley,RB,12.4
2025,12,00-0038951,Sean Tucker,RB,5.6
2025,12,00-0040208,Tahj Brooks,RB,0.5
2025,12,00-0038555,Tank Bigsby,RB,0.8
2025,12,00-0039757,Terrell Jennings,RB,0.0
2025,12,00-0035261,Tony Pollard,RB,8.1
2025,12,00-0036973,Travis Etienne,RB,20.6
2025,12,00-0040734,TreVeyon Henderson,RB,11.1
2025,12,00-0040644,Trevor Etienne,RB,0.0
2025,12,00-0035537,Ty Johnson,RB,8.2
2025,12,00-0039032,Tyjae Spears,RB,6.5
2025,12,00-0037263,Tyler Allgeier,RB,5.9
2025,12,00-0037120,Tyler Goodson,RB,0.0
2025,12,00-0039384,Tyrone Tracy Jr.,RB,16.0
2025,12,00-0039746,Will Shipley,RB,0.0
2025,12,00-0040583,Woody Marks,RB,7.9
2025,12,00-0039165,Zach Charbonnet,RB,9.5
2025,12,00-0039793,AJ Barner,TE,4.8
2025,12,00-0037292,Andrew Ogletree,TE,9.8
2025,12,00-0032392,Austin Hooper,TE,8.4
2025,12,00-0038935,Brenton Strange,TE,16.8
2025,12,00-0039530,Brevyn Spann-Ford,TE,7.9
2025,12,00-0039338,Brock Bowers,TE,14.5
2025,12,00-0036754,Brock Wright,TE,7.4
2025,12,00-0038129,Cade Otton,TE,8.1
2025,12,00-0039359,Cade Stover,TE,0.0
2025,12,00-0038564,Cameron Latu,TE,0.0
2025,12,00-0038046,Charlie Kolar,TE,0.0
2025,12,00-0036429,Charlie Woerner,TE,6.9
2025,12,00-0037809,Chig Okonkwo,TE,8.5
2025,12,00-0036244,Colby Parkinson,TE,16.1
2025,12,00-0036290,Cole Kmet,TE,1.8
2025,12,00-0040126,Colston Loveland,TE,16.9
2025,12,00-0034351,Dallas Goedert,TE,5.0
2025,12,00-0034383,Dalton Schultz,TE,2.3
2025,12,00-0038115,Daniel Bellinger,TE,0.0
2025,12,00-0038558,Darnell Washington,TE,5.2
2025,12,00-0039074,Davis Allen,TE,7.4
2025,12,00-0035689,Dawson Knox,TE,6.2
2025,12,00-0035631,Drew Sample,TE,1.5
2025,12,00-0034798,Durham Smythe,TE,1.9
2025,12,00-0040739,Elijah Arroyo,TE,2.0
2025,12,00-0039041,Elijah Higgins,TE,0.0
2025,12,00-0036825,Feleipe Franks,TE,0.2
2025,12,00-0034981,Foster Moreau,TE,0.0
2025,12,00-0033288,George Kittle,TE,16.8
2025,12,00-0037086,Grant Calcaterra,TE,2.3
2025,12,00-0040584,Gunnar Helm,TE,14.1
2025,12,00-0040663,Harold Fannin Jr.,TE,10.4
2025,12,00-0033090,Hunter Henry,TE,30.0
2025,12,00-0034365,Ian Thomas,TE,9.6
2025,12,00-0037838,Isaiah Likely,TE,2.5
2025,12,00-0039356,Ja'Tavion Sanders,TE,2.1
2025,12,00-0036741,Jack Stoll,TE,2.2
2025,12,00-0040194,Jackson Hawes,TE,5.6
2025,12,00-0038041,Jake Ferguson,TE,13.6
2025,12,00-0037306,John FitzPatrick,TE,2.6
2025,12,00-0033246,Johnny Mundt,TE,2.7
2025,12,00-0033858,Jonnu Smith,TE,7.3
2025,12,00-0035249,Josh Oliver,TE,1.9
2025,12,00-0038589,Josh Whyle,TE,1.6
2025,12,00-0036332,Josiah Deguara,TE,2.1
2025,12,00-0036040,Juwan Johnson,TE,13.6
2025,12,00-0036970,Kyle Pitts,TE,5.5
2025,12,00-0036887,Luke Farrell,TE,1.8
2025,12,00-0039144,Luke Musgrave,TE,2.2
2025,12,00-0038547,Luke Schoonmaker,TE,0.0
2025,12,00-0034753,Mark Andrews,TE,2.6
2025,12,00-0040736,Mason Taylor,TE,6.6
2025,12,00-0039066,Michael Mayer,TE,2.9
2025,12,00-0034829,Mike Gesicki,TE,9.5
2025,12,00-0040187,Mitchell Evans,TE,0.0
2025,12,00-0033217,Mo Alie-Cox,TE,2.4
2025,12,00-0037031,Nikola Kalinic,TE,0.0
2025,12,00-0035644,Noah Fant,TE,2.4
2025,12,00-0036637,Noah Gray,TE,7.0
2025,12,00-0036894,Pat Freiermuth,TE,12.4
2025,12,00-0033439,Pharaoh Brown,TE,0.0
2025,12,00-0036590,Quintin Morris,TE,0.0
2025,12,00-0034073,Ross Dwelley,TE,0.0
2025,12,00-0035229,T.J. Hockenson,TE,7.9
2025,12,00-0034613,Tanner Hudson,TE,2.4
2025,12,00-0033357,Taysom Hill,TE,1.7
2025,12,00-0037277,Teagan Quitoriano,TE,0.0
2025,12,00-0040737,Terrance Ferguson,TE,0.0
2025,12,00-0039847,Theo Johnson,TE,12.2
2025,12,00-0030506,Travis Kelce,TE,10.4
2025,12,00-0037744,Trey McBride,TE,21.4
2025,12,00-0040128,Tyler Warren,TE,12.0
2025,12,00-0035676,A.J. Brown,WR,27.0
2025,12,00-0030035,Adam Thielen,WR,0.0
2025,12,00-0039890,Adonai Mitchell,WR,6.2
2025,12,00-0037664,Alec Pierce,WR,3.6
2025,12,00-0035602,Alex Bachman,WR,0.0
2025,12,00-0034521,Allen Lazard,WR,1.9
2025,12,00-0036963,Amon-Ra St. Brown,WR,31.9
2025,12,00-0038619,Andrei Iosivas,WR,10.6
2025,12,00-0039816,Anthony Gould,WR,0.0
2025,12,00-0040582,Arian Smith,WR,0.8
2025,12,00-0035021,Ashton Dulin,WR,5.8
2025,12,00-0036841,Austin Trammell,WR,0.0
2025,12,00-0036862,Ben Skowronek,WR,3.1
2025,12,00-0038840,Brycen Tremayne,WR,0.0
2025,12,00-0037837,Calvin Austin III,WR,7.6
2025,12,00-0038979,Cedric Tillman,WR,1.5
2025,12,00-0036358,CeeDee Lamb,WR,11.5
2025,12,00-0038576,Charlie Jones,WR,0.0
2025,12,00-0040705,Chimere Dike,WR,15.4
2025,12,00-0033921,Chris Godwin Jr.,WR,2.9
2025,12,00-0037239,Chris Olave,WR,16.0
2025,12,00-0034775,Christian Kirk,WR,16.4
2025,12,00-0038124,Christian Watson,WR,9.9
2025,12,00-0035891,Cody White,WR,0.0
2025,12,00-0033908,Cooper Kupp,WR,4.4
2025,12,00-0034827,DJ Moore,WR,23.4
2025,12,00-0035640,DK Metcalf,WR,14.4
2025,12,00-0034860,Dante Pettis,WR,2.4
2025,12,00-0040024,Darius Cooper,WR,2.7
2025,12,00-0035535,Darius Slayton,WR,3.3
2025,12,00-0036309,Darnell Mooney,WR,16.4
2025,12,00-0031381,Davante Adams,WR,23.2
2025,12,00-0035359,David Sills,WR,9.6
2025,12,00-0030564,DeAndre Hopkins,WR,3.3
2025,12,00-0038621,DeMario Douglas,WR,6.1
2025,12,00-0036912,DeVonta Smith,WR,14.9
2025,12,00-0032775,Demarcus Robinson,WR,1.8
2025,12,00-0039424,Devaughn Vele,WR,6.7
2025,12,00-0036331,Devin Duvernay,WR,0.0
2025,12,00-0039792,Devontez Walker,WR,4.0
2025,12,00-0040581,Dont'e Thornton Jr.,WR,2.4
2025,12,00-0038393,Dontayvion Wicks,WR,5.2
2025,12,00-0038953,Dylan Drummond,WR,4.8
2025,12,00-0036980,Elijah Moore,WR,0.7
2025,12,00-0040129,Emeka Egbuka,WR,6.2
2025,12,00-0036196,Gabe Davis,WR,3.2
2025,12,00-0040259,Gage Larvadain,WR,0.0
2025,12,00-0037247,George Pickens,WR,31.6
2025,12,00-0035500,Greg Dortch,WR,16.8
2025,12,00-0035645,Gunner Olszewski,WR,5.32
2025,12,00-0040669,Isaac TeSlaa,WR,0.0
2025,12,00-0040782,Isaiah Bond,WR,7.8
2025,12,00-0036165,Isaiah Hodgins,WR,12.2
2025,12,00-0039451,Isaiah Williams,WR,0.0
2025,12,00-0037741,Jahan Dotson,WR,0.0
2025,12,00-0038752,Jake Bobo,WR,0.0
2025,12,00-0034960,Jakobi Meyers,WR,15.0
2025,12,00-0039491,Jalen Coker,WR,6.2
2025,12,00-0037291,Jalen Nailor,WR,0.0
2025,12,00-0033572,Jamal Agnew,WR,0.0
2025,12,00-0036133,James Proche,WR,7.2
2025,12,00-0037240,Jameson Williams,WR,0.0
2025,12,00-0036259,Jauan Jennings,WR,15.1
2025,12,00-0038543,Jaxon Smith-Njigba,WR,39.1
2025,12,00-0040130,Jayden Higgins,WR,13.8
2025,12,00-0040138,Jaylin Noel,WR,1.9
2025,12,00-0036407,Jerry Jeudy,WR,2.9
2025,12,00-0040218,Jimmy Horn Jr.,WR,2.1
2025,12,00-0037614,John Metchie III,WR,18.5
2025,12,00-0038994,Jordan Addison,WR,0.0
2025,12,00-0039751,Jordan Whittington,WR,4.7
2025,12,00-0038997,Josh Downs,WR,3.0
2025,12,00-0036988,Josh Palmer,WR,4.1
2025,12,00-0033857,JuJu Smith-Schuster,WR,1.8
2025,12,00-0036322,Justin Jefferson,WR,8.8
2025,12,00-0037801,KaVontae Turpin,WR,4.2
2025,12,00-0032464,Kalif Raymond,WR,5.7
2025,12,00-0039589,Kameron Johnson,WR,0.0
2025,12,00-0038608,Kayshon Boutte,WR,3.5
2025,12,00-0040534,Ke'Shawn Williams,WR,0.0
2025,12,00-0037261,Khalil Shakir,WR,19.0
2025,12,00-0040590,Konata Mumpfield,WR,4.5
2025,12,00-0040131,Kyle Williams,WR,2.8
2025,12,00-0040075,LaJohntay Wester,WR,0.0
2025,12,00-0032951,Laquon Treadwell,WR,0.0
2025,12,00-0040735,Luther Burden III,WR,9.1
2025,12,00-0033555,Mack Hollins,WR,5.0
2025,12,00-0039920,Malachi Corley,WR,1.2
2025,12,00-0035662,Marquise Brown,WR,2.0
2025,12,00-0036176,Mason Kinsey,WR,0.0
2025,12,00-0039623,Mason Tipton,WR,6.3
2025,12,00-0036252,Michael Pittman,WR,13.7
2025,12,00-0038559,Michael Wilson,WR,23.8
2025,12,00-0038839,Mitchell Tinsley,WR,10.9
2025,12,00-0040506,Myles Price,WR,-2.0
2025,12,00-0036554,Nico Collins,WR,8.5
2025,12,00-0038519,Nikko Remigio,WR,0.0
2025,12,00-0035208,Olamide Zaccheaus,WR,1.6
2025,12,00-0038606,Parker Washington,WR,18.1
2025,12,00-0039075,Puka Nacua,WR,16.7
2025,12,00-0039067,Rashee Rice,WR,26.1
2025,12,00-0037545,Rashid Shaheed,WR,0.5
2025,12,00-0039916,Ricky Pearsall,WR,2.8
2025,12,00-0039739,Roman Wilson,WR,0.0
2025,12,00-0039919,Rome Odunze,WR,8.3
2025,12,00-0037816,Romeo Doubs,WR,4.3
2025,12,00-0039410,Ryan Flournoy,WR,0.0
2025,12,00-0040009,Savion Williams,WR,0.0
2025,12,00-0038090,Skyy Moore,WR,0.0
2025,12,00-0031588,Stefon Diggs,WR,4.0
2025,12,00-0032385,Sterling Shepard,WR,4.2
2025,12,00-0040154,Tai Felton,WR,0.0
2025,12,00-0036410,Tee Higgins,WR,8.1
2025,12,00-0040124,Tetairoa McMillan,WR,11.5
2025,12,00-0040237,Tez Johnson,WR,12.3
2025,12,00-0033375,Tim Patrick,WR,0.0
2025,12,00-0038563,Tre Tucker,WR,5.8
2025,12,00-0036630,Tylan Wallace,WR,0.0
2025,12,00-0032211,Tyler Lockett,WR,10.2
2025,12,00-0038104,Tyquan Thornton,WR,0.0
2025,12,00-0036415,Van Jefferson,WR,2.1
2025,12,00-0038117,Wan'Dale Robinson,WR,32.6
2025,12,00-0038496,Xavier Gipson,WR,-0.7
2025,12,00-0038618,Xavier Hutchinson,WR,0.9
2025,12,00-0039342,Xavier Legette,WR,5.2
2025,12,00-0040522,Xavier Restrepo,WR,4.6
2025,12,00-0039521,Xavier Weaver,WR,1.9
2025,12,00-0039894,Xavier Worthy,WR,9.9
2025,12,00-0039064,Zay Flowers,WR,11.9
2025,13,00-0023459,Aaron Rodgers,QB,2.68
2025,13,00-0034855,Baker Mayfield,QB,14.46
2025,13,00-0039732,Bo Nix,QB,19.44
2025,13,00-0037834,Brock Purdy,QB,17.12
2025,13,00-0039150,Bryce Young,QB,22.54
2025,13,00-0039163,C.J. Stroud,QB,10.04
2025,13,00-0039918,Caleb Williams,QB,10.46
2025,13,00-0040676,Cam Ward,QB,6.34
2025,13,00-0033077,Dak Prescott,QB,23.6
2025,13,00-0035710,Daniel Jones,QB,16.14
2025,13,00-0040704,Dillon Gabriel,QB,0.0
2025,13,00-0039851,Drake Maye,QB,20.48
2025,13,00-0030565,Geno Smith,QB,13.0
2025,13,00-0033119,Jacoby Brissett,QB,22.64
2025,13,00-0036389,Jalen Hurts,QB,17.3
2025,13,00-0033106,Jared Goff,QB,20.64
2025,13,00-0040691,Jaxson Dart,QB,13.56
2025,13,00-0036442,Joe Burrow,QB,19.24
2025,13,00-0036264,Jordan Love,QB,25.76
2025,13,00-0034857,Josh Allen,QB,17.72
2025,13,00-0036355,Justin Herbert,QB,13.84
2025,13,00-0029604,Kirk Cousins,QB,13.36
2025,13,00-0034796,Lamar Jackson,QB,7.54
2025,13,00-0036972,Mac Jones,QB,0.2
2025,13,00-0032268,Marcus Mariota,QB,24.26
2025,13,00-0034771,Mason Rudolph,QB,-1.0
2025,13,00-0026498,Matthew Stafford,QB,13.62
2025,13,00-0040494,Max Brosmer,QB,0.94
2025,13,00-0033319,Nick Mullens,QB,-0.3
2025,13,00-0033873,Patrick Mahomes,QB,29.44
2025,13,00-0034869,Sam Darnold,QB,3.12
2025,13,00-0040668,Shedeur Sanders,QB,10.56
2025,13,00-0036971,Trevor Lawrence,QB,21.66
2025,13,00-0037012,Trey Lance,QB,0.76
2025,13,00-0036212,Tua Tagovailoa,QB,5.68
2025,13,00-0040743,Tyler Shough,QB,18.36
2025,13,00-0028118,Tyrod Taylor,QB,21.28
2025,13,00-0033293,Aaron Jones,RB,4.5
2025,13,00-0032104,Ameer Abdullah,RB,0.0
2025,13,00-0040122,Ashton Jeanty,RB,12.1
2025,13,00-0037157,Bam Knight,RB,16.8
2025,13,00-0040719,Bhayshul Tuten,RB,8.9
2025,13,00-0038542,Bijan Robinson,RB,32.3
2025,13,00-0039738,Blake Corum,RB,14.1
2025,13,00-0040078,Brashard Smith,RB,0.0
2025,13,00-0038120,Breece Hall,RB,15.6
2025,13,00-0037746,Brian Robinson,RB,2.6
2025,13,00-0039361,Bucky Irving,RB,16.1
2025,13,00-0038597,Chase Brown,RB,18.3
2025,13,00-0038685,Chris Brooks,RB,2.9
2025,13,00-0038611,Chris Rodriguez Jr.,RB,10.1
2025,13,00-0033280,Christian McCaffrey,RB,17.4
2025,13,00-0036555,Chuba Hubbard,RB,20.4
2025,13,00-0036275,D'Andre Swift,RB,22.8
2025,13,00-0033854,Dare Ogunbowale,RB,0.0
2025,13,00-0035685,David Montgomery,RB,12.8
2025,13,00-0039040,De'Von Achane,RB,21.4
2025,13,00-0032764,Derrick Henry,RB,17.4
2025,13,00-0040202,Devin Neal,RB,9.9
2025,13,00-0035250,Devin Singletary,RB,19.2
2025,13,00-0039407,Dylan Laube,RB,0.0
2025,13,00-0040162,Dylan Sampson,RB,2.3
2025,13,00-0038797,Emanuel Wilson,RB,1.4
2025,13,00-0038397,Evan Hull,RB,1.5
2025,13,00-0036569,Gary Brightwell,RB,0.0
2025,13,00-0039363,Isaac Guerendo,RB,0.0
2025,13,00-0039798,Isaiah Davis,RB,0.0
2025,13,00-0037197,Isiah Pacheco,RB,5.3
2025,13,00-0040242,Jacory Croskey-Merritt,RB,2.0
2025,13,00-0039139,Jahmyr Gibbs,RB,11.6
2025,13,00-0038794,Jaleel McLaughlin,RB,4.0
2025,13,00-0037248,James Cook,RB,20.7
2025,13,00-0036755,Jaret Patterson,RB,11.4
2025,13,00-0036997,Javonte Williams,RB,17.0
2025,13,00-0037228,Jaylen Warren,RB,12.4
2025,13,00-0039874,Jaylen Wright,RB,1.6
2025,13,00-0033955,Jeremy McNichols,RB,5.0
2025,13,00-0037267,Jerome Ford,RB,4.7
2025,13,00-0036223,Jonathan Taylor,RB,15.1
2025,13,00-0037525,Jordan Mason,RB,5.8
2025,13,00-0035700,Josh Jacobs,RB,10.1
2025,13,00-0037594,Julius Chestnut,RB,0.0
2025,13,00-0040142,Kaleb Johnson,RB,0.3
2025,13,00-0033923,Kareem Hunt,RB,9.0
2025,13,00-0038454,Keaton Mitchell,RB,11.1
2025,13,00-0038134,Kenneth Walker III,RB,10.4
2025,13,00-0036919,Kenny Gainwell,RB,6.5
2025,13,00-0039391,Kimani Vidal,RB,22.7
2025,13,00-0040236,Kyle Monangai,RB,21.0
2025,13,00-0037840,Kyren Williams,RB,13.2
2025,13,00-0040238,LeQuint Allen Jr.,RB,0.0
2025,13,00-0037563,Malik Davis,RB,10.7
2025,13,00-0036924,Michael Carter,RB,11.4
2025,13,00-0035311,Myles Gaskin,RB,0.6
2025,13,00-0034791,Nick Chubb,RB,9.4
2025,13,00-0040198,Ollie Gordon II,RB,1.0
2025,13,00-0040784,Quinshon Judkins,RB,15.9
2025,13,00-0040730,RJ Harvey,RB,21.2
2025,13,00-0037256,Rachaad White,RB,5.9
2025,13,00-0031687,Raheem Mostert,RB,0.6
2025,13,00-0039796,Rasheen Ali,RB,1.7
2025,13,00-0039875,Ray Davis,RB,6.2
2025,13,00-0036187,Reggie Gilliam,RB,0.0
2025,13,00-0036875,Rhamondre Stevenson,RB,11.0
2025,13,00-0036139,Rico Dowdle,RB,9.9
2025,13,00-0037557,Ronnie Rivers,RB,0.0
2025,13,00-0033526,Samaje Perine,RB,5.4
2025,13,00-0034844,Saquon Barkley,RB,5.6
2025,13,00-0038951,Sean Tucker,RB,0.0
2025,13,00-0039364,Sione Vaki,RB,0.0
2025,13,00-0039757,Terrell Jennings,RB,0.0
2025,13,00-0035261,Tony Pollard,RB,5.3
2025,13,00-0036973,Travis Etienne,RB,5.1
2025,13,00-0035594,Travis Homer,RB,0.0
2025,13,00-0040734,TreVeyon Henderson,RB,11.6
2025,13,00-0040644,Trevor Etienne,RB,1.4
2025,13,00-0035537,Ty Johnson,RB,5.5
2025,13,00-0039032,Tyjae Spears,RB,8.4
2025,13,00-0037263,Tyler Allgeier,RB,13.5
2025,13,00-0037085,Tyler Badie,RB,4.8
2025,13,00-0037120,Tyler Goodson,RB,0.0
2025,13,00-0039384,Tyrone Tracy Jr.,RB,4.3
2025,13,00-0039746,Will Shipley,RB,2.1
2025,13,00-0040583,Woody Marks,RB,7.7
2025,13,00-0039165,Zach Charbonnet,RB,11.2
2025,13,00-0038440,Zavier Scott,RB,3.1
2025,13,00-0039793,AJ Barner,TE,9.7
2025,13,00-0036422,Adam Trautman,TE,9.2
2025,13,00-0037292,Andrew Ogletree,TE,2.3
2025,13,00-0033455,Anthony Firkser,TE,1.9
2025,13,00-0038710,Blake Whiteheart,TE,0.0
2025,13,00-0038935,Brenton Strange,TE,15.0
2025,13,00-0039530,Brevyn Spann-Ford,TE,0.0
2025,13,00-0039338,Brock Bowers,TE,24.3
2025,13,00-0038129,Cade Otton,TE,3.9
2025,13,00-0039359,Cade Stover,TE,4.9
2025,13,00-0038564,Cameron Latu,TE,0.0
2025,13,00-0038046,Charlie Kolar,TE,3.2
2025,13,00-0037809,Chig Okonkwo,TE,8.9
2025,13,00-0036244,Colby Parkinson,TE,8.7
2025,13,00-0036290,Cole Kmet,TE,14.1
2025,13,00-0039686,Colson Yankoff,TE,2.9
2025,13,00-0040126,Colston Loveland,TE,7.3
2025,13,00-0034351,Dallas Goedert,TE,5.7
2025,13,00-0034383,Dalton Schultz,TE,16.0
2025,13,00-0038558,Darnell Washington,TE,7.5
2025,13,00-0031610,Darren Waller,TE,7.7
2025,13,00-0039648,David Martin-Robinson,TE,0.0
2025,13,00-0033885,David Njoku,TE,3.4
2025,13,00-0039074,Davis Allen,TE,1.9
2025,13,00-0035689,Dawson Knox,TE,7.3
2025,13,00-0039754,Devin Culp,TE,0.0
2025,13,00-0035631,Drew Sample,TE,3.2
2025,13,00-0040739,Elijah Arroyo,TE,0.0
2025,13,00-0039041,Elijah Higgins,TE,4.7
2025,13,00-0033881,Evan Engram,TE,16.9
2025,13,00-0034981,Foster Moreau,TE,4.3
2025,13,00-0033288,George Kittle,TE,12.7
2025,13,00-0037252,Greg Dulcich,TE,5.4
2025,13,00-0040584,Gunnar Helm,TE,11.3
2025,13,00-0040663,Harold Fannin Jr.,TE,12.8
2025,13,00-0033090,Hunter Henry,TE,13.3
2025,13,00-0034365,Ian Thomas,TE,2.3
2025,13,00-0037838,Isaiah Likely,TE,15.0
2025,13,00-0039356,Ja'Tavion Sanders,TE,0.0
2025,13,00-0040194,Jackson Hawes,TE,2.5
2025,13,00-0038041,Jake Ferguson,TE,11.1
2025,13,00-0039824,Jared Wiley,TE,1.9
2025,13,00-0037805,Jeremy Ruckert,TE,4.2
2025,13,00-0036628,John Bates,TE,3.9
2025,13,00-0037306,John FitzPatrick,TE,0.0
2025,13,00-0033858,Jonnu Smith,TE,2.1
2025,13,00-0038589,Josh Whyle,TE,0.0
2025,13,00-0038720,Julian Hill,TE,0.0
2025,13,00-0036040,Juwan Johnson,TE,11.4
2025,13,00-0036970,Kyle Pitts,TE,18.7
2025,13,00-0036887,Luke Farrell,TE,0.0
2025,13,00-0039144,Luke Musgrave,TE,3.8
2025,13,00-0038547,Luke Schoonmaker,TE,1.6
2025,13,00-0034753,Mark Andrews,TE,10.7
2025,13,00-0040736,Mason Taylor,TE,5.1
2025,13,00-0034829,Mike Gesicki,TE,4.9
2025,13,00-0040187,Mitchell Evans,TE,6.5
2025,13,00-0040058,Nick Kallerup,TE,0.0
2025,13,00-0035644,Noah Fant,TE,1.8
2025,13,00-0040189,Oronde Gadsden II,TE,4.2
2025,13,00-0039050,Payne Durham,TE,2.6
2025,13,00-0036590,Quintin Morris,TE,2.9
2025,13,00-0034073,Ross Dwelley,TE,1.8
2025,13,00-0035229,T.J. Hockenson,TE,14.9
2025,13,00-0034613,Tanner Hudson,TE,8.9
2025,13,00-0033357,Taysom Hill,TE,2.2
2025,13,00-0040737,Terrance Ferguson,TE,0.0
2025,13,00-0039847,Theo Johnson,TE,7.4
2025,13,00-0037005,Tommy Tremble,TE,1.7
2025,13,00-0030506,Travis Kelce,TE,18.0
2025,13,00-0037744,Trey McBride,TE,26.2
2025,13,00-0040128,Tyler Warren,TE,12.7
2025,13,00-0030061,Zach Ertz,TE,27.6
2025,13,00-0035676,A.J. Brown,WR,37.2
2025,13,00-0039890,Adonai Mitchell,WR,26.2
2025,13,00-0037664,Alec Pierce,WR,17.8
2025,13,00-0035602,Alex Bachman,WR,0.0
2025,13,00-0034521,Allen Lazard,WR,2.0
2025,13,00-0036963,Amon-Ra St. Brown,WR,0.0
2025,13,00-0035876,Andre Baccellia,WR,0.0
2025,13,00-0038619,Andrei Iosivas,WR,9.9
2025,13,00-0039816,Anthony Gould,WR,0.0
2025,13,00-0036841,Austin Trammell,WR,0.0
2025,13,00-0036862,Ben Skowronek,WR,0.0
2025,13,00-0037091,Bo Melton,WR,1.5
2025,13,00-0031236,Brandin Cooks,WR,2.3
2025,13,00-0039893,Brian Thomas Jr.,WR,4.8
2025,13,00-0037132,Britain Covey,WR,0.0
2025,13,00-0038840,Brycen Tremayne,WR,0.0
2025,13,00-0037837,Calvin Austin III,WR,0.0
2025,13,00-0038979,Cedric Tillman,WR,0.0
2025,13,00-0034418,Cedrick Wilson Jr.,WR,2.6
2025,13,00-0036358,CeeDee Lamb,WR,26.2
2025,13,00-0038576,Charlie Jones,WR,0.0
2025,13,00-0040705,Chimere Dike,WR,-0.1
2025,13,00-0033921,Chris Godwin Jr.,WR,10.8
2025,13,00-0037239,Chris Olave,WR,14.7
2025,13,00-0038124,Christian Watson,WR,18.3
2025,13,00-0035891,Cody White,WR,3.1
2025,13,00-0033908,Cooper Kupp,WR,5.4
2025,13,00-0034348,Courtland Sutton,WR,17.2
2025,13,00-0034827,DJ Moore,WR,4.7
2025,13,00-0035640,DK Metcalf,WR,6.2
2025,13,00-0034860,Dante Pettis,WR,0.0
2025,13,00-0035535,Darius Slayton,WR,14.1
2025,13,00-0036309,Darnell Mooney,WR,4.5
2025,13,00-0031381,Davante Adams,WR,21.8
2025,13,00-0035359,David Sills,WR,9.5
2025,13,00-0030564,DeAndre Hopkins,WR,4.5
2025,13,00-0038621,DeMario Douglas,WR,6.3
2025,13,00-0036912,DeVonta Smith,WR,9.8
2025,13,00-0035719,Deebo Samuel Sr.,WR,11.1
2025,13,00-0032775,Demarcus Robinson,WR,0.6
2025,13,00-0038573,Derius Davis,WR,0.0
2025,13,00-0039424,Devaughn Vele,WR,23.3
2025,13,00-0037487,Deven Thompkins,WR,4.8
2025,13,00-0036331,Devin Duvernay,WR,0.0
2025,13,00-0039792,Devontez Walker,WR,0.0
2025,13,00-0040581,Dont'e Thornton Jr.,WR,2.1
2025,13,00-0038393,Dontayvion Wicks,WR,28.0
2025,13,00-0038953,Dylan Drummond,WR,1.3
2025,13,00-0040563,Efton Chism III,WR,0.0
2025,13,00-0040170,Elic Ayomanor,WR,1.5
2025,13,00-0040129,Emeka Egbuka,WR,8.2
2025,13,00-0036196,Gabe Davis,WR,1.5
2025,13,00-0040259,Gage Larvadain,WR,2.3
2025,13,00-0037247,George Pickens,WR,16.8
2025,13,00-0035500,Greg Dortch,WR,3.4
2025,13,00-0035645,Gunner Olszewski,WR,-2.0
2025,13,00-0040669,Isaac TeSlaa,WR,11.5
2025,13,00-0040782,Isaiah Bond,WR,3.7
2025,13,00-0036165,Isaiah Hodgins,WR,1.4
2025,13,00-0039451,Isaiah Williams,WR,0.0
2025,13,00-0036900,Ja'Marr Chase,WR,20.0
2025,13,00-0040729,Jack Bech,WR,4.2
2025,13,00-0037741,Jahan Dotson,WR,2.2
2025,13,00-0034960,Jakobi Meyers,WR,21.3
2025,13,00-0039491,Jalen Coker,WR,17.4
2025,13,00-0037291,Jalen Nailor,WR,0.0
2025,13,00-0037666,Jalen Tolbert,WR,0.0
2025,13,00-0033572,Jamal Agnew,WR,-2.0
2025,13,00-0036133,James Proche,WR,2.3
2025,13,00-0037240,Jameson Williams,WR,28.9
2025,13,00-0036259,Jauan Jennings,WR,13.9
2025,13,00-0038543,Jaxon Smith-Njigba,WR,4.3
2025,13,00-0040130,Jayden Higgins,WR,11.5
2025,13,00-0036613,Jaylen Waddle,WR,7.0
2025,13,00-0040164,Jaylin Lane,WR,0.0
2025,13,00-0040138,Jaylin Noel,WR,0.0
2025,13,00-0036407,Jerry Jeudy,WR,5.6
2025,13,00-0037614,John Metchie III,WR,5.7
2025,13,00-0038994,Jordan Addison,WR,8.6
2025,13,00-0039751,Jordan Whittington,WR,0.0
2025,13,00-0038997,Josh Downs,WR,6.4
2025,13,00-0033857,JuJu Smith-Schuster,WR,0.0
2025,13,00-0036322,Justin Jefferson,WR,2.4
2025,13,00-0037801,KaVontae Turpin,WR,8.1
2025,13,00-0039589,Kameron Johnson,WR,0.0
2025,13,00-0038608,Kayshon Boutte,WR,13.5
2025,13,00-0040534,Ke'Shawn Williams,WR,0.0
2025,13,00-0030279,Keenan Allen,WR,7.0
2025,13,00-0033307,Kendrick Bourne,WR,0.0
2025,13,00-0039901,Keon Coleman,WR,8.9
2025,13,00-0037261,Khalil Shakir,WR,1.5
2025,13,00-0040590,Konata Mumpfield,WR,0.0
2025,13,00-0040131,Kyle Williams,WR,10.3
2025,13,00-0039915,Ladd McConkey,WR,13.9
2025,13,00-0032951,Laquon Treadwell,WR,0.0
2025,13,00-0035406,Lil'Jordan Humphrey,WR,0.0
2025,13,00-0040735,Luther Burden III,WR,7.6
2025,13,00-0033555,Mack Hollins,WR,5.3
2025,13,00-0039920,Malachi Corley,WR,0.9
2025,13,00-0038465,Malik Heath,WR,0.0
2025,13,00-0039880,Malik Washington,WR,7.0
2025,13,00-0035662,Marquise Brown,WR,10.0
2025,13,00-0039849,Marvin Harrison Jr.,WR,12.9
2025,13,00-0038976,Marvin Mims Jr.,WR,3.7
2025,13,00-0039623,Mason Tipton,WR,4.9
2025,13,00-0036252,Michael Pittman,WR,2.3
2025,13,00-0038559,Michael Wilson,WR,6.6
2025,13,00-0038839,Mitchell Tinsley,WR,4.2
2025,13,00-0040506,Myles Price,WR,0.0
2025,13,00-0036182,Nick Westbrook-Ikhine,WR,0.0
2025,13,00-0036554,Nico Collins,WR,21.5
2025,13,00-0038519,Nikko Remigio,WR,0.0
2025,13,00-0035208,Olamide Zaccheaus,WR,3.9
2025,13,00-0038606,Parker Washington,WR,3.6
2025,13,00-0040134,Pat Bryant,WR,7.2
2025,13,00-0039075,Puka Nacua,WR,13.2
2025,13,00-0038544,Quentin Johnston,WR,11.3
2025,13,00-0039067,Rashee Rice,WR,29.4
2025,13,00-0037545,Rashid Shaheed,WR,2.6
2025,13,00-0036550,Rashod Bateman,WR,0.0
2025,13,00-0039916,Ricky Pearsall,WR,3.4
2025,13,00-0039739,Roman Wilson,WR,0.0
2025,13,00-0039919,Rome Odunze,WR,2.8
2025,13,00-0037816,Romeo Doubs,WR,12.0
2025,13,00-0039410,Ryan Flournoy,WR,6.4
2025,13,00-0038824,Ryan Miller,WR,0.0
2025,13,00-0038090,Skyy Moore,WR,0.0
2025,13,00-0031588,Stefon Diggs,WR,5.6
2025,13,00-0032385,Sterling Shepard,WR,1.5
2025,13,00-0040154,Tai Felton,WR,0.0
2025,13,00-0035659,Terry McLaurin,WR,22.6
2025,13,00-0040124,Tetairoa McMillan,WR,11.3
2025,13,00-0040237,Tez Johnson,WR,1.5
2025,13,00-0033375,Tim Patrick,WR,2.1
2025,13,00-0035544,Tom Kennedy,WR,7.6
2025,13,00-0040727,Tre Harris,WR,6.0
2025,13,00-0038563,Tre Tucker,WR,5.0
2025,13,00-0037742,Treylon Burks,WR,7.5
2025,13,00-0039868,Troy Franklin,WR,4.1
2025,13,00-0032211,Tyler Lockett,WR,2.1
2025,13,00-0038104,Tyquan Thornton,WR,0.0
2025,13,00-0036415,Van Jefferson,WR,5.0
2025,13,00-0038117,Wan'Dale Robinson,WR,10.4
2025,13,00-0038618,Xavier Hutchinson,WR,5.9
2025,13,00-0039342,Xavier Legette,WR,1.1
2025,13,00-0040522,Xavier Restrepo,WR,2.5
2025,13,00-0038359,Xavier Smith,WR,11.2
2025,13,00-0039521,Xavier Weaver,WR,0.0
2025,13,00-0039894,Xavier Worthy,WR,11.4
2025,13,00-0039064,Zay Flowers,WR,0.6
2025,14,00-0023459,Aaron Rodgers,QB,21.46
2025,14,00-0034855,Baker Mayfield,QB,12.08
2025,14,00-0039732,Bo Nix,QB,15.98
2025,14,00-0040398,Brady Cook,QB,4.52
2025,14,00-0039163,C.J. Stroud,QB,12.62
2025,14,00-0039918,Caleb Williams,QB,15.94
2025,14,00-0040676,Cam Ward,QB,12.08
2025,14,00-0033077,Dak Prescott,QB,22.44
2025,14,00-0035710,Daniel Jones,QB,1.8
2025,14,00-0035704,Drew Lock,QB,0.0
2025,14,00-0030565,Geno Smith,QB,9.04
2025,14,00-0039923,J.J. McCarthy,QB,20.42
2025,14,00-0033119,Jacoby Brissett,QB,20.04
2025,14,00-0036389,Jalen Hurts,QB,4.4
2025,14,00-0033106,Jared Goff,QB,18.16
2025,14,00-0039910,Jayden Daniels,QB,3.72
2025,14,00-0031345,Jimmy Garoppolo,QB,-0.4
2025,14,00-0036442,Joe Burrow,QB,25.36
2025,14,00-0036264,Jordan Love,QB,20.26
2025,14,00-0034857,Josh Allen,QB,37.84
2025,14,00-0036355,Justin Herbert,QB,13.16
2025,14,00-0038102,Kenny Pickett,QB,8.48
2025,14,00-0029604,Kirk Cousins,QB,4.48
2025,14,00-0034796,Lamar Jackson,QB,22.06
2025,14,00-0032268,Marcus Mariota,QB,-1.1
2025,14,00-0026498,Matthew Stafford,QB,23.24
2025,14,00-0033319,Nick Mullens,QB,0.02
2025,14,00-0033873,Patrick Mahomes,QB,9.3
2025,14,00-0040206,Riley Leonard,QB,11.3
2025,14,00-0034869,Sam Darnold,QB,23.26
2025,14,00-0040668,Shedeur Sanders,QB,36.46
2025,14,00-0036971,Trevor Lawrence,QB,19.36
2025,14,00-0036212,Tua Tagovailoa,QB,9.08
2025,14,00-0040743,Tyler Shough,QB,22.26
2025,14,00-0028118,Tyrod Taylor,QB,-0.76
2025,14,00-0037013,Zach Wilson,QB,-0.2
2025,14,00-0033293,Aaron Jones,RB,7.6
2025,14,00-0032104,Ameer Abdullah,RB,2.9
2025,14,00-0040122,Ashton Jeanty,RB,5.8
2025,14,00-0039373,Audric Estimé,RB,1.1
2025,14,00-0037157,Bam Knight,RB,6.4
2025,14,00-0040719,Bhayshul Tuten,RB,-1.5
2025,14,00-0038542,Bijan Robinson,RB,9.4
2025,14,00-0039738,Blake Corum,RB,28.1
2025,14,00-0040078,Brashard Smith,RB,0.7
2025,14,00-0038120,Breece Hall,RB,4.3
2025,14,00-0039603,British Brooks,RB,0.0
2025,14,00-0039361,Bucky Irving,RB,16.1
2025,14,00-0038597,Chase Brown,RB,18.5
2025,14,00-0038685,Chris Brooks,RB,1.6
2025,14,00-0038611,Chris Rodriguez Jr.,RB,5.2
2025,14,00-0036275,D'Andre Swift,RB,11.2
2025,14,00-0033854,Dare Ogunbowale,RB,6.5
2025,14,00-0035685,David Montgomery,RB,14.3
2025,14,00-0039040,De'Von Achane,RB,17.5
2025,14,00-0032764,Derrick Henry,RB,11.2
2025,14,00-0040202,Devin Neal,RB,15.4
2025,14,00-0039407,Dylan Laube,RB,0.0
2025,14,00-0040162,Dylan Sampson,RB,9.8
2025,14,00-0038797,Emanuel Wilson,RB,1.0
2025,14,00-0038397,Evan Hull,RB,2.0
2025,14,00-0037617,Hassan Haskins,RB,0.0
2025,14,00-0038738,Hunter Luepke,RB,0.0
2025,14,00-0039798,Isaiah Davis,RB,2.2
2025,14,00-0037197,Isiah Pacheco,RB,3.0
2025,14,00-0038896,Jacob Saylors,RB,0.0
2025,14,00-0040242,Jacory Croskey-Merritt,RB,3.2
2025,14,00-0039139,Jahmyr Gibbs,RB,37.0
2025,14,00-0038794,Jaleel McLaughlin,RB,4.1
2025,14,00-0037248,James Cook,RB,11.1
2025,14,00-0036997,Javonte Williams,RB,14.7
2025,14,00-0037228,Jaylen Warren,RB,15.2
2025,14,00-0039874,Jaylen Wright,RB,18.7
2025,14,00-0033955,Jeremy McNichols,RB,1.2
2025,14,00-0037267,Jerome Ford,RB,3.0
2025,14,00-0036223,Jonathan Taylor,RB,11.4
2025,14,00-0037525,Jordan Mason,RB,11.2
2025,14,00-0035700,Josh Jacobs,RB,17.2
2025,14,00-0037594,Julius Chestnut,RB,0.0
2025,14,00-0040142,Kaleb Johnson,RB,0.4
2025,14,00-0033923,Kareem Hunt,RB,9.0
2025,14,00-0038454,Keaton Mitchell,RB,7.6
2025,14,00-0036842,Kene Nwangwu,RB,0.0
2025,14,00-0038134,Kenneth Walker III,RB,3.8
2025,14,00-0036919,Kenny Gainwell,RB,16.2
2025,14,00-0036906,Khalil Herbert,RB,0.0
2025,14,00-0039391,Kimani Vidal,RB,11.4
2025,14,00-0040236,Kyle Monangai,RB,8.7
2025,14,00-0037840,Kyren Williams,RB,17.7
2025,14,00-0040238,LeQuint Allen Jr.,RB,2.8
2025,14,00-0037563,Malik Davis,RB,0.6
2025,14,00-0036924,Michael Carter,RB,5.1
2025,14,00-0034791,Nick Chubb,RB,0.3
2025,14,00-0040198,Ollie Gordon II,RB,7.7
2025,14,00-0040666,Omarion Hampton,RB,14.7
2025,14,00-0033376,Patrick Ricard,RB,0.0
2025,14,00-0040784,Quinshon Judkins,RB,9.4
2025,14,00-0040730,RJ Harvey,RB,22.0
2025,14,00-0037256,Rachaad White,RB,6.5
2025,14,00-0031687,Raheem Mostert,RB,1.2
2025,14,00-0039796,Rasheen Ali,RB,3.3
2025,14,00-0039875,Ray Davis,RB,0.0
2025,14,00-0036187,Reggie Gilliam,RB,0.0
2025,14,00-0040649,Robbie Ouzts,RB,0.0
2025,14,00-0037557,Ronnie Rivers,RB,4.1
2025,14,00-0033526,Samaje Perine,RB,4.8
2025,14,00-0034844,Saquon Barkley,RB,20.2
2025,14,00-0038951,Sean Tucker,RB,8.9
2025,14,00-0039364,Sione Vaki,RB,0.0
2025,14,00-0038555,Tank Bigsby,RB,0.4
2025,14,00-0035261,Tony Pollard,RB,30.1
2025,14,00-0036973,Travis Etienne,RB,21.2
2025,14,00-0035594,Travis Homer,RB,0.0
2025,14,00-0035537,Ty Johnson,RB,5.9
2025,14,00-0039032,Tyjae Spears,RB,6.7
2025,14,00-0037263,Tyler Allgeier,RB,8.7
2025,14,00-0037085,Tyler Badie,RB,3.1
2025,14,00-0039746,Will Shipley,RB,1.3
2025,14,00-0040583,Woody Marks,RB,15.6
2025,14,00-0039165,Zach Charbonnet,RB,8.6
2025,14,00-0038440,Zavier Scott,RB,3.0
2025,14,00-0039793,AJ Barner,TE,7.2
2025,14,00-0036422,Adam Trautman,TE,4.7
2025,14,00-0037292,Andrew Ogletree,TE,0.0
2025,14,00-0033455,Anthony Firkser,TE,2.2
2025,14,00-0038809,Ben Sims,TE,2.4
2025,14,00-0039912,Ben Sinnott,TE,2.3
2025,14,00-0038710,Blake Whiteheart,TE,0.0
2025,14,00-0038935,Brenton Strange,TE,7.2
2025,14,00-0039530,Brevyn Spann-Ford,TE,2.2
2025,14,00-0039338,Brock Bowers,TE,16.6
2025,14,00-0038129,Cade Otton,TE,6.4
2025,14,00-0038564,Cameron Latu,TE,0.0
2025,14,00-0038046,Charlie Kolar,TE,3.4
2025,14,00-0037809,Chig Okonkwo,TE,5.0
2025,14,00-0036244,Colby Parkinson,TE,13.7
2025,14,00-0036290,Cole Kmet,TE,7.2
2025,14,00-0039686,Colson Yankoff,TE,0.0
2025,14,00-0040126,Colston Loveland,TE,14.9
2025,14,00-0034351,Dallas Goedert,TE,19.8
2025,14,00-0038933,Dalton Kincaid,TE,16.1
2025,14,00-0034383,Dalton Schultz,TE,6.7
2025,14,00-0038558,Darnell Washington,TE,2.7
2025,14,00-0031610,Darren Waller,TE,3.2
2025,14,00-0039648,David Martin-Robinson,TE,2.1
2025,14,00-0033885,David Njoku,TE,7.6
2025,14,00-0039074,Davis Allen,TE,5.1
2025,14,00-0035689,Dawson Knox,TE,20.3
2025,14,00-0034798,Durham Smythe,TE,1.7
2025,14,00-0040739,Elijah Arroyo,TE,0.0
2025,14,00-0039041,Elijah Higgins,TE,1.5
2025,14,00-0033881,Evan Engram,TE,3.8
2025,14,00-0036825,Feleipe Franks,TE,0.0
2025,14,00-0034981,Foster Moreau,TE,3.1
2025,14,00-0037252,Greg Dulcich,TE,8.6
2025,14,00-0040584,Gunnar Helm,TE,2.3
2025,14,00-0040663,Harold Fannin Jr.,TE,31.4
2025,14,00-0034365,Ian Thomas,TE,4.7
2025,14,00-0037838,Isaiah Likely,TE,14.5
2025,14,00-0036741,Jack Stoll,TE,0.0
2025,14,00-0040194,Jackson Hawes,TE,7.8
2025,14,00-0038041,Jake Ferguson,TE,13.3
2025,14,00-0037805,Jeremy Ruckert,TE,4.9
2025,14,00-0036628,John Bates,TE,0.0
2025,14,00-0037306,John FitzPatrick,TE,4.4
2025,14,00-0033858,Jonnu Smith,TE,0.0
2025,14,00-0035249,Josh Oliver,TE,17.4
2025,14,00-0038589,Josh Whyle,TE,3.6
2025,14,00-0036332,Josiah Deguara,TE,0.0
2025,14,00-0036040,Juwan Johnson,TE,9.8
2025,14,00-0036970,Kyle Pitts,TE,18.0
2025,14,00-0036876,Kylen Granson,TE,0.0
2025,14,00-0039144,Luke Musgrave,TE,5.2
2025,14,00-0038547,Luke Schoonmaker,TE,2.7
2025,14,00-0034753,Mark Andrews,TE,2.4
2025,14,00-0040736,Mason Taylor,TE,12.6
2025,14,00-0034829,Mike Gesicki,TE,23.6
2025,14,00-0033217,Mo Alie-Cox,TE,0.0
2025,14,00-0035644,Noah Fant,TE,3.0
2025,14,00-0036637,Noah Gray,TE,2.9
2025,14,00-0040189,Oronde Gadsden II,TE,2.2
2025,14,00-0036894,Pat Freiermuth,TE,3.9
2025,14,00-0039050,Payne Durham,TE,0.0
2025,14,00-0033439,Pharaoh Brown,TE,0.0
2025,14,00-0036590,Quintin Morris,TE,0.0
2025,14,00-0034073,Ross Dwelley,TE,1.9
2025,14,00-0037475,Stone Smartt,TE,0.0
2025,14,00-0035229,T.J. Hockenson,TE,10.2
2025,14,00-0034613,Tanner Hudson,TE,2.6
2025,14,00-0033357,Taysom Hill,TE,-0.1
2025,14,00-0040737,Terrance Ferguson,TE,0.0
2025,14,00-0030506,Travis Kelce,TE,2.3
2025,14,00-0037744,Trey McBride,TE,13.3
2025,14,00-0040128,Tyler Warren,TE,4.7
2025,14,00-0034159,Will Dissly,TE,1.6
2025,14,00-0030061,Zach Ertz,TE,2.6
2025,14,00-0035676,A.J. Brown,WR,18.0
2025,14,00-0030035,Adam Thielen,WR,1.4
2025,14,00-0039890,Adonai Mitchell,WR,3.4
2025,14,00-0037664,Alec Pierce,WR,13.0
2025,14,00-0034521,Allen Lazard,WR,0.0
2025,14,00-0036963,Amon-Ra St. Brown,WR,15.2
2025,14,00-0035876,Andre Baccellia,WR,1.3
2025,14,00-0038619,Andrei Iosivas,WR,3.7
2025,14,00-0039816,Anthony Gould,WR,1.3
2025,14,00-0036841,Austin Trammell,WR,0.0
2025,14,00-0036862,Ben Skowronek,WR,2.3
2025,14,00-0037091,Bo Melton,WR,11.5
2025,14,00-0039893,Brian Thomas Jr.,WR,11.7
2025,14,00-0037132,Britain Covey,WR,0.0
2025,14,00-0037837,Calvin Austin III,WR,4.1
2025,14,00-0038979,Cedric Tillman,WR,3.3
2025,14,00-0036358,CeeDee Lamb,WR,20.1
2025,14,00-0038576,Charlie Jones,WR,0.0
2025,14,00-0040705,Chimere Dike,WR,13.4
2025,14,00-0033921,Chris Godwin Jr.,WR,10.5
2025,14,00-0037239,Chris Olave,WR,6.0
2025,14,00-0034775,Christian Kirk,WR,1.6
2025,14,00-0038124,Christian Watson,WR,24.9
2025,14,00-0035891,Cody White,WR,1.9
2025,14,00-0033908,Cooper Kupp,WR,11.5
2025,14,00-0034348,Courtland Sutton,WR,12.2
2025,14,00-0034827,DJ Moore,WR,0.6
2025,14,00-0036527,DJ Turner,WR,0.0
2025,14,00-0035640,DK Metcalf,WR,23.8
2025,14,00-0034860,Dante Pettis,WR,0.0
2025,14,00-0040024,Darius Cooper,WR,2.9
2025,14,00-0036309,Darnell Mooney,WR,1.6
2025,14,00-0031381,Davante Adams,WR,6.9
2025,14,00-0035359,David Sills,WR,0.0
2025,14,00-0030564,DeAndre Hopkins,WR,0.0
2025,14,00-0036912,DeVonta Smith,WR,7.7
2025,14,00-0036620,Dee Eskridge,WR,0.0
2025,14,00-0035719,Deebo Samuel Sr.,WR,6.7
2025,14,00-0038573,Derius Davis,WR,0.0
2025,14,00-0039424,Devaughn Vele,WR,7.0
2025,14,00-0037487,Deven Thompkins,WR,1.4
2025,14,00-0036331,Devin Duvernay,WR,3.4
2025,14,00-0038953,Dylan Drummond,WR,5.1
2025,14,00-0040170,Elic Ayomanor,WR,8.4
2025,14,00-0040129,Emeka Egbuka,WR,3.5
2025,14,00-0036196,Gabe Davis,WR,4.1
2025,14,00-0040259,Gage Larvadain,WR,3.8
2025,14,00-0037247,George Pickens,WR,8.7
2025,14,00-0040669,Isaac TeSlaa,WR,10.0
2025,14,00-0040782,Isaiah Bond,WR,0.0
2025,14,00-0039451,Isaiah Williams,WR,4.4
2025,14,00-0036900,Ja'Marr Chase,WR,10.2
2025,14,00-0040729,Jack Bech,WR,11.0
2025,14,00-0037741,Jahan Dotson,WR,1.3
2025,14,00-0034960,Jakobi Meyers,WR,14.8
2025,14,00-0038640,Jalen Brooks,WR,5.2
2025,14,00-0037291,Jalen Nailor,WR,6.0
2025,14,00-0033572,Jamal Agnew,WR,0.0
2025,14,00-0036133,James Proche,WR,0.0
2025,14,00-0037240,Jameson Williams,WR,17.3
2025,14,00-0038543,Jaxon Smith-Njigba,WR,28.1
2025,14,00-0040130,Jayden Higgins,WR,6.4
2025,14,00-0039146,Jayden Reed,WR,9.3
2025,14,00-0036613,Jaylen Waddle,WR,18.1
2025,14,00-0040164,Jaylin Lane,WR,0.0
2025,14,00-0040138,Jaylin Noel,WR,3.3
2025,14,00-0036407,Jerry Jeudy,WR,16.6
2025,14,00-0037614,John Metchie III,WR,7.4
2025,14,00-0039062,Jonathan Mingo,WR,0.0
2025,14,00-0038994,Jordan Addison,WR,10.2
2025,14,00-0039751,Jordan Whittington,WR,1.5
2025,14,00-0038997,Josh Downs,WR,6.3
2025,14,00-0033857,JuJu Smith-Schuster,WR,1.5
2025,14,00-0036322,Justin Jefferson,WR,3.1
2025,14,00-0037801,KaVontae Turpin,WR,5.0
2025,14,00-0039589,Kameron Johnson,WR,0.0
2025,14,00-0030279,Keenan Allen,WR,5.2
2025,14,00-0039901,Keon Coleman,WR,3.6
2025,14,00-0037261,Khalil Shakir,WR,9.6
2025,14,00-0040590,Konata Mumpfield,WR,1.5
2025,14,00-0040075,LaJohntay Wester,WR,0.0
2025,14,00-0039915,Ladd McConkey,WR,2.2
2025,14,00-0032951,Laquon Treadwell,WR,0.0
2025,14,00-0035406,Lil'Jordan Humphrey,WR,5.7
2025,14,00-0040735,Luther Burden III,WR,11.0
2025,14,00-0039920,Malachi Corley,WR,0.2
2025,14,00-0038911,Malik Cunningham,WR,0.1
2025,14,00-0039880,Malik Washington,WR,4.0
2025,14,00-0034272,Marquez Valdes-Scantling,WR,0.0
2025,14,00-0035662,Marquise Brown,WR,4.5
2025,14,00-0038976,Marvin Mims Jr.,WR,1.7
2025,14,00-0039623,Mason Tipton,WR,0.0
2025,14,00-0040667,Matthew Golden,WR,0.0
2025,14,00-0036252,Michael Pittman,WR,16.9
2025,14,00-0038559,Michael Wilson,WR,39.2
2025,14,00-0040506,Myles Price,WR,0.0
2025,14,00-0036182,Nick Westbrook-Ikhine,WR,0.0
2025,14,00-0036554,Nico Collins,WR,18.1
2025,14,00-0033591,Noah Brown,WR,2.9
2025,14,00-0035208,Olamide Zaccheaus,WR,8.7
2025,14,00-0040134,Pat Bryant,WR,7.2
2025,14,00-0039075,Puka Nacua,WR,37.7
2025,14,00-0038544,Quentin Johnston,WR,2.8
2025,14,00-0039067,Rashee Rice,WR,7.4
2025,14,00-0037545,Rashid Shaheed,WR,10.7
2025,14,00-0036550,Rashod Bateman,WR,4.3
2025,14,00-0037816,Romeo Doubs,WR,0.0
2025,14,00-0039410,Ryan Flournoy,WR,28.5
2025,14,00-0038824,Ryan Miller,WR,0.0
2025,14,00-0038891,Shedrick Jackson,WR,9.5
2025,14,00-0032385,Sterling Shepard,WR,1.5
2025,14,00-0040154,Tai Felton,WR,2.0
2025,14,00-0036410,Tee Higgins,WR,27.2
2025,14,00-0035659,Terry McLaurin,WR,7.1
2025,14,00-0033375,Tim Patrick,WR,18.8
2025,14,00-0035544,Tom Kennedy,WR,0.0
2025,14,00-0040727,Tre Harris,WR,3.1
2025,14,00-0038563,Tre Tucker,WR,4.4
2025,14,00-0034487,Trent Sherfield,WR,0.0
2025,14,00-0037742,Treylon Burks,WR,0.0
2025,14,00-0039868,Troy Franklin,WR,4.1
2025,14,00-0032211,Tyler Lockett,WR,7.1
2025,14,00-0038104,Tyquan Thornton,WR,3.9
2025,14,00-0038679,Tyrell Shavers,WR,2.6
2025,14,00-0036415,Van Jefferson,WR,3.7
2025,14,00-0037745,Velus Jones Jr.,WR,3.2
2025,14,00-0038618,Xavier Hutchinson,WR,0.0
2025,14,00-0038359,Xavier Smith,WR,1.6
2025,14,00-0039894,Xavier Worthy,WR,8.5
2025,14,00-0039064,Zay Flowers,WR,22.6
2025,15,00-0023459,Aaron Rodgers,QB,16.96
2025,15,00-0034855,Baker Mayfield,QB,20.18
2025,15,00-0039732,Bo Nix,QB,31.08
2025,15,00-0040398,Brady Cook,QB,11.94
2025,15,00-0037834,Brock Purdy,QB,26.2
2025,15,00-0039150,Bryce Young,QB,15.42
2025,15,00-0039163,C.J. Stroud,QB,23.4
2025,15,00-0039918,Caleb Williams,QB,18.98
2025,15,00-0040676,Cam Ward,QB,15.0
2025,15,00-0033077,Dak Prescott,QB,11.96
2025,15,00-0039851,Drake Maye,QB,21.5
2025,15,00-0035289,Gardner Minshew,QB,-0.12
2025,15,00-0039923,J.J. McCarthy,QB,24.5
2025,15,00-0033119,Jacoby Brissett,QB,21.56
2025,15,00-0036389,Jalen Hurts,QB,22.9
2025,15,00-0031503,Jameis Winston,QB,0.0
2025,15,00-0033106,Jared Goff,QB,27.52
2025,15,00-0040691,Jaxson Dart,QB,23.14
2025,15,00-0036442,Joe Burrow,QB,7.5
2025,15,00-0036264,Jordan Love,QB,15.94
2025,15,00-0034857,Josh Allen,QB,24.52
2025,15,00-0036355,Justin Herbert,QB,11.4
2025,15,00-0038102,Kenny Pickett,QB,2.26
2025,15,00-0029604,Kirk Cousins,QB,28.92
2025,15,00-0034796,Lamar Jackson,QB,15.6
2025,15,00-0032268,Marcus Mariota,QB,14.74
2025,15,00-0026498,Matthew Stafford,QB,23.92
2025,15,00-0033319,Nick Mullens,QB,-0.2
2025,15,00-0033873,Patrick Mahomes,QB,14.06
2025,15,00-0022942,Philip Rivers,QB,7.8
2025,15,00-0034869,Sam Darnold,QB,11.34
2025,15,00-0040668,Shedeur Sanders,QB,6.48
2025,15,00-0039376,Spencer Rattler,QB,0.0
2025,15,00-0038400,Tanner McKee,QB,2.22
2025,15,00-0036971,Trevor Lawrence,QB,46.3
2025,15,00-0036212,Tua Tagovailoa,QB,17.22
2025,15,00-0035993,Tyler Huntley,QB,-0.3
2025,15,00-0040743,Tyler Shough,QB,18.08
2025,15,00-0033293,Aaron Jones,RB,9.5
2025,15,00-0032104,Ameer Abdullah,RB,9.7
2025,15,00-0040122,Ashton Jeanty,RB,8.2
2025,15,00-0039373,Audric Estimé,RB,8.0
2025,15,00-0037157,Bam Knight,RB,-0.2
2025,15,00-0040719,Bhayshul Tuten,RB,9.3
2025,15,00-0038542,Bijan Robinson,RB,29.5
2025,15,00-0039738,Blake Corum,RB,13.1
2025,15,00-0038488,Brady Russell,RB,0.0
2025,15,00-0040078,Brashard Smith,RB,0.1
2025,15,00-0038120,Breece Hall,RB,5.7
2025,15,00-0037746,Brian Robinson,RB,2.1
2025,15,00-0039603,British Brooks,RB,0.0
2025,15,00-0037329,Brittain Brown,RB,0.0
2025,15,00-0039361,Bucky Irving,RB,8.1
2025,15,00-0038597,Chase Brown,RB,16.0
2025,15,00-0034681,Chase Edmonds,RB,0.0
2025,15,00-0038685,Chris Brooks,RB,2.6
2025,15,00-0033280,Christian McCaffrey,RB,15.7
2025,15,00-0036555,Chuba Hubbard,RB,4.8
2025,15,00-0040556,Corey Kiner,RB,1.1
2025,15,00-0036275,D'Andre Swift,RB,22.6
2025,15,00-0033854,Dare Ogunbowale,RB,6.4
2025,15,00-0035685,David Montgomery,RB,9.2
2025,15,00-0039040,De'Von Achane,RB,18.7
2025,15,00-0032764,Derrick Henry,RB,12.0
2025,15,00-0040202,Devin Neal,RB,10.2
2025,15,00-0035250,Devin Singletary,RB,2.4
2025,15,00-0039407,Dylan Laube,RB,0.4
2025,15,00-0038797,Emanuel Wilson,RB,0.3
2025,15,00-0038705,Emari Demercado,RB,2.1
2025,15,00-0038397,Evan Hull,RB,1.2
2025,15,00-0038738,Hunter Luepke,RB,5.0
2025,15,00-0039798,Isaiah Davis,RB,13.5
2025,15,00-0037197,Isiah Pacheco,RB,2.1
2025,15,00-0040242,Jacory Croskey-Merritt,RB,15.6
2025,15,00-0039139,Jahmyr Gibbs,RB,9.8
2025,15,00-0038794,Jaleel McLaughlin,RB,0.4
2025,15,00-0037248,James Cook,RB,33.1
2025,15,00-0036997,Javonte Williams,RB,15.1
2025,15,00-0039405,Jawhar Jordan,RB,15.8
2025,15,00-0037228,Jaylen Warren,RB,7.8
2025,15,00-0039874,Jaylen Wright,RB,2.1
2025,15,00-0033955,Jeremy McNichols,RB,1.2
2025,15,00-0036223,Jonathan Taylor,RB,13.1
2025,15,00-0037525,Jordan Mason,RB,2.9
2025,15,00-0035700,Josh Jacobs,RB,23.2
2025,15,00-0037594,Julius Chestnut,RB,0.0
2025,15,00-0040142,Kaleb Johnson,RB,0.4
2025,15,00-0040205,Kalel Mullings,RB,0.3
2025,15,00-0033923,Kareem Hunt,RB,3.0
2025,15,00-0038454,Keaton Mitchell,RB,6.6
2025,15,00-0038134,Kenneth Walker III,RB,2.9
2025,15,00-0036919,Kenny Gainwell,RB,19.6
2025,15,00-0036906,Khalil Herbert,RB,0.5
2025,15,00-0039391,Kimani Vidal,RB,5.8
2025,15,00-0040236,Kyle Monangai,RB,3.3
2025,15,00-0037840,Kyren Williams,RB,21.8
2025,15,00-0040238,LeQuint Allen Jr.,RB,2.6
2025,15,00-0037563,Malik Davis,RB,11.7
2025,15,00-0036924,Michael Carter,RB,13.4
2025,15,00-0040198,Ollie Gordon II,RB,0.0
2025,15,00-0040666,Omarion Hampton,RB,7.5
2025,15,00-0040784,Quinshon Judkins,RB,4.7
2025,15,00-0040730,RJ Harvey,RB,10.5
2025,15,00-0037256,Rachaad White,RB,3.6
2025,15,00-0031687,Raheem Mostert,RB,1.2
2025,15,00-0039796,Rasheen Ali,RB,11.2
2025,15,00-0039875,Ray Davis,RB,2.3
2025,15,00-0036187,Reggie Gilliam,RB,0.0
2025,15,00-0036875,Rhamondre Stevenson,RB,10.7
2025,15,00-0036139,Rico Dowdle,RB,12.4
2025,15,00-0037557,Ronnie Rivers,RB,0.0
2025,15,00-0033526,Samaje Perine,RB,5.3
2025,15,00-0034844,Saquon Barkley,RB,17.2
2025,15,00-0038951,Sean Tucker,RB,6.7
2025,15,00-0039364,Sione Vaki,RB,0.0
2025,15,00-0040208,Tahj Brooks,RB,0.0
2025,15,00-0038555,Tank Bigsby,RB,5.7
2025,15,00-0035261,Tony Pollard,RB,20.2
2025,15,00-0036973,Travis Etienne,RB,31.5
2025,15,00-0035291,Trayveon Williams,RB,2.7
2025,15,00-0040734,TreVeyon Henderson,RB,32.1
2025,15,00-0040644,Trevor Etienne,RB,0.0
2025,15,00-0035537,Ty Johnson,RB,5.8
2025,15,00-0039032,Tyjae Spears,RB,5.6
2025,15,00-0037263,Tyler Allgeier,RB,1.8
2025,15,00-0037085,Tyler Badie,RB,1.1
2025,15,00-0037120,Tyler Goodson,RB,0.0
2025,15,00-0039384,Tyrone Tracy Jr.,RB,24.7
2025,15,00-0039746,Will Shipley,RB,0.0
2025,15,00-0040583,Woody Marks,RB,4.8
2025,15,00-0039165,Zach Charbonnet,RB,3.1
2025,15,00-0039793,AJ Barner,TE,7.2
2025,15,00-0039912,Ben Sinnott,TE,5.1
2025,15,00-0039458,Brenden Bates,TE,0.0
2025,15,00-0038935,Brenton Strange,TE,4.1
2025,15,00-0039530,Brevyn Spann-Ford,TE,0.0
2025,15,00-0039338,Brock Bowers,TE,11.8
2025,15,00-0039359,Cade Stover,TE,6.7
2025,15,00-0038046,Charlie Kolar,TE,0.0
2025,15,00-0036429,Charlie Woerner,TE,4.2
2025,15,00-0037809,Chig Okonkwo,TE,9.3
2025,15,00-0036244,Colby Parkinson,TE,27.0
2025,15,00-0036290,Cole Kmet,TE,5.8
2025,15,00-0039686,Colson Yankoff,TE,0.0
2025,15,00-0040126,Colston Loveland,TE,12.1
2025,15,00-0034351,Dallas Goedert,TE,28.0
2025,15,00-0038933,Dalton Kincaid,TE,7.9
2025,15,00-0034383,Dalton Schultz,TE,25.6
2025,15,00-0038115,Daniel Bellinger,TE,8.0
2025,15,00-0038558,Darnell Washington,TE,7.0
2025,15,00-0031610,Darren Waller,TE,29.1
2025,15,00-0039648,David Martin-Robinson,TE,0.0
2025,15,00-0039074,Davis Allen,TE,6.1
2025,15,00-0035689,Dawson Knox,TE,20.2
2025,15,00-0039754,Devin Culp,TE,8.1
2025,15,00-0035631,Drew Sample,TE,4.2
2025,15,00-0034798,Durham Smythe,TE,0.0
2025,15,00-0039041,Elijah Higgins,TE,1.8
2025,15,00-0033576,Eric Saubert,TE,2.4
2025,15,00-0033881,Evan Engram,TE,2.7
2025,15,00-0033288,George Kittle,TE,26.8
2025,15,00-0035956,Giovanni Ricci,TE,0.0
2025,15,00-0037086,Grant Calcaterra,TE,1.9
2025,15,00-0037252,Greg Dulcich,TE,7.6
2025,15,00-0040584,Gunnar Helm,TE,16.9
2025,15,00-0040663,Harold Fannin Jr.,TE,15.5
2025,15,00-0033090,Hunter Henry,TE,3.3
2025,15,00-0039356,Ja'Tavion Sanders,TE,3.5
2025,15,00-0036741,Jack Stoll,TE,2.2
2025,15,00-0040194,Jackson Hawes,TE,2.4
2025,15,00-0038041,Jake Ferguson,TE,4.6
2025,15,00-0037805,Jeremy Ruckert,TE,4.3
2025,15,00-0036628,John Bates,TE,3.4
2025,15,00-0037306,John FitzPatrick,TE,6.3
2025,15,00-0033858,Jonnu Smith,TE,11.6
2025,15,00-0035249,Josh Oliver,TE,3.3
2025,15,00-0038720,Julian Hill,TE,5.5
2025,15,00-0036040,Juwan Johnson,TE,9.0
2025,15,00-0036970,Kyle Pitts,TE,53.1
2025,15,00-0036876,Kylen Granson,TE,0.0
2025,15,00-0039144,Luke Musgrave,TE,11.2
2025,15,00-0038547,Luke Schoonmaker,TE,4.4
2025,15,00-0034753,Mark Andrews,TE,4.8
2025,15,00-0039066,Michael Mayer,TE,0.0
2025,15,00-0034829,Mike Gesicki,TE,2.6
2025,15,00-0040187,Mitchell Evans,TE,0.0
2025,15,00-0040058,Nick Kallerup,TE,0.0
2025,15,00-0040189,Oronde Gadsden II,TE,12.1
2025,15,00-0036894,Pat Freiermuth,TE,9.0
2025,15,00-0033439,Pharaoh Brown,TE,3.1
2025,15,00-0036590,Quintin Morris,TE,5.0
2025,15,00-0037475,Stone Smartt,TE,0.0
2025,15,00-0035229,T.J. Hockenson,TE,12.6
2025,15,00-0034613,Tanner Hudson,TE,6.1
2025,15,00-0033357,Taysom Hill,TE,0.2
2025,15,00-0040737,Terrance Ferguson,TE,2.1
2025,15,00-0039847,Theo Johnson,TE,11.7
2025,15,00-0037005,Tommy Tremble,TE,4.3
2025,15,00-0030506,Travis Kelce,TE,17.5
2025,15,00-0037744,Trey McBride,TE,45.4
2025,15,00-0040128,Tyler Warren,TE,6.4
2025,15,00-0035676,A.J. Brown,WR,12.1
2025,15,00-0030035,Adam Thielen,WR,1.7
2025,15,00-0039890,Adonai Mitchell,WR,17.4
2025,15,00-0037664,Alec Pierce,WR,2.6
2025,15,00-0034521,Allen Lazard,WR,1.6
2025,15,00-0036963,Amon-Ra St. Brown,WR,43.4
2025,15,00-0035876,Andre Baccellia,WR,0.0
2025,15,00-0038619,Andrei Iosivas,WR,0.0
2025,15,00-0040582,Arian Smith,WR,0.0
2025,15,00-0036862,Ben Skowronek,WR,0.0
2025,15,00-0037091,Bo Melton,WR,0.0
2025,15,00-0031236,Brandin Cooks,WR,0.0
2025,15,00-0039893,Brian Thomas Jr.,WR,17.1
2025,15,00-0037132,Britain Covey,WR,0.0
2025,15,00-0038840,Brycen Tremayne,WR,0.0
2025,15,00-0037837,Calvin Austin III,WR,0.0
2025,15,00-0036358,CeeDee Lamb,WR,19.1
2025,15,00-0038576,Charlie Jones,WR,0.0
2025,15,00-0040705,Chimere Dike,WR,5.0
2025,15,00-0033921,Chris Godwin Jr.,WR,14.0
2025,15,00-0037239,Chris Olave,WR,20.5
2025,15,00-0038124,Christian Watson,WR,5.9
2025,15,00-0040352,Coleman Owen,WR,0.0
2025,15,00-0033908,Cooper Kupp,WR,9.6
2025,15,00-0034348,Courtland Sutton,WR,26.3
2025,15,00-0034827,DJ Moore,WR,22.9
2025,15,00-0035640,DK Metcalf,WR,14.5
2025,15,00-0040431,Dalen Cambre,WR,0.0
2025,15,00-0034860,Dante Pettis,WR,0.0
2025,15,00-0040024,Darius Cooper,WR,4.9
2025,15,00-0035535,Darius Slayton,WR,9.3
2025,15,00-0036309,Darnell Mooney,WR,6.5
2025,15,00-0031381,Davante Adams,WR,11.1
2025,15,00-0035359,David Sills,WR,13.8
2025,15,00-0030564,DeAndre Hopkins,WR,4.2
2025,15,00-0038621,DeMario Douglas,WR,0.5
2025,15,00-0036912,DeVonta Smith,WR,7.0
2025,15,00-0036620,Dee Eskridge,WR,0.0
2025,15,00-0035719,Deebo Samuel Sr.,WR,7.3
2025,15,00-0032775,Demarcus Robinson,WR,5.6
2025,15,00-0039424,Devaughn Vele,WR,11.9
2025,15,00-0037487,Deven Thompkins,WR,0.0
2025,15,00-0036331,Devin Duvernay,WR,0.0
2025,15,00-0038393,Dontayvion Wicks,WR,1.6
2025,15,00-0036626,Dyami Brown,WR,-1.6
2025,15,00-0038953,Dylan Drummond,WR,0.0
2025,15,00-0040170,Elic Ayomanor,WR,2.7
2025,15,00-0040129,Emeka Egbuka,WR,10.4
2025,15,00-0040259,Gage Larvadain,WR,1.8
2025,15,00-0037247,George Pickens,WR,6.3
2025,15,00-0040669,Isaac TeSlaa,WR,0.0
2025,15,00-0040782,Isaiah Bond,WR,10.9
2025,15,00-0036165,Isaiah Hodgins,WR,1.4
2025,15,00-0039451,Isaiah Williams,WR,11.3
2025,15,00-0036900,Ja'Marr Chase,WR,25.2
2025,15,00-0040729,Jack Bech,WR,3.7
2025,15,00-0034960,Jakobi Meyers,WR,12.1
2025,15,00-0038640,Jalen Brooks,WR,0.9
2025,15,00-0039491,Jalen Coker,WR,14.0
2025,15,00-0039855,Jalen McMillan,WR,5.8
2025,15,00-0037291,Jalen Nailor,WR,19.5
2025,15,00-0038938,Jalin Hyatt,WR,0.0
2025,15,00-0036133,James Proche,WR,0.0
2025,15,00-0037240,Jameson Williams,WR,28.4
2025,15,00-0036259,Jauan Jennings,WR,18.7
2025,15,00-0038543,Jaxon Smith-Njigba,WR,20.3
2025,15,00-0040130,Jayden Higgins,WR,1.4
2025,15,00-0039146,Jayden Reed,WR,10.5
2025,15,00-0036613,Jaylen Waddle,WR,4.6
2025,15,00-0040164,Jaylin Lane,WR,0.0
2025,15,00-0040138,Jaylin Noel,WR,0.0
2025,15,00-0036407,Jerry Jeudy,WR,4.2
2025,15,00-0040218,Jimmy Horn Jr.,WR,1.7
2025,15,00-0037614,John Metchie III,WR,6.9
2025,15,00-0039062,Jonathan Mingo,WR,3.5
2025,15,00-0038994,Jordan Addison,WR,8.6
2025,15,00-0039751,Jordan Whittington,WR,0.0
2025,15,00-0038997,Josh Downs,WR,10.3
2025,15,00-0036988,Josh Palmer,WR,2.6
2025,15,00-0033857,JuJu Smith-Schuster,WR,0.0
2025,15,00-0036322,Justin Jefferson,WR,4.2
2025,15,00-0037801,KaVontae Turpin,WR,3.2
2025,15,00-0032464,Kalif Raymond,WR,3.0
2025,15,00-0039589,Kameron Johnson,WR,0.0
2025,15,00-0038608,Kayshon Boutte,WR,4.0
2025,15,00-0040184,KeAndre Lambert-Smith,WR,8.6
2025,15,00-0030279,Keenan Allen,WR,8.6
2025,15,00-0033307,Kendrick Bourne,WR,3.7
2025,15,00-0037231,Kevin Austin Jr.,WR,6.3
2025,15,00-0034854,KhaDarel Hodge,WR,0.0
2025,15,00-0037261,Khalil Shakir,WR,11.5
2025,15,00-0040590,Konata Mumpfield,WR,0.0
2025,15,00-0040131,Kyle Williams,WR,0.0
2025,15,00-0040075,LaJohntay Wester,WR,0.0
2025,15,00-0039915,Ladd McConkey,WR,4.0
2025,15,00-0035406,Lil'Jordan Humphrey,WR,13.2
2025,15,00-0040735,Luther Burden III,WR,14.4
2025,15,00-0033555,Mack Hollins,WR,8.1
2025,15,00-0039920,Malachi Corley,WR,2.0
2025,15,00-0039880,Malik Washington,WR,2.0
2025,15,00-0034272,Marquez Valdes-Scantling,WR,8.9
2025,15,00-0038976,Marvin Mims Jr.,WR,7.7
2025,15,00-0039623,Mason Tipton,WR,1.1
2025,15,00-0040667,Matthew Golden,WR,8.5
2025,15,00-0036959,Michael Bandy,WR,9.0
2025,15,00-0036252,Michael Pittman,WR,5.6
2025,15,00-0038559,Michael Wilson,WR,16.4
2025,15,00-0031408,Mike Evans,WR,21.2
2025,15,00-0038839,Mitchell Tinsley,WR,2.6
2025,15,00-0040506,Myles Price,WR,0.0
2025,15,00-0036182,Nick Westbrook-Ikhine,WR,0.0
2025,15,00-0036554,Nico Collins,WR,23.5
2025,15,00-0038519,Nikko Remigio,WR,0.0
2025,15,00-0033591,Noah Brown,WR,3.8
2025,15,00-0035208,Olamide Zaccheaus,WR,0.0
2025,15,00-0038606,Parker Washington,WR,8.3
2025,15,00-0039075,Puka Nacua,WR,29.9
2025,15,00-0039067,Rashee Rice,WR,12.1
2025,15,00-0037545,Rashid Shaheed,WR,12.1
2025,15,00-0039916,Ricky Pearsall,WR,15.6
2025,15,00-0037816,Romeo Doubs,WR,5.6
2025,15,00-0039410,Ryan Flournoy,WR,8.0
2025,15,00-0038090,Skyy Moore,WR,0.0
2025,15,00-0031588,Stefon Diggs,WR,5.6
2025,15,00-0035659,Terry McLaurin,WR,15.9
2025,15,00-0040124,Tetairoa McMillan,WR,4.5
2025,15,00-0040237,Tez Johnson,WR,0.0
2025,15,00-0035544,Tom Kennedy,WR,0.0
2025,15,00-0040727,Tre Harris,WR,7.9
2025,15,00-0038563,Tre Tucker,WR,0.0
2025,15,00-0037742,Treylon Burks,WR,0.0
2025,15,00-0039868,Troy Franklin,WR,20.8
2025,15,00-0036849,Tutu Atwell,WR,1.9
2025,15,00-0036630,Tylan Wallace,WR,0.0
2025,15,00-0032211,Tyler Lockett,WR,3.0
2025,15,00-0038104,Tyquan Thornton,WR,6.7
2025,15,00-0036415,Van Jefferson,WR,5.3
2025,15,00-0038117,Wan'Dale Robinson,WR,16.4
2025,15,00-0038618,Xavier Hutchinson,WR,2.6
2025,15,00-0039342,Xavier Legette,WR,5.9
2025,15,00-0038359,Xavier Smith,WR,0.0
2025,15,00-0039894,Xavier Worthy,WR,5.5
2025,15,00-0039064,Zay Flowers,WR,15.8
2025,16,00-0023459,Aaron Rodgers,QB,15.54
2025,16,00-0034855,Baker Mayfield,QB,13.7
2025,16,00-0039732,Bo Nix,QB,18.18
2025,16,00-0040398,Brady Cook,QB,4.72
2025,16,00-0037834,Brock Purdy,QB,31.9
2025,16,00-0039150,Bryce Young,QB,17.64
2025,16,00-0039163,C.J. Stroud,QB,11.48
2025,16,00-0039918,Caleb Williams,QB,21.0
2025,16,00-0040676,Cam Ward,QB,18.02
2025,16,00-0037324,Chris Oladokun,QB,5.14
2025,16,00-0033077,Dak Prescott,QB,19.16
2025,16,00-0040704,Dillon Gabriel,QB,0.0
2025,16,00-0039851,Drake Maye,QB,26.7
2025,16,00-0035289,Gardner Minshew,QB,1.4
2025,16,00-0030565,Geno Smith,QB,15.04
2025,16,00-0039923,J.J. McCarthy,QB,9.32
2025,16,00-0033119,Jacoby Brissett,QB,11.62
2025,16,00-0036389,Jalen Hurts,QB,19.4
2025,16,00-0033106,Jared Goff,QB,28.46
2025,16,00-0040691,Jaxson Dart,QB,1.02
2025,16,00-0036442,Joe Burrow,QB,30.96
2025,16,00-0026158,Joe Flacco,QB,0.16
2025,16,00-0039398,Joe Milton III,QB,-0.86
2025,16,00-0036264,Jordan Love,QB,3.78
2025,16,00-0034857,Josh Allen,QB,6.9
2025,16,00-0026300,Josh Johnson,QB,0.72
2025,16,00-0036355,Justin Herbert,QB,32.2
2025,16,00-0029604,Kirk Cousins,QB,18.58
2025,16,00-0034796,Lamar Jackson,QB,4.74
2025,16,00-0036972,Mac Jones,QB,-0.3
2025,16,00-0038128,Malik Willis,QB,13.24
2025,16,00-0032268,Marcus Mariota,QB,3.7
2025,16,00-0026498,Matthew Stafford,QB,36.88
2025,16,00-0040494,Max Brosmer,QB,1.78
2025,16,00-0022942,Philip Rivers,QB,18.08
2025,16,00-0040234,Quinn Ewers,QB,8.9
2025,16,00-0040206,Riley Leonard,QB,0.0
2025,16,00-0034869,Sam Darnold,QB,21.5
2025,16,00-0040668,Shedeur Sanders,QB,13.18
2025,16,00-0038400,Tanner McKee,QB,-0.2
2025,16,00-0036971,Trevor Lawrence,QB,31.16
2025,16,00-0035993,Tyler Huntley,QB,2.8
2025,16,00-0040743,Tyler Shough,QB,19.12
2025,16,00-0033293,Aaron Jones,RB,11.3
2025,16,00-0032104,Ameer Abdullah,RB,-0.6
2025,16,00-0040122,Ashton Jeanty,RB,33.8
2025,16,00-0039373,Audric Estimé,RB,6.6
2025,16,00-0038542,Bijan Robinson,RB,29.8
2025,16,00-0039738,Blake Corum,RB,13.1
2025,16,00-0038488,Brady Russell,RB,0.0
2025,16,00-0040078,Brashard Smith,RB,1.4
2025,16,00-0038120,Breece Hall,RB,8.3
2025,16,00-0037746,Brian Robinson,RB,2.0
2025,16,00-0039603,British Brooks,RB,0.0
2025,16,00-0039361,Bucky Irving,RB,7.1
2025,16,00-0038597,Chase Brown,RB,32.9
2025,16,00-0038685,Chris Brooks,RB,0.4
2025,16,00-0038611,Chris Rodriguez Jr.,RB,13.9
2025,16,00-0033280,Christian McCaffrey,RB,34.6
2025,16,00-0036555,Chuba Hubbard,RB,4.4
2025,16,00-0040556,Corey Kiner,RB,3.2
2025,16,00-0036275,D'Andre Swift,RB,9.0
2025,16,00-0033854,Dare Ogunbowale,RB,0.9
2025,16,00-0035685,David Montgomery,RB,1.4
2025,16,00-0039040,De'Von Achane,RB,18.0
2025,16,00-0036425,DeeJay Dallas,RB,0.0
2025,16,00-0032764,Derrick Henry,RB,24.8
2025,16,00-0035250,Devin Singletary,RB,5.6
2025,16,00-0039407,Dylan Laube,RB,0.0
2025,16,00-0038797,Emanuel Wilson,RB,8.2
2025,16,00-0038705,Emari Demercado,RB,3.0
2025,16,00-0038397,Evan Hull,RB,0.3
2025,16,00-0037617,Hassan Haskins,RB,1.4
2025,16,00-0038738,Hunter Luepke,RB,2.4
2025,16,00-0039798,Isaiah Davis,RB,10.0
2025,16,00-0037197,Isiah Pacheco,RB,13.5
2025,16,00-0038896,Jacob Saylors,RB,0.0
2025,16,00-0040242,Jacory Croskey-Merritt,RB,8.5
2025,16,00-0039139,Jahmyr Gibbs,RB,22.8
2025,16,00-0038794,Jaleel McLaughlin,RB,3.7
2025,16,00-0037248,James Cook,RB,28.4
2025,16,00-0036997,Javonte Williams,RB,6.3
2025,16,00-0039405,Jawhar Jordan,RB,12.0
2025,16,00-0037228,Jaylen Warren,RB,31.1
2025,16,00-0039874,Jaylen Wright,RB,12.3
2025,16,00-0033955,Jeremy McNichols,RB,5.2
2025,16,00-0036223,Jonathan Taylor,RB,16.9
2025,16,00-0037525,Jordan Mason,RB,2.1
2025,16,00-0035700,Josh Jacobs,RB,4.8
2025,16,00-0037594,Julius Chestnut,RB,0.1
2025,16,00-0040205,Kalel Mullings,RB,0.0
2025,16,00-0033923,Kareem Hunt,RB,0.2
2025,16,00-0038454,Keaton Mitchell,RB,1.3
2025,16,00-0036842,Kene Nwangwu,RB,0.0
2025,16,00-0038134,Kenneth Walker III,RB,27.4
2025,16,00-0036919,Kenny Gainwell,RB,23.8
2025,16,00-0039391,Kimani Vidal,RB,1.1
2025,16,00-0040236,Kyle Monangai,RB,12.3
2025,16,00-0037840,Kyren Williams,RB,11.5
2025,16,00-0040238,LeQuint Allen Jr.,RB,1.0
2025,16,00-0037563,Malik Davis,RB,2.3
2025,16,00-0036924,Michael Carter,RB,6.5
2025,16,00-0034791,Nick Chubb,RB,5.2
2025,16,00-0040198,Ollie Gordon II,RB,-0.1
2025,16,00-0040666,Omarion Hampton,RB,16.5
2025,16,00-0040784,Quinshon Judkins,RB,10.1
2025,16,00-0040730,RJ Harvey,RB,22.1
2025,16,00-0037256,Rachaad White,RB,8.0
2025,16,00-0031687,Raheem Mostert,RB,1.9
2025,16,00-0040466,Raheim Sanders,RB,5.6
2025,16,00-0039796,Rasheen Ali,RB,2.2
2025,16,00-0039875,Ray Davis,RB,5.4
2025,16,00-0036875,Rhamondre Stevenson,RB,17.8
2025,16,00-0036139,Rico Dowdle,RB,8.3
2025,16,00-0037557,Ronnie Rivers,RB,0.0
2025,16,00-0033526,Samaje Perine,RB,12.1
2025,16,00-0034844,Saquon Barkley,RB,23.2
2025,16,00-0038951,Sean Tucker,RB,6.3
2025,16,00-0040208,Tahj Brooks,RB,0.7
2025,16,00-0038555,Tank Bigsby,RB,9.7
2025,16,00-0035261,Tony Pollard,RB,12.2
2025,16,00-0036973,Travis Etienne,RB,16.6
2025,16,00-0035291,Trayveon Williams,RB,9.5
2025,16,00-0040734,TreVeyon Henderson,RB,2.2
2025,16,00-0040644,Trevor Etienne,RB,0.0
2025,16,00-0035537,Ty Johnson,RB,7.6
2025,16,00-0039032,Tyjae Spears,RB,21.5
2025,16,00-0037263,Tyler Allgeier,RB,8.3
2025,16,00-0037085,Tyler Badie,RB,1.2
2025,16,00-0037120,Tyler Goodson,RB,0.9
2025,16,00-0039384,Tyrone Tracy Jr.,RB,9.8
2025,16,00-0039746,Will Shipley,RB,-0.7
2025,16,00-0039165,Zach Charbonnet,RB,17.4
2025,16,00-0038440,Zavier Scott,RB,2.2
2025,16,00-0039793,AJ Barner,TE,17.0
2025,16,00-0036422,Adam Trautman,TE,4.4
2025,16,00-0037292,Andrew Ogletree,TE,2.6
2025,16,00-0033455,Anthony Firkser,TE,10.0
2025,16,00-0032392,Austin Hooper,TE,6.4
2025,16,00-0039912,Ben Sinnott,TE,2.0
2025,16,00-0039458,Brenden Bates,TE,0.0
2025,16,00-0038935,Brenton Strange,TE,17.4
2025,16,00-0039530,Brevyn Spann-Ford,TE,0.0
2025,16,00-0039338,Brock Bowers,TE,16.8
2025,16,00-0038129,Cade Otton,TE,4.5
2025,16,00-0039359,Cade Stover,TE,3.7
2025,16,00-0039631,Cam Grandy,TE,1.6
2025,16,00-0040488,Carter Runyon,TE,0.0
2025,16,00-0038046,Charlie Kolar,TE,3.3
2025,16,00-0036429,Charlie Woerner,TE,1.8
2025,16,00-0037809,Chig Okonkwo,TE,19.4
2025,16,00-0031484,Chris Manhertz,TE,0.0
2025,16,00-0036244,Colby Parkinson,TE,5.1
2025,16,00-0036290,Cole Kmet,TE,4.4
2025,16,00-0040126,Colston Loveland,TE,7.5
2025,16,00-0034351,Dallas Goedert,TE,13.7
2025,16,00-0038933,Dalton Kincaid,TE,0.0
2025,16,00-0034383,Dalton Schultz,TE,17.0
2025,16,00-0038558,Darnell Washington,TE,6.1
2025,16,00-0031610,Darren Waller,TE,8.5
2025,16,00-0039648,David Martin-Robinson,TE,0.0
2025,16,00-0039074,Davis Allen,TE,6.4
2025,16,00-0035689,Dawson Knox,TE,2.5
2025,16,00-0035631,Drew Sample,TE,6.1
2025,16,00-0039041,Elijah Higgins,TE,19.6
2025,16,00-0033576,Eric Saubert,TE,2.0
2025,16,00-0033881,Evan Engram,TE,6.6
2025,16,00-0034981,Foster Moreau,TE,2.0
2025,16,00-0033288,George Kittle,TE,30.0
2025,16,00-0037252,Greg Dulcich,TE,7.1
2025,16,00-0040584,Gunnar Helm,TE,3.9
2025,16,00-0040663,Harold Fannin Jr.,TE,21.5
2025,16,00-0033090,Hunter Henry,TE,18.5
2025,16,00-0037838,Isaiah Likely,TE,0.0
2025,16,00-0039356,Ja'Tavion Sanders,TE,9.9
2025,16,00-0036741,Jack Stoll,TE,1.9
2025,16,00-0040194,Jackson Hawes,TE,5.6
2025,16,00-0038041,Jake Ferguson,TE,6.4
2025,16,00-0037112,Jake Tonges,TE,2.2
2025,16,00-0037755,Jelani Woods,TE,0.0
2025,16,00-0037805,Jeremy Ruckert,TE,4.4
2025,16,00-0036628,John Bates,TE,0.0
2025,16,00-0037306,John FitzPatrick,TE,0.0
2025,16,00-0033858,Jonnu Smith,TE,2.8
2025,16,00-0035249,Josh Oliver,TE,4.9
2025,16,00-0036332,Josiah Deguara,TE,0.0
2025,16,00-0036040,Juwan Johnson,TE,20.9
2025,16,00-0036970,Kyle Pitts,TE,22.2
2025,16,00-0036876,Kylen Granson,TE,0.0
2025,16,00-0036887,Luke Farrell,TE,0.0
2025,16,00-0039144,Luke Musgrave,TE,8.3
2025,16,00-0034753,Mark Andrews,TE,5.4
2025,16,00-0039066,Michael Mayer,TE,2.5
2025,16,00-0034829,Mike Gesicki,TE,14.0
2025,16,00-0040187,Mitchell Evans,TE,6.8
2025,16,00-0033217,Mo Alie-Cox,TE,4.6
2025,16,00-0038783,Nate Adkins,TE,0.0
2025,16,00-0036637,Noah Gray,TE,0.0
2025,16,00-0040189,Oronde Gadsden II,TE,2.2
2025,16,00-0036894,Pat Freiermuth,TE,8.0
2025,16,00-0036590,Quintin Morris,TE,2.0
2025,16,00-0036534,Shane Zylstra,TE,6.5
2025,16,00-0037475,Stone Smartt,TE,10.9
2025,16,00-0035229,T.J. Hockenson,TE,1.7
2025,16,00-0034613,Tanner Hudson,TE,1.9
2025,16,00-0033357,Taysom Hill,TE,17.32
2025,16,00-0040737,Terrance Ferguson,TE,13.8
2025,16,00-0039847,Theo Johnson,TE,0.0
2025,16,00-0037005,Tommy Tremble,TE,2.1
2025,16,00-0030506,Travis Kelce,TE,2.1
2025,16,00-0037744,Trey McBride,TE,8.7
2025,16,00-0040128,Tyler Warren,TE,7.5
2025,16,00-0034159,Will Dissly,TE,7.3
2025,16,00-0035676,A.J. Brown,WR,18.5
2025,16,00-0030035,Adam Thielen,WR,8.9
2025,16,00-0039890,Adonai Mitchell,WR,7.3
2025,16,00-0037664,Alec Pierce,WR,24.6
2025,16,00-0035602,Alex Bachman,WR,1.3
2025,16,00-0036963,Amon-Ra St. Brown,WR,9.4
2025,16,00-0038619,Andrei Iosivas,WR,3.1
2025,16,00-0040582,Arian Smith,WR,0.0
2025,16,00-0036862,Ben Skowronek,WR,0.0
2025,16,00-0037091,Bo Melton,WR,0.0
2025,16,00-0031236,Brandin Cooks,WR,0.0
2025,16,00-0039893,Brian Thomas Jr.,WR,3.8
2025,16,00-0037132,Britain Covey,WR,0.0
2025,16,00-0038840,Brycen Tremayne,WR,0.0
2025,16,00-0037837,Calvin Austin III,WR,1.8
2025,16,00-0038979,Cedric Tillman,WR,1.8
2025,16,00-0034418,Cedrick Wilson Jr.,WR,2.1
2025,16,00-0036358,CeeDee Lamb,WR,11.1
2025,16,00-0040705,Chimere Dike,WR,13.0
2025,16,00-0033921,Chris Godwin Jr.,WR,8.0
2025,16,00-0032398,Chris Moore,WR,0.0
2025,16,00-0037239,Chris Olave,WR,38.8
2025,16,00-0034775,Christian Kirk,WR,6.7
2025,16,00-0038124,Christian Watson,WR,3.7
2025,16,00-0035891,Cody White,WR,0.0
2025,16,00-0040352,Coleman Owen,WR,0.0
2025,16,00-0033908,Cooper Kupp,WR,6.9
2025,16,00-0034348,Courtland Sutton,WR,20.6
2025,16,00-0034827,DJ Moore,WR,21.9
2025,16,00-0035640,DK Metcalf,WR,8.2
2025,16,00-0034860,Dante Pettis,WR,0.0
2025,16,00-0037093,Dareke Young,WR,0.0
2025,16,00-0035535,Darius Slayton,WR,1.8
2025,16,00-0036309,Darnell Mooney,WR,4.4
2025,16,00-0035359,David Sills,WR,0.0
2025,16,00-0030564,DeAndre Hopkins,WR,8.1
2025,16,00-0038621,DeMario Douglas,WR,1.6
2025,16,00-0036912,DeVonta Smith,WR,16.2
2025,16,00-0036620,Dee Eskridge,WR,0.0
2025,16,00-0035719,Deebo Samuel Sr.,WR,6.5
2025,16,00-0032775,Demarcus Robinson,WR,10.3
2025,16,00-0037487,Deven Thompkins,WR,0.0
2025,16,00-0036331,Devin Duvernay,WR,0.0
2025,16,00-0039792,Devontez Walker,WR,0.0
2025,16,00-0038393,Dontayvion Wicks,WR,3.2
2025,16,00-0037238,Drake London,WR,5.7
2025,16,00-0040170,Elic Ayomanor,WR,8.8
2025,16,00-0040129,Emeka Egbuka,WR,5.0
2025,16,00-0040259,Gage Larvadain,WR,0.0
2025,16,00-0037247,George Pickens,WR,28.0
2025,16,00-0035645,Gunner Olszewski,WR,0.0
2025,16,00-0040669,Isaac TeSlaa,WR,15.2
2025,16,00-0040782,Isaiah Bond,WR,2.0
2025,16,00-0039451,Isaiah Williams,WR,6.5
2025,16,00-0036900,Ja'Marr Chase,WR,21.9
2025,16,00-0040729,Jack Bech,WR,6.3
2025,16,00-0037741,Jahan Dotson,WR,4.3
2025,16,00-0040277,Jahdae Walker,WR,10.1
2025,16,00-0034960,Jakobi Meyers,WR,8.6
2025,16,00-0038640,Jalen Brooks,WR,0.0
2025,16,00-0039491,Jalen Coker,WR,7.7
2025,16,00-0039855,Jalen McMillan,WR,3.6
2025,16,00-0037291,Jalen Nailor,WR,0.0
2025,16,00-0037240,Jameson Williams,WR,12.0
2025,16,00-0036259,Jauan Jennings,WR,18.1
2025,16,00-0038543,Jaxon Smith-Njigba,WR,23.6
2025,16,00-0040130,Jayden Higgins,WR,2.7
2025,16,00-0039146,Jayden Reed,WR,7.1
2025,16,00-0036613,Jaylen Waddle,WR,12.2
2025,16,00-0040164,Jaylin Lane,WR,0.0
2025,16,00-0040138,Jaylin Noel,WR,0.0
2025,16,00-0036407,Jerry Jeudy,WR,4.2
2025,16,00-0040218,Jimmy Horn Jr.,WR,2.5
2025,16,00-0037614,John Metchie III,WR,1.4
2025,16,00-0039062,Jonathan Mingo,WR,0.0
2025,16,00-0038994,Jordan Addison,WR,4.6
2025,16,00-0039751,Jordan Whittington,WR,2.9
2025,16,00-0038997,Josh Downs,WR,11.8
2025,16,00-0036988,Josh Palmer,WR,1.2
2025,16,00-0033857,JuJu Smith-Schuster,WR,2.2
2025,16,00-0036322,Justin Jefferson,WR,14.5
2025,16,00-0037801,KaVontae Turpin,WR,4.7
2025,16,00-0032464,Kalif Raymond,WR,16.2
2025,16,00-0039589,Kameron Johnson,WR,0.0
2025,16,00-0038608,Kayshon Boutte,WR,2.6
2025,16,00-0040534,Ke'Shawn Williams,WR,0.1
2025,16,00-0040184,KeAndre Lambert-Smith,WR,2.0
2025,16,00-0030279,Keenan Allen,WR,9.4
2025,16,00-0033307,Kendrick Bourne,WR,5.7
2025,16,00-0037231,Kevin Austin Jr.,WR,3.8
2025,16,00-0037261,Khalil Shakir,WR,7.4
2025,16,00-0040590,Konata Mumpfield,WR,7.0
2025,16,00-0040131,Kyle Williams,WR,12.6
2025,16,00-0040075,LaJohntay Wester,WR,0.0
2025,16,00-0039915,Ladd McConkey,WR,14.3
2025,16,00-0035406,Lil'Jordan Humphrey,WR,1.9
2025,16,00-0033555,Mack Hollins,WR,13.9
2025,16,00-0039920,Malachi Corley,WR,6.1
2025,16,00-0039880,Malik Washington,WR,10.2
2025,16,00-0034272,Marquez Valdes-Scantling,WR,1.6
2025,16,00-0035662,Marquise Brown,WR,5.2
2025,16,00-0039849,Marvin Harrison Jr.,WR,2.4
2025,16,00-0038976,Marvin Mims Jr.,WR,5.9
2025,16,00-0039623,Mason Tipton,WR,8.1
2025,16,00-0040667,Matthew Golden,WR,0.4
2025,16,00-0035140,Mecole Hardman,WR,0.0
2025,16,00-0036252,Michael Pittman,WR,7.2
2025,16,00-0038559,Michael Wilson,WR,13.2
2025,16,00-0031408,Mike Evans,WR,14.1
2025,16,00-0038839,Mitchell Tinsley,WR,0.0
2025,16,00-0040506,Myles Price,WR,0.0
2025,16,00-0036554,Nico Collins,WR,9.9
2025,16,00-0038519,Nikko Remigio,WR,0.0
2025,16,00-0035208,Olamide Zaccheaus,WR,5.3
2025,16,00-0038606,Parker Washington,WR,28.5
2025,16,00-0040134,Pat Bryant,WR,9.2
2025,16,00-0039075,Puka Nacua,WR,52.5
2025,16,00-0038544,Quentin Johnston,WR,22.4
2025,16,00-0037545,Rashid Shaheed,WR,3.1
2025,16,00-0036550,Rashod Bateman,WR,0.0
2025,16,00-0037816,Romeo Doubs,WR,19.4
2025,16,00-0039410,Ryan Flournoy,WR,9.8
2025,16,00-0040009,Savion Williams,WR,0.9
2025,16,00-0035298,Scott Miller,WR,4.9
2025,16,00-0038090,Skyy Moore,WR,3.3
2025,16,00-0031588,Stefon Diggs,WR,24.8
2025,16,00-0034928,Steven Sims,WR,0.0
2025,16,00-0040154,Tai Felton,WR,1.6
2025,16,00-0036410,Tee Higgins,WR,14.3
2025,16,00-0035659,Terry McLaurin,WR,8.3
2025,16,00-0040124,Tetairoa McMillan,WR,19.3
2025,16,00-0040237,Tez Johnson,WR,0.9
2025,16,00-0040311,Theo Wease Jr.,WR,5.2
2025,16,00-0033375,Tim Patrick,WR,2.1
2025,16,00-0035544,Tom Kennedy,WR,0.0
2025,16,00-0040727,Tre Harris,WR,9.4
2025,16,00-0038563,Tre Tucker,WR,9.4
2025,16,00-0037742,Treylon Burks,WR,5.0
2025,16,00-0039868,Troy Franklin,WR,10.6
2025,16,00-0036427,Tyler Johnson,WR,1.7
2025,16,00-0032211,Tyler Lockett,WR,1.6
2025,16,00-0038679,Tyrell Shavers,WR,3.1
2025,16,00-0036415,Van Jefferson,WR,4.4
2025,16,00-0038117,Wan'Dale Robinson,WR,5.2
2025,16,00-0038618,Xavier Hutchinson,WR,1.4
2025,16,00-0039342,Xavier Legette,WR,2.2
2025,16,00-0038359,Xavier Smith,WR,7.7
2025,16,00-0039521,Xavier Weaver,WR,3.9
2025,16,00-0039894,Xavier Worthy,WR,6.1
2025,16,00-0039064,Zay Flowers,WR,21.2
2025,17,00-0023459,Aaron Rodgers,QB,7.32
2025,17,00-0034855,Baker Mayfield,QB,21.44
2025,17,00-0039732,Bo Nix,QB,20.48
2025,17,00-0040398,Brady Cook,QB,5.18
2025,17,00-0037834,Brock Purdy,QB,39.92
2025,17,00-0039150,Bryce Young,QB,9.86
2025,17,00-0039163,C.J. Stroud,QB,15.76
2025,17,00-0039918,Caleb Williams,QB,25.0
2025,17,00-0040676,Cam Ward,QB,17.04
2025,17,00-0037324,Chris Oladokun,QB,7.74
2025,17,00-0038582,Clayton Tune,QB,-0.68
2025,17,00-0033077,Dak Prescott,QB,24.68
2025,17,00-0039851,Drake Maye,QB,32.44
2025,17,00-0030565,Geno Smith,QB,9.14
2025,17,00-0033119,Jacoby Brissett,QB,16.48
2025,17,00-0036389,Jalen Hurts,QB,8.9
2025,17,00-0033106,Jared Goff,QB,4.08
2025,17,00-0040691,Jaxson Dart,QB,25.08
2025,17,00-0036442,Joe Burrow,QB,22.4
2025,17,00-0026158,Joe Flacco,QB,1.16
2025,17,00-0034857,Josh Allen,QB,23.18
2025,17,00-0026300,Josh Johnson,QB,8.92
2025,17,00-0033949,Joshua Dobbs,QB,1.1
2025,17,00-0036355,Justin Herbert,QB,16.14
2025,17,00-0038102,Kenny Pickett,QB,0.64
2025,17,00-0029604,Kirk Cousins,QB,9.14
2025,17,00-0038128,Malik Willis,QB,31.52
2025,17,00-0026498,Matthew Stafford,QB,15.76
2025,17,00-0040494,Max Brosmer,QB,3.64
2025,17,00-0022942,Philip Rivers,QB,8.78
2025,17,00-0040234,Quinn Ewers,QB,15.78
2025,17,00-0040206,Riley Leonard,QB,-1.0
2025,17,00-0034869,Sam Darnold,QB,7.08
2025,17,00-0040668,Shedeur Sanders,QB,11.44
2025,17,00-0036971,Trevor Lawrence,QB,24.12
2025,17,00-0035993,Tyler Huntley,QB,14.28
2025,17,00-0040743,Tyler Shough,QB,23.92
2025,17,00-0033293,Aaron Jones,RB,15.3
2025,17,00-0032104,Ameer Abdullah,RB,1.4
2025,17,00-0040122,Ashton Jeanty,RB,9.3
2025,17,00-0039373,Audric Estimé,RB,16.8
2025,17,00-0038542,Bijan Robinson,RB,41.9
2025,17,00-0039738,Blake Corum,RB,1.8
2025,17,00-0040078,Brashard Smith,RB,9.5
2025,17,00-0038120,Breece Hall,RB,22.9
2025,17,00-0037746,Brian Robinson,RB,3.8
2025,17,00-0039361,Bucky Irving,RB,8.3
2025,17,00-0036414,Cam Akers,RB,0.0
2025,17,00-0038597,Chase Brown,RB,31.1
2025,17,00-0034681,Chase Edmonds,RB,0.0
2025,17,00-0038685,Chris Brooks,RB,2.1
2025,17,00-0033280,Christian McCaffrey,RB,30.1
2025,17,00-0036555,Chuba Hubbard,RB,2.8
2025,17,00-0040556,Corey Kiner,RB,0.2
2025,17,00-0036275,D'Andre Swift,RB,21.9
2025,17,00-0035628,D'Ernest Johnson,RB,0.5
2025,17,00-0035685,David Montgomery,RB,6.0
2025,17,00-0039040,De'Von Achane,RB,14.2
2025,17,00-0036425,DeeJay Dallas,RB,2.1
2025,17,00-0032764,Derrick Henry,RB,51.6
2025,17,00-0035250,Devin Singletary,RB,17.0
2025,17,00-0039407,Dylan Laube,RB,0.0
2025,17,00-0040162,Dylan Sampson,RB,5.7
2025,17,00-0038797,Emanuel Wilson,RB,3.4
2025,17,00-0038705,Emari Demercado,RB,4.0
2025,17,00-0038397,Evan Hull,RB,0.3
2025,17,00-0037617,Hassan Haskins,RB,0.0
2025,17,00-0038738,Hunter Luepke,RB,5.4
2025,17,00-0039798,Isaiah Davis,RB,3.0
2025,17,00-0037197,Isiah Pacheco,RB,3.2
2025,17,00-0040242,Jacory Croskey-Merritt,RB,24.5
2025,17,00-0039139,Jahmyr Gibbs,RB,6.4
2025,17,00-0038794,Jaleel McLaughlin,RB,4.0
2025,17,00-0037248,James Cook,RB,8.7
2025,17,00-0036755,Jaret Patterson,RB,0.1
2025,17,00-0036997,Javonte Williams,RB,11.4
2025,17,00-0039405,Jawhar Jordan,RB,3.6
2025,17,00-0037228,Jaylen Warren,RB,6.4
2025,17,00-0039874,Jaylen Wright,RB,5.6
2025,17,00-0033955,Jeremy McNichols,RB,4.0
2025,17,00-0036223,Jonathan Taylor,RB,17.4
2025,17,00-0035700,Josh Jacobs,RB,1.3
2025,17,00-0037594,Julius Chestnut,RB,0.0
2025,17,00-0040205,Kalel Mullings,RB,0.4
2025,17,00-0033923,Kareem Hunt,RB,3.8
2025,17,00-0038454,Keaton Mitchell,RB,5.8
2025,17,00-0036842,Kene Nwangwu,RB,3.1
2025,17,00-0038134,Kenneth Walker III,RB,7.7
2025,17,00-0036919,Kenny Gainwell,RB,6.8
2025,17,00-0036906,Khalil Herbert,RB,0.5
2025,17,00-0040236,Kyle Monangai,RB,7.7
2025,17,00-0037840,Kyren Williams,RB,16.0
2025,17,00-0040238,LeQuint Allen Jr.,RB,0.3
2025,17,00-0037563,Malik Davis,RB,12.3
2025,17,00-0036924,Michael Carter,RB,6.3
2025,17,00-0034791,Nick Chubb,RB,0.1
2025,17,00-0040198,Ollie Gordon II,RB,0.0
2025,17,00-0040666,Omarion Hampton,RB,20.0
2025,17,00-0033376,Patrick Ricard,RB,0.0
2025,17,00-0040730,RJ Harvey,RB,18.6
2025,17,00-0037256,Rachaad White,RB,3.7
2025,17,00-0040466,Raheim Sanders,RB,4.1
2025,17,00-0039796,Rasheen Ali,RB,2.8
2025,17,00-0039875,Ray Davis,RB,2.6
2025,17,00-0036187,Reggie Gilliam,RB,0.0
2025,17,00-0036875,Rhamondre Stevenson,RB,27.2
2025,17,00-0036139,Rico Dowdle,RB,9.3
2025,17,00-0037557,Ronnie Rivers,RB,0.5
2025,17,00-0033526,Samaje Perine,RB,8.3
2025,17,00-0034844,Saquon Barkley,RB,6.8
2025,17,00-0038951,Sean Tucker,RB,0.8
2025,17,00-0039364,Sione Vaki,RB,0.0
2025,17,00-0040208,Tahj Brooks,RB,2.9
2025,17,00-0038555,Tank Bigsby,RB,1.9
2025,17,00-0035261,Tony Pollard,RB,11.5
2025,17,00-0036973,Travis Etienne,RB,11.2
2025,17,00-0035594,Travis Homer,RB,0.0
2025,17,00-0035291,Trayveon Williams,RB,1.0
2025,17,00-0040734,TreVeyon Henderson,RB,8.2
2025,17,00-0040644,Trevor Etienne,RB,0.0
2025,17,00-0037276,Ty Chandler,RB,2.4
2025,17,00-0035537,Ty Johnson,RB,7.8
2025,17,00-0039032,Tyjae Spears,RB,1.1
2025,17,00-0037263,Tyler Allgeier,RB,2.3
2025,17,00-0037085,Tyler Badie,RB,0.0
2025,17,00-0039384,Tyrone Tracy Jr.,RB,6.7
2025,17,00-0039746,Will Shipley,RB,0.2
2025,17,00-0040583,Woody Marks,RB,8.5
2025,17,00-0039165,Zach Charbonnet,RB,28.2
2025,17,00-0038040,Zamir White,RB,0.2
2025,17,00-0038440,Zavier Scott,RB,0.0
2025,17,00-0039793,AJ Barner,TE,14.8
2025,17,00-0036422,Adam Trautman,TE,5.4
2025,17,00-0033455,Anthony Firkser,TE,0.0
2025,17,00-0032392,Austin Hooper,TE,10.1
2025,17,00-0038809,Ben Sims,TE,1.8
2025,17,00-0039912,Ben Sinnott,TE,7.4
2025,17,00-0038710,Blake Whiteheart,TE,0.0
2025,17,00-0038643,Brayden Willis,TE,0.0
2025,17,00-0039458,Brenden Bates,TE,3.4
2025,17,00-0038935,Brenton Strange,TE,9.9
2025,17,00-0039530,Brevyn Spann-Ford,TE,4.6
2025,17,00-0038129,Cade Otton,TE,9.3
2025,17,00-0038046,Charlie Kolar,TE,0.0
2025,17,00-0036429,Charlie Woerner,TE,0.0
2025,17,00-0037809,Chig Okonkwo,TE,16.0
2025,17,00-0036244,Colby Parkinson,TE,14.3
2025,17,00-0036290,Cole Kmet,TE,4.6
2025,17,00-0040126,Colston Loveland,TE,24.4
2025,17,00-0034351,Dallas Goedert,TE,11.3
2025,17,00-0034383,Dalton Schultz,TE,6.4
2025,17,00-0038115,Daniel Bellinger,TE,4.1
2025,17,00-0038558,Darnell Washington,TE,4.5
2025,17,00-0031610,Darren Waller,TE,1.5
2025,17,00-0039648,David Martin-Robinson,TE,2.4
2025,17,00-0035689,Dawson Knox,TE,10.5
2025,17,00-0035631,Drew Sample,TE,2.3
2025,17,00-0034798,Durham Smythe,TE,2.6
2025,17,00-0039041,Elijah Higgins,TE,0.0
2025,17,00-0033576,Eric Saubert,TE,0.0
2025,17,00-0033881,Evan Engram,TE,8.1
2025,17,00-0035956,Giovanni Ricci,TE,0.0
2025,17,00-0037086,Grant Calcaterra,TE,1.8
2025,17,00-0037252,Greg Dulcich,TE,18.6
2025,17,00-0040584,Gunnar Helm,TE,1.6
2025,17,00-0040663,Harold Fannin Jr.,TE,12.0
2025,17,00-0033090,Hunter Henry,TE,15.4
2025,17,00-0037838,Isaiah Likely,TE,7.2
2025,17,00-0038041,Jake Ferguson,TE,8.1
2025,17,00-0037112,Jake Tonges,TE,22.5
2025,17,00-0037755,Jelani Woods,TE,1.9
2025,17,00-0037805,Jeremy Ruckert,TE,1.7
2025,17,00-0033246,Johnny Mundt,TE,0.0
2025,17,00-0033858,Jonnu Smith,TE,10.2
2025,17,00-0035249,Josh Oliver,TE,2.3
2025,17,00-0038589,Josh Whyle,TE,2.3
2025,17,00-0036332,Josiah Deguara,TE,0.0
2025,17,00-0038720,Julian Hill,TE,3.1
2025,17,00-0036040,Juwan Johnson,TE,15.5
2025,17,00-0040363,Keleki Latu,TE,0.0
2025,17,00-0036970,Kyle Pitts,TE,4.6
2025,17,00-0036876,Kylen Granson,TE,0.0
2025,17,00-0038547,Luke Schoonmaker,TE,4.5
2025,17,00-0034753,Mark Andrews,TE,8.8
2025,17,00-0039066,Michael Mayer,TE,22.4
2025,17,00-0034829,Mike Gesicki,TE,7.7
2025,17,00-0040187,Mitchell Evans,TE,2.1
2025,17,00-0033217,Mo Alie-Cox,TE,12.5
2025,17,00-0040244,Moliki Matavao,TE,4.0
2025,17,00-0035644,Noah Fant,TE,0.0
2025,17,00-0036637,Noah Gray,TE,1.7
2025,17,00-0040189,Oronde Gadsden II,TE,13.7
2025,17,00-0036894,Pat Freiermuth,TE,10.8
2025,17,00-0036590,Quintin Morris,TE,0.0
2025,17,00-0037015,Sal Cannella,TE,4.1
2025,17,00-0037475,Stone Smartt,TE,4.8
2025,17,00-0034613,Tanner Hudson,TE,6.1
2025,17,00-0033357,Taysom Hill,TE,0.0
2025,17,00-0037277,Teagan Quitoriano,TE,0.0
2025,17,00-0040737,Terrance Ferguson,TE,14.4
2025,17,00-0037005,Tommy Tremble,TE,2.1
2025,17,00-0030506,Travis Kelce,TE,11.1
2025,17,00-0037744,Trey McBride,TE,28.6
2025,17,00-0040128,Tyler Warren,TE,11.8
2025,17,00-0034159,Will Dissly,TE,4.9
2025,17,00-0038394,Will Mallory,TE,3.1
2025,17,00-0035676,A.J. Brown,WR,11.8
2025,17,00-0030035,Adam Thielen,WR,3.4
2025,17,00-0039890,Adonai Mitchell,WR,5.2
2025,17,00-0037664,Alec Pierce,WR,0.0
2025,17,00-0035602,Alex Bachman,WR,0.0
2025,17,00-0036963,Amon-Ra St. Brown,WR,14.8
2025,17,00-0038619,Andrei Iosivas,WR,8.1
2025,17,00-0040582,Arian Smith,WR,1.5
2025,17,00-0035021,Ashton Dulin,WR,0.0
2025,17,00-0037091,Bo Melton,WR,4.4
2025,17,00-0031236,Brandin Cooks,WR,16.1
2025,17,00-0039893,Brian Thomas Jr.,WR,7.9
2025,17,00-0037132,Britain Covey,WR,0.0
2025,17,00-0038840,Brycen Tremayne,WR,0.0
2025,17,00-0038979,Cedric Tillman,WR,5.2
2025,17,00-0034418,Cedrick Wilson Jr.,WR,1.8
2025,17,00-0036358,CeeDee Lamb,WR,9.6
2025,17,00-0040705,Chimere Dike,WR,10.2
2025,17,00-0036463,Chris Blair,WR,0.0
2025,17,00-0033921,Chris Godwin Jr.,WR,25.8
2025,17,00-0032398,Chris Moore,WR,2.5
2025,17,00-0037239,Chris Olave,WR,27.9
2025,17,00-0034775,Christian Kirk,WR,2.1
2025,17,00-0038124,Christian Watson,WR,24.3
2025,17,00-0033908,Cooper Kupp,WR,1.6
2025,17,00-0034348,Courtland Sutton,WR,8.0
2025,17,00-0034827,DJ Moore,WR,1.7
2025,17,00-0034860,Dante Pettis,WR,6.3
2025,17,00-0037093,Dareke Young,WR,0.0
2025,17,00-0040024,Darius Cooper,WR,1.4
2025,17,00-0035535,Darius Slayton,WR,5.6
2025,17,00-0036309,Darnell Mooney,WR,5.5
2025,17,00-0035359,David Sills,WR,6.7
2025,17,00-0030564,DeAndre Hopkins,WR,0.0
2025,17,00-0038621,DeMario Douglas,WR,2.0
2025,17,00-0036912,DeVonta Smith,WR,4.5
2025,17,00-0035719,Deebo Samuel Sr.,WR,11.3
2025,17,00-0032775,Demarcus Robinson,WR,5.0
2025,17,00-0037487,Deven Thompkins,WR,0.0
2025,17,00-0036331,Devin Duvernay,WR,0.0
2025,17,00-0040581,Dont'e Thornton Jr.,WR,3.2
2025,17,00-0038393,Dontayvion Wicks,WR,1.7
2025,17,00-0037238,Drake London,WR,1.4
2025,17,00-0038953,Dylan Drummond,WR,0.0
2025,17,00-0040563,Efton Chism III,WR,12.0
2025,17,00-0040170,Elic Ayomanor,WR,13.7
2025,17,00-0040129,Emeka Egbuka,WR,5.0
2025,17,00-0036196,Gabe Davis,WR,0.0
2025,17,00-0040259,Gage Larvadain,WR,0.0
2025,17,00-0037247,George Pickens,WR,11.8
2025,17,00-0035645,Gunner Olszewski,WR,2.9
2025,17,00-0040669,Isaac TeSlaa,WR,13.9
2025,17,00-0040782,Isaiah Bond,WR,2.6
2025,17,00-0036165,Isaiah Hodgins,WR,1.8
2025,17,00-0039451,Isaiah Williams,WR,7.5
2025,17,00-0036900,Ja'Marr Chase,WR,25.0
2025,17,00-0037741,Jahan Dotson,WR,0.0
2025,17,00-0040277,Jahdae Walker,WR,5.0
2025,17,00-0038752,Jake Bobo,WR,0.0
2025,17,00-0034960,Jakobi Meyers,WR,7.9
2025,17,00-0039491,Jalen Coker,WR,3.6
2025,17,00-0039855,Jalen McMillan,WR,20.4
2025,17,00-0037291,Jalen Nailor,WR,0.0
2025,17,00-0037666,Jalen Tolbert,WR,7.1
2025,17,00-0036133,James Proche,WR,1.5
2025,17,00-0037240,Jameson Williams,WR,5.7
2025,17,00-0036259,Jauan Jennings,WR,12.2
2025,17,00-0038543,Jaxon Smith-Njigba,WR,16.2
2025,17,00-0040130,Jayden Higgins,WR,16.8
2025,17,00-0039146,Jayden Reed,WR,8.1
2025,17,00-0036613,Jaylen Waddle,WR,0.7
2025,17,00-0040138,Jaylin Noel,WR,14.6
2025,17,00-0036407,Jerry Jeudy,WR,10.4
2025,17,00-0040218,Jimmy Horn Jr.,WR,2.9
2025,17,00-0037614,John Metchie III,WR,7.1
2025,17,00-0039062,Jonathan Mingo,WR,0.0
2025,17,00-0038994,Jordan Addison,WR,12.5
2025,17,00-0039751,Jordan Whittington,WR,0.0
2025,17,00-0038997,Josh Downs,WR,5.4
2025,17,00-0036988,Josh Palmer,WR,2.2
2025,17,00-0033857,JuJu Smith-Schuster,WR,4.6
2025,17,00-0036322,Justin Jefferson,WR,7.0
2025,17,00-0037801,KaVontae Turpin,WR,15.6
2025,17,00-0032464,Kalif Raymond,WR,1.5
2025,17,00-0039589,Kameron Johnson,WR,0.0
2025,17,00-0040534,Ke'Shawn Williams,WR,1.5
2025,17,00-0040184,KeAndre Lambert-Smith,WR,0.0
2025,17,00-0030279,Keenan Allen,WR,2.7
2025,17,00-0033307,Kendrick Bourne,WR,3.5
2025,17,00-0037231,Kevin Austin Jr.,WR,15.2
2025,17,00-0037261,Khalil Shakir,WR,9.5
2025,17,00-0040590,Konata Mumpfield,WR,3.0
2025,17,00-0040131,Kyle Williams,WR,5.0
2025,17,00-0040075,LaJohntay Wester,WR,0.0
2025,17,00-0039915,Ladd McConkey,WR,4.1
2025,17,00-0032951,Laquon Treadwell,WR,0.0
2025,17,00-0035406,Lil'Jordan Humphrey,WR,4.3
2025,17,00-0040735,Luther Burden III,WR,29.8
2025,17,00-0039920,Malachi Corley,WR,1.4
2025,17,00-0039880,Malik Washington,WR,1.5
2025,17,00-0034272,Marquez Valdes-Scantling,WR,5.1
2025,17,00-0035662,Marquise Brown,WR,1.7
2025,17,00-0039849,Marvin Harrison Jr.,WR,0.0
2025,17,00-0038976,Marvin Mims Jr.,WR,4.0
2025,17,00-0036176,Mason Kinsey,WR,4.4
2025,17,00-0040667,Matthew Golden,WR,2.2
2025,17,00-0036959,Michael Bandy,WR,3.4
2025,17,00-0036252,Michael Pittman,WR,3.6
2025,17,00-0038559,Michael Wilson,WR,19.9
2025,17,00-0031408,Mike Evans,WR,12.1
2025,17,00-0040506,Myles Price,WR,0.0
2025,17,00-0036554,Nico Collins,WR,8.7
2025,17,00-0038606,Parker Washington,WR,21.0
2025,17,00-0039075,Puka Nacua,WR,15.7
2025,17,00-0038544,Quentin Johnston,WR,14.8
2025,17,00-0037545,Rashid Shaheed,WR,1.8
2025,17,00-0036550,Rashod Bateman,WR,1.7
2025,17,00-0039916,Ricky Pearsall,WR,13.5
2025,17,00-0034054,River Cracraft,WR,0.0
2025,17,00-0037816,Romeo Doubs,WR,9.2
2025,17,00-0038647,Ronnie Bell,WR,0.0
2025,17,00-0035298,Scott Miller,WR,5.5
2025,17,00-0038891,Shedrick Jackson,WR,4.0
2025,17,00-0038090,Skyy Moore,WR,1.0
2025,17,00-0031588,Stefon Diggs,WR,24.1
2025,17,00-0034928,Steven Sims,WR,0.0
2025,17,00-0036410,Tee Higgins,WR,9.9
2025,17,00-0035659,Terry McLaurin,WR,11.3
2025,17,00-0040124,Tetairoa McMillan,WR,1.5
2025,17,00-0040237,Tez Johnson,WR,3.9
2025,17,00-0040311,Theo Wease Jr.,WR,13.3
2025,17,00-0033375,Tim Patrick,WR,0.0
2025,17,00-0035544,Tom Kennedy,WR,0.0
2025,17,00-0040727,Tre Harris,WR,2.5
2025,17,00-0038563,Tre Tucker,WR,9.9
2025,17,00-0037742,Treylon Burks,WR,2.1
2025,17,00-0039868,Troy Franklin,WR,5.7
2025,17,00-0036849,Tutu Atwell,WR,0.0
2025,17,00-0036427,Tyler Johnson,WR,1.3
2025,17,00-0032211,Tyler Lockett,WR,8.9
2025,17,00-0038679,Tyrell Shavers,WR,5.6
2025,17,00-0036415,Van Jefferson,WR,7.6
2025,17,00-0038117,Wan'Dale Robinson,WR,24.3
2025,17,00-0038618,Xavier Hutchinson,WR,4.9
2025,17,00-0039342,Xavier Legette,WR,1.3
2025,17,00-0038359,Xavier Smith,WR,10.7
2025,17,00-0039521,Xavier Weaver,WR,4.4
2025,17,00-0039894,Xavier Worthy,WR,0.1
2025,17,00-0039064,Zay Flowers,WR,13.0
2025,18,00-0023459,Aaron Rodgers,QB,17.76
2025,18,00-0038579,Aidan O'Connell,QB,4.78
2025,18,00-0034855,Baker Mayfield,QB,14.22
2025,18,00-0039732,Bo Nix,QB,10.54
2025,18,00-0040398,Brady Cook,QB,9.1
2025,18,00-0032434,Brandon Allen,QB,1.88
2025,18,00-0037834,Brock Purdy,QB,6.18
2025,18,00-0039150,Bryce Young,QB,17.54
2025,18,00-0039163,C.J. Stroud,QB,17.26
2025,18,00-0039918,Caleb Williams,QB,17.58
2025,18,00-0040676,Cam Ward,QB,9.18
2025,18,00-0037324,Chris Oladokun,QB,-1.68
2025,18,00-0038582,Clayton Tune,QB,3.66
2025,18,00-0033077,Dak Prescott,QB,0.7
2025,18,00-0036898,Davis Mills,QB,2.64
2025,18,00-0039851,Drake Maye,QB,15.74
2025,18,00-0039923,J.J. McCarthy,QB,7.98
2025,18,00-0033119,Jacoby Brissett,QB,16.62
2025,18,00-0033106,Jared Goff,QB,18.24
2025,18,00-0040691,Jaxson Dart,QB,20.4
2025,18,00-0031345,Jimmy Garoppolo,QB,-0.3
2025,18,00-0036442,Joe Burrow,QB,22.14
2025,18,00-0026158,Joe Flacco,QB,0.2
2025,18,00-0039398,Joe Milton III,QB,6.22
2025,18,00-0026300,Josh Johnson,QB,16.74
2025,18,00-0033949,Joshua Dobbs,QB,0.92
2025,18,00-0038102,Kenny Pickett,QB,0.02
2025,18,00-0029604,Kirk Cousins,QB,10.2
2025,18,00-0034796,Lamar Jackson,QB,21.42
2025,18,00-0026498,Matthew Stafford,QB,26.66
2025,18,00-0040494,Max Brosmer,QB,0.28
2025,18,00-0033869,Mitchell Trubisky,QB,28.86
2025,18,00-0033319,Nick Mullens,QB,0.44
2025,18,00-0040234,Quinn Ewers,QB,9.38
2025,18,00-0040206,Riley Leonard,QB,21.6
2025,18,00-0034869,Sam Darnold,QB,8.82
2025,18,00-0036679,Shane Buechele,QB,3.92
2025,18,00-0040668,Shedeur Sanders,QB,5.04
2025,18,00-0038400,Tanner McKee,QB,12.94
2025,18,00-0036971,Trevor Lawrence,QB,23.3
2025,18,00-0037012,Trey Lance,QB,9.34
2025,18,00-0040743,Tyler Shough,QB,22.76
2025,18,00-0037013,Zach Wilson,QB,0.0
2025,18,00-0036265,AJ Dillon,RB,1.3
2025,18,00-0032104,Ameer Abdullah,RB,4.5
2025,18,00-0040122,Ashton Jeanty,RB,12.4
2025,18,00-0039373,Audric Estimé,RB,15.6
2025,18,00-0040719,Bhayshul Tuten,RB,8.3
2025,18,00-0038542,Bijan Robinson,RB,7.3
2025,18,00-0039738,Blake Corum,RB,7.9
2025,18,00-0040078,Brashard Smith,RB,7.8
2025,18,00-0037746,Brian Robinson,RB,0.9
2025,18,00-0039603,British Brooks,RB,6.3
2025,18,00-0039361,Bucky Irving,RB,10.8
2025,18,00-0036414,Cam Akers,RB,0.0
2025,18,00-0038597,Chase Brown,RB,19.0
2025,18,00-0038685,Chris Brooks,RB,6.1
2025,18,00-0038611,Chris Rodriguez Jr.,RB,15.3
2025,18,00-0033280,Christian McCaffrey,RB,11.7
2025,18,00-0036555,Chuba Hubbard,RB,3.7
2025,18,00-0040556,Corey Kiner,RB,4.8
2025,18,00-0036275,D'Andre Swift,RB,5.8
2025,18,00-0035628,D'Ernest Johnson,RB,1.3
2025,18,00-0040179,DJ Giddens,RB,3.0
2025,18,00-0037258,Dameon Pierce,RB,1.0
2025,18,00-0033854,Dare Ogunbowale,RB,1.9
2025,18,00-0035685,David Montgomery,RB,6.5
2025,18,00-0036425,DeeJay Dallas,RB,0.0
2025,18,00-0032764,Derrick Henry,RB,14.6
2025,18,00-0035250,Devin Singletary,RB,10.6
2025,18,00-0039407,Dylan Laube,RB,-2.0
2025,18,00-0040162,Dylan Sampson,RB,6.4
2025,18,00-0038797,Emanuel Wilson,RB,5.8
2025,18,00-0038705,Emari Demercado,RB,6.7
2025,18,00-0038397,Evan Hull,RB,1.1
2025,18,00-0037617,Hassan Haskins,RB,0.3
2025,18,00-0038738,Hunter Luepke,RB,2.6
2025,18,00-0040242,Jacory Croskey-Merritt,RB,2.9
2025,18,00-0039139,Jahmyr Gibbs,RB,20.3
2025,18,00-0038794,Jaleel McLaughlin,RB,6.8
2025,18,00-0037248,James Cook,RB,1.5
2025,18,00-0036755,Jaret Patterson,RB,6.7
2025,18,00-0039405,Jawhar Jordan,RB,0.3
2025,18,00-0040586,Jaydon Blue,RB,12.4
2025,18,00-0037228,Jaylen Warren,RB,14.9
2025,18,00-0039874,Jaylen Wright,RB,4.0
2025,18,00-0033955,Jeremy McNichols,RB,2.1
2025,18,00-0036223,Jonathan Taylor,RB,5.9
2025,18,00-0037525,Jordan Mason,RB,9.4
2025,18,00-0037594,Julius Chestnut,RB,0.0
2025,18,00-0033923,Kareem Hunt,RB,6.5
2025,18,00-0038454,Keaton Mitchell,RB,0.2
2025,18,00-0036842,Kene Nwangwu,RB,1.8
2025,18,00-0038134,Kenneth Walker III,RB,17.3
2025,18,00-0036919,Kenny Gainwell,RB,21.4
2025,18,00-0036906,Khalil Herbert,RB,5.6
2025,18,00-0039391,Kimani Vidal,RB,2.0
2025,18,00-0040236,Kyle Monangai,RB,5.9
2025,18,00-0037840,Kyren Williams,RB,11.1
2025,18,00-0036924,Michael Carter,RB,6.9
2025,18,00-0034367,Nyheim Hines,RB,0.0
2025,18,00-0040198,Ollie Gordon II,RB,2.1
2025,18,00-0033376,Patrick Ricard,RB,1.8
2025,18,00-0040021,Phil Mafah,RB,10.9
2025,18,00-0040730,RJ Harvey,RB,4.3
2025,18,00-0037256,Rachaad White,RB,6.1
2025,18,00-0040466,Raheim Sanders,RB,4.3
2025,18,00-0039796,Rasheen Ali,RB,0.0
2025,18,00-0039875,Ray Davis,RB,27.4
2025,18,00-0036187,Reggie Gilliam,RB,3.6
2025,18,00-0036875,Rhamondre Stevenson,RB,37.3
2025,18,00-0036139,Rico Dowdle,RB,3.0
2025,18,00-0037557,Ronnie Rivers,RB,0.0
2025,18,00-0033526,Samaje Perine,RB,8.2
2025,18,00-0038951,Sean Tucker,RB,-0.4
2025,18,00-0039364,Sione Vaki,RB,0.0
2025,18,00-0038555,Tank Bigsby,RB,17.6
2025,18,00-0035261,Tony Pollard,RB,9.5
2025,18,00-0036973,Travis Etienne,RB,4.8
2025,18,00-0035594,Travis Homer,RB,0.0
2025,18,00-0035291,Trayveon Williams,RB,3.0
2025,18,00-0040734,TreVeyon Henderson,RB,17.3
2025,18,00-0040644,Trevor Etienne,RB,0.0
2025,18,00-0037276,Ty Chandler,RB,6.4
2025,18,00-0035537,Ty Johnson,RB,19.6
2025,18,00-0039032,Tyjae Spears,RB,9.7
2025,18,00-0037263,Tyler Allgeier,RB,2.9
2025,18,00-0037085,Tyler Badie,RB,4.6
2025,18,00-0037120,Tyler Goodson,RB,0.3
2025,18,00-0039384,Tyrone Tracy Jr.,RB,29.9
2025,18,00-0039746,Will Shipley,RB,3.3
2025,18,00-0040583,Woody Marks,RB,6.8
2025,18,00-0039165,Zach Charbonnet,RB,18.7
2025,18,00-0038040,Zamir White,RB,2.0
2025,18,00-0038440,Zavier Scott,RB,2.7
2025,18,00-0039793,AJ Barner,TE,4.4
2025,18,00-0033455,Anthony Firkser,TE,3.2
2025,18,00-0032392,Austin Hooper,TE,2.0
2025,18,00-0038809,Ben Sims,TE,3.3
2025,18,00-0039912,Ben Sinnott,TE,3.3
2025,18,00-0040509,Ben Yurosek,TE,2.4
2025,18,00-0038710,Blake Whiteheart,TE,0.0
2025,18,00-0039458,Brenden Bates,TE,2.1
2025,18,00-0038935,Brenton Strange,TE,20.2
2025,18,00-0039530,Brevyn Spann-Ford,TE,6.0
2025,18,00-0038129,Cade Otton,TE,25.9
2025,18,00-0039359,Cade Stover,TE,2.4
2025,18,00-0038564,Cameron Latu,TE,0.0
2025,18,00-0037809,Chig Okonkwo,TE,3.2
2025,18,00-0031484,Chris Manhertz,TE,0.0
2025,18,00-0036244,Colby Parkinson,TE,21.6
2025,18,00-0036290,Cole Kmet,TE,6.6
2025,18,00-0040126,Colston Loveland,TE,30.1
2025,18,00-0038933,Dalton Kincaid,TE,9.3
2025,18,00-0034383,Dalton Schultz,TE,13.3
2025,18,00-0038115,Daniel Bellinger,TE,12.8
2025,18,00-0039648,David Martin-Robinson,TE,2.9
2025,18,00-0039074,Davis Allen,TE,0.0
2025,18,00-0035689,Dawson Knox,TE,11.4
2025,18,00-0040628,Drake Dabney,TE,1.8
2025,18,00-0035631,Drew Sample,TE,6.2
2025,18,00-0034798,Durham Smythe,TE,0.0
2025,18,00-0039041,Elijah Higgins,TE,7.3
2025,18,00-0033576,Eric Saubert,TE,4.0
2025,18,00-0033881,Evan Engram,TE,9.0
2025,18,00-0036825,Feleipe Franks,TE,0.0
2025,18,00-0033288,George Kittle,TE,10.4
2025,18,00-0037086,Grant Calcaterra,TE,11.1
2025,18,00-0037252,Greg Dulcich,TE,7.6
2025,18,00-0033090,Hunter Henry,TE,13.1
2025,18,00-0037838,Isaiah Likely,TE,6.2
2025,18,00-0039305,Jack Westover,TE,1.5
2025,18,00-0040194,Jackson Hawes,TE,1.5
2025,18,00-0038041,Jake Ferguson,TE,2.0
2025,18,00-0039824,Jared Wiley,TE,0.0
2025,18,00-0036628,John Bates,TE,10.3
2025,18,00-0033246,Johnny Mundt,TE,3.1
2025,18,00-0033858,Jonnu Smith,TE,1.9
2025,18,00-0035249,Josh Oliver,TE,5.9
2025,18,00-0038589,Josh Whyle,TE,1.9
2025,18,00-0036332,Josiah Deguara,TE,10.5
2025,18,00-0038720,Julian Hill,TE,2.3
2025,18,00-0036040,Juwan Johnson,TE,8.6
2025,18,00-0040363,Keleki Latu,TE,7.6
2025,18,00-0036970,Kyle Pitts,TE,14.8
2025,18,00-0036876,Kylen Granson,TE,9.0
2025,18,00-0038547,Luke Schoonmaker,TE,2.7
2025,18,00-0034753,Mark Andrews,TE,4.4
2025,18,00-0039066,Michael Mayer,TE,9.2
2025,18,00-0034829,Mike Gesicki,TE,4.3
2025,18,00-0040187,Mitchell Evans,TE,2.0
2025,18,00-0033217,Mo Alie-Cox,TE,6.7
2025,18,00-0037031,Nikola Kalinic,TE,0.0
2025,18,00-0035644,Noah Fant,TE,0.0
2025,18,00-0036637,Noah Gray,TE,7.5
2025,18,00-0040189,Oronde Gadsden II,TE,5.3
2025,18,00-0036894,Pat Freiermuth,TE,9.6
2025,18,00-0039050,Payne Durham,TE,0.0
2025,18,00-0033439,Pharaoh Brown,TE,0.0
2025,18,00-0036590,Quintin Morris,TE,8.0
2025,18,00-0037015,Sal Cannella,TE,0.0
2025,18,00-0033357,Taysom Hill,TE,7.7
2025,18,00-0037005,Tommy Tremble,TE,14.3
2025,18,00-0030506,Travis Kelce,TE,5.7
2025,18,00-0037744,Trey McBride,TE,17.0
2025,18,00-0034270,Tyler Conklin,TE,2.1
2025,18,00-0033110,Tyler Higbee,TE,22.6
2025,18,00-0040128,Tyler Warren,TE,10.1
2025,18,00-0034159,Will Dissly,TE,2.1
2025,18,00-0030035,Adam Thielen,WR,7.3
2025,18,00-0039890,Adonai Mitchell,WR,0.0
2025,18,00-0037664,Alec Pierce,WR,31.2
2025,18,00-0035602,Alex Bachman,WR,0.0
2025,18,00-0036963,Amon-Ra St. Brown,WR,26.9
2025,18,00-0038619,Andrei Iosivas,WR,3.0
2025,18,00-0040582,Arian Smith,WR,0.2
2025,18,00-0035021,Ashton Dulin,WR,0.0
2025,18,00-0036862,Ben Skowronek,WR,0.0
2025,18,00-0037091,Bo Melton,WR,0.0
2025,18,00-0039893,Brian Thomas Jr.,WR,7.9
2025,18,00-0037132,Britain Covey,WR,4.0
2025,18,00-0038840,Brycen Tremayne,WR,4.7
2025,18,00-0037837,Calvin Austin III,WR,14.5
2025,18,00-0038979,Cedric Tillman,WR,3.3
2025,18,00-0034418,Cedrick Wilson Jr.,WR,0.0
2025,18,00-0036358,CeeDee Lamb,WR,1.4
2025,18,00-0040705,Chimere Dike,WR,5.7
2025,18,00-0033921,Chris Godwin Jr.,WR,1.8
2025,18,00-0034775,Christian Kirk,WR,0.7
2025,18,00-0033908,Cooper Kupp,WR,4.9
2025,18,00-0034348,Courtland Sutton,WR,1.5
2025,18,00-0034827,DJ Moore,WR,2.1
2025,18,00-0040431,Dalen Cambre,WR,0.0
2025,18,00-0034860,Dante Pettis,WR,11.0
2025,18,00-0040024,Darius Cooper,WR,6.3
2025,18,00-0035535,Darius Slayton,WR,9.4
2025,18,00-0036309,Darnell Mooney,WR,5.0
2025,18,00-0035359,David Sills,WR,2.1
2025,18,00-0030564,DeAndre Hopkins,WR,0.0
2025,18,00-0038621,DeMario Douglas,WR,4.9
2025,18,00-0036912,DeVonta Smith,WR,8.2
2025,18,00-0035719,Deebo Samuel Sr.,WR,4.1
2025,18,00-0032775,Demarcus Robinson,WR,5.4
2025,18,00-0038573,Derius Davis,WR,1.7
2025,18,00-0037487,Deven Thompkins,WR,0.0
2025,18,00-0036331,Devin Duvernay,WR,0.0
2025,18,00-0039792,Devontez Walker,WR,12.6
2025,18,00-0040581,Dont'e Thornton Jr.,WR,0.0
2025,18,00-0037238,Drake London,WR,17.8
2025,18,00-0036626,Dyami Brown,WR,1.8
2025,18,00-0038953,Dylan Drummond,WR,0.0
2025,18,00-0040563,Efton Chism III,WR,4.5
2025,18,00-0040170,Elic Ayomanor,WR,8.0
2025,18,00-0040129,Emeka Egbuka,WR,1.8
2025,18,00-0036196,Gabe Davis,WR,15.1
2025,18,00-0040259,Gage Larvadain,WR,0.0
2025,18,00-0037247,George Pickens,WR,1.9
2025,18,00-0035645,Gunner Olszewski,WR,20.2
2025,18,00-0040669,Isaac TeSlaa,WR,2.8
2025,18,00-0040782,Isaiah Bond,WR,2.7
2025,18,00-0036165,Isaiah Hodgins,WR,0.0
2025,18,00-0039451,Isaiah Williams,WR,7.4
2025,18,00-0036900,Ja'Marr Chase,WR,23.6
2025,18,00-0040729,Jack Bech,WR,0.0
2025,18,00-0037741,Jahan Dotson,WR,7.0
2025,18,00-0040277,Jahdae Walker,WR,11.6
2025,18,00-0034960,Jakobi Meyers,WR,9.4
2025,18,00-0040388,Jakobie Keeney-James,WR,3.5
2025,18,00-0038640,Jalen Brooks,WR,0.0
2025,18,00-0039491,Jalen Coker,WR,16.7
2025,18,00-0039855,Jalen McMillan,WR,2.1
2025,18,00-0037291,Jalen Nailor,WR,7.9
2025,18,00-0040646,Jalen Royals,WR,2.4
2025,18,00-0037666,Jalen Tolbert,WR,0.0
2025,18,00-0036133,James Proche,WR,1.5
2025,18,00-0037240,Jameson Williams,WR,13.4
2025,18,00-0036259,Jauan Jennings,WR,7.5
2025,18,00-0038543,Jaxon Smith-Njigba,WR,14.4
2025,18,00-0040130,Jayden Higgins,WR,10.3
2025,18,00-0040138,Jaylin Noel,WR,2.3
2025,18,00-0036407,Jerry Jeudy,WR,4.2
2025,18,00-0039710,Jeshaun Jones,WR,0.0
2025,18,00-0040218,Jimmy Horn Jr.,WR,2.5
2025,18,00-0037614,John Metchie III,WR,5.0
2025,18,00-0039062,Jonathan Mingo,WR,0.0
2025,18,00-0038994,Jordan Addison,WR,1.8
2025,18,00-0039751,Jordan Whittington,WR,0.0
2025,18,00-0038997,Josh Downs,WR,9.6
2025,18,00-0036988,Josh Palmer,WR,1.1
2025,18,00-0033857,JuJu Smith-Schuster,WR,3.3
2025,18,00-0036322,Justin Jefferson,WR,20.4
2025,18,00-0034386,Justin Watson,WR,0.0
2025,18,00-0037801,KaVontae Turpin,WR,0.7
2025,18,00-0032464,Kalif Raymond,WR,8.2
2025,18,00-0039589,Kameron Johnson,WR,0.0
2025,18,00-0038608,Kayshon Boutte,WR,4.4
2025,18,00-0040534,Ke'Shawn Williams,WR,0.9
2025,18,00-0040184,KeAndre Lambert-Smith,WR,4.4
2025,18,00-0030279,Keenan Allen,WR,10.6
2025,18,00-0033307,Kendrick Bourne,WR,0.0
2025,18,00-0039901,Keon Coleman,WR,8.9
2025,18,00-0037231,Kevin Austin Jr.,WR,7.7
2025,18,00-0040590,Konata Mumpfield,WR,0.0
2025,18,00-0040131,Kyle Williams,WR,0.5
2025,18,00-0040075,LaJohntay Wester,WR,0.0
2025,18,00-0040735,Luther Burden III,WR,7.5
2025,18,00-0039920,Malachi Corley,WR,5.8
2025,18,00-0039880,Malik Washington,WR,11.8
2025,18,00-0034272,Marquez Valdes-Scantling,WR,8.4
2025,18,00-0035662,Marquise Brown,WR,9.4
2025,18,00-0038976,Marvin Mims Jr.,WR,3.0
2025,18,00-0036176,Mason Kinsey,WR,0.0
2025,18,00-0040667,Matthew Golden,WR,1.8
2025,18,00-0036252,Michael Pittman,WR,3.1
2025,18,00-0038559,Michael Wilson,WR,20.9
2025,18,00-0031408,Mike Evans,WR,5.4
2025,18,00-0036182,Nick Westbrook-Ikhine,WR,0.0
2025,18,00-0038606,Parker Washington,WR,19.7
2025,18,00-0040134,Pat Bryant,WR,7.1
2025,18,00-0039075,Puka Nacua,WR,26.0
2025,18,00-0040406,Quentin Skinner,WR,4.0
2025,18,00-0037545,Rashid Shaheed,WR,1.2
2025,18,00-0034054,River Cracraft,WR,0.0
2025,18,00-0038647,Ronnie Bell,WR,10.3
2025,18,00-0039410,Ryan Flournoy,WR,11.8
2025,18,00-0037098,Samori Toure,WR,1.3
2025,18,00-0035298,Scott Miller,WR,2.9
2025,18,00-0038891,Shedrick Jackson,WR,2.4
2025,18,00-0038090,Skyy Moore,WR,0.0
2025,18,00-0031588,Stefon Diggs,WR,7.3
2025,18,00-0034928,Steven Sims,WR,0.0
2025,18,00-0039884,Tahj Washington,WR,4.6
2025,18,00-0040154,Tai Felton,WR,0.0
2025,18,00-0036410,Tee Higgins,WR,18.7
2025,18,00-0035659,Terry McLaurin,WR,9.7
2025,18,00-0040124,Tetairoa McMillan,WR,10.5
2025,18,00-0040237,Tez Johnson,WR,3.2
2025,18,00-0040311,Theo Wease Jr.,WR,7.4
2025,18,00-0033375,Tim Patrick,WR,1.4
2025,18,00-0035544,Tom Kennedy,WR,0.0
2025,18,00-0040727,Tre Harris,WR,4.8
2025,18,00-0038563,Tre Tucker,WR,5.4
2025,18,00-0037742,Treylon Burks,WR,3.2
2025,18,00-0039868,Troy Franklin,WR,0.0
2025,18,00-0036849,Tutu Atwell,WR,2.9
2025,18,00-0032211,Tyler Lockett,WR,1.5
2025,18,00-0038618,Xavier Hutchinson,WR,13.4
2025,18,00-0039342,Xavier Legette,WR,5.2
2025,18,00-0038359,Xavier Smith,WR,1.6
2025,18,00-0039064,Zay Flowers,WR,31.8
2026,1,00-0026498,Matthew Stafford,QB,5.1
2026,1,00-0031381,Davante Adams,WR,5.6
2026,1,00-0031408,Mike Evans,WR,16.9
2026,1,00-0032775,Demarcus Robinson,WR,13.0
2026,1,00-0033090,Hunter Henry,TE,7.1
2026,1,00-0033110,Tyler Higbee,TE,2.2
2026,1,00-0033280,Christian McCaffrey,RB,13.8
2026,1,00-0033288,George Kittle,TE,4.2
2026,1,00-0033555,Mack Hollins,WR,9.1
2026,1,00-0033576,Eric Saubert,TE,0.0
2026,1,00-0033908,Cooper Kupp,WR,5.5
2026,1,00-0034854,KhaDarel Hodge,WR,0.0
2026,1,00-0034869,Sam Darnold,QB,0.52
2026,1,00-0035676,A.J. Brown,WR,5.6
2026,1,00-0035704,Drew Lock,QB,12.78
2026,1,00-0035719,Deebo Samuel Sr.,WR,18.0
2026,1,00-0036244,Colby Parkinson,TE,2.1
2026,1,00-0036875,Rhamondre Stevenson,RB,14.5
2026,1,00-0036887,Luke Farrell,TE,4.9
2026,1,00-0037545,Rashid Shaheed,WR,1.4
2026,1,00-0037557,Ronnie Rivers,RB,3.4
2026,1,00-0037816,Romeo Doubs,WR,0.0
2026,1,00-0037834,Brock Purdy,QB,22.1
2026,1,00-0037840,Kyren Williams,RB,15.5
2026,1,00-0038359,Xavier Smith,WR,0.0
2026,1,00-0038488,Brady Russell,RB,4.0
2026,1,00-0038543,Jaxon Smith-Njigba,WR,28.2
2026,1,00-0038621,DeMario Douglas,WR,7.0
2026,1,00-0038797,Emanuel Wilson,RB,0.3
2026,1,00-0039074,Davis Allen,TE,2.8
2026,1,00-0039075,Puka Nacua,WR,12.4
2026,1,00-0039107,Stetson Bennett,QB,1.42
2026,1,00-0039299,George Holani,RB,2.9
2026,1,00-0039365,Jacob Cowing,WR,0.0
2026,1,00-0039738,Blake Corum,RB,5.4
2026,1,00-0039751,Jordan Whittington,WR,1.8
2026,1,00-0039793,AJ Barner,TE,4.3
2026,1,00-0039851,Drake Maye,QB,12.82
2026,1,00-0040131,Kyle Williams,WR,0.0
2026,1,00-0040556,Corey Kiner,RB,1.1
2026,1,00-0040568,Lan Larison,RB,2.9
2026,1,00-0040590,Konata Mumpfield,WR,0.0
2026,1,00-0040621,Montorie Foster Jr,WR,0.0
2026,1,00-0040737,Terrance Ferguson,TE,0.0
2026,1,00-0041052,Kaelon Black,RB,8.0
2026,1,00-0041395,Eli Raridon,TE,7.7
2026,1,00-0041512,Jadarian Price,RB,7.8
